date,price,trend,minus1sd,plus1sd,minus2sd,plus2sd,dev_sigma,trend_full,dev_pct_full,dev_sigma_full,trend_10y,dev_pct_10y,dev_sigma_10y,trend_5y,dev_pct_5y,dev_sigma_5y
2012-05-18,37.89719772338867,39.14192230321291,28.142815834251152,54.439828999844764,20.234521875170294,75.71664361740012,-0.09795911302852171,39.14192230321291,-0.03180029254010519,-0.09795911302852171,,,,,,
2012-05-21,33.733760833740234,39.20729457208342,28.189818117614706,54.53075082813602,20.268316245161706,75.84310058459214,-0.4557829039944741,39.20729457208342,-0.13960498417660472,-0.4557829039944741,,,,,,
2012-05-22,30.73013687133789,39.22910958170213,28.205502983405562,54.561091836532924,20.279593572982183,75.88529982294367,-0.7401448316978937,39.22910958170213,-0.2166496461680708,-0.7401448316978937,,,,,,
2012-05-23,31.721437454223636,39.25093672923166,28.22119657628411,54.591449726721784,20.290877175528255,75.92752254102774,-0.6455936041923035,39.25093672923166,-0.1918297982784325,-0.6455936041923035,,,,,,
2012-05-24,32.74246597290039,39.27277602142556,28.236898901106127,54.62182450809563,20.302167056291196,75.96976875190853,-0.5512506394622912,39.27277602142556,-0.16628083650013703,-0.5512506394622912,,,,,,
2012-05-25,31.63221740722656,39.294627465041124,28.252609962730077,54.652216190052805,20.313463218764216,76.01203846865748,-0.6575034073601908,39.294627465041124,-0.19499892357120596,-0.6575034073601908,,,,,,
2012-05-29,28.588945388793945,39.3821548889981,28.315541674509223,54.773952111863274,20.358710755689334,76.18135265601809,-0.9708722904134461,39.3821548889981,-0.274063456675383,-0.9708722904134461,,,,,,
2012-05-30,27.944602966308597,39.404067191213436,28.331296493114543,54.80442843789435,20.370038379178972,76.223740098434,-1.0416578056126184,39.404067191213436,-0.2908193250533321,-1.0416578056126184,,,,,,
2012-05-31,29.342329025268555,39.42599168547336,28.34706007772943,54.83492172100836,20.381372305378815,76.26615112529954,-0.8953997544470463,39.42599168547336,-0.2557618015203956,-0.8953997544470463,,,,,,
2012-06-01,27.478694915771484,39.44792837856155,28.362832433231315,54.86543197064025,20.392712537795692,76.30858574973715,-1.0959939631721165,39.44792837856155,-0.3034185559233292,-1.0959939631721165,,,,,,
2012-06-04,26.665830612182617,39.513811718689084,28.410202173873877,54.95706461307148,20.42677110744623,76.43603133981617,-1.1920731789453431,39.513811718689084,-0.32515165071836594,-1.1920731789453431,,,,,,
2012-06-05,25.64480209350586,39.5357972750026,28.426009661752268,54.98764282322945,20.438136599838696,76.47856048591241,-1.312103798348344,39.5357972750026,-0.35135234746561284,-1.312103798348344,,,,,,
2012-06-06,26.57661437988281,39.55779506411942,28.441825944945506,55.01823804715886,20.449508416011685,76.52111329530246,-1.2056039174042217,39.55779506411942,-0.3281573369596398,-1.2056039174042217,,,,,,
2012-06-07,26.080968856811523,39.579805092845895,28.45765102834732,55.0488502943262,20.460886559483768,76.56368978115263,-1.2643548008379448,39.579805092845895,-0.341053630869807,-1.2643548008379448,,,,,,
2012-06-08,26.864089965820312,39.601827367992165,28.47348491685417,55.07947957420325,20.472271033775456,76.60628995663654,-1.1763640650689993,39.601827367992165,-0.32164519287983717,-1.1763640650689993,,,,,,
2012-06-11,26.77487564086914,39.66796774010801,28.521039462010275,55.17146970488921,20.506462476802774,76.73423275273694,-1.1915055899297247,39.66796774010801,-0.3250252743904184,-1.1915055899297247,,,,,,
2012-06-12,27.16147994995117,39.69003906911069,28.53690861995627,55.20216721042809,20.517872309617296,76.77692781863873,-1.1497369009441212,39.69003906911069,-0.3156600349358195,-1.1497369009441212,,,,,,
2012-06-13,27.032611846923828,39.712122678640746,28.55278660753045,55.23288179611457,20.529288490883438,76.8196466401524,-1.165838820955463,39.712122678640746,-0.3192856482218872,-1.165838820955463,,,,,,
2012-06-14,28.043731689453125,39.734218575531074,28.568673429645624,55.26361347145204,20.540711024133476,76.86238923049557,-1.0562156251832544,39.734218575531074,-0.294217108204995,-1.0562156251832544,,,,,,
2012-06-15,29.748760223388672,39.756326766618415,28.58456909121737,55.294362245949294,20.552139912901684,76.90515560289339,-0.8789930568715278,39.756326766618415,-0.2517226151695846,-0.8789930568715278,,,,,,
2012-06-18,31.136571884155277,39.82272517348659,28.63230916186856,55.386711259566056,20.586464747687334,77.03359754477492,-0.7458417605726806,39.82272517348659,-0.2181205141408662,-0.7458417605726806,,,,,,
2012-06-19,31.63221740722656,39.844882609805126,28.648240230476823,55.417528525895285,20.597919093910086,77.0764591777885,-0.6996558600649059,39.844882609805126,-0.20611593420926722,-0.6996558600649059,,,,,,
2012-06-20,31.32491683959961,39.86705237456131,28.664180163160474,55.44836293900725,20.609379813351797,77.11934465909219,-0.7309334566028755,39.86705237456131,-0.21426554074542858,-0.7309334566028755,,,,,,
2012-06-21,31.562828063964844,39.8892344746147,28.6801289648515,55.47921450844243,20.620846909558537,77.16225400195528,-0.709684695473926,39.8892344746147,-0.20873818513485742,-0.709684695473926,,,,,,
2012-06-22,32.76229476928711,39.91142891682869,28.69608664048464,55.51008324374666,20.632320386078348,77.20518721965433,-0.5983123471478814,39.91142891682869,-0.17912498603945348,-0.5983123471478814,,,,,,
2012-06-25,31.780914306640625,39.97808636512532,28.744012960425223,55.60279254041134,20.66677913302626,77.33413025464439,-0.6955567371263037,39.97808636512532,-0.20504163164836864,-0.6955567371263037,,,,,,
2012-06-26,32.81186294555664,40.00033024469191,28.760006181229055,55.633730034756084,20.67827816631829,77.37715910460133,-0.6004741031951032,40.00033024469191,-0.17971019876990102,-0.6004741031951032,,,,,,
2012-06-27,31.949434280395508,40.02258650079332,28.776008300689867,55.66468474277864,20.689783597693243,77.42021189588823,-0.6828982809211024,40.02258650079332,-0.20171490466359,-0.6828982809211024,,,,,,
2012-06-28,31.08700561523437,40.04485514031588,28.792019323758897,55.69565667405673,20.701295430711024,77.46328864182607,-0.7675319555373024,40.04485514031588,-0.22369539092334068,-0.7675319555373024,,,,,,
2012-06-29,30.82927131652832,40.06713617014975,28.80803925539012,55.72664583817341,20.71281366893352,77.50638935574327,-0.7944537322931051,40.06713617014975,-0.23055964904483728,-0.7944537322931051,,,,,,
2012-07-02,30.50214195251465,40.134053670478316,28.85615255123815,55.819716823465455,20.747406850477873,77.63583543876639,-0.8318479876075247,40.134053670478316,-0.23999349273429316,-0.8318479876075247,,,,,,
2012-07-03,30.92840003967285,40.156384330535715,28.872208166713147,55.85077501487367,20.75895074517773,77.67903215803351,-0.7914672009696019,40.156384330535715,-0.22980117470002692,-0.7914672009696019,,,,,,
2012-07-05,31.196046829223636,40.20108293202264,28.904346202754166,55.91294324980681,20.782057807282925,77.76549771413893,-0.768720953986669,40.20108293202264,-0.22399983896020725,-0.768720953986669,,,,,,
2012-07-06,31.453784942626957,40.22345088728241,28.92042863326404,55.94405331256726,20.79362098183783,77.80876657773061,-0.7454664873710286,40.22345088728241,-0.21802370883668243,-0.7454664873710286,,,,,,
2012-07-09,31.889955520629883,40.290629454189116,28.96872963447238,56.037487397549725,20.82834912245101,77.9387176713381,-0.7087797665927998,40.290629454189116,-0.20850192829851144,-0.7087797665927998,,,,,,
2012-07-10,31.196046829223636,40.313047233295784,28.98484788804012,56.06866675689926,20.839938053577406,77.98208291482729,-0.7771514445276125,40.313047233295784,-0.22615507955305691,-0.7771514445276125,,,,,,
2012-07-11,30.700401306152344,40.3354774856953,29.000975109833302,56.09986346450074,20.851533432806043,78.02547228681638,-0.8273842566638194,40.3354774856953,-0.238873487563398,-0.8273842566638194,,,,,,
2012-07-12,30.54179573059082,40.35792021832783,29.01711130484186,56.131077530006756,20.863135263724658,78.06888580073054,-0.8447708646159283,40.35792021832783,-0.2432267181914689,-0.8447708646159283,,,,,,
2012-07-13,30.452577590942383,40.380375438137385,29.033256478058508,56.16230896307528,20.874743549922982,78.11232347000238,-0.8553246178821786,40.380375438137385,-0.2458569971050507,-0.8553246178821786,,,,,,
2012-07-16,28.004077911376957,40.44781609012645,29.081745916925804,56.25610756431622,20.90960717612349,78.2427815444021,-1.114459913278581,40.44781609012645,-0.307649197944882,-1.114459913278581,,,,,,
2012-07-17,27.845474243164062,40.47032132816168,29.09792705295753,56.28740856432199,20.92124131937793,78.28631596958027,-1.1333623103956187,40.47032132816168,-0.31195322079670496,-1.1333623103956187,,,,,,
2012-07-18,28.85659408569336,40.49283908815206,29.11411719220261,56.318726980260784,20.932881935890723,78.32987461739133,-1.0269311889612047,40.49283908815206,-0.2873655012711467,-1.0269311889612047,,,,,,
2012-07-19,28.74755096435547,40.51536937706483,29.130316339670454,56.35006282182285,20.944529029263595,78.37345750131283,-1.0400932769009996,40.51536937706483,-0.29045319328548325,-1.0400932769009996,,,,,,
2012-07-20,28.509639739990234,40.5379122018711,29.146524500373246,56.381416098703845,20.95618260310029,78.41706463482977,-1.0669696258616677,40.5379122018711,-0.2967166242302355,-1.0669696258616677,,,,,,
2012-07-23,28.499727249145508,40.60561596142028,29.195203112055086,56.47558063829776,20.99118224346074,78.54803166791596,-1.0730820198662818,40.60561596142028,-0.29813335977409317,-1.0730820198662818,,,,,,
2012-07-24,28.20233917236328,40.628208999589326,29.211447375875405,56.50700375351887,21.0028617752302,78.59173593481498,-1.1065642099646658,40.628208999589326,-0.3058434061750457,-1.1065642099646658,,,,,,
2012-07-25,29.084590911865234,40.65081460856568,29.227700678033493,56.53844435261814,21.014547805512265,78.63546451884714,-1.0148783623660644,40.65081460856568,-0.2845262464743643,-1.0148783623660644,,,,,,
2012-07-26,26.616268157958984,40.67343279534376,29.243963023558305,56.56990244532362,21.02624033792272,78.67921743354258,-1.2853894702442858,40.67343279534376,-0.34561048014108164,-1.2853894702442858,,,,,,
2012-07-27,23.503604888916016,40.69606356692187,29.260234417481577,56.60137804136878,21.03793937607935,78.72299469243887,-1.6640627311608471,40.69606356692187,-0.4224599917319778,-1.6640627311608471,,,,,,
2012-07-30,22.94847679138184,40.764031460497954,29.309102940001658,56.69590994695836,21.07307556123451,78.85447266982231,-1.7415735964874115,40.764031460497954,-0.4370410391420714,-1.7415735964874115,,,,,,
2012-07-31,21.521011352539062,40.78671264133724,29.32541057789227,56.72745565380535,21.084800658594112,78.89834744104908,-1.937929144155179,40.78671264133724,-0.4723523922659173,-1.937929144155179,,,,,,
2012-08-01,20.69823455810547,40.809406442026564,29.3417272893821,56.75901891274069,21.096532279819094,78.94224662427793,-2.0577755595075633,40.809406442026564,-0.4928072627689605,-2.0577755595075633,,,,,,
2012-08-02,19.865550994873047,40.83211286958764,29.358053079519717,56.7905997335304,21.108270428539342,78.98617023309173,-2.1839267666889506,40.83211286958764,-0.5134821688429158,-2.1839267666889506,,,,,,
2012-08-03,20.906408309936523,40.854831931046085,29.374387953356496,56.822198125945924,21.120015108386774,79.03011828108092,-2.0308135315382394,40.854831931046085,-0.4882757480137989,-2.0308135315382394,,,,,,
2012-08-06,21.729183197021484,40.92306498912041,29.423447127617745,56.91709883074339,21.155288371041568,79.1621091961187,-1.9188659284714131,40.92306498912041,-0.4690235640268321,-1.9188659284714131,,,,,,
2012-08-07,20.539627075195312,40.94583465650266,29.43981838682116,56.948767607485415,21.16705921175724,79.20615513686516,-2.0912092609789736,40.94583465650266,-0.49837078062998075,-2.0912092609789736,,,,,,
2012-08-08,20.539627075195312,40.96861699296905,29.45619875502282,56.9804540047921,21.178836601789992,79.25022558485273,-2.092895359087162,40.96861699296905,-0.4986497328254873,-2.092895359087162,,,,,,
2012-08-09,20.82710266113281,40.991412005568655,29.472588237290978,57.01215803246756,21.19062054478386,79.29432055371727,-2.0524504475234298,40.991412005568655,-0.49191546126043517,-2.0524504475234298,,,,,,
2012-08-10,21.62013816833496,41.0142197013545,29.488986838696714,57.04387970032137,21.202411044384927,79.33844005710225,-1.940860311674897,41.0142197013545,-0.4728623797852979,-1.940860311674897,,,,,,
2012-08-13,21.41197204589844,41.08271895841861,29.53823740849257,57.139150643130435,21.237821919322535,79.4709459109283,-1.9752454881087578,41.08271895841861,-0.4788083021581333,-1.9752454881087578,,,,,,
2012-08-14,20.202587127685547,41.10557745755818,29.55467253721591,57.170942969902526,21.24963868185377,79.5151636889815,-2.1531643516582486,41.10557745755818,-0.50851956407753,-2.1531643516582486,,,,,,
2012-08-15,21.01545143127441,41.12844867520802,29.571116810474603,57.202752985982734,21.261462019253056,79.5594060698864,-2.035277721291746,41.12844867520802,-0.48902883264006025,-2.035277721291746,,,,,,
2012-08-16,19.697031021118164,41.15133261844473,29.58757023335668,57.234580701213424,21.273291935178655,79.60367306733207,-2.2333556029965917,41.15133261844473,-0.5213513204116841,-2.2333556029965917,,,,,,
2012-08-17,18.884164810180664,41.17422929434885,29.604032810953008,57.26642612544244,21.285128433290872,79.64796469501519,-2.3627893032693073,41.17422929434885,-0.5413596044462571,-2.3627893032693073,,,,,,
2012-08-20,19.835811614990234,41.242995788930166,29.65347552297868,57.36206875068005,21.32067745738084,79.78098749657045,-2.218817743559245,41.242995788930166,-0.5190501748101851,-2.218817743559245,,,,,,
2012-08-21,18.993209838867188,41.265943466388144,29.669974770397367,57.393985109490394,21.33254032088332,79.82537778232272,-2.352080606916416,41.265943466388144,-0.5397364450339661,-2.352080606916416,,,,,,
2012-08-22,19.27077293395996,41.28890391197537,29.68648319802716,57.42591922662051,21.344409784904517,79.86979276691027,-2.3097898403067245,41.28890391197537,-0.5332699319157587,-2.3097898403067245,,,,,,
2012-08-23,19.27077293395996,41.31187713279605,29.70300081097595,57.457871111951164,21.35628585311696,79.9142324640756,-2.3114759384149135,41.31187713279605,-0.5335294769585386,-2.3114759384149135,,,,,,
2012-08-24,19.24103355407715,41.334863135958344,29.719527614354458,57.489840775368606,21.36816852919524,79.95869688756879,-2.3178435168299085,41.334863135958344,-0.5345083521677652,-2.3178435168299085,,,,,,
2012-08-27,18.98329734802246,41.403897910635905,29.769163218218253,57.58585653308676,21.403856241401595,80.09223865363168,-2.3637795832234327,41.403897910635905,-0.5415094156353333,-2.3637795832234327,,,,,,
2012-08-28,19.1716423034668,41.426935114325445,29.785726834479828,57.61789740782403,21.415765385729962,80.13680212009074,-2.3355394625908903,41.426935114325445,-0.5372179416469252,-2.3355394625908903,,,,,,
2012-08-29,18.93373107910156,41.44998513595679,29.80229966676745,57.64995611016196,21.427681156327775,80.18139038174313,-2.3750767430871442,41.44998513595679,-0.5432150091972641,-2.3750767430871442,,,,,,
2012-08-30,18.92381858825684,41.47304798266185,29.818881720208935,57.68203265001985,21.439603556881902,80.22600345238497,-2.378350201095769,41.47304798266185,-0.5437080342836607,-2.378350201095769,,,,,,
2012-08-31,17.902788162231445,41.49612366157655,29.83547299993495,57.71412703732254,21.451532591081264,80.27064134582001,-2.5481617235399754,41.49612366157655,-0.568567215862416,-2.5481617235399754,,,,,,
2012-09-04,17.57565689086914,41.58855484218845,29.901930484397578,57.8426832596712,21.499315138181302,80.44944142383642,-2.610806512563719,41.58855484218845,-0.5773919782122373,-2.610806512563719,,,,,,
2012-09-05,18.418258666992188,41.611694789328716,29.918567972606205,57.87486703326369,21.511277396012506,80.49420363856294,-2.470548386781182,41.611694789328716,-0.55737782947222,-2.470548386781182,,,,,,
2012-09-06,18.79494857788086,41.63484761157743,29.935214717943367,57.90706871396602,21.523246309665605,80.53899075906669,-2.4108657998811704,41.63484761157743,-0.5485765012706678,-2.4108657998811704,,,,,,
2012-09-07,18.814775466918945,41.65801331609831,29.951870725559747,57.93928831174174,21.53522188284391,80.5838027992053,-2.409355951007389,41.65801331609831,-0.5483515902653915,-2.409355951007389,,,,,,
2012-09-10,18.646255493164062,41.72758779499118,30.00189437363401,58.036054707227905,21.571188596594087,80.71838857612218,-2.441686414603016,41.72758779499118,-0.5531432206248383,-2.441686414603016,,,,,,
2012-09-11,19.260860443115234,41.750805100317876,30.018587481931426,58.068346073043585,21.58319084494756,80.7633004335307,-2.3450713926294466,41.750805100317876,-0.5386709215107186,-2.3450713926294466,,,,,,
2012-09-12,20.747800827026367,41.774035323795225,30.035289878304482,58.10065540583362,21.595199771373714,80.80823727997792,-2.1213415042216344,41.774035323795225,-0.5033326163917888,-2.1213415042216344,,,,,,
2012-09-13,20.52971649169922,41.797278472610955,30.052001567921103,58.132982715594856,21.60721537958826,80.85319912936778,-2.155057831163647,41.797278472610955,-0.5088264776580611,-2.155057831163647,,,,,,
2012-09-14,21.80848503112793,41.820534553956726,30.068722555952053,58.165328012329724,21.619237673308955,80.89818599561198,-1.9735813504109498,41.820534553956726,-0.4785220881624388,-1.9735813504109498,,,,,,
2012-09-17,21.332664489746094,41.89038046515117,30.118941362281838,58.26247192448376,21.655344704716533,81.03329683470348,-2.0455070054526296,41.89038046515117,-0.4907502807836073,-2.0455070054526296,,,,,,
2012-09-18,21.67961883544922,41.913688348613995,30.135699595735456,58.29488926924868,21.667393777680786,81.07838390763669,-1.998290233293203,41.913688348613995,-0.48275564166220364,-1.998290233293203,,,,,,
2012-09-19,23.08725929260254,41.93700920062534,30.152467153500478,58.327324651082854,21.67944955477103,81.12349606709883,-1.8092883945729992,41.93700920062534,-0.44947768730588744,-1.8092883945729992,,,,,,
2012-09-20,22.39335060119629,41.96034302840093,30.16924404076497,58.35977808002215,21.691512039717455,81.1686333270481,-1.9034772857528859,41.96034302840093,-0.4663210787852875,-1.9034772857528859,,,,,,
2012-09-21,22.661001205444336,41.9836898391605,30.186030262719882,58.39224956610801,21.703581236252322,81.21379570145044,-1.869148527422132,41.9836898391605,-0.46024274445007995,-1.869148527422132,,,,,,
2012-09-24,20.60902404785156,42.05380824160075,30.23644498867998,58.48977246774323,21.73982913274137,81.34943365115211,-2.1619177444126745,42.05380824160075,-0.5099367950352576,-2.1619177444126745,,,,,,
2012-09-25,20.103458404541016,42.077207056574004,30.253268601363867,58.52231628294156,21.751925212994195,81.39469662318183,-2.238890391519602,42.077207056574004,-0.5222245055972621,-2.238890391519602,,,,,,
2012-09-26,20.44050025939941,42.100618890690235,30.270101574736284,58.55487820557753,21.76402802352795,81.43998477961105,-2.190178549426025,42.100618890690235,-0.5144845658333197,-2.190178549426025,,,,,,
2012-09-27,20.14310836791992,42.12404375119332,30.28694391400553,58.587458245726154,21.776137568087375,81.48529813445242,-2.236290046060172,42.12404375119332,-0.5218144657028734,-2.236290046060172,,,,,,
2012-09-28,21.471445083618164,42.147481645331155,30.30379562438281,58.62005641346804,21.7882538504193,81.5306367017264,-2.0443983222773707,42.147481645331155,-0.49056398519135147,-2.0443983222773707,,,,,,
2012-10-01,21.79857635498047,42.21787360209273,30.35440703431837,58.71795978314361,21.824643161549563,81.6668038184653,-2.0036225572948454,42.21787360209273,-0.4836647491904964,-2.0036225572948454,,,,,,
2012-10-02,22.07613754272461,42.24136370332933,30.37129628129782,58.75063056217697,21.836786432481425,81.71224337583017,-1.9669560095484258,42.24136370332933,-0.47738104058925923,-1.9669560095484258,,,,,,
2012-10-03,21.63996696472168,42.26486687450075,30.388194925484843,58.78331951929089,21.8489364599512,81.75770821584695,-2.0291308311463063,42.26486687450075,-0.48799159763170785,-2.0291308311463063,,,,,,
2012-10-04,21.75892639160156,42.28838312287911,30.405102972108054,58.81602666459967,21.86109324771824,81.80319835258295,-2.0141994022898206,42.28838312287911,-0.48546326946632734,-2.0141994022898206,,,,,,
2012-10-05,20.727977752685547,42.31191245574061,30.422020426398994,58.848752008223265,21.87325679954398,81.84871380011332,-2.1630192483506363,42.31191245574061,-0.5101148459227041,-2.1630192483506363,,,,,,
2012-10-08,20.222414016723636,42.38257903404648,30.47282928763715,58.94703733026683,21.909788077019233,81.98541214833949,-2.2429263727377746,42.38257903404648,-0.5228602298959035,-2.2429263727377746,,,,,,
2012-10-09,20.05389213562012,42.40616077768334,30.489784424972555,58.97983556846177,21.92197872273608,82.03102897995541,-2.269978605642313,42.40616077768334,-0.527099558935463,-2.269978605642313,,,,,,
2012-10-10,19.469030380249023,42.42975564224501,30.506748996177038,59.01265205565578,21.934176151350247,82.07667119285894,-2.3613829907710047,42.42975564224501,-0.5411467710442159,-2.3613829907710047,,,,,,
2012-10-11,19.578075408935547,42.453363635032005,30.52372300649963,59.045486802002614,21.94638036663576,82.1223388011723,-2.346138843690188,42.453363635032005,-0.538833351881217,-2.346138843690188,,,,,,
2012-10-12,19.350078582763672,42.47698476334889,30.54070646119226,59.07833981766171,21.958591372368737,82.16803181902553,-2.3833320296363687,42.47698476334889,-0.5444573410620281,-2.3833320296363687,,,,,,
2012-10-15,19.350078582763672,42.547927034585534,30.591713544053714,59.17700858219161,21.995265170045105,82.3052634712429,-2.3883903239609348,42.547927034585534,-0.5452168899548324,-2.3883903239609348,,,,,,
2012-10-16,19.310420989990234,42.57160077814898,30.608734828804426,59.2099347768071,22.007503375371122,82.35105826871343,-2.3962951869342874,42.57160077814898,-0.5464013418094951,-2.3962951869342874,,,,,,
2012-10-17,19.706939697265625,42.595287693826165,30.625765584228763,59.24287929161684,22.019748390056716,82.39687854649212,-2.3363692091396002,42.595287693826165,-0.5373446039637388,-2.3363692091396002,,,,,,
2012-10-18,18.814775466918945,42.61898778894606,30.64280581559621,59.2758421368142,22.032000217890623,82.44272431875623,-2.478485973443122,42.61898778894606,-0.558535374887555,-2.478485973443122,,,,,,
2012-10-19,18.834604263305664,42.64270107084176,30.659855528179225,59.30882332259825,22.044258862663707,82.48859559969095,-2.4769791836998043,42.64270107084176,-0.5583158714074894,-2.4769791836998043,,,,,,
2012-10-22,19.151817321777344,42.71392011057551,30.711061605989936,59.40787702554631,22.08107573655809,82.62636263648902,-2.431410982515749,42.71392011057551,-0.5516258570461774,-2.431410982515749,,,,,,
2012-10-23,19.330251693725582,42.73768621298668,30.728149296218188,59.440931675781286,22.093361687038527,82.6723360941159,-2.4049865973764817,42.73768621298668,-0.5477000884560824,-2.4049865973764817,,,,,,
2012-10-24,23.027780532836918,42.76146553890023,30.745246494068194,59.474004717683435,22.105654473444037,82.71833513145778,-1.8761210703454911,42.76146553890023,-0.46148289721528657,-1.8761210703454911,,,,,,
2012-10-25,22.36361122131348,42.785258095673726,30.762353204830006,59.507096161485926,22.11795409957814,82.76435976274722,-1.9665189700508823,42.785258095673726,-0.4773056838571508,-1.9665189700508823,,,,,,
2012-10-26,21.749008178710938,42.809063890668845,30.77946943379663,59.54020601742761,22.130260569246467,82.81041000222477,-2.0526755670994765,42.809063890668845,-0.49195319397181214,-2.0526755670994765,,,,,,
2012-10-31,20.92623710632324,42.92829169691428,30.865193537163204,59.70603183798255,22.19189570394714,83.04104582140702,-2.1780026642385013,42.92829169691428,-0.5125304017670138,-2.1780026642385013,,,,,,
2012-11-01,21.02536392211914,42.952177076063855,30.88236698667676,59.73925238209446,22.204243314857887,83.08725000950808,-2.165363963869925,42.952177076063855,-0.5104936384275609,-2.165363963869925,,,,,,
2012-11-02,20.995624542236328,42.97607574508159,30.899549991528687,59.77249141017722,22.21659779600168,83.13347990570298,-2.171340590699745,42.97607574508159,-0.5114578476924063,-2.171340590699745,,,,,,
2012-11-05,21.06501579284668,43.047851565309394,30.95115639129556,59.87231950112419,22.253702499068055,83.27232398593068,-2.1663971734752794,43.047851565309394,-0.5106604620932542,-2.1663971734752794,,,,,,
2012-11-06,20.985713958740234,43.071803467786005,30.968377670696643,59.90563256799266,22.266084499391404,83.31865685762082,-2.1795161426675453,43.071803467786005,-0.5127737343425673,-2.1795161426675453,,,,,,
2012-11-07,20.291805267333984,43.09576869714448,30.985608532048737,59.9389641703118,22.27847338908213,83.36501550900458,-2.283125840025471,43.09576869714448,-0.5291462275581009,-2.283125840025471,,,,,,
2012-11-08,19.81598472595215,43.11974726079991,31.002848980683254,59.97231431839476,22.29086917197349,83.41139995442582,-2.3567369475129163,43.11974726079991,-0.5404429296373259,-2.3567369475129163,,,,,,
2012-11-09,19.042774200439453,43.143739166171535,31.020099021934573,60.00568302256043,22.30327185190087,83.4578102082364,-2.4790685808797708,43.143739166171535,-0.5586202177077259,-2.4790685808797708,,,,,,
2012-11-12,19.89529228210449,43.215795006837766,31.071906754777714,60.10590057482887,22.340521312285063,83.5971959636424,-2.3513740654608,43.215795006837766,-0.539629149968048,-2.3513740654608,,,,,,
2012-11-13,19.68711471557617,43.23984035334902,31.089195219899455,60.13934360662926,22.352951618753124,83.64370959468857,-2.384944752966851,43.23984035334902,-0.5446996437846154,-2.384944752966851,,,,,,
2012-11-14,22.165355682373047,43.26389907873457,31.106493304354462,60.172805246193036,22.36538884146619,83.6902491060032,-2.0272326594589747,43.26389907873457,-0.48767087215058835,-2.0272326594589747,,,,,,
2012-11-15,21.97700500488281,43.287971190438434,31.123801013494948,60.206285503873595,22.37783298427247,83.7368145119861,-2.0547865497947337,43.287971190438434,-0.49230688340189177,-2.0547865497947337,,,,,,
2012-11-16,23.354907989501957,43.3120566959088,31.141118352676106,60.23978439003008,22.390284051022316,83.78340582704512,-1.8721437212889358,43.3120566959088,-0.4607758261521663,-1.8721437212889358,,,,,,
2012-11-19,22.72047615051269,43.384393649462744,31.193128204060244,60.34039292303316,22.42767883346892,83.92333537087754,-1.9606831902425828,43.384393649462744,-0.47629840504192333,-1.9606831902425828,,,,,,
2012-11-20,22.898910522460938,43.40853280456372,31.210484117015632,60.373966426800244,22.44015763453942,83.97003046647981,-1.9386568406574394,43.40853280456372,-0.47247904863410906,-1.9386568406574394,,,,,,
2012-11-21,24.10828971862793,43.43268539073426,31.227849686832386,60.40755861092555,22.45264337883741,84.01675154331775,-1.7843377464605152,43.43268539073426,-0.4449274894761379,-1.7843377464605152,,,,,,
2012-11-23,23.79107666015625,43.48103088618044,31.26260981854533,60.47479906183176,22.477635712570887,84.11027169853267,-1.8278587579614949,43.48103088618044,-0.4528400965829502,-1.8278587579614949,,,,,,
2012-11-26,25.714189529418945,43.55365004933343,31.314822576999557,60.57580010091041,22.515176384027765,84.25074715228413,-1.5972943824263068,43.55365004933343,-0.40959737013333297,-1.5972943824263068,,,,,,
2012-11-27,25.922361373901367,43.57788337900144,31.33224620092417,60.60950458565707,22.527703868893663,84.29762442039382,-1.5745398607872616,43.57788337900144,-0.4051486817647415,-1.5745398607872616,,,,,,
2012-11-28,26.13053321838379,43.60213019213792,31.349679519384654,60.64322782364002,22.540238324074803,84.34452777110027,-1.551980828886188,43.60213019213792,-0.40070512373509004,-1.551980828886188,,,,,,
2012-11-29,27.082176208496094,43.62639049624509,31.367122537775064,60.67696982529357,22.552779753449478,84.3914572189159,-1.4452367707582434,43.62639049624509,-0.3792249163765439,-1.4452367707582434,,,,,,
2012-11-30,27.756254196166992,43.650664298829334,31.384575261492454,60.710730601057875,22.56532816089814,84.43841277836118,-1.3723995649204146,43.650664298829334,-0.36412756502055377,-1.3723995649204146,,,,,,
2012-12-03,26.804615020751957,43.72356677257129,31.436991718622174,60.81212567750387,22.603015290524997,84.57943627180093,-1.4832078099969492,43.72356677257129,-0.38695268937741245,-1.4832078099969492,,,,,,
2012-12-04,27.22095489501953,43.74789464421146,31.454483317678168,60.84596165422882,22.615591649117356,84.62649642313126,-1.4381739608324942,43.74789464421146,-0.37777680237187616,-1.4381739608324942,,,,,,
2012-12-05,27.46878242492676,43.77223605192342,31.471984649091517,60.879816457352426,22.628175005218385,84.6735827588149,-1.4123879638977874,43.77223605192342,-0.37246106430700066,-1.4123879638977874,,,,,,
2012-12-06,26.73522186279297,43.79659100323866,31.489495718277322,60.91369009734972,22.640765362721506,84.72069529342089,-1.4961236144244883,43.79659100323866,-0.3895592955895595,-1.4961236144244883,,,,,,
2012-12-07,27.250696182250977,43.82095950569287,31.507016530653697,60.947582584701586,22.653362725522317,84.76783404152636,-1.4399222066218829,43.82095950569287,-0.37813556595649656,-1.4399222066218829,,,,,,
2012-12-10,27.5976505279541,43.894146395309036,31.559637481152606,61.04937323578076,22.691196884699334,84.90940771273254,-1.406631003257157,43.894146395309036,-0.3712680893846142,-1.406631003257157,,,,,,
2012-12-11,27.73643493652344,43.918569177759835,31.577197320532704,61.083341217476224,22.703822307690185,84.9566514607694,-1.3931118378938485,43.918569177759835,-0.3684576830301419,-1.3931118378938485,,,,,,
2012-12-12,27.33991432189941,43.94300554909098,31.59476693023921,61.117328099018195,22.716454755489234,85.00392149531316,-1.4384448181336071,43.94300554909098,-0.37783239948490566,-1.4384448181336071,,,,,,
2012-12-13,27.99416732788086,43.96745551686333,31.612346315708336,61.15133389092253,22.729094232005092,85.05121783098967,-1.368447555848481,43.96745551686333,-0.363297989415286,-1.368447555848481,,,,,,
2012-12-14,26.57661437988281,43.99191908864198,31.629935482379334,61.18535860371099,22.741740741148543,85.0985404824329,-1.5276486560682507,43.99191908864198,-0.39587508500522606,-1.5276486560682507,,,,,,
2012-12-17,26.51713752746582,44.065391503729685,31.682761724041494,61.287546372686556,22.77972250348503,85.24066647782503,-1.539498202289379,44.065391503729685,-0.3982321131715937,-1.539498202289379,,,,,,
2012-12-18,27.46878242492676,44.08990956726858,31.700390069973057,61.32164687434626,22.79239718229031,85.28809453883802,-1.4343072393042395,44.08990956726858,-0.37698256370843164,-1.4343072393042395,,,,,,
2012-12-19,27.1713924407959,44.11444127270237,31.718028224348185,61.35576634958676,22.805078913309803,85.33554898890996,-1.4689895157567983,44.11444127270237,-0.3840703484641136,-1.4689895157567983,,,,,,
2012-12-20,27.121826171875,44.138986627621435,31.73567619262431,61.389904808965,22.817767700467375,85.38302984272376,-1.476210209011399,44.138986627621435,-0.385535821184834,-1.476210209011399,,,,,,
2012-12-21,26.031404495239254,44.16354563962038,31.753333980261907,61.424062263043794,22.830463547689074,85.43053711497049,-1.6022821182392188,44.16354563962038,-0.4105680574730455,-1.6022821182392188,,,,,,
2012-12-24,26.695571899414062,44.237304694105845,31.806366313993824,61.52664869919972,22.86859348903218,85.57321758934192,-1.5309721767922218,44.237304694105845,-0.3965371063176242,-1.5309721767922218,,,,,,
2012-12-26,26.27922821044922,44.286545821920086,31.841770400201245,61.595134824055854,22.89404882232412,85.66847026745896,-1.5819914977214615,44.286545821920086,-0.4066092145429404,-1.5819914977214615,,,,,,
2012-12-27,25.823230743408203,44.31118693612164,31.859487218847843,61.629406468486266,22.906787112499998,85.71613635927433,-1.6367367589409534,44.31118693612164,-0.4172299924929884,-1.6367367589409534,,,,,,
2012-12-28,25.68445205688477,44.33584176068372,31.87721389516438,61.66369718172163,22.91953249028357,85.76382897258941,-1.6547570209047375,44.33584176068372,-0.4206842356681878,-1.6547570209047375,,,,,,
2012-12-31,26.38827133178711,44.40988857283891,31.930453124997147,61.76668384038613,22.957811188727,85.90706608914003,-1.5778703246451846,44.40988857283891,-0.40580190178801356,-1.5778703246451846,,,,,,
2013-01-02,27.756254196166992,44.45932180604679,31.965995333871916,61.83543715152653,22.983365831418194,86.0026903784292,-1.4280408024906395,44.45932180604679,-0.37569326142100656,-1.4280408024906395,,,,,,
2013-01-03,27.528255462646484,44.48405905311843,31.98378127149631,61.86984250060661,22.99615381773949,86.05054243091885,-1.4547290031109499,44.48405905311843,-0.381165836737718,-1.4547290031109499,,,,,,
2013-01-04,28.509639739990234,44.508810064039096,32.001577105248565,61.90426699288515,23.008948919319508,86.09842110837707,-1.3502341080373577,44.508810064039096,-0.35946075172599135,-1.3502341080373577,,,,,,
2013-01-07,29.163894653320312,44.58314575649879,32.05502403835008,62.00765543545427,23.04737695521232,86.24221703874612,-1.2865168395298894,44.58314575649879,-0.3458538163142255,-1.2865168395298894,,,,,,
2013-01-08,28.807029724121094,44.607951899440444,32.07285951170668,62.04215660709904,23.060200557438684,86.29020236430283,-1.3255231603808584,44.607951899440444,-0.3542176114908686,-1.3255231603808584,,,,,,
2013-01-09,30.323711395263672,44.63277184456489,32.09070490875292,62.07667697525811,23.073031294740517,86.33821438898148,-1.1716766408541683,44.63277184456489,-0.3205953799852046,-1.1716766408541683,,,,,,
2013-01-10,31.027530670166016,44.657605599551715,32.10856023501035,62.111216550612475,23.085869171087793,86.38625312763752,-1.1038119683104464,44.657605599551715,-0.305212846644929,-1.1038119683104464,,,,,,
2013-01-11,31.44386863708496,44.68245317208473,32.12642549600361,62.14577534384904,23.09871419045269,86.43431859513463,-1.0650948155789115,44.68245317208473,-0.2962815063894152,-1.0650948155789115,,,,,,
2013-01-14,30.680578231811523,44.75707887186339,32.18008094269077,62.249567137810345,23.137292146408047,86.57867551943359,-1.1446424659294363,44.75707887186339,-0.3145089222724292,-1.1446424659294363,,,,,,
2013-01-15,29.83797645568848,44.781981791505046,32.197985997935156,62.284202909563874,23.15016577760943,86.62684805109755,-1.2307411071426695,44.781981791505046,-0.33370576151347064,-1.2307411071426695,,,,,,
2013-01-16,29.590150833129883,44.80689856717623,32.21590101558466,62.31885795272346,23.163046571722496,86.67504738604526,-1.257708643386961,44.80689856717623,-0.3396072529151468,-1.257708643386961,,,,,,
2013-01-17,29.87763023376465,44.831829206586455,32.23382600118237,62.35353227801169,23.175934532732697,86.72327353919006,-1.2300875989494346,44.831829206586455,-0.33356209723034935,-1.2300875989494346,,,,,,
2013-01-18,29.401805877685547,44.85677371744956,32.25176096027452,62.38822589615728,23.188829664627725,86.77152652545377,-1.2804364897453866,44.85677371744956,-0.3445403349138313,-1.2804364897453866,,,,,,
2013-01-22,30.46249008178711,44.956690629857064,32.3236006426189,62.52719351209398,23.240481980887196,86.96480710042157,-1.1797550389537073,44.956690629857064,-0.32240363658894255,-1.1797550389537073,,,,,,
2013-01-23,30.551706314086918,44.98170461384193,32.34158555248392,62.56198375566434,23.253413027099132,87.01319447639563,-1.1725765524611436,44.98170461384193,-0.3207970534605876,-1.1725765524611436,,,,,,
2013-01-24,30.8094425201416,45.00673251565273,32.35958046918532,62.59679335658915,23.26635126816857,87.0616087751932,-1.1487984761731158,45.00673251565273,-0.3154481385773451,-1.1487984761731158,,,,,,
2013-01-25,31.265439987182617,45.03177434303336,32.377585398290925,62.63162232563888,23.279296708098745,87.11005001179421,-1.105949781813963,45.03177434303336,-0.30570268564113257,-1.105949781813963,,,,,,
2013-01-28,32.18734359741211,45.106983456097986,32.43166031575765,62.73622554933216,23.3181762611194,87.2555354983419,-1.0229213447521917,45.106983456097986,-0.28642216501266116,-1.0229213447521917,,,,,,
2013-01-29,30.52197265625,45.13208106328322,32.449705350220256,62.77113209870614,23.331150536569393,87.30408463612245,-1.1856446180103952,45.13208106328322,-0.32371891707247546,-1.1856446180103952,,,,,,
2013-01-30,30.96805000305176,45.15719263482249,32.46776042497269,62.80605807014733,23.344132030929714,87.35266078673106,-1.1433504116731237,45.15719263482249,-0.3142166685718395,-1.1433504116731237,,,,,,
2013-01-31,30.710315704345703,45.182318178485595,32.48582554560137,62.8410034744622,23.35712074821698,87.40126396519776,-1.1703695308421553,45.182318178485595,-0.3203023451999638,-1.1703695308421553,,,,,,
2013-02-01,29.4711971282959,45.20745770204663,32.50390071769584,62.875968322463244,23.370116692450036,87.44989418656085,-1.2968963435165404,45.20745770204663,-0.348089925283242,-1.2968963435165404,,,,,,
2013-02-04,27.86530303955078,45.282960229923425,32.55818659871612,62.98097963679853,23.409147927046,87.59594725853766,-1.4717963726594736,45.282960229923425,-0.38464042770028284,-1.4717963726594736,,,,,,
2013-02-05,28.390682220458984,45.30815575090393,32.57630203263143,63.01602236778949,23.422172819295465,87.64468580203732,-1.4168635160641345,45.30815575090393,-0.37338693773929277,-1.4168635160641345,,,,,,
2013-02-06,28.79711532592773,45.33336529071788,32.59442754600695,63.051084596619354,23.435204958618538,87.69345146375073,-1.3754634220739008,45.33336529071788,-0.3647699626697687,-1.3754634220739008,,,,,,
2013-02-07,28.400598526000977,45.35858885716538,32.61256314445089,63.08616633413677,23.448244349047503,87.74224425876655,-1.4191771574994598,45.35858885716538,-0.37386503324795384,-1.4191771574994598,,,,,,
2013-02-08,28.30146789550781,45.383826458050876,32.63070883357461,63.12126759119639,23.461290994616885,87.79106420218176,-1.4314620025062077,45.383826458050876,-0.3763974943437749,-1.4314620025062077,,,,,,
2013-02-11,28.013992309570312,45.45962354544494,32.68520650118479,63.22668858826583,23.500474502546528,87.93768707392003,-1.4674675565332957,45.45962354544494,-0.3837610141763411,-1.4674675565332957,,,,,,
2013-02-12,27.131742477416992,45.48491736221375,32.70339260920359,63.26186803216183,23.513550209067795,87.98661576207111,-1.5661514381437964,45.48491736221375,-0.4035002358835441,-1.5661514381437964,,,,,,
2013-02-13,27.66703987121582,45.510225252507965,32.72158883600579,63.29706704996404,23.526633190935822,88.03557167423278,-1.5086155278493494,45.510225252507965,-0.3920698102962883,-1.5086155278493494,,,,,,
2013-02-14,28.25190544128418,45.535547224158115,32.7397951872215,63.332285652563435,23.539723452198626,88.08455482555253,-1.4468915872452894,45.535547224158115,-0.3795637218938349,-1.4468915872452894,,,,,,
2013-02-15,28.073469161987305,45.56088328499909,32.75801166848396,63.36752385085701,23.552820996906473,88.13356523118628,-1.467783185420604,45.56088328499909,-0.3838251776995183,-1.467783185420604,,,,,,
2013-02-19,28.678163528442383,45.66236857712176,32.83097900677585,63.50867281912584,23.605284091272576,88.32987970027482,-1.4099295744313605,45.66236857712176,-0.3719519065243799,-1.4099295744313605,,,,,,
2013-02-20,28.212251663208008,45.68777520159292,32.849246222880446,63.54400915955795,23.61841811403859,88.3790266051126,-1.4612656977930336,45.68777520159292,-0.3824988951918942,-1.4612656977930336,,,,,,
2013-02-21,27.042524337768555,45.7131959623559,32.867523602897116,63.57936516119379,23.631559444598633,88.42820085537714,-1.5913103449766774,45.7131959623559,-0.4084306780904654,-1.5913103449766774,,,,,,
2013-02-22,26.893829345703125,45.73863086727612,32.885811152481075,63.61474083497284,23.644708087018753,88.47740246628341,-1.609709694874447,45.73863086727612,-0.41201061693903007,-1.609709694874447,,,,,,
2013-02-25,27.032611846923828,45.815020525700724,32.94073487523622,63.72098599865634,23.684197926134356,88.62517161513064,-1.599166034759942,45.815020525700724,-0.40996180866579734,-1.599166034759942,,,,,,
2013-02-26,27.15156555175781,45.840512085992195,32.95906315970455,63.756440470525575,23.69737585670083,88.67448282092398,-1.5875429533587841,45.840512085992195,-0.40769497729815496,-1.5875429533587841,,,,,,
2013-02-27,26.63609313964844,45.86601782983392,32.97740164206351,63.791914669327085,23.710561119491707,88.72382146356142,-1.6473297266636922,45.86601782983392,-0.41926300995935206,-1.6473297266636922,,,,,,
2013-02-28,27.012784957885746,45.89153776511766,32.99575032798723,63.827408606036975,23.72375371858665,88.77318755830888,-1.6064483608322093,45.89153776511766,-0.4113776466558444,-1.6064483608322093,,,,,,
2013-03-01,27.53817367553711,45.91707189973955,33.014109223152985,63.86292229163745,23.73695365806759,88.82258112044074,-1.5497446732871099,45.91707189973955,-0.40026285352717983,-1.5497446732871099,,,,,,
2013-03-04,27.478694915771484,45.99375957866149,33.06924722092268,63.96958195169618,23.77659755967982,88.97092676401435,-1.5613570410321809,45.99375957866149,-0.40255601700105315,-1.5613570410321809,,,,,,
2013-03-05,27.28043556213379,46.01935058968534,33.08764700989261,64.00517474280335,23.789826901569533,89.02043034859794,-1.5849926141405033,46.01935058968534,-0.4071964247090363,-1.5849926141405033,,,,,,
2013-03-06,27.211042404174805,46.044955839594,33.1060570365384,64.04078733780386,23.803063604289,89.06996147706553,-1.5943989983699074,46.044955839594,-0.4090331523181512,-1.5943989983699074,,,,,,
2013-03-07,28.331207275390625,46.070575336310036,33.12447730655632,64.07641974771667,23.816307671933806,89.11952016474261,-1.4738031139404242,46.070575336310036,-0.38504767807703755,-1.4738031139404242,,,,,,
2013-03-08,27.716602325439453,46.096209087760386,33.14290782564579,64.11207198356679,23.829559108601803,89.16910642696314,-1.5419705749657826,46.096209087760386,-0.39872273937600533,-1.5419705749657826,,,,,,
2013-03-11,27.895034790039062,46.17319594985295,33.19826093438543,64.2191477570837,23.869357673757737,89.31803081435349,-1.527577293885744,46.17319594985295,-0.3958608622124651,-1.527577293885744,,,,,,
2013-03-12,27.587736129760746,46.1988867995983,33.21673250681889,64.2548794070564,23.882638627542708,89.36772752825854,-1.5628411783912675,46.1988867995983,-0.40284846582059586,-1.5628411783912675,,,,,,
2013-03-13,26.844268798828125,46.22459194377891,33.23521435686866,64.29063093818378,23.895926970874385,89.4174518935051,-1.6473366815585468,46.22459194377891,-0.4192643424202054,-1.6473366815585468,,,,,,
2013-03-14,26.804615020751957,46.250311390348244,33.253706490253236,64.32640236152776,23.90922270786433,89.46720392547842,-1.653503718924001,46.250311390348244,-0.4204446583175723,-1.653503718924001,,,,,,
2013-03-15,26.41800880432129,46.27604514726417,33.27220891269427,64.36219368815638,23.92252584262639,89.51698363957233,-1.699227583829932,46.27604514726417,-0.4291212933116625,-1.699227583829932,,,,,,
2013-03-18,26.2593994140625,46.353332359736676,33.327777971620584,64.4696871985232,23.96247967471801,89.66648902864421,-1.722539578028675,46.353332359736676,-0.4334948950321449,-1.722539578028675,,,,,,
2013-03-19,26.318878173828125,46.37912343770631,33.34632160756783,64.5055582490943,23.975812441752755,89.71637962532999,-1.717367623230048,46.37912343770631,-0.43252747738585273,-1.717367623230048,,,,,,
2013-03-20,25.6348876953125,46.40492886587838,33.36487556122767,64.54144925838284,23.989152627163197,89.766297981234,-1.798872157297037,46.40492886587838,-0.44758265292457167,-1.798872157297037,,,,,,
2013-03-21,25.51593399047852,46.43074865223737,33.38343983834088,64.57736023749385,24.00250023507693,89.81624411180154,-1.8146567011639032,46.43074865223737,-0.45045180766756865,-1.8146567011639032,,,,,,
2013-03-22,25.506017684936523,46.45658280477218,33.40201444465145,64.6132911975386,24.01585526962385,89.86621803248646,-1.81752105059193,46.45658280477218,-0.4509708604241882,-1.81752105059193,,,,,,
2013-03-25,24.91123962402344,46.534171539387536,33.4578002962552,64.72120407448045,24.055964974397142,90.01630668991332,-1.8941015621459374,46.534171539387536,-0.46466781722034045,-1.8941015621459374,,,,,,
2013-03-26,24.990541458129883,46.56006323660384,33.47641627685906,64.75721506949628,24.06934975682173,90.06639192577859,-1.8861535270310985,46.56006323660384,-0.46326229560437493,-1.8861535270310985,,,,,,
2013-03-27,25.86288452148437,46.5859693400073,33.495042615428204,64.79324610109488,24.082741986563466,90.11650502915968,-1.7838344866987692,46.5859693400073,-0.4448353251442655,-1.7838344866987692,,,,,,
2013-03-28,25.357322692871094,46.61188985761356,33.513679317725824,64.82929718042463,24.09614166776605,90.16664601556214,-1.8453606620964729,46.61188985761356,-0.4559902469020093,-1.8453606620964729,,,,,,
2013-04-01,25.307758331298828,46.71571623053522,33.58832987957707,64.97370219824013,24.149814990139657,90.36748910179834,-1.8580357552681217,46.71571623053522,-0.4582602949635034,-1.8580357552681217,,,,,,
2013-04-02,25.198719024658203,46.74170893954606,33.60701848707719,65.00985368366874,24.16325199088276,90.41776973619281,-1.8728101091530882,46.74170893954606,-0.460894357601489,-1.8728101091530882,,,,,,
2013-04-03,26.0214900970459,46.767716110947205,33.62571749295234,65.04602528384925,24.17669646799738,90.46807834682319,-1.7771049164927797,46.767716110947205,-0.4436014357571998,-1.7771049164927797,,,,,,
2013-04-04,26.8343505859375,46.79373775278556,33.64442690298817,65.0822170099735,24.190148425643386,90.51841494925553,-1.6855509925365575,46.79373775278556,-0.4265397064943782,-1.6855509925365575,,,,,,
2013-04-05,27.15156555175781,46.8197738731125,33.6631467229736,65.11842887323965,24.203607867982956,90.56877955906451,-1.6516146814699524,46.8197738731125,-0.42008336850703343,-1.6516146814699524,,,,,,
2013-04-08,26.616268157958984,46.89796918560584,33.719368700564644,65.22718539796398,24.244031144819626,90.72004158862823,-1.7170305859405772,46.89796918560584,-0.4324643770261979,-1.7170305859405772,,,,,,
2013-04-09,26.35853385925293,46.92406330049054,33.73813021830179,65.26347792190342,24.25752056760161,90.77051838386407,-1.7482118876529513,46.92406330049054,-0.43827256198042464,-1.7482118876529513,,,,,,
2013-04-10,27.32999992370605,46.950171934187956,33.75690217498135,65.29979063906883,24.27101749592283,90.82102326448008,-1.640189911573269,46.950171934187956,-0.4178935071416635,-1.640189911573269,,,,,,
2013-04-11,27.77608299255371,46.97629509477639,33.77568457641156,65.33612356069577,24.284521933959383,90.87155624610301,-1.5927998261707956,46.97629509477639,-0.4087212936542899,-1.5927998261707956,,,,,,
2013-04-12,27.16147994995117,47.00243279033863,33.794477428403894,65.372476698026,24.298033885889687,90.92211734436833,-1.6623107258334666,47.00243279033863,-0.42212608289641085,-1.6623107258334666,,,,,,
2013-04-15,26.289140701293945,47.080933167763504,33.85091874591696,65.48165751674843,24.338614866862162,91.07396949550359,-1.7663191391525705,47.080933167763504,-0.4416181045601233,-1.7663191391525705,,,,,,
2013-04-16,26.68565559387207,47.107129084138826,33.86975345833729,65.51809162943506,24.352156916198176,91.124643216867,-1.7226274394780594,47.107129084138826,-0.43351131532111886,-1.7226274394780594,,,,,,
2013-04-17,26.39818382263184,47.1333395759694,33.888598650425685,65.5545460141279,24.365706500354936,91.17534513318064,-1.7571443946564171,47.1333395759694,-0.4399254527661187,-1.7571443946564171,,,,,,
2013-04-18,25.46636390686035,47.15956465136504,33.907454328013046,65.59102068210632,24.379263623524828,91.22607526013222,-1.867761927925871,47.15956465136504,-0.4599957803867635,-1.867761927925871,,,,,,
2013-04-19,25.506017684936523,47.18580431844006,33.92632049693352,65.62751564465597,24.392828289902575,91.2768336134182,-1.8647317976212112,47.18580431844006,-0.4594556974634667,-1.8647317976212112,,,,,,
2013-04-22,25.743927001953125,47.26461095095242,33.98298201008385,65.73712241268315,24.433567590265167,91.42927818837806,-1.8416473592583233,47.26461095095242,-0.45532341250691355,-1.8416473592583233,,,,,,
2013-04-23,25.753841400146484,47.290909065978546,34.00189020274324,65.77369866649997,24.447162471468232,91.48014960414089,-1.842166317107256,47.290909065978546,-0.455416655995856,-1.842166317107256,,,,,,
2013-04-24,25.882709503173828,47.317221813323435,34.020808915955236,65.81029527141057,24.460764916887793,91.53104932485145,-1.8287225796366087,47.317221813323435,-0.4529960020627023,-1.8287225796366087,,,,,,
2013-04-25,25.91244888305664,47.34354920112855,34.03973815557348,65.84691223873834,24.474374930732587,91.58197736625868,-1.8269278070756816,47.34354920112855,-0.45267202564443665,-1.8269278070756816,,,,,,
2013-04-26,26.616268157958984,47.36989123753986,34.05867792745489,65.88354957981296,24.487992517213705,91.63293374412028,-1.7473803518879727,47.36989123753986,-0.43811844480516715,-1.7473803518879727,,,,,,
2013-04-29,26.74513435363769,47.44900531993875,34.115560495296094,65.99358395890941,24.528890754620992,91.78597305413962,-1.7377980853970583,47.44900531993875,-0.43633940957664286,-1.7377980853970583,,,,,,
2013-04-30,27.528255462646484,47.47540603232532,34.134542454864466,66.03030290839445,24.54253867380513,91.83704293557093,-1.652002481769021,47.47540603232532,-0.42015755602168214,-1.652002481769021,,,,,,
2013-05-01,27.191221237182617,47.501821434116,34.15353497602948,66.06704228836938,24.556194186716187,91.88814123237667,-1.691029297371891,47.501821434116,-0.42757518730315947,-1.691029297371891,,,,,,
2013-05-02,28.717811584472656,47.52825153348403,34.17253806466763,66.1038021102018,24.56985729757933,91.93926796036716,-1.5271408411807315,47.52825153348403,-0.39577386800688996,-1.5271408411807315,,,,,,
2013-05-03,28.063556671142575,47.55469633860716,34.191551726658666,66.14058238526557,24.583528010622068,91.99042313536158,-1.5986832196105492,47.55469633860716,-0.409867818914885,-1.5986832196105492,,,,,,
2013-05-06,27.32999992370605,47.63411907035293,34.24865621159581,66.25104604367881,24.624585805138302,92.14405950069207,-1.684028462386173,47.63411907035293,-0.4262515932468244,-1.684028462386173,,,,,,
2013-05-07,26.655920028686523,47.66062278036507,34.26771222586148,66.2879082455335,24.638286969221642,92.19532862206997,-1.7614150234730803,47.66062278036507,-0.44071397993422634,-1.7614150234730803,,,,,,
2013-05-08,26.8839168548584,47.68714123708939,34.28677884292796,66.324790957584,24.651995756657463,92.24662626967972,-1.737284495793912,47.68714123708939,-0.4362438980940836,-1.737284495793912,,,,,,
2013-05-09,26.804615020751957,47.713674448731005,34.30585606869466,66.36169419124218,24.665712171687407,92.29795245939341,-1.7479252129825649,47.713674448731005,-0.4382194343562058,-1.7479252129825649,,,,,,
2013-05-10,26.44774627685547,47.74022242349957,34.32494390906429,66.39861795792632,24.679436218555484,92.3493072070919,-1.790238917881698,47.74022242349957,-0.44600705790099393,-1.790238917881698,,,,,,
2013-05-13,26.58653450012207,47.81995500873212,34.38227117686698,66.50951257041243,24.720654192664018,92.50354295703747,-1.7794321411833032,47.81995500873212,-0.44402845014665404,-1.7794321411833032,,,,,,
2013-05-14,26.8343505859375,47.84656211819651,34.40140153474101,66.54651858351012,24.734408809371946,92.55501209566071,-1.7529949168641032,47.84656211819651,-0.4391582300176978,-1.7529949168641032,,,,,,
2013-05-15,26.36844253540039,47.873184031904735,34.42054253678077,66.58354518682043,24.748171079173492,92.60650987180578,-1.807772146381248,47.873184031904735,-0.4492022398629819,-1.807772146381248,,,,,,
2013-05-16,25.902536392211918,47.8998207580939,34.43969418890869,66.6205923917998,24.76194100632685,92.65803630140665,-1.8634956390876383,47.8998207580939,-0.45923521252769994,-1.8634956390876383,,,,,,
2013-05-17,26.0214900970459,47.926472305005696,34.45885649705049,66.65766020991104,24.77571859509258,92.70959140040615,-1.8512932332530803,47.926472305005696,-0.45705392353010565,-1.8512932332530803,,,,,,
2013-05-20,25.535757064819336,48.006515952562594,34.51640741686596,66.76898745775966,24.817097373705238,92.8644288733579,-1.9134685901631407,48.006515952562594,-0.4680772691346239,-1.9134685901631407,,,,,,
2013-05-21,25.43662643432617,48.03322686487357,34.53561240838654,66.80613784315402,24.830905651573538,92.91609880955775,-1.926944817646456,48.03322686487357,-0.4704368601783897,-1.926944817646456,,,,,,
2013-05-22,24.940980911254883,48.05995263918448,34.554828085599155,66.84330889909,24.84472161239263,92.96779749500358,-1.9882784864996148,48.05995263918448,-0.4810444134537104,-1.9882784864996148,,,,,,
2013-05-23,24.84185028076172,48.08669328376457,34.57405445444933,66.88050063706875,24.85854526043731,93.0195249456915,-2.002036437860521,48.08669328376457,-0.48339449888626396,-2.002036437860521,,,,,,
2013-05-24,24.09837913513184,48.11344880688767,34.59329152088591,66.91771306859779,24.87237659998477,93.07128117762655,-2.0958261402956047,48.11344880688767,-0.499134239329731,-2.0958261402956047,,,,,,
2013-05-28,23.89020729064941,48.220619850448266,34.67034688158911,67.06676996059144,24.92777895882941,93.27859423825048,-2.1288690857531534,48.220619850448266,-0.5045644920214081,-2.1288690857531534,,,,,,
2013-05-29,23.11699485778809,48.247449890555316,34.689637525306324,67.104086032709,24.941648820131885,93.33049461680851,-2.230283547953605,48.247449890555316,-0.5208659750882842,-2.230283547953605,,,,,,
2013-05-30,24.336292266845703,48.27429485894521,34.7089389023726,67.14142286755659,24.955526398650278,93.38242387283105,-2.0761636921917583,48.27429485894521,-0.4958747230186378,-2.0761636921917583,,,,,,
2013-05-31,24.13803482055664,48.30115476392408,34.72825101875999,67.17878047668663,24.96941169867846,93.43438202238558,-2.1026448545017353,48.30115476392408,-0.5002596741520302,-2.1026448545017353,,,,,,
2013-06-03,23.64238548278809,48.38182418152507,34.78625186361923,67.29097806539204,25.011113970796313,93.59042999304992,-2.1705936766969,48.38182418152507,-0.5113374519719722,-2.1705936766969,,,,,,
2013-06-04,23.31525611877441,48.40874391601352,34.805606997078094,67.32841888730466,25.025030199850182,93.64250387758598,-2.2145140820583524,48.40874391601352,-0.5183668438242255,-2.2145140820583524,,,,,,
2013-06-05,22.700653076171875,48.43567862869093,34.824972899768234,67.36588054135832,25.038954171919073,93.69460673612559,-2.297176422942328,48.43567862869093,-0.53132373244534,-2.297176422942328,,,,,,
2013-06-06,22.77004051208496,48.462628327891196,34.844349577681655,67.40336303914405,25.052885891311206,93.74673858478994,-2.2896113929589426,48.462628327891196,-0.5301525877212823,-2.2896113929589426,,,,,,
2013-06-07,23.08725929260254,48.48959302195285,34.86373703681372,67.44086639225937,25.06682536233721,93.79889943970917,-2.249360000810234,48.48959302195285,-0.5238718691214799,-2.249360000810234,,,,,,
2013-06-10,24.11820602416992,48.570577156760955,34.92196416152531,67.55350169965435,25.108690328360655,93.95555620343241,-2.1219969173733344,48.570577156760955,-0.5034399952397375,-2.1219969173733344,,,,,,
2013-06-11,23.820819854736328,48.597601913746246,34.941394805552214,67.59108859019193,25.12266084907637,94.00783324485236,-2.1612911879366576,48.597601913746246,-0.5098354874173656,-2.1612911879366576,,,,,,
2013-06-12,23.56307983398437,48.62464170735521,34.9608362608246,67.6286963941434,25.136639143015085,94.06013937331274,-2.195953473168472,48.62464170735521,-0.5154086692134926,-2.195953473168472,,,,,,
2013-06-13,23.523426055908203,48.651696545954245,34.980288533357864,67.66632512314501,25.150625214501833,94.1124746049976,-2.2027450128065698,48.651696545954245,-0.5164932011427594,-2.2027450128065698,,,,,,
2013-06-14,23.424301147460938,48.67876643791441,34.99975162917075,67.7039747888395,25.16461906786405,94.16483895610003,-2.2172312287853537,48.67876643791441,-0.5187983825075637,-2.2172312287853537,,,,,,
2013-06-17,23.81090545654297,48.760066517742196,35.05820591652484,67.81704952260482,25.20664736251409,94.32210688797882,-2.1726696481324654,48.760066517742196,-0.511672006274254,-2.1726696481324654,,,,,,
2013-06-18,23.999250411987305,48.78719670695069,35.07771236571066,67.8547830516278,25.220672386700798,94.3745878788627,-2.1504731697970616,48.78719670695069,-0.508083021122463,-2.1504731697970616,,,,,,
2013-06-19,24.09837913513184,48.81434199144553,35.0972296683201,67.8925375756546,25.234705214436328,94.42709807026482,-2.1396646911085098,48.81434199144553,-0.5063258429386397,-2.1396646911085098,,,,,,
2013-06-20,23.69194793701172,48.841502379625766,35.116757830392004,67.93031310636684,25.248745850062598,94.47963747843242,-2.1929095656072386,48.841502379625766,-0.5149218025100142,-2.1929095656072386,,,,,,
2013-06-21,24.316465377807617,48.86867787989511,35.13629685796861,67.96810965545271,25.262794297923925,94.53220611962176,-2.1157283925389336,48.86867787989511,-0.5024120472919205,-2.1157283925389336,,,,,,
2013-06-24,23.731599807739254,48.95029513734515,35.19497919419931,68.08162552993116,25.304986558397772,94.69008760401854,-2.194585045017597,48.95029513734515,-0.5151898524584391,-2.194585045017597,,,,,,
2013-06-25,24.03890037536621,48.977531170101685,35.214561744284225,68.11950626952319,25.319066298690945,94.74277334003843,-2.15727203625248,48.977531170101685,-0.509185134467522,-2.15727203625248,,,,,,
2013-06-26,23.949682235717773,49.00478235703608,35.23415519013542,68.15740808602725,25.333153872977075,94.79548839049713,-2.1702290925176286,49.00478235703608,-0.511278673554213,-2.1702290925176286,,,,,,
2013-06-27,24.445335388183597,49.0320487065802,35.253759537815334,68.19533099117056,25.34724928561503,94.84823277170526,-2.109822925545246,49.0320487065802,-0.5014416889967115,-2.109822925545246,,,,,,
2013-06-28,24.66341590881348,49.05933022717053,35.27337479338976,68.2332749966869,25.361352540966074,94.9010064999825,-2.0845871094723676,49.05933022717053,-0.49727369300377966,-2.0845871094723676,,,,,,
2013-07-01,24.59402847290039,49.14126589965421,35.332286068188715,68.34723373290954,25.403709406946867,95.05950393056193,-2.09818533451816,49.14126589965421,-0.4995239128938791,-2.09818533451816,,,,,,
2013-07-02,24.197507858276367,49.16860818888832,35.351945016066686,68.38526225738615,25.417844076811548,95.11239521049411,-2.149140680832517,49.16860818888832,-0.5078667314454348,-2.149140680832517,,,,,,
2013-07-03,24.306550979614254,49.19596569142161,35.37161490221881,68.42331194100257,25.431986611232105,95.16531591923011,-2.137197715254679,49.19596569142161,-0.5059238976611322,-2.137197715254679,,,,,,
2013-07-05,24.15785789489746,49.2507263702493,35.41098751369323,68.4994748327533,25.460295291246705,95.27124568861967,-2.159169969993288,49.2507263702493,-0.5094923532033346,-2.159169969993288,,,,,,
2013-07-08,24.49489402770996,49.33298170000555,35.47012862022303,68.61387815846547,25.50281740491319,95.43036146838487,-2.122230990788707,49.33298170000555,-0.503478338757959,-2.122230990788707,,,,,,
2013-07-09,25.25819396972656,49.36043066025775,35.48986426394628,68.65205504438276,25.51700721864721,95.48345909412191,-2.030901795180581,49.36043066025775,-0.48829064836212943,-2.030901795180581,,,,,,
2013-07-10,25.57540512084961,49.38789489316108,35.509610888617395,68.69025317198845,25.53120492761925,95.53658626347395,-1.994756849810349,49.38789489316108,-0.48215235380702315,-1.994756849810349,,,,,,
2013-07-11,25.5853214263916,49.415374407213285,35.5293685003462,68.72847255310141,25.545410536222246,95.58974299287912,-1.9952678926377543,49.415374407213285,-0.48223965247024725,-1.9952678926377543,,,,,,
2013-07-12,25.68445205688477,49.44286921091681,35.549137105245904,68.76671319954717,25.559624048851564,95.64292929878468,-1.9852322501097102,49.44286921091681,-0.48052262203234486,-1.9852322501097102,,,,,,
2013-07-15,26.051231384277344,49.525445445030876,35.608508940153655,68.88156284923467,25.602312054887822,95.80266584011359,-1.9473104829899328,49.525445445030876,-0.47398289606113597,-1.9473104829899328,,,,,,
2013-07-16,26.09088134765625,49.55300149245895,35.62832157893722,68.91988867539811,25.616557227625048,95.85597061667649,-1.944386597855651,49.55300149245895,-0.47347525756584485,-1.944386597855651,,,,,,
2013-07-17,26.41800880432129,49.58057287212164,35.64814524150884,68.95823582612054,25.630810326402155,95.90930505211348,-1.9083037492453228,49.58057287212164,-0.46717015810892915,-1.9083037492453228,,,,,,
2013-07-18,25.95210075378418,49.60815959254986,35.667979934002176,68.996604313267,25.645071355629202,95.96266916292683,-1.9639251707524192,49.60815959254986,-0.4768582231846864,-1.9639251707524192,,,,,,
2013-07-19,25.654708862304688,49.635761662279215,35.68782566255429,69.03499414870912,25.65934031971871,96.01606296562795,-2.000547175302749,49.635761662279215,-0.4831406227457766,-2.000547175302749,,,,,,
2013-07-22,25.823230743408203,49.71866005270172,35.747429125985235,69.15029186362469,25.702194865323968,96.17642269031019,-1.9857590673360006,49.71866005270172,-0.4806128983356428,-1.9857590673360006,,,,,,
2013-07-23,25.902536392211918,49.746323605086985,35.76731906021148,69.18876721109781,25.71649561303759,96.2299354258606,-1.9781503104444653,49.746323605086985,-0.47930752435415824,-1.9781503104444653,,,,,,
2013-07-24,26.27922821044922,49.774002549522834,35.7872200612331,69.22726396632386,25.730804317713112,96.28347793599386,-1.9360721004410748,49.774002549522834,-0.4720290339459319,-1.9360721004410748,,,,,,
2013-07-25,34.06089401245117,49.80169689457344,35.807132135207695,69.26578214121415,25.745120983777795,96.3370502372766,-1.1515516058108337,49.80169689457344,-0.31606960934372175,-1.1515516058108337,,,,,,
2013-07-26,33.71393966674805,49.82940664880772,35.82705528829626,69.30432174768663,25.759445615661374,96.39065234628468,-1.1842727762259426,49.82940664880772,-0.32341278104392746,-1.1842727762259426,,,,,,
2013-07-29,35.12157440185547,49.91262845237347,35.88689128390736,69.42006927587602,25.802467350559766,96.55163768555782,-1.0653420985651534,49.91262845237347,-0.29633891279902425,-1.0653420985651534,,,,,,
2013-07-30,37.302433013916016,49.94039992912716,35.90685881513053,69.4586947279893,25.81682389006555,96.60535919141027,-0.8844195351072903,49.94039992912716,-0.2530609873598588,-0.8844195351072903,,,,,,
2013-07-31,36.47965240478516,49.968186857980754,35.9268374563242,69.49734167137399,25.831188417575884,96.65911058800576,-0.9537133425812767,49.968186857980754,-0.2699424434096961,-0.9537133425812767,,,,,,
2013-08-01,37.16364288330078,49.9959892475318,35.94682721366994,69.53601011798789,25.845560937535296,96.71289189197553,-0.8990908797976156,49.9959892475318,-0.25666751588207704,-0.8990908797976156,,,,,,
2013-08-02,37.71876907348633,50.023807106382705,35.96682809335285,69.57470007979543,25.85994145439082,96.76670311996011,-0.8558336791662243,50.023807106382705,-0.2459836374854072,-0.8558336791662243,,,,,,
2013-08-05,38.84884262084961,50.10735358482985,36.02689752832654,69.69089917612413,25.90313103084127,96.92831651454681,-0.7714094459846069,50.10735358482985,-0.22468779846694575,-0.7714094459846069,,,,,,
2013-08-06,38.21441650390625,50.13523340699946,36.04694295927735,69.72967531848379,25.917543579800846,96.98224760518106,-0.8230056612469464,50.13523340699946,-0.23777324035413638,-0.8230056612469464,,,,,,
2013-08-07,38.53163146972656,50.16312874155256,36.06699954354221,69.76847303595919,25.93196414792873,97.0362087031717,-0.7996338278514513,50.16312874155256,-0.23187344098397644,-0.7996338278514513,,,,,,
2013-08-08,38.20450592041016,50.191039597120266,36.087067287326825,69.80729234055478,25.946392739686807,97.09019982521484,-0.827164076245326,50.191039597120266,-0.23881819888420552,-0.827164076245326,,,,,,
2013-08-09,38.164852142333984,50.218965982338496,36.10714619684038,69.84613324428166,25.960829359539435,97.14422098801596,-0.8319979992605209,50.218965982338496,-0.24003110387107174,-0.8319979992605209,,,,,,
2013-08-12,37.88728713989258,50.30283840232761,36.1674499818983,69.96278567046144,26.00418743234553,97.30646488816095,-0.8591821605145686,50.30283840232761,-0.246816117276208,-0.8591821605145686,,,,,,
2013-08-13,36.69773483276367,50.33082699260328,36.187573616488514,70.00171309095835,26.018656209269697,97.36060638123428,-0.9575654469083633,50.33082699260328,-0.2708696235379393,-0.9575654469083633,,,,,,
2013-08-14,36.330963134765625,50.3588311557812,36.20770844790541,70.04066217074242,26.033133036647513,97.41477799873228,-0.9896990006598282,50.3588311557812,-0.27855825282404667,-0.9896990006598282,,,,,,
2013-08-15,36.24174118041992,50.38685090052617,36.22785448237894,70.07963292186494,26.04761791895827,97.46897975741625,-0.9988383153363827,50.38685090052617,-0.28073017994380234,-0.9988383153363827,,,,,,
2013-08-16,36.75722122192383,50.4148862355078,36.24801172614248,70.11862535638387,26.06211086068374,97.52321167405678,-0.9577141911312671,50.4148862355078,-0.2709054018248427,-0.9577141911312671,,,,,,
2013-08-19,37.48086166381836,50.49908586864113,36.308550775559276,70.23573288099954,26.10563808720368,97.68608853956395,-0.903676914349306,50.49908586864113,-0.25779128435484844,-0.903676914349306,,,,,,
2013-08-20,38.07563400268555,50.52718365136203,36.32875291888631,70.27481216981809,26.120163311455713,97.74044125592359,-0.8576394315652258,50.52718365136203,-0.24643268729546208,-0.8576394315652258,,,,,,
2013-08-21,37.986419677734375,50.555297067740035,36.34896630272242,70.31391320242356,26.134696617568782,97.79482421423283,-0.8664362212607903,50.555297067740035,-0.2486164283272705,-0.8664362212607903,,,,,,
2013-08-22,38.21441650390625,50.58342612647379,36.36919093332187,70.35303599091438,26.14923801003967,97.84923743131854,-0.8499832309779645,50.58342612647379,-0.24452692452348512,-0.8499832309779645,,,,,,
2013-08-23,40.19700241088867,50.61157083626671,36.38942681694237,70.39218054739545,26.163787493367636,97.90368092401665,-0.6983523079523782,50.61157083626671,-0.20577445539222972,-0.6983523079523782,,,,,,
2013-08-26,40.98013305664063,50.69609895910741,36.45020204855959,70.50974494593162,26.207484533524166,98.06719322428638,-0.6449236397250975,50.69609895910741,-0.1916511546638705,-0.6449236397250975,,,,,,
2013-08-27,39.29492950439453,50.72430636026821,36.47048300691114,70.54897669555872,26.222066425323153,98.12175798798195,-0.7738957323095117,50.72430636026821,-0.22532347263059238,-0.7738957323095117,,,,,,
2013-08-28,40.19700241088867,50.75252945607803,36.4907752496246,70.5882302738023,26.236656430513115,98.17635311161074,-0.7067827984933218,50.75252945607803,-0.2079803146427266,-0.7067827984933218,,,,,,
2013-08-29,40.9206428527832,50.780768255269415,36.511078782978615,70.62750569280782,26.25125455360835,98.23097861206506,-0.6543854808268429,50.780768255269415,-0.19417046534074534,-0.6543854808268429,,,,,,
2013-08-30,40.93056488037109,50.809022766579744,36.53139361325531,70.6668029647275,26.265860799125686,98.28563450624665,-0.6553366921511046,50.809022766579744,-0.19442330019986798,-0.6553366921511046,,,,,,
2013-09-03,41.50551986694336,50.922198107928565,36.61276602935397,70.82421082482954,26.324367095840312,98.50456235860925,-0.6197978086995989,50.922198107928565,-0.1849228546856274,-0.6197978086995989,,,,,,
2013-09-04,41.41630172729492,50.950531311064736,36.63313743859848,70.86361754384049,26.339014021308394,98.55937047528228,-0.6280066396875195,50.950531311064736,-0.1871271866737001,-0.6280066396875195,,,,,,
2013-09-05,42.28863525390625,50.97888027884636,36.653520182531935,70.90304618882116,26.353669096352284,98.61420908729056,-0.566510891818689,50.97888027884636,-0.17046755396363855,-0.566510891818689,,,,,,
2013-09-06,43.5674057006836,51.00724502004496,36.673914267460994,70.94249677197124,26.36833232550645,98.66907821160174,-0.4778946617548589,51.00724502004496,-0.1458584817987647,-0.4778946617548589,,,,,,
2013-09-09,43.65662384033203,51.09243397193046,36.73516463134079,71.06098027253611,26.412370983012764,98.83386882817105,-0.47675194845658125,51.09243397193046,-0.14553642395826294,-0.47675194845658125,,,,,,
2013-09-10,43.22045135498047,51.12086189460929,36.755604143388844,71.10051873049603,26.42706687400285,98.8888601715594,-0.5088750448696898,51.12086189460929,-0.15454376641607293,-0.5088750448696898,,,,,,
2013-09-11,44.64791488647461,51.149305634635716,36.776055028018376,71.14007918772548,26.441770941813264,98.94388211223067,-0.4120657818067526,51.149305634635716,-0.1271061389298449,-0.4120657818067526,,,,,,
2013-09-12,44.360443115234375,51.17776520081054,36.7965172915571,71.17966165646489,26.456483190993605,98.99893466720926,-0.4333318048395736,51.17776520081054,-0.13320867096924727,-0.4333318048395736,,,,,,
2013-09-13,43.92427062988281,51.20624060193947,36.81699094033628,71.21926614896151,26.471203626096003,99.05401785352902,-0.46496959645660146,51.20624060193947,-0.14220864266651223,-0.46496959645660146,,,,,,
2013-09-16,42.13994216918945,51.29176190318132,36.87848026148179,71.33821189156926,26.515414092494815,99.21945137101606,-0.5957349120677237,51.29176190318132,-0.1784266984485131,-0.5957349120677237,,,,,,
2013-09-17,44.67766189575195,51.32030073228164,36.89899951460569,71.37790460170348,26.5301673168574,99.2746572532287,-0.420163480755143,51.32030073228164,-0.1294349164316435,-0.420163480755143,,,,,,
2013-09-18,44.83626174926758,51.3488554404381,36.91953018467914,71.4176193969334,26.544928749940713,99.32989385209405,-0.4111082567836861,51.3488554404381,-0.1268303574696963,-0.4111082567836861,,,,,,
2013-09-19,45.57973861694336,51.37742603648582,36.94007227805456,71.45735628954723,26.559698396312086,99.38516118470292,-0.36294298992115354,51.37742603648582,-0.11284503461549866,-0.36294298992115354,,,,,,
2013-09-20,47.07659912109375,51.40601252926486,36.960625801087886,71.49711529183999,26.57447626054142,99.44045926815562,-0.2666825521127931,51.40601252926486,-0.08421998118812324,-0.2666825521127931,,,,,,
2013-09-23,46.77919769287109,51.49186747646423,37.02235501174785,71.61652507984472,26.61885920611419,99.60653819472259,-0.2909508966021066,51.49186747646423,-0.09152260375382959,-0.2909508966021066,,,,,,
2013-09-24,48.02823638916016,51.520517644667486,37.04295431704304,71.65637264394032,26.63366998752511,99.66195945274409,-0.21276330890001502,51.520517644667486,-0.06778428119828461,-0.21276330890001502,,,,,,
2013-09-25,49.029441833496094,51.54918375387615,37.063565083828955,71.69624237929264,26.648489009681594,99.71741154725382,-0.1519099931642962,51.54918375387615,-0.048880345659994884,-0.1519099931642962,,,,,,
2013-09-26,49.95135116577149,51.57786581295981,37.084187318482776,71.73613429823777,26.6633162771688,99.77289449540913,-0.09712906227164055,51.57786581295981,-0.031535128907556054,-0.09712906227164055,,,,,,
2013-09-27,50.79395294189453,51.606563830793036,37.10482102738528,71.77604841311883,26.678151794574468,99.82840831437726,-0.04810992751325127,51.606563830793036,-0.015746270020280395,-0.04810992751325127,,,,,,
2013-09-30,49.79274368286133,51.69275372560954,37.166791063445444,71.89592405691009,26.722707892217635,99.99513516797143,-0.11351356365274509,51.69275372560954,-0.03675582950820655,-0.11351356365274509,,,,,,
2013-10-01,49.981082916259766,51.72151566728519,37.187470733221055,71.9359270791019,26.737576455225344,100.05077264205175,-0.10375587433427405,51.72151566728519,-0.03365007248088592,-0.10375587433427405,,,,,,
2013-10-02,49.84230422973633,51.75029361215721,37.20816190920234,71.97595235904761,26.752453291128404,100.1064410729233,-0.11387019213027544,51.75029361215721,-0.03686915086357412,-0.11387019213027544,,,,,,
2013-10-03,48.75188446044922,51.7790875691298,37.22886459779136,72.0159999091315,26.767338404529873,100.16214047781047,-0.1826072816645248,51.7790875691298,-0.058463817166321985,-0.1826072816645248,,,,,,
2013-10-04,50.59568405151367,51.80789754711214,37.24957880539376,72.05606974174468,26.782231800035362,100.21787087394728,-0.07176775348382998,51.80789754711214,-0.023398237585227744,-0.07176775348382998,,,,,,
2013-10-07,50.08021545410156,51.89442369628361,37.31179060639107,72.17641305877494,26.82696172527055,100.38524818233931,-0.10786632466735585,51.89442369628361,-0.03495959898889811,-0.10786632466735585,,,,,,
2013-10-08,46.72964477539063,51.92329784749572,37.33255095417465,72.21657214555474,26.841888295299544,100.44110271600647,-0.3194550054371909,51.92329784749572,-0.1000254854258179,-0.3194550054371909,,,,,,
2013-10-09,46.36286544799805,51.95218806433779,37.35332285305329,72.25675357692306,26.856823170499105,100.4969883272372,-0.345026774902642,51.95218806433779,-0.10758589434997246,-0.345026774902642,,,,,,
2013-10-10,48.62301254272461,51.98109435574877,37.37410630945405,72.29695736531248,26.87176635549024,100.5529050333231,-0.20243333491031892,51.98109435574877,-0.06460198375282533,-0.20243333491031892,,,,,,
2013-10-11,48.6824951171875,52.010016730672554,37.39490132980752,72.33718352316248,26.88671785489652,100.60885285156542,-0.20041350068774313,52.010016730672554,-0.06397847612155583,-0.20041350068774313,,,,,,
2013-10-14,49.07900619506836,52.0968804460348,37.45735583894433,72.45799633797469,26.93162228588078,100.77688315238757,-0.1808831305208776,52.0968804460348,-0.057928118250622385,-0.1808831305208776,,,,,,
2013-10-15,49.0691032409668,52.12586724454868,37.47819717948661,72.49831209820037,26.946607089235012,100.83295559246045,-0.1831809137631632,52.12586724454868,-0.058641978832525976,-0.1831809137631632,,,,,,
2013-10-16,50.694820404052734,52.15487017136968,37.499050116188464,72.53865029018796,26.961600230160933,100.88905923134043,-0.08606745140164301,52.15487017136968,-0.02799450487595001,-0.08606745140164301,,,,,,
2013-10-17,51.7555046081543,52.18388923547163,37.51991465550201,72.57901092641855,26.976601713297587,100.94519408638656,-0.024986259936990073,52.18388923547163,-0.008209135685236402,-0.024986259936990073,,,,,,
2013-10-18,53.748008728027344,52.21292444583334,37.540790803882985,72.61939401938012,26.99161154328659,101.00136017496757,0.08783385281711607,52.21292444583334,0.029400465468785164,0.08783385281711607,,,,,,
2013-10-21,53.381229400634766,52.300127044340066,37.603488968041404,72.74067816363532,27.03669116082268,101.17004601575223,0.06201956016497442,52.300127044340066,0.02067112294733331,0.06201956016497442,,,,,,
2013-10-22,52.22141647338867,52.32922692962888,37.62441161732104,72.78115120854012,27.05173442468898,101.22633721235347,-0.006251430751532466,52.32922692962888,-0.00206023407120437,-0.006251430751532466,,,,,,
2013-10-23,51.448204040527344,52.3583430061465,37.64534590800058,72.82164677272031,27.066786058654504,101.2826597294783,-0.05315439609296765,52.3583430061465,-0.017382883287813566,-0.05315439609296765,,,,,,
2013-10-24,51.9934196472168,52.38747528290176,37.66629184655732,72.86216486870566,27.081846067376393,101.33901358455356,-0.022886726877060472,52.38747528290176,-0.007521943624062666,-0.022886726877060472,,,,,,
2013-10-25,51.49777221679688,52.41662376890851,37.68724943947216,72.9027055090329,27.096914455514376,101.3953987950157,-0.05360756139617293,52.41662376890851,-0.01752977368711517,-0.05360756139617293,,,,,,
2013-10-28,49.79274368286133,52.50416657265129,37.75019220922839,73.02446282153804,27.14216994306108,101.56474273323398,-0.16072431068202767,52.50416657265129,-0.051642051798653,-0.16072431068202767,,,,,,
2013-10-29,48.969970703125,52.53337998590273,37.77119648445678,73.06509376473981,27.157271895512608,101.62125353980275,-0.21291631260458244,52.53337998590273,-0.06783133473867398,-0.21291631260458244,,,,,,
2013-10-30,48.5833625793457,52.56260965355014,37.7922124465019,73.10574731507187,27.1723822507178,101.67779578908652,-0.2386281208227282,52.56260965355014,-0.07570489936539282,-0.2386281208227282,,,,,,
2013-10-31,49.77291488647461,52.59185558463749,37.81324010186632,73.14642348511288,27.187501013351955,101.73436949858005,-0.16698995138846168,52.59185558463749,-0.053600327785093715,-0.16698995138846168,,,,,,
2013-11-01,49.316925048828125,52.62111778821379,37.8342794570562,73.18712228744839,27.202628188092977,101.7909746857878,-0.19657412205023342,52.62111778821379,-0.0627921427417063,-0.19657412205023342,,,,,,
2013-11-04,47.80024337768555,52.7090021244421,37.89746778669492,73.3093546141842,27.248060231775476,101.96097928888835,-0.29631690419566276,52.7090021244421,-0.0931294190538332,-0.29631690419566276,,,,,,
2013-11-05,49.67378616333008,52.73832950856506,37.91855400632101,73.35014407169471,27.26322110177518,102.01771056219341,-0.18146346666445365,52.73832950856506,-0.058108464446855024,-0.18146346666445365,,,,,,
2013-11-06,48.69240188598633,52.7676732104976,37.939651958357835,73.39095622453317,27.27839040731038,102.07447340088156,-0.24363527173932087,52.7676732104976,-0.07723045335454615,-0.24363527173932087,,,,,,
2013-11-07,47.14598846435547,52.797033239318964,37.96076164933334,73.43179108532729,27.293568153074613,102.13126782251581,-0.34315065749655926,52.797033239318964,-0.10703337722307948,-0.34315065749655926,,,,,,
2013-11-08,47.11624526977539,52.82640960411347,37.98188308577909,73.4726486667118,27.308754343764043,102.188093844669,-0.346749667625876,52.82640960411347,-0.10809298563219871,-0.346749667625876,,,,,,
2013-11-11,45.79782104492188,52.9146368052548,38.04531793330798,73.59535786086079,27.35436363238431,102.3587616901169,-0.43783757202811624,52.9146368052548,-0.1344961657116801,-0.43783757202811624,,,,,,
2013-11-12,46.20425796508789,52.94407860488612,38.06648641702308,73.63630645109507,27.369583649788396,102.41571429026952,-0.4127416438259602,52.94407860488612,-0.12730074481221065,-0.4127416438259602,,,,,,
2013-11-13,48.28596878051758,52.97353678598801,38.087666678920804,73.67727782519904,27.3848121356377,102.47269857895188,-0.2808454524999194,52.97353678598801,-0.08848886236175069,-0.2808454524999194,,,,,,
2013-11-14,48.56353378295898,53.003011357675156,38.10885872555456,73.71827199584968,27.40004909464407,102.52971457379553,-0.2651569993233216,53.003011357675156,-0.08375896880193612,-0.2651569993233216,,,,,,
2013-11-15,48.5833625793457,53.03250232906729,38.130062563481395,73.759288975731,27.415294531521997,102.58676229244185,-0.2656056905537462,53.03250232906729,-0.08389458453449217,-0.2656056905537462,,,,,,
2013-11-18,45.4310417175293,53.12107373274734,38.19374489064559,73.88247689770547,27.46108175656923,102.75809596775768,-0.4740138781924587,53.12107373274734,-0.14476424279197886,-0.4740138781924587,,,,,,
2013-11-19,45.9564323425293,53.15063039425852,38.214995959388226,73.92358524149121,27.476361152130647,102.8152707582247,-0.44084654610118523,53.15063039425852,-0.1353548960447769,-0.44084654610118523,,,,,,
2013-11-20,46.02582550048828,53.180203501149634,38.23625885226395,73.96471645803379,27.49164904917539,102.87247736084856,-0.4379590485689685,53.180203501149634,-0.1345308503850816,-0.4379590485689685,,,,,,
2013-11-21,46.29347229003906,53.20979306257091,38.25753357585173,74.00587056005965,27.506945452433705,102.92971579332958,-0.4220693160257083,53.20979306257091,-0.12998210243739816,-0.4220693160257083,,,,,,
2013-11-22,45.82756042480469,53.23939908767769,38.278820136734204,74.04704756030232,27.52225036663846,102.98698607337798,-0.4544169406203684,53.23939908767769,-0.1392171735572515,-0.4544169406203684,,,,,,
2013-11-25,44.429832458496094,53.32831603674072,38.34275090903097,74.17071607777271,27.56821622229961,103.1589881761771,-0.5533653102848343,53.32831603674072,-0.16686226454467434,-0.5533653102848343,,,,,,
2013-11-26,45.49052429199219,53.35798800824471,38.36408488499176,74.21198479835961,27.583555227671546,103.21638602379402,-0.4835365233492709,53.35798800824471,-0.14744678369500863,-0.4835365233492709,,,,,,
2013-11-27,46.08530044555664,53.387676489287315,38.385430731215365,74.2532764809373,27.598902767693815,103.27381580767718,-0.4458473180852785,53.387676489287315,-0.1367801808193686,-0.4458473180852785,,,,,,
2013-11-29,46.600772857666016,53.44710301673724,38.42815806087324,74.33592878317648,27.629623470686784,103.38877125532967,-0.41550316706292983,53.44710301673724,-0.1280954396523093,-0.41550316706292983,,,,,,
2013-12-02,46.65034103393555,53.53636685926633,38.492338247566515,74.46007977109959,27.675768653857013,103.56144439336154,-0.4173389530482304,53.53636685926633,-0.1286233308179544,-0.4173389530482304,,,,,,
2013-12-03,46.32321166992188,53.5661545906243,38.513755454193046,74.50150949416886,27.69116750159641,103.61906616834567,-0.4403558436891111,53.5661545906243,-0.13521491277572784,-0.4403558436891111,,,,,,
2013-12-04,48.19675827026367,53.595958895929876,38.53518457739208,74.54296226881098,27.706574917282545,103.67672000418963,-0.32185897813972364,53.595958895929876,-0.10073895004192612,-0.32185897813972364,,,,,,
2013-12-05,47.91919708251953,53.625779784404834,38.55662562379402,74.58443810785191,27.721990905682635,103.73440591873214,-0.3410519884683506,53.625779784404834,-0.10641491321576757,-0.3410519884683506,,,,,,
2013-12-06,47.522682189941406,53.65561726527608,38.57807860003297,74.62593702412468,27.737415471566557,103.79212392982184,-0.3679246037472733,53.65561726527608,-0.11430182687141832,-0.3679246037472733,,,,,,
2013-12-09,48.41484451293945,53.745229354613606,38.64250917416809,74.75057236477201,27.783740681859843,103.9654707210095,-0.3166044681828213,53.745229354613606,-0.09917875327136516,-0.3166044681828213,,,,,,
2013-12-10,49.81256103515625,53.775133297441776,38.66400993616981,74.79216371844586,27.799199605430925,104.02331729697313,-0.23202036005204388,53.775133297441776,-0.07368781850093598,-0.23202036005204388,,,,,,
2013-12-11,48.95014190673828,53.80505387887783,38.6855226612344,74.83377821362411,27.81466713037504,104.08119605887629,-0.2866461670761571,53.80505387887783,-0.09023152328903128,-0.2866461670761571,,,,,,
2013-12-12,51.37881851196289,53.834991108179516,38.70704735601813,74.87541586318275,27.830143261478014,104.13910702462724,-0.14155008789842657,53.834991108179516,-0.04562409216862384,-0.14155008789842657,,,,,,
2013-12-13,52.855838775634766,53.864944994609736,38.72858402718097,74.91707668000493,27.845628003528326,104.19705021214429,-0.05732524465560635,53.864944994609736,-0.018734006301797113,-0.05732524465560635,,,,,,
2013-12-16,53.34157943725586,53.95490668937796,38.793265965599495,75.04219826299158,27.892133943288098,104.3710732846244,-0.03465425683436413,53.95490668937796,-0.011367404556050231,-0.03465425683436413,,,,,,
2013-12-17,54.382442474365234,53.984927297054455,38.81485060895266,75.08395187784268,27.907653177065903,104.4291455385881,0.02223833288920021,53.984927297054455,0.007363447488285768,0.02223833288920021,,,,,,
2013-12-18,55.08625793457031,54.014964608251375,38.83644726204043,75.12572872448061,27.92318104577345,104.48725010405894,0.059530267975701934,54.014964608251375,0.019833269059576164,0.059530267975701934,,,,,,
2013-12-19,54.570777893066406,54.045018632262575,38.858055931545046,75.16752881583159,27.93871755421523,104.54538699901512,0.029345561817732138,54.045018632262575,0.009728172440484073,0.029345561817732138,,,,,,
2013-12-20,54.64017105102539,54.0750893783871,38.87967662415245,75.20935216482899,27.954262707198417,104.6035562414448,0.031511546621904786,54.0750893783871,0.010449944311403225,0.031511546621904786,,,,,,
2013-12-23,57.26710510253906,54.165402042508596,38.944610907506835,75.3349618871418,28.00095008150812,104.77825823360696,0.16878957179391588,54.165402042508596,0.05726354726576699,0.16878957179391588,,,,,,
2013-12-24,57.4554443359375,54.195539770180325,38.96627975945943,75.37687839620294,28.016529860782054,104.8365570460128,0.17705609535891065,54.195539770180325,0.06015079062928441,0.17705609535891065,,,,,,
2013-12-26,57.22745513916016,54.255865540912495,39.0096536398382,75.46078139456624,28.04771543000527,104.95325200156682,0.16163183948127915,54.255865540912495,0.054769923373665375,0.16163183948127915,,,,,,
2013-12-27,54.95738983154297,54.28605360263837,39.031358681684715,75.50276790982889,28.063321229603698,105.01164818082168,0.03725591787208346,54.28605360263837,0.012366642707510644,0.03725591787208346,,,,,,
2013-12-30,53.24244689941406,54.376718605356935,39.09654629445332,75.62886767585556,28.110190746297583,105.18703174134878,-0.06389820486548752,54.376718605356935,-0.02085951000785713,-0.06389820486548752,,,,,,
2013-12-31,54.17426681518555,54.40697390994647,39.11829968353003,75.67094771462916,28.125831307275003,105.24555799607371,-0.01299273515885384,54.40697390994647,-0.004277155629829665,-0.01299273515885384,,,,,,
2014-01-02,54.23374176025391,54.467535030810666,39.16184277929304,75.7551780454327,28.157138541381155,105.36270821598431,-0.013038965237698591,54.467535030810666,-0.004292341675174116,-0.013038965237698591,,,,,,
2014-01-03,54.08504867553711,54.4978408658236,39.18363249945203,75.7973283635244,28.17280522419668,105.4213322174175,-0.023047152019808583,54.4978408658236,-0.00757446870790357,-0.023047152019808583,,,,,,
2014-01-06,56.70206451416016,54.5888595817248,39.24907442995393,75.92392008508224,28.219857593870447,105.59740000532578,0.11512752458030827,54.5888595817248,0.03871128557415071,0.11512752458030827,,,,,,
2014-01-07,57.41579818725586,54.619232921937304,39.270912685961136,75.96616429155003,28.235559173680226,105.65615458969508,0.15135836959312246,54.619232921937304,0.05120110839556191,0.15135836959312246,,,,,,
2014-01-08,57.72310256958008,54.649623161931245,39.29276309281349,76.00843200277072,28.251269489877412,105.7149418652214,0.16585280370655187,54.649623161931245,0.056239718223524804,0.16585280370655187,,,,,,
2014-01-09,56.72189712524414,54.6800303111097,39.31462565727173,76.05072323182237,28.266988547322946,105.77376185009416,0.11112926520583694,54.6800303111097,0.03734209367692287,0.11112926520583694,,,,,,
2014-01-10,57.43562316894531,54.71045437888095,39.33650038610039,76.09303799179037,28.282716350880477,105.8326145625129,0.1473465325920207,54.71045437888095,0.049810750449850394,0.1473465325920207,,,,,,
2014-01-13,55.42329406738281,54.801828187913074,39.40219762651042,76.2201235881553,28.329952286902106,106.0093692471923,0.034181128651476364,54.801828187913074,0.011340239915696992,0.034181128651476364,,,,,,
2014-01-14,57.23737335205078,54.83232002424329,39.42412108054116,76.26253260278797,28.34571512359823,106.06835305199294,0.13012127429008835,54.83232002424329,0.043861965474817355,0.13012127429008835,,,,,,
2014-01-15,57.09858322143555,54.86282882628639,39.44605673282138,76.3049652138731,28.3614867307652,106.12736967548928,0.12107613785273534,54.86282882628639,0.04075171556006141,0.12107613785273534,,,,,,
2014-01-16,56.6921501159668,54.89335460348214,39.468004590138214,76.3474214345398,28.37726711328293,106.18641913594168,0.09773648895930166,54.89335460348214,0.03276891211109456,0.09773648895930166,,,,,,
2014-01-17,55.80990219116211,54.92389736527553,39.48996465928255,76.38990127792447,28.39305627603403,106.24550145162067,0.04850765166488749,54.92389736527553,0.01613149955463178,0.04850765166488749,,,,,,
2014-01-21,58.00065612792969,55.04623844750962,39.57792719008535,76.56005714162698,28.456300827119726,106.48215963236939,0.158473722195748,55.04623844750962,0.053671563466362926,0.158473722195748,,,,,,
2014-01-22,57.00936508178711,55.07686627415037,39.59994842036313,76.6026552959037,28.47213396437217,106.54140649859555,0.10453340623693612,55.07686627415037,0.035087305040514494,0.10453340623693612,,,,,,
2014-01-23,56.13702392578125,55.107511142169265,39.62198190329326,76.6452771518705,28.487975911210814,106.60068632988524,0.056106161058927184,55.107511142169265,0.01868189584820823,0.056106161058927184,,,,,,
2014-01-24,53.97600555419922,55.13817306104815,39.64402764569316,76.68792272271504,28.50382667253734,106.65999914458028,-0.06457271708879277,55.13817306104815,-0.021077366955234433,-0.06457271708879277,,,,,,
2014-01-27,53.08383941650391,55.23026121774248,39.71023849794227,76.81600185650197,28.551431892501782,106.83813567266888,-0.1201522832982794,55.23026121774248,-0.03886314773664401,-0.1201522832982794,,,,,,
2014-01-28,54.65999984741211,55.26099143498545,39.732333346471066,76.858742418881,28.567317960851074,106.89758060460775,-0.03314646212806124,55.26099143498545,-0.010875512218784689,-0.03314646212806124,,,,,,
2014-01-29,53.06401062011719,55.291738750576876,39.75444048861355,76.90150676218623,28.58321286823753,106.95705861181429,-0.12465695876317319,55.291738750576876,-0.040290433630764566,-0.12465695876317319,,,,,,
2014-01-30,60.54829025268555,55.32250317403032,39.7765599312099,76.94429489964944,28.59911661957921,107.0165697126916,0.2736009123055578,55.32250317403032,0.09446042349559369,0.2736009123055578,,,,,,
2014-01-31,62.02531814575195,55.353284714864614,39.79869168110414,76.98710684450973,28.615029219796902,107.0761139256531,0.34497114296906695,55.353284714864614,0.12053545630139673,0.34497114296906695,,,,,,
2014-02-03,60.944801330566406,55.445732136920554,39.86516084307113,77.11568565597472,28.662820162955068,107.25494542133012,0.28664217252217417,55.445732136920554,0.09917930527215635,0.28664217252217417,,,,,,
2014-02-04,62.20375061035156,55.476582242572704,39.88734189067298,77.15859296296183,28.678768207939523,107.31462226696708,0.34693430179911333,55.476582242572704,0.12126140608958491,0.34693430179911333,,,,,,
2014-02-05,61.648624420166016,55.50744951327944,39.90953527984984,77.20152414365218,28.694725126445054,107.3743323169089,0.31807534169183865,55.50744951327944,0.11063694982810146,0.31807534169183865,,,,,,
2014-02-06,61.6188850402832,55.53833395859142,39.93174101746858,77.24447921132911,28.710690923408904,107.43407558963051,0.3149266340760568,55.53833395859142,0.10948385823430273,0.3149266340760568,,,,,,
2014-02-07,63.76008224487305,55.56923558806465,39.9539591103999,77.28745817928339,28.726665603771064,107.49385210361713,0.41678319227629607,55.56923558806465,0.1473989442202739,0.41678319227629607,,,,,,
2014-02-10,62.99678802490234,55.662043677091326,40.02068758983363,77.41653861782893,28.77464299468855,107.67338127817348,0.37521834629015216,55.662043677091326,0.13177281794325757,0.37521834629015216,,,,,,
2014-02-11,64.28548431396484,55.69301413887569,40.04295517279869,77.45961331994822,28.790653258098846,107.73329094227806,0.4349144686928261,55.69301413887569,0.1542827284165844,0.4349144686928261,,,,,,
2014-02-12,63.888946533203125,55.72400183268101,40.06523514548721,77.50271198890968,28.806672429648668,107.79323394022812,0.4144728269698386,55.72400183268101,0.14652473677390376,0.4144728269698386,,,,,,
2014-02-13,66.74388885498047,55.755006768095214,40.08752751479282,77.5458346380485,28.82270051429451,107.85321029057066,0.5452999588969096,55.755006768095214,0.19709229222394153,0.5452999588969096,,,,,,
2014-02-14,66.5059585571289,55.78602895471157,40.10983228761304,77.58898128070732,28.838737516995646,107.913220011863,0.5327888438109969,55.78602895471157,0.19216154659655071,0.5327888438109969,,,,,,
2014-02-18,66.71414184570312,55.91029040525058,40.19917555212432,77.76180805365456,28.902974807634937,108.15359297803874,0.5355181934843725,55.91029040525058,0.19323547350843207,0.5355181934843725,,,,,,
2014-02-19,67.46752166748047,55.941398991963524,40.22154244611447,77.80507486431247,28.919056475098085,108.21376983280174,0.5678706000174637,55.941398991963524,0.2060392282497756,0.5678706000174637,,,,,,
2014-02-20,69.02386474609375,55.97252488755039,40.24392178508488,77.8483657487021,28.935147090430103,108.27398017007559,0.635314097003873,55.97252488755039,0.23317404181361634,0.635314097003873,,,,,,
2014-02-21,67.992919921875,56.00366810164186,40.26631357595998,77.89168072021809,28.951246658609595,108.33422400849,0.5880122359124516,56.00366810164186,0.21407975989132844,0.5880122359124516,,,,,,
2014-02-24,70.16384887695312,56.097201751331184,40.333563729315266,78.02177029158287,28.999599130060588,108.51515671702946,0.6782235299673259,56.097201751331184,0.2507548805727755,0.6782235299673259,,,,,,
2014-02-25,69.24195098876953,56.128414335855126,40.35600539713025,78.0651817457001,29.015734559471486,108.57553474651073,0.636445830327793,56.128414335855126,0.23363454692389918,0.636445830327793,,,,,,
2014-02-26,68.65708923339844,56.15964428711761,40.37845955152982,78.10861735402902,29.031878966664518,108.63594637043693,0.6090475059853376,56.15964428711761,0.2225342611215151,0.6090475059853376,,,,,,
2014-02-27,68.3398666381836,56.19089161478146,40.40092619946152,78.15207713000896,29.048032356634916,108.69639160749995,0.5933236072625389,56.19089161478146,0.2162089739862083,0.5933236072625389,,,,,,
2014-02-28,67.86405944824219,56.22215632851494,40.42340534787677,78.19556108708689,29.064194734380713,108.75687047640221,0.5704593485512586,56.22215632851494,0.20706966576845187,0.5704593485512586,,,,,,
2014-03-03,66.82320404052734,56.316054882896516,40.490917865596074,78.32615817948992,29.11273584429255,108.93850906132462,0.5185501889535161,56.316054882896516,0.18657466648683707,0.5185501889535161,,,,,,
2014-03-04,68.20110321044922,56.34738923769878,40.51344708553714,78.36973899557866,29.128934223175918,108.99912264481613,0.5787320305628395,56.34738923769878,0.21036846840846724,0.5787320305628395,,,,,,
2014-03-05,70.94696807861328,56.378741026992735,40.53598884077693,78.41334406011228,29.145141614866592,109.05976995381513,0.6966933827657232,56.378741026992735,0.25839929707982745,0.6966933827657232,,,,,,
2014-03-06,70.22332000732422,56.41011026047896,40.55854313829011,78.45697338658269,29.16135802437932,109.12045100708657,0.6639307196632199,56.41011026047896,0.24487117084262855,0.6639307196632199,,,,,,
2014-03-07,69.1923828125,56.441496947863435,40.58110998505522,78.50062698848927,29.17758345673164,109.1811658234058,0.6174141270814684,56.441496947863435,0.22591331828804817,0.6174141270814684,,,,,,
2014-03-10,71.40296936035156,56.53576183054721,40.64888589070585,78.63173358193254,29.226313941043305,109.36351303856078,0.7076831667595779,56.53576183054721,0.2629699688909357,0.7076831667595779,,,,,,
2014-03-11,69.48977661132812,56.567218430692556,40.67150300434182,78.67548442072791,29.242575514985145,109.42436309503398,0.6236701454389775,56.567218430692556,0.22844606008811597,0.6236701454389775,,,,,,
2014-03-12,70.26297760009766,56.59869253334712,40.69413270218073,78.71925960256914,29.258846136896143,109.48524700858867,0.655525475697277,56.59869253334712,0.24142404100058923,0.655525475697277,,,,,,
2014-03-13,68.2308349609375,56.630184148249334,40.71677499122445,78.76305914100071,29.2751258118106,109.54616479806299,0.5648782896955284,56.630184148249334,0.20484925110466534,0.5648782896955284,,,,,,
2014-03-14,67.13048553466797,56.66169328514304,40.739429878478745,78.8068830495747,29.291414544765626,109.60711648230556,0.5139099217812969,56.66169328514304,0.1847596081684677,0.5139099217812969,,,,,,
2014-03-17,68.14160919189453,56.75632592529293,40.80747019962129,78.93850113178475,29.340335142287245,109.79017509228636,0.5541673846986597,56.75632592529293,0.20059937074834266,0.5541673846986597,,,,,,
2014-03-18,68.58769226074219,56.78790524769955,40.83017554985359,78.98242265659975,29.3566601578317,109.85126254429801,0.5722601250043451,56.78790524769955,0.20778697438431482,0.5722601250043451,,,,,,
2014-03-19,67.64595794677734,56.81950214089828,40.852893533383835,79.0263686194306,29.372994256644336,109.91238398547844,0.5286661155674492,56.81950214089828,0.19054119444820428,0.5286661155674492,,,,,,
2014-03-20,66.38701629638672,56.851116614665536,40.875624157241205,79.07033903387467,29.389337443779095,109.97353943473932,0.4700355132700855,56.851116614665536,0.1677346066279597,0.4700355132700855,,,,,,
2014-03-21,66.6546859741211,56.88274867878318,40.898367428458805,79.11433391353687,29.405689724292735,110.03472891100277,0.4805465286770819,56.88274867878318,0.1717908772397767,0.4805465286770819,,,,,,
2014-03-24,63.54199981689453,56.977750511138716,40.9666731966627,79.24646547999502,29.454801176716764,110.21850169118822,0.3305231990089659,56.977750511138716,0.11520723873562821,0.3305231990089659,,,,,,
2014-03-25,64.32512664794922,57.00945303458542,40.98946712773052,79.29055835673041,29.471189881369824,110.27982746489425,0.36596699625583606,57.00945303458542,0.1283238695331046,0.36596699625583606,,,,,,
2014-03-26,59.864295959472656,57.04117319737351,41.01227374138283,79.33467576682219,29.487587704727797,110.34118736037172,0.1464281158091943,57.04117319737351,0.04949271909837116,0.1464281158091943,,,,,,
2014-03-27,60.43925094604492,57.07291100931755,41.035093044676216,79.37881772392073,29.50399465186435,110.40258139660601,0.173715708187088,57.07291100931755,0.05898314764736279,0.173715708187088,,,,,,
2014-03-28,59.48759841918945,57.10466648023757,41.05792504467123,79.42298424168405,29.520410727855964,110.4640095925931,0.12392173292097798,57.10466648023757,0.04172919808185127,0.12392173292097798,,,,,,
2014-03-31,59.715606689453125,57.20003894513566,41.12649729553039,79.55563129565665,29.56971377976844,110.64849932918963,0.13045944091467102,57.20003894513566,0.04397842712537847,0.13045944091467102,,,,,,
2014-04-01,62.07488250732422,57.231865150269066,41.149380153015876,79.59989619281103,29.586166422001664,110.71006435435915,0.24622652052089047,57.231865150269066,0.08462099469131812,0.24622652052089047,,,,,,
2014-04-02,62.17401123046875,57.263709063560626,41.1722757425647,79.64418571903434,29.602628218514816,110.77166363442012,0.2493771560418833,57.263709063560626,0.08574893675605022,0.2493771560418833,,,,,,
2014-04-03,58.97212600708008,57.295570694863144,41.19518407126096,79.68849988803014,29.619099174401327,110.83329718843194,0.08742467317349197,57.295570694863144,0.029261516935501053,0.08742467317349197,,,,,,
2014-04-04,56.255985260009766,57.32745005403495,41.21810514619275,79.73283871350972,29.635579294757484,110.89496503546471,-0.0571901038680855,57.32745005403495,-0.018690257337719673,-0.0571901038680855,,,,,,
2014-04-07,56.45424270629883,57.423194597431724,41.28694491934126,79.86600326607848,29.685074693649305,111.08017452554867,-0.05158460474865275,57.423194597431724,-0.016873876452290437,-0.05158460474865275,,,,,,
2014-04-08,57.68344879150391,57.455144966773766,41.309917050174896,79.91044085475869,29.70159152290371,111.14197973557836,0.012020926235605989,57.455144966773766,0.003973601056305398,0.012020926235605989,,,,,,
2014-04-09,61.8667106628418,57.4871131133591,41.33290196274368,79.95490316859362,29.718117542151788,111.2038193341387,0.22255532938700454,57.4871131133591,0.07618398824179162,0.22255532938700454,,,,,,
2014-04-10,58.64500427246094,57.519099047079024,41.355899664159395,79.99939022134038,29.734652756506865,111.26569334036353,0.0587609200395392,57.519099047079024,0.019574458641300474,0.0587609200395392,,,,,,
2014-04-11,58.020484924316406,57.55110277783032,41.37891016153777,80.04390202676376,29.75119717108512,111.32760177339735,0.02462197985820385,57.55110277783032,0.008155919240993237,0.02462197985820385,,,,,,
2014-04-14,58.37735748291016,57.64722085132305,41.44801850066568,80.17758609685627,29.8008856673634,111.51353382495738,0.03815091591705172,57.64722085132305,0.0126655998468721,0.03815091591705172,,,,,,
2014-04-15,58.57561492919922,57.67929586927797,41.47108025313132,80.22219705078712,29.81746693405306,111.57558015688512,0.04674175628217261,57.67929586927797,0.01553970183603881,0.04674175628217261,,,,,,
2014-04-16,59.20013427734375,57.711388733830915,41.49415483719774,80.26683282633343,29.834057426589496,111.63766101150418,0.0772025648432957,57.711388733830915,0.025796390906118072,0.0772025648432957,,,,,,
2014-04-17,58.42691421508789,57.743499454911735,41.51724226000448,80.31149343730598,29.85065715010599,111.69977640802304,0.03566472874896835,57.743499454911735,0.011835354050715008,0.03566472874896835,,,,,,
2014-04-21,60.7068977355957,57.87212110330494,41.60972048156414,80.4903845119436,29.91714845673809,111.94858379764048,0.14495688338912846,57.87212110330494,0.04898345832582374,0.14495688338912846,,,,,,
2014-04-22,62.48131942749024,57.904321256166874,41.63287220530444,80.5351695074784,29.933794412254056,112.01087219215995,0.23060065317424386,57.904321256166874,0.07904415546250632,0.23060065317424386,,,,,,
2014-04-23,60.82585144042969,57.936539325252106,41.6560368107057,80.57997942146571,29.95044962960978,112.0731952440548,0.14751844593484975,57.936539325252106,0.049870291681682444,0.14751844593484975,,,,,,
2014-04-24,60.34011459350586,57.968775320529254,41.679214304935314,80.62481426777023,29.967114113958566,112.13555297260845,0.12152890369962024,57.968775320529254,0.04090718252826031,0.12152890369962024,,,,,,
2014-04-25,57.20762634277344,58.00102925197248,41.70240469516464,80.66967406026433,29.983787870456588,112.19794539711506,-0.041750400156243,58.00102925197248,-0.013679117757588122,-0.041750400156243,,,,,,
2014-04-28,55.65129470825195,58.097898763123574,41.772053313624426,80.80440325372376,30.03386482445082,112.3853310394553,-0.13041497047364814,58.097898763123574,-0.042111747704454916,-0.13041497047364814,,,,,,
2014-04-29,57.643798828125,58.13022453908383,41.79529535964611,80.84936296985448,30.0505757211649,112.44786244093011,-0.025471413632221586,58.13022453908383,-0.008367862240610813,-0.025471413632221586,,,,,,
2014-04-30,59.25960159301758,58.16256830116429,41.81855033758424,80.89434770165259,30.06729591585214,112.51042863498981,0.056640546984688976,58.16256830116429,0.018861500169196077,0.056640546984688976,,,,,,
2014-05-01,60.61768341064453,58.19493005937248,41.84181825463417,80.93935746303683,30.084025413685943,112.57302964099306,0.12363799567715376,58.19493005937248,0.04163169109062026,0.12363799567715376,,,,,,
2014-05-02,59.933692932128906,58.22730982372148,41.86509911799522,80.98439226793373,30.100764219842606,112.63566547830928,0.08755433730600876,58.22730982372148,0.029305546032838636,0.08755433730600876,,,,,,
2014-05-05,60.68707275390625,58.32455725382765,41.93501945799875,81.11964708308162,30.15103654005581,112.82378217199177,0.12036145155133378,58.32455725382765,0.04050635977907158,0.12036145155133378,,,,,,
2014-05-06,58.020484924316406,58.35700914298206,41.958352178677906,81.16478220144914,30.167812631324367,112.8865575284697,-0.01753047284651125,58.35700914298206,-0.005766646091151184,-0.01753047284651125,,,,,,
2014-05-07,56.89041519165039,58.38947908842639,41.981697881725125,81.20994243307831,30.184598056840503,112.94936781326972,-0.07883810067217877,58.38947908842639,-0.025673527494667003,-0.07883810067217877,,,,,,
2014-05-08,56.26589584350586,58.421967100207006,42.00505657436367,81.2551277919419,30.201392821797707,113.01221304582562,-0.11398348125021371,58.421967100207006,-0.036905146535086586,-0.11398348125021371,,,,,,
2014-05-09,56.74171829223633,58.454473188376184,42.0284282638211,81.30033829202097,30.218196931392537,113.07509324558269,-0.090143454755024,58.454473188376184,-0.02930066430708067,-0.090143454755024,,,,,,
2014-05-12,59.309173583984375,58.55210001182019,42.09862138544103,81.43612077947569,30.268665380010834,113.2639438426726,0.038941979723246326,58.55210001182019,0.012929913222776923,0.038941979723246326,,,,,,
2014-05-13,59.309173583984375,58.58467850617678,42.12204513452858,81.4814319843804,30.285506920178737,113.32696410590037,0.037255881615057614,58.58467850617678,0.012366630598326322,0.037255881615057614,,,,,,
2014-05-14,58.71438980102539,58.61727512726656,42.145481916632484,81.52676840052148,30.302357831010056,113.39001943371659,0.005017816995336488,58.61727512726656,0.001656758584358986,0.005017816995336488,,,,,,
2014-05-15,57.41579818725586,58.64988988517528,42.16893173900435,81.5721300419265,30.319218117718638,113.45310984563127,-0.06446218825502187,58.64988988517528,-0.021041671183620658,-0.06446218825502187,,,,,,
2014-05-16,57.51492691040039,58.68252278999428,42.1923946088998,81.61751692263086,30.336087785521244,113.51623536116526,-0.06091940763009907,58.68252278999428,-0.019896824882126074,-0.06091940763009907,,,,,,
2014-05-19,58.6945686340332,58.78053048691091,42.262861576344505,81.7538291410109,30.386753127704292,113.70582272485457,-0.004436138758911798,58.78053048691091,-0.0014624205015782987,-0.004436138758911798,,,,,,
2014-05-20,58.05022811889648,58.813236080397026,42.28637670897135,81.79931711942264,30.40366037210861,113.76908885029167,-0.03958235062322641,58.813236080397026,-0.012973405518062697,-0.03958235062322641,,,,,,
2014-05-21,59.96343231201172,58.84595987133452,42.30990492546052,81.84483040742785,30.4205770237343,113.8323901771154,0.05702219764036859,58.84595987133452,0.01898979034619419,0.05702219764036859,,,,,,
2014-05-22,59.993160247802734,58.878701869848484,42.33344623309191,81.89036901910883,30.437503087815553,113.89572672491187,0.05683850009989047,58.878701869848484,0.018928039215568404,0.05683850009989047,,,,,,
2014-05-23,60.81594467163086,58.91146208606965,42.35700063914945,81.93593296855573,30.454438569589474,113.9590985132781,0.09644176724974401,58.91146208606965,0.03232787844882812,0.09644176724974401,,,,,,
2014-05-27,62.92740249633789,59.04268533083819,42.45134939346167,82.11844242607968,30.522274778456048,114.21293846476262,0.19315149760435454,59.04268533083819,0.06579506239819866,0.19315149760435454,,,,,,
2014-05-28,62.95713424682617,59.075536787753656,42.4749694010509,82.16413327598276,30.539257427351977,114.27648675031467,0.19289723523497304,59.075536787753656,0.06570566549430268,0.19289723523497304,,,,,,
2014-05-29,63.27436065673828,59.10840652327918,42.498602550855075,82.20984954835737,30.556249525424473,114.34007039424776,0.2064463182553819,59.10840652327918,0.07047989242982533,0.2064463182553819,,,,,,
2014-05-30,62.748966217041016,59.141294547585,42.52224885018655,82.25559125734863,30.573251077931072,114.40368941623534,0.1794857450530867,59.141294547585,0.061000891121064216,0.1794857450530867,,,,,,
2014-06-02,62.530879974365234,59.2400684549717,42.593266718529335,82.3929691455914,30.62431251467477,114.59475894742397,0.16387404599351602,59.2400684549717,0.05555043411023197,0.16387404599351602,,,,,,
2014-06-03,62.32271194458008,59.27302973621447,42.61696568917494,82.43881274265779,30.6413519375517,114.65851967858323,0.15208010483311074,59.27302973621447,0.05145143114731532,0.15208010483311074,,,,,,
2014-06-04,62.78861999511719,59.30600935717374,42.64067784597067,82.48468184718449,30.658400841194343,114.72231588632863,0.17297019776608272,59.30600935717374,0.058722727691374876,0.17297019776608272,,,,,,
2014-06-05,62.639923095703125,59.33900732805377,42.66440319625334,82.53057647336394,30.67545923087781,114.78614759039942,0.16409704686127244,59.33900732805377,0.055628092148565234,0.16409704686127244,,,,,,
2014-06-06,61.95592880249024,59.37202365906448,42.688141747363815,82.5764966353964,30.692527111880153,114.85001481054582,0.1291297964973843,59.37202365906448,0.04352058400878289,0.1291297964973843,,,,,,
2014-06-09,62.33262252807617,59.471182915065256,42.75943667913221,82.71441047873338,30.743787755624993,115.0418297651057,0.14244550110788096,59.471182915065256,0.04811472502737213,0.14244550110788096,,,,,,
2014-06-10,65.19747924804688,59.50427278881167,42.78322810704446,82.76043292633896,30.760893654742098,115.10583924727658,0.276969206625235,59.50427278881167,0.09567727143630722,0.276969206625235,,,,,,
2014-06-11,65.2073745727539,59.53738107382368,42.80703277255024,82.80648098091763,30.778009071612413,115.16988434443913,0.27574313347118024,59.53738107382368,0.0952341771953269,0.27574313347118024,,,,,,
2014-06-12,63.7303466796875,59.57050778034531,42.830850683014916,82.85255465671707,30.79513401153161,115.23396507640948,0.2046069472769471,59.57050778034531,0.06983050932989854,0.2046069472769471,,,,,,
2014-06-13,63.93851852416992,59.60365291862642,42.8546818458081,82.89865396799316,30.812268479798377,115.29808146301511,0.21280598118517438,59.60365291862642,0.07272818683548898,0.21280598118517438,,,,,,
2014-06-16,63.63121795654297,59.703199026609504,42.92625492191516,83.03710585735665,30.863729107714608,115.4906447490813,0.19314402929615612,59.703199026609504,0.065792436485401,0.19314402929615612,,,,,,
2014-06-17,63.839385986328125,59.736417994540055,42.950139167799435,83.08330785325458,30.88090174241697,115.55490395272109,0.20135825663605345,59.736417994540055,0.06868453331371627,0.20135825663605345,,,,,,
2014-06-18,65.0289535522461,59.76965544556444,42.97403670292133,83.12953555602661,30.89808393200434,115.61919891029802,0.25563507175295774,59.76965544556444,0.08799277940411732,0.25563507175295774,,,,,,
2014-06-19,63.779911041259766,59.8029113899667,42.997947534674985,83.17578897997608,30.915275681793077,115.68352964170565,0.1951607717377462,59.8029113899667,0.06650177322237005,0.1951607717377462,,,,,,
2014-06-20,63.93851852416992,59.836185838036585,43.02187167045869,83.22206813941429,30.93247699710249,115.74789616684858,0.2010032944278534,59.836185838036585,0.06855939476552608,0.2010032944278534,,,,,,
2014-06-23,64.80095672607422,59.93612030723533,43.09372397603446,83.36106017389397,30.98413838939235,115.94121070390172,0.23655825945001557,59.93612030723533,0.08116702238819462,0.23655825945001557,,,,,,
2014-06-24,65.14789581298828,59.969468872987726,43.11770140200338,83.40744241855961,31.001378020036835,116.00572060325376,0.25105769080820545,59.969468872987726,0.08635105558410405,0.25105769080820545,,,,,,
2014-06-25,66.85292053222656,60.002835993942426,43.14169216905547,83.45385047039007,31.018627242842992,116.07026639603049,0.3276826908569727,60.002835993942426,0.11416267956027415,0.3276826908569727,,,,,,
2014-06-26,66.54561614990234,60.03622168042359,43.165696284613745,83.50028434374451,31.03588606314792,116.13484810220307,0.3120308655988955,60.03622168042359,0.10842445256013367,0.3120308655988955,,,,,,
2014-06-27,67.01155090332031,60.06962594276109,43.189713756105334,83.54674405299008,31.05315448629168,116.19946574175378,0.3314944944590227,60.06962594276109,0.11556464438739833,0.3314944944590227,,,,,,
2014-06-30,66.7042465209961,60.169950288296846,43.261846380513326,83.68627833986488,31.105017426201222,116.39353446066431,0.3125036088792472,60.169950288296846,0.10859733473920086,0.3125036088792472,,,,,,
2014-07-01,67.46752166748047,60.20342895747367,43.28591735009219,83.73284153650631,31.122324314160434,116.45829603377278,0.3453056497365645,60.20342895747367,0.12065911918635042,0.3453056497365645,,,,,,
2014-07-02,65.87154388427734,60.23692625424257,43.31000171280207,83.77943064099459,31.13964083170341,116.52309364033768,0.2710532028383693,60.23692625424257,0.09354092216214172,0.2710532028383693,,,,,,
2014-07-03,65.71295166015625,60.270442188967984,43.33409947609493,83.82604566774486,31.15696698418807,116.58792730040808,0.2620603845316563,60.270442188967984,0.09030146907043068,0.2620603845316563,,,,,,
2014-07-07,64.72164154052734,60.4046925149252,43.430624684280524,84.01276528595034,31.22636805080628,116.84762287711683,0.20924047581768038,60.4046925149252,0.0714671136606726,0.20924047581768038,,,,,,
2014-07-08,62.21366500854492,60.43830179510152,43.4547895624129,84.05951014051914,31.243742458472525,116.9126371058416,0.08775828562033014,60.43830179510152,0.029374803075411515,0.08775828562033014,,,,,,
2014-07-09,64.40442657470703,60.47192977554212,43.47896788592717,84.10628100400956,31.26112653329062,116.97768750860081,0.19097515880530924,60.47192977554212,0.06503011916043411,0.19097515880530924,,,,,,
2014-07-10,64.30531311035156,60.50557646665187,43.50315966230438,84.15307789089303,31.278520280639388,117.04277410552179,0.18462067825404183,60.50557646665187,0.0627997759147696,0.18462067825404183,,,,,,
2014-07-11,65.76250457763672,60.53924187884141,43.52736489902973,84.19990081564902,31.295923705900645,117.10789691674302,0.250856512620159,60.53924187884141,0.0862789578575951,0.250856512620159,,,,,,
2014-07-14,67.30892944335938,60.6403505460822,43.60006144620903,84.34052596206752,31.3481921030224,117.30348283776134,0.3162527017805446,60.6403505460822,0.10996933291488054,0.3162527017805446,,,,,,
2014-07-15,66.58527374267578,60.674090946813315,43.62432059926222,84.38745318326936,31.365634293811652,117.36875070779276,0.28180089707507255,60.674090946813315,0.09742515633310744,0.28180089707507255,,,,,,
2014-07-16,67.07101440429688,60.707850120764434,43.64859325015205,84.43440651486196,31.383086189467413,117.43405489298513,0.302147212423387,60.707850120764434,0.10481616909303115,0.302147212423387,,,,,,
2014-07-17,65.83189392089844,60.74162807838094,43.672879406388695,84.48138597137311,31.400547795389453,117.49939541354416,0.24393661388483612,60.74162807838094,0.08380193293385263,0.24393661388483612,,,,,,
2014-07-18,67.82439422607422,60.775424830114275,43.69717907548668,84.528391567339,31.41801911698067,117.56477228968723,0.33263341595606793,60.775424830114275,0.11598387696447943,0.33263341595606793,,,,,,
2014-07-21,68.79586029052734,60.87692795461426,43.770159235154765,84.66956533744471,31.470491429842127,117.76112125395838,0.37068382504485037,60.87692795461426,0.13008101101647096,0.37068382504485037,,,,,,
2014-07-22,68.6669921875,60.910799987443404,43.794513030925394,84.71667563675018,31.488001668198038,117.82664375483236,0.36331436508416354,60.910799987443404,0.12733689594711461,0.36331436508416354,,,,,,
2014-07-23,70.6694107055664,60.94469086673289,43.818880377192045,84.7638121483114,31.505521649282247,117.89220271254433,0.4487577737949827,60.94469086673289,0.15956631661482135,0.4487577737949827,,,,,,
2014-07-24,74.32728576660156,60.97860060296891,43.843261281494236,84.81097488671291,31.52305137851562,117.95779814737898,0.6000422907235174,60.97860060296891,0.21890769928529208,0.6000422907235174,,,,,,
2014-07-25,74.53546905517578,61.012529206643514,43.86765575137568,84.85816386654739,31.540590861322045,118.0234300796322,0.6068344225897255,61.012529206643514,0.2216420139334232,0.6068344225897255,,,,,,
2014-07-28,74.267822265625,61.11442832730676,43.940920629995674,84.99988840069696,31.593267885463803,118.22054506403227,0.590871896690455,61.11442832730676,0.2152256725346986,0.590871896690455,,,,,,
2014-07-29,73.06835174560547,61.148432505772874,43.96536943771527,85.04718249235233,31.610846436861706,118.28632318914518,0.5398303751632744,61.148432505772874,0.19493417494728527,0.5398303751632744,,,,,,
2014-07-30,74.02989959716797,61.18245560422539,43.98983184879571,85.09450289852583,31.6284347689974,118.35213791332589,0.5777734194870302,61.18245560422539,0.20998575271397435,0.5777734194870302,,,,,,
2014-07-31,72.017578125,61.21649763319142,44.01430787080592,85.14184963385893,31.64603288731291,118.41798925693818,0.49255089691151305,61.21649763319142,0.17644068036248228,0.49255089691151305,,,,,,
2014-08-01,71.7301025390625,61.25055860320395,44.038797511319046,85.1892227130012,31.663640797253283,118.48387724035717,0.47874080244210615,61.25055860320395,0.17109303449373559,0.47874080244210615,,,,,,
2014-08-04,72.87008666992188,61.35285526493814,44.11234821967063,85.33150015990132,31.71652333131951,118.68176123337561,0.5214776812394424,61.35285526493814,0.18772119659711395,0.5214776812394424,,,,,,
2014-08-05,72.0572280883789,61.38699210458362,44.13689241001121,85.37897876093933,31.734170462270434,118.74779597999941,0.48578880511408323,61.38699210458362,0.1738191694686173,0.48578880511408323,,,,,,
2014-08-06,71.83912658691406,61.42114793802842,44.16145025678368,85.42648377915684,31.75182741211694,118.81386746847568,0.47491400235124326,61.42114793802842,0.16961549887340088,0.47491400235124326,,,,,,
2014-08-07,72.53305053710938,61.455322775840735,44.186021767586524,85.47401522925242,31.769494186322273,118.87997571924764,0.5023670497790982,61.455322775840735,0.18025660367410046,0.5023670497790982,,,,,,
2014-08-08,72.42401123046875,61.48951662859463,44.210606950022424,85.52157312593279,31.787170790352732,118.94612075276991,0.49612069925122876,61.48951662859463,0.1778269728142443,0.49612069925122876,,,,,,
2014-08-11,72.80069732666016,61.59221238233466,44.28444460321883,85.664405642673,31.840259636103397,119.1447767545554,0.5067872055399486,61.59221238233466,0.1819789306276034,0.5067872055399486,,,,,,
2014-08-12,72.19599914550781,61.62648240071321,44.3090845482985,85.71206947292379,31.857975614158118,119.21106912385268,0.47981813278006386,61.62648240071321,0.17150933061647988,0.47981813278006386,,,,,,
2014-08-13,73.12781524658203,61.660771486991976,44.33373820308819,85.75975982341593,31.87570144941507,119.27739837834416,0.517004713540372,61.660771486991976,0.18596983921956212,0.517004713540372,,,,,,
2014-08-14,73.65321350097656,61.69507965178037,44.35840557521599,85.80747670890537,31.893437147358828,119.34376453855282,0.5370189110335789,61.69507965178037,0.1938263783220695,0.5370189110335789,,,,,,
2014-08-15,72.98904418945312,61.72940690569371,44.38308667231426,85.8552201441562,31.911182713477,119.41016762501306,0.5078748867637356,61.72940690569371,0.182403134068033,0.5078748867637356,,,,,,
2014-08-18,73.9406967163086,61.83250330842518,44.457212389819134,85.99860989624152,31.964478675799988,119.60959864741879,0.5420828817500456,61.83250330842518,0.19582246811983062,0.5420828817500456,,,,,,
2014-08-19,74.63460540771484,61.866907025109654,44.48194846320778,86.04645967834351,31.982263769553086,119.67614964445805,0.5687109617479187,61.866907025109654,0.20637363328060387,0.5687109617479187,,,,,,
2014-08-20,74.15876007080078,61.90132988408432,44.5066982997924,86.09433608415081,32.000058758964514,119.74273767059243,0.5476370503768393,61.90132988408432,0.19801561952981594,0.5476370503768393,,,,,,
2014-08-21,73.92086791992188,61.93577189599998,44.531461907230856,86.1422391284769,32.017863649540246,119.80936274642501,0.5362115956445577,61.93577189599998,0.19350846299367652,0.5362115956445577,,,,,,
2014-08-22,73.92086791992188,61.97023307151337,44.55623929318529,86.1901688261435,32.03567844678929,119.8760248925703,0.5345254975363689,61.97023307151337,0.1928447620104563,0.5345254975363689,,,,,,
2014-08-25,74.366943359375,62.07373168629613,44.630654198829625,86.33411798752722,32.08918233371259,120.07623395919954,0.5477040295976434,62.07373168629613,0.19804209186593513,0.5477040295976434,,,,,,
2014-08-26,75.29875183105469,62.10826962288638,44.65548677555452,86.38215444693807,32.10703681280652,120.14304459297034,0.5837625548008492,62.10826962288638,0.21237883921512002,0.5837625548008492,,,,,,
2014-08-27,73.98033142089844,62.14282677644703,44.680333169170034,86.43021763392184,32.12490122616491,120.20989240029861,0.5285323906790762,62.14282677644703,0.19048867356864396,0.5285323906790762,,,,,,
2014-08-28,73.21703338623047,62.177403157670426,44.70519338736389,86.47830756334977,32.1427755793152,120.27677740186779,0.49540914755078264,62.177403157670426,0.1775505194478062,0.49540914755078264,,,,,,
2014-08-29,74.1686782836914,62.21199877725488,44.73006743782812,86.52642425010141,32.16065987778792,120.34369961837282,0.5328675424640615,62.21199877725488,0.19219249889794532,0.5328675424640615,,,,,,
2014-09-02,76.01249694824219,62.35057385337777,44.82970211637899,86.71915886822596,32.23229663562114,120.61176104805355,0.6005568533699149,62.35057385337777,0.21911463280180055,0.6005568533699149,,,,,,
2014-09-03,75.16988372802734,62.385265825450546,44.85464544372525,86.7674095650793,32.25023074377151,120.67886965006525,0.5650816507195893,62.385265825450546,0.20493008618969788,0.5650816507195893,,,,,,
2014-09-04,75.28884887695312,62.41997710019933,44.87960264958397,86.81568710870765,32.2681748304921,120.7460155914245,0.5681889953153911,62.41997710019933,0.20616591633950954,0.5681889953153911,,,,,,
2014-09-05,76.58743286132812,62.45470768836418,44.904573741677176,86.8639915140486,32.286128901335,120.81319889290697,0.6183394087055818,62.45470768836418,0.22628758817483008,0.6183394087055818,,,,,,
2014-09-08,77.21195220947266,62.55901544084515,44.97957041264843,87.00906604984768,32.34005107416484,121.01497316602399,0.6378983216550406,62.55901544084515,0.23422582125645985,0.6378983216550406,,,,,,
2014-09-09,76.0025863647461,62.593823390194224,45.00459712698583,87.05747805158126,32.35804513707973,121.08230611598746,0.5883589295706568,62.593823390194224,0.21421862810592351,0.5883589295706568,,,,,,
2014-09-10,76.75596618652344,62.628650706749276,45.02963776623235,87.10591698984018,32.37604921192377,121.14967653012609,0.6165718592847091,62.628650706749276,0.22557272622594926,0.6165718592847091,,,,,,
2014-09-11,77.24168395996094,62.663497401286264,45.05469233813584,87.15438287961196,32.394063304267625,121.21708442928501,0.6340070181635642,62.663497401286264,0.2326424020880684,0.6340070181635642,,,,,,
2014-09-12,76.80552673339844,62.69836348458711,45.07976085044845,87.20287573589248,32.41208741968504,121.28452983432094,0.615156248772744,62.69836348458711,0.22500050184370823,0.615156248772744,,,,,,
2014-09-15,73.93077850341797,62.80307817498235,45.15505010742733,87.34851625387032,32.46621996016275,121.48709129343231,0.49446550968189307,62.80307817498235,0.1771839956225003,0.49446550968189307,,,,,,
2014-09-16,75.41771697998047,62.83802192127817,45.18017445898431,87.39711712631143,32.484284223674024,121.55468693077586,0.5531397400911837,62.83802192127817,0.2001924101694641,0.5531397400911837,,,,,,
2014-09-17,75.7646713256836,62.87298511033763,45.20531278977594,87.44574504036586,32.50235853817419,121.62232017845427,0.5653665203662723,62.87298511033763,0.20504332970228734,0.5653665203662723,,,,,,
2014-09-18,76.32970428466797,62.90796775297872,45.230465107580294,87.49440001107965,32.52044290925564,121.68999105739405,0.5862024620675593,62.90796775297872,0.2133551124142572,0.5862024620675593,,,,,,
2014-09-19,77.2317886352539,62.942969860025464,45.255631420179775,87.54308205350713,32.53853734251387,121.75769958853327,0.6201298851509152,62.942969860025464,0.22701214777447531,0.6201298851509152,,,,,,
2014-09-22,76.13143920898438,63.04809307592997,45.33121440463789,87.68929076174132,32.59288107135095,121.9610513047034,0.5715743278960733,63.04809307592997,0.2075137485490306,0.5715743278960733,,,,,,
2014-09-23,77.60848236083984,63.08317314895986,45.35643677432849,87.73808124173499,32.6110158093336,122.02891065425452,0.6281340798133712,63.08317314895986,0.2302564770732285,0.6281340798133712,,,,,,
2014-09-24,77.85629272460938,63.11827274060583,45.38167317779121,87.78689886884,32.62916063751726,122.09680776087048,0.6361114477917778,63.11827274060583,0.23349846794084006,0.6361114477917778,,,,,,
2014-09-25,76.54779815673828,63.15339186172809,45.406923622834455,87.83574365816102,32.647315561516145,122.16474264555937,0.5830483646370969,63.15339186172809,0.21209322096803174,0.5830483646370969,,,,,,
2014-09-26,78.10411834716797,63.18853052319286,45.432188117271,87.88461562481119,32.66548058694758,122.23271532934098,0.6423726006318949,63.18853052319286,0.23604897440209438,0.6423726006318949,,,,,,
2014-09-29,78.31230163574219,63.29406385839529,45.50806597513319,88.03139473999357,32.72003632805736,122.43686038561539,0.6453831049193268,63.29406385839529,0.23727719254915391,0.6453831049193268,,,,,,
2014-09-30,78.3519515991211,63.32928079001346,45.533386745357504,88.08037556725957,32.73824181545484,122.50498447619978,0.6452313340093261,63.32928079001346,0.2372152442235944,0.6452313340093261,,,,,,
2014-10-01,75.88363647460938,63.36451731639608,45.55872160410417,88.12938364754643,32.756457432418436,122.57314647115139,0.546516988325697,63.36451731639608,0.1975730217544618,0.546516988325697,,,,,,
2014-10-02,76.40901184082031,63.39977344844572,45.58407055921207,88.17841899601783,32.77468318458426,122.64134639156029,0.565744913459925,63.39977344844572,0.20519376781295917,0.565744913459925,,,,,,
2014-10-03,76.76587677001953,63.435049197071,45.60943361852444,88.2274816278458,32.792919077591556,122.70958425852827,0.5781829607341071,63.435049197071,0.21014924307119576,0.5781829607341071,,,,,,
2014-10-06,76.88483428955078,63.54099425157806,45.685607500186286,88.37483337531658,32.8476876581018,122.91452574998074,0.5778182278670898,63.54099425157806,0.21000363930631005,0.5778182278670898,,,,,,
2014-10-07,75.62588500976562,63.57634857571365,45.71102705483627,88.42400529246048,32.86596417093021,122.98291561443787,0.526086884042514,63.57634857571365,0.1895286015003217,0.526086884042514,,,,,,
2014-10-08,76.84517669677734,63.61172257105913,45.736460752972455,88.47320456894802,32.88425085284342,123.05134353113928,0.5728821179042933,63.61172257105913,0.20803483368864017,0.5728821179042933,,,,,,
2014-10-09,75.24919891357422,63.64711624855961,45.76190860246428,88.52243122000199,32.90254770949952,123.11980952125734,0.5075787942750838,63.64711624855961,0.18228764080536286,0.5075787942750838,,,,,,
2014-10-10,72.27532196044922,63.68252961916628,45.787370611185594,88.57168526085364,32.92085474655977,123.18831360597612,0.38366694443539373,63.68252961916628,0.13493170564469525,0.38366694443539373,,,,,,
2014-10-13,72.35460662841797,63.788887999226645,45.863841671530594,88.71961187463448,32.97583699682504,123.39405463975498,0.38193200086558593,63.788887999226645,0.13428230053634382,0.38193200086558593,,,,,,
2014-10-14,72.94937896728516,63.82438025189182,45.88936039599591,88.76897562715904,32.994184812177316,123.46271131495376,0.4050612729275508,63.82438025189182,0.14297042414482153,0.4050612729275508,,,,,,
2014-10-15,72.57269287109375,63.85989225251057,45.91489331912568,88.81836684576479,33.012542836287246,123.53140619085082,0.387682506783335,63.85989225251057,0.13643619353649394,0.387682506783335,,,,,,
2014-10-16,71.99773406982422,63.895424012070706,45.94044044882007,88.86778554573392,33.03091107483499,123.60013928870107,0.3618859957004246,63.895424012070706,0.1268057952979993,0.3618859957004246,,,,,,
2014-10-17,75.28884887695312,63.93097554156613,45.966001792983626,88.91723174235709,33.049289533503895,123.66891062977129,0.4956867766632792,63.93097554156613,0.17765837669726192,0.4956867766632792,,,,,,
2014-10-20,76.28013610839844,64.03774885969503,46.0427711914009,89.06573546518538,33.10448628711827,123.87545432514695,0.5302782328426833,64.03774885969503,0.19117454105899556,0.5302782328426833,,,,,,
2014-10-21,78.00499725341797,64.0733795789931,46.06838947257473,89.1152918015018,33.12290568316837,123.94437885200145,0.5963708371347298,64.0733795789931,0.21743222795434458,0.5963708371347298,,,,,,
2014-10-22,77.68778228759766,64.10903012328785,46.09402200780654,89.16487571105338,33.141335327803745,124.01334172858736,0.5823329207315375,64.10903012328785,0.21180716879036465,0.5823329207315375,,,,,,
2014-10-23,79.34324645996094,64.14470050360993,46.11966880502732,89.21448720918193,33.15977522672674,124.08234297624254,0.6445607488279324,64.14470050360993,0.23694156862569926,0.6445607488279324,,,,,,
2014-10-24,79.96774291992188,64.18039073099614,46.14532987217246,89.26412631123776,33.17822538564284,124.15138261631674,0.6666393086448612,64.18039073099614,0.24598404604759105,0.6666393086448612,,,,,,
2014-10-27,79.58116912841797,64.28758060599972,46.22239877257428,89.41320939460054,33.23363747945252,124.35873210472889,0.6468922755814657,64.28758060599972,0.23789335946779988,0.6468922755814657,,,,,,
2014-10-28,80.0668716430664,64.32335033213334,46.24811699885918,89.46295906603982,33.25212873545964,124.4279255282141,0.6636500960131908,64.32335033213334,0.24475592812938785,0.6636500960131908,,,,,,
2014-10-29,75.19963836669922,64.3591399606073,46.27384953481172,89.51273641828624,33.27063028003506,124.49715745104531,0.47185976634687576,64.3591399606073,0.16843758963726274,0.47185976634687576,,,,,,
2014-10-30,73.46485137939453,64.39494950249527,46.299596388393795,89.56254146674151,33.289142118903335,124.56642789464361,0.3994273698350621,64.39494950249527,0.14084803151445624,0.3994273698350621,,,,,,
2014-10-31,74.33720397949219,64.4307789688771,46.32535756757178,89.61237422681582,33.307664257792254,124.63573688044202,0.43352303400943526,64.4307789688771,0.15375299149185073,0.43352303400943526,,,,,,
2014-11-03,73.23686981201172,64.53838702587694,46.402727138411166,89.76203893098382,33.36329253190819,124.843895305547,0.3832616960793547,64.53838702587694,0.13477998423863746,0.3832616960793547,,,,,,
2014-11-04,75.10049438476562,64.57429630115631,46.42854569972504,89.81198269180817,33.38185592822105,124.91335867471483,0.45774417080142216,64.57429630115631,0.16300910248433986,0.45774417080142216,,,,,,
2014-11-05,74.1786117553711,64.61022555642128,46.45437862653306,89.86195424143122,33.40042965324114,124.9828606934267,0.41861881549175556,64.61022555642128,0.1480939915709496,0.41861881549175556,,,,,,
2014-11-06,74.60486602783203,64.64617480278893,46.48022592682831,89.91195359531496,33.41901371271546,125.0524013831876,0.4343011378376613,64.64617480278893,0.1540491955699359,0.4343011378376613,,,,,,
2014-11-07,74.94188690185547,64.68214405138228,46.506087608608205,89.96198076892962,33.43760811239408,125.12198076551407,0.44627739721412296,64.68214405138228,0.15861785351955926,0.44627739721412296,,,,,,
2014-11-10,74.34711456298828,64.79017192184027,46.58375902289682,90.11222936299184,33.493453410204886,125.33095128323293,0.41706614390668895,64.79017192184027,0.14750605466330668,0.41706614390668895,,,,,,
2014-11-11,73.96050262451172,64.82622129069112,46.60967831067864,90.16236797040591,33.51208922826584,125.40068565122765,0.3995763782917153,64.82622129069112,0.14090411490839516,0.3995763782917153,,,,,,
2014-11-12,74.06954193115234,64.86229071747601,46.635612019999066,90.21253447503184,33.53073541532967,125.47045881955084,0.4023558654539806,64.86229071747601,0.14195075616093833,0.4023558654539806,,,,,,
2014-11-13,73.60364532470703,64.89838021335521,46.66156015888226,90.26272889239168,33.54939197716572,125.5402708097911,0.3815433144032381,64.89838021335521,0.1341368626263555,0.3815433144032381,,,,,,
2014-11-14,74.22816467285156,64.93448978949519,46.68752273535687,90.31295123801614,33.56805891954651,125.610121643549,0.4054681660285625,64.93448978949519,0.14312386088632767,0.4054681660285625,,,,,,
2014-11-17,73.5937271118164,65.04293911123787,46.76549717068253,90.46378599991378,33.62412208773101,125.81990742211474,0.374390434757941,65.04293911123787,0.1314637394530218,0.374390434757941,,,,,,
2014-11-18,73.69287109375,65.07912912021011,46.79151757789851,90.51412021407653,33.642830610080495,125.88991384618956,0.3767851646294726,65.07912912021011,0.13235797850996311,0.3767851646294726,,,,,,
2014-11-19,72.691650390625,65.11533926536882,46.817552462916126,90.56448243428709,33.66154954188566,125.95995922196535,0.33363360218729937,65.11533926536882,0.11635217155791722,0.33363360218729937,,,,,,
2014-11-20,72.95930480957031,65.15156955791778,46.84360183379086,90.61487267612807,33.68027888893834,126.03004357111492,0.34308805495722033,65.15156955791778,0.11983955727592543,0.34308805495722033,,,,,,
2014-11-21,73.10798645019531,65.18782000906705,46.86966569858267,90.66529095519076,33.69901865703359,126.10016691532313,0.34757287257988534,65.18782000906705,0.1214976423513876,0.34757287257988534,,,,,,
2014-11-24,73.36573791503906,65.29669242631073,46.947944337127396,90.81671417175208,33.755300545573824,126.31077113532916,0.35318267542253867,65.29669242631073,0.12357510294774121,0.35318267542253867,,,,,,
2014-11-25,74.97164154052734,65.33302362408648,46.97406625827679,90.86724475578804,33.774082055854535,126.38105067686189,0.417130889818842,65.33302362408648,0.14753056542889542,0.417130889818842,,,,,,
2014-11-26,76.9443130493164,65.36937503660639,47.00020271371037,90.91780345513234,33.79287401620153,126.45136932205864,0.49417128254545745,65.36937503660639,0.1770697364970697,0.49417128254545745,,,,,,
2014-11-28,77.02361297607422,65.442138550875,47.05251925978217,91.01900526232836,33.83048931035539,126.59212401048575,0.4939214800256038,65.442138550875,0.1769727377749999,0.4939214800256038,,,,,,
2014-12-01,74.44624328613281,65.5514357142506,47.131103288340036,91.17101922930328,33.88699077254944,126.80354986493397,0.38569696529463654,65.5514357142506,0.1356920329046052,0.38569696529463654,,,,,,
2014-12-02,74.80310821533203,65.58790865165254,47.15732711946119,91.22174694931412,33.90584555551064,126.8741035894432,0.3985065054088087,65.58790865165254,0.1405015002479013,0.3985065054088087,,,,,,
2014-12-03,74.22816467285156,65.62440188266281,47.18356554156942,91.27250289432014,33.92471082930719,126.94469657017235,0.37343230197297694,65.62440188266281,0.1311061517264931,0.37343230197297694,,,,,,
2014-12-04,74.58502197265625,65.66091541857284,47.20981856278317,91.32328708002576,33.9435865997762,127.01532882896367,0.38628401751219943,65.66091541857284,0.13591200331573705,0.38628401751219943,,,,,,
2014-12-05,75.69527435302734,65.6974492706803,47.236086191225404,91.37409952214418,33.962472872758035,127.08600038767156,0.4293870537211806,65.6974492706803,0.15217980596407887,0.4293870537211806,,,,,,
2014-12-08,75.85388946533203,65.80717283725829,47.31497680122052,91.52670654423898,34.019194765232946,127.29825108202068,0.43067382729563425,65.80717283725829,0.15266902063881926,0.43067382729563425,,,,,,
2014-12-09,76.17109680175781,65.8437880672581,47.34130293989688,91.5776321693153,34.03812310673484,127.36908005918202,0.4416372471858183,65.8437880672581,0.15684560438640882,0.4416372471858183,,,,,,
2014-12-10,75.516845703125,65.88042367003801,47.36764372648433,91.62858612950137,34.05706198000012,127.43994844571415,0.41380298570214197,65.88042367003801,0.14627140349538426,0.41380298570214197,,,,,,
2014-12-11,77.0533447265625,65.91707965693364,47.39399916913313,91.67956844056314,34.07601139088877,127.51085626354485,0.4731720484442505,65.91707965693364,0.16894354433763925,0.4731720484442505,,,,,,
2014-12-12,77.1524887084961,65.95375603928666,47.42036927599789,91.730579118275,34.09497134526392,127.58180353461366,0.47538367099708784,65.95375603928666,0.16979673852901844,0.47538367099708784,,,,,,
2014-12-15,76.31978607177734,66.0639076726025,47.49956766350261,91.8837815091876,34.1519145279888,127.79488228682825,0.4374319311011622,66.0639076726025,0.15524177664452754,0.4374319311011622,,,,,,
2014-12-16,74.0398178100586,66.10066575032903,47.525996508868595,91.93490581142022,34.170916715006726,127.86598759049015,0.3438118630803663,66.10066575032903,0.12010699089955912,0.3438118630803663,,,,,,
2014-12-17,75.44745635986328,66.1374442803165,47.552440059291946,91.9860585593071,34.18992947487588,127.93713245727163,0.39921376947207476,66.1374442803165,0.14076764200453962,0.39921376947207476,,,,,,
2014-12-18,77.7175064086914,66.17424327394457,47.57889832295458,92.0372397686754,34.208952813479016,128.00831690918568,0.48738487549227094,66.17424327394457,0.17443740288741427,0.48738487549227094,,,,,,
2014-12-19,79.18462371826172,66.21106274259927,47.605371308042976,92.08844945536119,34.22798673670216,128.07954096825753,0.5423871194672522,66.21106274259927,0.19594249719413503,0.5423871194672522,,,,,,
2014-12-22,80.74095153808594,66.32164411267819,47.684878673795794,92.24224953781575,34.28515207300104,128.29345100885615,0.5963274604496032,66.32164411267819,0.21741480655862278,0.5963274604496032,,,,,,
2014-12-23,79.90827941894531,66.35854559542616,47.71141062654309,92.29357329230791,34.30422839363001,128.3648337170568,0.5632186001859295,66.35854559542616,0.2041897347498991,0.5632186001859295,,,,,,
2014-12-24,80.0668716430664,66.39546761022591,47.7379573417169,92.34492560342991,34.32331532835829,128.43625614272543,0.5675425038464396,66.39546761022591,0.20590869414608792,0.5675425038464396,,,,,,
2014-12-26,80.07679748535156,66.46937328168327,47.79109509220394,92.44771595912808,34.361521063738856,128.57922023487433,0.5645460608344773,66.46937328168327,0.20471720330509013,0.5645460608344773,,,,,,
2014-12-29,79.32341003417969,66.58038606506585,47.870912641627854,92.60211606491053,34.41890942030391,128.79396480697892,0.5308342564813422,66.58038606506585,0.1913930621648947,0.5308342564813422,,,,,,
2014-12-30,78.53038024902344,66.61743151230417,47.897548104011356,92.6536400497893,34.43806016376286,128.8656260019622,0.49869143104089936,66.61743151230417,0.17882629915743542,0.49869143104089936,,,,,,
2014-12-31,77.3408203125,66.65449757169634,47.92419838641431,92.70519270270646,34.45722156273012,128.937327069364,0.4507380520367093,66.65449757169634,0.16032410610115266,0.4507380520367093,,,,,,
2015-01-02,77.76707458496094,66.72869157282317,47.9775434442667,92.80838407646857,34.495576350907804,129.08084891017577,0.4640260873041495,66.72869157282317,0.16542184106953806,0.4640260873041495,,,,,,
2015-01-05,76.51805877685547,66.84013745259075,48.05767238748745,92.96338654646189,34.553188597812444,129.29643126956074,0.40988848401399935,66.84013745259075,0.14479206197218253,0.40988848401399935,,,,,,
2015-01-06,75.48711395263672,66.87732742597092,48.08441176333137,93.01511154289007,34.57241405444865,129.36837203779265,0.36708468611081985,66.87732742597092,0.12873999093633492,0.36708468611081985,,,,,,
2015-01-07,75.48711395263672,66.91453809191955,48.11116601701237,93.06686531919982,34.5916502081637,129.44035283399816,0.36539858800263114,66.91453809191955,0.1281123072080561,0.36539858800263114,,,,,,
2015-01-08,77.49944305419922,66.95176946195004,48.13793515680852,93.11864789140432,34.61089706490948,129.51237368044886,0.44345977050756974,66.95176946195004,0.15754137160248805,0.44345977050756974,,,,,,
2015-01-09,77.06326293945312,66.98902154758214,48.16471919100246,93.17045927552566,34.63015463064116,129.58443459942882,0.42466535103493375,66.98902154758214,0.15038645376713378,0.42466535103493375,,,,,,
2015-01-12,76.0521469116211,67.10090221338223,48.24516074286684,93.32606645974526,34.68799164135319,129.80085801457025,0.3795726401948673,67.10090221338223,0.13339976666444398,0.3795726401948673,,,,,,
2015-01-13,75.78446960449219,67.13823727674703,48.272004437570864,93.37799325193329,34.70729210264669,129.87307944675564,0.36719893242955265,67.13823727674703,0.128782534043975,0.36719893242955265,,,,,,
2015-01-14,75.61595916748047,67.17559311340852,48.298863068155086,93.42994893628224,34.7266033027517,129.94534106307628,0.35876530196454587,67.17559311340852,0.12564631978496377,0.35876530196454587,,,,,,
2015-01-15,73.4053955078125,67.21296973492521,48.32573664293004,93.48193352886813,34.74592524764344,130.01764288589118,0.2671436375789537,67.21296973492521,0.09213141150151527,0.2671436375789537,,,,,,
2015-01-16,74.52554321289062,67.25036715286161,48.35262517021052,93.53394704577518,34.765257943300206,130.08998493757085,0.3113635632755855,67.25036715286161,0.1081804660410608,0.3113635632755855,,,,,,
2015-01-20,75.5763168334961,67.40016502032552,48.460328970850234,93.74229067862244,34.84269635326311,130.37975588079507,0.3470591613954481,67.40016502032552,0.12130759339691433,0.3470591613954481,,,,,,
2015-01-21,76.07196807861328,67.43766659405736,48.487292385545466,93.79444905871864,34.86208289253811,130.45229941280024,0.36518766475315145,67.43766659405736,0.12803381137918524,0.36518766475315145,,,,,,
2015-01-22,76.97405242919922,67.47518903373268,48.51427080273341,93.84663645983188,34.88148021851864,130.5248833081578,0.3992350400711169,67.47518903373268,0.1407756470414303,0.3992350400711169,,,,,,
2015-01-23,77.1524887084961,67.51273235096129,48.54126423076147,93.8988528981095,34.900888337206425,130.59750758932606,0.4045675504531646,67.51273235096129,0.1427842722676822,0.4045675504531646,,,,,,
2015-01-26,76.82534790039062,67.62548768416238,48.62233466343021,94.05567659753684,34.95917750958088,130.8156229724647,0.38662906644514744,67.62548768416238,0.13604131417425358,0.38662906644514744,,,,,,
2015-01-27,75.1203384399414,67.66311462783196,48.64938821838583,94.10800934612519,34.97862885918195,130.88840902170804,0.31691276898115167,67.66311462783196,0.11021106334117903,0.31691276898115167,,,,,,
2015-01-28,75.5763168334961,67.70076250720105,48.67645682598837,94.16037121274951,34.99809103154913,130.96123556924087,0.33357037652993843,67.70076250720105,0.11632888662749341,0.33357037652993843,,,,,,
2015-01-29,77.32100677490234,67.73843133391833,48.70354049461314,94.21276221361113,35.017564032704215,131.03410263759645,0.4010645593322821,67.73843133391833,0.14146438369300984,0.4010645593322821,,,,,,
2015-01-30,75.24919891357422,67.77612111963892,48.73063923264011,94.26518236492039,35.03704786867236,131.10701024932067,0.3170497080497674,67.77612111963892,0.11026121988810433,0.3170497080497674,,,,,,
2015-02-02,74.33720397949219,67.88931634746935,48.812025947004074,94.42261788377282,35.09556444575708,131.32597657035197,0.27502981183970443,67.88931634746935,0.0949764702154523,0.27502981183970443,,,,,,
2015-02-03,74.74363708496094,67.92709008588442,48.839185046533,94.47515479915654,35.115091681296136,131.39904658126034,0.28987145151495275,67.92709008588442,0.10035093495773095,0.28987145151495275,,,,,,
2015-02-04,74.97164154052734,67.96488484167585,48.86635925743401,94.52772094617504,35.13462978182437,131.47215724845492,0.2974179241374489,67.96488484167585,0.10309377725238145,0.2974179241374489,,,,,,
2015-02-05,74.95181274414062,68.00270062653777,48.89354858811514,94.5803163410928,35.154178753387086,131.54530859455699,0.2949300152831225,68.00270062653777,0.10218876682216638,0.2949300152831225,,,,,,
2015-02-06,73.82173919677734,68.0405374521708,48.92075304698903,94.63294100018344,35.173738602032934,131.61850064220036,0.2471934090206372,68.0405374521708,0.08496702055991912,0.2471934090206372,,,,,,
2015-02-09,73.7919921875,68.15417429080027,49.00245727696429,94.79099072536424,35.23248347100643,131.83832122090527,0.24091342291264392,68.15417429080027,0.08272153474626931,0.24091342291264392,,,,,,
2015-02-10,74.53546905517578,68.19209539665407,49.02972233282966,94.84373260406336,35.252086888538805,131.91167630130394,0.26961480095199664,68.19209539665407,0.09302212553557876,0.26961480095199664,,,,,,
2015-02-11,75.8439712524414,68.23003760187977,49.05700255902142,94.89650382843918,35.27170121344815,131.98507219660203,0.32068108182369376,68.23003760187977,0.11159210691028365,0.32068108182369376,,,,,,
2015-02-12,75.56641387939453,68.26800091821708,49.08429796398039,94.94930441481971,35.29132645180335,132.058508929509,0.3078816926886904,68.26800091821708,0.106908256621147,0.3078816926886904,,,,,,
2015-02-13,75.08068084716797,68.30598535741228,49.11160855615204,95.00213437954199,35.31096260967668,132.131986522747,0.28664844304512616,68.30598535741228,0.09918157910038139,0.28664844304512616,,,,,,
2015-02-17,74.94188690185547,68.45813457792588,49.22100296603997,95.21374834890854,35.38961655791467,132.4263059538943,0.27429539017887977,68.45813457792588,0.0947112036269282,0.27429539017887977,,,,,,
2015-02-18,76.04222106933594,68.49622480783319,49.248389621122,95.266725450714,35.409307404580794,132.49998819006186,0.31679137097362353,68.49622480783319,0.1101666008991462,0.31679137097362353,,,,,,
2015-02-19,78.72864532470703,68.53433623121344,49.27579151418854,95.31973202907491,35.42900920726968,132.57371142315912,0.4203436405941809,68.53433623121344,0.14874746957643503,0.4203436405941809,,,,,,
2015-02-20,79.2044677734375,68.57246885985847,49.30320865371787,95.37276810039172,35.44872197207715,132.6474756759964,0.4369224779638961,68.57246885985847,0.15504763194843751,0.4369224779638961,,,,,,
2015-02-23,78.15367889404297,68.6869940954025,49.38555163593837,95.53205343622388,35.50792610022199,132.8690147812481,0.39138070826739124,68.6869940954025,0.13782354175365086,0.39138070826739124,,,,,,
2015-02-24,77.76707458496094,68.72521166315936,49.413029846198015,95.58520764355576,35.52768277453148,132.94294334140807,0.3746628875701532,68.72521166315936,0.13156544305921059,0.3746628875701532,,,,,,
2015-02-25,78.86741638183594,68.76345049524005,49.44052334538355,95.63839142598476,35.54745044149029,133.01691303555265,0.41556529993577984,68.76345049524005,0.14693802905215336,0.41556529993577984,,,,,,
2015-02-26,79.71002197265625,68.80171060347608,49.46803214200177,95.6916047999665,35.56722910721476,133.09092388656882,0.4460922722767969,68.80171060347608,0.15854709531929934,0.4460922722767969,,,,,,
2015-02-27,78.28256225585938,68.83999199970553,49.49555624456418,95.74484778196576,35.58701877782461,133.1649759173564,0.38963096144277104,68.83999199970553,0.1371669284359336,0.38963096144277104,,,,,,
2015-03-02,79.05577087402344,68.9549640348342,49.57822047310283,95.90475454085417,35.64645388021489,133.3873793175361,0.41436542683905814,68.9549640348342,0.14648411438640707,0.41436542683905814,,,,,,
2015-03-03,78.90706634521484,68.99333070155006,49.60580588465198,95.95811611975482,35.66628763163174,133.4615962966617,0.40697224171118324,68.99333070155006,0.14369121685905295,0.40697224171118324,,,,,,
2015-03-04,80.19575500488281,69.0317187155487,49.633406644774006,96.0115073891345,35.68613241858376,133.53585457024872,0.4543910310724729,69.0317187155487,0.16172328455758866,0.4543910310724729,,,,,,
2015-03-05,80.50305938720703,69.07012808870775,49.66102276200889,96.06492836551303,35.70598824721113,133.61015416127347,0.46429808968995234,69.07012808870775,0.16552642386612937,0.46429808968995234,,,,,,
2015-03-06,79.31349182128906,69.10855883291151,49.68865424490136,96.11837906541943,35.72585512365746,133.6844950927251,0.4174866526058811,69.10855883291151,0.14766525537091169,0.4174866526058811,,,,,,
2015-03-09,78.74845886230469,69.22397941073295,49.771640973042835,96.27890967173425,35.78552210139762,133.90776615972382,0.39075663779451847,69.22397941073295,0.13758930839643413,0.39075663779451847,,,,,,
2015-03-10,76.87491607666016,69.26249575809057,49.79933400410801,96.3324794312265,35.80543323062428,133.9822726830297,0.31608196788522896,69.26249575809057,0.10990681515660494,0.31608196788522896,,,,,,
2015-03-11,76.89473724365234,69.30103353601352,49.827042443625764,96.38607899702983,35.82535543843927,134.0568206618999,0.3151773242553306,69.30103353601352,0.10957561987430697,0.3151773242553306,,,,,,
2015-03-12,78.24290466308594,69.33959275642583,49.85476630016938,96.43970838572852,35.84528873100672,134.13141011940039,0.36617570290231294,69.33959275642583,0.1284015603889601,0.36617570290231294,,,,,,
2015-03-13,77.37055969238281,69.3781734312581,49.882505582316924,96.49336761391609,35.8652331144942,134.20604107860996,0.3305043338734888,69.3781734312581,0.1152002981030309,0.3305043338734888,,,,,,
2015-03-16,77.39038848876953,69.49404430168087,49.965816068235355,96.65452450148572,35.92513287220416,134.43018319747358,0.32622278741789684,69.49404430168087,0.11362620015047353,0.32622278741789684,,,,,,
2015-03-17,78.66915130615234,69.53271091363231,49.99361713867472,96.70830325374867,35.94512168111623,134.50498039456423,0.374213590246206,69.53271091363231,0.13139773025488033,0.374213590246206,,,,,,
2015-03-18,80.2056655883789,69.57139903975659,50.021433677679966,96.76211192860664,35.96512161183774,134.5798192089506,0.4311602302494446,69.57139903975659,0.1528539988472184,0.4311602302494446,,,,,,
2015-03-19,82.02964782714844,69.6101086920242,50.049265693857826,96.81595054270863,35.98513267055687,134.65469966378868,0.49763554893414225,69.6101086920242,0.17841574116874281,0.49763554893414225,,,,,,
2015-03-20,83.07051849365234,69.64883988241237,50.077113195819834,96.8698191127129,36.00515486346528,134.72962178224728,0.5341702804360208,69.64883988241237,0.19270498451804352,0.5341702804360208,,,,,,
2015-03-23,83.69503021240234,69.76516280217194,50.160748702597886,97.03160472486088,36.06528830929417,134.9546383512278,0.5518148885216506,69.76516280217194,0.19966795533367176,0.5518148885216506,,,,,,
2015-03-24,84.5673599243164,69.80398026494747,50.18865823390761,97.08559328524218,36.08535510094495,135.02972735611462,0.5815586614444289,69.80398026494747,0.21149767682778498,0.5815586614444289,,,,,,
2015-03-25,82.19816589355469,69.84281932582942,50.21658329413099,97.13961188495604,36.10543305779488,135.10485814065947,0.4937397426120088,69.84281932582942,0.1769021738667984,0.4937397426120088,,,,,,
2015-03-26,82.2873764038086,69.88167999683523,50.24452389190848,97.19366054071666,36.12552218605638,135.18003072810896,0.4953416567900582,69.88167999683523,0.17752430118358897,0.4953416567900582,,,,,,
2015-03-27,82.57486724853516,69.92056228998855,50.272480035885025,97.24773926924695,36.14562249194511,135.25524514172187,0.5042273443554022,69.92056228998855,0.18098116697151467,0.5042273443554022,,,,,,
2015-03-30,82.47573852539062,70.03733902267405,50.356441831533054,97.41015605882902,36.20599053758506,135.48113957232897,0.4955279925220626,70.03733902267405,0.17759668879895263,0.4955279925220626,,,,,,
2015-03-31,81.50425720214844,70.07630792479097,50.38446024685369,97.46435524585726,36.226135616210165,135.55652152344754,0.45792541476553866,70.07630792479097,0.1630786440635894,0.45792541476553866,,,,,,
2015-04-01,80.95905303955078,70.11529850927552,50.41249425167129,97.5185845894112,36.246291903593466,135.6319454172201,0.435894649357848,70.11529850927552,0.154656041703092,0.435894649357848,,,,,,
2015-04-02,80.85002136230469,70.1543107881918,50.44054385465988,97.57284410627,36.266459405971524,135.70741127698355,0.430123523775244,70.1543107881918,0.15245977693951152,0.430123523775244,,,,,,
2015-04-06,81.72235107421875,70.31057708969145,50.55289842197359,97.79018424266337,36.34724169028429,136.00969484314064,0.4559090656530858,70.31057708969145,0.16230522429036398,0.4559090656530858,,,,,,
2015-04-07,81.6033935546875,70.34969802196309,50.5810261460965,97.8445948780605,36.367465361306266,136.08537088336794,0.4498074417474969,70.34969802196309,0.15996792948863847,0.4498074417474969,,,,,,
2015-04-08,81.5637435913086,70.38884072119222,50.609169520535985,97.8990357876336,36.387700284815374,136.16108902988094,0.4466481657155793,70.38884072119222,0.15875958114411604,0.4466481657155793,,,,,,
2015-04-09,81.45470428466797,70.42800519949,50.63732855399992,97.95350698822723,36.40794646707252,136.23684930610762,0.44090706172191557,70.42800519949,0.15656696585320606,0.44090706172191557,,,,,,
2015-04-10,81.3258285522461,70.46719146897435,50.66550325520101,98.00800849669542,36.428203914342106,136.31265173548903,0.4344212660997786,70.46719146897435,0.15409493207988345,0.4344212660997786,,,,,,
2015-04-13,82.2873764038086,70.58488114582707,50.75012145242703,98.17169503802769,36.48904390892159,136.54031217716775,0.46499189084266407,70.58488114582707,0.16579322750157188,0.46499189084266407,,,,,,
2015-04-14,82.79293823242188,70.62415470137171,50.77835891180083,98.22631794672145,36.509346478954505,136.61628345383954,0.4818720961073947,70.62415470137171,0.17230342200207338,0.4818720961073947,,,,,,
2015-04-15,81.98999786376953,70.66345010879371,50.80661208254809,98.2809712477004,36.52966034537411,136.69229700106706,0.45064537907950736,70.66345010879371,0.16028863206562116,0.45064537907950736,,,,,,
2015-04-16,81.59347534179688,70.70276738025146,50.83488097341067,98.33565495787488,36.54998551446573,136.76835284236975,0.4342641188352764,70.70276738025146,0.1540351016668604,0.4342641188352764,,,,,,
2015-04-17,80.07679748535156,70.74210652791018,50.86316559313526,98.39036909416461,36.5703219925182,136.84445100128013,0.37570307271734976,70.74210652791018,0.13195381669555628,0.37570307271734976,,,,,,
2015-04-20,82.3666763305664,70.86025534984552,50.94811391302109,98.5546942290639,36.631399343381474,137.07299961917872,0.45610895290637915,70.86025534984552,0.1623818729400892,0.45610895290637915,,,,,,
2015-04-21,82.8920669555664,70.89968212409538,50.97646153575809,98.60953023920032,36.65178112023561,137.14926728410674,0.4736965254324644,70.89968212409538,0.16914581944783347,0.4736965254324644,,,,,,
2015-04-22,83.8932876586914,70.93913083547375,51.00482493116366,98.66439676019198,36.67217423754727,137.2255773845015,0.5084037930897632,70.93913083547375,0.1826094663220743,0.5084037930897632,,,,,,
2015-04-23,81.69261169433594,70.97860149618649,51.033204108013734,98.71929380901514,36.692578701626275,137.30192994397416,0.42614211922327405,70.97860149618649,0.15094704562085637,0.42614211922327405,,,,,,
2015-04-24,80.82025909423828,71.01809411844624,51.06159907508915,98.77422140265558,36.71299451878601,137.378324986149,0.3919133223794467,71.01809411844624,0.13802348679540288,0.3919133223794467,,,,,,
2015-04-27,81.19696044921875,71.13670387673605,51.14687880554891,98.9391876224797,36.77431015193586,137.60776524532702,0.4009505735253323,71.13670387673605,0.1414214607119677,0.4009505735253323,,,,,,
2015-04-28,79.97766876220703,71.17628446744632,51.175337021431645,98.99423756543568,36.79477144462238,137.68433045481675,0.35340127948428984,71.17628446744632,0.12365613575665324,0.35340127948428984,,,,,,
2015-04-29,79.76949310302734,71.2158870808688,51.20381107151712,99.04931813827943,36.81524412200913,137.76093826532738,0.34381490762858596,71.2158870808688,0.1201081159383095,0.34381490762858596,,,,,,
2015-04-30,78.08429718017578,71.25551172925714,51.23230096461567,99.10442935805372,36.83572819043068,137.8375887005626,0.2774060565311546,71.25551172925714,0.09583518923932988,0.2774060565311546,,,,,,
2015-05-01,78.30238342285156,71.29515842487139,51.26080670954217,99.1595712418102,36.85622365622488,137.9142817842384,0.28417418507734815,71.29515842487139,0.09828472441595282,0.28417418507734815,,,,,,
2015-05-04,78.12395477294922,71.41423091777585,51.346419143514545,99.32518104763652,36.91777850127674,138.14461716327375,0.272200766381697,71.41423091777585,0.09395499704951993,0.272200766381697,,,,,,
2015-05-05,76.88483428955078,71.45396592503376,51.37498838400226,99.38044575803247,36.938319620012344,138.2214810781417,0.22205152703928782,71.45396592503376,0.07600513553320254,0.22205152703928782,,,,,,
2015-05-06,77.42012786865234,71.49372304092157,51.40357352046705,99.43574121781324,36.95887216786357,138.2983877602309,0.24139638327166768,71.49372304092157,0.082894058046727,0.24139638327166768,,,,,,
2015-05-07,77.74725341796875,71.53350227774057,51.43217456175348,99.49106744408786,36.979436151189596,138.3753372333371,0.2524911362363354,71.53350227774057,0.08686490864241869,0.2524911362363354,,,,,,
2015-05-08,77.82656860351562,71.5733036477989,51.46079151671101,99.54642445397485,37.00001157635313,138.45232952126935,0.2538957958120758,71.5733036477989,0.08736867850180663,0.2538957958120758,,,,,,
2015-05-11,77.33092498779297,71.69284068059379,51.54673795217884,99.7126803566383,37.06180656654918,138.68356351231097,0.22947134953782714,71.69284068059379,0.0786422222034413,0.22947134953782714,,,,,,
2015-05-12,76.78571319580078,71.73273070682768,51.57541865041403,99.76816067235069,37.08242782276082,138.76072729790235,0.2063384455062749,71.73273070682768,0.07044179747770496,0.2063384455062749,,,,,,
2015-05-13,77.75717163085938,71.77264292794432,51.604115306641596,99.8236718574111,37.103060552676716,138.83793401756364,0.24276121339643622,71.77264292794432,0.08338175185945418,0.24276121339643622,,,,,,
2015-05-14,80.66166687011719,71.81257735629298,51.63282792974059,99.87921392899528,37.12370476268086,138.91518369518337,0.35223743732778284,71.81257735629298,0.12322478651504287,0.35223743732778284,,,,,,
2015-05-15,79.71993255615234,71.85253400422981,51.66155652859502,99.93478690428856,37.144360459160794,138.99247635466347,0.31495347494055376,71.85253400422981,0.10949368259523595,0.31495347494055376,,,,,,
2015-05-18,80.17593383789062,71.97253738923388,51.747838268604994,100.10169142441961,37.20639653138406,139.2246124634843,0.3271843886861067,71.97253738923388,0.11397953644863246,0.3271843886861067,,,,,,
2015-05-19,79.9281005859375,72.01258303922238,51.776630859419996,100.15738818659376,37.22709823771367,139.30207728969077,0.31611397198623264,72.01258303922238,0.1099185338540607,0.31611397198623264,,,,,,
2015-05-20,79.84880065917969,72.05265097068296,51.805439470484615,100.21311593854713,37.24781146251013,139.37958521746668,0.3114190004119349,72.05265097068296,0.10820073353954518,0.3114190004119349,,,,,,
2015-05-21,79.77940368652344,72.09274119601308,51.83426411071253,100.26887469752249,37.268536212182326,139.4571362707938,0.3070973234088302,72.09274119601308,0.10662186460091849,0.3070973234088302,,,,,,
2015-05-22,79.8388900756836,72.1328537276171,51.863104789022415,100.32466448077221,37.28927249314274,139.53473047366725,0.30767055733786586,72.1328537276171,0.10683115875555771,0.30767055733786586,,,,,,
2015-05-26,78.63941955566406,72.29352716510067,51.9786280616284,100.54813420189792,37.37233305824057,139.8455392609947,0.2550409111226242,72.29352716510067,0.08777953766276925,0.2550409111226242,,,,,,
2015-05-27,79.84880065917969,72.33375141438107,52.0075490643017,100.604079365641,37.39312709195387,139.92334957199446,0.2996163136546139,72.33375141438107,0.1038940895204905,0.2996163136546139,,,,,,
2015-05-28,79.45227813720703,72.37399804450654,52.0364861586732,100.66005565737437,37.413932695505146,140.00120317679202,0.28284001065746894,72.37399804450654,0.09780142432296879,0.28284001065746894,,,,,,
2015-05-29,78.5006332397461,72.41426706792979,52.06543935369635,100.71606309441772,37.43474987533187,140.07910009947608,0.2446282889159462,72.41426706792979,0.08404926844190608,0.2446282889159462,,,,,,
2015-06-01,79.59105682373047,72.53520862261774,52.152395632284936,100.88427245074888,37.497270936893266,140.31305101593608,0.28138557965912603,72.53520862261774,0.09727480398963917,0.28138557965912603,,,,,,
2015-06-02,79.7397689819336,72.57556734389826,52.18141331954886,100.94040464242163,37.51813448626824,140.39112145132194,0.28535785871248165,72.57556734389826,0.09871368423601679,0.28535785871248165,,,,,,
2015-06-03,81.72235107421875,72.6159485208443,52.210447152306465,100.99656806614736,37.539009644159826,140.46923532523923,0.35811537537814325,72.6159485208443,0.1254049935154462,0.35811537537814325,,,,,,
2015-06-04,81.33573913574219,72.65635216595024,52.239497139541136,101.05276273930363,37.559896417027026,140.5473926618573,0.34205523823494166,72.65635216595024,0.11945806128510084,0.34205523823494166,,,,,,
2015-06-05,81.42496490478516,72.69677829171732,52.268563290241204,101.10898867927762,37.58079481133239,140.62559348535868,0.34369256511020285,72.69677829171732,0.12006290812563125,0.34369256511020285,,,,,,
2015-06-08,79.96774291992188,72.81819167810379,52.35585881309309,101.2778542741242,37.64355978755773,140.8604571191933,0.2838950380860398,72.81819167810379,0.09818358678038885,0.2838950380860398,,,,,,
2015-06-09,79.96774291992188,72.85870785166817,52.384989707638795,101.3342054554353,37.664504732313794,140.93883213232505,0.28220893997785373,72.85870785166817,0.0975728952361723,0.28220893997785373,,,,,,
2015-06-10,81.44479370117188,72.89924656850489,52.41413681066697,101.3905879906457,37.685461330875036,141.01725075345598,0.3360001504261005,72.89924656850489,0.11722408028780595,0.3360001504261005,,,,,,
2015-06-11,81.1176528930664,72.93980784115698,52.44330013119599,101.44700189720068,37.70642958972562,141.09571300684956,0.32211404255383097,72.93980784115698,0.11211772136442355,0.32211404255383097,,,,,,
2015-06-12,80.82025909423828,72.98039168217453,52.4724796782493,101.50344719255531,37.727409515353365,141.17421891678285,0.3092945150782052,72.98039168217453,0.10742429892957994,0.3092945150782052,,,,,,
2015-06-15,80.00741577148438,73.10227874102577,52.5601157688648,101.67297158611355,37.79041935783172,141.40999882879433,0.27359579088755376,73.10227874102577,0.09445857433420013,0.27359579088755376,,,,,,
2015-06-16,80.3543701171875,73.1429529811459,52.5893603123502,101.72954261141182,37.811446015518364,141.48867960792745,0.28502617037334216,73.1429529811459,0.09859346447087658,0.28502617037334216,,,,,,
2015-06-17,81.0780029296875,73.1836498524868,52.61862112755251,101.7861451129309,37.83248437247537,141.56740416518838,0.3105154522865972,73.1836498524868,0.10787044774499521,0.3105154522865972,,,,,,
2015-06-18,82.1882553100586,73.22436936764053,52.64789822352532,101.84277910818422,37.85353443521224,141.64617252493537,0.3500559109902227,73.22436936764053,0.12241670389010406,0.3500559109902227,,,,,,
2015-06-19,81.791748046875,73.26511153920615,52.67719160932728,101.89944461469491,37.874596210242096,141.7249847115402,0.3337107502887398,73.26511153920615,0.11638058454474631,0.3337107502887398,,,,,,
2015-06-22,84.00233459472656,73.38747411847007,52.765169596370235,102.06963037714944,37.937851874275104,141.96168447642302,0.40948929657706234,73.38747411847007,0.14464131111967182,0.40948929657706234,,,,,,
2015-06-23,87.11499786376953,73.42830704181407,52.79452823217617,102.12642210411653,37.95896056368057,142.04067221444836,0.51809193041386,73.42830704181407,0.1863952932233821,0.51809193041386,,,,,,
2015-06-24,88.08645629882812,73.46916268467048,52.82390320318018,102.18324543010323,37.980080997998996,142.11970390139402,0.5500210605669541,73.46916268467048,0.198958217026306,0.5500210605669541,,,,,,
2015-06-25,87.214111328125,73.51004105968047,52.85329451847118,102.2401003726913,38.00121318376529,142.19877956171322,0.5181664691561949,73.51004105968047,0.1864244676086988,0.5181664691561949,,,,,,
2015-06-26,87.24385833740234,73.55094217949227,52.88270218714318,102.29698694947226,38.022357127517964,142.2778992198729,0.5175140783782298,73.55094217949227,0.18616914688181896,0.5175140783782298,,,,,,
2015-06-29,85.05309295654297,73.67378213432612,52.971023404460944,102.46783666103472,38.08585957213415,142.51552242626735,0.43536778385720465,73.67378213432612,0.1544553638018673,0.43536778385720465,,,,,,
2015-06-30,85.02335357666016,73.71477435996803,53.00049657769806,102.52484995069845,38.10705061329042,142.5948183207298,0.4326216199178627,73.71477435996803,0.1534099414246246,0.4326216199178627,,,,,,
2015-07-01,86.1534423828125,73.75578939375842,53.02998614986207,102.58189496265967,38.12825344518032,142.67415833557132,0.47095939246805474,73.75578939375842,0.16809057419027806,0.47095939246805474,,,,,,
2015-07-02,86.5301284790039,73.79682724838781,53.05949213007737,102.63897171456874,38.14946807436424,142.75354249534064,0.482497644977363,73.79682724838781,0.17254537498960398,0.482497644977363,,,,,,
2015-07-06,86.78785705566406,73.96120712935239,53.17768031411713,102.8675964750341,38.23444469537558,143.07152107514696,0.4847682240746737,73.96120712935239,0.17342402083674568,0.4847682240746737,,,,,,
2015-07-07,86.46073150634766,74.00235927878141,53.20726847163258,102.92483219178143,38.25571840956319,143.1511263282633,0.4716351605004068,74.00235927878141,0.16835101406203967,0.4716351605004068,,,,,,
2015-07-08,84.90441131591797,74.04353432534083,53.23687309205239,102.9820997545851,38.27700396048385,143.2307758738865,0.41488940535449736,74.04353432534083,0.14668231452668623,0.41488940535449736,,,,,,
2015-07-09,85.13241577148438,74.08473228177063,53.26649418453655,103.03939918116428,38.29830135472355,143.31046973666093,0.42133246775163574,74.08473228177063,0.1491222705333599,0.42133246775163574,,,,,,
2015-07-10,87.18437957763672,74.12595316081784,53.2961317582501,103.09673048924797,38.31961059887188,143.39020794124465,0.49184146807946455,74.12595316081784,0.17616537609288252,0.49184146807946455,,,,,,
2015-07-13,89.31565856933594,74.24975346124194,53.38514345849494,103.26891587996559,38.38360949672056,143.62968885264,0.5599917071927666,74.24975346124194,0.2029084866383879,0.5599917071927666,,,,,,
2015-07-14,88.89933013916016,74.2910661583719,53.41484704887914,103.32637489155564,38.40496620647341,143.70960467131724,0.5441431806512032,74.2910661583719,0.19663554093633162,0.5441431806512032,,,,,,
2015-07-15,88.97863006591797,74.33240184196133,53.4445671663948,103.38386587344378,38.42633479913824,143.7895649553007,0.5451597696576765,74.33240184196133,0.19703692953573726,0.5451597696576765,,,,,,
2015-07-16,90.05912780761719,74.37376052479989,53.4743038202376,103.44138884341822,38.44771528132667,143.86956972933078,0.5800609076061313,74.37376052479989,0.210899209239084,0.5800609076061313,,,,,,
2015-07-17,94.1432876586914,74.41514221968438,53.504057019608396,103.4989438192772,38.46910765965407,143.94961901816185,0.7128133192322101,74.41514221968438,0.2651092889235722,0.7128133192322101,,,,,,
2015-07-20,97.05768585205078,74.53942550468858,53.593415982973916,103.67180096029229,38.533356237678795,144.19003422121105,0.8001689729157082,74.53942550468858,0.3020986571186517,0.8001689729157082,,,,,,
2015-07-21,97.53350067138672,74.58089937586755,53.62323545656751,103.72948413786987,38.55479626678921,144.2702618170651,0.8133067162189076,74.58089937586755,0.3077544181901626,0.8133067162189076,,,,,,
2015-07-22,96.19525909423828,74.62239632318345,53.653071521770144,103.7871994104718,38.576248225170616,144.35053405169856,0.7697419920374882,74.62239632318345,0.2890936747410864,0.7697419920374882,,,,,,
2015-07-23,94.60918426513672,74.6639163594759,53.68292418781343,103.8449467959558,38.59771211946046,144.43085094994856,0.7176605644497656,74.6639163594759,0.26713396347484086,0.7176605644497656,,,,,,
2015-07-24,96.10602569580078,74.70545949759166,53.7127934639341,103.90272631218954,38.61918795629991,144.51121253666605,0.7635566621082568,74.70545949759166,0.28646589341839235,0.7635566621082568,,,,,,
2015-07-27,93.35025024414062,74.8302276514534,53.802501045204885,104.076257824215,38.68368718858296,144.75256567633988,0.6703101513386591,74.8302276514534,0.24749386944204388,0.6703101513386591,,,,,,
2015-07-28,94.4604949951172,74.87186332547283,53.8324368541053,104.13416604232326,38.705210862106384,144.83310626571307,0.7044624396908777,74.87186332547283,0.2616287454272552,0.7044624396908777,,,,,,
2015-07-29,96.14568328857422,74.9135221656566,53.86238931934393,104.19210648066883,38.726746511440695,144.91369166801584,0.756376722091757,74.9135221656566,0.28342227823658916,0.756376722091757,,,,,,
2015-07-30,94.38119506835938,74.9552041848944,53.892358450188404,104.25007915717909,38.74829414324924,144.99432190818223,0.6985444684008066,74.9552041848944,0.2591680070078426,0.6985444684008066,,,,,,
2015-07-31,93.19163513183594,74.9969093960831,53.92234425591148,104.30808408979142,38.769853764199105,145.0749970111601,0.6584109401200106,74.9969093960831,0.2426063404781198,0.6584109401200106,,,,,,
2015-08-03,93.32050323486328,75.12216431043092,54.01240181515753,104.48229260376434,38.83460462862294,145.31729174664946,0.6575413867224494,75.12216431043092,0.24224992838638792,0.6575413867224494,,,,,,
2015-08-04,93.24119567871094,75.16396241853546,54.04245441322602,104.54042674035837,38.856212272882985,145.39814655062963,0.6532781534175054,75.16396241853546,0.24050399524596666,0.6532781534175054,,,,,,
2015-08-05,95.6004867553711,75.20578378318297,54.07252373261443,104.59859322289118,38.87783193967538,145.47904634236897,0.7273365998162737,75.20578378318297,0.271185299138504,0.7273365998162737,,,,,,
2015-08-06,94.29197692871094,75.24762841731341,54.10260978262654,104.65679206936007,38.89946363568949,145.5599911468988,0.683875042731756,75.24762841731341,0.2530890197067752,0.683875042731756,,,,,,
2015-08-07,93.47911834716795,75.28949633387396,54.13271257257129,104.71502329777242,38.92110736761838,145.64098098926428,0.65594470072673,75.28949633387396,0.24159574574163,0.65594470072673,,,,,,
2015-08-10,93.33042907714844,75.41523990771626,54.22312147516864,104.88991145489396,38.98611084588049,145.88422099403567,0.6460610905156399,75.41523990771626,0.23755396377913196,0.6460610905156399,,,,,,
2015-08-11,92.80503845214844,75.45720108361324,54.25329131803711,104.94827239135408,39.00780278847387,145.96539123847455,0.6272630450842676,75.45720108361324,0.22990300619966364,0.6272630450842676,,,,,,
2015-08-12,93.37006378173828,75.49918560678441,54.283477947460725,105.00666579994481,39.029506800503334,146.04660664618427,0.6439758845719129,75.49918560678441,0.2367029264133942,0.6439758845719129,,,,,,
2015-08-13,92.61668395996094,75.54119349022021,54.31368137277955,105.06509169873371,39.05122288868436,146.12786724229375,0.6177325520455147,75.54119349022021,0.22604210604577446,0.6177325520455147,,,,,,
2015-08-14,93.59806823730467,75.58322474691835,54.34390160333886,105.12355010579837,39.07295105973613,146.2091730519459,0.6479966943241567,75.58322474691835,0.2383444679782709,0.6479966943241567,,,,,,
2015-08-17,93.1123275756836,75.70945888667214,54.434663219990334,105.29912055757394,39.13820813736391,146.4533620137972,0.6271665718290773,75.70945888667214,0.22986386304862427,0.6271665718290773,,,,,,
2015-08-18,94.34152221679688,75.75158376654115,54.46495076506821,105.35770917871888,39.15998470716534,146.53484892932883,0.665234179177553,75.75158376654115,0.24540659780194263,0.665234179177553,,,,,,
2015-08-19,94.48031616210938,75.79373208476957,54.49525516219101,105.4163303986787,39.18177339348964,146.6163811843278,0.6680042687570205,75.79373208476957,0.2465452427707382,0.6680042687570205,,,,,,
2015-08-20,89.77165985107422,75.8359038543985,54.52557642073518,105.47498423559134,39.203574203078425,146.6979588040209,0.5113564232016972,75.8359038543985,0.1837619819687486,0.5113564232016972,,,,,,
2015-08-21,85.31082916259766,75.87809908847633,54.55591455008244,105.53367070760493,39.2253871426771,146.77958181364917,0.35517614450227186,75.87809908847633,0.12431426442460625,0.35517614450227186,,,,,,
2015-08-24,81.37539672851562,76.00482570799619,54.64703025683841,105.70992611588423,39.290898809042815,147.0247234347656,0.20695888226819442,76.00482570799619,0.07066092146770653,0.20695888226819442,,,,,,
2015-08-25,82.2774658203125,76.04711493049892,54.67743596331978,105.76874330998498,39.312760336210204,147.10652825682547,0.238689648186123,76.04711493049892,0.08192751158946177,0.238689648186123,,,,,,
2015-08-26,86.43099212646484,76.08942768280154,54.707858587591225,105.82759323007893,39.33463402717084,147.18837859523632,0.38628745080974364,76.08942768280154,0.13591328990901053,0.38628745080974364,,,,,,
2015-08-27,88.94888305664062,76.13176397799607,54.73829813906585,105.88647589437485,39.3565198886927,147.2702744753235,0.4716440007185555,76.13176397799607,0.16835442145211577,0.4716440007185555,,,,,,
2015-08-28,90.21773529052734,76.17412382918184,54.76875462716197,105.9453913210917,39.3784179275475,147.3522159224265,0.5128923926940518,76.17412382918184,0.18436196907020386,0.5128923926940518,,,,,,
2015-08-31,88.65149688720703,76.30134484978889,54.860225805441225,106.12233435810923,39.44418517588328,147.5983139194366,0.4547482915418051,76.30134484978889,0.16186021441340714,0.4547482915418051,,,,,,
2015-09-01,86.47064208984375,76.34379905607845,54.89075013431146,106.18138101690192,39.46613199186244,147.68043788827967,0.3775610990134478,76.34379905607845,0.132647879185664,0.3775610990134478,,,,,,
2015-09-02,89.10749053955078,76.3862768839652,54.9212914469735,106.24046052936238,39.48809101908971,147.76260755104755,0.4669276309200854,76.3862768839652,0.1665379460097236,0.4669276309200854,,,,,,
2015-09-03,87.38264465332031,76.4287783465922,54.95184975287714,106.29957291377043,39.51006226435945,147.84482293316444,0.405991474025893,76.4287783465922,0.14332122720912932,0.405991474025893,,,,,,
2015-09-04,87.49166870117188,76.4713034571099,54.982425061477464,106.35871818841609,39.53204573446979,147.9270840600686,0.40808493756377157,76.4713034571099,0.14411112071919785,0.40808493756377157,,,,,,
2015-09-08,88.75061798095703,76.64164064135191,55.10489651213114,106.59562855553133,39.62010199941254,148.25658652482073,0.4446467971023757,76.64164064135191,0.15799475635274618,0.4446467971023757,,,,,,
2015-09-09,89.6527099609375,76.68428418883543,55.135556976225146,106.65493855607158,39.64214669583051,148.33907675773213,0.4736153706257826,76.68428418883543,0.1691145181738576,0.4736153706257826,,,,,,
2015-09-10,91.1792984008789,76.72695146326592,55.16623449985683,106.7142815568034,39.664203657957444,148.4216128883583,0.523109484196258,76.72695146326592,0.18836076061919704,0.523109484196258,,,,,,
2015-09-11,91.24868774414062,76.76964247784507,55.196929092518154,106.77365757608818,39.68627289261801,148.5041949422369,0.523729317741333,76.76964247784507,0.18860378658757027,0.523729317741333,,,,,,
2015-09-14,91.50641632080078,76.8978580946019,55.289115379678776,106.95198392902714,39.75255430010503,148.75221689897575,0.5272204786966583,76.8978580946019,0.1899735387717434,0.5272204786966583,,,,,,
2015-09-15,92.09130096435548,76.94064420193986,55.3198783434839,107.01149220634179,39.77467269322269,148.8349829015238,0.5448473702298637,76.94064420193986,0.19691356784914515,0.5448473702298637,,,,,,
2015-09-16,92.6364974975586,76.98345411554534,55.35065842385773,107.07103359416956,39.79680339305429,148.91779495522542,0.561053614038679,76.98345411554534,0.20332996956098404,0.561053614038679,,,,,,
2015-09-17,93.51876068115234,77.02628784866418,55.38145563032396,107.13060811093322,39.81894640644731,149.0006530857035,0.5880998691816269,77.02628784866418,0.21411485991498647,0.5880998691816269,,,,,,
2015-09-18,93.57823944091795,77.06914541454962,55.41226997241157,107.19021577506578,39.84110174025303,149.08355731859524,0.5883410305567222,77.06914541454962,0.21421145826344712,0.5883410305567222,,,,,,
2015-09-21,94.7182388305664,77.19786124144827,55.50481590777215,107.36923783616062,39.90764173271649,149.33254688833856,0.6199866879076437,77.19786124144827,0.22695418379947663,0.6199866879076437,,,,,,
2015-09-22,92.15077209472656,77.24081427107971,55.53569888774122,107.42897827430383,39.929846416762146,149.4156357875423,0.5350015558072527,77.24081427107971,0.1930321160432069,0.5350015558072527,,,,,,
2015-09-23,93.1519775390625,77.28379119985468,55.56659905105631,107.48875195213508,39.95206345553424,149.4987709175601,0.566071442564137,77.28379119985468,0.2053236014026918,0.566071442564137,,,,,,
2015-09-24,93.5881576538086,77.32679204107042,55.59751640727806,107.5485588881486,39.974292855906825,149.58195230411437,0.5785456974601857,77.32679204107042,0.2102940673408682,0.5785456974601857,,,,,,
2015-09-25,91.9624252319336,77.36981680803206,55.628450965972775,107.6083991008496,39.99653462475801,149.66517997294272,0.5237414477421821,77.36981680803206,0.1886085430460347,0.5237414477421821,,,,,,
2015-09-28,88.43341064453125,77.49903479655231,55.721357952636005,107.78811958428044,40.06333421102064,149.91514093065842,0.4000714748551477,77.49903479655231,0.14109047779347805,0.4000714748551477,,,,,,
2015-09-29,85.91551971435547,77.54215539969465,55.75236141699057,107.84809308898608,40.08562552264288,149.99855398624123,0.31082796440142646,77.54215539969465,0.1079846732593377,0.31082796440142646,,,,,,
2015-09-30,89.11740112304688,77.58529999521859,55.783382131728786,107.90809996305822,40.10792923719122,150.08201345299906,0.4200539972495217,77.58529999521859,0.14863770751081695,0.4200539972495217,,,,,,
2015-10-01,90.15826416015624,77.62846859647351,55.814420106448786,107.96814022506364,40.130245361566686,150.16551935675517,0.453566242221546,77.62846859647351,0.16140722328060875,0.453566242221546,,,,,,
2015-10-02,91.2685089111328,77.67166121681625,55.84547535075407,108.02821389357942,40.15257390267412,150.24907172334716,0.4889796282213987,77.67166121681625,0.17505545112987453,0.4889796282213987,,,,,,
2015-10-05,93.19163513183594,77.80138332605125,55.93874479729659,108.20863552411525,40.21963409549437,150.5000078587305,0.547128464979561,77.80138332605125,0.19781462935288663,0.547128464979561,,,,,,
2015-10-06,91.9921646118164,77.8446721564623,55.96986921608474,108.26884300465045,40.24201237265505,150.58374633533,0.5061744595057508,77.8446721564623,0.18174002232186992,0.5061744595057508,,,,,,
2015-10-07,91.59564208984376,77.88798507285689,56.0010109525558,108.32908398473673,40.264403101129616,150.66753140416938,0.4913944379252591,77.88798507285689,0.17599193257040402,0.4913944379252591,,,,,,
2015-10-08,91.66503143310548,77.93132208863652,56.03217001634537,108.38935848301328,40.286806287846005,150.7513630911726,0.4920037939339987,77.93132208863652,0.17622836333828262,0.4920037939339987,,,,,,
2015-10-09,92.4283447265625,77.97468321721011,56.06334641709438,108.4496665181297,40.30922193973601,150.8352414222781,0.5154546265898973,77.97468321721011,0.18536351688777697,0.5154546265898973,,,,,,
2015-10-12,93.43946075439452,78.10491141389605,56.15697973758815,108.63079203116969,40.37654375582344,151.08715653980917,0.5433759945607249,78.10491141389605,0.1963327153555956,0.5433759945607249,,,,,,
2015-10-13,93.3006820678711,78.1483691278842,56.18822558269183,108.69123440034902,40.39900933780295,151.1712217069969,0.5371845285279729,78.1483691278842,0.19389160783625847,0.5371845285279729,,,,,,
2015-10-14,93.25111389160156,78.19185102182303,56.219488813040236,108.75171039977188,40.4214874196729,151.2553336481957,0.533887604485973,78.19185102182303,0.19259376358254454,0.533887604485973,,,,,,
2015-10-15,95.12466430664062,78.23535710916629,56.250769438306556,108.81222004815022,40.44397800838827,151.33949238943072,0.5924990668650244,78.23535710916629,0.21587818885913324,0.5924990668650244,,,,,,
2015-10-16,96.69091033935548,78.27888740337525,56.28206746816936,108.87276336420638,40.46648111090788,151.4236979567416,0.6403158942857828,78.27888740337525,0.23521058546862195,0.6403158942857828,,,,,,
2015-10-19,97.61280059814452,78.40962366192119,56.376066082203074,109.05459550582135,40.534065570938566,151.67659587574295,0.664021414934757,78.40962366192119,0.2449084186275612,0.664021414934757,,,,,,
2015-10-20,96.15560150146484,78.45325091835532,56.40743382734518,109.11527368002056,40.55661879834093,151.76098900804337,0.6167432564006995,78.45325091835532,0.22564202726961557,0.6167432564006995,,,,,,
2015-10-21,96.26465606689452,78.49690244907384,56.43881902555742,109.17598561566565,40.57918457439981,151.84542909683523,0.6184930399981536,78.49690244907384,0.22634974200858182,0.6184930399981536,,,,,,
2015-10-22,98.80236053466795,78.540578267583,56.470221686550715,109.23673133154155,40.60176290609731,151.92991616824526,0.6956796588877757,78.540578267583,0.2579785216000612,0.6956796588877757,,,,,,
2015-10-23,101.3004379272461,78.5842783873966,56.50164182004139,109.29751084644364,40.624353800419414,152.01445024841462,0.7696804030613249,78.5842783873966,0.28906748278409755,0.7696804030613249,,,,,,
2015-10-26,102.8666763305664,78.7155246899144,56.596007152742025,109.48005237341778,40.6922019290514,152.26833480310924,0.8111298978280305,78.7155246899144,0.3068156089385303,0.8111298978280305,,,,,,
2015-10-27,102.79727172851562,78.75932215023376,56.62749727349356,109.5409672725876,40.714843143809425,152.35305718001905,0.807397943008736,78.75932215023376,0.30520767474902044,0.807397943008736,,,,,,
2015-10-28,103.2929229736328,78.80314397953939,56.65900491540535,109.60191606491767,40.73749695618036,152.43782669661292,0.8202920893727618,78.80314397953939,0.3107715981541548,0.8202920893727618,,,,,,
2015-10-29,103.96701049804688,78.84699019138998,56.69053008822598,109.66289876926588,40.760163373173405,152.52264337911885,0.8383232966617873,78.84699019138998,0.3185920000964093,0.8383232966617873,,,,,,
2015-10-30,101.08232879638672,78.89086079935221,56.72207280170984,109.72391540450117,40.7828424018019,152.60750725378048,0.7513442210005477,78.89086079935221,0.2812932673339106,0.7513442210005477,,,,,,
2015-11-02,102.4106674194336,79.0226191356866,56.816806283764244,109.90716908437369,40.85095522769077,152.86238229334987,0.7858599859088381,79.0226191356866,0.2959665035094359,0.7858599859088381,,,,,,
2015-11-03,101.68702697753906,79.06658746391113,56.84841925755171,109.96832163205416,40.873684773071346,152.9474351993579,0.7626791749355072,79.06658746391113,0.2860935350719762,0.7626791749355072,,,,,,
2015-11-04,103.03519439697266,79.110580256193,56.880049820854985,110.02950820512277,40.896426965212086,153.0325354289567,0.8009167247558903,79.110580256193,0.30241990468660185,0.8009167247558903,,,,,,
2015-11-05,107.81324005126952,79.15459752614409,56.91169798346089,110.09072882251131,40.91918181114967,153.11768300847717,0.936634624104937,79.15459752614409,0.36205910232390126,0.936634624104937,,,,,,
2015-11-06,106.1676788330078,79.1986392873838,56.94336375516171,110.1519835031621,40.94194931792469,153.2028779642649,0.8883263377399601,79.1986392873838,0.34052402652731084,0.8883263377399601,,,,,,
2015-11-09,105.56299591064452,79.3309116551425,57.03846682283829,110.33595211426932,41.010327873739115,153.4587473529074,0.865954331011562,79.3309116551425,0.33066661794503105,0.865954331011562,,,,,,
2015-11-10,106.97061920166016,79.3750515178825,57.070203128950645,110.39734323760321,41.033146094348226,153.54413207751332,0.9044205175691726,79.3750515178825,0.3476604695816874,0.9044205175691726,,,,,,
2015-11-11,108.06105041503906,79.41921594012197,57.10195709320113,110.45876851906917,41.05597701105656,153.62956431033442,0.9334773077525261,79.41921594012197,0.3606411135626366,0.9334773077525261,,,,,,
2015-11-12,107.07965850830078,79.46340493552584,57.133728725414755,110.52022797767283,41.07882063092825,153.7150440778044,0.9041365711380702,79.46340493552584,0.34753423409407036,0.9041365711380702,,,,,,
2015-11-13,103.04511260986328,79.5076185177667,57.16551803542202,110.58172163243044,41.10167696103135,153.80057140637163,0.7860336127193983,79.5076185177667,0.29604073837071243,0.7860336127193983,,,,,,
2015-11-16,103.1343231201172,79.64040692235078,57.26099213059253,110.76640796394783,41.1703222834688,154.05743902336116,0.7835984241511822,79.64040692235078,0.29499995172893767,0.7835984241511822,,,,,,
2015-11-17,104.2148208618164,79.68471898881728,57.29285225018863,110.8280385936951,41.19322952525688,154.14315686109543,0.8135038549475377,79.68471898881728,0.30783947266528733,0.8135038549475377,,,,,,
2015-11-18,106.83185577392578,79.7290557105977,57.3247300968129,110.88970351483623,41.216149512675734,154.22892239238965,0.886997070543944,79.7290557105977,0.33993629827633254,0.886997070543944,,,,,,
2015-11-19,105.33499145507812,79.77341710141032,57.35662568032869,110.95140274645102,41.23908225281705,154.3147356437806,0.8425392031284119,79.77341710141032,0.3204272210274406,0.8425392031284119,,,,,,
2015-11-20,106.38577270507812,79.81780317498104,57.388539010604845,111.0131363076299,41.262027752776454,154.40059664181987,0.8709413962786015,79.81780317498104,0.33285768930339144,0.8709413962786015,,,,,,
2015-11-23,106.01898193359376,79.95110962961523,57.48438558076625,111.19854315961442,41.33094088257886,154.65846638156458,0.8554142346626795,79.95110962961523,0.32604766118621265,0.8554142346626795,,,,,,
2015-11-24,104.81951904296876,79.99559457163004,57.516369996882105,111.2604142301662,41.35393749284602,154.7445186320081,0.8192386540204911,79.99559457163004,0.31031614433605803,0.8192386540204911,,,,,,
2015-11-25,104.49239349365234,80.04010426514706,57.54837220918493,111.32231972589355,41.37694689846873,154.83061876207938,0.8080778449696469,80.04010426514706,0.30550046695969724,0.8080778449696469,,,,,,
2015-11-27,104.53204345703124,80.1291979617825,57.612430061964375,111.44623406950255,41.4230041242622,155.00296276768148,0.8058556301907469,80.1291979617825,0.3045437383123146,0.8058556301907469,,,,,,
2015-11-30,103.33257293701172,80.26302448754579,57.70865056026078,111.63236425293505,41.49218610623178,155.26183853978281,0.7658141846307582,80.26302448754579,0.2874243600556763,0.7658141846307582,,,,,,
2015-12-01,106.18751525878906,80.30768297955169,57.740759757816825,111.69447670232776,41.51527243363301,155.34822650758642,0.8467401838225309,80.30768297955169,0.3222584853534751,0.8467401838225309,,,,,,
2015-12-02,105.14664459228516,80.35236631962346,57.772886820988575,111.75662371119986,41.53837160630863,155.43466254181183,0.8151950570069509,80.35236631962346,0.3085693602853672,0.8151950570069509,,,,,,
2015-12-03,103.47135925292967,80.39707452158632,57.805031759716286,111.81880529877992,41.56148363140564,155.52114666920278,0.7648243780990063,80.39707452158632,0.28700403427176946,0.7648243780990063,,,,,,
2015-12-04,105.25569915771484,80.44180759927377,57.83719458394614,111.88102148430798,41.5846085160753,155.6076789165189,0.8149650939967635,80.44180759927377,0.3084700891115366,0.8149650939967635,,,,,,
2015-12-07,104.6906509399414,80.57615622512998,57.93379046919078,112.06787782113575,41.65406039909033,155.86756464583084,0.7935904379061608,80.57615622512998,0.2992758136468494,0.7935904379061608,,,,,,
2015-12-08,105.56299591064452,80.62098894420113,57.966024934999446,112.13023259106568,41.677236793640944,155.95428964073562,0.8170574858740921,80.62098894420113,0.3093736171322097,0.8170574858740921,,,,,,
2015-12-09,103.68944549560548,80.66584660827827,57.998277336123195,112.19262205530238,41.70042608357941,156.04106288958445,0.7610899237368717,80.66584660827827,0.28541941670967885,0.7610899237368717,,,,,,
2015-12-10,104.50230407714844,80.71072923124085,58.03054768254126,112.25504623314983,41.72362827608074,156.1278844192259,0.7830738542854111,80.71072923124085,0.2947758627944417,0.7830738542854111,,,,,,
2015-12-11,101.23103332519533,80.75563682697602,58.062835984238454,112.31750514392276,41.746843378323945,156.21475425652346,0.6849840965632136,80.75563682697602,0.25354758259276844,0.6849840965632136,,,,,,
2015-12-14,103.7489242553711,80.89050958980476,58.15980872093601,112.50509046710273,41.81656621535484,156.47565388321246,0.754397705946273,80.89050958980476,0.2825846292906449,0.754397705946273,,,,,,
2015-12-15,103.63988494873048,80.93551721565663,58.19216894370878,112.5676885029397,41.839833028435564,156.56271722006886,0.7495241613676376,80.93551721565663,0.28052415693566224,0.7495241613676376,,,,,,
2015-12-16,105.86038208007812,80.98054988383294,58.22454717176802,112.63032136843705,41.863112787213176,156.64982899912334,0.8120960324314231,80.98054988383294,0.3072321962734934,0.8120960324314231,,,,,,
2015-12-17,105.29533386230467,81.02560760826726,58.25694341513192,112.69298908297405,41.886405498890674,156.7369892473293,0.7941870227629579,81.02560760826726,0.2995315551519677,0.7941870227629579,,,,,,
2015-12-18,103.1343231201172,81.07069040290098,58.289357683824235,112.75569166594077,41.90971117067509,156.82419799165498,0.7296432846891461,81.07069040290098,0.272153013716369,0.7296432846891461,,,,,,
2015-12-21,103.85796356201172,81.20608934752822,58.38670874219276,112.94400881948184,41.97970601880011,157.08611547125895,0.7457791174369897,81.20608934752822,0.2789430496713481,0.7457791174369897,,,,,,
2015-12-22,104.59152221679688,81.25127256252811,58.41919521254776,113.006851070284,42.00306360316256,157.17351847004716,0.7654274425835296,81.25127256252811,0.28726011197310086,0.7654274425835296,,,,,,
2015-12-23,103.71916961669922,81.29648091755055,58.45169975843364,113.06972828662818,42.026434183727204,157.26097010002198,0.7383533652613784,81.29648091755055,0.2758137676572907,0.7383533652613784,,,,,,
2015-12-24,104.10578918457033,81.34171442658351,58.48422238990764,113.13264048796927,42.049817767725145,157.34847038824188,0.7479452576864987,81.34171442658351,0.2798573268151725,0.7479452576864987,,,,,,
2015-12-28,105.00786590576172,81.52290028285198,58.614493973025986,113.3846395327795,42.14348228281297,157.6989586652693,0.7673531040538067,81.52290028285198,0.28807814174209057,0.7673531040538067,,,,,,
2015-12-29,106.3262939453125,81.56825977202934,58.64710718349545,113.44772695130756,42.16693099258496,157.78670265111913,0.8034883937079044,81.56825977202934,0.3035253448152264,0.8034883937079044,,,,,,
2015-12-30,105.29533386230467,81.61364449930852,58.679738540014206,113.51084947178941,42.190392749261484,157.87449545788144,0.7722677473565047,81.61364449930852,0.29016826179348976,0.7722677473565047,,,,,,
2015-12-31,103.7489242553711,81.65905447873206,58.71238805267876,113.57400711375583,42.21386756010185,157.96233711272023,0.7257340381070648,81.65905447873206,0.27051341602776335,0.7257340381070648,,,,,,
2016-01-04,101.33016204833984,81.84094719899377,58.84316786692146,113.82698928746352,42.307897490429724,158.31419275665024,0.6474845427998298,81.84094719899377,0.2381352552281517,0.6474845427998298,,,,,,
2016-01-05,101.83573150634766,81.88648365005056,58.87590831195912,113.89032283019522,42.331437681120626,158.4022790598614,0.6608845112837802,81.88648365005056,0.2436207658098013,0.6608845112837802,,,,,,
2016-01-06,102.07363891601562,81.93204543767109,58.908666973839615,113.95369161182465,42.35499096961621,158.49041437445098,0.6662716154590026,81.93204543767109,0.24583291398073337,0.6662716154590026,,,,,,
2016-01-07,97.06759643554688,81.97763257595258,58.94144386269879,114.01709565195871,42.37855736320408,158.57859872768887,0.512155697533067,81.97763257595258,0.18407416005351673,0.512155697533067,,,,,,
2016-01-08,96.48272705078124,82.02324507900042,58.974238988678316,114.08053497021558,42.40213686917605,158.6668321468607,0.4921501926653573,82.02324507900042,0.17628517328050375,0.4921501926653573,,,,,,
2016-01-11,96.66117095947266,82.16023491791013,59.072733890838066,114.27106479006423,42.47295413437375,158.9318270730573,0.49269290328237625,82.16023491791013,0.17649579575875163,0.49269290328237625,,,,,,
2016-01-12,98.50497436523438,82.20594902123126,59.10560206682667,114.33464541720882,42.4965861628799,159.02025702911928,0.5482822071794359,82.20594902123126,0.1982706305086701,0.5482822071794359,,,,,,
2016-01-13,94.60918426513672,82.25168855996216,59.138488530727855,114.39826142072937,42.52023134028946,159.10873618776876,0.42427949362494316,82.25168855996216,0.15024002450923346,0.42427949362494316,,,,,,
2016-01-14,97.51367950439452,82.29745354825515,59.171393292717035,114.46191282030934,42.5438896739185,159.19726457638217,0.5142512745702205,82.29745354825515,0.18489303496149279,0.5142512745702205,,,,,,
2016-01-15,94.1432876586914,82.3432440002704,59.204316362975305,114.52559963564318,42.56756117108717,159.28584222235114,0.4059434635418781,82.3432440002704,0.14330311857014344,0.4059434635418781,,,,,,
2016-01-19,94.43075561523438,82.52666072903358,59.3361919305194,114.7807014487894,42.66237894170356,159.64064592814896,0.4084407944191094,82.52666072903358,0.14424544481796575,0.4084407944191094,,,,,,
2016-01-20,93.5286865234375,82.57257871233881,59.36920669503783,114.84456563869276,42.686116366515144,159.72947027230404,0.3776593127848784,82.57257871233881,0.1326845786089217,0.3776593127848784,,,,,,
2016-01-21,93.34033966064452,82.61852224449302,59.40223982903096,114.9084653627469,42.70986699887283,159.8183440384849,0.3698628615130654,82.61852224449302,0.12977498416665467,0.3698628615130654,,,,,,
2016-01-22,97.0874252319336,82.66449133971162,59.435291342719594,114.97240064072307,42.73363084612533,159.90726725418997,0.48748337155698973,82.66449133971162,0.17447556572931178,0.48748337155698973,,,,,,
2016-01-25,96.16552734375,82.80255214602668,59.53455626425193,115.1644199960616,42.8050017508,160.17433387366543,0.45350462542854597,82.80255214602668,0.16138361501414833,0.45350462542854597,,,,,,
2016-01-26,96.49264526367188,82.84862363581537,59.56768139904446,115.22849768765872,42.82881853120055,160.26345516275873,0.46211201178501515,82.84862363581537,0.16468615927565278,0.46211201178501515,,,,,,
2016-01-27,93.62779235839844,82.89472075986431,59.6008249647219,115.29261103219936,42.85264856330078,160.3526260390985,0.369066880769915,82.89472075986431,0.12947834916564216,0.369066880769915,,,,,,
2016-01-28,108.16018676757812,82.94084353243646,59.63398697153924,115.35676004952087,42.87649185447399,160.44184653027517,0.8047412387518834,82.94084353243646,0.3040642241030367,0.8047412387518834,,,,,,
2016-01-29,111.23319244384766,82.98699196780268,59.66716742975716,115.42094475947165,42.900348412097536,160.5311166638945,0.8879757976971301,82.98699196780268,0.3403690121339009,0.8879757976971301,,,,,,
2016-02-01,114.08811950683594,83.12559139349386,59.76681961550685,115.61371324374933,42.97199775750549,160.79922519569683,0.9597351654097873,83.12559139349386,0.3724788912090131,0.9597351654097873,,,,,,
2016-02-02,113.61231231689452,83.17184262290415,59.80007398204813,115.67804092292215,42.99590745478623,160.88869417545203,0.9453809266971542,83.17184262290415,0.36599489363251836,0.9453809266971542,,,,,,
2016-02-03,111.70901489257812,83.21811958658216,59.83334685137912,115.74240439413204,43.01983045546579,160.9782129359094,0.8924842378640103,83.21811958658216,0.3423640842587574,0.8924842378640103,,,,,,
2016-02-04,109.52816772460938,83.26442229884645,59.86663823379478,115.80680367729373,43.04376676694619,161.06778150476703,0.8310359810419669,83.26442229884645,0.3154257809115524,0.8310359810419669,,,,,,
2016-02-05,103.16405487060548,83.3107507740236,59.899948139595836,115.87123879233305,43.06771639663361,161.15739990973836,0.647898192335754,83.3107507740236,0.2383042273911684,0.647898192335754,,,,,,
2016-02-08,98.88166046142578,83.4498909204174,59.9999891004045,116.06475932814152,43.139645269061226,161.4265544187009,0.5143268686074155,83.4498909204174,0.1849225849285412,0.5143268686074155,,,,,,
2016-02-09,98.67349243164062,83.49632259067107,60.03337320286894,116.12933797017158,43.16364824572064,161.5163724455705,0.5062526819537475,83.49632259067107,0.1817705183900551,0.5062526819537475,,,,,,
2016-02-10,100.12078857421876,83.54278009559006,60.066775880308384,116.19395254387486,43.18766457767968,161.60624044735275,0.5487039372667323,83.54278009559006,0.19843735700033038,0.5487039372667323,,,,,,
2016-02-11,101.02286529541016,83.58926344954875,60.10019714305792,116.25860306924372,43.211694272369236,161.69615845185356,0.5742063329571393,83.58926344954875,0.2085626924609003,0.5742063329571393,,,,,,
2016-02-12,101.12200164794922,83.6357726669298,60.1336370014586,116.32328956628206,43.23573733722445,161.78612648689503,0.575493374780667,83.6357726669298,0.20907595426488612,0.575493374780667,,,,,,
2016-02-16,100.72547912597656,83.8220684586051,60.26758259859101,116.58239567158853,43.33204344714682,162.1464994894377,0.5568395741330125,83.8220684586051,0.201658238435372,0.5568395741330125,,,,,,
2016-02-17,104.28421783447266,83.86870720911423,60.30111559056188,116.64726232741639,43.35615347450054,162.2367180950469,0.6604006450861337,83.86870720911423,0.24342226445025994,0.6604006450861337,,,,,,
2016-02-18,102.56929779052734,83.9153719095085,60.33466724035013,116.71216507516887,43.38027691671708,162.32698689845145,0.6084529808359608,83.9153719095085,0.22229450286098484,0.6084529808359608,,,,,,
2016-02-19,103.65972137451172,83.96206257422647,60.36823755833701,116.7771039349276,43.40441378126051,162.4173059275815,0.6388217958136853,83.96206257422647,0.23460189276402765,0.6388217958136853,,,,,,
2016-02-22,106.22715759277344,84.1022904988288,60.469060625388536,116.97213738722503,43.47690498355495,162.68856464885926,0.7079254503008829,84.1022904988288,0.2630709218823566,0.7079254503008829,,,,,,
2016-02-23,104.5419692993164,84.14908516538796,60.50270572009795,117.03722089604844,43.501095612129554,162.77908486050367,0.657766810999709,84.14908516538796,0.2423423153543256,0.657766810999709,,,,,,
2016-02-24,105.9495849609375,84.19590586858425,60.53636953499891,117.10234061745388,43.52529970041365,162.86965543775756,0.6966223223794823,84.19590586858425,0.25836979682013417,0.6966223223794823,,,,,,
2016-02-25,107.12924194335938,84.24275262290449,60.57005208050738,117.16749657159009,43.54951725589625,162.9602764086445,0.7284995493506103,84.24275262290449,0.27167309481091606,0.7284995493506103,,,,,,
2016-02-26,106.98053741455078,84.28962544284357,60.603753367045094,117.23268877861705,43.57374828607052,163.0509478012035,0.7226029591330356,84.28962544284357,0.2692017179159707,0.7226029591330356,,,,,,
2016-02-29,105.98924255371094,84.43040044144378,60.70496977713815,117.42848311881019,43.64652229973768,163.32326478953848,0.6893262180088822,84.43040044144378,0.2553445441398703,0.6893262180088822,,,,,,
2016-03-01,108.86400604248048,84.47737766896851,60.73874613212631,117.49382053922409,43.67080730369381,163.41413814948922,0.7687607305882486,84.47737766896851,0.28867643677426824,0.7687607305882486,,,,,,
2016-03-02,108.9928741455078,84.52438103470762,60.77254128033948,117.55919431349689,43.69510581987007,163.5050620715418,0.7706607069408938,84.52438103470762,0.28948444000734974,0.7706607069408938,,,,,,
2016-03-03,108.62609100341795,84.57141055320443,60.806355232234246,117.62460446185595,43.71941785578468,163.5960365838291,0.7587567915134923,84.57141055320443,0.28443040376015216,0.7587567915134923,,,,,,
2016-03-04,107.44644927978516,84.61846623901042,60.84018799827301,117.69005100453987,43.74374341896005,163.68706171449958,0.7239728300345873,84.61846623901042,0.26977542911609387,0.7239728300345873,,,,,,
2016-03-07,104.80960845947266,84.7597904459192,60.94179928596465,117.88660920109584,43.81680134733758,163.96044109853014,0.6435978398740321,84.7597904459192,0.2365486973017732,0.6435978398740321,,,,,,
2016-03-08,105.00786590576172,84.80695094663822,60.9757074133199,117.95220152369058,43.8411810948638,164.05166898453174,0.6476401383724136,84.80695094663822,0.2381988119326941,0.6476401383724136,,,,,,
2016-03-09,106.57411193847656,84.85413768754516,61.00963440721855,118.01783034197227,43.86557440732564,164.1429476298941,0.690832127773523,84.85413768754516,0.2559683574996656,0.690832127773523,,,,,,
2016-03-10,106.38577270507812,84.9013506832401,61.04358027815797,118.08349567624717,43.889981292270654,164.2342770628599,0.6837845062696626,84.9013506832401,0.25305159280674605,0.6837845062696626,,,,,,
2016-03-11,108.45758819580078,84.94858994833123,61.07754503664138,118.14919754683282,43.9144017572506,164.32565731168737,0.7405622967274373,84.94858994833123,0.2767438313192552,0.7405622967274373,,,,,,
2016-03-14,108.93340301513672,85.09046550618591,61.17955274247545,118.34652257979965,43.98774470798062,164.60010323615901,0.748773125149586,85.09046550618591,0.28020692291567584,0.748773125149586,,,,,,
2016-03-15,109.70660400390624,85.13780999510661,61.213593156283956,118.41237079903021,44.01221956870191,164.691687031331,0.7685262813232051,85.13780999510661,0.28857676759845896,0.7685262813232051,,,,,,
2016-03-16,111.20345306396484,85.18518082658657,61.24765251024028,118.47825565632907,44.036708047279966,164.78332178389232,0.8079186536693711,85.18518082658657,0.30543190711004375,0.8079186536693711,,,,,,
2016-03-17,110.05355072021484,85.23257801528285,61.28173081488275,118.54417717208169,44.0612101512918,164.87500752219572,0.7747251285344301,85.23257801528285,0.2912146186694178,0.7747251285344301,,,,,,
2016-03-18,110.47980499267578,85.28000157586067,61.315828080755566,118.61013536668491,44.085725888318635,164.9667442746097,0.7847566689590894,85.28000157586067,0.2954948751308204,0.7847566689590894,,,,,,
2016-03-21,110.87632751464844,85.42243063565762,61.41823375128601,118.8082302277367,44.159354973364486,165.24226090043783,0.7905581755237576,85.42243063565762,0.29797673385760204,0.7905581755237576,,,,,,
2016-03-22,111.27284240722656,85.46995983057681,61.452406967639554,118.87433534193772,44.18392531834784,165.33420199329578,0.7996929022447455,85.46995983057681,0.3018941699258737,0.7996929022447455,,,,,,
2016-03-23,111.56033325195312,85.51751547082603,61.486599198032486,118.94047723714385,44.20850933431559,165.4261942423441,0.8058282943646238,85.51751547082603,0.3045319738037935,0.8058282943646238,,,,,,
2016-03-24,112.0658950805664,85.56509757111951,61.520810453044255,119.00665593382011,44.233107028874294,165.5182376760462,0.817847774823052,85.56509757111951,0.30971503874485884,0.817847774823052,,,,,,
2016-03-28,112.70030975341795,85.75569086730718,61.65784593107473,119.2717391449255,44.33163474529801,165.88692382721467,0.8282148971528477,85.75569086730718,0.31420210849683605,0.8282148971528477,,,,,,
2016-03-29,115.12899017333984,85.80340548882207,61.69215246807852,119.33810215632646,44.356300947058095,165.97922361169117,0.8911570412809044,85.80340548882207,0.3417764658343092,0.8911570412809044,,,,,,
2016-03-30,113.7015151977539,85.85114665883867,61.72647809330155,119.40450209222698,44.38098087313745,166.0715747519347,0.8516523548131982,85.85114665883867,0.32440298846081794,0.8516523548131982,,,,,,
2016-03-31,113.10674285888672,85.89891439212865,61.76082281736455,119.47093897317195,44.40567453117232,166.16397727651972,0.8340684214693824,85.89891439212865,0.3167424019185423,0.8340684214693824,,,,,,
2016-04-01,115.0496826171875,85.94670870347181,61.79518665089413,119.53741281971764,44.43038192880319,166.25643121403652,0.8840099578219153,85.94670870347181,0.3386165026298451,0.8840099578219153,,,,,,
2016-04-04,111.57022857666016,86.09025125374247,61.89839291463745,119.73705635869362,44.50458663574041,166.53410179032,0.7858639708097898,86.09025125374247,0.2959682072226504,0.7858639708097898,,,,,,
2016-04-05,111.24310302734376,86.13815202526152,61.932833292417996,119.80367827343397,44.529349068245175,166.62676166578578,0.7752772846438297,86.13815202526152,0.29144984437000443,0.7752772846438297,,,,,,
2016-04-06,112.72014617919922,86.1860794488565,61.96729283288703,119.8703372567282,44.554125278612176,166.7194730973739,0.8135734905593245,86.1860794488565,0.30786951790849515,0.8135734905593245,,,,,,
2016-04-07,112.6507568359375,86.23403353935666,62.00177154670673,119.93703332920131,44.57891527450744,166.81223611377024,0.8100208406688502,86.23403353935666,0.30633755852930644,0.8100208406688502,,,,,,
2016-04-08,109.66695404052734,86.28201431159953,62.03626944454515,120.00376651148979,44.60371906360126,166.9050507436767,0.7269641965741931,86.28201431159953,0.27102913527812733,0.7269641965741931,,,,,,
2016-04-11,108.0412368774414,86.42611686728326,62.13987834894276,120.20418892378451,44.67821326684102,167.18380460171514,0.6766345579176385,86.42611686728326,0.25009940043182244,0.6766345579176385,,,,,,
2016-04-12,109.6471176147461,86.47420451503721,62.17445308965576,120.27107075192906,44.70307230551739,167.2768259730004,0.7196714741234039,86.47420451503721,0.2679748629046861,0.7196714741234039,,,,,,
2016-04-13,109.54800415039062,86.52231891884536,62.20904706781703,120.33798979324374,44.72794517580784,167.3698991015449,0.715244137038985,86.52231891884536,0.2661242268962125,0.715244137038985,,,,,,
2016-04-14,109.87512969970705,86.57046009359482,62.24366029413033,120.40494606843406,44.75283188540831,167.46302401614645,0.7225961457518971,86.57046009359482,0.26919886507379776,0.7225961457518971,,,,,,
2016-04-15,108.6855697631836,86.61862805418099,62.27829277930535,120.47193959821702,44.77773244201902,167.55620074561892,0.6879138692993395,86.61862805418099,0.2547597694020214,0.6879138692993395,,,,,,
2016-04-18,109.488525390625,86.76329280003809,62.38230589518727,120.67314392246453,44.85251727097902,167.8360421116411,0.7051674166876492,86.76329280003809,0.26192220070486916,0.7051674166876492,,,,,,
2016-04-19,111.31251525878906,86.81156805309091,62.417015523025505,120.74028667801858,44.87747329271858,167.92942638905663,0.7535626978987054,86.81156805309091,0.28223136334450527,0.7535626978987054,,,,,,
2016-04-20,111.44136810302734,86.85987016658187,62.451744463363454,120.80746679192328,44.902443200033765,168.02286262565303,0.7553834229865289,86.85987016658187,0.28300178079131943,0.7553834229865289,,,,,,
2016-04-21,112.4524917602539,86.90819915545613,62.48649272694662,120.87468428496486,44.92742700065055,168.1163508503405,0.781075855570416,86.90819915545613,0.29392270065458015,0.781075855570416,,,,,,
2016-04-22,109.59754943847656,86.95655503466723,62.52126032452651,120.94193917794115,44.95242470229919,168.2098910920453,0.7014398669140114,86.95655503466723,0.26037133594796824,0.7014398669140114,,,,,,
2016-04-25,109.1415557861328,87.10178416398135,62.625679228851006,121.14392846463002,45.027501290803315,168.49082420876758,0.6837435801363596,87.10178416398135,0.25303467470492325,0.6837435801363596,,,,,,
2016-04-26,107.81324005126952,87.15024775424142,62.66052427005236,121.211333165555,45.05255467396805,168.5845728081265,0.6449396513883007,87.15024775424142,0.2370961968495664,0.6449396513883007,,,,,,
2016-04-27,107.94210052490234,87.19873830973063,62.69538869909756,121.27877537057729,45.07762199688042,168.67837356937537,0.6468743431124558,87.19873830973063,0.2378860361659263,0.6468743431124558,,,,,,
2016-04-28,115.71385192871094,87.24725584545268,62.73027252677421,121.34625510056455,45.10270326729663,168.77222652153762,0.855933801693215,87.24725584545268,0.32627497343507494,0.855933801693215,,,,,,
2016-04-29,116.55644989013672,87.2958003764194,62.76517576387567,121.41377237639563,45.12779849297708,168.86613169365222,0.8762401590713043,87.2958003764194,0.33518965846633453,0.8762401590713043,,,,,,
2016-05-02,117.53783416748048,87.44159609103112,62.87000203975339,121.6165496879157,45.20316797927272,169.1481608203437,0.8965972049453118,87.44159609103112,0.3441867420297047,0.8965972049453118,,,,,,
2016-05-03,116.40775299072266,87.490248753262,62.90498302260861,121.6842173561441,45.228319103700635,169.24227516298214,0.8656262396882564,87.490248753262,0.3305225970840837,0.8656262396882564,,,,,,
2016-05-04,117.03226470947266,87.53892848592213,62.939983468945975,121.75192267478549,45.25348422225967,169.33644187101106,0.8801586689290594,87.53892848592213,0.3369168064273669,0.8801586689290594,,,,,,
2016-05-05,116.7844467163086,87.58763530407356,62.97500338959499,121.81966566478866,45.27866334273619,169.4306609735667,0.8720471356361453,87.58763530407356,0.33334398526543096,0.8720471356361453,,,,,,
2016-05-06,118.44982147216795,87.63636922278673,63.01004279539119,121.88744634711398,45.30385647292089,169.52493249980137,0.9132814356001073,87.63636922278673,0.351605760515342,0.9132814356001073,,,,,,
2016-05-09,118.20198822021484,87.7827337331265,63.11527803210885,122.09101475780211,45.37951999969601,169.80806191234743,0.9018742922301091,87.7827337331265,0.34652890373142986,0.9018742922301091,,,,,,
2016-05-10,119.4510269165039,87.83157620495848,63.150395486969884,122.15894641925362,45.404769246707076,169.90254342514712,0.9320508270504068,87.83157620495848,0.3600009481528623,0.9320508270504068,,,,,,
2016-05-11,118.47956848144533,87.88044585283014,63.18553248124632,122.22691587800443,45.43003254244484,169.99707750763142,0.9056120936920762,87.88044585283014,0.34819034350210654,0.9056120936920762,,,,,,
2016-05-12,119.23294067382812,87.92934269186227,63.220689025809925,122.29492315508503,45.455309894726064,170.09166418905022,0.9231393901059534,87.92934269186227,0.3560085521356109,0.9231393901059534,,,,,,
2016-05-13,118.76703643798828,87.97826673718409,63.25586513153852,122.36296827153761,45.48060131137181,170.18630349866964,0.9095856238133989,87.97826673718409,0.34995881190497813,0.9095856238133989,,,,,,
2016-05-16,117.63694763183594,88.12520226230602,63.36151092458319,122.56733086772478,45.55656002577239,170.47053748963742,0.8755468086319177,88.12520226230602,0.33488428522056335,0.8755468086319177,,,,,,
2016-05-17,116.32844543457033,88.1742352842471,63.396765383870985,122.6355275523214,45.58190777817419,170.5653876050466,0.8399550306330404,88.1742352842471,0.3193020053937814,0.8399550306330404,,,,,,
2016-05-18,116.62584686279295,88.22329558825028,63.4320394588037,122.70376218167671,45.60726963411128,170.66029049523158,0.8460085173695641,88.22329558825028,0.3219393594986648,0.8460085173695641,,,,,,
2016-05-19,115.79314422607422,88.27238318949536,63.46733316029551,122.7720347769032,45.632645601430895,170.7552461895563,0.8226021460805715,88.27238318949536,0.31177090775378424,0.8226021460805715,,,,,,
2016-05-20,116.32844543457033,88.32149810317054,63.50264649926667,122.84034535912517,45.65803568798462,170.8502547174011,0.8348967363084743,88.32149810317054,0.3171022676572375,0.8348967363084743,,,,,,
2016-05-23,114.9604721069336,88.469006870786,63.608704450349926,123.04550523918309,45.73429074163203,171.13559759610445,0.7939815232355185,88.469006870786,0.29944345678978723,0.7939815232355185,,,,,,
2016-05-24,116.67540740966795,88.51823118623312,63.644096448562586,123.11396798086493,45.75973738372562,171.23081775215982,0.8371797752723924,88.51823118623312,0.3180946551473116,0.8371797752723924,,,,,,
2016-05-25,116.8637466430664,88.5674828901784,63.67950813894707,123.18246881534007,45.7851981843769,171.32609088888228,0.8403827475144688,88.5674828901784,0.31948817816099284,0.8403827475144688,,,,,,
2016-05-26,118.43000030517578,88.61676199786082,63.714939532460136,123.25100776380343,45.81067315146372,171.42141703575035,0.8790521951763044,88.61676199786082,0.3364288836014415,0.8790521951763044,,,,,,
2016-05-27,118.3407745361328,88.66606852452792,63.750390640064644,123.31958484746168,45.8361622928683,171.51679622225896,0.8750815120642748,88.66606852452792,0.33467939320435636,0.8750815120642748,,,,,,
2016-05-31,117.77574157714844,88.86356912628958,63.892392430867744,123.59427495859066,45.93826075946246,171.89884395517223,0.8538295942002527,88.86356912628958,0.32535461646571906,0.8538295942002527,,,,,,
2016-06-01,117.7459945678711,88.91301297688926,63.92794227358585,123.6630430367369,45.963820890842875,171.99448878288223,0.8513777982663684,88.91301297688926,0.3242830337835503,0.8513777982663684,,,,,,
2016-06-02,117.89469909667967,88.96248433813695,63.9635118963008,123.7318493775663,45.989395243926666,172.0901868275475,0.8535174719178454,88.96248433813695,0.32521815205356064,0.8535174719178454,,,,,,
2016-06-03,117.43871307373048,89.0119832253395,63.99910131001817,123.80069400236822,46.01498382662677,172.18593811877795,0.8400847359734793,89.0119832253395,0.3193584595955681,0.8400847359734793,,,,,,
2016-06-06,117.75592041015624,89.16064519587403,64.10598840733292,124.0074577936809,46.091835031620846,172.4735117682075,0.8432028236808076,89.16064519587403,0.32071633343906614,0.8432028236808076,,,,,,
2016-06-07,116.73487854003906,89.21025434013626,64.14165709523873,124.07645576750406,46.11748061200412,172.56947634212827,0.8151190560966648,89.21025434013626,0.3085365511341145,0.8151190560966648,,,,,,
2016-06-08,117.3593978881836,89.25989108701611,64.17734562926702,124.14549213192466,46.14314046163471,172.66549431091158,0.829606354329448,89.25989108701611,0.31480552417181773,0.829606354329448,,,,,,
2016-06-09,117.5279312133789,89.3095554518717,64.21305402046019,124.2145669083033,46.168814588452044,172.7615657042664,0.8322700770773295,89.3095554518717,0.31596144016990313,0.8322700770773295,,,,,,
2016-06-10,115.60481262207033,89.35924745006973,64.24878227986682,124.28368011801246,46.194503000399976,172.85769055191824,0.7805738771260156,89.35924745006973,0.2937084400432708,0.7805738771260156,,,,,,
2016-06-13,112.95804595947266,89.50848939851367,64.35608637794526,124.4912505610263,46.27165402653223,173.14638611815946,0.7053095379427519,89.50848939851367,0.2619813686784036,0.7053095379427519,,,,,,
2016-06-14,113.93943786621094,89.55829208391945,64.39189422081431,124.56051771802031,46.29739965852953,173.24272508058567,0.7298451249192919,89.55829208391945,0.27223772601028884,0.7298451249192919,,,,,,
2016-06-15,113.6023941040039,89.60812247962947,64.42772198723189,124.62982341538574,46.323159615443046,173.33911764618483,0.7191791483666021,89.60812247962947,0.26776893612327424,0.7191791483666021,,,,,,
2016-06-16,113.39421081542967,89.65798060106181,64.46356968828353,124.69916767456657,46.34893390524318,173.43556384478185,0.711933089564241,89.65798060106181,0.26474196781191783,0.711933089564241,,,,,,
2016-06-17,112.0361557006836,89.70786646364309,64.49943733506086,124.76855051701862,46.37472253590478,173.53206370621822,0.6737249261267868,89.70786646364309,0.24890001420432561,0.6737249261267868,,,,,,
2016-06-20,112.3831024169922,89.85769065267581,64.60716006075639,124.97693075874,46.452174552873394,173.82188556622756,0.6780389732418896,89.85769065267581,0.25067872989729034,0.6780389732418896,,,,,,
2016-06-21,113.3843002319336,89.90768763429105,64.6431076014767,125.04646814907451,46.47802062681808,173.91860037776854,0.7032376621404591,89.90768763429105,0.2611190790840503,0.7032376621404591,,,,,,
2016-06-22,112.91840362548828,89.9577124343173,64.6790751434737,125.1160442301388,46.503881081565055,174.0153690016056,0.6890706752137365,89.9577124343173,0.2552387179468991,0.6890706752137365,,,,,,
2016-06-23,114.07820129394533,90.00776506823276,64.7150626978761,125.18565902346043,46.529755925115836,174.11219146767996,0.7183596078068103,90.00776506823276,0.26742621825422885,0.7183596078068103,,,,,,
2016-06-24,111.10433197021484,90.05784555152427,64.75107027581889,125.25531255057899,46.55564516547637,174.20906780594962,0.6366057775374527,90.05784555152427,0.23369964371010155,0.6366057775374527,,,,,,
2016-06-27,108.02140045166016,90.20825425265262,64.85921326233176,125.46450575029172,46.63339934754289,174.5000203537594,0.5462484219848386,90.20825425265262,0.1974669208110047,0.5462484219848386,,,,,,
2016-06-28,111.71893310546876,90.258446288489,64.89530104590935,125.53431442823347,46.65934625529113,174.59711248072276,0.6465830310023525,90.258446288489,0.2377670755420116,0.6465830310023525,,,,,,
2016-06-29,113.1662368774414,90.3086662512649,64.93140890879499,125.6041619478499,46.68530759994578,174.6942586299212,0.6839135821830334,90.3086662512649,0.2531049518833566,0.6839135821830334,,,,,,
2016-06-30,113.2851791381836,90.35891415651892,64.96753686216086,125.67404833075258,46.71128338953955,174.79145883141277,0.6854117276767236,90.35891415651892,0.25372444097714575,0.6854117276767236,,,,,,
2016-07-01,113.19597625732422,90.40919001979832,65.00368491718532,125.74397359856513,46.73727363210964,174.88871311527228,0.6813378626681196,90.40919001979832,0.25204059711779214,0.6813378626681196,,,,,,
2016-07-05,113.20587158203124,90.6105733644174,65.14847837765457,126.0240639518072,46.841379293053514,175.27827167647132,0.6748584393042701,90.6105733644174,0.2493671254759653,0.6748584393042701,,,,,,
2016-07-06,115.68411254882812,90.6609892513352,65.1847271088655,126.0941839689443,46.867441921219594,175.3757968238782,0.7388138886898539,90.6609892513352,0.2760076136840124,0.7388138886898539,,,,,,
2016-07-07,114.84151458740234,90.71143318974383,65.22099600893615,126.16434300098598,46.89351905067922,175.4733762344538,0.7149688893026311,90.71143318974383,0.26600926199881436,0.7149688893026311,,,,,,
2016-07-08,116.21941375732422,90.76190519525088,65.25728508908828,126.23454106963979,46.91961068950075,175.5710099383897,0.7494355271668893,90.76190519525088,0.28048671419256865,0.7494355271668893,,,,,,
2016-07-11,116.84394073486328,90.913489770573,65.36627352234808,126.44536971253638,46.99797274289029,175.8642371125343,0.7606223686533249,90.913489770573,0.28522115947509796,0.7606223686533249,,,,,,
2016-07-12,116.90340423583984,90.96407420072717,65.40264343517151,126.51572414496091,47.02412249993515,175.96208829216988,0.7604784996492292,90.96407420072717,0.28516016089905216,0.7604784996492292,,,,,,
2016-07-13,115.76341247558594,91.01468677614979,65.43903358428024,126.58611772271892,47.05028680675213,176.0599939163788,0.7290883399703704,91.01468677614979,0.2719201326298637,0.7290883399703704,,,,,,
2016-07-14,116.26897430419922,91.06532751250091,65.47544398093375,126.65655046759092,47.07646567143675,176.15795401545412,0.7406112878622552,91.06532751250091,0.27676446656647125,0.7406112878622552,,,,,,
2016-07-15,115.84272003173828,91.11599642544935,65.5118746363978,126.72702240136957,47.102659102089035,176.25596861970575,0.7277920590385403,91.11599642544935,0.2713763178403059,0.7277920590385403,,,,,,
2016-07-18,118.33086395263672,91.26817238069722,65.6212882684051,126.93867355425384,47.18132687091972,176.55033976687076,0.7871505482005065,91.26817238069722,0.2965183904313955,0.7871505482005065,,,,,,
2016-07-19,119.5600814819336,91.31895415689723,65.65780007189453,127.00930246182821,47.20757864653307,176.64857269526425,0.8167900786852021,91.31895415689723,0.30925811170060724,0.8167900786852021,,,,,,
2016-07-20,120.8586654663086,91.36976418816937,65.69433219061744,127.07997066745452,47.233845028681856,176.74686028063678,0.8478494358716688,91.36976418816937,0.3227424470244771,0.8478494358716688,,,,,,
2016-07-21,119.5600814819336,91.42060249023483,65.7308846358773,127.15067819299826,47.26012602549318,176.8452025533996,0.8134178824688247,91.42060249023483,0.3078023796080813,0.8134178824688247,,,,,,
2016-07-22,119.9466781616211,91.4714690788235,65.76745741898382,127.22142506033711,47.28642164509867,176.94359954398084,0.8215173473884694,91.4714690788235,0.3113015388247422,0.8215173473884694,,,,,,
2016-07-25,120.57119750976562,91.6242387211594,65.87729790857497,127.43390193208367,47.36539632206424,177.23911912717097,0.832200498600466,91.6242387211594,0.3159312338375948,0.832200498600466,,,,,,
2016-07-26,120.16476440429688,91.6752186133153,65.91395215629126,127.50480638562325,47.391750514253154,177.33773529364638,0.8202792645922926,91.6752186133153,0.3107660523957958,0.8202792645922926,,,,,,
2016-07-27,122.26630401611328,91.7262268707754,65.95062679849728,127.57575029052903,47.41811936996228,177.43640633033522,0.8711471064144337,91.7262268707754,0.33294814566354036,0.8711471064144337,,,,,,
2016-07-28,123.91185760498048,91.77726350932224,65.98732184654055,127.64673366875182,47.444502897350404,177.53513226776735,0.9099851729301598,91.77726350932224,0.35013676445467556,0.9099851729301598,,,,,,
2016-07-29,122.861083984375,91.82832854474707,66.02403731177493,127.71775654225466,47.470901104580896,177.63391313648964,0.8824848347381696,91.82832854474707,0.33794315906018,0.8824848347381696,,,,,,
2016-08-01,123.22785186767578,91.98169419033428,66.13430632425795,127.93106235425698,47.55018388702818,177.93058563612124,0.8864618831005827,91.98169419033428,0.339699740827615,0.8864618831005827,,,,,,
2016-08-02,122.01847076416016,92.03287297135981,66.1711035719216,128.00224342875472,47.57664089535249,178.02958653581297,0.8548800461133992,92.03287297135981,0.3258139925951429,0.8548800461133992,,,,,,
2016-08-03,121.44354248046876,92.08408022835167,66.20792129364041,128.07346410853108,47.60311262440408,178.12864251978436,0.8388777278163267,92.08408022835167,0.31883320308256335,0.8388777278163267,,,,,,
2016-08-04,123.27743530273438,92.13531597715394,66.24475950080618,128.14472441562248,47.62959908237361,178.22775361868443,0.8826230148433202,92.13531597715394,0.3380041517771806,0.8826230148433202,,,,,,
2016-08-05,124.06055450439452,92.18658023361952,66.28161820481706,128.21602437207764,47.656100277456254,178.3269198631792,0.9001317168476478,92.18658023361952,0.3457550349519405,0.9001317168476478,,,,,,
2016-08-08,124.16960144042967,92.34054420765733,66.39231741199677,128.43016235829677,47.73569236740326,178.62474977714803,0.8977366241776169,92.34054420765733,0.3446921122881246,0.8977366241776169,,,,,,
2016-08-09,123.97132873535156,92.39192265348167,66.4292582174964,128.50162113293965,47.762252592981646,178.7241369110236,0.8912064638246622,92.39192265348167,0.3417983431334066,0.8912064638246622,,,,,,
2016-08-10,123.79290771484376,92.44332968636604,66.4662195769269,128.57311966737376,47.788827596717496,178.82357934407995,0.88515467894756,92.44332968636604,0.33912212092357485,0.88515467894756,,,,,,
2016-08-11,123.81272888183594,92.49476532221665,66.50320150172476,128.64465798372203,47.81541738683358,178.92307710708621,0.883953884750278,92.49476532221665,0.3385917403057286,0.883953884750278,,,,,,
2016-08-12,123.79290771484376,92.54622957694792,66.54020400333236,128.71623610411865,47.842021971556896,179.02263023082747,0.8817824827311825,92.54622957694792,0.33763318376915263,0.8817824827311825,,,,,,
2016-08-15,122.82142639160156,92.7007942137072,66.65133508353604,128.93120951113264,47.92192457571123,179.32162207457745,0.8528425849323205,92.7007942137072,0.3249231296600972,0.8528425849323205,,,,,,
2016-08-16,122.2266616821289,92.75237310328644,66.68842000693657,129.00294706931754,47.948588421227136,179.42139694945968,0.8364421794912718,92.75237310328644,0.31777395653285034,0.8364421794912718,,,,,,
2016-08-17,123.2873306274414,92.80398069145316,66.72552556445555,129.0747245424096,47.97526710255491,179.52122733926277,0.8609470405694876,92.80398069145316,0.3284702844518783,0.8609470405694876,,,,,,
2016-08-18,122.83135223388672,92.85561699417526,66.76265176757386,129.1465419526175,48.00196062794923,179.6211132748753,0.8480292481333088,92.85561699417526,0.3228209149866701,0.8480292481333088,,,,,,
2016-08-19,122.48439025878906,92.90728202742962,66.79979862777873,129.21839932216236,48.02866900566937,179.72105478720312,0.8377687873560106,92.90728202742962,0.31835080723411124,0.8377687873560106,,,,,,
2016-08-22,123.06925964355467,93.06244967028775,66.91136326588116,129.43421140921492,48.108883335446265,180.02121309379393,0.8471502010896483,93.06244967028775,0.32243735340707746,0.8471502010896483,,,,,,
2016-08-23,123.2873306274414,93.1142297856172,66.94859286943269,129.50622883856576,48.135651205154254,180.12137722238467,0.8508304519203553,93.1142297856172,0.32404392874530186,0.8508304519203553,,,,,,
2016-08-24,122.40509033203124,93.16603871149648,66.98584318760297,129.57828633854456,48.16243396855337,180.22159708247776,0.8273751726546341,93.16603871149648,0.31383808976872074,0.8273751726546341,,,,,,
2016-08-25,122.81151580810548,93.21787646395585,67.02311423191766,129.6503839314467,48.18923163393049,180.32187270508228,0.8357370031414741,93.21787646395585,0.31746742649294823,0.8357370031414741,,,,,,
2016-08-26,123.87220001220705,93.26974305903444,67.06040601390882,129.72252163957992,48.21604420957709,180.4222041212246,0.8601180455378495,93.26974305903444,0.3281070146596521,0.8601180455378495,,,,,,
2016-08-29,125.4384536743164,93.42551606051113,67.17240590135806,129.93917567863022,48.29657148111792,180.72353344140095,0.8931463395982683,93.42551606051113,0.34265732707401586,0.8931463395982683,,,,,,
2016-08-30,124.74453735351562,93.47749818663682,67.20978074950415,130.01147407101394,48.32344378084966,180.8240883423035,0.8746452933513882,93.47749818663682,0.3344873341009955,0.8746452933513882,,,,,,
2016-08-31,125.02210235595705,93.52950923571153,67.24717639308335,130.08381269035397,48.350331032377575,180.92469919213477,0.8796963349059834,93.52950923571153,0.336712908873267,0.8796963349059834,,,,,,
2016-09-01,125.07167053222656,93.581549223828,67.28459284366627,130.15619155903266,48.37723324402087,181.02536602202488,0.8792117959742726,93.581549223828,0.33649925193138874,0.8792117959742726,,,,,,
2016-09-02,125.4087142944336,93.63361816708802,67.32203011282998,130.2286106994448,48.40415042410339,181.12608886312123,0.885683213802402,93.63361816708802,0.33935563688934156,0.885683213802402,,,,,,
2016-09-06,128.6006622314453,93.84218381391159,67.47198760705926,130.5186904267602,48.51196899546452,181.52954096312394,0.955124617249995,93.84218381391159,0.3703928980005362,0.955124617249995,,,,,,
2016-09-07,129.90919494628906,93.89439777472896,67.5095291430083,130.59131126219805,48.53896114276285,181.63054432806948,0.9841256498522594,93.89439777472896,0.3835670500594366,0.9841256498522594,,,,,,
2016-09-08,129.135986328125,93.94664078748856,67.54709156713582,130.66397250400007,48.56596830854077,181.73160389146994,0.9643441781262247,93.94664078748856,0.37456736340617325,0.9643441781262247,,,,,,
2016-09-09,125.99357604980467,93.99891286835498,67.58467489106408,130.73667417464847,48.592990501154574,181.8327196845943,0.8879841235209333,93.99891286835498,0.34037269373804424,0.8879841235209333,,,,,,
2016-09-12,127.56971740722656,94.15590368137545,67.69755037797245,130.95502198468128,48.67414732364418,182.1364047552609,0.9206100440424373,94.15590368137545,0.354877521423657,0.9206100440424373,118.48425340769705,0.0766807718175595,0.24606716141137058,,,
2016-09-13,126.10262298583984,94.20829219649454,67.73521741745522,131.02788559578718,48.70122970725766,182.2377457803181,0.8838620909779837,94.20829219649454,0.3385512044186285,0.8838620909779837,118.53691480379496,0.06382575583789918,0.20606341022365526,,,
2016-09-14,126.65773010253906,94.2607098606781,67.7729054149468,131.100789748338,48.72832715955833,182.33914319170478,0.8954901487337859,94.2607098606781,0.34369590776204983,0.8954901487337859,118.58959960572577,0.0680340478729784,0.21921224369251824,,,
2016-09-15,127.23270416259766,94.31315669014502,67.81061438210851,131.1737344648914,48.755439688930565,182.44059702079488,0.9075333303222306,94.31315669014502,0.3490451240075232,0.9075333303222306,118.64230782389244,0.07240584321283117,0.2328171896907871,,,
2016-09-16,127.9464111328125,94.36563270112254,67.84834433060762,131.24671976801676,48.782567303763095,182.5421072989787,0.9228031397629287,94.36563270112254,0.35585813892699636,0.9228031397629287,118.69503946870242,0.0779423614122432,0.24996735587493008,,,
2016-09-19,127.5300750732422,94.52323598553168,67.9616601809034,131.46591942271394,48.86404074498224,182.84697714226584,0.907865263343404,94.52323598553168,0.3491928597616225,0.907865263343404,118.8533750671381,0.07300339600118888,0.23467245307677717,,,
2016-09-20,127.5201644897461,94.57582888500923,67.99947417155823,131.53906729807846,48.891228785638845,182.94871353108445,0.9059435959924378,94.57582888500923,0.34833779405510157,0.9059435959924378,118.90620052268996,0.07244335391418377,0.2329336821607577,,,
2016-09-21,128.80885314941406,94.62845104727118,68.03730920198586,131.6122558730532,48.918431953770444,183.05050652621384,0.9347363768579358,94.62845104727118,0.3612063995961239,0.9347363768579358,118.95904945699243,0.08279995290297482,0.2649420574298928,,,
2016-09-22,128.94764709472656,94.68110248859941,68.07516528389287,131.68548517028339,48.94565025779399,183.15235615914983,0.9363146987753536,94.68110248859941,0.3619153527521841,0.9363146987753536,119.01192188048077,0.08348512533243402,0.26704885940693945,,,
2016-09-23,126.8460922241211,94.73378322528482,68.11304242899232,131.75875521242705,48.972883706131135,183.2542624614058,0.8848198450730711,94.73378322528482,0.3389742065137473,0.8848198450730711,119.06481780359516,0.06535326357582494,0.21084212100957606,,,
2016-09-26,126.20174407958984,94.89200137052946,68.22680036067395,131.9788100351071,49.0546750013108,183.56032169949057,0.8643245121732643,94.89200137052946,0.32995133685508105,0.8643245121732643,119.22364667516347,0.058529474638860046,0.1894410269187801,,,
2016-09-27,127.56971740722656,94.94479945173426,68.26476187580441,132.05224328373612,49.081969111212445,183.66245499451114,0.8953185724196093,94.94479945173426,0.34361985220767544,0.8953185724196093,119.27663670127419,0.0695281233216043,0.22386803255159143,,,
2016-09-28,128.1050262451172,94.99762690988693,68.30274451279054,132.12571739075747,49.109278407606205,183.7646451166818,0.9063254169006826,94.99762690988693,0.34850764605557294,0.9063254169006826,119.32965027928051,0.07353893977983406,0.23633431509046232,,,
2016-09-29,126.97496032714844,95.05048376133288,68.3407482833846,132.1992323789049,49.13660289894188,183.86689209762127,0.8777812161215847,95.05048376133288,0.33586863845928816,0.8777812161215847,119.3826874196502,0.06359609648265097,0.2053443422291403,,,
2016-09-30,127.15339660644533,95.10337002242659,68.37877319934536,132.27278827092468,49.16394259367395,183.9691959689659,0.8803518391354473,95.10337002242659,0.3370020071471802,0.8803518391354473,119.43574813285574,0.06461757551017944,0.20854142360581407,,,
2016-10-03,127.6490478515625,95.26220542727556,68.49297493711377,132.49370159787156,49.24605298286412,184.27644924205788,0.8870863807275856,95.26220542727556,0.339975778211554,0.8870863807275856,119.59507181428233,0.06734371170232745,0.21705884045836296,,,
2016-10-04,127.0740966796875,95.31520949068717,68.53108455226003,132.56742133309743,49.27345357582087,184.37898099173847,0.8717164299265072,95.31520949068717,0.33319852475489076,0.8717164299265072,119.64822692364936,0.06206418554599047,0.20054392300922858,,,
2016-10-05,127.35163116455078,95.36824304565552,68.56921537166507,132.64118208611734,49.300869414517095,184.48156979027004,0.8766433725423943,95.36824304565552,0.33536727843024106,0.8766433725423943,119.70140565828473,0.06391090784769382,0.20632998340672137,,,
2016-10-06,127.6192855834961,95.42130610858979,68.607367407127,132.71498387975365,49.32830050743557,184.5842156693947,0.8813212576957817,95.42130610858979,0.3374296662661993,0.8813212576957817,119.75460802868879,0.06567327708110593,0.2118423947861285,,,
2016-10-07,127.86713409423828,95.47439869590825,68.64554067045047,132.7888267368414,49.35574686306376,184.68691866087215,0.8855163294949414,95.47439869590825,0.33928190007776693,0.8855163294949414,119.80783404536669,0.06726855646033836,0.21682432055399434,,,
2016-10-10,129.10623168945312,95.63385376848876,68.76018794573521,133.0106019173549,49.438177591152254,184.99537062728396,0.9096905288117313,95.63385376848876,0.3500055325804874,0.9096905288117313,119.96765407816466,0.07617534644241886,0.24450336044808915,,,
2016-10-11,127.75807189941406,95.68706461770965,68.7984462386828,133.08460925685353,49.46568508258857,185.0983023861237,0.8761854180136015,95.68706461770965,0.33516554625052986,0.8761854180136015,120.02097478508263,0.06446454153689363,0.2080626448469407,,,
2016-10-12,127.92658996582033,95.74030507354331,68.83672581861377,133.15865777416968,49.493207879242874,185.20129141638023,0.878494965413067,95.74030507354331,0.33618322886638996,0.878494965413067,120.07431919087016,0.06539508887381817,0.21097287239956566,,,
2016-10-13,126.70731353759766,95.79357515246288,68.87502669737226,133.23274749221483,49.520745989631024,185.30433774991948,0.847779714193326,95.79357515246288,0.32271202255405096,0.847779714193326,120.12768730606044,0.054771937919471325,0.17759748287441904,,,
2016-10-14,126.76677703857422,95.84687487095073,68.91334888680898,133.3068784339131,49.54829942227361,185.40744141862513,0.8475158204470707,95.84687487095073,0.32259687349487787,0.8475158204470707,120.1810791411913,0.05479812583181998,0.17768017161106167,,,
2016-10-17,126.42974853515624,96.00695202878484,69.02844343779444,133.52951883035973,49.63105173900496,185.7170967548429,0.8343878845867142,96.00695202878484,0.3168811827007072,0.8343878845867142,120.34139707167628,0.05059232825636628,0.16437392015400767,,,
2016-10-18,127.45077514648438,96.06037047055263,69.06685098858303,133.60381489616736,49.658666545966014,185.82043008340548,0.8570829885579176,96.06037047055263,0.3267778848047904,0.8570829885579176,120.39488389204185,0.05860623829140077,0.18968254317327848,,,
2016-10-19,128.9773712158203,96.11381863443796,69.10527990940228,133.67815230044027,49.68629671785557,185.9238209068188,0.891488701442241,96.11381863443796,0.3419232847919249,0.891488701442241,120.4483944851076,0.0708102151728327,0.2278580628440184,,,
2016-10-20,128.8683319091797,96.16729653697853,69.14373021214271,133.75253106617964,49.713942263222826,186.02726925707364,0.8872388968289983,96.16729653697853,0.3400432012729697,0.8872388968289983,120.50192886143954,0.06942961931638747,0.22356127792835462,,,
2016-10-21,130.92031860351562,96.22080419472063,69.18220190870102,133.82695121639856,49.74160319062145,186.13077516617733,0.9334387914338863,96.22080419472063,0.36062382453771735,0.9334387914338863,120.55548703160824,0.08597561029461764,0.2746955189100935,,,
2016-10-24,132.1197967529297,96.38150586476195,69.2977454803528,134.05046020426246,49.82467835061584,186.4416385669317,0.9560256159755517,96.38150586476195,0.37080029584009666,0.9560256159755517,120.7163044109132,0.09446522073107455,0.3006304490546234,,,
2016-10-25,131.13836669921875,96.43513270896158,69.33630287128499,134.1250461227928,49.85240089177383,186.54537503186907,0.9317386761161641,96.43513270896158,0.35986090354633027,0.9317386761161641,120.76995786223033,0.08585254992649993,0.27431809259042084,,,
2016-10-26,129.8992919921875,96.48878939123432,69.37488171561922,134.19967354106316,49.88013885780387,186.64916921596318,0.9012757656527443,96.48878939123432,0.346263050990133,0.9012757656527443,120.82363516030829,0.07511491290456274,0.24121995956462688,,,
2016-10-27,128.56101989746094,96.54247592818213,69.41348202529224,134.274342482164,49.90789225728838,186.75302115132908,0.8681990733801429,96.54247592818213,0.331652401302587,0.8681990733801429,120.87733631574586,0.06356595715878766,0.205249963883551,,,
2016-10-28,130.1470947265625,96.59619233641621,69.45210381224737,134.34905296919877,49.93566109881456,186.85693087009966,0.9036805445771828,96.59619233641621,0.3473315208253587,0.9036805445771828,120.9310613391469,0.07620898456823721,0.24460746060897792,,,
2016-10-31,129.84971618652344,96.75752095508666,69.56809815633875,134.573433937133,50.01906036158686,187.16900704843687,0.8916882015117474,96.75752095508666,0.3420116070025985,0.8916882015117474,121.09237972323696,0.07231946785835608,0.2325489286547075,,,
2016-11-01,128.3726806640625,96.81135701476269,69.60680597198888,134.64831083919427,50.04689105724736,187.27314822251304,0.8553246764610725,96.81135701476269,0.3260084831213248,0.8553246764610725,121.14620032462184,0.05965090378465576,0.1929675633189932,,,
2016-11-02,126.0629653930664,96.8652230289197,69.64553532473764,134.7232294028993,50.07473723795726,187.37734734092683,0.7986037625594381,96.8652230289197,0.3014264712468533,0.7986037625594381,121.2000448470588,0.040123091968687685,0.1310187514753839,,,
2016-11-03,118.95538330078124,96.91911901422442,69.68428622656833,134.79818965142871,50.102598912332475,187.4816044359186,0.621007783575113,96.91911901422442,0.2273675670052535,0.621007783575113,121.25391330117998,-0.018956336647786953,-0.06374014579568044,,,
2016-11-04,119.69886016845705,96.97304498735285,69.72305868947089,134.87319160797597,50.13047608899371,187.58591953974658,0.6382078948990099,96.97304498735285,0.234351877720949,0.6382078948990099,121.3078056976219,-0.01326333058216711,-0.04446908265207751,,,
2016-11-07,121.08667755126952,97.13500300057963,69.83950556460937,135.09844795785372,50.214200718972535,187.8992132271,0.6680919281169911,97.13500300057963,0.24658129212748325,0.6680919281169911,121.46962664730957,-0.0031526325272404065,-0.010516428529315917,,,
2016-11-08,123.1386489868164,97.18904909194858,69.87836439183238,135.1736169786658,50.242139991080855,188.0037606892148,0.7173431308848871,97.18904909194858,0.2670012736755707,0.7173431308848871,121.52361491949564,0.013289878419027179,0.043970402149208956,,,
2016-11-09,122.10770416259766,97.2431252546605,69.91724484017715,135.24882782365702,50.27009480865071,188.1083663217266,0.6901722744532669,97.2431252546605,0.2556949793913117,0.6901722744532669,121.57762718725668,0.004359987833325141,0.014489375570439465,,,
2016-11-10,119.74842071533205,97.29723150544719,69.95614692167369,135.32408051609843,50.29806518033163,188.21303015700155,0.6293460969267423,97.29723150544719,0.2307484895767864,0.6293460969267423,121.63166346125774,-0.015483161968968262,-0.051970047393430835,,,
2016-11-11,117.9839096069336,97.35136786104967,69.99507064835876,135.39937507927405,50.32605111477795,188.31775222742377,0.5826624122337102,97.35136786104967,0.21193889925956566,0.5826624122337102,121.68572375216864,-0.030421104720339653,-0.10289056926063271,,,
2016-11-14,114.07820129394533,97.5139577243023,70.11197182001276,135.62551022624038,50.41010238132487,188.6322681736856,0.47556148022764655,97.5139577243023,0.16986536036691802,0.47556148022764655,121.84804883312914,-0.06376669641895227,-0.2194485677793907,,,
2016-11-15,116.17974853515624,97.56821466676497,70.15098224795311,135.70097250545194,50.438150653472476,188.7372235088986,0.5292080588437413,97.56821466676497,0.19075406813537787,0.5292080588437413,121.90220529847207,-0.04694301263299261,-0.16013236851698384,,,
2016-11-16,115.3272476196289,97.62250179788857,70.19001438136614,135.77647677201213,50.466214531729435,188.84223724145,0.5051976636242722,97.62250179788857,0.18135927164000676,0.5051976636242722,121.95638583414495,-0.054356630603430434,-0.18614087474353025,,,
2016-11-17,116.76461791992188,97.67681913447012,70.2290682323288,135.85202304928285,50.494294024779016,188.94730940383212,0.541057195586498,97.67681913447012,0.19541789909409202,0.541057195586498,122.01059045084604,-0.04299604248729205,-0.1463679881071506,,,
2016-11-18,116.00131225585938,97.731166693316,70.26814381292478,135.92761136063888,50.522389141309326,189.05244002855548,0.5194906696895504,97.731166693316,0.1869428779037885,0.5194906696895504,122.06481915927839,-0.049674483976476,-0.1696913210659468,,,
2016-11-21,120.70996856689452,97.8943908716436,70.38550105345031,136.15462873316235,50.606768318738105,189.36818300214873,0.6350415721894757,97.8943908716436,0.23306317647112262,0.6350415721894757,122.22764994206449,-0.012416841654808497,-0.04161318109667049,,,
2016-11-22,120.41258239746094,97.94885948779758,70.42466367355092,136.23038541486827,50.63492601616902,189.47354780170346,0.6258784590422842,97.94885948779758,0.2293413422793542,0.6258784590422842,122.2819751245473,-0.015287557509455874,-0.05130840716873907,,,
2016-11-23,119.78807067871094,98.00335841038812,70.4638480838042,136.30618424772888,50.66309938059371,189.57897122642322,0.6084303188178672,98.00335841038812,0.22228536472290616,0.6084303188178672,122.33632445234792,-0.020829903015678553,-0.07010671130858233,,,
2016-11-25,119.33208465576172,98.11244724233838,70.54228232327172,136.45790846073916,50.719493145297825,189.78999408185254,0.5934975067640376,98.11244724233838,0.21627874963724736,0.5934975067640376,122.44509558683376,-0.025423729028529407,-0.08576868864387502,,,
2016-11-28,119.36181640625,98.27630821040705,70.66009741193946,136.6858115006641,50.80420151289376,190.1069688698036,0.5891943468415228,98.27630821040705,0.21455331991815796,0.5891943468415228,122.60843364689107,-0.026479558902051115,-0.0893788191897928,,,
2016-11-29,119.81781005859376,98.33098932605905,70.69941281795056,136.7618637334225,50.83246906251098,190.21274473115125,0.5990661834398661,98.33098932605905,0.21851525017495588,0.5990661834398661,122.6629280721292,-0.02319460376701943,-0.07815961348817886,,,
2016-11-30,117.3891372680664,98.3857008663828,70.73875009912474,136.83795828178094,50.86075234024398,190.31857944637963,0.5353072082028887,98.3857008663828,0.19315242188996629,0.5353072082028887,122.7174467179066,-0.043419331092248825,-0.14784141415418486,,,
2016-12-01,114.09803771972656,98.44044284830656,70.77810926763333,136.91409516928368,50.889051354843865,190.42447304823503,0.447424845743714,98.44044284830656,0.15905652614289667,0.447424845743714,122.7719895949882,-0.07065090257049744,-0.2440285086588119,,,
2016-12-02,114.39542388916016,98.49521528876807,70.81749033565445,136.99027441948837,50.91736611506666,190.53042556948202,0.4536290261185582,98.49521528876807,0.1614312792126591,0.4536290261185582,122.82655671414405,-0.06864258878970109,-0.2368390979858737,,,
2016-12-05,116.40775299072266,98.65971553089817,70.93576505867637,137.2190665820864,51.00240495710583,190.84863697749248,0.5014290483195107,98.65971553089817,0.1798914315161002,0.5014290483195107,122.99040363182637,-0.05352166060702568,-0.18320145733824372,,,
2016-12-06,116.28880310058594,98.7146099750769,70.9752338466648,137.2954155189368,51.03078278747797,190.95482550431694,0.4966439669960412,98.7146099750769,0.1780303151675937,0.4966439669960412,123.04506782707271,-0.05490886262895167,-0.1880863713735425,,,
2016-12-07,116.92322540283205,98.76953496262367,71.01472459515827,137.37180693647377,51.05917640732625,191.0610731146298,0.5114498816852523,98.76953496262367,0.18379848044316582,0.5114498816852523,123.09975631831415,-0.05017500521699403,-0.17144590420409864,,,
2016-12-08,117.8748779296875,98.82449051053284,71.05423731637563,137.44824085833363,51.08758582543597,191.16737984130523,0.5343352624243174,98.82449051053284,0.1927699026905101,0.5343352624243174,123.15446911634912,-0.04286966786137314,-0.1459282167778913,,,
2016-12-09,118.63816833496094,98.87947663580829,71.09377202254255,137.5247173081659,51.11601105059732,191.2737457172357,0.5522142298050333,98.87947663580829,0.19982601416801216,0.5522142298050333,123.20920623198124,-0.03709980801608159,-0.12591126836144567,,,
2016-12-12,116.74478912353516,99.04461864601255,71.21250817309935,137.75440206218914,51.20138165636631,191.59319856975617,0.49838994462224534,99.04461864601255,0.17870905779125024,0.49838994462224534,123.37356359256556,-0.05372929399139004,-0.1839321648646093,,,
2016-12-13,119.26268768310548,99.09972725098075,71.25213094145722,137.831048860669,51.22987019773382,191.69980137199735,0.561384446895145,99.09972725098075,0.20346131105951337,0.561384446895145,123.42839808671549,-0.033750015945952394,-0.114345042160874,,,
2016-12-14,119.1635513305664,99.15486651847644,71.29177575599509,137.90773830556617,51.25837459017728,191.80646348823055,0.5571776322549216,99.15486651847644,0.20179226209095402,0.5571776322549216,123.4832569525515,-0.03498211602602075,-0.11859459233887738,,,
2016-12-15,119.52042388916016,99.2100364655603,71.33144262897949,137.9844704206092,51.28689484251626,191.9131849514581,0.5645558558884736,99.2100364655603,0.20472109624362855,0.5645558558884736,123.5381402009057,-0.03252207217310921,-0.11011521515896908,,,
2016-12-16,118.8265151977539,99.26523710930249,71.37113157268375,138.06124522953985,51.315430963575224,192.01996579470088,0.5452199869018768,99.26523710930249,0.19706070985265667,0.5452199869018768,123.59304784261512,-0.03856634922484459,-0.13098763953194262,,,
2016-12-19,118.20198822021484,99.43102339132349,71.49033095095187,138.29182605727303,51.40113462739047,192.34066493500362,0.5241883159958538,99.43102339132349,0.18878378386005168,0.5241883159958538,123.75791723631711,-0.04489352390678292,-0.1529780288291113,,,
2016-12-20,118.05331420898438,99.48634699259091,71.53010830040589,138.36877187943585,51.42973431167238,192.44768362888246,0.5186871818173411,99.48634699259091,0.1866282940087871,0.5186871818173411,123.81292255991404,-0.04651863659984723,-0.15864969769084014,,,
2016-12-21,118.00373840332033,99.54170137601015,71.56990778204909,138.4457605143933,51.45834990887035,192.55476186815616,0.5157278799753648,99.54170137601015,0.18547037846551806,0.5157278799753648,123.86795233112365,-0.04734246281981891,-0.16152855755158319,,,
2016-12-22,116.37801361083984,99.59708655870845,71.60972940819586,138.5227919859665,51.486981427838366,192.66189968595586,0.4719908819728165,99.59708655870845,0.16848813185152478,0.4719908819728165,123.92300656081187,-0.060884521440895845,-0.2092114413598243,,,
2016-12-23,116.24913787841795,99.65250255782259,71.64957319116745,138.59986631798984,51.515628877435326,192.76909711543118,0.4669462024158853,99.65250255782259,0.16654509314470345,0.4669462024158853,123.9780852598495,-0.06234123849575668,-0.21438158596388657,,,
2016-12-27,116.9827117919922,99.8744750615068,71.80917013796686,138.90859272773605,51.630378159463206,193.19848361372638,0.47926969618703885,99.8744750615068,0.17129738824609042,0.47926969618703885,124.19864496707902,-0.05809993480202236,-0.19935073333189104,,,
2016-12-28,115.9021987915039,99.93004540008563,71.84912489012125,138.98588171998995,51.659105395261015,193.3059795994697,0.449455727209229,99.93004540008563,0.15983334469099097,0.449455727209229,124.25384617609477,-0.06721439731334156,-0.23173584937537917,,,
2016-12-29,115.337158203125,99.98564665810137,71.889101873172,139.06321371597892,51.68784861494479,193.41353539617393,0.4329559185879156,99.98564665810137,0.15353715316277117,0.4329559185879156,124.30907191978622,-0.07217424744712586,-0.2494921850899266,,,
2016-12-30,114.0484848022461,100.04127885275756,71.92910109948838,139.14058873963023,51.71660782740794,193.5211510371178,0.3972112592407785,100.04127885275756,0.14001426321333388,0.3972112592407785,124.36432220905792,-0.08294852754852611,-0.2883935788624507,,,
2017-01-03,115.84272003173828,100.26411734219572,72.08932068503812,139.45051958987366,51.831804783097475,193.95221270951922,0.43778318443009534,100.26411734219572,0.1553756528506971,0.43778318443009534,124.5855690402116,-0.0701754551175301,-0.2423250875969546,,,
2017-01-04,117.65679168701172,100.31990447844431,72.12943131346363,139.5281101112139,51.860644093033024,194.06012807149477,0.4831972368966689,100.31990447844431,0.17281602587941625,0.4831972368966689,124.64094222112479,-0.0560341602819604,-0.19205428161275342,,,
2017-01-05,119.61954498291016,100.37572265475644,72.16956425951535,139.60574380406052,51.889499449212785,194.16810347777295,0.5316606020702952,100.37572265475644,0.1917178957141168,0.5316606020702952,124.69634001314813,-0.04071326415597021,-0.1384330784160118,,,
2017-01-06,122.33570098876952,100.43157188840283,72.20971953561086,139.6834206924343,51.91837086056491,194.27613896176248,0.5980331035883698,100.43157188840283,0.21810003257447796,0.5980331035883698,124.75176242722017,-0.019366952349552435,-0.06513441795203916,,,
2017-01-09,123.81272888183594,100.59930610619922,72.33031946843937,139.91671077112596,52.005081515011675,194.6006062143657,0.6293530704137961,100.59930610619922,0.2307513209994818,0.6293530704137961,124.9181775111886,-0.008849381662277667,-0.029604048318290218,,,
2017-01-10,123.26751708984376,100.65527974208241,72.3705641890239,139.9945606820827,52.03401723643428,194.7088823436602,0.6142895321478001,100.65527974208241,0.2246502856651198,0.6142895321478001,124.97369852293949,-0.013652324075073663,-0.045782298524001445,,,
2017-01-11,124.99236297607422,100.71128452179785,72.41083130184376,140.0724539088707,52.06296905774463,194.8172187179889,0.6547241593276052,100.71128452179785,0.24109590667588998,0.6547241593276052,125.02924421150519,-0.00029498087158374986,-0.000982578716776258,,,
2017-01-12,125.51776123046876,100.76732046267404,72.45112081935802,140.15039047559097,52.09193698790073,194.9256153708722,0.6657528478543261,100.76732046267404,0.24561971732653864,0.6657528478543261,125.08481458785373,0.003461224642188343,0.011507704715633492,,,
2017-01-13,127.22278594970705,100.82338758204907,72.4914327540327,140.22837040635795,52.12092103586556,195.03407233584926,0.7049652557205066,100.82338758204907,0.26183804175568315,0.7049652557205066,125.14040966295774,0.016640318601783388,0.05496452513047472,,,
2017-01-17,126.7568817138672,101.04796819163813,72.65290491389875,140.54072425265093,52.23701858524667,195.46850398813012,0.687099877334391,101.04796819163813,0.25442286452976415,0.687099877334391,125.3630371705532,0.011118465017864176,0.036825702218362996,,,
2017-01-18,126.80643463134766,101.10419146391722,72.69332912160863,140.6189213658375,52.266083356874695,195.5772630173158,0.6865985324745111,101.10419146391722,0.2542154068518834,0.6865985324745111,125.41875590419576,0.011064363676290156,0.036647494279058355,,,
2017-01-19,126.43965911865234,101.16044601892668,72.73377582142079,140.6971619880393,52.29516430019422,195.68608256022205,0.6761322632891555,101.16044601892668,0.24989226614319238,0.6761322632891555,125.47449940253262,0.007692078635224586,0.02552044052081259,,,
2017-01-20,125.93409729003906,101.21673187407231,72.77424502584991,140.77544614346482,52.324261424203215,195.7949626505188,0.6623017736096581,101.21673187407231,0.2442023661336803,0.6623017736096581,125.53026767657057,0.0032169899813243585,0.010696988246312692,,,
2017-01-23,127.8076400756836,101.38577741452916,72.89578779208976,141.0105600513707,52.41164997042168,196.12196654273262,0.7020070472525982,101.38577741452916,0.2606071910177812,0.7020070472525982,125.69772126303313,0.016785656823764317,0.05544061715738173,,,
2017-01-24,128.24378967285156,101.44218864447087,72.9363471402724,141.08901858204553,52.44081190726829,196.2310891596657,0.7106474643111265,101.44218864447087,0.26420566616827923,0.7106474643111265,125.75358875004221,0.019802225507528526,0.06530681482406606,,,
2017-01-25,130.33543395996094,101.49863126172298,72.97692905574972,141.16752076718876,52.469990069869304,196.3402724926202,0.7580011752833028,101.49863126172298,0.2841102617815583,0.7580011752833028,125.80948106786026,0.03597465670857858,0.11770879824881672,,,
2017-01-26,131.62411499023438,101.55510528374943,73.01753355107823,141.24606663108978,52.499184467252775,196.44951657537862,0.7861386590393279,101.55510528374943,0.29608565342402837,0.7861386590393279,125.86539822752357,0.04575297773500009,0.14899717336713578,,,
2017-01-27,131.02935791015625,101.61161072802386,73.05816063882138,141.32465619805157,52.528395108451754,196.55882144174234,0.7707247176655525,101.61161072802386,0.28951167067779937,0.7707247176655525,125.92134024007329,0.04056514694288005,0.13243392178296487,,,
2017-01-30,129.83978271484375,101.78131576921784,73.1801775822783,141.56068736053368,52.61612458534779,196.8871010807601,0.7380213784627135,101.78131576921784,0.27567404423466635,0.7380213784627135,126.08931550552641,0.029744528267765524,0.0976194213879401,,,
2017-01-31,129.18556213378906,101.83794707741558,73.2208951654546,141.63945198303838,52.64540029224,196.9966494199341,0.7210234199151022,101.83794707741558,0.2685405179621725,0.7210234199151022,126.14535704013187,0.024100808503716653,0.07931574917994755,,,
2017-02-01,132.0701904296875,101.89460989537562,73.26163540396783,141.71826043032155,52.67469228818848,197.1062587120022,0.786277481433373,101.89460989537562,0.2961450126291849,0.786277481433373,126.20142348290332,0.04650317551750294,0.1513855365771867,,,
2017-02-02,129.70101928710938,101.95130424063008,73.30239831042347,141.79711272676735,52.70400058225649,197.2159289908786,0.729721819321638,101.95130424063008,0.27218597401150624,0.729721819321638,126.25751484491143,0.02727365928616443,0.08961829323422894,,,
2017-02-03,129.83978271484375,102.00803013072078,73.34318389743399,141.8760088967735,52.73332518351233,197.32566029049661,0.7312769860299587,102.00803013072078,0.2728388397311199,0.7312769860299587,126.31363113723177,0.027915843649376493,0.09169965369199662,,,
2017-02-06,130.910400390625,102.17839724557527,73.46567686802499,142.1129608923354,52.82139692116559,197.65522065341477,0.7511105502574585,102.17839724557527,0.2811944982459973,0.7511105502574585,126.48212970689575,0.035011038270711836,0.1146094707805143,,,
2017-02-07,130.6923065185547,102.2352494906246,73.50655330352022,142.19203280083204,52.8507868419567,197.7651963757082,0.7443703219343333,102.2352494906246,0.2783487805792435,0.7443703219343333,126.5383458313193,0.03282768286518278,0.10757636150023077,,,
2017-02-08,133.03176879882812,102.29213336836601,73.54745248273818,142.27114870508174,52.880193115352945,197.87523328869264,0.796464466562762,102.29213336836601,0.3005083032119886,0.796464466562762,126.59458694150689,0.050848792297063516,0.16518684180082074,,,
2017-02-09,132.9722900390625,102.34904889639988,73.58837441833343,142.35030862956367,52.9096157504529,197.9853314264145,0.7934228084559132,102.34904889639988,0.2992039640120172,0.7934228084559132,126.65085304856352,0.04991231277435659,0.16221749394269463,,,
2017-02-10,133.0218505859375,102.4059960923365,73.62931912296767,142.42951259877077,52.93905475636025,198.0954908229393,0.7928662698716086,102.4059960923365,0.2989654479411106,0.7928662698716086,126.70714416359952,0.04983701956209097,0.16197864253443936,,,
2017-02-13,132.8831024169922,102.57702786381266,73.75228997782689,142.6673890198769,53.02747009003944,198.42633690627156,0.7846446348432651,102.57702786381266,0.29544699416925657,0.7846446348432651,126.87616766775793,0.04734486278750327,0.15406313260200255,,,
2017-02-14,132.684814453125,102.63410190765913,73.79332588537493,142.7467694131867,53.05697467031451,198.53674167904308,0.7784320013087214,102.63410190765913,0.2927946168662612,0.7784320013087214,126.93255892591056,0.04531741560943381,0.1476097120184326,,,
2017-02-15,132.2783966064453,102.69120770760682,73.83438462537615,142.82619397389095,53.08649566699141,198.64720788122986,0.7674469806723753,102.69120770760682,0.28811803424381033,0.7674469806723753,126.98897524766697,0.041652602900861035,0.1359126860787899,,,
2017-02-16,132.67489624023438,102.7483452813249,73.87546621053457,142.90566272656443,53.116033089204265,198.75773554701135,0.7748332136322459,102.7483452813249,0.2912606609573185,0.7748332136322459,127.04541664416679,0.044310764959233584,0.1444008634137361,,,
2017-02-17,132.3675994873047,102.80551464649234,73.9165706535613,142.98517569579562,53.14558694609226,198.86832471058602,0.766118209283578,102.80551464649234,0.28755349304426625,0.766118209283578,127.10188312655497,0.04142909791121396,0.1351979917223828,,,
2017-02-21,132.5559539794922,103.03451037557988,74.08121725882042,143.3036702305466,53.26396690335772,199.31129702745162,0.7636840481935144,103.03451037557988,0.2865199581800424,0.7636840481935144,127.32800013805709,0.041058948823248675,0.13401404106565792,,,
2017-02-22,134.93504333496094,103.0918389635234,74.12243618210256,143.38340465187295,53.2936030708875,199.42219419363528,0.8159189742626305,103.0918389635234,0.3088819123956503,0.8159189742626305,127.38459221723028,0.059272875834581296,0.19177920335257395,,,
2017-02-23,134.18167114257812,103.14919944919693,74.16367803966818,143.46318343757554,53.3232557280345,199.5331530632028,0.7972615748011881,103.14919944919693,0.300850339693284,0.7972615748011881,127.44120944926395,0.052890754273621665,0.17165223955522885,,,
2017-02-24,134.26097106933594,103.20659185034846,74.20494284427795,143.5430066123388,53.35292488397357,199.64417367048605,0.797366356298424,103.20659185034846,0.30089530777275275,0.797366356298424,127.49785184533755,0.053044966061094545,0.17214000596897178,,,
2017-02-27,135.2225341796875,103.37896072429864,74.32887506808544,143.78274271804287,53.442031436368346,199.97760626223558,0.8139398563347423,103.37896072429864,0.3080276028341249,0.8139398563347423,127.66793012966652,0.05917385863738933,0.19146786507935748,,,
2017-02-28,134.36012268066406,103.43648096503922,74.37023178862063,143.8627436961678,53.47176667932637,200.0888741640827,0.7928596788999458,103.43648096503922,0.29896262350685343,0.7928596788999458,127.72467329379323,0.051951194829897185,0.16867890189121645,,,
2017-03-01,136.2237548828125,103.4940332101458,74.41161152010993,143.94278918698168,53.501518467027374,200.20020397559168,0.8329287505897927,103.4940332101458,0.3162474266145241,0.8329287505897927,127.78144167793161,0.06606838281070138,0.2130769718145969,,,
2017-03-02,135.5695037841797,103.55161747742565,74.45301427535668,144.02287921525144,53.53128680867687,200.31159573120917,0.8166494127988122,103.55161747742565,0.3091973557412946,0.8166494127988122,127.83823529329084,0.06047696507348932,0.19556287588532487,,,
2017-03-03,135.9759063720703,103.60923378469599,74.49444006717134,144.10301380575777,53.5610717134855,200.42304946540096,0.8240364924449315,103.60923378469599,0.3123917763414168,0.8240364924449315,127.89505415108515,0.063183461429549,0.2040519835070312,,,
2017-03-06,136.2237548828125,103.7822751247705,74.61885579023433,144.3436851987105,53.65052589904958,200.75778288436808,0.8244982600488491,103.7822751247705,0.31259171875968006,0.8244982600488491,128.0656622912956,0.06370241988020697,0.20567726219467053,,,
2017-03-07,136.10479736328125,103.84001977037303,74.66037385656784,144.4239982862463,53.68037714870378,200.86948487789897,0.8201640042238663,103.84001977037303,0.3107162119600617,0.8201640042238663,128.12258223107239,0.06230139131767376,0.20128768748287856,,,
2017-03-08,136.52110290527344,103.89779654520083,74.70191502362857,144.5043560601293,53.71024500764728,200.9812490226211,0.8277353377597068,103.89779654520083,0.31399420820132407,0.8277353377597068,128.17952746943024,0.06507728340496954,0.20997924194353773,,,
2017-03-09,137.03659057617188,103.95560546713065,74.74347930426978,144.58475854522305,53.74012948512152,201.09307535311552,0.8374731545718122,103.95560546713065,0.31822223496645385,0.8374731545718122,128.2364980176134,0.0686239307420089,0.22105119494876885,,,
2017-03-10,137.58181762695312,104.0134465540492,74.78506671135193,144.66520576640494,53.77003059037308,201.2049639039825,0.8478233679027177,104.0134465540492,0.32273107165486126,0.8478233679027177,128.29349388687103,0.07239902397757225,0.23279601157497662,,,
2017-03-13,138.384765625,104.18716298375355,74.9099678199557,144.9068160954611,53.859833765334706,201.54100322511042,0.8604042070020663,104.18716298375355,0.32823240082445726,0.8604042070020663,128.46463353365743,0.07722072463425134,0.24773698047141565,,,
2017-03-14,138.10723876953125,104.2451329096931,74.95164786154905,144.98744251004632,53.88980147426425,201.6531410038554,0.85263300944097,104.2451329096931,0.324831528481744,0.85263300944097,128.52173079980474,0.0745827799709422,0.23957110561640962,,,
2017-03-15,138.5037384033203,104.30313509020448,74.99335109399307,145.06811378531475,53.919785857281354,201.7653411762637,0.8596368912706146,104.30313509020448,0.32789621600096797,0.8596368912706146,128.5788534433475,0.07718909209550362,0.24763917905123506,,,
2017-03-16,138.7713623046875,104.36116954323383,75.03507753019092,145.14882994622639,53.949786923663304,201.8776037770505,0.863802186021156,104.36116954323383,0.3297221841424316,0.863802186021156,128.63600147556485,0.07879101272475353,0.2525883876299235,,,
2017-03-17,138.6226806640625,104.4192362867379,75.07682718305342,145.2295910177561,53.9798046826929,201.98992884095162,0.8588666716286041,104.4192362867379,0.327558844458516,0.8588666716286041,128.69317490774097,0.07715642856305238,0.2475381869927775,,,
2017-03-20,138.72181701660156,104.59363043981274,75.20221557084224,145.47214394600581,54.06995820857134,202.32727915898244,0.8559753752374388,104.59363043981274,0.3262931636781412,0.8559753752374388,128.8648477169402,0.0764907534854875,0.24547932523899185,,,
2017-03-21,137.3042449951172,104.65182652498015,75.24405821961288,145.5530849100298,54.100042831121236,202.43985442307945,0.8231546292494415,104.65182652498015,0.31201001983795273,0.8231546292494415,128.9221228618944,0.06501694160126426,0.2097905475899351,,,
2017-03-22,138.37484741210938,104.71005499055462,75.28592414970898,145.63407090975258,54.13014419280953,202.55249232425703,0.8450120660128845,104.71005499055462,0.3215048681293453,0.8450120660128845,128.97942346330373,0.07284436305050446,0.23417879341357858,,,
2017-03-23,138.31536865234375,104.76831585455265,75.32781337408431,145.7151019702321,54.16026230294992,202.66519289736655,0.8420227615018273,104.76831585455265,0.3202022722629585,0.8420227615018273,129.03674953248282,0.07190679518415188,0.2312669684657767,,,
2017-03-24,139.1183319091797,104.82660913500081,75.36972590569987,145.79617811654026,54.19039717086126,202.77795617727884,0.857882850945975,104.82660913500081,0.3271280360697,0.857882850945975,129.09410108075085,0.0776505722919012,0.24906569800440992,,,
2017-03-27,139.09849548339844,105.00168365546182,75.49560347370576,146.03967732136456,54.28090241448754,203.1166226068309,0.8523923164515057,105.00168365546182,0.3247263342920981,0.8523923164515057,129.26630871335817,0.07606148011731872,0.24415095332464662,,,
2017-03-28,140.5259552001953,105.06010678217652,75.53760936403623,146.12093406198517,54.311104406775165,203.2296370630501,0.8816545745359906,105.06010678217652,0.3375767406323975,0.8816545745359906,129.3237622912766,0.0866213038535637,0.2766751612803432,,,
2017-03-29,141.408203125,105.1185624156246,75.57963862652007,146.20223601400323,54.34132320350592,203.3427144007171,0.8989394431788325,105.1185624156246,0.34522580860543983,0.8989394431788325,129.38124140495634,0.09295753843016485,0.2960393505518397,,,
2017-03-30,141.17031860351562,105.17705057389286,75.62169127416158,146.28358320257448,54.37155881402985,203.45585465481938,0.8921497967032589,105.17705057389286,0.3422159856473199,0.8921497967032589,129.43874606574715,0.09063416399143365,0.28895194364579296,,,
2017-03-31,140.8134307861328,105.23557127507817,75.6637673199723,146.36497565286857,54.401811247702156,203.56905786036364,0.8827909146183098,105.23557127507817,0.33807826650227124,0.8827909146183098,129.49627628500363,0.08739366741497401,0.27904161870838073,,,
2017-04-03,141.0414581298828,105.4113288172562,75.79013597664378,146.60942482599515,54.49266958123974,203.9090455360091,0.8826372536501532,105.4113288172562,0.33801043694644917,0.8826372536501532,129.6690204071889,0.08770358322274663,0.27999070234143414,,,
2017-04-04,140.49623107910156,105.46997987127989,75.83230574539165,146.6909985751579,54.52298940116199,204.02250089777942,0.86921065825198,105.46997987127989,0.33209687961038026,0.86921065825198,129.7266529739553,0.08301746679079436,0.26561102425617367,,,
2017-04-05,140.61514282226562,105.52866355885612,75.87449897747513,146.77261771210223,54.55332609108689,204.13601938631822,0.8700889936965304,105.52866355885612,0.3324829300414749,0.8700889936965304,129.78431115603632,0.08345254961678439,0.26694872415913795,,,
2017-04-06,139.9410858154297,105.58737989814227,75.91671568594924,146.85428226208202,54.58367966040093,204.24960103674943,0.853837487904712,105.58737989814227,0.3253580678905723,0.853837487904712,129.84199496481693,0.07777984968075469,0.24946520831835478,,,
2017-04-07,139.55447387695312,105.64612890730582,75.95895588387633,146.9359922503651,54.614050118495825,204.36324588421635,0.8437655662111685,105.64612890730582,0.32096154700943713,0.8437655662111685,129.8997044116871,0.07432479934417291,0.2387714393243391,,,
2017-04-10,139.8122100830078,105.82257213588711,76.08581754510743,147.18139509792422,54.705262919461425,204.7045599605589,0.8443002875863711,105.82257213588711,0.3211945926193751,0.8443002875863711,130.0729866948111,0.07487506542036848,0.2404768751278402,,,
2017-04-11,138.70196533203125,105.88145200643714,76.12815183161482,147.26328709238086,54.735701026701605,204.81845794799398,0.8184474076405139,105.88145200643714,0.3099741522584971,0.8184474076405139,130.13079880804105,0.0658657796809019,0.21244396003133392,,,
2017-04-12,138.36495971679688,105.94036463785366,76.17050967299579,147.34522465169135,54.76615606975971,204.9324193084753,0.809387400710608,105.94036463785366,0.3060645976609897,0.809387400710608,130.18863661638665,0.06280366177043972,0.20286202072785084,,,
2017-04-13,138.17657470703125,105.99931004836486,76.21289108235634,147.42720780120806,54.79662805805886,205.0464440772637,0.8035714824645867,105.99931004836486,0.3035610764257306,0.8035714824645867,130.24650013126833,0.06088512603233576,0.19684448649787248,,,
2017-04-17,140.18890380859375,106.23541984627569,76.38265266196892,147.75559680887818,54.91868565231187,205.50317794139286,0.8406535401514031,106.23541984627569,0.3196060599322643,0.8406535401514031,130.4782114847419,0.07442386137387702,0.23907852604398275,,,
2017-04-18,139.73294067382812,106.29452942603845,76.42515210807218,147.8378082902053,54.9492425083466,205.61752028131684,0.8290924121168014,106.29452942603845,0.314582617076796,0.8290924121168014,130.5362037037881,0.07045353479797223,0.22674850873655264,,,
2017-04-19,141.031494140625,106.35367189447851,76.46767520094427,147.92006551414957,54.9798163662714,205.73192624152594,0.8554455344986325,106.35367189447851,0.32606135386235624,0.8554455344986325,130.5942216979996,0.07992139550218158,0.25607633734862845,,,
2017-04-20,142.54818725585938,106.4128472698948,76.51022195374202,148.0023685061618,55.010407235545955,205.8463958574179,0.8861838285155968,106.4128472698948,0.3395768547975655,0.8861838285155968,130.6522654788324,0.09105025261849975,0.2902223227830146,,,
2017-04-21,142.4292449951172,106.47205557059719,76.55279237963012,148.0847172917079,55.0410151256356,205.9609291644115,0.8819674372454218,106.47205557059719,0.3377148044322136,0.8819674372454218,130.71033505774747,0.08965557262317736,0.2859622503931688,,,
2017-04-24,144.20364379882812,106.64987820766737,76.68064582758957,148.33203866441443,55.13294101552481,206.30491158647678,0.9144389092028219,106.64987820766737,0.3521219735294634,0.9144389092028219,130.88469869767496,0.101760902792144,0.32275782302674744,,,
2017-04-25,145.21481323242188,106.70921839281219,76.72331107762928,148.41457087903277,55.16361708363123,206.41970001245124,0.9339337190487528,106.70921839281219,0.36084600205640127,0.9339337190487528,130.9428715836327,0.1089936510188243,0.3445501597393293,,,
2017-04-26,145.2841796875,106.76859159494337,76.76600006669126,148.4971490147246,55.19431021995743,206.53455230691355,0.9336952256075715,106.76859159494337,0.3607389356476325,0.9336952256075715,131.00107032505474,0.10903047835414159,0.34466075676859154,,,
2017-04-27,146.4142608642578,106.8279978324316,76.808712807984,148.57977309704052,55.2250204340002,206.64946850540028,0.9554958709147267,106.8279978324316,0.37056075031866165,0.9554958709147267,131.05929493343274,0.11716044969282136,0.36898660363380664,,,
2017-04-28,148.94204711914062,106.88743712365783,76.85144931472324,148.66244315154526,55.255747735261615,206.7644486434677,1.0056957258143162,106.88743712365783,0.393447641062157,1.0056957258143162,131.1175454202637,0.13594291779750045,0.4245157549147233,,,
2017-05-01,151.13282775878906,107.06595350372724,76.97980155988822,148.91072940405394,55.34803225745776,207.10977305101406,1.044898518308562,107.06595350372724,0.4115862495310214,1.044898518308562,131.2924522665183,0.15111588785009222,0.46870728845162674,,,
2017-05-02,151.45005798339844,107.12552519391939,77.02263326071848,148.99358360324655,55.378828002720255,207.22500930336327,1.0495682967616347,107.12552519391939,0.41376257161159735,1.0495682967616347,131.35080638223076,0.15301962854098416,0.47421079268744515,,,
2017-05-03,150.47857666015625,107.18513002990773,77.06548879318457,149.07648390266547,55.409640882791116,207.3403096733717,1.0283758156130072,107.18513002990773,0.4039128059850132,1.0283758156130072,131.40918643395688,0.1451145901111197,0.45129843708733003,,,
2017-05-04,149.53683471679688,107.24476803013461,77.10836817054644,149.15943032796096,55.44047090720418,207.45567419671457,1.007659889099985,107.24476803013461,0.3943508617108358,1.007659889099985,131.46759243322407,0.1374425586499628,0.4289096904037628,,,
2017-05-05,148.9321746826172,107.3044392130527,77.15127140607143,149.24242290479748,55.471318085498595,207.5711029090869,0.9936921128776329,107.3044392130527,0.38794047827707034,0.9936921128776329,131.52602439156487,0.13233997128380182,0.41393539612167357,,,
2017-05-08,149.74501037597656,107.48365204263465,77.28012439440934,149.49167780141298,55.563962639141,207.91777453762896,1.0051324106529882,107.48365204263465,0.39318870851707244,1.0051324106529882,131.70147613643243,0.13700328021268682,0.42762320837600576,,,
2017-05-09,149.1700439453125,107.54345614104939,77.32312319540797,149.57485524134472,55.594878528458445,208.03346036346682,0.9917851906933569,107.54345614104939,0.38706760316190203,0.9917851906933569,131.7600120464965,0.1321344133808382,0.4133307431395387,,,
2017-05-10,148.98171997070312,107.60329351457266,77.36614592101725,149.6580789613545,55.62581161943262,208.14921055710744,0.9862698455667287,107.60329351457266,0.3845460961706215,0.9862698455667287,131.8185739733744,0.1302027891820119,0.4076434601622606,,,
2017-05-11,148.73388671875,107.6631641817188,77.40919258454888,149.74134898719262,55.65676192163457,208.2650251543652,0.979537097635369,107.6631641817188,0.3814742288988475,0.979537097635369,131.87716192862942,0.12782141004250058,0.4006185698762677,,,
2017-05-12,149.02137756347656,107.72306816101243,77.45226319932196,149.82466534462375,55.687729444640645,208.3809041910743,0.9837044210768683,107.72306816101243,0.38337479713013756,0.9837044210768683,131.93577592383005,0.12949938346904832,0.405570007455781,,,
2017-05-15,148.88258361816406,107.90298015717926,77.58161888439213,150.07489266433663,55.78073543432716,208.72892829655217,0.9758216411115375,107.90298015717926,0.3797819430129823,0.9758216411115375,132.11177426486833,0.12694409295928666,0.3980268106206385,,,
2017-05-16,148.4761199951172,107.96301757051543,77.62478543747034,150.15839460607305,55.81177193641995,208.84506544980874,0.9658487517982671,107.96301757051543,0.3752498155040993,0.9658487517982671,132.17049253563988,0.12336813721928497,0.38744185231371664,,,
2017-05-17,143.5890655517578,108.02308838877697,77.66797600849675,150.24194300844087,55.842825707278635,208.96126722198744,0.8627124276278377,108.02308838877697,0.3292442170786516,0.8627124276278377,132.22923690427697,0.08591011272117077,0.27449464308573235,,,
2017-05-18,146.37460327148438,108.08319263055044,77.711190610835,150.3255378972909,55.8738967565116,209.07753364904238,0.9192666712382108,108.08319263055044,0.35427719804522684,0.9192666712382108,132.28800738237905,0.10648430018594168,0.3370056057678762,,,
2017-05-19,146.77110290527344,108.14333031443276,77.75442925785617,150.40917929848828,55.904985093732556,209.19386476694763,0.9257803987153429,108.14333031443276,0.3571905218613878,0.9257803987153429,132.3468039815507,0.10898864566259947,0.3445351277538511,,,
2017-05-22,146.94955444335938,108.32394420485703,77.8842896008394,150.66038283503218,55.99835392954085,209.54324662580652,0.9244053523269835,108.32394420485703,0.3565749984643787,0.9244053523269835,132.52335062160623,0.10885782584040049,0.34414222822531537,,,
2017-05-23,146.7810516357422,108.38421584335067,77.92762456045163,150.74421054455846,56.029511514957946,209.65983686725423,0.9192414663800267,108.38421584335067,0.35426593709813825,0.9192414663800267,132.5822518212052,0.10709427257039561,0.33884110697332054,,,
2017-05-24,148.73388671875,108.44452101709318,77.97098363171392,150.82808489597423,56.060686436512036,209.77649197972357,0.9576178222289158,108.44452101709318,0.37152052795093593,0.9576178222289158,132.64117919997412,0.12132512403643525,0.3813793248644573,,,
2017-05-25,150.63717651367188,108.50485974474324,78.01436682804174,150.91200591523057,56.091878703848764,209.8932119993081,0.9944747713663346,108.50485974474324,0.38829889157079744,0.9944747713663346,132.70013276954853,0.1351697497942479,0.4222481121330576,,,
2017-05-26,150.80569458007812,108.56523204497071,78.05777416285862,150.99597362829408,56.12308832661956,210.00999696212304,0.9961777904907029,108.56523204497071,0.3890790977871281,0.9961777904907029,132.75911254156904,0.13593478965791084,0.4244919237298854,,,
2017-05-30,151.0535125732422,108.80705734540497,78.23164515574098,151.33231193844387,56.248100565254674,210.47778696867437,0.9944104663856217,108.80705734540497,0.38826944003941777,0.9944104663856217,132.99529388710977,0.1357808848594353,0.4240406525292618,,,
2017-05-31,150.14154052734375,108.86759778892397,78.27517338461233,151.41651351053883,56.279397110151685,210.59489719005947,0.9743682809287308,108.86759778892397,0.379120542536844,0.9743682809287308,133.0544048461538,0.1284221721253589,0.40239217107045,,,
2017-06-01,150.21090698242188,108.92817191725526,78.31872583266897,151.5007619325408,56.31071106850288,210.71207257178358,0.9740822969227667,108.92817191725526,0.3789904332235199,0.9740822969227667,133.11354207759723,0.1284419649419133,0.40245058838869013,,,
2017-06-02,152.27281188964844,108.9887797491411,78.36230251338648,151.58505723051718,56.34204244999715,210.82931315010202,1.0137217306967674,108.9887797491411,0.3971420933433145,1.0137217306967674,133.17270559311694,0.14342358076652828,0.4463765986009382,,,
2017-06-05,152.29266357421875,109.17080565370546,78.49317808637277,151.83822464118396,56.43614123030802,211.18142642747935,1.0090585861951298,109.17080565370546,0.39499440956126763,1.0090585861951298,133.3503539609828,0.14204918885163442,0.4423709391452832,,,
2017-06-06,151.47976684570312,109.23154848744115,78.5368518326398,151.92270770402183,56.46754240137119,211.2989281551321,0.991149413935846,109.23154848744115,0.3867767045627797,0.991149413935846,133.40962272968213,0.1354485811914421,0.42306608136765234,,,
2017-06-07,151.78707885742188,109.29232511859941,78.58054987905824,152.00723777338868,56.49896104410275,211.41649526095864,0.9956065892732171,109.29232511859941,0.3888173638241199,0.9956065892732171,133.46891784092065,0.1372466437341937,0.4283359903790202,,,
2017-06-08,153.36325073242188,109.35313556598517,78.62427223914875,152.091814875439,56.53039716822395,211.5341277813355,1.0252345014154751,109.35313556598517,0.40245864865832215,1.0252345014154751,133.52823930640682,0.148545442739642,0.46126195651881,,,
2017-06-09,148.29769897460938,109.41397984841386,78.66801892643952,152.17643903634192,56.56185078346147,211.6518257526595,0.9217376653450643,109.41397984841386,0.3553816356928652,0.9217376653450643,133.58758713785386,0.11011585845603777,0.34791863899337483,,,
2017-06-12,147.14781188964844,109.59671589426861,78.79940508690787,152.43059413407516,56.65631667321995,212.00531273658572,0.8930840934687756,109.59671589426861,0.34262975572741206,0.8930840934687756,133.76578894517226,0.10004069837289409,0.3175537738000531,,,
2017-06-13,149.36827087402344,109.65769570523256,78.8432492184319,152.51540679237038,56.68784035029782,212.1232728760711,0.9367971447964047,109.65769570523256,0.3621321322995483,0.9367971447964047,133.82524235770074,0.1161442209443404,0.36595562437628415,,,
2017-06-14,148.94204711914062,109.7187094454736,78.88711774491001,152.60026664058205,56.71938156720663,212.24129864879146,0.9264491147294494,109.7187094454736,0.35748996567590563,0.9264491147294494,133.88472219483526,0.11246484794876932,0.35495848448741113,,,
2017-06-15,148.49595642089844,109.7797571338701,78.93101067991562,152.6851737049668,56.750940333705586,212.35939009126525,0.915670750627192,109.7797571338701,0.352671569857967,0.915670750627192,133.9442284683204,0.1086402013657477,0.34348852003416924,,,
2017-06-16,149.3286590576172,109.84083878931084,78.97492803702964,152.77012801179572,56.782516659559306,212.4775472400312,0.9309348818519582,109.84083878931084,0.35950035254236523,0.9309348818519582,134.003761189906,0.11436169948986152,0.36063244734396305,,,
2017-06-19,151.53924560546875,110.02428774694438,79.1068267769452,153.02527464987867,56.8773510909768,212.83241328977508,0.9704201115853637,110.02428774694438,0.3773253952255404,0.9704201115853637,134.18251816084256,0.1293516300224813,0.4051343055440662,,,
2017-06-20,150.92466735839844,110.08550545966054,79.15084195845363,153.11041818948854,56.908997752004524,212.95083362950433,0.9564157550081775,110.08550545966054,0.37097673965536626,0.9564157550081775,134.24215679243326,0.12427177098889919,0.3901198190184639,,,
2017-06-21,152.5701904296875,110.1467572340228,79.19488163008867,153.19560910311785,56.940662021291686,213.0693198585248,0.9875998299971692,110.1467572340228,0.3851537191015977,0.9875998299971692,134.3018219309522,0.13602472577123725,0.4247556011610191,,,
2017-06-22,152.06463623046875,110.20804308898309,79.23894580547667,153.28084741712559,56.97234390863555,213.1878720134974,0.9758529052424431,110.20804308898309,0.37979617429274404,0.9758529052424431,134.3615135881806,0.1317573921989923,0.4122214418475051,,,
2017-06-23,153.7200927734375,110.26936304350394,79.28303449825157,153.36613315788543,57.00404342383884,213.30649013110352,1.0069877710438229,110.26936304350394,0.39404172229408085,1.0069877710438229,134.42123177590494,0.14357003534758483,0.44680315596200115,,,
2017-06-26,152.2530059814453,110.45352769421321,79.41544781735072,153.62227520463424,57.09924783471428,213.66274062684195,0.9728610861199521,110.45352769421321,0.3784349776763358,0.9728610861199521,134.60054563999694,0.1311470191856554,0.4104247708511857,,,
2017-06-27,149.2692108154297,110.51498423681234,79.45963471616422,153.7077509164325,57.13101795949153,213.78162296220327,0.911180830051648,110.51498423681234,0.3506694304509377,0.911180830051648,134.6603700676747,0.10848656319905547,0.34302693892746705,,,
2017-06-28,151.906005859375,110.57647497394315,79.50384620064827,153.79327418707166,57.16280576122378,213.9005714439114,0.9625725835135925,110.57647497394315,0.3737642287400731,0.9625725835135925,134.72022108485942,0.12756648286444228,0.39986567502456827,,,
2017-06-29,149.72515869140625,110.63799992463113,79.54808228448212,153.87884504301306,57.19461124974631,214.01958610876952,0.9170534359655658,110.63799992463113,0.35328873256387583,0.9170534359655658,134.78009870336905,0.1108847680912377,0.3502246749314016,,,
2017-06-30,149.6656951904297,110.69955910791315,79.59234298135317,153.96446351073374,57.226434434900284,214.1386669936028,0.9141632531276381,110.69955910791315,0.35199901785093135,0.9141632531276381,134.84000293502683,0.1099502516515567,0.347421758780194,,,
2017-07-03,147.1378936767578,110.88444224384568,79.7252728871739,154.22160484955594,57.32201026864185,214.4963073365024,0.8574717139140429,110.88444224384568,0.3269480433800376,0.8574717139140429,135.01987542719954,0.08974988468340062,0.28625049993792245,,,
2017-07-05,149.03125,111.00786918024916,79.81401614084655,154.39327095373264,57.385816154957155,214.73506600767996,0.8928559291453929,111.00786918024916,0.3425286972945163,0.8928559291453929,135.13992370471723,0.10279217210182479,0.3258737767419258,,,
2017-07-06,147.52450561523438,111.06963415945393,79.85842480379623,154.47917564896042,57.41774572686619,214.854544986823,0.8603676082208598,111.06963415945393,0.32821636383032526,0.8603676082208598,135.19998786384522,0.0911576838586754,0.2905502473022251,,,
2017-07-07,150.12168884277344,111.13143350480486,79.90285817580632,154.565128141716,57.44969306444679,214.97409044428616,0.9115818392980417,111.13143350480486,0.3508481273777757,0.9115818392980417,135.2600787190311,0.10987432703343014,0.3471939327239051,,,
2017-07-10,152.1637725830078,111.3170379290016,80.03630668371882,154.82327267116995,57.545641770094015,215.33312605658574,0.9474786449729526,111.3170379290016,0.36694054579549995,0.9474786449729526,135.44051157961482,0.1234731086611609,0.38775305132396815,,,
2017-07-11,153.91836547851562,111.37897493025741,80.08083902952865,154.9094166201311,57.57766026926441,215.45293779742178,0.9805452214720929,111.37897493025741,0.38193375881664604,0.9805452214720929,135.50070933773762,0.13592295000369115,0.42445721031669603,,,
2017-07-12,157.51675415039062,111.44094639337276,80.12539615321623,154.99560849974128,57.60969658358566,215.57281620172714,1.048908602391293,111.44094639337276,0.4134549216261676,1.048908602391293,135.56093385129745,0.1619627401149173,0.49994332659016916,,,
2017-07-13,157.87362670898438,111.50295233752226,80.16997806856803,155.08184833666917,57.641750722970144,215.69276130659347,1.0540822812086108,111.50295233752226,0.4158694760933048,1.0540822812086108,135.62118513218596,0.16407791714185072,0.5060004855468894,,,
2017-07-14,158.57745361328125,111.56499278189126,80.21458478937818,155.16813615759833,57.673822697335765,215.8127731491331,1.065879759312938,111.56499278189126,0.4213907934660024,1.065879759312938,135.6814631923003,0.1687481095964498,0.5193354676721832,,,
2017-07-17,158.33953857421875,111.75132130832839,80.34855392261508,155.42728779145148,57.770145729581195,216.17320947422485,1.0562703108090674,111.75132130832839,0.4168918695587569,1.0562703108090674,135.86245816704687,0.16543996561239638,0.509895113669416,,,
2017-07-18,161.4422607421875,111.813499945642,80.39326000335343,155.5137678155181,57.802289143160735,216.293488638994,1.1134073078333682,111.813499945642,0.4438530304540371,1.1134073078333682,135.92284346313966,0.18774928944131708,0.5730463699525128,,,
2017-07-19,162.7111053466797,111.87571317926188,80.43799095863596,155.60029595722656,57.834450441393734,216.413834727308,1.1354516183337673,111.87571317926188,0.45439167020962534,1.1354516183337673,135.98325559802254,0.19655250663851453,0.5976399411420782,,,
2017-07-20,163.0977325439453,111.93796102843747,80.48274680230293,155.68687224334957,57.866629634231245,216.53424777640322,1.1409595932347316,111.93796102843747,0.457036835810426,1.1409595932347316,136.0436945836242,0.1988628583127121,0.6040644040700219,,,
2017-07-21,162.9986114501953,112.00024351242894,80.52752754820226,155.77349670067477,57.89882673162985,216.65472782353677,1.137430750022831,112.00024351242894,0.4553415808610002,1.137430750022831,136.1041604318786,0.19760197581746697,0.6005597671894908,,,
2017-07-24,164.554931640625,112.18729896606098,80.66201933788952,156.0336593679636,57.99552555084131,217.01657032604936,1.161177265706742,112.18729896606098,0.4667875343928758,1.161177265706742,136.28571927197854,0.20742607897332976,0.6277688946183501,,,
2017-07-25,163.84121704101562,112.24972018213194,80.70689983135192,156.12047677827223,58.02779436616107,217.13731873832197,1.146315509822361,112.24972018213194,0.45961358990626766,1.146315509822361,136.3462926902907,0.20165509313245034,0.6118123504801531,,,
2017-07-26,164.16835021972656,112.31217612948045,80.75180529640207,156.20734249394496,58.06008113590804,217.25813433522956,1.1506756230490585,112.31217612948045,0.4617146232699034,1.1506756230490585,136.4068930310055,0.20351945984438524,0.6169756136154517,,,
2017-07-27,168.956298828125,112.37466682743103,80.7967357469342,156.29425654185906,58.09238587007211,217.37901715415381,1.2361295571493907,112.37466682743103,0.503508785370496,1.2361295571493907,136.4675203060888,0.2380696773061146,0.711239778334531,,,
2017-07-28,170.94879150390625,112.43719229531898,80.84169119685028,156.3812189489066,58.124708578648686,217.49996723249717,1.2699811442697324,112.43719229531898,0.5203936350074017,1.2699811442697324,136.52817452751185,0.25211365416343634,0.7488064587049466,,,
2017-07-31,167.7766571044922,112.62497751212146,80.97670768203791,156.642396593996,58.22178465089135,217.86322139837864,1.208147274296936,112.62497751212146,0.48969314632213745,1.208147274296936,136.7102989896115,0.22724226590449792,0.6819851231743345,,,
2017-08-01,168.38134765625,112.68764225332704,81.02176326866415,156.72955270679816,58.254179357183595,217.98444088883912,1.2173664177647125,112.68764225332704,0.49423081616812015,1.2173664177647125,136.77106111621225,0.23111823716260393,0.6924871898169606,,,
2017-08-02,167.8262176513672,112.75034186130819,81.06684392430041,156.81675731341937,58.28659208794911,218.10572782604376,1.2056703511433013,112.75034186130819,0.4884763529835383,1.2056703511433013,136.83185024908872,0.22651427533762303,0.6800089102916063,,,
2017-08-03,167.12240600585938,112.8130763554644,81.11194966289489,156.90401044084118,58.31902285321655,218.22708224751923,1.191245585977976,112.8130763554644,0.4814098808835856,1.191245585977976,136.8926664002441,0.22082804287871882,0.6645325046723731,,,
2017-08-04,168.1434326171875,112.87584575520687,81.15708049840403,156.9913121160612,58.351471663020554,218.34850419081474,1.2080221446731132,112.87584575520687,0.4896316523008748,1.2080221446731132,136.95350958168677,0.2277409548011422,0.6833381942439378,,,
2017-08-07,170.4828643798828,113.06436358221931,81.29262372609699,157.2535086987042,58.44892646007915,218.7131755274153,1.2448472288817736,113.06436358221931,0.5078390659839456,1.2448472288817736,137.13620142790504,0.2431645517723393,0.7249172481903275,,,
2017-08-08,169.7394256591797,113.12727279862926,81.33785508898171,157.34100483538705,58.48144754848499,218.834867933891,1.2299138054631757,113.12727279862926,0.5004288661790879,1.2299138054631757,137.19715285068952,0.2371934995174838,0.7088819601744348,,,
2017-08-09,169.68983459472656,113.19021701784081,81.38311161867843,157.42854965507837,58.513986731683126,218.95662805024136,1.227341981642186,113.19021701784081,0.49915636762124427,1.227341981642186,137.2581313638841,0.2362825641627233,0.7064288373259773,,,
2017-08-10,165.9427490234375,113.2531962593299,81.42839332919019,157.51614318486583,58.54654401974171,219.07845591414093,1.1579708518904246,113.2531962593299,0.4652367836352962,1.1579708518904246,137.31913697952942,0.20844590691081244,0.6305807465319734,,,
2017-08-11,166.6168212890625,113.31621054258285,81.47370023452758,157.6037854518517,58.57911942273426,219.2003515632843,1.1685727961411738,113.31621054258285,0.47037057179431474,1.1685727961411738,137.3801697096712,0.21281566066760438,0.6426021496067315,,,
2017-08-14,169.26361083984375,113.50546383795228,81.60977225971705,157.86700494724994,58.67695442213556,219.56644559944075,1.211288192635141,113.50546383795228,0.49123755911429434,1.211288192635141,137.5634307076164,0.23044045913338973,0.6906531163274487,,,
2017-08-15,169.5114288330078,113.56861848334229,81.65518008461947,157.95484243435507,58.70960238571189,219.68861276692775,1.2140368186177164,113.56861848334229,0.4925903924583792,1.2140368186177164,137.62457201631125,0.23169450302026973,0.6940457764156202,,,
2017-08-16,168.52012634277344,113.63180826809123,81.7006131745178,158.0427287943969,58.74226851467421,219.81084790844767,1.1945722131689818,113.63180826809123,0.48303656266020467,1.1945722131689818,137.68574049981262,0.22394756153417927,0.6730319043377613,,,
2017-08-17,165.45703125,113.69503321175071,81.74607154346954,158.13066405456843,58.774952819129766,219.93315106182146,1.137282760968354,113.69503321175071,0.4552705300841544,1.137282760968354,137.7469361701988,0.20116668907657487,0.6104584175869925,,,
2017-08-18,165.9526824951172,113.75829333388319,81.79155520553998,158.21864824207776,58.807655309191446,220.055522264891,1.14466351197281,113.75829333388319,0.45881832112268306,1.14466351197281,137.8081590395532,0.20422973248983056,0.618940571686569,,,
2017-08-21,166.31947326660156,113.94828496690687,81.9281580912341,158.48289464094103,58.90587199422639,220.4230445510093,1.1462974301695796,113.94828496690687,0.45960488404809663,1.1462974301695796,137.9919909623405,0.20528352483871282,0.6218537373363681,,,
2017-08-22,168.16323852539062,114.01168599877401,81.97374306658908,158.57107481018576,58.938647327953895,220.54568833170237,1.1780294084518514,114.01168599877401,0.47496493058789535,1.1780294084518514,138.0533227485096,0.21810352099769426,0.6570915219112425,,,
2017-08-23,167.24136352539062,114.07512230708997,82.01935340550679,158.65930404303614,58.971440897936375,220.66840035161684,1.159680463183201,114.07512230708997,0.4660634163089237,1.159680463183201,138.11468179414464,0.21088765765437123,0.6373034686052174,,,
2017-08-24,166.27980041503906,114.13859391148262,82.06498912209959,158.74758236679128,59.004252714320515,220.79118064872114,1.1405160044456115,114.13859391148262,0.4568236274576265,1.1405160044456115,138.17606811136156,0.2033907368172294,0.6166193792689052,,,
2017-08-25,164.8721923828125,114.20210083159076,82.11065023048765,158.83590980876542,59.03708278725863,220.91402926100486,1.113060638713965,114.20210083159076,0.4436879110126257,1.113060638713965,138.23748171228138,0.19267358129372547,0.5868257513739292,,,
2017-08-28,165.7841339111328,114.39283368276007,82.24778604774309,159.1011871173727,59.135682647004984,221.28298536914502,1.1247223475347143,114.39283368276007,0.44925279472395685,1.1247223475347143,138.42188633854983,0.19767284131398766,0.6007568364640081,,,
2017-08-29,166.58712768554688,114.45648206233683,82.29354886467122,159.18971130566968,59.168585847795384,221.4061076224648,1.1376827763526294,114.45648206233683,0.4554625887839008,1.1376827763526294,138.48340919559993,0.2029392448755507,0.6153695972900939,,,
2017-08-30,168.44081115722656,114.5201658559871,82.33933714411346,159.27828474898516,59.20150735598622,221.52929838122898,1.1695398464941864,114.5201658559871,0.4708397416141228,1.1695398464941864,138.5449593970393,0.21578447812390156,0.6507448251044536,,,
2017-08-31,170.4729766845703,114.58388508341535,82.3851509002372,159.3669074747247,59.23444718176377,221.65255768355416,1.204205064907359,114.58388508341535,0.48775699619949653,1.204205064907359,138.60653695502137,0.22990574924968943,0.6892054734858349,,,
2017-09-01,170.52255249023438,114.64763976433701,82.43099014721774,159.45557951030915,59.26740533531996,221.77588556757814,1.2034003528959298,114.64763976433701,0.48736208473851317,1.2034003528959298,138.668141881705,0.22971686341411957,0.6886939443831792,,,
2017-09-05,169.23388671875,114.90301341764993,82.6146023274891,159.81076130004664,59.39942143136842,222.26988368415965,1.173661682540172,114.90301341764993,0.47284115259551984,1.173661682540172,138.9148355188215,0.21825639491053916,0.6575094786851503,,,
2017-09-06,170.59193420410156,114.96694566215409,82.66056924165886,159.89968029670248,59.43247137689554,222.3935550494872,1.1962029386889397,114.96694566215409,0.4838346206518265,1.1962029386889397,138.9765774715851,0.22748694281941484,0.6826490631816606,,,
2017-09-07,171.7021942138672,115.03091347867453,82.70656173190265,159.98864876804865,59.46553971147204,222.5172952257857,1.2141808406746715,115.03091347867453,0.49266131182813644,1.2141808406746715,139.03834686611705,0.2349268966726341,0.7027747148557595,,,
2017-09-08,169.4618682861328,115.094916887004,82.75257981245137,160.07766674161346,59.49862644532982,222.6411042513425,1.1726840926873456,115.094916887004,0.472366224935062,1.1726840926873456,139.10014371461403,0.21827241698477806,0.6575532799468207,,,
2017-09-11,171.9995880126953,115.28714086093349,82.89078773835033,160.34501795112553,59.597997144992384,223.01294480674477,1.2126820501600215,115.28714086093349,0.49192344200965055,1.2126820501600215,139.28569910594388,0.23486897159390718,0.702618491844451,,,
2017-09-12,171.45437622070312,115.35128683464191,82.93690832258225,160.43423420914843,59.63115757840576,223.13702961262496,1.2013722500114277,115.35128683464191,0.48636726061397106,1.2013722500114277,139.34760589237695,0.2304077642577036,0.6905646181567898,,,
2017-09-13,171.54359436035156,115.41546849928594,82.98305456839053,160.52350010725837,59.66433646234417,223.26118345951522,1.2012630612206092,115.41546849928594,0.48631372025676867,1.2012630612206092,139.40954019384012,0.23050111292118958,0.6908172871812047,,,
2017-09-14,169.47177124023438,115.47968587472435,83.02922649005352,160.61281567307563,59.69753380707366,223.38540638583063,1.1627446352883881,115.47968587472435,0.4675461745200984,1.1627446352883881,139.47150202256262,0.21509963528476628,0.6488682493237038,,,
2017-09-15,170.14584350585938,115.54393898082664,83.07542410185722,160.70218093423526,59.73074962286581,223.50969843000695,1.1730912047428987,115.54393898082664,0.47256398740303784,1.1730912047428987,139.53349139077937,0.2193907126522523,0.6606090622826956,,,
2017-09-18,168.53004455566406,115.73691288197794,83.21417122109293,160.97057516635115,59.830507999420114,223.88298965438133,1.1391093711299807,115.73691288197794,0.45614774369799904,1.1391093711299807,139.71962485482365,0.2062016680246317,0.6243898308812773,,,
2017-09-19,171.01820373535156,115.80130910965234,83.26047173647952,161.06013948553996,59.863797802293405,224.00755855478832,1.1818484878821123,115.80130910965234,0.4768244422298742,1.1818484878821123,139.78172450347324,0.22346611721121068,0.6717215820612065,,,
2017-09-20,170.67124938964844,115.86574116750428,83.30679801355663,161.149753638478,59.89710612767324,224.1321967655568,1.174006568477161,115.86574116750428,0.4730087398561855,1.174006568477161,139.84385175287233,0.22044156572041018,0.6634780023948965,,,
2017-09-21,169.6204833984375,115.93020907546976,83.35315006665809,161.2394176528928,59.93043298586556,224.2569043252512,1.1536006754395696,115.93020907546976,0.4631258301968191,1.1536006754395696,139.90600661528816,0.21238885664757667,0.6414299014212571,,,
2017-09-22,169.05540466308594,115.99471285349586,83.39952791012576,161.3291315565274,59.96377838718206,224.3816812724574,1.1417994772070594,115.99471285349586,0.4574406065956387,1.1417994772070594,139.96818910299388,0.20781304485327445,0.6288361097491917,,,
2017-09-25,161.4521942138672,116.18843960757492,83.53881632626383,161.59857288041184,60.06392595307963,224.7564288253275,0.9972530412591717,116.18843960757492,0.3895719295238844,0.9972530412591717,140.15490244065973,0.15195538224019334,0.47113529510052415,,,
2017-09-26,162.78053283691406,116.25308706553615,83.58529747477417,161.68848661866468,60.09734563012456,224.8814837088691,1.0204039626292647,116.25308706553615,0.40022546450872887,1.0204039626292647,140.21719555236191,0.1609170486948317,0.4969447422363717,,,
2017-09-27,166.22030639648438,116.31777049345995,83.6318044854796,161.77845038508414,60.13078390193824,225.00660817317407,1.0821039263653636,116.31777049345995,0.42901901997709135,1.0821039263653636,140.2795163508001,0.1849221520041,0.5651095056342869,,,
2017-09-28,167.26116943359375,116.38248991136003,83.67833737276993,161.86846420750595,60.16424077886684,225.13180225695734,1.099339886653065,116.38248991136003,0.4371678210440786,1.099339886653065,140.34186484827976,0.19181236200912544,0.584419957413934,,,
2017-09-29,169.382568359375,116.44724533926129,83.72489615104291,161.9585281137814,60.19771627126228,225.25706599895526,1.1358572443345896,116.44724533926129,0.4545863052912087,1.1358572443345896,140.40424105711202,0.2063921081306619,0.6249156224820493,,,
2017-10-02,167.99473571777344,116.64172788338826,83.86472797585577,162.22902061447436,60.29825454485526,225.63327556192445,1.1058605388625011,116.64172788338826,0.4402627495858513,1.1058605388625011,140.5915360749173,0.1949135802048123,0.5930750047215906,,,
2017-10-03,168.48048400878906,116.70662755176606,83.91139046219746,162.3192851349868,60.331804602752506,225.75881832457634,1.1129263658959907,116.70662755176606,0.4436239615788602,1.1129263658959907,140.6540232523801,0.19783622332991513,0.6012111397356081,,,
2017-10-04,166.95387268066406,116.77156333043676,83.95807891163095,162.40959987884176,60.36537332796265,225.88443093944844,1.0836491666583212,116.77156333043676,0.42974768787005835,1.0836491666583212,140.71653820283322,0.18645522987505236,0.5694157932611718,,,
2017-10-05,169.74932861328125,116.83653523949216,84.00479333860216,162.49996487398352,60.398960730872226,226.0101134454067,1.1322969568023968,116.83653523949216,0.45287882994243334,1.1322969568023968,140.77908093862044,0.2057851740578689,0.6232396312698454,,,
2017-10-06,170.730712890625,116.9015432990353,84.05153375756502,162.59038014837205,60.43256682187353,226.13586588133856,1.148084915214457,116.9015432990353,0.46046585932483497,1.148084915214457,140.84165147209123,0.21221748755521008,0.6409591076678334,,,
2017-10-09,170.99835205078125,117.09678458178892,84.19191111106376,162.86192792685063,60.533497327437644,226.51354315817602,1.1477746451101356,117.09678458178892,0.4603163755648947,1.1477746451101356,141.02952998218151,0.21250033289046755,0.6417361188164705,,,
2017-10-10,170.09629821777344,117.16193744453685,84.23875564269369,162.95254459813648,60.56717827484463,226.6395757033107,1.1300559580757001,117.16193744453685,0.45180509923109735,1.1300559580757001,141.09221182999076,0.2055683018332095,0.622640554485486,,,
2017-10-11,171.2362518310547,117.22712655845545,84.28562623870575,163.04321168870217,60.60087796239168,226.76567837318146,1.148616650302631,117.22712655845545,0.46072207737402415,1.148616650302631,141.15492153731313,0.21310861829064742,0.6434065402240781,,,
2017-10-12,171.04794311523438,117.29235194371485,84.33252291360213,163.13392922660088,60.63459640050577,226.89185120680563,1.1435952997106194,117.29235194371485,0.45830431635743185,1.1435952997106194,141.21765911653108,0.21123621638627865,0.6382620280514975,,,
2017-10-13,172.22756958007812,117.35761362049679,84.37944568189342,163.2246972399021,60.668333599619935,227.01809424322306,1.162742042115911,117.35761362049679,0.4675449190456116,1.162742042115911,141.2804245800325,0.21904765003388493,0.6596719296729887,,,
2017-10-16,173.0008087158203,117.55361660195912,84.52037069235989,163.49730441314236,60.76965786737754,227.39724495994994,1.1712622904656953,117.55361660195912,0.47167576563473523,1.1712622904656953,141.46888840019923,0.2228894329502391,0.6701513712563546,,,
2017-10-17,174.57691955566406,117.61902364686951,84.56739797949506,163.58827460905462,60.803470214936176,227.52376919836578,1.1970667081866453,117.61902364686951,0.4842575133066964,1.1970667081866453,141.53176552482387,0.23348224271988083,0.6988763169426905,,,
2017-10-18,174.49765014648438,117.68446708437776,84.61445143269768,163.67929542094814,60.837301375746044,227.65036383509636,1.1940039316287296,117.68446708437776,0.48275855318588934,1.1940039316287296,141.59467059575417,0.2323744206776439,0.6958837654297075,,,
2017-10-19,173.04042053222656,117.74994693473325,84.66153106652695,163.77036687698634,60.871151360275086,227.77702890931215,1.1668979682400102,117.74994693473325,0.4695583737981628,1.1668979682400102,141.65760362541118,0.2215399392877051,0.66647403933434,,,
2017-10-20,173.45677185058594,117.81546321819569,84.70863689554947,163.86148900534712,60.905020178996644,227.90376446020397,1.172496467120531,117.81546321819569,0.4722750911681419,1.172496467120531,141.72056462622123,0.22393508880004043,0.6729979644420965,,,
2017-10-23,169.7790985107422,118.01223086999728,84.85011169956888,164.1351597063873,61.00673974514014,228.28439436518113,1.102478743514054,118.01223086999728,0.43865680073255686,1.102478743514054,141.90961557991886,0.19638896784360704,0.5971847139994081,,,
2017-10-24,170.30445861816406,118.07789308871584,84.89732245519683,164.22648480613833,61.04068400548434,228.41141221513053,1.1101578420265141,118.07789308871584,0.44230604191259304,1.1101578420265141,141.9726885897174,0.19955788898470317,0.6059946739868082,,,
2017-10-25,169.11489868164062,118.14359184201166,84.94455947897458,164.31786071934008,61.074647152476395,228.5385007380414,1.087224793857527,118.14359184201166,0.43143522255350675,1.087224793857527,142.03578963288453,0.1906498997101127,0.5811698904222652,,,
2017-10-26,169.14466857910156,118.20932715021266,84.99182278551783,164.4092874742652,61.108629196624875,228.66565997323627,1.086072242338208,118.20932715021266,0.430891052819915,1.086072242338208,142.09891872187987,0.1903304409385156,0.5802761766670022,,,
2017-10-27,176.33154296875,118.27509903365804,85.03911238945031,164.50076509920214,61.142630148444184,228.79288996005965,1.2105194163724373,118.27509903365804,0.49085939821171154,1.2105194163724373,142.16207586916886,0.24035571294715163,0.7173837146092622,,,
2017-10-30,178.30421447753906,118.47263433902243,85.18113913194314,164.77550347720427,61.24474655515899,229.17500482407343,1.239183782162633,118.47263433902243,0.505024476515834,1.239183782162633,142.35171578553235,0.2525610491844923,0.7499962731948111,,,
2017-10-31,178.4925537109375,118.53855272706393,85.22853407183321,164.86718486538766,61.2788232429228,229.30251821129312,1.2406977949131324,118.53855272706393,0.5057763875514676,1.2406977949131324,142.41498529075852,0.2533270522517135,0.7520324162154655,,,
2017-11-01,181.0699005126953,118.60450779221578,85.27595538235357,164.95891726526125,61.31291889101732,229.4301025471921,1.2824678279587856,118.60450779221578,0.526669634091085,1.2824678279587856,142.47828291668733,0.27085964826354636,0.7982993978355575,,,
2017-11-02,177.3624725341797,118.67049955488518,85.32340307817688,165.0507007052081,61.34703350999211,229.55775787124634,1.2180732777301928,118.67049955488518,0.49457930319193966,1.2180732777301928,142.5416086758176,0.24428561022876605,0.7279192664685568,,,
2017-11-03,177.3624725341797,118.7365280354907,85.37087717398398,165.14253521362693,61.38116711040261,229.6854842229538,1.2163871796220043,118.7365280354907,0.4937481790032259,1.2163871796220043,142.6049625806532,0.24373282194768398,0.7264393245445709,,,
2017-11-06,178.6016082763672,118.93483398928004,85.51345800823879,165.41834543394043,61.483681905890755,230.06908983930452,1.2324326316383627,118.93483398928004,0.5016761892690336,1.2324326316383627,142.79519329451588,0.25075364342271933,0.745186996975493,,,
2017-11-07,178.680908203125,119.001009546043,85.56103785095274,165.51038450055134,61.517891537715904,230.1971006970439,1.232092103002232,119.001009546043,0.5015074988417734,1.232092103002232,142.85865990732464,0.25075307523561396,0.7451854840096247,,,
2017-11-08,177.99688720703125,119.06722192300542,85.60864416717725,165.60247477786538,61.55212020384208,230.3251827802561,1.2187797728105216,119.06722192300542,0.49492769153657235,1.2187797728105216,142.9221547284424,0.24541144474929166,0.7309313535037705,,,
2017-11-09,177.73916625976562,119.13347114065415,85.6562769716422,165.6946162943763,61.58636791485999,230.45333612857107,1.2127016273986972,119.13347114065415,0.49193307773194195,1.2127016273986972,142.98567777040665,0.2430557313940418,0.7246257001959004,,,
2017-11-10,176.906494140625,119.19975721948741,85.70393627908572,165.78680907859368,61.62063468136627,230.58156078164083,1.1967815847975258,119.19975721948741,0.4841179065061332,1.1967815847975258,143.04922904576037,0.23668261143884917,0.7075063757177923,,,
2017-11-13,177.21377563476562,119.39883682824778,85.84707336679175,166.06369532281832,61.72354941986983,230.96666296623033,1.1969838365049215,119.39883682824778,0.48421693495794416,1.1969838365049215,143.2400523976721,0.2371803323750088,0.7088465143034322,,,
2017-11-14,176.5198974609375,119.46527055702961,85.89483883369465,166.15609346327471,61.75789251441363,231.0951732352811,1.1834058047630684,119.46527055702961,0.4775833732923369,1.1834058047630684,143.30371673212537,0.23178868968836608,0.6943004472799141,,,
2017-11-15,176.4009246826172,119.53174124965832,85.94263087738973,166.2485430142236,61.79225471751736,231.223755007678,1.1796760147038148,119.53174124965832,0.4757663766829918,1.1796760147038148,143.3674093627669,0.2304116079566214,0.6905750223655145,,,
2017-11-16,178.0266571044922,119.59824892670053,85.9904495126643,166.3410440042697,61.82663603981299,231.35240832320545,1.2057979129534926,119.59824892670053,0.48853899369046205,1.2057979129534926,143.4311303021731,0.2411995689459816,0.7196487961257988,,,
2017-11-17,177.4417724609375,119.66479360873475,86.03829475431418,166.43359646203427,61.86103649193864,231.48113322167077,1.1941367742453317,119.66479360873475,0.4828235365625986,1.1941367742453317,143.4948795629261,0.2365721550581521,0.7072088932428013,,,
2017-11-20,177.1840362548828,119.86464989074159,86.18199026559402,166.71156292808348,61.964352733763214,231.86773781309034,1.1846724213576671,119.86464989074159,0.4782009242623968,1.1846724213576671,143.68629739917046,0.2331310602475427,0.6979279613770175,,,
2017-11-21,180.27688598632807,119.93134279875407,86.2299420808653,166.80432154324745,61.99882981170649,231.99674944181598,1.2354412376796193,119.93134279875407,0.5031674104477792,1.2354412376796193,143.75016007124336,0.25409867993873436,0.7540822524670221,,,
2017-11-22,179.29551696777344,119.998072814821,86.27792057661317,166.89713176947242,62.033326072758186,232.12583285284478,1.2172091721071814,119.998072814821,0.4941533039823003,1.2172091721071814,143.8140511276574,0.24671765771079435,0.7344226193808941,,,
2017-11-24,181.1888732910156,120.13164425371849,86.37395766892786,167.08290716998832,62.10237618688728,232.38421518159498,1.2456785831293626,120.13164425371849,0.508252670781264,1.2456785831293626,143.94191844397727,0.2587637795138529,0.7664483347101171,,,
2017-11-27,181.43670654296875,120.33228023902282,86.5182137823707,167.3619580721533,62.20609549842589,232.77232804121473,1.2447635880762296,120.33228023902282,0.5077974603537034,1.2447635880762296,144.1339326165898,0.25880632859444663,0.7665609112869356,,,
2017-11-28,180.8319854736328,120.39923333740684,86.56635267301479,167.45507856835175,62.24070708248063,232.90184298557932,1.2329577396515972,120.39923333740684,0.5019363534223611,1.2329577396515972,144.1979942441763,0.25405340359604933,0.7539620102698402,,,
2017-11-29,173.60549926757812,120.46622368861591,86.61451834822472,167.54825087696273,62.27533792448335,233.03142999229323,1.1076504806251537,120.46622368861591,0.441113483529773,1.1076504806251537,144.26208434453153,0.20340351421075864,0.6166547417507245,,,
2017-11-30,175.63763427734375,120.53325131337758,86.66271082290346,167.64147502681473,62.3099880351492,233.1610891014521,1.1412400044858335,120.53325131337758,0.4571716299322155,1.1412400044858335,144.32620293031036,0.21694904120877134,0.6539334831332362,,,
2017-12-01,173.57571411132812,120.60031623243088,86.71093011196228,167.73475104675234,62.3446574251993,233.29082035317379,1.103758182121341,120.60031623243088,0.4392641705582154,1.103758182121341,144.3903500141736,0.20212821767029188,0.6131234015053753,,,
2017-12-04,169.97732543945312,120.80173496290463,86.85574901465644,168.01489061576518,62.4487813789558,233.68044736523032,1.0351996641917407,120.80173496290463,0.40707685607039634,1.0351996641917407,144.58296238095969,0.17563869656773368,0.5389134364918996,,,
2017-12-05,171.3255157470703,120.86894926674618,86.90407571051432,168.10837440481194,62.483527993873444,233.81046758882943,1.057460981752944,120.86894926674618,0.41744854064190906,1.057460981752944,144.64722358387877,0.18443694598618543,0.563745441689869,,,
2017-12-06,174.52737426757812,120.93620096874797,86.95242929543319,168.201910208408,62.51829394187048,233.94056015591613,1.1119014188927907,120.93620096874797,0.443135908599271,1.1119014188927907,144.71151334826953,0.20603654974951668,0.6239338838609769,,,
2017-12-07,178.57183837890625,121.0034900897184,87.00080978437417,168.29549805549436,62.55307923370387,234.07072510674246,1.1796582972961758,121.0034900897184,0.4757577508425883,1.1796582972961758,144.77583168682662,0.2334367987965409,0.6987536124813618,,,
2017-12-08,177.4417724609375,121.07081665047745,87.04921719230671,168.38913797502815,62.58788388013656,234.20096248158288,1.1587287139733715,121.07081665047745,0.4656031682118644,1.1587287139733715,144.84017861224993,0.2250866725038012,0.67613011283911,,,
2017-12-11,177.4814453125,121.27302117985994,87.19460107987311,168.67037045812654,62.69241405474969,234.59210955326927,1.154348067562591,121.27302117985994,0.46348663194658424,1.154348067562591,145.03339103680244,0.22372816386444283,0.6724348449067536,,,
2017-12-12,175.4195556640625,121.34049770820508,87.243116313633,168.76421895734322,62.727296227328836,234.72263702735884,1.1172408268265621,121.34049770820508,0.44568020551477083,1.1172408268265621,145.09785243680395,0.20897416962435678,0.6320363305284499,,,
2017-12-13,176.7478790283203,121.40801178061264,87.29165854135671,168.8581196740346,62.762197808411905,234.85323712717107,1.1384213381586163,121.40801178061264,0.45581725980084586,1.1384213381586163,145.16234248725678,0.2175876745984331,0.6556808123317008,,,
2017-12-14,176.83709716796875,121.47556341797221,87.34022777806372,168.95207263725464,62.79711880879781,234.98390989311508,1.1382649337063795,121.47556341797221,0.4557421442822125,1.1382649337063795,145.22686120089477,0.21766108353293534,0.6558816036920019,,,
2017-12-15,178.61148071289062,121.54315264118499,87.38882403878189,169.04607787607333,62.8320592392915,235.1146553656224,1.1668423545126867,121.54315264118499,0.4695314119437115,1.1668423545126867,145.29140859045748,0.22933270759563373,0.6876533545767843,,,
2017-12-18,179.2459259033203,121.74614603512919,87.53477511540729,169.32840753706478,62.936997219558805,235.50732842717764,1.1725321095148393,121.74614603512919,0.47229240301044007,1.1725321095148393,145.48522294217506,0.23205589047737085,0.6950228241982463,,,
2017-12-19,177.94732666015625,121.81388581099958,87.58347962261585,169.42262216930246,62.972015478653255,235.6383651307041,1.1488056399732127,121.81388581099958,0.46081315340560236,1.1488056399732127,145.54988516294617,0.22258651362686033,0.6693262780397548,,,
2017-12-20,176.34146118164062,121.88166327740382,87.63221122910034,169.51688922273192,63.00705322197041,235.7694747432894,1.1196406114332431,121.88166327740382,0.4468251945355044,1.1196406114332431,145.61457612342508,0.2110151735920378,0.6376541778273476,,,
2017-12-21,175.90524291992188,121.94947845531294,87.68096994993881,169.6112087265204,63.042110460351324,235.90065730550035,1.1104468943493553,121.94947845531294,0.4424435852292754,1.1104468943493553,145.6792958363854,0.20748279232131717,0.6279253260323535,,,
2017-12-22,175.65744018554688,122.01733136570972,87.72975580021775,169.70558070985143,63.07718720464308,236.03191285792616,1.104487642753035,122.01733136570972,0.4396105718708705,1.104487642753035,145.7440443146064,0.2052460943540768,0.6217503059347581,,,
2017-12-26,174.4580078125,122.28912075223715,87.92517079776164,170.08359402283864,63.217689458071675,236.5576657823552,1.076974455840581,122.28912075223715,0.4266028469201213,1.076974455840581,146.00332613588233,0.19489064002648449,0.5930110645352289,,,
2017-12-27,176.0737762451172,122.35716264022219,87.97409252183395,170.17822884220283,63.25286389483529,236.68928689548574,1.1032330858378747,122.35716264022219,0.43901486799626777,1.1032330858378747,146.0682186322953,0.20542153449790712,0.6222350707282243,,,
2017-12-28,176.3711700439453,122.42524238683698,88.02304146604219,170.272916316552,63.288057902719274,236.82098124284212,1.1066624610115114,122.42524238683698,0.44064382969854377,1.1066624610115114,146.13313997076415,0.20692110002721265,0.6263756961486835,,,
2017-12-29,174.9239044189453,122.49336001314573,88.07201764553135,170.36765647518288,63.32327149261278,236.95274886517117,1.0800003137604837,122.49336001314573,0.42802764492845036,1.0800003137604837,146.19809016410784,0.19648556436402598,0.5974536079223857,,,
2018-01-02,179.84071350097656,122.7662097370253,88.26819501950102,170.74714453904426,63.46432189028378,237.48055291996587,1.1572823589095698,122.7662097370253,0.4649040145998582,1.1572823589095698,146.4581797428148,0.2279321907235401,0.6838569206382251,,,
2018-01-03,183.0624084472656,122.83451707818455,88.31730760287086,170.84214855911605,63.49963355377886,237.61268752916934,1.209417069328446,122.83451707818455,0.49031732123590155,1.209417069328446,146.52327440301974,0.24937426625986459,0.7415119721338012,,,
2018-01-04,182.7253875732422,122.90286242567197,88.3664475125709,170.93720543959648,63.53496486474737,237.74489565830837,1.2021453329331477,122.90286242567197,0.4867463944035406,1.2021453329331477,146.58839799513413,0.2465201207759129,0.7338948744815402,,,
2018-01-05,185.2234649658203,122.97124580063436,88.4156147638056,171.03231520989712,63.57031583412122,237.87717734828956,1.241618745753056,122.97124580063436,0.5062339472929436,1.241618745753056,146.6535505320168,0.2630002089542529,0.7776384710828367,,,
2018-01-08,186.64100646972656,123.17662430201575,88.56328071888866,171.31796215408232,63.6764868020849,238.2744641926941,1.2596703636872295,123.17662430201575,0.5152307308901647,1.2596703636872295,146.84918193995216,0.2709706925439026,0.7985903952073896,,,
2018-01-09,186.23455810546875,123.24515999858133,88.61255748847539,171.41328377810765,63.711916514520674,238.40704053556573,1.2513760116193762,123.24515999858133,0.5110902376013182,1.2513760116193762,146.91445038461362,0.2676394841890457,0.789849710364184,,,
2018-01-10,186.204833984375,123.31373382853243,88.66186167574585,171.50865843925698,63.74736594011253,238.53969064415435,1.2492060771420106,123.31373382853243,0.5100088871146546,1.2492060771420106,146.97974783842437,0.26687408791224065,0.7878381588027682,,,
2018-01-11,186.13543701171875,123.38234581308656,88.71119329595528,171.60408616704032,63.78283508982891,238.67241455950332,1.2463900644434713,123.38234581308656,0.5086067280135655,1.2463900644434713,147.04507431427814,0.2658393209002916,0.7851167362378619,,,
2018-01-12,177.80853271484375,123.45099597347301,88.76055236436744,171.69956699098398,63.81832397464434,238.80521232267887,1.1059741087525496,123.45099597347301,0.440316712819806,1.1059741087525496,147.11042982507385,0.20867387122906522,0.6312089612922627,,,
2018-01-16,176.83709716796875,123.72597879834127,88.9582634256153,172.08202183946477,63.96047708460124,239.33714267577108,1.0826236961361548,123.72597879834127,0.4292640792617395,1.0826236961361548,147.37214247585905,0.19993571510257668,0.6070435202004859,,,
2018-01-17,176.053955078125,123.79482015674228,89.00775996429451,172.17776858768107,63.996064809743885,239.4703102948729,1.0674837744431382,123.79482015674228,0.4221431466616701,1.0674837744431382,147.43764335505193,0.19409094632746338,0.590781344584179,,,
2018-01-18,178.23480224609375,123.86369981859963,89.05728404293735,172.2735686095613,64.03167233596118,239.60355200867883,1.1031156834073546,123.86369981859963,0.4389591341702328,1.1031156834073546,147.5031733467019,0.2083455440457409,0.6303041330734328,,,
2018-01-19,179.71185302734375,123.93261780522542,89.10683567686715,172.36942193474695,64.06729967427046,239.73686785841537,1.1264459776573197,123.93261780522542,0.4500771161776145,1.1264459776573197,147.5687324637483,0.21781796202316595,0.6563106640948818,,,
2018-01-22,183.75631713867188,124.13960192701252,89.25565606373891,172.65730202679975,64.17430067201579,240.1372606358168,1.1888494365915043,124.13960192701252,0.4802392974218719,1.1888494365915043,147.76558469674484,0.24356640631707172,0.7259936626395149,,,
2018-01-23,187.70167541503903,124.20867342607049,89.30531807221989,172.75336886195288,64.21000736898925,240.27087344199884,1.2515562658081982,124.20867342607049,0.5111800990834978,1.2515562658081982,147.83126044488478,0.26970219187855027,0.7952647078863812,,,
2018-01-24,184.9260711669922,124.27778335663547,89.35500771273222,172.84948914886684,64.24573393323348,240.40456059058795,1.2047120862753318,124.27778335663547,0.48800587017485264,1.2047120862753318,147.89696538320388,0.25037096391968006,0.7441678441626144,,,
2018-01-25,185.8479766845703,124.34693174009082,89.40472500065042,172.9456629172823,64.28148037580269,240.53832212294833,1.2180997995824907,124.34693174009082,0.4945923802368408,1.2180997995824907,147.96269952467603,0.2560461337999318,0.759250078899465,,,
2018-01-26,188.3460235595703,124.41611859783181,89.45446995135754,173.04189019695647,64.31724670775719,240.67215808046726,1.2568857616530897,124.41611859783181,0.5138394098950183,1.2568857616530897,148.02846288228076,0.27236357043950377,0.8022383469085423,,,
2018-01-29,184.36102294921875,124.62391023089964,89.60387093417145,173.33089340135152,64.42466515062819,241.07411291819332,1.1870054659794693,124.62391023089964,0.47933909799202956,1.1870054659794693,148.22592838177326,0.243783897742744,0.7265760938240794,,,
2018-01-30,185.4911193847656,124.69325119997403,89.65372669003628,173.427335023964,64.46051115085046,241.20824699068007,1.2038433270275553,124.69325119997403,0.4875794607944606,1.2038433270275553,148.29180873381995,0.2508520933729892,0.7454491386498159,,,
2018-01-31,185.2630920410156,124.76263075048881,89.7036101857337,173.52383030686943,64.49637709585198,241.342455695607,1.1984286272745406,124.76263075048881,0.48492453971671123,1.1984286272745406,148.3577183669839,0.24875937753869337,0.7398724386174815,,,
2018-02-01,191.40911865234372,124.83204890391123,89.75352143669849,173.62037927992512,64.5322629967303,241.47673907450047,1.2956694513986229,124.83204890391123,0.533333149083212,1.2956694513986229,148.42365729427934,0.2896132742022195,0.8470873129796762,,,
2018-02-02,188.62359619140625,124.90150568171954,89.80346045837346,173.71698197300375,64.56816886458864,241.61109716890846,1.2495469852762529,124.90150568171954,0.5101787217206704,1.2495469852762529,148.4896255287263,0.27028131103284236,0.7967834235524381,,,
2018-02-05,179.68211364746094,125.11010797642817,89.95344430222022,174.00711267136194,64.6760063811724,242.01462016105668,1.0972806535719155,125.11010797642817,0.4361918197793788,1.0972806535719155,148.68770620526348,0.2084530606680397,0.6306004623650834,,,
2018-02-06,183.6968688964844,125.1797194668075,90.00349456133927,174.10393054359926,64.71199222810992,242.14927753347436,1.1625771612568276,125.1797194668075,0.46746509481668275,1.1625771612568276,148.75379179863273,0.23490545468013302,0.702716886998992,,,
2018-02-07,178.61148071289062,125.249369689146,90.05357266851301,174.2008022854758,64.74799809763776,242.28400982949762,1.0757930566705018,125.249369689146,0.4260469426407736,1.0757930566705018,148.8199067643406,0.20018540930633422,0.6077364906815741,,,
2018-02-08,170.08639526367188,125.31905866499419,90.10367863923618,174.29772792696474,64.78402400089655,242.41881709081412,0.9258616061102015,125.31905866499419,0.3572268821325155,0.9258616061102015,148.88605111544172,0.1423930851103845,0.4433736753550514,,,
2018-02-09,174.57691955566406,125.38878641591458,90.15381248901208,174.39470749805596,64.82006994903307,242.55369935913464,1.0031654257449543,125.38878641591458,0.39228494465679287,1.0031654257449543,148.952224864997,0.17203297710988896,0.5286829956843748,,,
2018-02-12,174.87432861328125,125.59820253491432,90.30438146781897,174.6859700890918,64.92832817427015,242.9587966235769,1.0032666929555838,125.59820253491432,0.3923314592393863,1.0032666929555838,149.15092263507984,0.17246561753518352,0.5299121787174073,,,
2018-02-13,171.6427001953125,125.66808560198888,90.35462698901173,174.78316567882425,64.96445441350976,243.09397933748616,0.9450407614157228,125.66808560198888,0.3658416086557781,0.9450407614157228,149.21721410917323,0.15028752694532876,0.4663097460797465,,,
2018-02-14,177.95726013183594,125.73800755212835,90.40490046690338,174.88041534835864,65.00060075345422,243.22923726730198,1.0528672525638916,125.73800755212835,0.41530205222997973,1.0528672525638916,149.28353504711077,0.19207560348618702,0.5851555001507822,,,
2018-02-15,178.39341735839844,125.80796840696736,90.45520191704905,174.9777191277851,65.03676720528762,243.3645704548746,1.0586012722087654,125.80796840696736,0.4179818624947993,1.0586012722087654,149.34988546198778,0.19446638212389367,0.5918283271373422,,,
2018-02-16,175.8160400390625,125.87796818815254,90.50553135501258,175.07507704721039,65.07295378020022,243.4999789420776,1.0128017660247037,125.87796818815254,0.3967181276414189,1.0128017660247037,149.41626536690583,0.17668608305347155,0.541879286222222,,,
2018-02-20,174.47779846191406,126.15835700970966,90.70712929662459,175.46505072762375,65.21790153466667,244.04236672547987,0.9828968043213516,126.15835700970966,0.3830062676583965,0.9828968043213516,149.68208014921663,0.16565589072505427,0.5105121098214987,,,
2018-02-21,176.3612823486328,126.2285517477472,90.7575989074378,175.5626797992327,65.25418889304778,244.1781523397538,1.013757125397532,126.2285517477472,0.39715840756115095,1.013757125397532,149.74860770106244,0.17771567332830407,0.5447921710815995,,,
2018-02-22,177.431884765625,126.29878554226396,90.80809659963374,175.6603631918337,65.29049644178075,244.31401350538917,1.0304163434541256,126.29878554226396,0.4048582019519906,1.0304163434541256,149.8151648216793,0.18433861469776502,0.5634689339781785,,,
2018-02-23,181.6944122314453,126.36905841499102,90.85862238883698,175.75810093565104,65.3268241920995,244.44995026442282,1.1006893042513801,126.36905841499102,0.43780775539822425,1.1006893042513801,149.88175152420928,0.21225172767011324,0.6410531791466513,,,
2018-02-26,183.32015991210935,126.58011171992644,91.01036849486611,176.05164057689632,65.43592876500371,244.8582145226337,1.1226326975602539,126.58011171992644,0.4482540536678228,1.1226326975602539,150.08168925478662,0.22146919335972637,0.6662811466356912,,,
2018-02-27,179.88035583496094,126.65054112304762,91.06100682851772,176.14959602815844,65.47233743413017,244.99445407609772,1.0635289601852884,126.65054112304762,0.4202888849894275,1.0635289601852884,150.14839441650707,0.19801717849861467,0.6017142349479535,,,
2018-02-28,176.7677001953125,126.72100971321609,91.11167333742978,176.24760598201084,65.50876636110597,245.13076943349571,1.0089316952513354,126.72100971321609,0.3949360141255005,1.0089316952513354,150.21512922593888,0.1767636263151353,0.5420987579457556,,,
2018-03-01,174.40841674804688,126.7915175122356,91.16236803727904,176.34567046877882,65.54521555720264,245.2671606370051,0.9665163128079125,126.7915175122356,0.3755527196936985,0.9665163128079125,150.2818936962592,0.16054178223592763,0.4958679840097171,,,
2018-03-02,175.0824737548828,126.86206454192201,91.21309094375098,176.44378951880464,65.58168503369794,245.40362772882688,0.9765226884192794,126.86206454192201,0.3801010915838139,0.9765226884192794,150.34868784065108,0.16450948970333634,0.5072350129021695,,,
2018-03-05,178.82960510253906,127.07394123332348,91.36542905988875,176.73847435210428,65.69121525844753,245.81348475652737,1.035654021849427,127.07394123332348,0.40728778352900674,1.035654021849427,150.54924845017456,0.18784787664831226,0.573322801240102,,,
2018-03-06,178.21498107910156,127.14464540407928,91.41626494988107,176.83681195892143,65.72776596944075,245.95025582407766,1.0235319589637704,127.14464540407928,0.40167114794897807,1.0235319589637704,150.6161614228005,0.1832394305869165,0.5603764632263613,,,
2018-03-07,182.11077880859372,127.21538891476335,91.46712912505436,176.9352042809606,65.76433701731557,246.0871029912969,1.087394413867839,127.21538891476335,0.4315153250100212,1.087394413867839,150.68310413550122,0.208568006701211,0.6309172388858405,,,
2018-03-08,180.752685546875,127.28617178726495,91.51802160114688,177.033651348666,65.8009284133877,246.2240263005279,1.0630183690216626,127.28617178726495,0.42004966453833914,1.0630183690216626,150.75007660149495,0.1990221804310679,0.6045069793437864,,,
2018-03-09,183.6175537109375,127.35699404348462,91.568942393905,177.13215319249767,65.83754016897865,246.36102579413543,1.1089990481049516,127.35699404348462,0.4417547704387821,1.1089990481049516,150.81707883400568,0.21748514909928152,0.6554003597962618,,,
2018-03-12,183.15164184570312,127.56969733364653,91.72187482977249,177.42798768561272,65.9474977061778,246.7724818052296,1.0962395919752688,127.56969733364653,0.435698646887021,1.0962395919752688,151.0182642629705,0.2127780883958399,0.6424989711988518,,,
2018-03-13,180.2967071533203,127.64067734399305,91.77290904683575,177.52670893889552,65.9841910131884,246.909786460472,1.0469315074215133,127.64067734399305,0.4125332997678999,1.0469315074215133,151.0853856939087,0.19334313060954988,0.5886949202145372,,,
2018-03-14,182.5865936279297,127.71169684774583,91.82397165942977,177.6254851208624,66.02090473642144,247.04716751227312,1.0835012570243536,127.71169684774583,0.42967792406363614,1.0835012570243536,151.15253695757286,0.2079624814976151,0.6292481503027081,,,
2018-03-15,182.2594757080078,127.78275586687896,91.8750626833538,177.72431626207558,66.0576388872365,247.18462500313998,1.0763796541949753,127.78275586687896,0.4263229374852535,1.0763796541949753,151.21971806722237,0.20526263398393052,0.6217960101766474,,,
2018-03-16,183.478759765625,127.85385442337888,91.92618213441597,177.8232023931145,66.09439347699951,247.3221589756034,1.0949042505063962,127.85385442337888,0.43506631531066886,1.0949042505063962,151.28692903612244,0.21278659653284504,0.6425223359438564,,,
2018-03-19,171.05783081054688,128.0673875371271,92.07971120864433,178.1201910312352,66.20477999373063,247.73522020823634,0.8773670170400983,128.0673875371271,0.3356861110402265,0.8773670170400983,151.4887412310689,0.12917850805578235,0.40462372328609325,,,
2018-03-20,166.6862335205078,128.13864446320318,92.13094452651613,178.21929742771175,66.24161645307146,247.8730605328678,0.7972076445470764,128.13864446320318,0.300827195564521,0.7972076445470764,151.556071769743,0.09983210553089461,0.3169221750474232,,,
2018-03-21,167.9154510498047,128.20994103676182,92.18220635069868,178.31845896716658,66.27847340828488,248.0109775521052,0.8177929543471635,128.20994103676182,0.30969135226150724,0.8177929543471635,151.62343223408277,0.10745053436443519,0.33991268602341823,,,
2018-03-22,163.45460510253906,128.28127727986296,92.23349669705291,178.41767568028132,66.31535087077486,248.14897130862158,0.7344908579304468,128.28127727986296,0.27418909889664356,0.7344908579304468,151.69082263738915,0.07755104930290191,0.24875810607390475,,,
2018-03-23,158.0025177001953,128.3526532145788,92.28481558144864,178.5169475977547,66.35224885195167,248.28704184511372,0.6299731816348839,128.3526532145788,0.23100312882545682,0.6299731816348839,151.7582429929687,0.04114619795325347,0.13429315210990833,,,
2018-03-26,158.66665649414062,128.56701938932076,92.4389436217151,178.81509488357017,66.46306602180121,248.70171456176845,0.6376293728763037,128.56701938932076,0.23411631729342286,0.6376293728763037,151.96068390650137,0.044129655219012465,0.14382322089833435,,,
2018-03-27,150.89491271972656,128.63855431146314,92.49037681715131,178.9145879258071,66.50004619195525,248.84009264560643,0.4837106272229419,128.63855431146314,0.1730146807649573,0.4837106272229419,152.02822420435825,-0.007454612395579097,-0.02492058898295491,,,
2018-03-28,151.6978759765625,128.7101290357656,92.54183863011052,179.0141363261527,66.53704693794285,248.97854772326056,0.4981118311223366,128.7101290357656,0.17860091597304772,0.4981118311223366,152.09579452111015,-0.002616236338424338,-0.008724793132048039,,,
2018-03-29,158.39898681640625,128.7817435843741,92.59332907651553,179.11374011540835,66.57406827121243,249.11707983757032,0.6274531385444475,128.7817435843741,0.22998013854834753,0.6274531385444475,152.16339487009947,0.040979579560708856,0.13376011749574693,,,
2018-04-02,154.0373077392578,129.0686004652202,92.79957751536075,179.51270977815807,66.72235970630238,249.67197951899036,0.5360707170652064,129.0686004652202,0.1934529946403647,0.5360707170652064,152.43409685548068,0.01051740336872986,0.034845290311026164,,,
2018-04-03,154.7510528564453,129.14041446798046,92.85121136814772,179.6125909745842,66.75948414793149,249.81089746000558,0.548397521403569,129.14041446798046,0.198316216453021,0.548397521403569,152.50184756599668,0.014748708467123839,0.048761863538778934,,,
2018-04-04,153.7498321533203,129.2122684281818,92.90287395010378,179.71252774508872,66.79662924566706,249.94989269521443,0.5270361837502414,129.2122684281818,0.18990119145518203,0.5270361837502414,152.56962838892764,0.0077355092022910465,0.02566397879914393,,,
2018-04-05,157.95294189453125,129.28416236805654,92.95456527721387,179.8125201205931,66.83379501100221,250.08896526762356,0.6071026686102987,129.28416236805654,0.22175012779104475,0.6071026686102987,152.63743933765727,0.03482436930244415,0.11400874572226344,,,
2018-04-06,155.83154296875,129.35609630984948,93.00628536547188,179.91256813203609,66.87098145543641,250.22811522026356,0.5644299045508152,129.35609630984948,0.2046710392023836,0.5644299045508152,152.70528042557527,0.02047252416198142,0.06749517670029809,,,
2018-04-09,156.55519104003906,129.5721383693706,93.16161835720533,180.21304629164194,66.98266497842421,250.6460297902332,0.5734152829453423,129.5721383693706,0.20824733627338943,0.5734152829453423,152.90898465844535,0.02384559932654251,0.07848567456259868,,,
2018-04-10,163.60328674316406,129.6442325415317,93.21345365017164,180.31331715657115,67.01993425437763,250.78548969458143,0.7052109851493622,129.6442325415317,0.26194033884811296,0.7052109851493622,152.97694643713268,0.0694636711839347,0.22366732318540855,,,
2018-04-11,164.8721923828125,129.71636682702032,93.26531778438857,180.41364381239063,67.05722426702347,250.92502719467223,0.7269441719387689,129.71636682702032,0.27102073867573906,0.7269441719387689,153.04493842204607,0.07727961527320071,0.24791905078128076,,,
2018-04-12,162.4434814453125,129.78854124815612,93.31721077590375,180.5140262901432,67.09453502789994,251.06464233368095,0.6802736571250463,129.78854124815612,0.2516011034804684,0.6802736571250463,153.112960626611,0.06093880479168168,0.19701299916727222,,,
2018-04-13,163.0878448486328,129.86075582727017,93.3691326407731,180.61446462088767,67.1318665485511,251.20433515480508,0.6905876280088438,129.86075582727017,0.2558670539817165,0.6905876280088438,153.18101306425885,0.06467401922859772,0.20871799482218542,,,
2018-04-16,163.3951416015625,130.07764073598543,93.52507163620413,180.91611504192835,67.24398578469382,251.62388014321866,0.6912354765612471,130.07764073598543,0.2561354947480987,0.6912354765612471,153.38535191010334,0.06525909786565376,0.21054772780855274,,,
2018-04-17,167.1917724609375,130.15001617057743,93.57710915523214,181.0167770955816,67.2814004600164,251.7638841252716,0.7591762538998499,130.15001617057743,0.28460815741899204,0.7591762538998499,153.45352541451626,0.0895270865189366,0.28556951326571534,,,
2018-04-18,164.91180419921875,130.22243187499225,93.62917562802994,181.11749515778376,67.31883595293208,251.9039660057936,0.7158696677517249,130.22243187499225,0.2663855360766627,0.7158696677517249,153.5217292192587,0.07419194037146903,0.2383595395247064,,,
2018-04-19,166.63665771484375,130.294887871636,93.68127107070738,181.21826925969788,67.35629227502372,252.0441258281273,0.7457230268995878,130.294887871636,0.27891938384421455,0.7457230268995878,153.5899633377979,0.08494496706371102,0.271533212965032,,,
2018-04-20,164.83250427246094,130.36738418292734,93.73339549938338,181.3190994325046,67.39376943788072,252.1843636356397,0.7110395284076062,130.36738418292734,0.26436919253648017,0.7110395284076062,153.65822778360697,0.07272162805749915,0.2337977574588444,,,
2018-04-23,164.39633178710938,130.58511522906076,93.88994286272604,181.62192668834655,67.50632608703458,252.60554540328053,0.6979495660442692,130.58511522906076,0.25892090762978603,0.6979495660442692,153.86320321947682,0.06845774913841929,0.22053322894422947,,,
2018-04-24,158.2998809814453,130.65777302337875,93.94218339676456,181.7229814568767,67.54388672897598,252.74609558566004,0.5817174545288706,130.65777302337875,0.21156114418941252,0.5817174545288706,153.9315891092182,0.02837813796054367,0.09319717421833146,,,
2018-04-25,158.2998809814453,130.7304712446249,93.9944529975307,181.82409245246288,67.58146826972649,252.88672397041526,0.5800313564206819,130.7304712446249,0.21088740424741603,0.5800313564206819,154.0000053936857,0.027921269072474386,0.09171723229434559,,,
2018-04-26,172.6439208984375,130.80320991529288,94.04675168119726,181.92525970638988,67.61907072091425,253.02743060105811,0.8412718471602532,130.80320991529288,0.31987526154931767,0.8412718471602532,154.06845208638836,0.1205663363297349,0.37912485127575896,,,
2018-04-27,172.07888793945312,130.87598905788877,94.09907946394601,182.02648324995994,67.65669409417387,253.16821552112478,0.8296488873088104,130.87598905788877,0.31482397327549205,0.8296488873088104,154.13692920084165,0.11640272601534019,0.3667268969718043,,,
2018-04-30,170.50270080566406,131.09456954249322,94.25623756863827,182.3304919318124,67.76968986282704,253.59104045359254,0.7966978053571048,131.09456954249322,0.30060841879798095,0.7966978053571048,154.3425432099468,0.10470319627774405,0.33164019208515116,,,
2018-05-01,172.34652709960938,131.16751079811272,94.30868190971371,182.43194094732567,67.80739704084966,253.73213896720063,0.827615348956745,131.16751079811272,0.31394219537243173,0.827615348956745,154.4111421466743,0.11615343752783303,0.36598312593377347,,,
2018-05-02,174.5372772216797,131.24049263837875,94.3611554309154,182.5334464092547,67.84512519921434,253.8733159882769,0.8642169873038572,131.24049263837875,0.32990416077301155,0.8642169873038572,154.47977157281866,0.12983904264388624,0.4065713934123938,,,
2018-05-03,172.50514221191406,131.31351508587275,94.41365814847919,182.63500834900634,67.88287434959457,254.01457156050304,0.8270315674030553,131.31351508587275,0.3136891667175612,0.8270315674030553,154.54843150193108,0.11618824297002717,0.36608698057732075,,,
2018-05-04,175.07260131835938,131.3865781631886,94.46619007865,182.73662679800498,67.92064450367036,254.1559057275851,0.8701275812522664,131.3865781631886,0.33249989280419934,0.8701275812522664,154.61712194756882,0.1322976337493016,0.4138108683316502,,,
2018-05-07,176.42076110839844,131.60601140019534,94.62396130738925,183.04182151498875,68.03408110496851,254.5803802353915,0.8883218840995243,131.60601140019534,0.3405220569440992,0.8883218840995243,154.82337651929782,0.1394969227170202,0.4349195658608999,,,
2018-05-08,177.3624725341797,131.67923722298954,94.67661025061808,183.14366631556877,68.07193539075648,254.7220292194437,0.9027729314989172,131.67923722298954,0.34692815871821003,0.9027729314989172,154.8921891667306,0.14507047442696686,0.45117012668329404,,,
2018-05-09,181.0699005126953,131.75250378876402,94.72928848781416,183.24556778278009,68.10981073873755,254.86375701724685,0.9637952855111326,131.75250378876402,0.37431847825071185,0.9637952855111326,154.9610323985659,0.1684866686159936,0.5185903742023231,,,
2018-05-10,183.91493225097656,131.8258111201882,94.78199603527669,183.34752594815205,68.14770716063074,255.00556367265304,1.0093661921063373,131.8258111201882,0.39513598048941767,1.0093661921063373,155.02990622839712,0.18631905756315614,0.569033521853591,,,
2018-05-11,185.3622131347656,131.8991592399442,94.83473290931397,183.44954084323166,68.18562466816164,255.14744922953884,1.031440164023316,131.8991592399442,0.4053327875848256,1.031440164023316,155.0988106698238,0.19512336899453664,0.5936596831829601,,,
2018-05-14,185.0152740478516,132.11944855621317,94.99311965409329,183.75592622244926,68.29950382193392,255.573579748205,1.0207031049992483,132.11944855621317,0.40036365629495263,1.0207031049992483,155.30570779976264,0.1912973236398614,0.5829803801098163,,,
2018-05-15,182.7154693603516,132.1929600563697,95.04597399769396,183.8581683521802,68.33750578940173,255.71578135026263,0.9811019445758689,132.1929600563697,0.38218759366942145,0.9811019445758689,155.37473482368762,0.17596641157707538,0.5398417002019225,,,
2018-05-16,181.605224609375,132.26651245845778,95.09885774954694,183.9604673696169,68.37552890123291,255.85806207354867,0.9609409791024272,132.26651245845778,0.373024972336921,0.9609409791024272,155.44379252729658,0.16830155554448645,0.5180627105681221,,,
2018-05-17,182.1603240966797,132.34010578523566,95.15177092601527,184.0628233064123,68.41357316919242,256.00042196208693,0.9685060090858097,132.34010578523566,0.3764559353782997,0.9685060090858097,155.51288092422533,0.1713520000020996,0.5267473390731304,,,
2018-05-18,181.08973693847656,132.41374005947344,95.20471354347053,184.16523619423572,68.4516386050513,256.14286105992426,0.9489524563507895,132.41374005947344,0.36760533202325063,0.9489524563507895,155.58200002811583,0.1639504371055207,0.5056357371890227,,,
2018-05-21,182.88400268554688,132.63488879484385,95.36371820561499,184.47281688084163,68.5659620378366,256.5706540500786,0.9737799926210225,132.63488879484385,0.378852912286352,0.9737799926210225,155.78954171806788,0.1739170721518124,0.5340326235350777,,,
2018-05-22,182.1999969482422,132.70868708688138,95.41677875091999,184.57545788983145,68.60411226313765,256.7134104260811,0.9607356150595967,132.70868708688138,0.3729319530450932,0.9607356150595967,155.85878378634587,0.16900692102156611,0.5200729028952608,,,
2018-05-23,185.2729949951172,132.78252644042232,95.46986881920854,184.6781560084647,68.64228371529319,256.85624623198987,1.0097476631582918,132.78252644042232,0.3953115666785163,1.0097476631582918,155.92805662988624,0.1881953703488055,0.5742969651357719,,,
2018-05-24,184.31146240234372,132.8564068783129,95.52298842690696,184.78091126851658,68.68047640611361,256.999161511999,0.992289215713725,132.8564068783129,0.3872982623349135,0.992289215713725,155.99736026236732,0.18150372603969545,0.5554873360565126,,,
2018-05-25,183.31024169921875,132.93032842341287,95.57613759045127,184.88372370178115,68.71869034741637,257.14215631032863,0.9740920616982783,132.93032842341287,0.3789948755361121,0.9740920616982783,156.0666946974734,0.17456349065734655,0.5358660616414965,,,
2018-05-29,184.1231384277344,133.226426133539,95.78903013212235,185.29554580345626,68.87175885402478,257.71493157210233,0.9807599480816986,133.226426133539,0.38203165671635797,0.9807599480816986,156.34434073805085,0.17767702724990797,0.5446828808018616,,,
2018-05-30,186.0363006591797,133.3005535580219,95.84232732175266,185.39864458030698,68.91007922522753,257.8583246261881,1.0104075682391755,133.3005535580219,0.3956153646294007,1.0104075682391755,156.413829391762,0.18938524414758584,0.5776305008963609,,,
2018-05-31,190.1105499267578,133.37472222713785,95.89565416603568,185.5018007215036,68.94842091795415,258.00179746442853,1.0743892370389954,133.37472222713785,0.42538666062223207,1.0743892370389954,156.48334893033248,0.21489315781065255,0.6483022614506049,,,
2018-06-01,192.3013153076172,133.44893216383545,95.94901068147132,185.6050142589638,68.98678394406795,258.1453501312157,1.1074339046543682,133.44893216383545,0.4410105213245812,1.1074339046543682,156.55289936748963,0.22834719819664495,0.6849823483096568,,,
2018-06-04,191.5974578857422,133.6718098090956,96.10925841983071,185.9149995683684,69.10200114146485,258.57648754714853,1.0912605057435014,133.6718098090956,0.4333422892932588,1.0912605057435014,156.76173620784243,0.22222082072191918,0.668329929405842,,,
2018-06-05,191.26040649414065,133.74618504586118,96.16273378505953,186.0184430104144,69.14044961989282,258.7203599725372,1.0842373270416046,133.74618504586118,0.4300251362575913,1.0842373270416046,156.83141037673835,0.21952870304932803,0.6609859316561268,,,
2018-06-06,189.6743621826172,133.82060166514304,96.21623890407828,186.12194400857862,69.17891949112372,258.8643124488036,1.0573098945880257,133.82060166514304,0.4173778911653381,1.0573098945880257,156.9011155129475,0.20887835349370243,0.6317723643692882,,,
2018-06-07,186.54188537597656,133.89505968996647,96.26977379344206,186.22550259488548,69.21741076706057,259.0083450204882,1.0051454117005727,133.89505968996647,0.39319468401532975,1.0051454117005727,156.9708516302339,0.1883855087656734,0.5748298786180236,,,
2018-06-08,187.45384216308597,133.96955914336957,96.3233384697151,186.32911880137706,69.25592345961297,259.1524577321562,1.0182420072264187,133.96955914336957,0.39922713310177715,1.0182420072264187,157.0406187423672,0.19366469429551314,0.5895922510459756,,,
2018-06-11,189.87261962890625,134.19330630563056,96.48421138577089,186.6403134626492,69.37159015615909,259.58527715308514,1.0520461199409188,134.19330630563056,0.4149187083628736,1.0520461199409188,157.25010618563834,0.20745622521078677,0.6278520473610405,,,
2018-06-12,190.72512817382807,134.2679717039901,96.53789537550819,186.74416047065793,69.41018863440246,259.7297108708353,1.0639393520592868,134.2679717039901,0.4204811896191041,1.0639393520592868,157.3199974149799,0.21233874464625035,0.6412922381062932,,,
2018-06-13,190.73507690429688,134.34267864631235,96.59160923511448,186.84806525932976,69.44880858890895,259.87422495176725,1.0624113654748222,134.34267864631235,0.41976532570450176,1.0624113654748222,157.38991970810926,0.21186335985194327,0.6399860193977487,,,
2018-06-14,195.09674072265625,134.41742715571243,96.6453529812094,186.95202786081396,69.48745003162797,260.0188194405952,1.1292611085454127,134.41742715571243,0.45142445329392755,1.1292611085454127,157.4598730788331,0.23902513642304313,0.7138090435203094,,,
2018-06-15,194.1451110839844,134.49221725531837,96.69912663042187,187.05604830727765,69.52611297451563,260.16349438205833,1.11275343421703,134.49221725531837,0.4435416044589533,1.11275343421703,157.5298575409641,0.23243373741704088,0.6960440654507227,,,
2018-06-18,196.58367919921875,134.71683732684417,96.8606271631923,187.3684570384859,69.64223092385096,260.5980023700229,1.1455315752371213,134.71683732684417,0.4592361511744514,1.1455315752371213,157.7399976140191,0.24625131338120054,0.733176587184489,,,
2018-06-19,195.7708282470703,134.7917940188109,96.91452059134902,187.4727091868973,69.68097998710701,260.74299956991564,1.1312858140130846,134.7917940188109,0.4523942623669619,1.1312858140130846,157.8101065800287,0.24054683498861307,0.7178968600838441,,,
2018-06-20,200.2415771484375,134.86679241681648,96.96844400590656,187.57701934139249,69.7197506104119,260.8880774465124,1.1980436612607936,134.86679241681648,0.4847359647256613,1.1980436612607936,157.88024670660118,0.2683130494504422,0.7916189147295376,,,
2018-06-21,199.7459259033203,134.9418325440666,97.02239742354966,187.68138753424662,69.75854280576183,261.03323604470256,1.1888452255328168,134.9418325440666,0.4802372410208027,1.1888452255328168,157.95041800758614,0.264611568762843,0.7818848783787067,,,
2018-06-22,199.98382568359372,135.01691442377904,97.07638086097177,187.78581379775176,69.79735658515932,261.17847540939886,1.190767178819596,135.01691442377904,0.48117609217392077,1.190767178819596,158.02062049683934,0.2655552487695345,0.7843692413646222,,,
2018-06-25,194.6407470703125,135.24241081006815,97.23851145899052,188.09944133537152,69.91392754776541,261.61467855203966,1.1036209974953872,135.24241081006815,0.43919903456662146,1.1036209974953872,158.23141523285798,0.2301017897354547,0.6897362953033583,,,
2018-06-26,197.2677001953125,135.31765993207148,97.29261514265285,188.20410020476774,69.9528277835144,261.76024143239874,1.1425716805344157,135.31765993207148,0.45781193891720795,1.1425716805344157,158.30174261386477,0.2461498966343969,0.7329055485791116,,,
2018-06-27,194.13519287109372,135.39295092282262,97.34674892970281,188.30881730654855,69.99174966342505,261.90588530420825,1.092365399091391,135.39295092282262,0.4338648470831812,1.092365399091391,158.372101252511,0.22581686632774733,0.6781146141088426,,,
2018-06-28,194.5218048095703,135.468283805617,97.40091283688963,188.4135926731139,70.03069319953995,262.05161021253105,1.0967098105293216,135.468283805617,0.4359213783846927,1.0967098105293216,158.4424911626893,0.22771236037834486,0.6832606250845957,,,
2018-06-29,192.62841796875,135.54365860376373,97.45510688097247,188.51842633688284,70.06965840390886,262.19741620245657,1.0653748250643404,135.54365860376373,0.42115403961363307,1.0653748250643404,158.5129123582987,0.2152222497391092,0.6492043096960683,,,
2018-07-02,195.64195251464844,135.7700347236001,97.61787000232546,188.83327743586756,70.18668414713531,262.63532111311383,1.1073704433788623,135.7700347236001,0.44098035264508306,1.1073704433788623,158.72436379679488,0.2325893003113051,0.6964644284330826,,,
2018-07-03,191.05226135253903,135.8455774165034,97.67218476176758,188.93834461299764,70.22573614514963,262.7814518808403,1.0337259812732975,135.8455774165034,0.4063929425304116,1.0337259812732975,158.79491027324124,0.2031384445747788,0.6159210629388726,,,
2018-07-05,196.7224884033203,135.99678892196968,97.78090495995795,189.14865437848704,70.30390533907507,263.0739573838033,1.1190075075594466,135.99678892196968,0.44652303898287604,1.1190075075594466,158.93609730512486,0.2377458094095093,0.7103684355086561,,,
2018-07-06,201.4608612060547,136.07245778131914,97.83531043234541,189.25389703191848,70.34302255917261,263.2203322095442,1.1894673217067293,136.07245778131914,0.48054106239354244,1.1894673217067293,159.0067378884405,0.26699575050335334,0.7881579836431514,,,
2018-07-09,202.95773315429688,136.29971706682494,97.99870854470863,189.56997646577264,70.46050485726417,263.6599455273596,1.2068478783563263,136.29971706682494,0.48905469154268966,1.2068478783563263,159.21884807528207,0.2747092169535992,0.8083725869110772,,,
2018-07-10,201.7681579589844,136.37555447594212,98.05323520340461,189.67545354357551,70.49970920961688,263.8066463979635,1.1873430292408758,136.37555447594212,0.4795038504835418,1.1873430292408758,159.28961432973017,0.26667491040139923,0.7873144975679688,,,
2018-07-11,200.77685546875,136.4514340811309,98.10779220083211,189.78098930901527,70.53893537534216,263.9534288931972,1.170727690414165,136.4514340811309,0.47141623553309575,1.170727690414165,159.3604120368788,0.25989166884361903,0.76943122437101,,,
2018-07-12,205.1187286376953,136.52735590586926,98.16237955387166,189.88658379474583,70.57818336657701,264.1002930584767,1.2338937558165277,136.52735590586926,0.5024002133251402,1.2338937558165277,159.43124121070767,0.2865654628292462,0.8392068500870435,,,
2018-07-13,205.5152740478516,136.60331997364824,98.21699727941318,189.99223703343924,70.61745319546516,264.2472389392435,1.2380620692827502,136.60331997364824,0.5044676372982513,1.2380620692827502,159.5021018652023,0.2884800365924691,0.8441593754448176,,,
2018-07-16,205.42601013183597,136.8314658703353,98.38103286008973,190.30954959429016,70.73539382958843,264.68856732925997,1.2316869099271768,136.8314658703353,0.5013067997568807,1.2316869099271768,159.71487285263044,0.28620463744402436,0.838272659388707,,,
2018-07-17,208.1620178222656,136.90759914544861,98.43577224472634,190.4154381719195,70.77475113066258,264.835840526895,1.270106021102829,136.90759914544861,0.5204562721249486,1.270106021102829,159.78585956976877,0.30275619120961017,0.8808578542026358,,,
2018-07-18,207.53749084472656,136.98377478125389,98.49054208645558,190.52138566614497,70.81413033021022,264.9831956676037,1.2593120468636343,136.98377478125389,0.5150516269254386,1.2593120468636343,159.85687783759457,0.29827063841177215,0.8693707382912437,,,
2018-07-19,206.27853393554688,137.0599928013207,98.54534240222381,190.6273921097479,70.85353144041574,265.13063279697917,1.2391821660162836,137.0599928013207,0.5050236740823701,1.2391821660162836,159.92792767013066,0.2898218400042021,0.8476259025323072,,,
2018-07-20,208.1124267578125,137.13625322923176,98.60017320898686,190.73345753552775,70.89295447347023,265.2781519606401,1.2643255079952407,137.13625322923176,0.5175595209673671,1.2643255079952407,159.99900908140623,0.3007107228515806,0.8756244988619052,,,
2018-07-23,209.07400512695312,137.36528919605396,98.76484874494459,191.05200803419837,71.01135523174071,265.721202113903,1.2732405584684972,137.36528919605396,0.5220293740185937,1.2732405584684972,160.21244292805574,0.3049798212042678,0.8865377247308011,,,
2018-07-24,212.80128479003903,137.44171949143126,98.81980168543377,191.15830971704665,71.05086607823817,265.86904987140014,1.3251173857248615,137.44171949143126,0.5483019681175194,1.3251173857248615,160.28365079470615,0.32765434113176206,0.943909430072067,,,
2018-07-25,215.60665893554688,137.51819231276318,98.87478520183845,191.26467054634352,71.09039890864209,266.01697989165694,1.3631307458019293,137.51819231276318,0.5678409911408953,1.3631307458019293,160.35489031033592,0.34455929917872674,0.9860488105401773,,,
2018-07-26,174.72561645507812,137.5947076837112,98.92979931117111,191.37109055499823,71.12995373518436,266.1649922204446,0.724167787880527,137.5947076837112,0.2698570998582279,0.724167787880527,160.42616148901152,0.0891341838098274,0.28436825954242456,,,
2018-07-27,173.3675537109375,137.67126562794988,98.98484403045363,191.4775697759381,71.1695305701036,266.3130869035595,0.6988294848341302,137.67126562794988,0.25928640896972044,0.6988294848341302,160.49746434480593,0.08018873954595329,0.25690072988690404,,,
2018-07-30,169.5709228515625,137.9011951373557,99.15016201836289,191.79736304202007,71.28839324761286,266.7578655372184,0.6266522643113152,137.9011951373557,0.22965520844589027,0.6266522643113152,160.7115631157249,0.05512583888850697,0.1787147570821449,,,
2018-07-31,171.07765197753906,137.97792361176798,99.20532934785429,191.90407944174274,71.3280582385634,266.9062900961191,0.6517810880859481,137.97792361176798,0.23989148045816844,0.6517810880859481,160.78299282084893,0.06402828418650519,0.2066974017019707,,,
2018-08-01,170.15577697753906,138.05469477804246,99.26052737254777,192.0108552186636,71.36774529918678,267.0547972387134,0.6337167729862186,138.05469477804246,0.2325243792042504,0.6337167729862186,160.85445427355023,0.05782446464411195,0.18722208251545794,,,
2018-08-02,174.83468627929688,138.13150865993248,99.31575610952187,192.11769040581953,71.40745444176235,267.20338701094994,0.7142566937704968,138.13150865993248,0.26571184210927834,0.7142566937704968,160.92594748793934,0.08642943545446546,0.27608703170691234,,,
2018-08-03,176.23240661621094,138.20836528120557,99.37101557586529,192.22458503626717,71.4471856785768,267.352059458805,0.7367072767727718,138.20836528120557,0.2751211278538732,0.7367072767727718,160.9974724781329,0.09462840567355668,0.30112699012815997,,,
2018-08-06,184.0735321044922,138.43919181919014,99.53697852213644,192.54562591819328,71.56651207741939,267.7985733162141,0.8636024039084229,138.43919181919014,0.32963454702121653,0.8636024039084229,161.2122382448032,0.14180867475441783,0.44166946624441206,,,
2018-08-07,182.20989990234372,138.51621963592945,99.5923610770303,192.6527586527339,71.60633181418997,267.9475769268058,0.8310708085578541,138.51621963592945,0.315440894801035,0.8310708085578541,161.2838904795084,0.1297464325830735,0.4062983895275701,,,
2018-08-08,183.56797790527344,138.59329031108533,99.64777444687789,192.7599509961218,71.6461737067341,268.09666344327593,0.8518936156144085,138.59329031108533,0.32450840508395684,0.8518936156144085,161.35557456069617,0.13766120820462735,0.42954984787842904,,,
2018-08-09,181.4961853027344,138.67040386850428,99.70321864882467,192.86720298152346,71.68603776737933,268.24583291175344,0.8158020997795258,138.67040386850428,0.3088314466498572,0.8158020997795258,161.427290502521,0.12432157374220432,0.39026734953535475,,,
2018-08-10,178.69081115722656,138.74756033204605,99.75869370002573,192.97451464212378,71.72592400846,268.3950853783931,0.7668970175602615,138.74756033204605,0.2878843471524086,0.7668970175602615,161.49903831914347,0.10645123969165615,0.33690609272397676,,,
2018-08-13,178.48265075683594,138.97928739820523,99.92530412084795,193.2968080072431,71.84571593776138,268.84334122921626,0.7583055569533067,138.97928739820523,0.2842392136135017,0.7583055569533067,161.7144731595,0.10369002396462923,0.32858424119697677,,,
2018-08-14,179.53341674804688,139.05661572510164,99.98090274080735,193.40435870085682,71.88569102406488,268.9929261505645,0.7744124856869578,139.05661572510164,0.2910814477389774,0.7744124856869578,161.78634861704717,0.10969447226358708,0.3466541825616666,,,
2018-08-15,177.96717834472656,139.133987077619,100.03653229593945,193.511969235871,71.9256883525787,269.14259430123354,0.7461663322929488,139.133987077619,0.2791064360532096,0.7461663322929488,161.8582560202902,0.09952487269118349,0.31599168583157455,,,
2018-08-16,173.17922973632812,139.21140147969686,100.09219280345667,193.61963964558151,71.96570793567847,269.2923457275324,0.6618130274734464,139.21140147969686,0.24400176921992456,0.6618130274734464,161.93019538342793,0.06946841709332885,0.22368210275812886,,,
2018-08-17,172.28701782226562,139.28885895528808,100.14788428058093,193.72736996330275,72.00574978574664,269.4421804757956,0.6444699327451306,139.28885895528808,0.23690450991180856,0.6444699327451306,162.0021667206651,0.06348588608283467,0.20499921614713187,,,
2018-08-20,170.99835205078125,139.52149006287024,100.31514470195951,194.05092069795273,72.12600906169004,269.8921851161062,0.6166537410307156,139.52149006287024,0.22560583300627823,0.6166537410307156,162.2182727191162,0.05412509444523517,0.1755544127610817,,,
2018-08-21,171.11732482910156,139.59912007231003,100.37096022992338,194.15889098123162,72.16614010359469,270.0423536160903,0.6170758814338684,139.59912007231003,0.2257765288238609,0.6170758814338684,162.29037209492608,0.05438987304196008,0.17639087361711336,,,
2018-08-22,172.12843322753906,139.67679327522745,100.42680681374799,194.2669213393714,72.20629347448364,270.1926056700994,0.633248033054627,139.67679327522745,0.2323337985599867,0.633248033054627,162.36250351595416,0.060148922935431726,0.19453247787772807,,,
2018-08-23,171.39488220214844,139.7545096956555,100.48268447071283,194.3750118057979,72.24646918678079,270.3429413246231,0.6186164040152622,139.7545096956555,0.22639965304444498,0.6186164040152622,162.43466699644367,0.05516196370754378,0.17882878295971458,,,
2018-08-24,173.12965393066406,139.83226935764046,100.5385932181071,194.4831624139554,72.28666725291693,270.4933606261769,0.6474563794586414,139.83226935764046,0.2381237515917083,0.6474563794586414,162.50686255064355,0.06536826330463441,0.21088901272767324,,,
2018-08-27,175.91522216796875,140.06580803360046,100.70650617590215,194.8079754235369,72.40739569877108,270.9451208785622,0.6907804231850269,140.06580803360046,0.2559469340709357,0.6907804231850269,162.72364179809165,0.0810673865463587,0.25960872358414516,,,
2018-08-28,174.72561645507812,140.14374090254373,100.76253945809803,194.9163669334345,72.44768330470959,271.09587523390906,0.6685265503103023,140.14374090254373,0.24676004315157196,0.6685265503103023,162.79596578975097,0.07327976837420014,0.23553017605090867,,,
2018-08-29,174.36875915527344,140.22171713347623,100.81860391731348,195.02481875256422,72.4879933267449,271.2467134692519,0.6606432312397619,140.22171713347623,0.24352177907857775,0.6606432312397619,162.86832192646136,0.07061187278643888,0.22724110897890604,,,
2018-08-30,176.0936279296875,140.2997367505247,100.87469957089544,195.1333309144823,72.5283257773494,271.3976356312618,0.6887946892498432,140.2997367505247,0.25512443578429567,0.6887946892498432,162.94071022250992,0.08072210860757956,0.258544838147903,,,
2018-08-31,174.20022583007812,140.37779977782904,100.93082643620043,195.24190345276335,72.56868066900229,271.54864176663534,0.6543398571181616,140.37779977782904,0.24093856796287327,0.6543398571181616,163.01313069219017,0.06862695716832778,0.2210606271711337,,,
2018-09-04,169.67001342773438,140.69048647288002,101.15564636212213,195.6767980416708,72.73032489592788,272.15350697661853,0.5677235311780717,140.69048647288002,0.2059807146977244,0.5677235311780717,163.3031345933206,0.03898809934218006,0.127382492560494,,,
2018-09-05,165.72467041015625,140.76876691403697,101.21192954673012,195.78567296604479,72.77079218025585,272.30493368017636,0.4947203251850509,140.76876691403697,0.17728295873586108,0.4947203251850509,163.37571614578442,0.014377621838705723,0.04754369983346234,,,
2018-09-06,161.1151580810547,140.8470909105727,101.26824404740366,195.89460846862332,72.8112819806539,272.4564446378255,0.40752875673586747,140.8470909105727,0.14390121258060407,0.40752875673586747,163.4483299577745,-0.0142746755339902,-0.0478843927097905,,,
2018-09-07,161.62069702148438,140.92545848672202,101.3245898815674,196.00360458311286,72.85179430965026,272.608039896446,0.4153389241373517,140.92545848672202,0.14685237683092045,0.4153389241373517,163.52097604362885,-0.011621010760341055,-0.03893042229032496,,,
2018-09-10,162.75079345703125,141.16082293539483,101.49381555938713,196.33095693538448,72.97346659361257,273.06333194731445,0.43140188299871923,141.16082293539483,0.15294591001015556,0.43140188299871923,163.73910808785354,-0.0060359106774419136,-0.02016351441510961,,,
2018-09-11,164.4954833984375,141.23936507261013,101.55028690194808,196.44019583495003,73.01406916242088,273.21526487913144,0.4620373776964945,141.23936507261013,0.16465748280496428,0.4620373776964945,163.81188341267296,0.0041730793366341334,0.013869521451442234,,,
2018-09-12,160.5897674560547,141.31795091081264,101.60678966526618,196.5494955152369,73.05469432257192,273.36728234670653,0.38751137255846246,141.31795091081264,0.13637203498234074,0.38751137255846246,163.88469108314249,-0.020105133709018674,-0.06764242929539929,,,
2018-09-13,159.95533752441406,141.3965804743177,101.66332386682399,196.65885601006357,73.09534208663554,273.5193843970755,0.3738264091239887,141.3965804743177,0.13125322400188644,0.3738264091239887,163.95753111363834,-0.024409940562293397,-0.08230598628445997,,,
2018-09-14,160.906982421875,141.47525378745408,101.7198895241138,196.7682773532674,73.13601246718862,273.6715710773005,0.39012084454404433,141.47525378745408,0.13735072469715637,0.39012084454404433,164.03040351854347,-0.019041720496135728,-0.06403002410792957,,,
2018-09-17,159.18211364746094,141.71153646814292,101.88977540544424,197.0969068117973,73.25815943365812,274.1286393681241,0.3523936525444862,141.71153646814292,0.12328267418965888,0.3523936525444862,164.24921512363676,-0.03085008030243319,-0.10436442489474428,,,
2018-09-18,158.90455627441406,141.790385023364,101.94646706077975,197.20657188725957,73.29892040607758,274.281165038917,0.3454175930018855,141.790385023364,0.12070050623129358,0.3454175930018855,164.32221717013343,-0.03296974072660008,-0.11165665101093762,,,
2018-09-19,161.64051818847656,141.8692774500638,102.00319025945484,197.31629798056818,73.33970405797584,274.43377557526895,0.39547747093726104,141.8692774500638,0.13936238411711077,0.39547747093726104,164.39525166304875,-0.01675677032459799,-0.05628129780708846,,,
2018-09-20,164.5747528076172,141.94821377265254,102.05994501902028,197.42608512567358,73.38051040197176,274.58647102439943,0.4483228621022139,141.94821377265254,0.15939995603751544,0.4483228621022139,164.46831861680366,0.0006471409917037096,0.0021546059720736997,,,
2018-09-21,161.51168823242188,142.02719401555393,102.11673135703658,197.5359333565451,73.42133945069132,274.739251433554,0.3896883960289879,142.02719401555393,0.13718847543192414,0.3896883960289879,164.54141804582594,-0.018413174320402792,-0.06189669927830625,,,
2018-09-24,163.97007751464844,142.26439851057555,102.28728001754277,197.86584490373323,73.54396295155627,275.19810289401283,0.4304208083966269,142.26439851057555,0.1525728097213257,0.4304208083966269,164.7609113288676,-0.004799887350954379,-0.016024513524852693,,,
2018-09-25,163.47442626953125,142.34355467923703,102.34419284516346,197.97593781774071,73.58488294557006,275.351223616246,0.419558065425403,142.34355467923703,0.14844979555211624,0.419558065425403,164.83414080336212,-0.008248986085066745,-0.027587188288427777,,,
2018-09-26,165.49668884277344,142.42275489053395,102.40113733918439,198.0860919876447,73.62582570754253,275.50442953512595,0.4551394745632995,142.42275489053395,0.16201016452724915,0.4551394745632995,164.90740282535785,0.0035734358028769453,0.011880114098352993,,,
2018-09-27,167.37022399902344,142.5019991689717,102.4581135172248,198.19630744752803,73.66679125014183,275.6577206980563,0.4875758811038551,142.5019991689717,0.17451141019126504,0.4875758811038551,164.98069740932064,0.014483673709866363,0.04789188110786918,,,
2018-09-28,163.02835083007812,142.5812875390693,102.51512139691373,198.30658423149262,73.70777958604313,275.81109715246697,0.4062171689776473,142.5812875390693,0.14340635888426823,0.4062171689776473,165.054024569723,-0.012272792165629265,-0.04112742773784556,,,
2018-10-01,161.0259552001953,142.81941744471635,102.68633542230926,198.63778286917704,73.83088148041666,276.2717387392764,0.3636975856993885,142.81941744471635,0.12747942878654084,0.3636975856993885,165.27420165438843,-0.02570423218910356,-0.08672741323967656,,,
2018-10-02,157.94300842285156,142.89888242691674,102.74347028507898,198.74830529086478,73.87196111641889,276.4254568344358,0.3034143743744236,142.89888242691674,0.1052781221268746,0.3034143743744236,165.34765926540211,-0.04478231427918333,-0.1525902583438832,,,
2018-10-03,161.0160369873047,142.97839162357695,102.8006369377897,198.85888920742786,73.9130636092049,276.5792604586215,0.36013868015395883,142.97839162357695,0.12615644335415332,0.36013868015395883,165.42114952531432,-0.026629681577297504,-0.08989244181227947,,,
2018-10-04,157.46717834472656,143.057945059298,102.8578353981294,198.96953465308215,73.95418897149224,276.7331496594218,0.2908963802273161,143.057945059298,0.10072305511907009,0.2908963802273161,165.494672448636,-0.048506057537295755,-0.1655989823198956,,,
2018-10-05,155.96043395996094,143.13754275869445,102.91506568379579,199.08024166206235,73.99533721600548,276.8871244844516,0.260066173978691,143.13754275869445,0.08958440220595176,0.260066173978691,165.5682280498847,-0.05802921371501901,-0.1991006773588909,,,
2018-10-08,155.88111877441406,143.37660168528996,103.08694766988206,199.41273241159504,74.1189193702538,277.3495631814674,0.2534659396838928,143.37660168528996,0.08721448926911646,0.2534659396838928,165.7890910664652,-0.05976251047832226,-0.20523469191188212,,,
2018-10-09,156.5254364013672,143.45637668580952,103.14430543403088,199.52368601660976,74.16015927105889,277.5038809800958,0.26428316851106415,143.45637668580952,0.09110128122210148,0.26428316851106415,165.86277752472662,-0.05629557916915651,-0.19297674738859966,,,
2018-10-10,150.06222534179688,143.53619607328392,103.20169511214361,199.63470135641134,74.2014221178195,277.65828464142703,0.1347758058907898,143.53619607328392,0.04546608762838478,0.1347758058907898,165.93649673359965,-0.09566473744041915,-0.334898831351404,,,
2018-10-11,152.0150604248047,143.61605987240964,103.25911672197685,199.74577846534845,74.24270792330256,277.8127742132342,0.17228181775846535,143.61605987240964,0.05848232126585873,0.17228181775846535,166.01024870764059,-0.0843031583398367,-0.29331689388433885,,,
2018-10-12,152.4016876220703,143.6959681078979,103.31657028129787,199.85691737779024,74.28401670028259,277.96734974331906,0.17829533782803042,143.6959681078979,0.06058429911989949,0.17829533782803042,166.08403346141208,-0.0823820661997634,-0.28633696902564787,,,
2018-10-15,152.18357849121094,143.93595967984942,103.48912283400298,200.19070528011238,74.40808098805293,278.43159256164233,0.16889584017850942,143.93595967984942,0.05730061361807248,0.16889584017850942,166.305584546836,-0.084916006243001,-0.29554664194557706,,,
2018-10-16,157.3977813720703,144.01604590816905,103.54670436914067,200.3020917506385,74.44948177890525,278.5865124033753,0.2693270342201163,144.01604590816905,0.09291836461357961,0.2693270342201163,166.37950056528766,-0.05398332825078356,-0.1848263853856448,,,
2018-10-17,158.0322265625,144.09617669661097,103.60431794274866,200.41354019679832,74.4909056052325,278.7415184427885,0.2798346720231582,144.09617669661097,0.096713529708917,0.2798346720231582,166.45344943638102,-0.05059205983652282,-0.17290860043401354,,,
2018-10-18,153.57142639160156,144.17635206996854,103.66196357265322,200.52505065307517,74.53235247985165,278.89661072784236,0.19135551487401342,144.17635206996854,0.06516376775210397,0.19135551487401342,166.52743117471775,-0.07780102468237182,-0.26975141622990706,,,
2018-10-19,152.70899963378906,144.25657205304887,103.71964127669054,200.6366231539716,74.57382241558679,279.0517893065242,0.1725987995285016,144.25657205304887,0.05859301562795971,0.1725987995285016,166.60144579490583,-0.0833873085244351,-0.2899875022108736,,,
2018-10-22,153.43263244628906,144.49749990890473,103.89286701210968,200.97171326969175,74.69837071783647,279.51784328461014,0.18187035914218666,144.49749990890473,0.06183589711252635,0.18187035914218666,166.8236870927584,-0.08027070303885298,-0.2786825660304789,,,
2018-10-23,153.04600524902344,144.57789857922353,103.95067319123835,201.08353429447598,74.73993302641952,279.6733675182102,0.17253644346472072,144.57789857922353,0.058571239124489693,0.17253644346472072,166.897833386564,-0.08299585354986216,-0.28856545941525147,,,
2018-10-24,144.76870727539062,144.6583419835079,104.00851153382968,201.19541753668068,74.78151846034626,279.8289782857752,0.002311737494778232,144.6583419835079,0.0007629376250923858,0.002311737494778232,166.9720126353591,-0.13297620966249624,-0.4752252553697633,,,
2018-10-25,149.63597106933594,144.73883014664796,104.06638205777942,201.3073630309237,74.82312703248365,279.98467563545273,0.10086189775646956,144.73883014664796,0.03383432709609613,0.10086189775646956,167.0462248537912,-0.10422416788941946,-0.36657176300831645,,,
2018-10-26,144.10452270507812,144.81936309354757,104.12428478099338,201.41937081184224,74.86475875570585,280.1404596154172,-0.014999321633544878,144.81936309354757,-0.004936082946364606,-0.014999321633544878,167.12047005651374,-0.1377206953980712,-0.49350030428367003,,,
2018-10-29,140.8531036376953,145.0612308860507,104.2981863254276,201.7557682213113,74.98979296073011,280.6083318191793,-0.08923380117367676,145.0612308860507,-0.029009317118375955,-0.08923380117367676,167.3434037170584,-0.15829903952564794,-0.5739466667366172,,,
2018-10-30,144.94715881347656,145.14194321730488,104.35621802495535,201.86802549568884,75.03151741717625,280.7644628025725,-0.0040706890481825965,145.14194321730488,-0.0013420269806964091,-0.0040706890481825965,167.41778100360963,-0.13421885092150754,-0.4800020393124796,,,
2018-10-31,150.46864318847656,145.22270045704616,104.4142820134257,201.9803452302169,75.07326508918543,280.92068065752727,0.10756614451940778,145.22270045704616,0.03612343466221413,0.10756614451940778,167.49219134781723,-0.10163786157641974,-0.35696971539856187,,,
2018-11-01,150.4290008544922,145.30350263026168,104.47237830880427,202.09272745964842,75.11503598967482,281.07698543237916,0.10508134302074036,145.30350263026168,0.03527442994456109,0.10508134302074036,167.5666347643742,-0.10227354588805992,-0.35932722347275503,,,
2018-11-02,149.04119873046875,145.38434976195256,104.53050692906668,202.20517221875565,75.15683013156881,281.23337717549043,0.075300690951379,145.38434976195256,0.025152975368420316,0.075300690951379,167.64111126797974,-0.11095078287675164,-0.39167573294685515,,,
2018-11-05,147.3857421875,145.62716115809656,104.70508691906315,202.54288202214482,75.28235213502987,281.7030746984087,0.036385299116800524,145.62716115809656,0.012075913692324747,0.036385299116800524,167.86473944817863,-0.12199701574016786,-0.4333156546157941,,,
2018-11-06,148.63473510742188,145.70818837397775,104.76334501881722,202.6555772480649,75.32423937192976,281.8598147987201,0.06027833847389477,145.70818837397775,0.020084984695113883,0.06027833847389477,167.93934844710216,-0.11494991208543892,-0.4066908138900187,,,
2018-11-07,150.21090698242188,145.78926067354843,104.82163553348337,202.7683351778125,75.36614991496404,282.01664210950685,0.09056688823191947,145.78926067354843,0.03032902621527378,0.09056688823191947,168.01399060666884,-0.10596191162392599,-0.3730389797796386,,,
2018-11-08,146.58279418945312,145.87037808189325,104.87995848109732,202.8811558462762,75.40808377710029,282.173556679293,0.014768056642062023,145.87037808189325,0.0048838984098602545,0.014768056642062023,168.0886659416172,-0.1279436161366988,-0.4559494339290273,,,
2018-11-09,143.69810485839844,145.95154062411078,104.93831387970482,202.99403928836387,75.45004097131326,282.33055855662957,-0.04716567354785312,145.95154062411078,-0.015439616163531511,-0.04716567354785312,168.16337446669235,-0.14548512531865065,-0.5236257676241527,,,
2018-11-12,140.31777954101562,146.1952993051953,105.11357496209676,203.3330666057417,75.57605267626886,282.80208851985805,-0.12438146701366137,146.1952993051953,-0.04020320620507678,-0.12438146701366137,168.3876993302276,-0.1666981608565341,-0.6073478144118624,,,
2018-11-13,140.9224853515625,146.2766426341691,105.17206034533676,203.44620149179318,75.6181033286811,282.9594401134474,-0.11303252388621166,146.2766426341691,-0.0366029544169747,-0.11303252388621166,168.46254076339198,-0.16347880832754313,-0.5945056549258442,,,
2018-11-14,142.96453857421875,146.3580312227185,105.23057826994997,203.55939932630028,75.66017737815253,283.1168792577485,-0.07110982539203325,146.3580312227185,-0.023186241439226096,-0.07110982539203325,168.537415460507,-0.1517341227549599,-0.5480709339027034,,,
2018-11-15,142.59776306152344,146.43946509602554,105.28912875404211,203.67266014428688,75.70227483770105,283.2744060014738,-0.0805824684434653,146.43946509602554,-0.026234062190700902,-0.0805824684434653,168.6123234363571,-0.15428623391606888,-0.5581062523916555,,,
2018-11-16,138.31536865234375,146.52094427928725,105.34771181572968,203.78598398079785,75.74439572035236,283.4320203933647,-0.17469439773592274,146.52094427928725,-0.05600274873537969,-0.17469439773592274,168.68726470573333,-0.18004854193570485,-0.6611380116974002,,,
2018-11-19,130.4048309326172,146.76565394097383,105.52365664767632,204.12633395220774,75.87089903728464,283.9053899458391,-0.3582683386423449,146.76565394097383,-0.11147582945350853,-0.3582683386423449,168.91228842302766,-0.22797309686534795,-0.861719847870378,,,
2018-11-20,131.2771759033203,146.84731461629875,105.58237020110803,204.23991021364589,75.91311374274554,284.0633554183377,-0.33974467911256195,146.84731461629875,-0.10602944121696789,-0.33974467911256195,168.98736301455028,-0.2231538881873849,-0.8409945513812062,,,
2018-11-21,133.6464080810547,146.9290207277711,105.64111642286709,204.3535496691213,75.95535193654491,284.22140878311103,-0.2872127544192161,146.9290207277711,-0.09040155975262598,-0.2872127544192161,169.0624709736529,-0.20948506601513905,-0.7829030652769767,,,
2018-11-23,130.58328247070312,147.09256936029533,105.75870694408415,204.58101830284872,76.03989884144217,284.5377793851224,-0.36086753830606483,147.09256936029533,-0.1122373955488778,-0.36086753830606483,169.21278705392672,-0.22828951201490866,-0.8630851327588693,,,
2018-11-26,135.19281005859375,147.3382337126638,105.93533819311145,204.92269608838762,76.16689568828689,285.01299570366933,-0.2607710198626225,147.3382337126638,-0.08243226043930874,-0.2607710198626225,169.4385118021644,-0.20211285722077033,-0.7519873192561478,,,
2018-11-27,133.82481384277344,147.4202129724094,105.99428080689971,205.03671544715877,76.2092750868198,285.1715774500151,-0.29328566124892486,147.4202129724094,-0.09222208308829682,-0.29328566124892486,169.51382027841862,-0.21053744395016072,-0.7873397680000409,,,
2018-11-28,135.5695037841797,147.50223784556337,106.05325621646489,205.1507982465074,76.25167806532671,285.33024743153135,-0.25570898400916,147.50223784556337,-0.08089866456044825,-0.25570898400916,169.589162226205,-0.2006004275004819,-0.745680187769368,,,
2018-11-29,137.4727783203125,147.58430835750514,106.11226444005463,205.26494452173193,76.29410463692757,285.4890056973124,-0.21513564938716784,147.58430835750514,-0.0685135848771854,-0.21513564938716784,169.66453766040007,-0.18973770113659505,-0.7007280647577788,,,
2018-11-30,139.38595581054688,147.6664245336282,106.1713054959267,205.37915430815048,76.3365548147496,285.64785229647964,-0.1749280161529928,147.6664245336282,-0.05607550090843849,-0.1749280161529928,169.73994659588755,-0.17882644241432843,-0.6561777519336264,,,
2018-12-03,139.8617706298828,147.9130473012322,106.34862583996721,205.7221650880459,76.46404711692477,286.1249225859242,-0.16965646475785545,147.9130473012322,-0.05443249813488449,-0.16965646475785545,169.9663745590358,-0.17712093940496754,-0.6492677787081838,,,
2018-12-04,136.7292938232422,147.9953463882982,106.40779840774974,205.83662927281458,76.50659185105008,286.2841230103985,-0.24000407821954697,147.9953463882982,-0.07612437039403297,-0.24000407821954697,170.0419176486577,-0.195908304764278,-0.7261887697305787,,,
2018-12-06,138.4145050048828,148.1600819619913,106.52624233280486,206.06574874202641,76.59175234837286,286.60278964684534,-0.20624454900885972,148.1600819619913,-0.06577734588192652,-0.20624454900885972,170.19310457024937,-0.18672084069216532,-0.6883505979773928,,,
2018-12-07,136.2237548828125,148.24251849958938,106.58551372672527,206.18040409736165,76.63436813791994,286.76225595741676,-0.2562906273000667,148.24251849958938,-0.08107500964246084,-0.2562906273000667,170.2687484320718,-0.1999485746078732,-0.7429655110799487,,,
2018-12-10,140.61514282226562,148.4901034215134,106.76352585415911,206.52475307205103,76.76235782835532,287.24118745069256,-0.16517524473129283,148.4901034215134,-0.05303357205492276,-0.16517524473129283,170.49588180090137,-0.17525783416592633,-0.6417356171678776,,,
2018-12-11,140.84317016601562,148.5727235836485,106.82292927306,206.63966381822573,76.80506854310005,287.40100896695674,-0.16194979883135463,148.5727235836485,-0.05202538683543101,-0.16194979883135463,170.57166023479726,-0.17428739350874256,-0.6378190566878801,,,
2018-12-12,143.24212646484375,148.65538971579127,106.88236574413062,206.75463850094746,76.84780302216372,287.5609194082017,-0.11244072567822307,148.65538971579127,-0.036414846856860916,-0.11244072567822307,170.6474723491024,-0.16059626027272245,-0.5830488938939276,,,
2018-12-13,143.74766540527344,148.73810184351947,106.94183528576127,206.86967715579064,76.89056127876883,287.72091882390544,-0.10344774697013658,148.73810184351947,-0.033551836257102785,-0.10344774697013658,170.72331815878613,-0.15800801580264046,-0.5727953231758678,,,
2018-12-14,142.80593872070312,148.82085999242517,107.00133791635244,206.98477981834944,76.93334332614526,287.8810072635734,-0.1250573463441738,148.82085999242517,-0.04041719199867677,-0.1250573463441738,170.79919767882473,-0.16389572866004243,-0.5961659826214627,,,
2018-12-17,138.96963500976562,149.069410822341,107.18004452604795,207.33047220855883,77.06183234531159,288.36180722183207,-0.2126588920693255,149.069410822341,-0.0677521683144785,-0.2126588920693255,171.02703865093144,-0.1874405584873362,-0.6912992550730275,,,
2018-12-18,142.40943908691406,149.15235331216167,107.2396796966912,207.44583125831832,77.10470968821917,288.52225225296365,-0.14022955835264414,149.15235331216167,-0.045208232223700295,-0.14022955835264414,171.10305316228474,-0.16769784960035672,-0.6113457199981026,,,
2018-12-19,132.08013916015625,149.23534195133396,107.29934804845145,207.5612544940621,77.14761088815806,288.68278655600136,-0.3701574915051177,149.23534195133396,-0.11495402206249561,-0.3701574915051177,171.17910145897386,-0.22840967130668333,-0.8636037491116383,,,
2018-12-20,132.2387237548828,149.3183767655349,107.35904959979037,207.67674195150266,77.19053595840204,288.8434101806151,-0.36820629911453245,149.3183767655349,-0.11438413262066982,-0.36820629911453245,171.25518355601503,-0.22782644583934897,-0.8610872599972144,,,
2018-12-21,123.86229705810548,149.40145778045695,107.41878436918061,207.7922936663738,77.2334849122329,289.0041231765046,-0.5682493911343549,149.40145778045695,-0.17094318289638688,-0.5682493911343549,171.33129946843107,-0.2770597232239639,-1.080509664152881,,,
2018-12-24,122.98003387451172,149.65097828668064,107.5981881705352,208.1393347131968,77.36247520817122,289.48679888922555,-0.5949760166007791,149.65097828668064,-0.17822098269933406,-0.5949760166007791,171.55985024825733,-0.2831654160542092,-1.1087573191744182,,,
2018-12-26,133.0119171142578,149.81755676609515,107.71795713414912,208.37101735423144,77.448588400557,289.80903046647035,-0.36065120118754296,149.81755676609515,-0.11217403363529277,-0.36065120118754296,171.71238678740266,-0.22537960363372012,-0.8505503494717178,,,
2018-12-27,133.3489990234375,149.9009155256723,107.7778916003406,208.4869553651923,77.49168093523336,289.9702807352333,-0.3546652696272153,149.9009155256723,-0.11041904877092024,-0.3546652696272153,171.78870590792252,-0.22376154870791343,-0.8436007371697717,,,
2018-12-28,132.04046630859375,149.98432066621407,107.83785941417747,208.60295788427217,77.53479744667398,290.1316207239375,-0.38624299248401883,149.98432066621407,-0.11963820136608727,-0.38624299248401883,171.86505894916434,-0.23172012324128222,-0.8779237574715247,,,
2018-12-31,129.94883728027344,150.23481463176333,108.01796312715902,208.95135284925007,77.66429097502551,290.61617950903945,-0.43970240823287726,150.23481463176333,-0.13502847127153794,-0.43970240823287726,172.0943217480202,-0.24489758894808866,-0.9355437578870056,,,
2019-01-02,134.4989013671875,150.40204298712055,108.13819934781846,209.1839393583911,77.75074012252553,290.93966821476073,-0.3387550760834651,150.40204298712055,-0.10573753723076018,-0.3387550760834651,172.24733349411343,-0.21915249055635444,-0.8238837615757868,,,
2019-01-03,130.5931854248047,150.4857269558883,108.19836763753776,209.30032968062548,77.79400077496653,291.10154757241196,-0.42976769417001104,150.4857269558883,-0.1321888921526405,-0.42976769417001104,172.32389037652672,-0.242164361891672,-0.9235101883942971,,,
2019-01-04,136.74911499023438,150.56945748656767,108.25856940500229,209.4167847626457,77.83728549771281,291.26351700003056,-0.29183372845554095,150.56945748656767,-0.091787157415814,-0.29183372845554095,172.40048128533724,-0.2067938907670267,-0.7715841934446298,,,
2019-01-07,136.84825134277344,150.82092870921866,108.4393757601899,209.76653892784617,77.96728422174813,291.7499662039812,-0.2946953461012495,150.82092870921866,-0.09264415413715177,-0.2946953461012495,172.6304583214215,-0.20727632496940362,-0.7736104460187075,,,
2019-01-08,141.2892303466797,150.90484574675986,108.49971162500982,209.88325340953483,78.01066535971763,291.9122964128993,-0.19957568196147676,150.90484574675986,-0.06371972584774754,-0.19957568196147676,172.70718548712293,-0.18191458017122142,-0.6687261717561207,,,
2019-01-09,142.9744415283203,150.98880947589257,108.56008106081407,210.00003283137224,78.05407063503077,292.07471694263927,-0.1653213594819312,150.98880947589257,-0.05307921809166827,-0.1653213594819312,172.7839467549057,-0.1725247384750982,-0.6307169905487932,,,
2019-01-10,142.94471740722656,151.07281992259604,108.62048408628159,210.11687722949117,78.0975000611176,292.2372278434558,-0.1676377046996366,151.07281992259604,-0.05380254713941268,-0.1676377046996366,172.8607421399271,-0.1730643080803399,-0.6328894092246885,,,
2019-01-11,142.54818725585938,151.15687711286398,108.68092072010174,210.23378664004454,78.14095365141567,292.39982916563144,-0.17774407775143444,151.15687711286398,-0.056952022438097716,-0.17774407775143444,172.9375716573507,-0.17572459304391785,-0.6436210312517489,,,
2019-01-14,144.1243438720703,151.40932940520932,108.86243245872747,210.58490530814254,78.27145954206476,292.8881761635595,-0.14947026553803347,151.40932940520932,-0.04811450893915892,-0.14947026553803347,173.16826515577264,-0.16772080760626673,-0.6114375889100033,,,
2019-01-15,147.65338134765625,151.4935738299621,108.92300371305969,210.70207513036547,78.31500992373269,293.05113967455793,-0.0778282671257326,151.4935738299621,-0.02534888038628036,-0.0778282671257326,173.24523135457707,-0.14772037190762588,-0.5323491294316317,,,
2019-01-16,146.25563049316406,151.5778651284652,108.98360866934738,210.81931014608944,78.35858453691175,293.2141938587486,-0.10834573225617616,151.5778651284652,-0.035112215301293714,-0.10834573225617616,173.3222317617031,-0.1561634707413202,-0.5655072037694123,,,
2019-01-17,147.00904846191406,151.66220332679924,109.04424734634236,210.9366103915882,78.4021833950844,293.37733876658234,-0.09445703796271641,151.66220332679924,-0.03068104486691814,-0.09445703796271641,173.3992663923554,-0.1521933655170573,-0.5498745219445489,,,
2019-01-18,148.73388671875,151.74658845105938,109.10491976280692,211.05397590315573,78.4458065117406,293.5405744485379,-0.06078543511702031,151.74658845105938,-0.01985350552563514,-0.06078543511702031,173.47633526174474,-0.14262722639178893,-0.5125055972227025,,,
2019-01-22,146.28538513183594,152.08459872977227,109.34794719897144,211.5240913366997,78.62054183326279,294.1944259281373,-0.11784570742618601,152.08459872977227,-0.0381314981685984,-0.11784570742618601,173.78495343112837,-0.1582390636033436,-0.573709358355771,,,
2019-01-23,143.04383850097656,152.1692188755988,109.40878859458343,211.64178372372794,78.66428644494903,294.3581162388678,-0.18745580355767935,152.1692188755988,-0.059968635194759146,-0.18745580355767935,173.86219372260405,-0.1772573701146205,-0.6498200107069037,,,
2019-01-24,144.5605010986328,152.2538861042273,109.4696638424578,211.75954159501282,78.7080553962162,294.5218976271827,-0.15717189958128802,152.2538861042273,-0.0505299746525214,-0.15717189958128802,173.93946834422462,-0.16890339797665188,-0.6161732810955826,,,
2019-01-25,147.7128448486328,152.33860044185516,109.5305729614304,211.87736498699064,78.75184870060717,294.6857701437588,-0.0934687567514584,152.33860044185516,-0.030364960553697085,-0.0934687567514584,174.0167773112484,-0.15115745084491528,-0.5458075477425884,,,
2019-01-28,146.18624877929688,152.5930263709215,109.7135037334478,212.2312286517387,78.88337486806064,295.1779349702308,-0.13001721313752532,152.5930263709215,-0.041986044473953266,-0.13001721313752532,174.24891043742403,-0.1610492805245114,-0.5848468263516649,,,
2019-01-29,142.93479919433594,152.67792940680724,109.7745485253768,212.34931449124807,78.92726572052287,295.3421725071713,-0.19988389597631176,152.67792940680724,-0.06381492236845132,-0.19988389597631176,174.32635693877975,-0.18007350291538504,-0.6612394003918723,,,
2019-01-30,149.11056518554688,152.76287968289543,109.83562728273826,212.4674660339318,78.97118099393464,295.5065014261739,-0.07335159221323281,152.76287968289543,-0.023908389950032416,-0.07335159221323281,174.4038378619322,-0.14502704175815728,-0.5218408501781727,,,
2019-01-31,165.2389678955078,152.84787722547102,109.89674002443088,212.58568331634777,79.01512070188406,295.67092177808445,0.23628097135995949,152.84787722547102,0.08106812403915997,0.23628097135995949,174.48135322218042,-0.052970619243785766,-0.18126299858801045,,,
2019-02-01,164.2675018310547,152.93292206083308,109.95788676936353,212.70396637507352,79.05908485796645,295.8354336137763,0.21672135520651414,152.93292206083308,0.07411471393787261,0.21672135520651414,174.55890303483034,-0.05895661020350351,-0.2023812625832666,,,
2019-02-04,167.7766571044922,153.1883405868489,110.14153121284888,213.05921057519177,79.19112415107924,296.32951853269805,0.2757350204686215,153.1883405868489,0.0952312458099418,0.2757350204686215,174.79175934035072,-0.04013405587501917,-0.13642276078957266,,,
2019-02-05,169.67001342773438,153.27357485664106,110.20281416004154,213.17775710534085,79.23518623579912,296.4943968128154,0.30806442251702093,153.27357485664106,0.10697498630425462,0.30806442251702093,174.8694471158022,-0.029733231126559456,-0.10052856373325281,,,
2019-02-06,169.00588989257812,153.3588565509351,110.26413120517687,213.29636959499373,79.27927283674263,296.6593668315061,0.2944902852616075,153.3588565509351,0.10202888632288531,0.2944902852616075,174.9471694202868,-0.03396042100821628,-0.11507035173465521,,,
2019-02-07,164.93162536621094,153.4441856961181,110.32548236722702,213.41504808085043,79.32338396755067,296.8244286398135,0.2188350319671696,153.4441856961181,0.07486396188932587,0.2188350319671696,175.02492626915114,-0.05766779120031651,-0.19782305088579413,,,
2019-02-08,165.87338256835938,153.52956231859181,110.38686766517472,213.5337925996313,79.36751964187168,296.9895822888097,0.234407835139067,153.52956231859181,0.0804002829380357,0.234407835139067,175.10271767774913,-0.05270812030670469,-0.18033997382961128,,,
2019-02-11,164.34678649902344,153.78597731399532,110.57122856438863,213.89042272102975,79.50007406251106,297.48559479107587,0.20132304924431582,153.78597731399532,0.06867212062817263,0.20132304924431582,175.33629941558183,-0.06267677003100802,-0.21557358438358057,,,
2019-02-12,163.60328674316406,153.87154410994347,110.63275059596494,214.0094317391203,79.5443080475205,297.6511163141145,0.18589276782726322,153.87154410994347,0.06324588922216257,0.18589276782726322,175.41422921678566,-0.06733172403605325,-0.23215478940208212,,,
2019-02-13,162.6417694091797,153.95715851541166,110.6943068585109,214.12850697404375,79.58856664439921,297.816729933628,0.16633934489052735,153.95715851541166,0.056409269809293505,0.16633934489052735,175.49219365459348,-0.07322504766625804,-0.25326624867181996,,,
2019-02-14,162.5227813720703,154.0428205568899,110.75589737107268,214.24764846264333,79.63284986684127,297.9824357008589,0.16243481936854923,154.0428205568899,0.05504937383335351,0.16243481936854923,175.57019274439924,-0.07431450161545228,-0.25718366216314736,,,
2019-02-15,161.08538818359375,154.12853026088297,110.81752215270706,214.36685624178264,79.67715772854841,298.14823366707844,0.13382072375453488,154.12853026088297,0.04513673043488686,0.13382072375453488,175.6482265016048,-0.08290911105713894,-0.28825043116923127,,,
2019-02-19,160.8772430419922,154.4718462326151,111.06436435147717,214.84435100172902,79.8546358423287,298.81234854826477,0.1231570542438005,154.4718462326151,0.041466435247568434,0.1231570542438005,175.9607085126907,-0.08572064524058598,-0.2984764594093479,,,
2019-02-20,161.14486694335938,154.55779464727016,111.1261607646974,214.96389078724042,79.89906710615377,298.9786082794938,0.12650926053641495,154.55779464727016,0.04261882948784401,0.12650926053641495,176.03891583815502,-0.08460657022273865,-0.29442062240802425,,,
2019-02-21,158.64682006835938,154.64379088377862,111.18799156155373,215.0834970849047,79.9435230916144,299.144960517938,0.07746581772003455,154.64379088377862,0.02588548277110725,0.07746581772003455,176.1171579235712,-0.0991972506324077,-0.3479339013317425,,,
2019-02-22,160.48072814941406,154.72983496874863,111.24985676117727,215.20316993172938,79.98800381246575,299.31140531506855,0.11061851627729562,154.72983496874863,0.03716731929447836,0.11061851627729562,176.19543478438862,-0.08918906811748406,-0.31113511671967464,,,
2019-02-25,163.18695068359375,154.98825458073168,111.43565896812204,215.56258813754928,80.12159452503059,299.81129557372,0.15624988332558665,154.98825458073168,0.052898822075523544,0.15624988332558665,176.43047417384497,-0.07506369606648433,-0.25988026094079014,,,
2019-02-26,162.7012481689453,155.07449032592558,111.49766197033848,215.68252755150203,80.16617432514953,299.9781111208806,0.14552839036440018,155.07449032592558,0.04918125364778114,0.14552839036440018,176.50889029089828,-0.07822632672607632,-0.27128773888286606,,,
2019-02-27,161.3927001953125,155.1607740528444,111.5596994711377,215.80253369996203,80.21077892955002,300.1450194845139,0.11936484157661612,155.1607740528444,0.04016431459890524,0.11936484157661612,176.58734126070289,-0.08604603793744159,-0.2996619977909134,,,
2019-02-28,160.0445556640625,155.24710578818465,111.62177148971439,215.9226066200597,80.25540835203294,300.31202071626217,0.09225216719205112,155.24710578818465,0.030902024559629204,0.09225216719205112,176.66582709874928,-0.09408311560671057,-0.3290790975156696,,,
2019-03-01,160.8673553466797,155.33348555865888,111.68387804527468,216.0427463489477,80.30006260640741,300.47911486779833,0.10610976627562674,155.33348555865888,0.03562573625460197,0.10610976627562674,176.74434782053495,-0.0898302699330259,-0.3134805811944848,,,
2019-03-04,165.9130096435547,155.59291334822598,111.87040512607352,216.40356676017927,80.43417449908242,300.98095535828156,0.19466554719772655,155.59291334822598,0.06632754714369105,0.19466554719772655,176.98011944340595,-0.06253306775165934,-0.21506302010823247,,,
2019-03-05,169.76913452148438,155.67948552665212,111.93265002183882,216.5239740961592,80.47892821926445,301.1484217062625,0.2626239852573611,155.67948552665212,0.09050421092520966,0.2626239852573611,177.05877985526163,-0.04117076453218671,-0.14002183013726013,,,
2019-03-06,171.00828552246094,155.76610587399466,111.99492955077652,216.6444484269983,80.52370684049721,301.3159812328219,0.28298239625418997,155.76610587399466,0.09785299287635962,0.28298239625418997,177.1374752284475,-0.034601315718664094,-0.11728062160775576,,,
2019-03-07,167.65771484375,155.85277441705526,112.05724373215686,216.76498978997316,80.56851037663588,301.48363398980524,0.2213162994850238,155.85277441705526,0.07574417889478968,0.2213162994850238,177.21620557850244,-0.05393688857940404,-0.18466289616464127,,,
2019-03-08,168.1236114501953,155.93949118265002,112.11959258526045,216.88559822238042,80.61333884154311,301.6513800290858,0.22804179692171347,155.93949118265002,0.07813364129343081,0.22804179692171347,177.29497092097208,-0.051729383090425185,-0.1769006943749291,,,
2019-03-11,170.57211303710938,156.19993108302472,112.30684736787836,217.24782630947598,80.74797394761879,302.15517835987964,0.26681066347185156,156.19993108302472,0.0920114487531074,0.26681066347185156,177.53147705843213,-0.03920073294400728,-0.1331859319708207,,,
2019-03-12,170.4234161376953,156.28684100721634,112.36933510089635,217.36870339299605,80.79290226638152,302.32329804766243,0.26248094948282963,156.28684100721634,0.09045275366354244,0.26248094948282963,177.61038252615742,-0.04046478750983862,-0.137570516392667,,,
2019-03-13,171.8607940673828,156.373799288247,112.43185760220202,217.48964773274406,80.83785558334208,302.49151127754357,0.2862532895174764,156.373799288247,0.09903829701412015,0.2862532895174764,177.68932306413024,-0.03280179639518255,-0.11107829265712295,,,
2019-03-14,168.68865966796875,156.46080595302251,112.4944148911405,217.61065936614145,80.88283391240951,302.65981810157007,0.22809572709256473,156.46080595302251,0.07815282326116657,0.22809572709256473,177.7682986879378,-0.05107569283715674,-0.17460560551726131,,,
2019-03-15,164.53514099121094,156.5478610284637,112.55700698706771,217.73173833063055,80.92783726750059,302.8282185718179,0.15083992098315616,156.5478610284637,0.05102132926169456,0.15083992098315616,177.8473094131742,-0.07485167172833906,-0.25911689363744844,,,
2019-03-18,159.07308959960938,156.80931698821394,112.74499231050223,218.09537958538377,81.06299762819974,303.33398238108356,0.04344701010843469,156.80931698821394,0.01443646751911798,0.04344701010843469,178.08455235350397,-0.10675526036731242,-0.37599570057490955,,,
2019-03-19,160.1635284423828,156.8965659758255,112.80772382815881,218.21672824907964,81.10810122670817,303.50275795755596,0.062468780463696146,156.8965659758255,0.020822396247096142,0.062468780463696146,178.1637036405373,-0.1010316626245692,-0.35472311055386746,,,
2019-03-20,163.99981689453125,156.98386350893156,112.87049024974529,218.3381444313915,81.15322992094039,303.6716274410644,0.13253116513142335,156.98386350893156,0.04469219465477425,0.13253116513142335,178.2428901070746,-0.07990822637574613,-0.2773702334821318,,,
2019-03-21,164.63427734375,157.07120961454294,112.93329159468227,218.4596281698868,81.19838372485972,303.8405908838589,0.14254915488136077,157.07120961454294,0.04815056653454852,0.14254915488136077,178.322111768752,-0.0767590417656806,-0.2659904436887055,,,
2019-03-22,162.90940856933594,157.1586043196855,112.99612788240117,218.58117950215393,81.24356265243722,304.0096483382186,0.10893768675018976,157.1586043196855,0.036592360148174796,0.10893768675018976,178.40136864121212,-0.08683767501264228,-0.30254801818442734,,,
2019-03-25,164.8424072265625,157.421080302784,113.18484659672575,218.946239437784,81.37925031694616,304.5173852939165,0.1396343756099084,157.421080302784,0.04714315839723815,0.1396343756099084,178.63935067982123,-0.07723350650768579,-0.26770246803610365,,,
2019-03-26,166.22030639648438,157.50866967661034,113.2478228501028,219.0680615214408,81.42452987902266,304.68681931791014,0.1631804574025561,157.50866967661034,0.055308934662202214,0.1631804574025561,178.71874855197942,-0.0699335814331753,-0.2414588429377393,,,
2019-03-27,164.42608642578125,157.59630778532272,113.31083414358116,219.1899513871253,81.46983463472938,304.8563476153012,0.12859698344233228,157.59630778532272,0.043337174178991855,0.12859698344233228,178.7981817132385,-0.08038166355912735,-0.2790843976418177,,,
2019-03-28,164.10887145996094,157.6839946560373,113.37388049665716,219.31190907255152,81.51516459808414,305.0259702385436,0.12105736255622951,157.6839946560373,0.04074526915644472,0.12105736255622951,178.87765017928342,-0.08256357742020981,-0.28699583029265013,,,
2019-03-29,165.2389678955078,157.77173031588535,113.43696192883807,219.43393461545452,81.56051978311251,305.1956872401204,0.14017337919320563,157.77173031588535,0.047329376211262986,0.14017337919320563,178.95715396580547,-0.07665625970403445,-0.26561968825517535,,,
2019-04-01,167.2314453125,158.03523030176953,113.62641689524521,219.80041876668943,81.69673680861212,305.7054050401259,0.17144720158302193,158.03523030176953,0.05819091726047554,0.17144720158302193,179.1958774052545,-0.06676734010848207,-0.23014001928852268,,,
2019-04-02,172.68357849121094,158.12316138976618,113.68963883913509,219.92271611726986,81.74219302074684,305.8755000804553,0.26700860231076157,158.12316138976618,0.0920827598782572,0.26700860231076157,179.27552263074008,-0.036769906135523,-0.12477039203816963,,,
2019-04-03,172.02931213378906,158.21114140277925,113.75289595982889,220.0450815143174,81.78767452480022,306.04568976197277,0.2538160190006764,158.21114140277925,0.08734006093686575,0.2538160190006764,179.35520325526517,-0.04084571280070204,-0.138892952037175,,,
2019-04-04,174.4877166748047,158.29917036803056,113.81618827689897,220.16751499569295,81.83318133484465,306.2159741373366,0.29514108043876763,158.29917036803056,0.1022655157897372,0.29514108043876763,179.4349192945632,-0.027571013709082548,-0.09311487784537181,,,
2019-04-05,174.19033813476562,158.38724831275766,113.87951580992895,220.29001659927943,81.87871346496065,306.3863532592354,0.28828451006991446,158.38724831275766,0.09977501339503392,0.28828451006991446,179.51467076437456,-0.029659596103972397,-0.10027581660827553,,,
2019-04-08,173.40721130371094,158.65177629638984,114.06970990077347,220.65793052243973,82.01546191665744,306.8980596314558,0.2695677716539285,158.65177629638984,0.09300516736576148,0.2695677716539285,179.7541379143976,-0.035308931879549754,-0.11972270049719551,,,
2019-04-09,176.03411865234375,158.74005043169328,114.13317849369355,220.78070499411234,82.06109546801888,307.0688182669573,0.31345636779053954,158.74005043169328,0.10894584053374867,0.31345636779053954,179.83403126380642,-0.02113010860490816,-0.07112797208415601,,,
2019-04-10,176.27206420898438,158.82837368288497,114.19668240065334,220.90354777772268,82.10675440997069,307.239671912872,0.3158647849705483,158.82837368288497,0.10982729421461745,0.3158647849705483,179.91396012253568,-0.02024243094349598,-0.06810911249902048,,,
2019-04-11,175.9647674560547,158.91674607729368,114.26022164130202,221.02645891128043,82.15243875664054,307.4106206220648,0.3088897496400004,158.91674607729368,0.10727643121052344,0.3088897496400004,179.9939245063678,-0.02238496138890822,-0.07540021327401566,,,
2019-04-12,177.54090881347656,159.0051676422622,114.32379623529894,221.1494384328148,82.19814852216335,307.5816644474281,0.33423369522822116,159.0051676422622,0.11657319976490954,0.33423369522822116,180.07392443109222,-0.01406653198467367,-0.047181206039449065,,,
2019-04-15,178.0861053466797,159.2707276341908,114.51473233414194,221.51878770589855,82.33543047332108,308.0953671499202,0.33846942467784985,159.2707276341908,0.11813456240184705,0.33846942467784985,180.31413760861898,-0.012356392524114468,-0.04140933024523561,,,
2019-04-16,177.31289672851562,159.359346155138,114.57844853834881,221.642041160065,82.38124205576614,308.26679196949044,0.32359388938323036,159.359346155138,0.11266079465398682,0.32359388938323036,180.39427985494757,-0.017081379348112602,-0.05738101435171008,,,
2019-04-17,177.22369384765625,159.44801398359056,114.64220019436696,221.76536319267626,82.42707912785852,308.43831217014036,0.3203824643997814,159.44801398359056,0.11148260439226965,0.3203824643997814,180.47445772122103,-0.018012321048700652,-0.060536891609997645,,,
2019-04-18,176.72804260253906,159.53673114698324,114.70598732192182,221.88875384188955,82.47294170378073,308.6099278049402,0.3102069557780333,159.53673114698324,0.10775770151462649,0.3102069557780333,180.55467122327087,-0.021193739241450404,-0.0713444755481811,,,
2019-04-22,179.86053466796875,159.89209369918552,114.96149094240184,222.38300336864958,82.65664732969383,309.29734574807634,0.356719823593634,159.89209369918552,0.12488698163119327,0.356719823593634,180.8758819061144,-0.005613502626473199,-0.01874844200441128,,,
2019-04-23,182.1801605224609,159.98105794933522,115.02545572390645,222.50673767397396,82.70263763777879,309.4694393507128,0.3938766204192655,159.98105794933522,0.13876081867239543,0.3938766204192655,180.9562738247674,0.006763438878492067,0.022449799457738926,,,
2019-04-24,180.9906311035156,160.07007169935466,115.08945609553119,222.63054082528967,82.74865353495436,309.641628706541,0.3723336462827363,160.07007169935466,0.13069625809535568,0.3723336462827363,181.03670147433442,-0.0002544808342376248,-0.0008476562755849019,,,
2019-04-25,191.57765197753903,160.1591349767856,115.15349207707847,222.75441286090268,82.79469503545835,309.81391386883826,0.5429652612966567,160.1591349767856,0.196170621209383,0.5429652612966567,181.11716487069626,0.05775536026257244,0.18700450420512973,,,
2019-04-26,189.8230438232422,160.2482478091852,115.21756368836171,222.8783538191404,82.8407621535365,309.98629489091144,0.513389271807295,160.2482478091852,0.18455612724872372,0.513389271807295,181.19766402974116,0.04760204740876395,0.1548808653833429,,,
2019-04-29,193.08444213867188,160.51588391199738,115.40999249892685,223.25059061319496,82.97911735579223,310.50401364930053,0.5599685222894084,160.51588391199738,0.2028992859331613,0.5599685222894084,181.43937624195928,0.06418158030472543,0.20717719716668784,,,
2019-04-30,191.7164306640625,160.60519524014984,115.47420682750878,223.37480764563153,83.02528708678301,310.67677864413986,0.5367297770698685,160.60519524014984,0.1937125095946779,0.5367297770698685,181.5200186107569,0.05617238325195584,0.18201653248910715,,,
2019-05-01,191.3496551513672,160.6945562612868,115.53845688505928,223.49909379264963,83.07148250669562,310.84963976573476,0.5292390848331723,160.6945562612868,0.19076625620245458,0.5292390848331723,181.60069682178352,0.05368348525199185,0.1741588596282123,,,
2019-05-02,190.85400390625,160.78396700305757,115.602742691458,223.62344909270476,83.11770362982342,311.0225970675704,0.5196911014659928,160.78396700305757,0.18702136452834628,0.5196911014659928,181.6814108909694,0.05048724011057604,0.16404076183516364,,,
2019-05-03,193.76840209960935,160.8734274931268,115.6670642665957,223.74787358427375,83.16395047046774,311.1956506031617,0.5639425415394613,160.8734274931268,0.20447736533672067,0.5639425415394613,181.762160834252,0.06605467942420518,0.21303416084430618,,,
2019-05-06,192.1922607421875,161.1421077300026,115.86024380351584,224.12156259315404,83.30284544063232,311.71538914806433,0.5341271551184971,161.1421077300026,0.19268801587360485,0.5341271551184971,182.00462606816134,0.05597459193268439,0.18139276530269752,,,
2019-05-07,188.1180419921875,161.2317674902201,115.92470865273805,224.24626423597567,83.34919529451507,311.8888281544223,0.4674927307038067,161.2317674902201,0.1667554410677674,0.4674927307038067,182.08551966734726,0.033130159585787355,0.108551597974322,,,
2019-05-08,187.8900451660156,161.32147713729037,115.98920937031897,224.37103526301695,83.39557093754036,312.0623636625571,0.4621306219063044,161.32147713729037,0.16469330990637054,0.4621306219063044,182.1664492204238,0.03141959438791142,0.10303268164857696,,,
2019-05-09,187.00775146484372,161.41123669897038,116.05374597621574,224.49587571288316,83.44197238405722,312.2359957261623,0.4461770793817607,161.41123669897038,0.15857950963854184,0.4461770793817607,182.24741474337085,0.02612018792242443,0.08587654951553836,,,
2019-05-10,186.70050048828125,161.50104620303316,116.11831849039696,224.6207856242019,83.48839964842301,312.4097243989623,0.4395066628582507,161.50104620303316,0.15603276187801463,0.4395066628582507,182.32841625217551,0.023979170806040395,0.07892014514594195,,,
2019-05-13,179.95965576171875,161.77077464747344,116.31225168249567,224.9959325134623,83.62783649230369,312.93149061021154,0.3229817986724104,161.77077464747344,0.11243613782453621,0.3229817986724104,182.57163685371307,-0.014306609378143431,-0.04799229030323499,,,
2019-05-14,179.15673828125,161.86078419910112,116.37696802971945,225.1211206572894,83.67436717179551,313.10560625762304,0.30774126298442855,161.86078419910112,0.10685697692452512,0.30774126298442855,182.65278246596174,-0.019140382848332638,-0.0643650143875576,,,
2019-05-15,184.64849853515625,161.95084383220583,116.44172038523568,225.24637845602572,83.7209237410414,313.2798187832951,0.3975761551729376,161.95084383220583,0.14015150625869555,0.3975761551729376,182.73396414411036,0.01047716772310614,0.034712677567651534,,,
2019-05-16,185.3622131347656,162.0409535746536,116.50650876907986,225.37170594842826,83.7675062144468,313.4541282411322,0.40758386399351965,162.0409535746536,0.14392200888504214,0.40758386399351965,182.81518190418873,0.01393227413635545,0.04608117130837521,,,
2019-05-17,183.6869354248047,162.13111345432478,116.57133320129778,225.49710317327387,83.8141146064245,313.6285346850663,0.3783776231373637,162.13111345432478,0.1329530249389952,0.3783776231373637,182.89643576223364,0.00432211628004997,0.014363789538273412,,,
2019-05-20,181.12939453125,162.4018941957229,116.76602298882524,225.8737136305726,83.95409543804413,314.15233647323794,0.33081819381138977,162.4018941957229,0.1153157752763474,0.33081819381138977,183.14041408464539,-0.01098075246496888,-0.036773668755653625,,,
2019-05-21,183.2111053466797,162.49225490340865,116.83099181522456,225.9993901734008,84.00080764860344,314.3271314014956,0.36377089037624655,162.49225490340865,0.1275066953534929,0.36377089037624655,183.22181249506923,-5.843817525730266e-05,-0.00019463402896293522,,,
2019-05-22,183.70675659179688,162.58266588795559,116.8959967903964,226.12513664288474,84.04754584992118,314.50202358596755,0.3702742040357928,162.58266588795559,0.12992830809158362,0.3702742040357928,183.30324708375147,0.002201322204952838,0.007323445894893916,,,
2019-05-23,179.29551696777344,162.6731271773379,116.961037934454,226.25095307793177,84.09431005645868,314.67701308076727,0.29491350692799645,162.6731271773379,0.10218276416555683,0.29491350692799645,183.38471786677184,-0.022298482373919404,-0.07510561303910075,,,
2019-05-24,179.4838409423828,162.76363879954522,117.0261152675218,226.3768395174708,84.14110028268527,314.85209994003844,0.296409578253101,162.76363879954522,0.10272688830353371,0.296409578253101,183.46622486021704,-0.021706359962812782,-0.07308918295293265,,,
2019-05-28,182.7055511474609,163.12618917696423,117.28678689277574,226.8810860998851,84.32852167415165,315.553422105765,0.3435923145643567,163.12618917696423,0.12002586506361879,0.3435923145643567,183.7926152602372,-0.00591462345338023,-0.01975713911562343,,,
2019-05-29,180.60400390625,163.21695288368767,117.35204547315317,227.00732314657736,84.37544221614597,315.72899660060295,0.3068381131149937,163.21695288368767,0.10652723700186195,0.3068381131149937,183.87430354736145,-0.01778551748678192,-0.05976775564428132,,,
2019-05-30,181.41688537597656,163.3077670915017,117.41734036352277,227.13363043179075,84.42238886481475,315.9046687854074,0.31876456285497345,163.3077670915017,0.11088951007656789,0.31876456285497345,183.9560281415827,-0.013802987546849277,-0.04629106741991195,,,
2019-05-31,175.92507934570312,163.39863182850522,117.48267158408747,227.2600079946061,84.46936163468375,316.0804387145332,0.22390109195617303,163.39863182850522,0.0766618874161995,0.22390109195617303,184.03778905903732,-0.044081760353748445,-0.15014857440879067,,,
2019-06-03,162.7210693359375,163.67152949587629,117.67888342915035,227.63956273979852,84.61043681687146,316.6083355118415,-0.017653870620267322,163.67152949587629,-0.005807119679679729,-0.017653870620267322,184.28328991228173,-0.11700583697310685,-0.41443639027160917,,,
2019-06-04,166.0419158935547,163.76259663093958,117.74436017274985,227.76622180426517,84.65751421696113,316.7844969624067,0.04189870292591504,163.76259663093958,0.013918436257772893,0.04189870292591504,184.365196284185,-0.09938578842389734,-0.34863104710956977,,,
2019-06-05,166.7060546875,163.85371443592157,117.80987334772793,227.8929513420644,84.70461781100137,316.96075642952167,0.052312708931765144,163.85371443592157,0.017407846147387218,0.052312708931765144,184.44713906011458,-0.0961851968158337,-0.3368161390165769,,,
2019-06-06,166.86468505859375,163.94488293901503,117.87542297435506,228.0197513924077,84.75174761356654,317.13711396772294,0.05350960338332236,163.94488293901503,0.0178096569239361,0.05350960338332236,184.52911825625083,-0.09572707746387721,-0.33512842607407206,,,
2019-06-07,171.84097290039062,164.03610216842853,117.94100907291302,228.14662199452835,84.7989036392391,317.3135696315775,0.14089923520447045,164.03610216842853,0.0475802011190698,0.14089923520447045,184.61113388878093,-0.06917329805299655,-0.23873743578110448,,,
2019-06-10,173.29815673828125,164.31006449690992,118.13798640315878,228.52765750421514,84.9405292008476,317.84352592318544,0.16143668873980044,164.31006449690992,0.054702018825757204,0.16143668873980044,184.85739956671483,-0.06253059307080577,-0.21505422842354802,,,
2019-06-11,176.5496063232422,164.4014869140028,118.20371859248345,228.65481070621513,84.9877902649368,318.0203746359298,0.21609560897187519,164.4014869140028,0.07389300204805327,0.21609560897187519,184.93956110683706,-0.045365927838166065,-0.15462573047151407,,,
2019-06-12,173.51625061035156,164.49296019869388,118.26948735531717,228.7820346564867,85.03507762516755,318.19732174761776,0.16187683129958885,164.49296019869388,0.05485517678542773,0.16187683129958885,185.02175916439757,-0.062184624154519086,-0.2138253489546636,,,
2019-06-13,175.92507934570312,164.58448437928604,118.33529271200949,228.90932939439432,85.08239129617105,318.37436731299874,0.20198181654971978,164.58448437928604,0.06890439891212718,0.20198181654971978,185.10399375562682,-0.0495878788117432,-0.16938781942060105,,,
2019-06-14,179.75149536132812,164.67605948409783,118.4011346829213,229.03669495932436,85.12973129258668,318.55151138685255,0.26551841870503956,164.67605948409783,0.09154600811107017,0.26551841870503956,185.18626489676257,-0.029347584381942182,-0.09920507071538376,,,
2019-06-17,187.3646240234375,164.95109062727298,118.59888048475246,229.41921701044134,85.27190938082211,319.0835352075061,0.3861982783543591,164.95109062727298,0.135879873912508,0.3861982783543591,185.43329778209397,0.010415207324916631,0.03450845184250537,,,
2019-06-18,186.829345703125,165.0428697124644,118.6648691163779,229.54686627776346,85.31935482544293,319.2610738636594,0.3758400006636605,165.0428697124644,0.13200495137182666,0.3758400006636605,185.51571528537724,0.0070809657053960695,0.023500052495087614,,,
2019-06-19,185.8479766845703,165.13469986370455,118.73089446419715,229.6745865693684,85.3668266687948,319.4387113026416,0.3581897644062882,165.13469986370455,0.12543261251548987,0.3581897644062882,185.59816941986386,0.0013459575893839393,0.004479697666929526,,,
2019-06-20,187.88011169433597,165.22658110940728,118.79695654863954,229.80237792477502,85.41432492556633,319.6164475794168,0.3894681437227354,165.22658110940728,0.13710584842234508,0.3894681437227354,185.68066020183497,0.011845345067764246,0.03921909560300965,,,
2019-06-21,189.4761199951172,165.318513478001,118.86305539014502,229.93024038352252,85.4618496104537,319.7942827489772,0.4134228299432491,165.318513478001,0.1461276538778633,0.4134228299432491,185.76318764757886,0.019987449583295902,0.06591167010986808,,,
2019-06-24,190.9233856201172,165.59461760565827,119.06157266161529,230.31425477554382,85.60458238089934,320.32838216476915,0.4314296437708918,165.59461760565827,0.15295646912133365,0.4314296437708918,186.0109901304386,0.026409168007943018,0.08681436623846162,,,
2019-06-25,187.19613647460935,165.68675475042434,119.12781873600477,230.4424020434972,85.65221292537906,320.50661345602094,0.36998245881446973,165.68675475042434,0.12981956075236556,0.36998245881446973,186.09366439430147,0.005924285944372221,0.019672618514233766,,,
2019-06-26,186.0264129638672,165.77894316046445,119.19410166982986,230.57062061282224,85.6998699715799,320.6849439154856,0.34929599926344157,165.77894316046445,0.1221353533651397,0.34929599926344157,186.17637540348727,-0.0008054858694884759,-0.002683751684265825,,,
2019-06-27,187.85037231445312,165.87118286430265,119.26042148359923,230.6989105231912,85.74755353424743,320.8633735983404,0.3771856124069715,165.87118286430265,0.13250758251438643,0.3771856124069715,186.25912317432764,0.00854320106852513,0.02833227845374182,,,
2019-06-28,191.31993103027344,165.9634738904789,119.32677819783295,230.82727181429834,85.7952636281355,321.0419025597935,0.4309744929509568,165.9634738904789,0.15278335976823154,0.4309744929509568,186.34190772316217,0.02671445928581373,0.08780483032027213,,,
2019-07-01,191.31993103027344,166.2406551886739,119.52606994869211,231.21278436932306,85.93855324478405,321.57808566828425,0.4259161986263907,166.2406551886739,0.15086126683714007,0.4259161986263907,186.59048220112723,0.025346677779889637,0.08336500454831748,,,
2019-07-02,193.3025054931641,166.33315178991975,119.59257447021231,231.34143158076768,85.98636961125653,321.7570122968259,0.4554796554431969,166.33315178991975,0.16214057999277776,0.4554796554431969,186.6734140254725,0.03551170637928669,0.11622015114171308,,,
2019-07-03,195.48333740234372,166.42569985644184,119.65911599496857,231.47015037175348,86.03421258284182,321.9360384804673,0.4878000155560664,166.42569985644184,0.17459825958951591,0.4878000155560664,186.75638270961585,0.04672908398690323,0.15210441347552137,,,
2019-07-05,194.6903381347656,166.61095049987216,119.79231013655544,231.72780285167855,86.12997840057153,322.29438973465074,0.47210640630558015,166.61095049987216,0.16853266577406023,0.47210640630558015,186.92243072283443,0.04155684998259668,0.13560651898385662,,,
2019-07-08,194.05589294433597,166.8892131709918,119.99237938829538,232.1148194145199,86.27382703585819,322.8326646649922,0.4571540779408473,166.8892131709918,0.16278271829054436,0.4571540779408473,187.17177960095125,0.036779654272997675,0.12029573727737489,,,
2019-07-09,197.4758453369141,166.98207063107213,120.05914336523124,232.2439685198953,86.32182994927447,323.01228934355686,0.5084232551309805,166.98207063107213,0.18261705936809514,0.5084232551309805,187.25496978817367,0.054582666405609714,0.17699979410775132,,,
2019-07-10,200.9652099609375,167.0749797572112,120.12594448976463,232.37318948406653,86.36985957159862,323.19201396561766,0.5598303044783415,167.0749797572112,0.20284443698855847,0.5598303044783415,187.33819695002617,0.07274017382875964,0.2338553363827579,,,
2019-07-11,199.47825622558597,167.16794057815613,120.19278278256455,232.50248234701596,86.4179159176915,323.3718385867832,0.5356327632348474,167.16794057815613,0.19328057482603112,0.5356327632348474,187.42146110294178,0.06432985343136322,0.20764120561800922,,,
2019-07-12,203.0865631103516,167.26095312266997,120.25965826431147,232.6318471487482,86.46599900242227,323.55176326269327,0.5882872584434419,167.26095312266997,0.2141899189191332,0.5882872584434419,187.50476226336204,0.08310082719447909,0.2658673646640064,,,
2019-07-15,202.13494873046875,167.54030138549598,120.46050805021187,233.02037358702188,86.61040883725758,324.09213817575164,0.568992098079242,167.54030138549598,0.20648552652041263,0.568992098079242,187.75488795416936,0.07658954146541075,0.2457849463221961,,,
2019-07-16,202.0655517578125,167.63352111223656,120.52753249478198,233.15002654437683,86.65859902539698,324.2724636276559,0.5662651484542273,167.63352111223656,0.20540062880694654,0.5662651484542273,187.83833730916362,0.07574180357672278,0.2431613807834306,,,
2019-07-17,200.04331970214844,167.7267927066017,120.59459423187428,233.27975164087175,86.70681602664423,324.45288941296775,0.5340905478464145,167.7267927066017,0.19267361209295175,0.5340905478464145,187.92182375397726,0.0645028645743686,0.20818254792805121,,,
2019-07-18,199.0322113037109,167.8201161974507,120.66169328223842,233.40954891664504,86.75505985591819,324.6334155875129,0.5170445407091401,167.8201161974507,0.18598542185215305,0.5170445407091401,188.00534730509503,0.058651863665991844,0.18982608288562697,,,
2019-07-19,196.6332550048828,167.91349161365878,120.72882966663553,233.53941841185735,86.80333052814602,324.81404220714813,0.4786010574935407,167.91349161365878,0.17103904585167862,0.4786010574935407,188.08890797900912,0.0454271712121761,0.14795938747476314,,,
2019-07-22,200.55882263183597,168.19392970343156,120.93046303180977,233.92946061607023,86.9483037519489,325.35652529562765,0.5334612895428693,168.19392970343156,0.19242604644217476,0.5334612895428693,188.3398129025616,0.06487746558183072,0.20935435236835825,,,
2019-07-23,200.5984039306641,168.28751311015068,120.99774896018181,234.05961939109272,86.9966819454301,325.53755425481273,0.5323733557752894,168.28751311015068,0.19199814783266,0.5323733557752894,188.42352223273005,0.06461444703754293,0.20853163662350135,,,
2019-07-24,202.8784027099609,168.38114858684628,121.0650723265659,234.18985058669267,87.04508705662552,325.71868393883756,0.5649455537928989,168.38114858684628,0.20487598767816873,0.5649455537928989,188.507268768266,0.07623649759289397,0.24469260295427667,,,
2019-07-25,198.9627990722656,168.4748361624908,121.13243315179302,234.3201542431658,87.0935191005125,325.89991440374683,0.5041845411760593,168.4748361624908,0.18096449062796394,0.5041845411760593,188.59105252570572,0.05499596299854237,0.17830477918430618,,,
2019-07-26,198.0111541748047,168.56857586607154,121.19983145670493,234.45053040082868,87.14197809207616,326.081245705614,0.4879653237295334,168.56857586607154,0.17466231862886117,0.4879653237295334,188.67487352159284,0.04948343400979338,0.16085673979098813,,,
2019-07-29,194.23434448242188,168.85010803455503,121.40225145814667,234.8420942844691,87.28751690280737,326.625845194182,0.4245321962636047,168.85010803455503,0.15033592067748036,0.4245321962636047,188.9265601054848,0.028094431899747363,0.09227823851127727,,,
2019-07-30,195.32473754882807,168.94405654008435,121.46979989045239,234.97276085051527,87.33608383509922,326.80758040525427,0.43981508755485577,168.94405654008435,0.1561503940950093,0.43981508755485577,189.0105302207447,0.03340664311511654,0.10944277822802846,,,
2019-07-31,192.5391845703125,169.03805731873206,121.53738590682804,235.10350011967515,87.38467779012002,326.9894167341268,0.3945893727373823,169.03805731873206,0.1390286165396919,0.3945893727373823,189.09453765728043,0.018216533146373726,0.06012418396757593,,,
2019-08-01,191.05226135253903,169.13211039958307,121.60500952818545,235.23431213240085,87.43329878290531,327.17135423706156,0.3694033266469748,169.13211039958307,0.12960372161837586,0.3694033266469748,189.1785824316797,0.009904286715627597,0.03282394488863869,,,
2019-08-02,187.3745880126953,169.22621581173837,121.6726707754481,235.36519692916707,87.48194682849892,327.35339297035205,0.3087989595023352,169.22621581173837,0.10724326673561468,0.3087989595023352,189.2626645605376,-0.009975958820120923,-0.0333917664731153,,,
2019-08-05,180.1479949951172,169.5088463272835,121.87588048207697,235.75828842879307,87.62805343269396,327.9001171157621,0.1845202461491731,169.5088463272835,0.06276456302045674,0.1845202461491731,189.51513523992622,-0.04942687154221337,-0.16882365438007674,,,
2019-08-06,182.90380859375,169.6031613559904,121.94369244242831,235.88946476691837,87.67680984012699,328.08256133403654,0.2288528832567465,169.6031613559904,0.07842216578641503,0.2288528832567465,189.59936695271827,-0.03531424427507712,-0.11974104106500147,,,
2019-08-07,183.53823852539065,169.69752886174993,122.01154213347706,236.02071409179547,87.72559337571332,328.26510706460397,0.23766278689456377,169.69752886174993,0.0815610560535418,0.23766278689456377,189.68363610305548,-0.03239814305502886,-0.10968862197160031,,,
2019-08-08,188.504638671875,169.7919488737603,122.07942957621664,236.15203644403434,87.77440405454708,328.44775436394616,0.31690856505690385,169.7919488737603,0.11020952360955305,0.31690856505690385,189.76794270757736,-0.006657099284935852,-0.02224559707906533,,,
2019-08-09,186.2147521972656,169.88642142123618,122.14735479165215,236.28343186426756,87.82324189173083,328.630503288576,0.2781750197846371,169.88642142123618,0.09611321869888023,0.2781750197846371,189.85228678293058,-0.01915981443944359,-0.06443099483353122,,,
2019-08-12,183.75631713867188,170.17015456884621,122.35135728436074,236.67805693959784,87.96991850453365,329.1793603797943,0.23283180924854796,170.17015456884621,0.07983869206823258,0.23283180924854796,190.10554400055915,-0.0333984308309736,-0.1131334082601884,,,
2019-08-13,186.80950927734372,170.26483755065493,122.41943380086494,236.80974503858624,88.01886512631103,329.36251637133466,0.2810966544019657,170.26483755065493,0.09717022002130449,0.2810966544019657,190.19003812585504,-0.017774479051706704,-0.05973032664894441,,,
2019-08-14,178.14559936523438,170.35957321424598,122.48754819526604,236.94150640907114,88.06783898207729,329.5457742712001,0.1354640321486051,170.35957321424598,0.04570348471815322,0.1354640321486051,190.27456980532756,-0.0637445689799877,-0.21936985389043448,,,
2019-08-15,181.0005340576172,170.45436158893162,122.55570048863942,237.07334109182088,88.11684008698549,329.7291341360925,0.18197040868874184,170.45436158893162,0.06187094522179937,0.18197040868874184,190.35913905566832,-0.04916288781551126,-0.1678988694126363,,,
2019-08-16,182.10086059570312,170.5492027040404,122.62389070207209,237.2052491276266,88.1658684561971,329.91259602274533,0.19865561935677253,170.5492027040404,0.06773211312930427,0.19865561935677253,190.4437458935759,-0.04380760974180253,-0.14919354743364377,,,
2019-08-19,184.5493621826172,170.8340427854358,122.82868907377255,237.60141376163065,88.31311730139363,330.4635943810758,0.23408286998122305,170.8340427854358,0.08028446305873338,0.23408286998122305,190.69779209979774,-0.032241746742211363,-0.10915034703657411,,,
2019-08-20,182.20989990234372,170.9290951558491,122.89703117854778,237.733615618025,88.36225487960238,330.64746492273747,0.19372572366254803,170.9290951558491,0.06599698393189901,0.19372572366254803,190.7825494551083,-0.04493413877342978,-0.15311965773889885,,,
2019-08-21,181.95217895507807,171.0242004135732,122.96541130899372,237.8658910317714,88.4114197980485,330.83143777030114,0.1877492019967106,171.0242004135732,0.06389726433498111,0.1877492019967106,190.86734448159024,-0.04670869996502758,-0.15931365312644324,,,
2019-08-22,180.45529174804688,171.11935858803474,123.03382948626792,237.99824004379727,88.46061207194418,331.01551298068995,0.16102280539909344,171.11935858803474,0.05455801866630505,0.16102280539909344,190.95217719598745,-0.05497127920760436,-0.1883063345822328,,,
2019-08-23,176.2026824951172,171.21456970867666,123.10228573153972,238.13066269505282,88.50983171651004,331.19969061085874,0.08704820607864962,171.21456970867666,0.02913369344050487,0.08704820607864962,191.0370476150504,-0.0776517712408602,-0.2692124345385164,,,
2019-08-26,178.78994750976562,171.50052104236013,123.30788308721053,238.52837289404138,88.65765502656187,331.75283859006913,0.12617486153507773,171.50052104236013,0.04250381528348246,0.12617486153507773,191.29188526785282,-0.06535529586412714,-0.2251045556949102,,,
2019-08-27,179.7217559814453,171.59594424248127,123.37649181640171,238.66109051217393,88.70698430618417,331.937426469541,0.1402456130971349,171.59594424248127,0.0473543344793832,0.1402456130971349,191.3769066732352,-0.06090155230531746,-0.20927184054324827,,,
2019-08-28,180.1777191162109,171.6914205362432,123.4451387196137,238.79388197462885,88.75634103270673,332.1221170540423,0.14624009197431587,171.6914205362432,0.04942762168000292,0.14624009197431587,191.46196586714876,-0.05893727613121735,-0.2023128369753671,,,
2019-08-29,183.95462036132807,171.78694995318804,123.51382381808703,238.9267473224941,88.80572522140135,332.3069104007195,0.2074375437016348,171.78694995318804,0.07083000432486708,0.2074375437016348,191.54706286638898,-0.0396374780768991,-0.13470020285877543,,,
2019-08-30,184.05372619628903,171.88253252287294,123.58254713307316,239.0596865968788,88.85513688754773,332.49180656674844,0.20738407142349027,171.88253252287294,0.07081111439754029,0.20738407142349027,191.63219768775875,-0.039546963312594774,-0.13438631595784575,,,
2019-09-03,180.80227661132807,172.2653949207495,123.85782298360068,239.59218378261764,89.05305863255046,333.2324205690439,0.14661252104654438,172.2653949207495,0.0495565676118872,0.14661252104654438,191.97311553085316,-0.058189600604412584,-0.19966780111852386,,,
2019-09-04,185.5109405517578,172.3612436980799,123.92673770034486,239.72549330705263,89.10260791545426,333.4178316906049,0.2228581184026553,172.3612436980799,0.07629149437278282,0.2228581184026553,192.05843971517604,-0.03409118168994918,-0.11552119032843851,,,
2019-09-05,189.2382049560547,172.4571458058434,123.99569076136207,239.85887700514814,89.1521847676687,333.6033459752493,0.28147086182356257,172.4571458058434,0.09730567597995532,0.28147086182356257,192.14380182260294,-0.015121991128451029,-0.05074847469085745,,,
2019-09-06,185.8578643798828,172.55310127371314,124.06468218798717,239.99233491817452,89.20178920453338,333.78896348037716,0.2251492791064674,172.55310127371314,0.07710532588495722,0.2251492791064674,192.22920186998914,-0.03314448287838945,-0.11225852599526161,,,
2019-09-09,187.1167907714844,172.8412881349389,124.27188687503602,240.39315435988715,89.35076817655313,334.3464358931426,0.24055391216018857,172.8412881349389,0.08259312801117558,0.24055391216018857,192.48562982056836,-0.027892155139522368,-0.09421494601809077,,,
2019-09-10,184.5493621826172,172.93745734029537,124.34103197767834,240.52690954580015,89.40048310558574,334.5324668548449,0.19698871160107406,172.93745734029537,0.06714511142298485,0.19698871160107406,192.57118179649427,-0.041656386687985325,-0.14170906936425434,,,
2019-09-11,186.84918212890625,173.03368005437167,124.41021555278085,240.6607391533405,89.45022569609476,334.71860132451087,0.23284347950022544,173.03368005437167,0.07984284949723874,0.23284347950022544,192.65677179676823,-0.0301447471256725,-0.10194141718730161,,,
2019-09-12,185.83804321289065,173.12995630694013,124.4794376217497,240.79464322391658,89.49999596347112,334.9048393597324,0.2147094047250833,173.12995630694013,0.07340201070356933,0.2147094047250833,192.74239983829037,-0.03582168029033794,-0.12149338401362839,,,
2019-09-13,185.56051635742188,173.22628612778965,124.54869820600292,240.92862179895974,89.54979392311428,335.0911810181336,0.20849318378943169,173.22628612778965,0.07120299410294595,0.20849318378943169,192.82806593796874,-0.03768927279955592,-0.12795074621284316,,,
2019-09-16,184.5989227294922,173.5155972981625,124.75671126482825,241.3310049655512,89.69935410976767,335.6508283091369,0.18768604035437592,173.5155972981625,0.06387509597932306,0.18768604035437592,193.085292755131,-0.04395140564331412,-0.14969443853757003,,,
2019-09-17,186.4427490234375,173.6121416903571,124.82612612463802,241.46528197323755,89.74926299264403,335.8375850371389,0.21612625549532116,173.6121416903571,0.07390385953514822,0.21612625549532116,193.17111125666193,-0.034831099689045186,-0.11807344079716339,,,
2019-09-18,186.50222778320312,173.70873980002617,124.89557960700135,241.5996336928939,89.7991996449131,336.0244456769222,0.21540701437975693,173.70873980002617,0.0736490748704115,0.21540701437975693,193.2569679010006,-0.0349521168171163,-0.11849105973750709,,,
2019-09-19,188.48480224609372,173.80539165705815,124.96507173340788,241.73406016609005,89.84916408202581,336.2114102863035,0.24577345285009433,173.80539165705815,0.08445889076905089,0.24577345285009433,193.34286270509978,-0.025126660436469828,-0.08475364630165269,,,
2019-09-20,188.27664184570312,173.90209729135825,125.03460252535926,241.86856143441906,89.89915631944172,336.39847892313156,0.2407378792636743,173.90209729135825,0.08265883378198446,0.2407378792636743,193.42879568592028,-0.02663591954831257,-0.08991378582550533,,,
2019-09-23,185.19371032714844,174.19253715716786,125.24342710967801,242.2725144264804,90.04929998823297,336.96030957726856,0.18563435278825868,174.19253715716786,0.0631552496422656,0.18563435278825868,193.68682385842618,-0.04384972277456367,-0.1493402339636565,,,
2019-09-24,179.70191955566406,174.2894581999245,125.31311277906423,242.40731529173385,90.0994035816291,337.1477949030168,0.0927002846341712,174.2894581999245,0.031054439044334137,0.0927002846341712,193.77290971588636,-0.07261587897324484,-0.2510778319111296,,,
2019-09-25,181.2086944580078,174.3864331697246,125.38283722168295,242.54219116043254,90.14953505275523,337.3353845459394,0.11632443118975767,174.3864331697246,0.0391215140093113,0.11632443118975767,193.85903383498325,-0.06525535141036376,-0.22474843405369638,,,
2019-09-26,178.54212951660156,174.48346209657333,125.45260045910766,242.67714207430856,90.19969441712256,337.5230785640786,0.06970140110086273,174.48346209657333,0.023261043604131615,0.06970140110086273,193.9451962327224,-0.07941968667085775,-0.2756023123732691,,,
2019-09-27,175.55833435058594,174.58054501049244,125.52240251292386,242.81216807511717,90.24988169025096,337.710877015509,0.016929775007791407,174.58054501049244,0.0056007921159526575,0.016929775007791407,194.03139692611708,-0.09520656382515913,-0.33321188972816335,,,
2019-09-30,176.52976989746094,174.87211797514072,125.7320417887565,243.21769701703954,90.4006111175305,338.27489955077755,0.028598125609818267,174.87211797514072,0.009479223683651172,0.028598125609818267,194.29022895048075,-0.09141200331565036,-0.3192735070574168,,,
2019-10-01,174.279541015625,174.96941713789386,125.80199932423409,243.35302378359629,90.4509101810745,338.4631163167652,-0.01197516913149318,174.96941713789386,-0.003942838317425257,-0.01197516913149318,194.37658299678162,-0.10339229999474464,-0.36348030834934036,,,
2019-10-02,173.08009338378906,175.06677043807682,125.87199578421074,243.48842584621025,90.50123723110829,338.65143780690124,-0.03459510071595207,175.06677043807682,-0.011348110491308017,-0.03459510071595207,194.46297542391812,-0.10995862833794257,-0.387961058673354,,,
2019-10-03,177.81846618652344,175.1641779058124,125.94203119034455,243.62390324677722,90.5515922832039,338.8398640794557,0.04558773553363789,175.1641779058124,0.015153145537201596,0.04558773553363789,194.54940624894883,-0.08599841235709649,-0.29948845200120744,,,
2019-10-04,178.87918090820312,175.26163957123893,126.01210556430479,243.7594560272145,90.60197535294142,339.0283951927284,0.06192952033799873,175.26163957123893,0.02064080506044652,0.06192952033799873,194.63587548894003,-0.08095472913796031,-0.2811604652340814,,,
2019-10-07,178.1158447265625,175.5543500553074,126.2225627100239,244.16656706728318,90.75329282394077,339.5946181603589,0.04390840746073144,175.5543500553074,0.014590892623555618,0.04390840746073144,194.89551386945297,-0.08609571769892055,-0.2998430385750793,,,
2019-10-08,176.2026824951172,175.65202881322364,126.29279317222911,244.30242178685177,90.803788120224,339.7835692201674,0.00948769310197426,175.65202881322364,0.003134912164772574,0.00948769310197426,194.98213694010073,-0.09631371744967931,-0.3372897630418427,,,
2019-10-09,178.28440856933594,175.74976191977763,126.36306271079064,244.43835209623225,90.8543115121815,339.9726254126877,0.043403500771648194,175.74976191977763,0.014421906589638933,0.043403500771648194,195.06879851115428,-0.08604343734069086,-0.29965252108259005,,,
2019-10-10,178.4628143310547,175.8475494052089,126.43337134745055,244.57435803748277,90.90486301544567,340.16178679641547,0.04474915281496853,175.8475494052089,0.014872342177594922,0.04474915281496853,195.15549859972546,-0.0855353007649986,-0.2978013624496401,,,
2019-10-11,182.5865936279297,175.94539129977395,126.50371910396305,244.71043965268498,90.9554426456577,340.3510534298793,0.11230874670769886,175.94539129977395,0.0377458157846291,0.11230874670769886,195.24223722293354,-0.0648202139814309,-0.22319839791285928,,,
2019-10-14,181.6845245361328,176.23924374108933,126.7149973103404,245.1191389631704,91.10735045452329,340.9194854144616,0.09223767488064466,176.23924374108933,0.030897095785562323,0.09223767488064466,195.5026844716896,-0.07068015445873721,-0.24413334003693446,,,
2019-10-15,187.24571228027344,176.33730357509134,126.78550176404806,245.2555236954651,91.15804274911267,341.109173632807,0.1819421286243621,176.33730357509134,0.061861038385090605,0.1819421286243621,195.58957740479303,-0.04266007031269925,-0.14519896582044667,,,
2019-10-16,187.89993286132807,176.43541796976237,126.85604544656131,245.39198431247152,91.20876324898647,341.2989673940203,0.19082833908221816,176.43541796976237,0.06497853448863933,0.19082833908221816,195.67650895824505,-0.03974200142019302,-0.13506270548748864,,,
2019-10-17,188.7326202392578,176.53358695546007,126.92662837970711,245.5285208564121,91.25951196983813,341.4888667568256,0.20254548521645072,176.53358695546007,0.06910318593863729,0.20254548521645072,195.76347914921084,-0.03591506924840715,-0.12181598718901082,,,
2019-10-18,184.23216247558597,176.63181056255897,126.99725058532458,245.66513336953267,91.31028892736988,341.67887177997983,0.12770252966734744,176.63181056255897,0.04302934951988813,0.12770252966734744,195.85048799486296,-0.05932242313116798,-0.2036761835491348,,,
2019-10-21,188.10812377929688,176.92680941626202,127.20935305558056,246.07542714678604,91.46278937719867,342.249521399596,0.185754527225127,176.92680941626202,0.06319740009965469,0.185754527225127,196.11174663178153,-0.04081154234739548,-0.13877430306834418,,,
2019-10-22,180.752685546875,177.02525181304938,127.28013256971909,246.21234395955585,91.51367943864757,342.43994965236936,0.06316219086580228,177.02525181304938,0.02105594368967223,0.06316219086580228,196.19891026806062,-0.07872737264484242,-0.2730985815795347,,,
2019-10-23,184.52952575683597,177.12374898336438,127.3509514657073,246.34933695308794,91.56459781541871,342.630483859767,0.12416066426413755,177.12374898336438,0.041811314496099206,0.12416066426413755,196.28611264500455,-0.05989515371080323,-0.20570457260992817,,,
2019-10-24,184.75755310058597,177.2223009576831,127.42180976545734,246.48640616976942,91.61554452326678,342.8211240807423,0.126217981084559,177.2223009576831,0.04251864523924742,0.126217981084559,196.37335377983237,-0.059151613269637804,-0.2030714805006417,,,
2019-10-25,186.25439453125,177.32090776649864,127.49270749089354,246.623551652011,91.66651957795524,343.0118703742814,0.1489906946499049,177.32090776649864,0.05038033516338203,0.1489906946499049,196.4606336897702,-0.051950556031682193,-0.17767758483377397,,,
2019-10-28,187.75125122070312,177.6170575051108,127.70563744074529,247.03544611655732,91.81961498082926,343.5847462806352,0.1681956786481275,177.6170575051108,0.05705642159566082,0.1681956786481275,196.72270624262129,-0.04560457302195464,-0.15545841303170613,,,
2019-10-29,187.6620330810547,177.71588395718334,127.7766930884134,247.1728970856184,91.87070358068945,343.7759174549476,0.16506883052855256,177.71588395718334,0.05596657373781877,0.16506883052855256,196.8101414254151,-0.04648189507971712,-0.15852136243503365,,,
2019-10-30,186.61126708984372,177.81476539647255,127.84778827157241,247.3104245326473,91.921820606339,343.96719499724713,0.14636258179378253,177.81476539647255,0.04947002952065116,0.14636258179378253,196.89761546956512,-0.052242117585783454,-0.17870199880876092,,,
2019-10-31,189.98165893554688,177.91370185357349,127.91892301221992,247.44802850019647,91.9729660735941,344.1585789667172,0.19893462718560323,177.91370185357349,0.06783039730074059,0.19893462718560323,196.98512839234394,-0.035553290311581054,-0.12056643054922345,,,
2019-11-01,191.93450927734372,178.01269335909808,127.99009733236579,247.5857090308421,92.02413999827967,344.35006942257405,0.22824768006499827,178.01269335909808,0.07820687196817877,0.22824768006499827,197.07268021103135,-0.02607246691010401,-0.08798641239771286,,,
2019-11-04,193.02496337890625,178.30999847258963,128.20385799007593,247.99921042747462,92.17783267530109,344.9251803011224,0.24036208791026561,178.30999847258963,0.08252462022525697,0.24036208791026561,197.33556921545977,-0.021844038830359125,-0.07355792946898107,,,
2019-11-05,192.62841796875,178.40921047826987,128.2751908485589,248.13719763674158,92.22912058813442,345.11709729534834,0.23244235961915197,178.40921047826987,0.07969996309249971,0.23244235961915197,197.42327679073477,-0.02428720108352389,-0.08188700075269917,,,
2019-11-06,189.88255310058597,178.50847768568937,128.34656339677323,248.27526162234113,92.28043703765515,345.30912107253675,0.18723636826502,178.50847768568937,0.06371728425651368,0.18723636826502,197.51102334843344,-0.038623010090884535,-0.13118392408499827,,,
2019-11-07,188.76239013671875,178.60780012556296,128.4179756568027,248.41340242699246,92.33178203974137,345.5012516921027,0.16761551666282093,178.60780012556296,0.05685412397452416,0.16761551666282093,197.59880890588184,-0.04471898802473029,-0.15236946982421254,,,
2019-11-08,189.17872619628903,178.70717782862144,128.4894276507426,248.55162009343692,92.38315561027947,345.6934892134923,0.17260770677551807,178.70717782862144,0.05859612632744793,0.17260770677551807,197.68663348041378,-0.04303734215276467,-0.1465117194911735,,,
2019-11-11,187.95941162109372,179.0056428244796,128.7040222571684,248.96673469131204,92.53744789160591,346.270843783577,0.14794914837019932,179.0056428244796,0.05001947790770811,0.14794914837019932,197.9503414799641,-0.050471900094608446,-0.17248710965090513,,,
2019-11-12,192.7771148681641,179.10524188793536,128.77563340795416,249.10526023282924,92.58893589499598,346.4635095073984,0.22297866674491473,179.10524188793536,0.07633429840530903,0.22297866674491473,198.0383222963222,-0.026566612800758005,-0.08967665163389611,,,
2019-11-13,191.5082550048828,179.20489636849052,128.84728440331398,249.24386285020876,92.64045254640446,346.65628243077754,0.2012752231821971,179.20489636849052,0.06865525934678418,0.2012752231821971,198.12634221654844,-0.033403368464917094,-0.11315042130083097,,,
2019-11-14,191.46861267089844,179.3046062969786,128.91897526541698,249.38254258633484,92.69199786177079,346.8491626133594,0.1989615990058931,179.3046062969786,0.06783989895816078,0.1989615990058931,198.21440125802286,-0.034032787447886736,-0.11531985026383261,,,
2019-11-15,193.4016571044922,179.4043717042514,128.99070601644544,249.52129948411718,92.7435718570439,347.04215011482404,0.2277247243548117,179.4043717042514,0.07802087132701185,0.2277247243548117,198.30249943813322,-0.024713971571346804,-0.08334405865194391,,,
2019-11-18,195.68161010742188,179.70400110754804,129.2061378250874,249.93803357684865,92.89846608192342,347.62175712980303,0.2581913745583003,179.70400110754804,0.08891070260762679,0.2581913745583003,198.56702898427395,-0.01453120838646682,-0.04875126082738744,,,
2019-11-19,197.58489990234372,179.80398873881586,129.27802835388349,250.07709955082288,92.9501549564877,347.8151745042541,0.28584570429067857,179.80398873881586,0.09889052678000643,0.28584570429067857,198.65528389296077,-0.0053881475973918125,-0.017993745627210074,,,
2019-11-20,195.79063415527344,179.9040320033826,129.34995888269984,250.2162429013566,93.00187259083528,348.00869949648217,0.2565075437082534,179.9040320033826,0.08830598166689296,0.2565075437082534,198.74357802733851,-0.014858059321337547,-0.04985607267699705,,,
2019-11-21,196.20697021484372,180.00413093220268,129.42192943379254,250.3554636715022,93.05361900096815,348.2023321663659,0.2612602595248157,180.00413093220268,0.09001370801175512,0.2612602595248157,198.83191140484124,-0.013201810370634504,-0.0442614419683808,,,
2019-11-22,197.0892639160156,180.10428555624785,129.49394002943004,250.49476190433617,93.10539420289723,348.3960725738175,0.2731741710499803,180.10428555624785,0.09430635316261382,0.2731741710499803,198.92028404291142,-0.009204793446307535,-0.030798529963114676,,,
2019-11-25,198.05079650878903,180.40508390970908,129.71021230648196,250.91312181009178,93.26089271970429,348.9779408211993,0.2828681484108228,180.40508390970908,0.09781161493160284,0.2828681484108228,199.18563769505974,-0.005697404689428809,-0.019029467148761022,,,
2019-11-26,197.2379150390625,180.50546162471616,129.78238330323128,251.05273032492275,93.31278324910538,349.17211277870933,0.2687151490276171,180.50546162471616,0.0926977680549872,0.2687151490276171,199.27416754997287,-0.010218346592263283,-0.034207273245295065,,,
2019-11-27,200.2415771484375,180.60589519006544,129.85459445605375,251.19241651818388,93.3647026504909,349.36639277384774,0.31284215446175767,180.60589519006544,0.10872115740024935,0.31284215446175767,199.36273675277923,0.004408248050627783,0.01464940463722,,,
2019-11-29,199.88470458984372,180.8069299961088,129.99913731930215,251.47202211290244,93.46862813348183,349.7552771174924,0.3040628970094229,180.8069299961088,0.10551462045257609,0.3040628970094229,199.53999327203346,0.0017275299660870491,0.005748574538941469,,,
2019-12-02,197.9615936279297,181.10890186018324,130.21625334370023,251.8920141744989,93.62473329975258,350.3394154190681,0.2696998877445226,181.10890186018324,0.09305280742498678,0.2696998877445226,199.80617359758034,-0.009231846726446613,-0.030889469219417418,,,
2019-12-03,197.0892639160156,181.20967118077104,130.288705902598,252.0321673468121,93.67682627071055,350.534344903507,0.2546270918599045,181.20967118077104,0.08763104436850622,0.2546270918599045,199.89497925527732,-0.01403594702435551,-0.04707789112695036,,,
2019-12-04,196.98019409179688,181.3104965695911,130.36119877423056,252.17239850060383,93.72894822629178,350.72938284706373,0.251263051753355,181.3104965695911,0.08642465725193915,0.251263051753355,199.98382438345078,-0.015019366195811457,-0.050401452493806065,,,
2019-12-05,197.62457275390625,181.41137805783984,130.43373198102807,252.3127076792632,93.78109918262336,350.92452931008495,0.2594767054430131,181.41137805783984,0.08937253478608786,0.2594767054430131,200.07270899964354,-0.01223623280745223,-0.041004156162878426,,,
2019-12-06,199.29983520507807,181.51231567673116,130.506305545433,252.4530949262034,93.83327915584138,351.1197843529512,0.28337780500897375,181.51231567673116,0.09799621288522387,0.28337780500897375,200.16163312140642,-0.004305510016525682,-0.014370459375454775,,,
2019-12-09,199.5873107910156,181.81546562965912,130.72426860890556,252.87472551120288,93.98999333830947,351.7062015649284,0.28268865206467836,181.81546562965912,0.09774660862765128,0.28268865206467836,200.42864269574082,-0.004197663035629073,-0.01400974138297747,,,
2019-12-10,199.12139892578125,181.9166280836063,130.7970038284158,253.01542546588132,94.04228954061358,351.9018915316512,0.27391831271066586,181.9166280836063,0.09457503155933544,0.27391831271066586,200.5177250154481,-0.006963604287647196,-0.023273411774059016,,,
2019-12-11,200.49929809570312,182.01784682452566,130.8697795179336,253.15620370626883,94.09461484061914,352.09769038062507,0.2931355834227453,182.01784682452566,0.10153647894205942,0.2931355834227453,200.60684692859678,-0.0005361174583036199,-0.0017860179878898565,,,
2019-12-12,195.0372772216797,182.11912188373591,130.94259569997695,253.2970602759244,94.14696925451646,352.29359817243335,0.2077275206588722,182.11912188373591,0.07093244907138674,0.2077275206588722,200.69600845278435,-0.028195534503796305,-0.09525450420319506,,,
2019-12-13,192.4202423095703,182.22045329257196,131.01545239707545,253.43799521842962,94.1993527985042,352.48961496769067,0.16509300494316012,182.22045329257196,0.05597499530210048,0.16509300494316012,200.7852096056163,-0.04166127232417427,-0.14172604829801846,,,
2019-12-16,196.19708251953125,182.52478593045512,131.23426580419303,253.8612707192364,94.35667837313675,353.07831998082827,0.21895504786187278,182.52478593045512,0.07490652033573952,0.21895504786187278,201.0530510121504,-0.024152672482078863,-0.08142783221377009,,,
2019-12-17,196.6629943847656,182.62634305150056,131.3072847870651,254.00251958945282,94.4091785996574,353.27477339671924,0.22445865644841326,182.62634305150056,0.0768599485634267,0.22445865644841326,201.14241085577123,-0.022269875616722112,-0.07500816672350782,,,
2019-12-18,200.7372283935547,182.72795667911214,131.38034439783155,254.1438470507966,94.46170803739923,353.47133611964676,0.28492785973923274,182.72795667911214,0.09855783450842481,0.28492785973923274,201.23181041618128,-0.0024577725639087777,-0.008195687187993201,,,
2019-12-19,204.2662048339844,182.8296268447296,131.45344465909733,254.28525314699507,94.51426670261506,353.6680082104283,0.33606756889160727,182.8296268447296,0.11724892928573372,0.33606756889160727,201.32124971103306,0.014628138495953014,0.04836611812720253,,,
2019-12-20,204.504150390625,182.9313535798113,131.52658559348083,254.42673792180148,94.56685461156738,353.86478972991716,0.3379104032928441,182.9313535798113,0.1179283725214535,0.3379104032928441,201.4107287579867,0.015358772850453839,0.05076355014898664,,,
2019-12-23,204.38519287109372,183.23687351668175,131.74625266170582,254.85166475575787,94.72479396360065,354.4557914696588,0.3310883825628432,183.23687351668175,0.11541519427030966,0.3310883825628432,201.67940458818157,0.01341628456528432,0.04438585030501754,,,
2019-12-24,203.33441162109372,183.33882684454835,131.81955651499163,254.9934646830079,94.77749901030178,354.65301131317807,0.3137781208221872,183.33882684454835,0.10906355800727074,0.3137781208221872,201.76904282030392,0.007758220879225286,0.02573903856101607,,,
2019-12-26,205.98114013671875,183.54290371289267,131.96628660344652,255.27730127461487,94.88299709557059,355.0477802617055,0.349607389881715,183.54290371289267,0.12225063442891337,0.349607389881715,201.94843882382074,0.019968965030802366,0.06585131313225674,,,
2019-12-27,206.2884826660156,183.64502731651396,132.03971288401547,255.4193380267939,94.9357901667805,355.24532948885945,0.3524407513080749,183.64502731651396,0.12330012786284383,0.3524407513080749,202.0381966306378,0.02103704203590806,0.06933707531324115,,,
2019-12-30,202.6305694580078,183.95173918440508,132.2602369437531,255.84592263627908,95.0943456907566,355.8386369154708,0.29315081769631257,183.95173918440508,0.10154201507645366,0.29315081769631257,202.3077094840272,0.0015958856674520572,0.0053108605562927754,,,
2019-12-31,203.4632568359375,184.05409026482226,132.33382677882312,255.98827577041226,95.14725635670716,356.0366261766974,0.3038955831518431,184.05409026482226,0.10545360085825184,0.3038955831518431,202.39762697193285,0.005265031413399068,0.017489186784676803,,,
2020-01-02,207.95384216308597,184.2589633023216,132.48112930829737,256.2732196993727,95.25316602375928,356.43293524519396,0.3666967123251657,184.2589633023216,0.12859552901036975,0.3666967123251657,202.5775818594246,0.026539265867000728,0.08723648197327832,,,
2020-01-03,206.85348510742188,184.3614853227937,132.55484204827857,256.4158105823647,95.30616505763041,356.6312551750862,0.34892886339499407,184.3614853227937,0.12199944985932132,0.34892886339499407,202.66761929454373,0.0206538460729373,0.06808690157564135,,,
2020-01-06,210.74929809570312,184.66939377180972,132.77622644292688,256.84405943489145,95.4653391574332,357.22687728378935,0.4004283566948073,184.66939377180972,0.14122483315302126,0.4004283566948073,202.93797177876021,0.038491201269413855,0.12578929347978532,,,
2020-01-07,211.20529174804688,184.77214415653745,132.85010337548758,256.98696793414484,95.51845624481969,357.42563896446796,0.40529372241519346,184.77214415653745,0.14305807681224647,0.40529372241519346,203.02816939243274,0.04027580202335668,0.1315076969726367,,,
2020-01-08,213.3465118408203,184.87495171176508,132.9240214133072,257.1299559479457,95.57160288664969,357.6245112365052,0.43418353484137506,184.87495171176508,0.1540044222618362,0.43418353484137506,203.11840709524878,0.05035538084332858,0.1636226845513917,,,
2020-01-09,216.399658203125,184.97781646930238,132.99798057925673,257.27302352053607,95.62477909936733,357.8234941614344,0.47556873999962546,184.97781646930238,0.16986816221304668,0.47556873999962546,203.20868490502667,0.06491343273179173,0.20946684096294102,,,
2020-01-10,216.16177368164065,185.08073846097687,133.07198089622,257.41617069618263,95.67798489942591,358.0225878008229,0.47054865774113647,185.08073846097687,0.16793230607958165,0.47054865774113647,203.29900283959216,0.06327021117854437,0.20432372235721158,,,
2020-01-13,219.97825622558597,185.38984815936362,133.29422898222074,257.8460902844954,95.8377799883176,358.62053362193325,0.518541355935649,185.38984815936362,0.18657120877778421,0.518541355935649,203.57019757039177,0.08060147728412215,0.2581730635333779,,,
2020-01-14,217.15306091308597,185.49299940621574,133.36839413233128,257.989556315526,95.89110430245609,358.82007073551927,0.4776731586768581,185.49299940621574,0.17068062734560163,0.4776731586768581,203.6606761825251,0.06624933680603462,0.21364224149728242,,,
2020-01-15,219.22483825683597,185.59620804660818,133.44260054806549,258.1331021713158,95.9444582863394,359.01971887191627,0.5047695724160564,185.59620804660818,0.18119244226036524,0.5047695724160564,203.75119500869442,0.07594381592452137,0.24378675292645965,,,
2020-01-16,219.8394470214844,185.69947411247483,133.51684825238362,258.27672789627934,95.99784195647585,359.2194780928974,0.5115697281401401,185.69947411247483,0.18384528589634885,0.5115697281401401,203.84175406677323,0.07848094237587233,0.2516309846494714,,,
2020-01-17,220.20623779296875,185.80279763576715,133.59113726825862,258.4204335348559,96.05125532938284,359.4193484602702,0.5149368223930482,185.80279763576715,0.18516104490871732,0.5149368223930482,203.93235337464296,0.07980040512958309,0.25570317962567374,,,
2020-01-21,219.5123291015625,186.21666694285065,133.88870690723735,258.9960561149472,96.26520617938888,360.2199426310386,0.49862549149593943,186.21666694285065,0.1788006557379216,0.49862549149593943,204.29515346193796,0.07448622927053261,0.2392718484913946,,,
2020-01-22,219.3933868408203,186.32027823316963,133.96320282594078,259.1401619890462,96.31876831423328,360.4203696586907,0.4952964974359887,186.32027823316963,0.1775067583693788,0.4952964974359887,204.38595428726217,0.07342692704052145,0.2359867935645548,,,
2020-01-23,217.8469696044922,186.4239471729976,134.0377401943079,259.28434804391367,96.37236025114623,360.6209082043028,0.4721689889265085,186.4239471729976,0.16855679169980586,0.4721689889265085,204.4767954698329,0.06538724408282226,0.21094834894083622,,,
2020-01-24,216.0428009033203,186.52767379441158,134.1123190354018,259.4286143241634,96.42598200670999,360.8215583299251,0.44527448783495555,186.52767379441158,0.15823457457277845,0.44527448783495555,204.56767702758737,0.056094511324902285,0.18177096460869482,,,
2020-01-27,212.99951171875,186.83920006919732,134.33630462586183,259.8618949637017,96.5870263512624,361.42417880785376,0.3972135178847312,186.83920006919732,0.14001511267370015,0.3972135178847312,204.8405641314438,0.03983072211259242,0.13008244433100397,,,
2020-01-28,215.89410400390625,186.94315773807367,134.4110495887454,260.00648259210203,96.64076754743246,361.62527587469253,0.4364430749034907,186.94315773807367,0.15486496866815425,0.4364430749034907,204.93160736946402,0.05349343995862155,0.17355810717970424,,,
2020-01-29,221.2867584228516,187.04717324918505,134.48583613986153,260.1511506693203,96.6945386453013,361.826484832303,0.5095409563905086,187.04717324918505,0.1830532083371954,0.5095409563905086,205.02269107247326,0.07932813321930876,0.25424620141644083,,,
2020-01-30,207.70599365234372,187.15124663471494,134.56066430234998,260.29589924011844,96.74833966150622,362.0278057429415,0.31587108933145647,187.15124663471494,0.10982960245916984,0.31587108933145647,205.11381525845664,0.012637756216570706,0.04182630477470074,,,
2020-01-31,200.1523284912109,187.25537792686478,134.63553409936338,260.44072834928323,96.8021706126939,362.2292386688988,0.20189445390840674,187.25537792686478,0.06887359234821666,0.20189445390840674,205.20497994540716,-0.02462246021290737,-0.0830315715750409,,,
2020-02-03,202.4125061035156,187.5681195653172,134.86039352927304,260.87569935521884,96.96384324275843,362.83421016211236,0.2308735607845,187.5681195653172,0.07914130915530726,0.2308735607845,205.47871719211142,-0.014922280664858789,-0.05007319484678967,,,
2020-02-04,208.0034027099609,187.6724828063197,134.93543009617045,261.0208510662164,97.01779410052852,363.0360917729471,0.31177779950463186,187.6724828063197,0.10833191738941816,0.31177779950463186,205.57004406302065,0.011837126649611784,0.03919204448019221,,,
2020-02-05,208.28094482421875,187.77690411521823,135.01050841354942,261.16608353988846,97.07177497665346,363.2380857110753,0.314133586573979,187.77690411521823,0.1091936242404945,0.314133586573979,205.66141152498216,0.012737116213550781,0.042153077337475385,,,
2020-02-06,209.01449584960935,187.88138352432193,135.08562850463997,261.3113968211716,97.1257858878355,363.44019203899603,0.32310442140430545,187.88138352432193,0.11248114064771975,0.32310442140430545,205.7528195960368,0.015852401245223913,0.052382317724919476,,,
2020-02-07,210.48162841796875,187.98592106595785,135.16079039268507,261.4567909550273,97.17982685078624,363.6424108192432,0.34262088191831125,187.98592106595785,0.1196669794442633,0.34262088191831125,205.84426829423404,0.02252848797862117,0.07419844285965943,,,
2020-02-10,211.20529174804688,188.29988280959927,135.3865270711715,261.8934589220201,97.3421302175056,364.24974249980414,0.34796638673677993,188.29988280959927,0.12164324585166408,0.34796638673677993,206.11885833229135,0.02467718605133884,0.08118967155713493,,,
2020-02-11,205.3863983154297,188.4046532049945,135.46185637972332,262.0391769162816,97.39629155483269,364.45241171539203,0.26159594147620524,188.4046532049945,0.09013442514054115,0.26159594147620524,206.21046971970932,-0.003996263649463372,-0.013336221340957872,,,
2020-02-12,208.92532348632807,188.50948189482725,135.53722760163868,262.1849759882986,97.45048302762584,364.6551936964981,0.31169434706257215,188.50948189482725,0.10830140418555279,0.31169434706257215,206.30212182463586,0.012715340193747648,0.04208146367562391,,,
2020-02-13,211.2845916748047,188.6143689115326,135.6126407602382,262.3308561831831,97.50470465265246,364.8580885058652,0.3440459858001698,188.6143689115326,0.12019350855451139,0.3440459858001698,206.3938146651675,0.023696335171533578,0.07800009303806393,,,
2020-02-14,212.3155517578125,188.7193142875638,135.68809587885562,262.4768175460718,97.55895644668934,365.06109620627126,0.357114632625074,188.7193142875638,0.12503350576133188,0.357114632625074,206.48554825941008,0.02823443842703277,0.09273175715279071,,,
2020-02-18,215.90402221679688,189.13968003464248,135.99033642063125,263.06147558128737,97.7762656488012,365.8742571750647,0.4011742654541413,189.13968003464248,0.1415056966219479,0.4011742654541413,206.85289053587587,0.04375637032420965,0.14263232701336118,,,
2020-02-19,215.59671020507807,189.24491769473275,136.06600168979728,263.20784346213077,97.83066853986753,366.07783027355634,0.3951705597558858,189.24491769473275,0.13924702883092954,0.3951705597558858,206.94482817053373,0.04180767459148438,0.13640846348332106,,,
2020-02-20,212.7120513916016,189.35021390924746,136.14170905925593,263.35429278232783,97.88510170080086,366.28151664048823,0.3526535422903682,189.35021390924746,0.12337898648242929,0.3526535422903682,207.0368066677033,0.027411767092250017,0.09006601923746643,,,
2020-02-21,208.35037231445312,189.45556871076622,136.21745855243176,263.5008235871913,97.9395651484433,366.4853163388828,0.2881662570636688,189.45556871076622,0.09973210992036252,0.2881662570636688,207.12882604554633,0.00589751939519112,0.019583996359486218,,,
2020-02-24,198.97271728515625,189.77198496341833,136.44496000870595,263.94090536329094,98.10313738018887,367.0973960535995,0.14351064649552678,189.77198496341833,0.04848309050206501,0.14351064649552678,207.4051296448543,-0.040656720372042376,-0.13823677264562545,,,
2020-02-25,195.05709838867188,189.87757443911454,136.5208782312586,264.08776256045553,98.15772214327771,367.30164970877524,0.08157820078153147,189.87757443911454,0.027278228958091955,0.08157820078153147,207.49731272716951,-0.059953616627579254,-0.20591169503762952,,,
2020-02-26,195.48333740234372,189.98322266498636,136.59683869484783,264.23470146923074,98.21233727742764,367.5060170110549,0.08650866580716918,189.98322266498636,0.028950528684610122,0.08650866580716918,207.5895367810881,-0.05831796518487764,-0.200121764432994,,,
2020-02-27,188.09820556640625,190.0889296737218,136.67284142297615,264.3817221350801,98.26698279953682,367.71049802367054,-0.0319119565692628,190.0889296737218,-0.010472593594653468,-0.0319119565692628,207.68180182482004,-0.09429615925102863,-0.32986242025850077,,,
2020-02-28,190.7945251464844,190.19469549802844,136.74888643916012,264.5288246034944,98.32165872651353,367.9150928098921,0.00954466512025036,190.19469549802844,0.0031537664438290314,0.00954466512025036,207.77410787658366,-0.08172136029665933,-0.2839397957558542,,,
2020-03-02,194.72998046875,190.51234619171487,136.97727545140097,264.9706232794003,98.48586910586766,368.52956044340175,0.06637390508893372,190.51234619171487,0.02213837770278082,0.06637390508893372,208.05127226236854,-0.06402888888282965,-0.2203814060914188,,,
2020-03-03,184.27178955078125,190.61834760573785,137.05348985522892,265.1180534134762,98.54066682158106,368.7346109574349,-0.1026409901595976,190.61834760573785,-0.033294581212525265,-0.1026409901595976,208.14374252860367,-0.1146897460755606,-0.4057119364513153,,,
2020-03-04,190.0907287597656,190.72440799913932,137.129746664889,265.26556557794544,98.59549502684258,368.9397755619449,-0.010087900128408725,190.72440799913932,-0.0033224863352391276,-0.010087900128408725,208.23625389408346,-0.0871391258486015,-0.3036476559267564,,,
2020-03-05,183.5580596923828,190.83052740473553,137.2060459039759,265.4131598184498,98.65035373861669,369.145054320412,-0.117776577525198,190.83052740473553,-0.03810956145883526,-0.117776577525198,208.32880637707478,-0.11890216775810136,-0.42159671082469086,,,
2020-03-06,179.51358032226562,190.93670585536097,137.28238759609746,265.5608361806565,98.70524297387726,369.3504472963516,-0.1869983684257388,190.93670585536097,-0.05982676553427413,-0.1869983684257388,208.4213999958526,-0.1386989036354338,-0.4972807172761133,,,
2020-03-09,168.02447509765625,191.2555958060316,137.51166762694515,266.0043584545448,98.87009399045822,369.96731216469044,-0.39254412598189986,191.2555958060316,-0.12146635820232932,-0.39254412598189986,208.6994278497786,-0.19489728923167005,-0.7220038339046746,,,
2020-03-10,176.63880920410156,191.3620107654844,137.58817936754616,266.152363760742,98.92510548959238,370.1731626463819,-0.2426780252784764,191.3620107654844,-0.07693899903375401,-0.2426780252784764,208.79218619461608,-0.1539970320562869,-0.5569675430794243,,,
2020-03-11,168.758056640625,191.4684849344131,137.66473367941808,266.30045141735934,98.98014759722417,370.3791276636537,-0.38271113318010425,191.4684849344131,-0.11861183474433135,-0.38271113318010425,208.88498576673734,-0.19210059056576823,-0.7104546684264726,,,
2020-03-12,153.12533569335938,191.575018345762,137.74133058624756,266.44862147021666,99.0352203303842,370.5852072802337,-0.6790584008544103,191.575018345762,-0.20070300911054673,-0.6790584008544103,208.97782658446621,-0.26726515345651736,-1.0356901762767923,,,
2020-03-13,168.79766845703125,191.68161103249366,137.81797011173455,266.5968739651594,99.09032370611259,370.7914015598851,-0.3853719121685714,191.68161103249366,-0.11938517446821306,-0.3853719121685714,209.0707086661345,-0.19262880231307467,-0.712632890789927,,,
2020-03-16,144.73895263671875,192.00174507488637,138.04814463733757,267.042126561337,99.25581785925105,371.41067301543285,-0.8565352737036338,192.00174507488637,-0.2461581399676015,-0.8565352737036338,209.3496026782196,-0.30862561578781944,-1.2292002902020398,,,
2020-03-17,148.11927795410156,192.108575193142,138.1249548747176,267.190709283586,99.31104397584352,371.6173265857125,-0.7882427397157151,192.108575193142,-0.22898143508073232,-0.7882427397157151,209.44264999912932,-0.2927931443060078,-1.1537920161782427,,,
2020-03-18,145.6807098388672,192.21546475186867,138.2018078494526,267.3393746775304,99.36630082034715,371.82409513841236,-0.8402485545620891,192.21546475186867,-0.24209683114245406,-0.8402485545620891,209.53573867576065,-0.3047452870830015,-1.2105601672470294,,,
2020-03-19,151.7969970703125,192.32241378413914,138.27870358532175,267.48812278916887,99.42158840985901,372.030978737509,-0.7172710273874376,192.32241378413914,-0.21071603624584279,-0.7172710273874376,209.62886872649491,-0.27587742092734513,-1.075067386863205,,,
2020-03-20,148.4265899658203,192.4294223230446,138.35564210611744,267.6369536645257,99.47690676148568,372.2379774470144,-0.7870185280575548,192.4294223230446,-0.22866998105598269,-0.7870185280575548,209.722040169721,-0.29226995004576695,-1.1513290108684222,,,
2020-03-23,146.810791015625,192.7508053107592,138.58671461618604,268.0839433335335,99.64304656026314,372.85966487863766,-0.825255984185846,192.7508053107592,-0.23833889680029197,-0.825255984185846,210.00180303836353,-0.3009069975041818,-1.192224058489064,,,
2020-03-24,159.57862854003906,192.85805220748497,138.66382451487647,268.233105724519,99.69848813160527,373.0671246706109,-0.5741635074489515,192.85805220748497,-0.17255916092962753,-0.5741635074489515,210.09514023561155,-0.24044588389298616,-0.9159664530004517,,,
2020-03-25,154.85018920898438,192.96535877657809,138.74097731765397,268.38235110972863,99.75396055073799,373.27469989358764,-0.6670240900434675,192.96535877657809,-0.1975233783371696,-0.6670240900434675,210.18851891741915,-0.2632795073368237,-1.017623309535809,,,
2020-03-26,161.91810607910156,193.07272505124033,138.8181730483905,268.5316795353406,99.80946383482504,373.48239061179396,-0.533419810509184,193.07272505124033,-0.16136209277550995,-0.533419810509184,210.2819391022251,-0.22999518279890052,-0.8704545074039622,,,
2020-03-27,155.4251251220703,193.18015106469184,138.89541173097112,268.68109104755837,99.86499800103967,373.6901968894912,-0.6591627159723208,193.18015106469184,-0.1954394679501943,-0.6591627159723208,210.37540080847555,-0.2612010504803821,-1.0082404374272864,,,
2020-03-30,164.50537109375,193.50278787026377,139.12738572883012,269.12982456627344,100.0317859643264,374.31430972268595,-0.4921119537309255,193.50278787026377,-0.14985529198657044,-0.4921119537309255,210.65603524048078,-0.2190806643353279,-0.8235774197821408,,,
2020-03-31,165.34800720214844,193.6104531714457,139.20479645790545,269.2795688874684,100.08744383097603,374.5225788816813,-0.4783111277190541,193.6104531714457,-0.1459758267507919,-0.4783111277190541,210.74966321713723,-0.21542931704811819,-0.8080412822195409,,,
2020-04-01,158.210693359375,193.71817837779625,139.28225025845072,269.42939652667496,100.14313266576352,374.73096392201404,-0.6137482955591794,193.71817837779625,-0.1832945432161418,-0.6137482955591794,210.84333280759316,-0.24962913812526621,-0.9564786713635901,,,
2020-04-02,156.8129425048828,193.82596352264616,139.35974715443044,269.57930753025056,100.19885248591922,374.93946490815955,-0.6423332969558142,193.82596352264616,-0.19096007751014654,-0.6423332969558142,210.9370440303442,-0.25658888780898725,-0.9875134734334606,,,
2020-04-03,152.8378448486328,193.93380863934595,139.43728716982352,269.7293019445802,100.25460330868383,375.1480819046315,-0.7218489539730615,193.93380863934595,-0.21190716605343585,-0.7218489539730615,211.03079690389424,-0.2757557328552531,-1.0745077467079311,,,
2020-04-06,164.10887145996094,194.25770415431933,139.67016617246483,270.1797861163174,100.42204196517669,375.7746296016643,-0.5112294280145078,194.25770415431933,-0.15520019051809653,-0.5112294280145078,211.31230561449985,-0.22338232511954526,-0.8419740517871614,,,
2020-04-07,167.36033630371094,194.36578949228738,139.7478789055609,270.33011463801824,100.47791697097118,375.983711285282,-0.45344594232603574,194.36578949228738,-0.1389413911734093,-0.45344594232603574,211.4062252764488,-0.20834717102176403,-0.7781124735310639,,,
2020-04-08,172.76287841796875,194.47393496913296,139.82563487816225,270.48052680278045,100.53382306571996,376.19290930232677,-0.3588282211073645,194.47393496913296,-0.111639930331076,-0.3588282211073645,211.5001866818394,-0.1831549601520842,-0.673779703271272,,,
2020-04-09,173.66494750976562,194.58214061831748,139.9034341143274,270.6310226571432,100.58976026672099,376.40222371752657,-0.344728282357348,194.58214061831748,-0.10749801108202406,-0.344728282357348,211.5941898492249,-0.1792546495085069,-0.6579149190330432,,,
2020-04-13,173.26844787597656,195.01556560832432,140.21506417626546,271.2338439022892,100.81382047954347,377.24064665570023,-0.3584012186386327,195.01556560832432,-0.11151477916396368,-0.3584012186386327,211.97062051006952,-0.18258272085519722,-0.6714473444742483,,,
2020-04-14,176.61900329589844,195.1240726217762,140.29308009159647,271.3847589036488,100.86991347161201,377.45054403385865,-0.3020313566538459,195.1240726217762,-0.09483744920467885,-0.3020313566538459,212.06483276601705,-0.16714619301932054,-0.6091389689793676,,,
2020-04-15,175.429443359375,195.23264000872663,140.3711394151239,271.535757874388,100.92603767392279,377.6605581992979,-0.32420220372852937,195.23264000872663,-0.10143384143382206,-0.32420220372852937,212.15908689545228,-0.17312312224541626,-0.633126292871164,,,
2020-04-16,174.71572875976562,195.34126780276753,140.44924217100012,271.6868408612277,100.98219310384125,377.8706892169987,-0.3382455604670257,195.34126780276753,-0.10558720783888398,-0.3382455604670257,212.25338291698606,-0.1768530312277835,-0.6481836303747691,,,
2020-04-17,177.67970275878906,195.44995603750954,140.527388383391,271.8380079109146,101.03837977874251,378.0809371519778,-0.2889399624279027,195.44995603750954,-0.09091970977629749,-0.2889399624279027,212.3477208492381,-0.16326060836349887,-0.5936370335185502,,,
2020-04-20,176.68836975097656,195.77638372232883,140.7620880015116,272.2920139049155,101.20712744723897,378.7123831112961,-0.3109576851289655,195.77638372232883,-0.09749906300458056,-0.3109576851289655,212.63098629662005,-0.16903752915628,-0.6167108358674174,,,
2020-04-21,169.31317138671875,195.8853140563555,140.84040828188844,272.44351767397853,101.26343927601575,378.9230993662805,-0.4418866421146306,195.8853140563555,-0.13565153057871426,-0.4418866421146306,212.72549205810316,-0.20407671996136179,-0.7601948802641783,,,
2020-04-22,180.69322204589844,195.9943049994171,140.91877213981095,272.59510574001274,101.31978243679592,379.13393286417033,-0.24639112366172758,195.9943049994171,-0.07806901814603318,-0.24639112366172758,212.82003982352515,-0.15095767205131128,-0.5450237922814861,,,
2020-04-23,183.5184326171875,196.10335658523653,140.99717959952577,272.74677814992106,101.37615694701266,379.3448836701997,-0.20104984096315817,196.10335658523653,-0.06417495440767218,-0.20104984096315817,212.9146296115549,-0.1380656512330708,-0.49483294124165833,,,
2020-04-24,188.41542053222656,196.21246884755556,141.075630685293,272.89853495063255,101.43256282410887,379.55595184963914,-0.12291193354384196,196.21246884755556,-0.03973778201316447,-0.12291193354384196,213.00926144087003,-0.11545902155747612,-0.4086071765667118,,,
2020-04-27,185.8677978515625,196.54017003120939,141.3112459417128,273.3543121672691,101.60196883124864,380.1898612816673,-0.1692356750030265,196.54017003120939,-0.05430122594252451,-0.1692356750030265,213.2934093634248,-0.12858161718973948,-0.45838693705060923,,,
2020-04-28,181.31776428222656,196.6495253373199,141.38987177456093,273.5064070010068,101.65850035048568,380.4013996081781,-0.24604882241944842,196.6495253373199,-0.07796490242625409,-0.24604882241944842,213.38820954482006,-0.1502915523355447,-0.5424118590307613,,,
2020-04-29,192.4995574951172,196.75894148892053,141.46854135496463,273.65858646058507,101.71506332396228,380.6130556349965,-0.0663393362287441,196.75894148892053,-0.021647727730041644,-0.0663393362287441,213.48305186101203,-0.098291148561789,-0.34458549216047457,,,
2020-04-30,202.92796325683597,196.8684185198658,141.54725470726518,273.81085059309,101.77165776917964,380.82482942761106,0.09189237844151985,196.8684185198658,0.030779668890156264,0.09189237844151985,213.57793633072765,-0.049864575231217234,-0.17035757935074702,,,
2020-05-01,200.5092010498047,196.97795646402915,141.62601185581735,273.9631994456336,101.82828370364868,381.03672105154686,0.0538593639474047,196.97795646402915,0.017927105393746867,0.0538593639474047,213.67286297270243,-0.061606615551266564,-0.21177327698197515,,,
2020-05-04,203.47317504882807,197.30693611484392,141.86254632273435,274.42075479501193,101.99835061782144,381.67310356708,0.09328107795012508,197.30693611484392,0.03125201300776892,0.09328107795012508,213.95789611966197,-0.04900366502468334,-0.16734120595934204,,,
2020-05-05,205.26742553710935,197.4167180509901,141.94147890011152,274.5734429993565,102.05510268460142,381.88546717228104,0.11820732702826661,197.4167180509901,0.03976718670853141,0.11820732702826661,214.05299163819504,-0.0410438837310696,-0.13958113795387178,,,
2020-05-06,206.6552276611328,197.5265610700045,142.0204553957178,274.72621615969456,102.1118863283342,382.0979489369768,0.13694606649777932,197.5265610700045,0.04621488138951135,0.13694606649777932,214.14812942279002,-0.03498934023777567,-0.11861952485837528,,,
2020-05-07,209.42095947265625,197.636465205873,142.0994758339888,274.8790743232949,102.16870156658888,382.31054892691014,0.17555845133949252,197.636465205873,0.059627125260045544,0.17555845133949252,214.24330949223224,-0.02250875432705557,-0.07582197283014284,,,
2020-05-08,210.5014495849609,197.7464304926019,142.17854023937485,275.0320175374545,102.22554841694506,382.5232672078631,0.18947139068547703,197.7464304926019,0.06450189295748743,0.18947139068547703,214.33853186531564,-0.017901971460576482,-0.06016265203308804,,,
2020-05-11,211.32423400878903,198.07669359828685,142.41599750292312,275.4913579566391,102.39627881656051,383.16213245519083,0.19623802939465737,198.07669359828685,0.06688086402214033,0.19623802939465737,214.62445299447663,-0.015376714720258478,-0.05160996884290851,,,
2020-05-12,208.2710723876953,198.18690382888937,142.4952380215382,275.6446418465195,102.45325229131015,383.37532455875896,0.1504383887941905,198.18690382888937,0.05088211362095052,0.1504383887941905,214.71984477023054,-0.030033425133275338,-0.1015591574465056,,,
2020-05-13,203.3145751953125,198.29717538066353,142.57452262972114,275.7980110238335,102.51025746620418,383.58863528279915,0.07574256203394207,198.29717538066353,0.02530242705180874,0.07574256203394207,214.8152789437204,-0.05353764315535936,-0.18325769774462103,,,
2020-05-14,205.00970458984372,198.40750828772858,142.65385135200347,275.95146553603524,102.56729435888063,383.802064693312,0.09922426321322825,198.40750828772858,0.033275939802342114,0.09922426321322825,214.9107555337902,-0.046070523177653366,-0.15708481010360212,,,
2020-05-15,209.0442657470703,198.51790258422267,142.7332242129304,276.1050054306051,102.62436298698735,384.01561285633494,0.15661241173320825,198.51790258422267,0.05302475507659454,0.15661241173320825,215.00627455929225,-0.027729464288623773,-0.09365760400758409,,,
2020-05-18,211.33413696289065,198.84945415194628,142.97160787323511,276.5661378837248,102.79575946051465,384.65697052138904,0.1845773858178635,198.84945415194628,0.0627845968408065,0.1845773858178635,215.29308643704346,-0.018388651208781304,-0.06181349400236528,,,
2020-05-19,214.99203491210935,198.9600943479186,143.0511575344652,276.7200197831008,102.85295520701716,384.8709943555611,0.2349082929123971,198.9600943479186,0.08057867391315132,0.2349082929123971,215.38877539296732,-0.0018419737989323615,-0.006140350631813892,,,
2020-05-20,227.9680938720703,199.07079610429614,143.1307514572707,276.8739873026439,102.91018277733649,385.08513727298157,0.41086496798933164,199.07079610429614,0.14516090925076952,0.41086496798933164,215.4845068787115,0.05793264292724931,0.18756265825498888,,,
2020-05-21,229.375732421875,199.18155945533113,143.21038966627881,277.0280404899934,102.96744218917945,385.2993993399087,0.42783814633412065,199.18155945533113,0.1515912067819476,0.42783814633412065,215.5802809131788,0.06399217706860716,0.20658438140178595,,,
2020-05-22,232.86509704589844,199.29238443529502,143.29007218613046,277.18217939281493,103.02473346026274,385.5137806226374,0.471916830043328,199.29238443529502,0.16845958617903722,0.471916830043328,215.67609751528016,0.07969821286941858,0.2553879663456404,,,
2020-05-26,230.1786651611328,199.73630133053436,143.609245867271,277.79959311306516,103.25421749167784,386.37249923875964,0.42999989497070473,199.73630133053436,0.1524127743820629,0.42999989497070473,216.05978997854652,0.06534707445558574,0.21082277256859405,,,
2020-05-27,227.14529418945312,199.84743496988102,143.68915031143436,277.9541613091618,103.31166832505816,386.5874775962131,0.3881020409819341,199.84743496988102,0.13659349304976653,0.3881020409819341,216.15581970278097,0.0508405209805729,0.16516062706081605,,,
2020-05-28,223.4973602294922,199.95863044418562,143.76909921457496,278.1088155072823,103.36915112418609,386.80257556801354,0.3373399319629198,199.95863044418562,0.11771799863310695,0.3373399319629198,216.2518921082935,0.03350476174132311,0.10975898344387562,,,
2020-05-29,223.13055419921875,200.06988778785328,143.8490926014299,278.26355575527845,103.42666590684743,387.0177932207145,0.33067490640487096,200.06988778785328,0.11526305465727127,0.33067490640487096,216.348007214054,0.0313501708312669,0.10280850233547942,,,
2020-06-01,229.8912048339844,200.40403137937247,144.08933991185768,278.7282932774365,103.59940233403839,387.66416493031295,0.4160953995940489,200.40403137937247,0.14713862416665457,0.4160953995940489,216.6366089226506,0.06118354592628572,0.1977812021398442,,,
2020-06-02,230.6941375732422,200.5155365449261,144.16951148121584,278.8833782039844,103.65704522888936,387.87986197289354,0.4249778316233912,200.5155365449261,0.15050505087197807,0.4249778316233912,216.73289501927243,0.0644168138515766,0.2079133109679956,,,
2020-06-03,228.15640258789065,200.62710375215553,144.24972765818018,279.03854942006603,103.71472019635131,388.09567902969883,0.38976242905146186,200.62710375215553,0.13721625005235283,0.38976242905146186,216.829223911119,0.05224009232913551,0.16959343198084653,,,
2020-06-04,224.32009887695312,200.73873303558088,144.3299884675705,279.193806973693,103.77242725426947,388.3116161675049,0.33667522593874183,200.73873303558088,0.11747292355976202,0.33667522593874183,216.92559561721137,0.03408773980176205,0.11163711801067261,,,
2020-06-05,228.76112365722656,200.85042442974145,144.41029393422036,279.3491509129035,103.83016642049904,388.52767345312503,0.3944137102363681,200.85042442974145,0.1389626101449859,0.3944137102363681,217.02201015657857,0.054091810743889024,0.17544925150693907,,,
2020-06-08,229.3856201171875,201.18587162231583,144.65147852626995,279.8157015248219,104.00357674775714,389.17656686556035,0.3976190436040245,201.18587162231583,0.1401676383509214,0.3976190436040245,217.31151096474753,0.05556129585053893,0.1800889914749816,,,
2020-06-09,236.5923309326172,201.29781180519467,144.73196287056984,279.9713914872854,104.06144452598289,389.39310541131306,0.48970025495938563,201.29781180519467,0.17533483752708978,0.48970025495938563,217.40809702767498,0.0882406596958536,0.2816348007399341,,,
2020-06-10,234.6692352294922,201.4098142717941,144.81249199650475,280.1271680759261,104.11934450194532,389.609764439505,0.46327491520447917,201.4098142717941,0.16513306999437427,0.46327491520447917,217.50472601915007,0.07891556898322705,0.25297290202227113,,,
2020-06-11,222.476318359375,201.52187905676817,144.89306592899072,280.283031338942,104.17727669355891,389.82654401717144,0.2998548552337589,201.52187905676817,0.10398096425403036,0.2998548552337589,217.60139795825276,0.022402982916761793,0.07378963247824201,,,
2020-06-12,226.59017944335935,201.63400619479165,144.97368469295873,280.43898132455985,104.2352411187489,390.0434442113877,0.35370752138942924,201.63400619479165,0.12376966425226099,0.35370752138942924,217.69811286407156,0.04084585971969301,0.13333226805088538,,,
2020-06-15,230.4760589599609,201.97076207418584,145.2158102232655,280.9073520996816,104.4093279751738,390.6948691646292,0.4001917590074136,201.97076207418584,0.14113575941900347,0.4001917590074136,217.98851557283615,0.057285326955457405,0.18552420554419993,,,
2020-06-16,233.5986328125,202.08313897153198,145.2966085627425,281.06364945849975,104.46742151411651,390.9122524965278,0.43929780045849653,202.08313897153198,0.15595310920723415,0.43929780045849653,218.0854025365736,0.07113373978950643,0.22886415708566307,,,
2020-06-17,233.47970581054688,202.1955783955871,145.37745185856173,281.2200337814511,104.52554737640938,391.12975678090544,0.4360680985107702,202.1955783955871,0.1547221144161408,0.4360680985107702,218.18233256259683,0.07011279542334714,0.22568819822340389,,,
2020-06-18,233.8861083984375,202.30808038114114,145.458340135737,281.37650511692254,104.58370558003716,391.34738208506036,0.4396536280682206,202.30808038114114,0.15608881245773532,0.4396536280682206,218.27930567004518,0.07149923205264286,0.23000039647436887,,,
2020-06-19,236.7113342285156,202.42064496300344,145.539273419296,281.5330635133281,104.64189614299464,391.5651284763282,0.4743635520408526,202.42064496300344,0.16940312225454823,0.4743635520408526,218.3763218780666,0.0839606244521629,0.2685101645742531,,,
2020-06-22,237.1375732421875,202.75871463482375,145.78234355876137,282.0032615526927,104.81666216794325,392.21909484672716,0.47475854689756153,202.75871463482375,0.16955551661136448,0.47475854689756153,218.66762929717606,0.08446583522387852,0.27006207747503697,,,
2020-06-23,240.13124084472656,202.87152995039992,145.863457118411,282.16016867751284,104.87498234836762,392.4373262605523,0.5110993829246586,202.87152995039992,0.1836616054674418,0.5110993829246586,218.76481809913935,0.09766845935850821,0.3103637914086627,,,
2020-06-24,231.9828186035156,202.98440803662172,145.94461580979194,282.31716310574103,104.93333497824587,392.65567909873084,0.40476916781704597,202.98440803662172,0.14286028590758604,0.40476916781704597,218.86205009754306,0.059949947924388125,0.19390733130314552,,,
2020-06-25,233.62835693359372,203.09734892841487,146.02581965801556,282.47424488595306,104.99172007563293,392.8741534288235,0.42450859666648544,203.09734892841487,0.15032696471060292,0.42450859666648544,218.95932531158607,0.06699432235248781,0.21596844032812504,,,
2020-06-26,214.19900512695312,203.2103526607245,146.10706868820722,282.6314140667517,105.05013765859378,393.0927493184286,0.15963485175368097,203.2103526607245,0.05407525907193822,0.15963485175368097,219.05664376047656,-0.022175262754572933,-0.07468589692428855,,,
2020-06-29,218.7193145751953,203.54974125049537,146.35108712205363,283.1034464991013,105.22558550171972,393.7492670208661,0.21787938113194052,203.54974125049537,0.0745251417737336,0.21787938113194052,219.3488587084336,-0.0028700588502951208,-0.009572474323472496,,,
2020-06-30,225.0933380126953,203.66299669471132,146.4325171316506,283.26096576881565,105.28413320782667,393.9683498252568,0.3032673713825403,203.66299669471132,0.10522452122271297,0.3032673713825403,219.44635028895883,0.025732885127963012,0.08461923535030536,,,
2020-07-01,235.4821319580078,203.7763151544613,146.51399244905224,283.41857268253654,105.3427134899832,394.1875545277161,0.43834883191923973,203.7763151544613,0.15559127555876007,0.43834883191923973,219.54388520049716,0.07259708801707299,0.23341107309324718,,,
2020-07-02,231.38804626464844,203.88969666480722,146.59551309946784,283.5762672890294,105.40132636631469,394.4068811960683,0.3834988103388385,203.88969666480722,0.13486875526156794,0.3834988103388385,219.64146346230726,0.05348071633276574,0.17351788263721316,,,
2020-07-06,238.18833923339844,204.3438539140729,146.922049535948,284.207923618975,105.6361041762507,395.2854088862141,0.4645548866440369,204.3438539140729,0.16562516890553125,0.4645548866440369,220.03221039774508,0.08251577713477998,0.2640678686136317,,,
2020-07-07,238.7632751464844,204.45755120401125,147.00379723006486,284.3660574217566,105.69488029569071,395.50534640271724,0.4701766519457815,204.45755120401125,0.16778897986625263,0.4701766519457815,220.13000570009768,0.08464665862850351,0.2706173574337103,,,
2020-07-08,241.45962524414065,204.5713117553274,147.08559040874658,284.5242792104721,105.75368911826989,395.72540629285237,0.5025300462269355,204.5713117553274,0.18032007113945991,0.5025300462269355,220.2278444684555,0.09640824858877606,0.30653791567940825,,,
2020-07-09,242.37158203125,204.68513560322006,147.16742909730087,284.68258903407707,105.81253066218433,395.9455886247084,0.5122707841045009,204.68513560322006,0.18411911698895778,0.5122707841045009,220.3257267221372,0.10006028636372477,0.31761307817166645,,,
2020-07-10,242.93663024902344,204.79902278290757,147.2493133210495,284.84098694155426,105.87140494564024,396.1658934664122,0.5176431980711892,204.79902278290757,0.18621967501545522,0.5176431980711892,220.42365248047022,0.10213503639564214,0.3238885950845698,,,
2020-07-13,236.91946411132807,205.14106466521653,147.4952394568906,285.31670965745565,106.04822441547084,396.82754373244643,0.4365612306224467,205.14106466521653,0.15490998595514194,0.4365612306224467,220.71769097678057,0.07340495935258717,0.23591863416667969,,,
2020-07-14,237.6431121826172,205.25520552465866,147.57730607491612,285.4754603907944,106.10722983935732,397.0483392955671,0.44411954584631863,205.25520552465866,0.1577933508442375,0.44411954584631863,220.81579094716503,0.0762052440329255,0.24459588490701825,,,
2020-07-15,238.18833923339844,205.3694098922818,147.65941835495664,285.6342994533289,106.16626809396855,397.2692577097391,0.4493800036703385,205.3694098922818,0.15980437085703514,0.4493800036703385,220.91393451896715,0.07819517927669772,0.25074839129776477,,,
2020-07-16,238.8326873779297,205.48367780342127,147.741576322418,285.7932268942045,106.22533919757126,397.49029904331576,0.4558828593515591,205.48367780342127,0.16229517561201234,0.4558828593515591,221.01212171156578,0.08063162114529088,0.2582659680232087,,,
2020-07-17,239.9231414794922,205.5980092934336,147.82378000272138,285.95224276259626,106.28444316844305,397.71146336469087,0.4680050278447816,205.5980092934336,0.16695264853984604,0.4680050278447816,221.11035254434861,0.08508325692877827,0.27195769997327,,,
2020-07-20,243.2835693359375,205.94138559055688,148.07066557509896,286.4298214250131,106.46195246759635,398.3756949400985,0.5051080067102763,205.94138559055688,0.18132432992182856,0.5051080067102763,221.4053070778078,0.09881543738443943,0.31384208747285475,,,
2020-07-21,239.64553833007807,206.05597175000986,148.15305236125778,286.58919149575325,106.52118809051956,398.59735189735215,0.4577513497488353,206.05597175000986,0.16301185689886033,0.4577513497488353,221.50371266537633,0.08190303199165072,0.2621821450775547,,,
2020-07-22,237.78189086914065,206.17062166540887,148.23548498757316,286.74865024028855,106.58045667225034,398.819132184937,0.4324004048011957,206.17062166540887,0.15332576944465548,0.4324004048011957,221.60216199019663,0.07301250463278319,0.23470072527866287,,,
2020-07-23,230.5751953125,206.28533537222836,148.31796347955105,286.908197707958,106.63975823112727,399.0410358714754,0.33742358431120917,206.28533537222836,0.11774884480490178,0.33742358431120917,221.70065507170816,0.04002938213205276,0.13071867673211343,,,
2020-07-24,228.7016448974609,206.4001129059618,148.4004878627111,287.06783394812703,106.69909278549885,399.26306302562637,0.31100667604006543,206.4001129059618,0.10804999899229673,0.31100667604006543,221.79919192935895,0.03112028005178802,0.10206604201011155,,,
2020-07-27,231.4673614501953,206.74482882387892,148.64833661469433,287.547275797701,106.87729460521992,399.9298859809219,0.34238521543045325,206.74482882387892,0.11957993226218466,0.34238521543045325,222.09506535375698,0.04219947922530376,0.13766076757493104,,,
2020-07-28,228.11676025390625,206.85986202060002,148.73104481806433,287.7072676220751,106.9367613252597,400.15240769288147,0.296500313610942,206.85986202060002,0.1027598975735049,0.296500313610942,222.19377751061833,0.026656834451652678,0.08761789918901336,,,
2020-07-29,231.2592010498047,206.97495922199985,148.81379904042828,287.86734846618975,106.99626113269007,400.37505321632415,0.3362858077740571,206.97495922199985,0.11732937123933795,0.3362858077740571,222.29253354098898,0.04033724104890957,0.13170439157136182,,,
2020-07-30,232.4586639404297,207.0901204636907,148.89659930739126,288.02751837957555,107.05579404592092,400.5978226201388,0.35028090099625836,207.0901204636907,0.12250001796288901,0.35028090099625836,222.3913334643689,0.04526853775834638,0.14745397799359516,,,
2020-07-31,251.46176147460935,207.20534578130477,148.97944564457254,288.18777741179093,107.11536008337237,400.8207159732526,0.5867822808769084,207.20534578130477,0.21358722926007467,0.5867822808769084,222.49017730026654,0.1302151156778646,0.4076797838829134,,,
2020-08-03,249.76666259765625,207.55140654630483,149.22826133383307,288.66908971741094,107.29425712540541,401.4901404182376,0.5612215207007312,207.55140654630483,0.20339662714804674,0.5612215207007312,222.78697247828396,0.12110084274340638,0.3807131099197004,,,
2020-08-04,247.6551971435547,207.66688852432964,149.31129220836578,288.82970572107916,107.35395584414563,401.7135302585884,0.533801450919672,207.66688852432964,0.19255986788929103,0.533801450919672,222.88599215951334,0.11112948258459743,0.35095826304386624,,,
2020-08-05,246.95135498046875,207.7824347567359,149.3943692814273,288.9904110917824,107.41368777936093,401.9370443934504,0.523488332829155,207.7824347567359,0.1885092946840785,0.523488332829155,222.98505585093378,0.10747939604327805,0.33999948228696486,,,
2020-08-06,262.9707336425781,207.8980452792749,149.4774925787225,289.1512058792445,107.47345294953304,402.16068289198137,0.7123175404380587,207.8980452792749,0.26490238659686605,0.7123175404380587,223.0841635721066,0.17879606257922087,0.5478460380175156,,,
2020-08-07,266.10321044921875,208.01372012771773,149.56066212597068,289.3120901332172,107.53325137315393,402.3844458233774,0.7465254260639417,208.01372012771773,0.2792579753192954,0.7465254260639417,223.18331534260045,0.19230781226066807,0.5858041972667769,,,
2020-08-10,260.7105407714844,208.36113098647945,149.8104485248402,289.79528019213075,107.7128463497836,403.05648190729545,0.679407816029137,208.36113098647945,0.25124364384642295,0.679407816029137,223.4810351458358,0.16658910498313162,0.5131774132052204,,,
2020-08-11,253.90036010742188,208.47706349664742,149.89380332937907,289.9565228102162,107.77277797232541,403.28074326288396,0.5974892589018307,208.47706349664742,0.21788150623823865,0.5974892589018307,223.58036330948372,0.13561117957380153,0.4235429811132747,,,
2020-08-12,257.6276550292969,208.59306051187374,149.97720451268194,290.117855143986,107.83274294093042,403.5051293978964,0.6399782176118204,208.59306051187374,0.23507299042976526,0.6399782176118204,223.6797356204305,0.15177020535500674,0.47059987402591646,,,
2020-08-13,259.0252990722656,208.70912206804917,150.06065210055405,290.27927724335814,107.89274127415241,403.72964038176013,0.6546921183308421,208.70912206804917,0.24108278788030635,0.6546921183308421,223.77915209829823,0.1575041582000678,0.4871392419055026,,,
2020-08-14,258.9658508300781,208.82524820108435,150.14414611881503,290.44078915827833,107.95277299055553,403.95427628394145,0.6523102565068042,208.82524820108435,0.24010795179667088,0.6523102565068042,223.87861276271707,0.15672438574804404,0.4848948376130701,,,
2020-08-17,258.8865661621094,209.17401442075547,150.3949070143423,290.9258642962017,108.133068624648,404.6289341956317,0.6463237905214091,209.17401442075547,0.23766122134729728,0.6463237905214091,224.17726007171487,0.15482973642951525,0.47943519392017614,,,
2020-08-18,260.0563049316406,209.29039922073645,150.47858701264175,291.0877359733274,108.19323405962355,404.8540704665173,0.6583028664225203,209.29039922073645,0.2425620377232971,0.6583028664225203,224.2768976788168,0.15953229076702735,0.4929697045328971,,,
2020-08-19,260.3041076660156,209.406848777431,150.56231357064388,291.2496977161476,108.25343297075615,405.07933200363203,0.6595037695811626,209.406848777431,0.24305441386342141,0.6595037695811626,224.3765795707523,0.16012156065483807,0.4946618219961422,,,
2020-08-20,266.668212890625,209.52336312686919,150.6460867142541,291.4117495747739,108.3136653766716,405.3047188766728,0.731035316989548,209.52336312686919,0.2727373640387485,0.731035316989548,224.47630576720482,0.18795706290344816,0.5736289247062214,,,
2020-08-21,264.6856689453125,209.63994230510252,150.72990646939317,291.573891599348,108.37393129600683,405.53023115537803,0.7067295586532639,209.63994230510252,0.2625727045855526,0.7067295586532639,224.5760762878657,0.17860136003994298,0.5472958916572975,,,
2020-08-24,269.02752685546875,209.99006917337937,150.98164566340128,292.0608591705774,108.55493032105093,406.207521123429,0.7509911821021443,209.99006917337937,0.28114404607079213,0.7509911821021443,224.87565399214483,0.19633905262535079,0.5970457574340919,,,
2020-08-25,278.3754272460937,210.10690802770117,151.06565212414665,292.2233623609047,108.61533048063762,406.43353572293734,0.8528417693406686,210.10690802770117,0.32492277316932294,0.8528417693406686,224.97560200672956,0.23735829469084746,0.7093255559194754,,,
2020-08-26,301.2644348144531,210.22381189137246,151.14970532623846,292.3859559683005,108.67576424698217,406.65967607737696,1.0906745243831077,210.22381189137246,0.43306522750202747,1.0906745243831077,225.0755944441117,0.3385033395491479,0.9710141949319985,,,
2020-08-27,290.6674499511719,210.34078080056517,151.23380529568408,292.5486400430739,108.73623163878372,406.8859422567192,0.9804453616401974,210.34078080056517,0.3818882332036626,0.9804453616401974,225.17563132403535,0.2908477184766569,0.8502738110232816,,,
2020-08-28,291.10369873046875,210.4578147914705,151.31795205850483,292.7114146355607,108.79673267475145,407.11233433097294,0.9833052404159223,210.4578147914705,0.3831926318293537,0.9833052404159223,225.27571266625344,0.29221075492385484,0.8537887088364305,,,
2020-08-31,290.647705078125,210.809307616679,151.57067336764942,293.2002820230843,108.9784378349005,407.7922666238793,0.9734950542960542,210.809307616679,0.37872330384300956,0.9734950542960542,225.57622366433452,0.28846781968750035,0.8441277966903398,,,
2020-09-01,292.8681335449219,210.92660229675232,151.65500756447474,293.3634191903475,109.03907363483385,408.0191629786503,0.9948780922574882,210.92660229675232,0.3884836258486075,0.9948780922574882,225.6764830534348,0.29773439209249686,0.8679948022947639,,,
2020-09-02,299.86669921875,211.0439622397978,151.7393886849997,293.52664712742563,109.09974317263597,408.24618557896343,1.064775649633787,211.0439622397978,0.4208731490646851,1.064775649633787,225.77678700372564,0.32815557878322443,0.9451665772786475,,,
2020-09-03,288.5857849121094,211.16138748212785,151.82381675533279,293.6899658848232,109.16044646707866,408.4733344950621,0.9468560805480917,211.16138748212785,0.36665982523217955,0.9468560805480917,225.87713553501277,0.2776228290152736,0.8159764479848225,,,
2020-09-04,280.2688293457031,211.27887806007513,151.9082918015969,293.8533755130728,109.22118353694417,408.7006097972285,0.8565280652658303,211.27887806007513,0.32653501343381497,0.8565280652658303,225.97752866711056,0.2402508824608378,0.71710222061174,,,
2020-09-08,268.79949951171875,211.7494944553972,152.2466622689319,294.5079237462278,109.46446994664554,409.6109762735879,0.7231293772619336,211.7494944553972,0.2694221547165889,0.7231293772619336,226.37954760020511,0.18738420657341748,0.5720225045587924,,,
2020-09-09,271.3372497558594,211.86731225712822,152.33137258720464,294.67178848771107,109.52537617572501,409.8388845616976,0.7499267850998741,211.86731225712822,0.2806942555940708,0.7499267850998741,226.48016403388104,0.19806187404238984,0.6018384866981432,,,
2020-09-10,265.7562561035156,211.9851956128972,152.41613003845168,294.83574440383285,109.58631629314051,410.06691965839116,0.6852433261664671,211.9851956128972,0.2536547910110143,0.6852433261664671,226.58082518743907,0.17289826217054616,0.5311409202196039,,,
2020-09-11,264.2891540527344,212.10314455917856,152.50093464889792,294.999791545323,109.64729031774756,410.29508163422497,0.6667771702836204,212.10314455917856,0.2460407157188349,0.6667771702836204,226.68153108075578,0.1659051039256516,0.5112240831013499,,,
2020-09-14,263.8331604003906,212.45738530614528,152.75563169789936,295.49248082972383,109.83041602343081,410.9803295427223,0.6564844449043018,212.45738530614528,0.24181684727134467,0.6564844449043018,226.9839173981507,0.16234296872056775,0.5010329865021939,,,
2020-09-15,270.04852294921875,212.57559697962608,152.840625207683,295.6568933805492,109.89152586556933,411.20899974146795,0.7253790796831339,212.57559697962608,0.27036464573636376,0.7253790796831339,227.08480244943937,0.18919681121921528,0.5771028118345493,,,
2020-09-16,261.2260131835937,212.69387442629585,152.92566600800922,295.8213974108153,109.95266970933456,411.43779717272577,0.6230095126552254,212.69387442629585,0.2281783567495994,0.6230095126552254,227.18573234000024,0.14983458905178804,0.46499806818480716,,,
2020-09-17,252.60174560546875,212.81221768275086,153.01075412519057,295.98599297142135,110.01384757364505,411.6667219072882,0.519560264041269,212.81221768275086,0.18697012960991755,0.519560264041269,227.28670708976176,0.11137931839414339,0.3517070368290052,,,
2020-09-18,250.33169555664065,212.9306267856078,153.09588958555423,296.15068011329504,110.07505947742992,411.89577401598706,0.4905105828631264,212.9306267856078,0.17564908033962934,0.4905105828631264,227.38772671866263,0.10090240651539495,0.32016167320174566,,,
2020-09-21,245.9898223876953,213.28624953906294,153.35158028923067,296.64529153622357,110.2588996150796,412.58369529581114,0.43241635660916333,213.28624953906294,0.15333183887526136,0.43241635660916333,227.69105507971366,0.08036664989573405,0.2574492281311004,,,
2020-09-22,252.5323486328125,213.40492239410221,153.43690538588848,296.81034551301127,110.32024786626357,412.813257610162,0.5102969001953008,213.40492239410221,0.1833482836279301,0.5102969001953008,227.7922544247289,0.10860814504234462,0.34339221725885966,,,
2020-09-23,246.85226440429688,213.52366127893265,153.52227795758444,296.9754913261302,110.38163025172545,413.0429476533998,0.4396529945078334,213.52366127893265,0.1560885708203834,0.4396529945078334,227.89349874870683,0.08319134051513877,0.26614567856631277,,,
2020-09-24,247.3577880859375,213.64246623029322,153.60769803073356,297.14072902667806,110.44304679045756,413.27276549659274,0.44416808840562166,213.64246623029322,0.15781189222605807,0.44416808840562166,227.9947880716386,0.08492738004262979,0.27147922492878257,,,
2020-09-25,252.60174560546875,213.761337284944,153.69316563176613,297.30605866578185,110.50449750146308,413.50271121085007,0.5060714791757592,213.761337284944,0.18169987526205666,0.5060714791757592,228.09612241352437,0.10743550978704142,0.33986750143712124,,,
2020-09-28,254.5843811035156,214.11834743653682,153.94985386668225,297.80259972611515,110.68905485830679,414.1933162916774,0.5247117919609906,214.11834743653682,0.18898909949308584,0.5247117919609906,228.40039575304104,0.11464071795561215,0.3614662472482302,,,
2020-09-29,259.5111389160156,214.2374832723515,154.03551184384085,297.96829763127334,110.75064244864625,414.4237742020622,0.5811256476669258,214.2374832723515,0.21132462420737808,0.5811256476669258,228.50191037092242,0.1357066489936849,0.42382296033747485,,,
2020-09-30,259.6200866699219,214.3566853955604,154.12121748125264,298.1340877310451,110.81226430643218,414.6543603396445,0.5807118399049793,214.3566853955604,0.21115927031076853,0.5807118399049793,228.6034701078924,0.135678677788184,0.423740932776199,,,
2020-10-01,264.3089294433594,214.47595384304663,154.20697080543636,298.29997007672887,110.87392045073146,414.88507477577156,0.6332820089206295,214.47595384304663,0.23234761150324812,0.6332820089206295,228.70507498400434,0.15567583912095162,0.4818744393890356,,,
2020-10-02,257.6772155761719,214.5952886517124,154.2927718429245,298.4659447196492,110.93561090062074,415.11591758182743,0.5545702790513359,214.5952886517124,0.2007589597849062,0.5545702790513359,228.80672501932077,0.1261785052620863,0.3957634718081208,,,
2020-10-05,262.34619140625,214.95369161412725,154.55046150076905,298.9644229455207,111.12088827476019,415.8092169340251,0.6039441361751305,214.95369161412725,0.22047771981138653,0.6039441361751305,229.1119462812554,0.1450567971876795,0.45113034544858294,,,
2020-10-06,256.4083251953125,215.0732922369532,154.63645365710153,299.1307672912194,111.18271613799358,416.0405739344498,0.5328623347028244,215.0732922369532,0.19219045065260443,0.5328623347028244,229.2137771541931,0.11864272897883232,0.3734026738064656,,,
2020-10-07,255.87306213378903,215.19295940578198,154.72249365962531,299.2972041912129,111.24457840236191,416.27205966232805,0.5248418589520559,215.19295940578198,0.1890401193437652,0.5248418589520559,229.3156532867816,0.11581158314471796,0.3649629074119386,,,
2020-10-08,261.4639587402344,215.31269315763996,154.80858153496217,299.4637336969987,111.30647508700604,416.503674189284,0.5886751602970899,215.31269315763996,0.21434530823877185,0.5886751602970899,229.41757469913696,0.13968582870394175,0.4354716509342444,,,
2020-10-09,262.1479797363281,215.43249352957406,154.89471730974856,299.6303558601027,111.36840621107746,416.7354175869817,0.5949086984671571,215.43249352957406,0.21684512601318007,0.5949086984671571,229.51954141138398,0.14215973996942544,0.4426933181465211,,,
2020-10-12,273.3495788574219,215.79229473661147,155.15341229739263,300.1307788090146,111.55440641153038,417.43142172176397,0.7166830300851399,215.79229473661147,0.26672539068673795,0.7166830300851399,229.82571354886105,0.18937770120012098,0.5776093791730074,,,
2020-10-13,273.7361755371094,215.9123619597316,155.23973993663895,300.29777211722546,111.61647548503923,417.66368131986684,0.7192809163942099,215.9123619597316,0.26781150024268685,0.7192809163942099,229.9278616621047,0.19053068887921065,0.5808364157812504,,,
2020-10-14,269.4537658691406,216.03249598847188,155.32611560873994,300.4648583408151,111.67857909389285,417.89607014763027,0.6697989246102716,216.03249598847188,0.24728349147768713,0.6697989246102716,230.03005517599945,0.1713850421110299,0.526841286230973,,,
2020-10-15,264.39813232421875,216.15269686000303,155.41253934042112,300.6320375314818,111.74071725730677,418.12858827695777,0.6106994781533155,216.15269686000303,0.22320071026207522,0.6106994781533155,230.13229411072408,0.1488962613695941,0.46227908913997207,,,
2020-10-16,263.61505126953125,216.27296461151656,155.49901115842292,300.79930974095254,111.8028899945072,418.36123577979305,0.6000223931235078,216.27296461151656,0.2188996980878013,0.6000223931235078,230.23457848646603,0.14498461961059173,0.45092040390097665,,,
2020-10-19,259.1244506835937,216.63416951817607,155.7587153979797,301.3016849998916,111.98961584125033,419.0599552493821,0.542883629479289,216.63416951817607,0.19613840817412043,0.542883629479289,230.5417044618094,0.12398080550549251,0.3892577623670332,,,
2020-10-20,265.2308349609375,216.7547051619475,155.8453798289661,301.4693298024251,112.05192706607308,419.29312096648545,0.6118005405489968,216.7547051619475,0.22364510963105144,0.6118005405489968,230.64417080367824,0.14995681025339702,0.46535206351738984,,,
2020-10-21,276.3036499023437,216.8753078719691,155.93209248019866,301.6370678828299,112.11427296097403,419.5264164174156,0.7340904240408715,216.8753078719691,0.27402078463195867,0.7340904240408715,230.74668268763756,0.19743281543239655,0.600089303325576,,,
2020-10-22,275.6989440917969,216.99597768555674,156.0188533785072,301.80489929300603,112.17665354524368,419.7598416743566,0.7257630994113703,216.99597768555674,0.27052559698274714,0.7257630994113703,230.8492401339294,0.19428135839584093,0.5913123902600632,,,
2020-10-23,282.3108825683594,217.11671464004692,156.1056625507365,301.9728240848824,112.23906883818326,419.99339680953284,0.7959146948262913,217.11671464004692,0.30027245040252404,0.7959146948262913,230.95184316280415,0.22237986370756468,0.6687632866126769,,,
2020-10-26,274.6976928710937,217.47932872260992,156.36637997962063,302.4771592704347,112.42652316219491,420.69484220731846,0.7079902980102044,217.47932872260992,0.26309794353588667,0.7079902980102044,231.25992594756661,0.18783092983163763,0.5732752852437919,,,
2020-10-27,280.823974609375,217.6003346144914,156.45338251627942,302.6454581089785,112.48907748304133,420.92891757848247,0.7731630135452962,217.6003346144914,0.290549369360543,0.7731630135452962,231.36271150945888,0.2137823453797738,0.6452556946790188,,,
2020-10-28,265.3399353027344,217.72140783427002,156.54043346130695,302.8138505893005,112.55166660922501,421.1631231896064,0.5995583578963364,217.72140783427002,0.21871311572958252,0.5995583578963364,231.46554275532185,0.14634745260213755,0.4548822179475519,,,
2020-10-29,278.38531494140625,217.84254841940694,156.62753284163765,302.9823367635028,112.61429056011161,421.39745911315555,0.7433530565701864,217.84254841940694,0.27791984146934334,0.7433530565701864,231.56841970546063,0.20217305665208385,0.613247625727893,,,
2020-10-30,260.8196105957031,217.96375640738492,156.71468068422135,303.1509166837178,112.67694935507797,421.6319254216372,0.5441017263300831,217.96375640738492,0.19661917602584578,0.5441017263300831,231.67134238018863,0.12581732343778707,0.3946951607075704,,,
2020-11-02,259.0848388671875,218.3277851634972,156.9764152552084,303.6572194421838,112.86513499838094,422.33610738233716,0.5188148467544677,218.3277851634972,0.18667827218220956,0.5188148467544677,231.98038495518028,0.11683942121763402,0.36802940989945676,,,
2020-11-03,262.990478515625,218.4492631380773,157.06375721659808,303.826174868342,112.92793336364647,422.5710959564136,0.5624823949047453,218.4492631380773,0.20389730199911038,0.5624823949047453,232.08349073158274,0.1331718498658221,0.4163812643837134,,,
2020-11-04,284.8783264160156,218.57080870322181,157.15114777521282,303.9952243016043,112.99076667003584,422.80621527855703,0.803123852255915,218.57080870322181,0.30336858845056014,0.803123852255915,232.18664233427836,0.2269367589453195,0.6811559327051563,,,
2020-11-05,292.1147766113281,218.692421896539,157.2385869580927,304.1643677942776,113.05363493699073,423.04146542151733,0.8774743778307722,218.692421896539,0.3357334199240083,0.8774743778307722,232.28983978363505,0.257544354429865,0.7632203552044893,,,
2020-11-06,290.8558654785156,218.81410275565653,157.32607479229182,304.3336053986956,113.11653818396286,423.27684645808193,0.8626966364987714,218.81410275565653,0.32923729236641597,0.8626966364987714,232.39308310002977,0.25156851313565776,0.747356121087973,,,
2020-11-09,276.34326171875,219.17955170441263,157.5888304735788,304.8418834062074,113.3054579996679,423.98377565790435,0.7024890923285877,219.17955170441263,0.2608076783158533,0.7024890923285877,232.7030884553474,0.18753585761615943,0.5724478441767747,,,
2020-11-10,270.0585021972656,219.3015036034366,157.6765131839036,305.0114979815377,113.36850136144771,424.2196809975893,0.6310695972471296,219.3015036034366,0.2314484750894048,0.6310695972471296,232.80651544384506,0.1600126469072385,0.49434913557141685,,,
2020-11-11,274.0731811523437,219.42352335671777,157.76424468104705,305.18120693072444,113.43157980066805,424.45571759543196,0.6741135904189494,219.42352335671777,0.24906015982061214,0.6741135904189494,232.90998840140148,0.17673433858920973,0.5420158662056769,,,
2020-11-12,272.68536376953125,219.54561100201036,157.85202499215418,305.3510103062776,113.49469333684607,424.6918855244646,0.6570394712087044,219.54561100201036,0.2420442500535085,0.6570394712087044,233.01350734844803,0.17025560823715669,0.5236285133468929,,,
2020-11-13,274.53912353515625,219.66776657708965,157.93985414438518,305.520908160736,113.55784198950978,424.92818485776024,0.6758902635695665,219.66776657708965,0.2497924834994405,0.6758902635695665,233.11707230542518,0.1776877635776961,0.5447132432660449,,,
2020-11-16,276.5316162109375,220.03464125911523,158.20363491964997,306.0311691233716,113.74749884185819,425.63787201456347,0.6927517583317688,220.03464125911523,0.2567640014705266,0.6927517583317688,233.4280434404806,0.18465464618199334,0.5643575332641535,,,
2020-11-17,272.6061096191406,220.15706893151415,158.29165970828063,306.20144541942614,113.81078815596217,425.8746976964532,0.6477278538740424,220.15706893151415,0.23823464284920237,0.6477278538740424,233.53179264176626,0.16731904695012423,0.5152606758118657,,,
2020-11-18,269.6024475097656,220.27956472289142,158.37973347406293,306.3718164575198,113.874112684355,426.1116551485808,0.6124576144994108,220.27956472289142,0.2239103879151101,0.6124576144994108,233.63558795532106,0.15394426794826588,0.4768805455193972,,,
2020-11-19,270.56402587890625,220.40212867114857,158.4678562442478,306.5422822903672,113.93747244662997,426.34874444426333,0.6215635332588922,220.40212867114857,0.22759261677822473,0.6215635332588922,233.73942940163982,0.15754550514449095,0.4872582078179994,,,
2020-11-20,267.3522033691406,220.52476081420824,158.5560280461014,306.71284297071236,114.00086746239127,426.58596565685883,0.5836792207581403,220.52476081420824,0.21234550887636794,0.5836792207581403,233.84331700122712,0.1432963182254965,0.44600589478911495,,,
2020-11-23,266.0932922363281,220.89306679174499,158.82083791456355,307.2250946246142,114.19126422679881,427.2984215303154,0.5643138490954509,220.89306679174499,0.20462491693864382,0.5643138490954509,234.15525692477664,0.136396832302645,0.4258463325918373,,,
2020-11-24,274.5093994140625,221.01597209366295,158.909206116057,307.3960352229772,114.25480045276566,427.5361711449594,0.6570149807408874,221.01597209366295,0.24203421505541645,0.6570149807408874,234.25932934266066,0.17181842953424664,0.5280732721347934,,,
2020-11-25,273.19097900390625,221.13894578031324,158.99762348577758,307.5670709329984,114.31837203040357,427.774053043919,0.6407354716884806,221.13894578031324,0.23538157442110275,0.6407354716884806,234.36344801647036,0.16567229794599725,0.5105589880340018,,,
2020-11-27,275.3916320800781,221.38509846002944,159.17460583934462,307.90942789972564,114.44562131938241,428.250213989239,0.661682905977258,221.38509846002944,0.2439483686829962,0.661682905977258,234.5718242141112,0.1740183758331848,0.5343200180713253,,,
2020-11-30,274.5589904785156,221.75484131701901,159.44044881582596,308.42367801121736,114.63676088248275,428.9654493809985,0.6474459399522724,221.75484131701901,0.23811948748396516,0.6474459399522724,234.8847359442841,0.1689094626550891,0.5197952324955462,,,
2020-12-01,284.0555419921875,221.87822611184166,159.52916176994563,308.5952855035447,114.70054498359465,429.2041265329539,0.7488318265112588,221.87822611184166,0.2802317152517899,0.7488318265112588,234.98913258570383,0.20880288746369358,0.631564446462068,,,
2020-12-02,285.0171203613281,222.0016795581873,159.6179240841134,308.76698847859114,114.76436457429578,429.44293648530845,0.7573895609891723,222.0016795581873,0.2838511894529352,0.7573895609891723,235.0935756271535,0.21235605694879056,0.6413397975957037,,,
2020-12-03,279.396484375,222.12520169425383,159.7067357857934,308.9387869894835,114.82821967433262,429.6818793119524,0.695329811919521,222.12520169425383,0.25783334013390213,0.695329811919521,235.1980650892559,0.18791999529830794,0.5735250021080508,,,
2020-12-04,277.2651672363281,222.24879255826028,159.7955969024648,309.1106810893781,114.8921103034626,429.92095508681734,0.6704321718290929,222.24879255826028,0.24754408806808637,0.6704321718290929,235.30260099264302,0.1783344768254267,0.5465416457995083,,,
2020-12-07,283.093994140625,222.61997790042895,160.06247701745008,309.6269374550817,115.08399556315099,430.6389808406695,0.7284369959906847,222.61997790042895,0.2716468522301454,0.7284369959906847,235.61648755697135,0.20150332888810984,0.6113916950546142,,,
2020-12-08,280.93292236328125,222.74384405881167,160.15153606918642,309.7992144431404,115.14802850644827,430.8785891485566,0.7035226429545831,222.74384405881167,0.26123764968833774,0.7035226429545831,235.72120943200156,0.1918016331250918,0.5843899755895315,,,
2020-12-09,275.50067138671875,222.86777913654856,160.24064467353992,309.97158728642626,115.21209707779083,431.11833077493884,0.6426496740611841,222.86777913654856,0.23616196317872684,0.6426496740611841,235.82597785161474,0.16823716325293026,0.5178791411502841,,,
2020-12-10,274.7076110839844,222.9917831719873,160.32980285808236,310.14405603827447,115.27620129700257,431.35820579399643,0.6322253255585303,222.9917831719873,0.23191808763693378,0.6322253255585303,235.9307928364979,0.16435674962682456,0.5067981472592851,,,
2020-12-11,271.168701171875,223.11585620349524,160.41901065039968,310.3166207520476,115.34034118391764,431.59821427994774,0.5912361606569272,223.11585620349524,0.21537171667688493,0.5912361606569272,236.03565440734732,0.14884635481339403,0.46213441341904515,,,
2020-12-14,271.8031311035156,223.4884896584396,160.6869319500983,310.8348911990033,115.53297504939523,432.3190412819886,0.5932614276611933,223.4884896584396,0.216184025937604,0.5932614276611933,236.35051884279474,0.15000014569166953,0.46547756906322646,,,
2020-12-15,273.1513061523437,223.61283905833523,160.77633844968855,311.00784029470975,115.59725780569069,432.5595843785438,0.6065732855405244,223.61283905833523,0.22153677446528497,0.6065732855405244,236.45556696465695,0.1551908447694601,0.4804764585225124,,,
2020-12-16,273.2702331542969,223.73725764646193,160.86579469521686,311.1808856196059,115.66157632902802,432.80026131371295,0.6062066520961612,223.73725764646193,0.22138903474943095,0.6062066520961612,236.56066177610526,0.1551803715062976,0.48044626319929395,,,
2020-12-17,272.09063720703125,223.8617454613161,160.955300714362,311.3540272272338,115.72593063930807,433.0410721619642,0.5914077650271765,223.8617454613161,0.21544052399988645,0.5914077650271765,236.66580329789133,0.14968294284810835,0.4645587954478425,,,
2020-12-18,273.99383544921875,223.98630254141563,161.0448565348181,311.5272651711654,115.79032075644278,433.28201699780703,0.6108502831558131,223.98630254141563,0.2232615670708551,0.6108502831558131,236.7709915507758,0.15721032232303878,0.4862936772383864,,,
2020-12-21,270.4153137207031,224.3603897586867,161.31382308122463,312.0475575569482,115.98370614826018,434.00565617660163,0.5659418723591817,224.3603897586867,0.20527208038616496,0.5659418723591817,237.08683690376787,0.14057497772625438,0.4380689950170998,,,
2020-12-22,264.76495361328125,224.48522428537524,161.40357838417415,312.2211813824097,116.04823969215433,434.24713770873495,0.5002473303725969,224.48522428537524,0.17943153922995259,0.5002473303725969,237.19221228883973,0.11624640226747807,0.3662605126803124,,,
2020-12-23,265.7760314941406,224.61012827022023,161.49338362713658,312.39490181248175,116.11280914262903,434.4887536016296,0.5101146717129675,224.61012827022023,0.18327714578567544,0.5101146717129675,237.2976345089528,0.1200112973908023,0.3774747792690115,,,
2020-12-24,265.0722351074219,224.7351017518683,161.58323883789865,312.5687189009153,116.17741451966278,434.730503930044,0.5003910551994452,224.7351017518683,0.17948746342300415,0.5003910551994452,237.40310358492334,0.11654915670721544,0.3671637065794966,,,
2020-12-28,274.58868408203125,225.2356914201774,161.94315991521873,313.2649549143315,116.43619569334705,435.69885109552797,0.6005630003987541,225.2356914201774,0.21911710506744586,0.6005630003987541,237.8254488640291,0.15458074564182,0.4787170333120121,,,
2020-12-29,274.37060546875,225.36101296629366,162.03326538232105,313.4392561018847,116.50098100324256,435.94127472437685,0.5964685608548609,225.36101296629366,0.21747147768539055,0.5964685608548609,237.93115253185488,0.15315124795193236,0.4745909539766786,,,
2020-12-30,269.5033569335937,225.48640424154485,162.12342098426822,313.613654270934,116.56580235980168,436.18383323817136,0.5405271905765272,225.48640424154485,0.19520889891391024,0.5405271905765272,238.03690318062985,0.1321914935563,0.4134986567097866,,,
2020-12-31,270.7821044921875,225.61186528472842,162.21362674895542,313.7881494754399,116.63065978308084,436.4265267119617,0.5531896235877102,225.61186528472842,0.20021216149448962,0.5531896235877102,238.14270083123583,0.13705817372115137,0.4277839980757681,,,
2021-01-04,266.59881591796875,226.11440791349037,162.57495199354994,314.4871017282956,116.89045054491716,437.39865170954766,0.49925094176983215,226.11440791349037,0.17904391134583242,0.49925094176983215,238.5663618699113,0.11750379990010229,0.3700100485381198,,,
2021-01-05,268.6111755371094,226.24021837905295,162.66540899090745,314.66208292054677,116.95548860303374,437.6420211105328,0.5203592625485975,226.24021837905295,0.18728304570085874,0.5203592625485975,238.67239484321144,0.12543880792567275,0.39357521180249105,,,
2021-01-06,261.017822265625,226.36609884578613,162.75591631870188,314.83716147264977,117.0205628484435,437.88552592269286,0.4317497642416789,226.36609884578613,0.15307823740623672,0.4317497642416789,238.77847494382362,0.09313799046180149,0.2965891851608663,,,
2021-01-07,266.4005432128906,226.4920493526387,162.84647400493722,315.01233743877583,117.08567330128112,438.1291662213709,0.49193746666448673,226.4920493526387,0.1762026259832019,0.49193746666448673,238.88460219269442,0.11518507583841964,0.36309236886019414,,,
2021-01-08,265.24078369140625,226.6180699385811,162.937082077633,315.18761087312635,117.15081998169248,438.3729420819518,0.4770263893135953,226.6180699385811,0.17043086530254548,0.4770263893135953,238.99077661077905,0.10983690438973737,0.3470816333287917,,,
2021-01-11,254.6041412353516,226.9965525609769,163.20920889491185,315.7140165279899,117.34647758999577,439.1050837895902,0.3479067550629451,226.9965525609769,0.12162118042281111,0.3479067550629451,239.3095830900105,0.06391118127345696,0.2063308393471729,,,
2021-01-12,248.9042205810547,227.12285385341718,163.30001879395667,315.88968037785514,117.4117693823852,439.34940265247167,0.27758879640497364,227.12285385341718,0.09590125501722957,0.27758879640497364,239.41594639469167,0.039630919866636694,0.12944243119877852,,,
2021-01-13,249.44944763183597,227.24922542012465,163.39087921979328,316.0654419674036,117.47709750324583,439.59385745480967,0.2825353166050302,227.24922542012465,0.09769107978550373,0.2825353166050302,239.52235697350386,0.041445361442523865,0.1352500022413649,,,
2021-01-14,243.50169372558597,227.37566730020077,163.48179020053544,316.241301351019,117.54246197279127,439.8384482722426,0.2076990573610118,227.37566730020077,0.07092239295814462,0.2076990573610118,239.6288148474585,0.01616199153925968,0.05339716336931977,,,
2021-01-15,249.171875,227.50217953276731,163.57275176431148,316.4172585831129,117.6078628112456,440.083175180448,0.27578829786891285,227.50217953276731,0.09525049611277048,0.27578829786891285,239.7353200375763,0.039362389158779765,0.1285820710236356,,,
2021-01-19,258.8271179199219,228.0089327711539,163.93710441288218,317.1220670855972,117.86983025903763,441.0634452360587,0.3842824471455599,228.0089327711539,0.13516218322770412,0.3842824471455599,240.16181438042113,0.07771969739508422,0.24927932362456615,,,
2021-01-20,265.1515808105469,228.1357973537741,164.02831931430967,317.2985143773393,117.93541324579866,441.30885373479094,0.455773619314249,228.1357973537741,0.16225328898897762,0.455773619314249,240.26855646699326,0.10356338219800265,0.32820206450510514,,,
2021-01-21,270.4945983886719,228.2627325240776,164.1195849678733,317.4750598446737,118.00103272305216,441.5543987792558,0.5145614372720533,228.2627325240776,0.18501428331118208,0.5145614372720533,240.37534599604942,0.12530092163909967,0.3931671412734583,,,
2021-01-22,272.11041259765625,228.38973832133942,164.21090140181167,317.65170354222545,118.0666887111015,441.8000804454275,0.5309285312532173,228.38973832133942,0.19143011677172117,0.5309285312532173,240.48218298867585,0.1315200536518324,0.41152293620706926,,,
2021-01-25,275.5899353027344,228.7711798679541,164.48515566849665,318.1822245628917,118.2638759432278,442.5379459345612,0.5643850325410065,228.7711798679541,0.2046532061503723,0.5643850325410065,240.80297895897962,0.14446231726095315,0.44940079847109193,,,
2021-01-26,279.5947265625,228.89846856623774,164.5766755066341,318.3592617281718,118.32967817772028,442.7841748481492,0.6064305029721924,228.89846856623774,0.22147923624745425,0.6064305029721924,240.91000601693707,0.16057747532015432,0.4959704137458349,,,
2021-01-27,269.77099609375,229.02582808818335,164.668246266575,318.5363973972509,118.39551702469507,443.0305407639501,0.49632518607219983,229.02582808818335,0.17790643241284676,0.49632518607219983,241.0170806440367,0.11930239704538037,0.3753661040304721,,,
2021-01-28,262.6931457519531,229.15325847319735,164.7598679766524,318.7136316249367,118.46139250452339,443.2770437581922,0.4140489893633432,229.15325847319735,0.14636443532256704,0.4140489893633432,241.12420286142077,0.08945158816316945,0.2853387195678694,,,
2021-01-29,256.0811767578125,229.28075976070807,164.851540665215,318.8909644660673,118.52730463758785,443.52368390714616,0.33509110512502993,229.28075976070807,0.11688907968150075,0.33509110512502993,241.23137269024187,0.061558345011114346,0.19895729270938992,,,
2021-02-01,259.72918701171875,229.66368943283308,165.12686488553823,319.4235552189681,118.72526116019402,444.2644280456229,0.37290921183758696,229.66368943283308,0.13091097531844942,0.37290921183758696,241.5531680569844,0.07524645236880723,0.2416274186935436,,,
2021-02-02,264.7550048828125,229.791474725053,165.21874177184478,319.60128306287055,118.79132011025578,444.51161757698037,0.42931730807050633,229.791474725053,0.15215329550234014,0.42931730807050633,241.66052854325912,0.09556577765830432,0.30397780362814836,,,
2021-02-03,264.3288269042969,229.9193311172407,165.31066977861704,319.7791097948669,118.85741581563686,444.75894464504023,0.4227479290769196,229.9193311172407,0.14965899396040805,0.4227479290769196,241.76793674687124,0.0933163034809148,0.297132413080724,,,
2021-02-04,264.1701965332031,230.04725864895624,165.40264893429855,319.9570354699785,118.92354829678794,445.00640932632814,0.4192421834867603,230.04725864895624,0.14833012175257965,0.4192421834867603,241.87539268902893,0.09217474996655772,0.29365315444602796,,,
2021-02-05,265.7662048339844,230.17525735978182,165.49467926734866,320.13506014325765,118.98971757417118,445.2540116974123,0.4358142787896522,230.17525735978182,0.15462542708737437,0.4358142787896522,241.9828963909504,0.09828508046539519,0.3122341922205242,,,
2021-02-08,264.2593688964844,230.55968096307092,165.7710776155416,320.66972870308064,119.18844638850553,445.99764571576424,0.4135208208179955,230.55968096307092,0.14616470578310348,0.4135208208179955,242.30569426761622,0.09060321382551284,0.2888574289192234,,,
2021-02-09,267.1044616699219,230.68796478659897,165.86331294297636,320.8481499201638,119.25476305566615,446.2457996125684,0.44429510949945644,230.68796478659897,0.15786041078046908,0.44429510949945644,242.41338922095883,0.10185523385615158,0.3230429630766167,,,
2021-02-10,269.5033569335937,230.81631998747847,165.95559959031416,321.02667041113483,119.32111662154031,446.49409158264973,0.469711070032604,230.81631998747847,0.16760962547281744,0.469711070032604,242.52113204029618,0.11125721155224633,0.35134109590239787,,,
2021-02-11,268.0362243652344,230.9447466054239,166.04793758610947,321.20529023123,119.38750710665856,446.7425217028323,0.45147851228217784,230.9447466054239,0.16060758387019036,0.45147851228217784,242.62892274690182,0.10471670619762086,0.3316809220413806,,,
2021-02-12,268.145263671875,231.07324468017185,166.14032695893266,321.3840094357161,119.45393453156282,446.99109004998303,0.451025281572169,231.07324468017185,0.1604340608235042,0.451025281572169,242.73676136206038,0.1046751310647831,0.331555578970028,,,
2021-02-16,271.5850524902344,231.58795234269476,166.5103987924683,322.09988120398526,119.72001404027878,447.9867472471052,0.4829181156957519,231.58795234269476,0.17270803486510156,0.4829181156957519,243.1685953342309,0.11685907514885119,0.3680880188995116,,,
2021-02-17,271.1885681152344,231.71680829827815,166.60304547954306,322.2790981605065,119.78662647264224,448.236007883599,0.4768035597053376,231.71680829827815,0.17034482783892857,0.4768035597053376,243.27667381174302,0.11473313025107634,0.3617423598878182,,,
2021-02-18,267.0449523925781,231.84573594954875,166.6957437154024,322.4584148336671,119.85327596828377,448.4854072091626,0.4284448172533532,231.84573594954875,0.15182171153101987,0.4284448172533532,243.38480032571022,0.0972129403118216,0.30898138760257654,,,
2021-02-19,259.2831420898437,231.97473533639732,166.78849352872754,322.63783127894845,119.91996254782502,448.7349453009612,0.337349345057539,231.97473533639732,0.11772146959816632,0.337349345057539,243.4929748974827,0.0648485534295562,0.20926392578588512,,,
2021-02-22,258.06378173828125,232.36216430966314,167.067052720558,323.1766798028097,120.12024499624168,449.48439294608664,0.31800223948557527,232.36216430966314,0.11061016540699042,0.31800223948557527,243.8177871732764,0.058428856771144844,0.18912443324539518,,,
2021-02-23,263.54559326171875,232.49145103818537,167.16000913088521,323.35649589201904,120.18708011783298,449.7344868753563,0.380030864099831,232.49145103818537,0.13357111448555115,0.380030864099831,243.9261541899623,0.0804318796272967,0.2576503089974128,,,
2021-02-24,262.00909423828125,232.62080970207745,167.25301726232746,323.53641203122595,120.25395242660694,449.984719957341,0.36062080813739994,232.62080970207745,0.12633557837685294,0.36062080813739994,244.03456937134706,0.07365565015332876,0.23669637253928408,,,
2021-02-25,252.47288513183597,232.75024034136408,167.34607714366226,323.7164282760982,120.32086194325446,450.2350922694651,0.2465517572659018,232.75024034136408,0.08473737668990422,0.2465517572659018,244.14303273883795,0.03411873891936357,0.11173695578007212,,,
2021-02-26,255.37733459472656,232.87974299609252,167.43918880368338,323.8965446823347,120.38780868847806,450.48560388919657,0.27953758868791473,232.87974299609252,0.09660604786484805,0.27953758868791473,244.25154431385172,0.04555054221716093,0.14835239704939035,,,
2021-03-01,262.6039428710937,233.26868345373546,167.7188347440422,324.43749542668445,120.58887250280353,451.2379753693607,0.35906436735634567,233.26868345373546,0.1257573840732733,0.35906436735634567,244.5773684983405,0.07370499765956695,0.23684944591243332,,,
2021-03-02,256.745361328125,233.3984745711494,167.8121538070664,324.6180130359878,120.65596836958724,451.489044995063,0.2889876644511265,233.3984745711494,0.1000301600080018,0.2889876644511265,244.68607311780374,0.04928473474873796,0.1602261147434029,,,
2021-03-03,253.1866149902344,233.52833790457584,167.90552479298609,324.7986310856155,120.72310156863261,451.74025431635914,0.24499215970473354,233.52833790457584,0.0841794073560842,0.24499215970473354,244.7948260520165,0.03428090811214579,0.11225919962804234,,,
2021-03-04,255.397216796875,233.6582734941959,167.9989477306912,324.9793496314527,120.79027212071135,451.9916034109761,0.26965698282853573,233.6582734941959,0.0930373360103558,0.26965698282853573,244.90362732245268,0.042847831978437556,0.13973202887748787,,,
2021-03-05,261.9794006347656,233.78828138021305,168.09242264908787,325.1601687294157,120.85748004660678,452.2430923566839,0.3451023780919672,233.78828138021305,0.12058397062556336,0.3451023780919672,245.01247695059556,0.06924922312258941,0.22299942683558902,,,
2021-03-08,253.0874938964844,234.17873921901744,168.37315957772896,325.70322989568893,121.05932827519955,452.99839907870313,0.2353747381715527,234.17873921901744,0.08074496745745319,0.2353747381715527,245.33931619624417,0.031581475893747823,0.10355536325238114,,,
2021-03-09,263.4266357421875,234.3090366931053,168.46684270827419,325.88445176194034,121.126685904426,453.2504482073416,0.35505697648933787,234.3090366931053,0.12427006427080323,0.35505697648933787,245.4483594702406,0.07324667523038242,0.23542748296240015,,,
2021-03-10,262.593994140625,234.43940666494345,168.5605779642827,326.0657744603659,121.19408101155918,453.50263757657115,0.3437746452905484,234.43940666494345,0.12009323806180583,0.3437746452905484,245.55745120950436,0.06937905100092201,0.22340379046692796,,,
2021-03-11,271.4958801269531,234.56984917486972,168.6543653747572,326.2471980470689,121.26151361745188,453.75496726442185,0.4431424289853872,234.56984917486972,0.15742019309802857,0.4431424289853872,245.66659143557698,0.10513960624617358,0.3329556371575258,,,
2021-03-12,266.06353759765625,234.70036426324447,168.74820496871655,326.4287225781836,121.32898374296849,454.0074373489673,0.3801901861816034,234.70036426324447,0.13363069730575372,0.3801901861816034,245.77578017000792,0.08254579606507573,0.26416022445992837,,,
2021-03-15,271.3669738769531,235.09234540299968,169.0300371419342,326.97390239981155,121.53161944607957,454.7656907641593,0.4349584792603223,235.09234540299968,0.15429948776839497,0.4349584792603223,246.1036376391019,0.10265324186267666,0.32545417246858993,,,
2021-03-16,276.8487854003906,235.22315120922087,169.12408576034431,327.15583127054265,121.59923985896779,455.0187232170882,0.4938946457304624,235.22315120922087,0.1769623184503022,0.4938946457304624,246.21302062266386,0.12442788240950864,0.3905822454560796,,,
2021-03-17,281.53765869140625,235.35402979602924,169.21818670757582,327.3378613668265,121.66689789597605,455.27189645773166,0.5431168875321164,235.35402979602924,0.19623045730469246,0.5431168875321164,246.32245222248014,0.1429638514524023,0.4450372556065438,,,
2021-03-18,276.1945495605469,235.48498120392003,169.3123400127446,327.51999274498513,121.73459357803848,455.5252105644241,0.4833507766967733,235.48498120392003,0.1728754341295935,0.4833507766967733,246.43193246015915,0.12077419027341141,0.37974256870894413,,,
2021-03-19,287.5845031738281,235.61600547341104,169.40654570498268,327.70222546137205,121.80232692610086,455.77866561554373,0.6041593546597521,235.61600547341104,0.22056437802686402,0.6041593546597521,246.54146135731816,0.1664752110681511,0.5128522411300717,,,
2021-03-22,290.9847106933594,236.00951585700125,169.68947739567625,328.2495322039067,122.0057531759202,456.53987721990075,0.6347297786345892,236.00951585700125,0.23293634850582778,0.6347297786345892,246.8703402219946,0.17869449376419855,0.547559059190548,,,
2021-03-23,288.1000671386719,236.14083197852224,169.78389292783652,328.43217083736846,122.07363739767344,456.79389683338326,0.6028442539587726,236.14083197852224,0.22003494577708405,0.6028442539587726,246.98006397344153,0.16649118355420023,0.51289784518565,,,
2021-03-24,279.6839599609375,236.27222116457037,169.87836099296933,328.61491109129565,122.14155939033023,457.04805778383735,0.5112901731132434,236.27222116457037,0.18373610990912725,0.5112901731132434,247.08983649259991,0.13191203624967285,0.412676492397695,,,
2021-03-25,276.3134765625,236.40368345579967,169.9728816203048,328.7977530222313,122.2095191749068,457.3023601499048,0.47285301924061984,236.40368345579967,0.16882052142035375,0.47285301924061984,247.1996578011457,0.11777451077531143,0.3708167512795225,,,
2021-03-26,280.5562744140625,236.53521889288518,170.06745483908796,328.9806966867474,122.27751677243022,457.55680401026797,0.517357373222047,236.53521889288518,0.18610782667891934,0.517357373222047,247.3095279207635,0.13443374694383414,0.4200880365317743,,,
2021-03-29,288.28839111328125,236.93026448638048,170.35149033682737,329.53013864798857,122.48173665313378,458.32098534463364,0.5947084416861728,236.93026448638048,0.21676473766758075,0.5947084416861728,247.6394313630424,0.16414574822152206,0.5061945488693468,,,
2021-03-30,285.4929504394531,237.06209291410389,170.44627421418525,329.7134898131916,122.54988571295448,458.57599596989763,0.5634862951656786,237.06209291410389,0.20429608517333686,0.5634862951656786,247.74949694399004,0.15234522758282698,0.4722622139713055,,,
2021-03-31,291.96612548828125,237.19399469140316,170.54111082946406,329.89694299531493,122.61807269103545,458.8311484835352,0.6297611450986024,237.19399469140316,0.23091702160562022,0.6297611450986024,247.85961144457883,0.1779495811626599,0.545453580880917,,,
2021-04-01,296.0601806640625,237.3259698590899,170.6360002120072,330.0804982511206,122.68629760847435,459.08644296449285,0.6702844345123955,237.3259698590899,0.247483285709716,0.6702844345123955,247.96977488655148,0.1939365626295093,0.5903507172964537,,,
2021-04-05,306.220947265625,237.85460525074342,171.0160860022636,330.8157411475207,122.95957709417615,460.1090421420015,0.7658254129422419,237.85460525074342,0.28742912899588635,0.7658254129422419,248.41091850347473,0.23271935513310238,0.6968158226340665,,,
2021-04-06,303.593994140625,237.98694798334031,171.111239661852,330.9998076242802,123.02799202528269,460.3650476453022,0.738023592320793,237.98694798334031,0.2756749759313579,0.738023592320793,248.5213269788469,0.22160137253116163,0.6666415314196543,,,
2021-04-07,310.3645324707031,238.119364351673,171.20644626510872,331.18397651596035,123.09644502258064,460.62119559052803,0.8031944916396007,238.119364351673,0.3033989625989968,0.8031944916396007,248.63178452626272,0.24828984782482477,0.7386199453081597,,,
2021-04-08,310.2951354980469,238.25185439671253,171.3017058414917,331.3682478795449,123.1649361072501,460.8774860569339,0.800830545874528,238.25185439671253,0.30238287665696517,0.800830545874528,248.74229116753267,0.24745628916418227,0.7363952260791443,,,
2021-04-09,309.739990234375,238.3844181594528,171.3970184204753,331.5526217720495,123.23346530048296,461.1339191238188,0.793716501269646,238.3844181594528,0.2993298497689276,0.793716501269646,248.852846924477,0.2446712748613895,0.7289513904651876,,,
2021-04-12,308.8280334472656,238.78255216415855,171.68327446801916,332.1063591937148,123.43928174365767,461.90407472100065,0.7797203745692668,238.78255216415855,0.2933442190321851,0.7797203745692668,249.1848091077035,0.23935337211420027,0.7146912243231498,,,
2021-04-13,307.0635070800781,238.91541120809654,171.77879935247674,332.29114377268974,123.50796358329887,462.16107898367517,0.7606654611013511,238.91541120809654,0.2852394306729098,0.7606654611013511,249.29556154574138,0.23172472536675048,0.6941274965900649,,,
2021-04-14,300.1839599609375,239.0483441750469,171.8743773871528,332.47603116613857,123.57668363763987,462.41822624398634,0.6902950093598919,239.0483441750469,0.25574582412134617,0.6902950093598919,249.4063632087002,0.20359383016121058,0.6171814122708411,,,
2021-04-15,305.140380859375,239.18135110614054,171.97000860162026,332.6610214312676,123.64544192794342,462.6755165814983,0.7382492623266876,239.18135110614054,0.2757699521647241,0.7382492623266876,249.5172141184582,0.22292316358786257,0.6702432342946774,,,
2021-04-16,303.5146484375,239.3144320425312,172.06569302546842,332.8461146253148,123.71423847548407,462.93295007581946,0.7203702885421814,239.3144320425312,0.2682672158424573,0.7203702885421814,249.62811429690407,0.21586724833607507,0.650971556743359,,,
2021-04-19,299.6089782714844,239.71411929536686,172.35306584943748,333.4020123538227,123.92085787445176,463.7061102963866,0.6760528896326728,239.71411929536686,0.24985953748647272,0.6760528896326728,249.96111066339498,0.1986223676008012,0.6033962420253185,,,
2021-04-20,300.015380859375,239.8474966649417,172.44896340703121,333.5875178365595,123.98980766392322,463.96411721491484,0.6784756611441299,239.8474966649417,0.2508589209020833,0.6784756611441299,250.0722081356677,0.199715006701634,0.6064308732667915,,,
2021-04-21,298.8456726074219,239.98094824592621,172.54491432219945,333.77312653488246,124.05879581718226,464.2222676889593,0.664948324419774,239.98094824592621,0.24528915645908955,0.664948324419774,250.18335498621494,0.19450661545364678,0.591940506809804,,,
2021-04-22,293.9387512207031,240.1144740796118,172.64091862463042,333.95883850622084,124.12782235557455,464.4805617983944,0.6130779884217564,240.1144740796118,0.2241609022005291,0.6130779884217564,250.29455123698312,0.17437135474194543,0.535321211565099,,,
2021-04-23,298.5086364746094,240.24807420731275,172.73697634402893,334.144653808036,124.19688730045766,464.7389996231392,0.6581556281232828,240.24807420731275,0.24250168272742512,0.6581556281232828,250.40579690992905,0.19209954465224666,0.5852223878987661,,,
2021-04-26,300.4019775390625,240.6493207679962,173.0254703013253,334.70272027143477,124.40431278780578,465.51517618908883,0.6722625352242516,240.6493207679962,0.24829763317168174,0.6722625352242516,250.73983068154217,0.19806245670076583,0.601840106433555,,,
2021-04-27,300.9274597167969,240.78321848536203,173.1217419859723,334.88894947040967,124.47353157246552,465.77418967515206,0.6758741782541294,240.78321848536203,0.24978585139682896,0.6758741782541294,250.851274262957,0.19962499931870825,0.6061809965615576,,,
2021-04-28,304.4266662597656,240.91719070365974,173.21806723635865,335.0752822876474,124.54278887058211,466.033347276787,0.7092317842610254,240.91719070365974,0.2636153749369663,0.7092317842610254,250.9627673764779,0.21303518223914342,0.6432049208736268,,,
2021-04-29,326.6416015625,241.0512374643425,173.31444608228884,335.2617187808023,124.6120847035849,466.2926490741811,0.9210434319121683,241.0512374643425,0.35507124957538716,0.9210434319121683,251.07431004411967,0.3009758007703034,0.8763031678711375,,,
2021-04-30,322.2500915527344,241.18535880888496,173.41087855358293,335.4482590075586,124.68141909291427,466.5520951475635,0.8783281016082097,241.18535880888496,0.336109675745637,0.8783281016082097,251.18590228790706,0.2829147202034219,0.829742829678363,,,
2021-05-03,319.7718811035156,241.5881707607752,173.70049801810657,336.00850266677713,124.8896538134516,467.33129982662444,0.8498687464387717,241.5881707607752,0.3236239179117726,0.8498687464387717,251.52097669653767,0.27135273289481243,0.7995913578545587,,,
2021-05-04,315.5886535644531,241.722590855975,173.79714528939604,336.1954584054384,124.95914264273577,467.5913238071642,0.8082670517185092,241.722590855975,0.30558195842145985,0.8082670517185092,251.632767465351,0.2541635842713077,0.7542546139316603,,,
2021-05-05,312.2777404785156,241.85708574275932,173.8938463354024,336.3825181666114,125.02867013573048,467.8514924655179,0.7746119085208502,241.85708574275932,0.29116639076126205,0.7746119085208502,251.744607920581,0.24045453468870837,0.7176490519597207,,,
2021-05-06,317.23419189453125,241.9916554627415,173.99060118604532,336.56968200817334,125.09823631394784,468.11180588218286,0.8206590552546896,241.9916554627415,0.3109302933934206,0.8206590552546896,251.856498084311,0.2595831130326227,0.7686154629776096,,,
2021-05-07,316.3023376464844,242.12630005755952,174.08740987126237,336.75694998803556,125.1678411989127,468.3722641377041,0.8100558961370974,242.12630005755952,0.30635266623779134,0.8100558961370974,251.96843797863443,0.2553252311438512,0.7573380029831225,,,
2021-05-10,303.3065185546875,242.53068350774805,174.37815923397673,337.3193793370107,125.37688830971658,469.15450874351353,0.6778246259092002,242.53068350774805,0.2505902930216162,0.6778246259092002,252.30455626624615,0.20214443624482614,0.6131683348137278,,,
2021-05-11,303.8616027832031,242.66562801874528,174.47518355719265,337.5070644498227,125.4466482371559,469.4155471607929,0.681680893067779,242.66562801874528,0.2521822940648628,0.681680893067779,252.41669530407358,0.20380944856740357,0.6177780028853682,,,
2021-05-12,299.916259765625,242.80064761311255,174.5722618649175,337.69485399097096,125.51644697914504,469.67673082031985,0.6403798679317707,242.80064761311255,0.23523665490185408,0.6403798679317707,252.52888418310877,0.18765130862478152,0.5727716162048252,,,
2021-05-13,302.6026611328125,242.93574233262635,174.66939418718835,337.88274801855965,125.58628455728048,469.9380598029074,0.6657239029571391,242.93574233262635,0.24560782298757222,0.6657239029571391,252.64112292550408,0.19775695115969105,0.6009907217074304,,,
2021-05-14,313.1897277832031,243.07091221908644,174.766580554059,338.0707465907251,125.65616099317072,470.1995341894135,0.7682765615929875,243.07091221908644,0.2884706151138179,0.7682765615929875,252.7534115534215,0.2391117724518148,0.7140419130536244,,,
2021-05-17,312.7138671875,243.4768732984911,175.05846422305862,338.6353701565322,125.86602366363562,470.9848305816987,0.7586091529670159,243.4768732984911,0.28436784550016636,0.7586091529670159,253.09057697207848,0.23558083800962404,0.7045378760343282,,,
2021-05-18,307.26171875,243.61234427119942,175.15586706920098,338.8237874890166,125.93605574687062,471.24688739335954,0.7036080594401515,243.61234427119942,0.26127319068833166,0.7036080594401515,253.20306536390478,0.21349920589785043,0.6444786970172778,,,
2021-05-19,310.8601989746094,243.74789062020199,175.25332411046315,339.01230965724557,126.00612679608342,471.5090900139044,0.7372154817565414,243.74789062020199,0.2753349298065477,0.7372154817565414,253.31560375221238,0.227165616211648,0.6817771041218299,,,
2021-05-20,315.83648681640625,243.88351238743832,175.35083537699933,339.20093671955,126.07623683295473,471.7714385244617,0.7836689661858017,243.88351238743832,0.2950300892610649,0.7836689661858017,253.42819215922265,0.24625632265085184,0.7331899740020548,,,
2021-05-21,313.4771728515625,244.01920961487124,175.44840089898062,339.389668734293,126.14638587917739,472.03393300620473,0.7592546330731902,244.01920961487124,0.2846413745307792,0.7592546330731902,253.5408306071666,0.23639719922374391,0.7067376456682889,,,
2021-05-24,321.8040466308594,244.42675447832838,175.7414232995572,339.9564950772739,126.35706729106246,472.82229309096107,0.8336631770867591,244.42675447832838,0.31656637718597835,0.8336631770867591,253.87904641906374,0.26754866606705185,0.7896110931600705,,,
2021-05-25,324.9365234375,244.56275396664333,175.8392061453651,340.14564748605386,126.42737259185998,473.0853722700857,0.8613404729285843,244.56275396664333,0.32864272325711186,0.8613404729285843,253.99188525325403,0.2793185227689752,0.8203938421084614,,,
2021-05-26,324.8077087402344,244.69882912531955,175.93704339772526,340.3349051395762,126.49771701065403,473.3485978269415,0.858452475508132,244.69882912531955,0.3273774537510681,0.858452475508132,254.10477423968263,0.27824323534299933,0.8175933271595314,,,
2021-05-27,329.8533630371094,244.8349799964602,176.0349350869096,340.52426809639934,126.56810056920995,473.6119698429732,0.9034919541371951,244.8349799964602,0.34724769737509886,0.9034919541371951,254.21771340064066,0.29752312938661696,0.867452574454398,,,
2021-05-28,325.8683776855469,244.9712066221918,176.13288124320687,340.71373641511417,126.63852328930514,473.8754883996711,0.864962635162537,244.9712066221918,0.330231345058112,0.864962635162537,254.33070275842837,0.2812781711025558,0.825491567991991,,,
2021-06-01,326.264892578125,245.51687151437974,176.5252111458903,341.4726644818507,126.92060622105177,474.9310296645141,0.8619043527731297,245.51687151437974,0.32888990709958565,0.8619043527731297,254.78316260423364,0.2805590810760412,0.8236218712467193,,,
2021-06-02,326.28466796875,245.65347754578514,176.62343009267346,341.6626604900295,126.99122507592915,475.19528214848214,0.8604019747620203,245.65347754578514,0.32823142268741856,0.8604019747620203,254.89640328102453,0.2800677599558734,0.8223437896631697,,,
2021-06-03,323.20184326171875,245.7901595850339,176.7217036886566,341.8527622123316,127.06188322326535,475.4596816630111,0.8299401000470099,245.7901595850339,0.31495029665702856,0.8299401000470099,255.00969428865676,0.2674100259728647,0.789246794654013,,,
2021-06-04,327.4742431640625,245.92691767441616,176.82003196424594,342.0429697075752,127.13258068492232,475.7242282899074,0.8680609047742338,245.92691767441616,0.33159170318072806,0.8680609047742338,255.1230356495001,0.2835933937927966,0.831504228693849,,,
2021-06-07,333.6500549316406,246.33764866662898,177.11534517297704,342.61422741964645,127.34490917462603,476.51875166357036,0.9196354922181873,246.33764866662898,0.3544419894304194,0.9196354922181873,255.46336207514588,0.3060583412876863,0.8892891294238808,,,
2021-06-08,330.7752380371094,246.47471137992653,177.21389247140033,342.80485859550873,127.41576411243427,476.7838875589306,0.8917185758332482,246.47471137992653,0.34202505476206224,0.8917185758332482,255.57690507273264,0.2942297659601778,0.8589883780650927,,,
2021-06-09,327.3751220703125,246.6118503551661,177.312494601719,342.9955958389028,127.4866584740583,477.04917097638344,0.8587127796455216,246.6118503551661,0.3274914469796668,0.8587127796455216,255.69049853552974,0.2803570095304959,0.8230962786406372,,,
2021-06-10,329.56591796875,246.74906563477913,177.41115159444104,343.18643920884335,127.55759228143314,477.31460199800875,0.8772439385517509,246.74906563477913,0.33563187816301854,0.8772439385517509,255.8041424859669,0.2883525449038793,0.8438298149832929,,,
2021-06-11,328.3763732910156,246.88635726122214,177.50986348009243,343.3773887643805,127.62856555650683,477.58018070593505,0.8645971345334962,246.88635726122214,0.3300709562641877,0.8645971345334962,255.91783694648382,0.28313202865841647,0.8303069236944798,,,
2021-06-14,333.8383483886719,247.29869064644313,177.80632880013206,343.95087513555234,127.84172240758036,478.3778037694751,0.9095429649419962,247.29869064644313,0.3499398137370342,0.9095429649419962,256.25922361305925,0.3027369071122836,0.8808085539869361,,,
2021-06-15,333.81854248046875,247.4362880852368,177.9052605630955,344.14225002462183,127.91285377317017,478.6439740447902,0.9076770267389428,247.4362880852368,0.3491090779921293,0.9076770267389428,256.37312033849156,0.30208089693539386,0.8791310148302547,,,
2021-06-16,328.1978759765625,247.57396208349434,178.0042473718708,344.3337313950258,127.98402471638047,478.91029241772793,0.8545185083632172,247.57396208349434,0.3256558695210352,0.8545185083632172,256.48706768635174,0.2795883977195419,0.8210963440363175,,,
2021-06-17,333.5806884765625,247.7117126838135,178.10328925708558,344.52531930601054,128.0552352592323,479.17675897069006,0.9021442528701928,247.7117126838135,0.3466488316697187,0.9021442528701928,256.60106567913937,0.2999972840864209,0.873797221173937,,,
2021-06-18,326.790283203125,247.84953992881583,178.2023862493844,344.71701381685557,128.12648542375896,479.44337378612425,0.8381179643150966,247.84953992881583,0.31850268230064716,0.8381179643150966,256.71511433936405,0.2729686136482219,0.8038217130787688,,,
2021-06-21,329.3973999023437,248.26348195849303,178.50000817548755,345.29273754184044,128.34047386790516,480.2441086324238,0.857146507290181,248.26348195849303,0.32680568766620044,0.857146507290181,257.0575645499064,0.28141492540435586,0.8258470223390503,,,
2021-06-22,336.0787658691406,248.40161620891786,178.59932590291018,345.48485904558,128.41188273970965,480.5113173231404,0.9163288874899819,248.40161620891786,0.35296529466411375,0.9163288874899819,257.1718161051754,0.3068258060272617,0.8912456198259252,,,
2021-06-23,337.62506103515625,248.53982731748948,178.698698890896,345.6770874460717,128.4833313435396,480.77867468925587,0.928557341865366,248.53982731748948,0.35843443957924537,0.928557341865366,257.2861184405797,0.3122552552835487,0.905054132164726,,,
2021-06-24,340.1925964355469,248.67811532697192,178.79812717019206,345.86942280279317,128.5548197015019,481.04618081349344,0.949835412840953,248.67811532697192,0.36800375854645706,0.949835412840953,257.4004715786886,0.32164713743171336,0.9288058065025443,,,
2021-06-25,338.3983154296875,248.81648028015297,178.8976107715626,346.06186517525504,128.62634783571593,481.31383577862243,0.9321194990172517,248.81648028015297,0.36003175934596676,0.9321194990172517,257.51487554208256,0.3140923013373149,0.909713289204907,,,
2021-06-28,352.54412841796875,249.232037230123,179.19639381601954,346.639834982686,128.8411711172454,482.11769454774156,1.0511955124822285,249.232037230123,0.4145217137251691,1.0511955124822285,257.858392609919,0.3672005198267394,1.0416646042420892,,,
2021-06-29,348.8267517089844,249.3707103864529,179.29609901367218,346.8327060138783,128.91285857790513,482.38594570505046,1.0173773960208212,249.3707103864529,0.3988280787603451,1.0173773960208212,257.9730001004492,0.3521831803063058,1.004879977273855,,,
2021-06-30,344.6831359863281,249.50946070077785,179.39585968747716,347.0256843588612,128.9845859255976,482.65434611778846,0.9794689097978573,249.50946070077785,0.38144315256921857,0.9794689097978573,258.0876585293132,0.3355273861232675,0.9636011036461415,,,
2021-07-01,351.3050231933594,249.64828821602862,179.4956758683015,347.2187700773443,129.05635318251606,482.9228958690016,1.0354645220872905,249.64828821602862,0.4071998077926493,1.0354645220872905,258.20236791915084,0.3605801760244163,1.0254982765991516,,,
2021-07-02,351.61236572265625,249.78719297516,179.5955475870294,347.41196322907047,129.12816037086608,483.19159504178214,1.0364291418024625,249.78719297516,0.40764769216019103,1.0364291418024625,258.3171282926126,0.36116551018778,1.0269307803505727,,,
2021-07-06,349.7090148925781,250.343585310423,179.9955904592623,348.1858113644252,129.41578888312574,484.26788761204006,1.013231642079292,250.343585310423,0.39691621999798077,1.013231642079292,258.7766800760522,0.35139308066631725,1.0029333505388578,,,
2021-07-07,347.4389343261719,250.48287693411515,180.09574033137272,348.3795425796723,129.48779606214964,484.5373351406588,0.9918048257999883,250.48287693411515,0.38707658814362467,0.9918048257999883,258.891695707737,0.3420242521737582,0.9797635219131617,,,
2021-07-08,342.6410522460937,250.62224605991912,180.19594592705343,348.5733815873187,129.55984330609843,484.80693259037065,0.947968276071174,250.62224605991912,0.367161365891576,0.947968276071174,259.0067624591576,0.3229038847976964,0.9319712567924023,,,
2021-07-09,347.3695678710937,250.76169273095633,180.2962072773085,348.7673284473389,129.63193063726382,485.0766800445904,0.9878273870024017,250.76169273095633,0.3852577085758808,0.9878273870024017,259.12188035303467,0.34056439926195337,0.976138634750737,,,
2021-07-12,350.085693359375,251.1804984470541,180.5973261658283,349.34981674190715,129.84843337716967,485.8868232691633,1.006378265349267,251.1804984470541,0.39376144057285933,1.006378265349267,259.4675411167627,0.34924658341689585,0.9976391155028719,,,
2021-07-13,349.0250244140625,251.32025573072931,180.69781084477427,349.5441956118518,129.9206812803726,486.15717157651,0.9954944654788959,251.32025573072931,0.3887659926146838,0.9954944654788959,259.5828638078738,0.3445611135270774,0.9860533047139054,,,
2021-07-14,344.6038513183594,251.46009077561038,180.79835143357766,349.73868263455194,129.9929693824398,486.42767030614476,0.9551662128966429,251.46009077561038,0.37041170332617734,0.9551662128966429,259.6982377551964,0.32693950600927435,0.9421157406716599,,,
2021-07-15,341.46142578125,251.6000036249629,180.89894796334622,349.9332778701826,130.06529770573755,486.6983195417612,0.9257119172749947,251.6000036249629,0.35715986034020597,0.9257119172749947,259.8136629815114,0.3142550775151063,0.9101258115852566,,,
2021-07-16,338.1901550292969,251.7399943220781,180.99960046520604,350.12798137895476,130.13766627264528,486.9691193671022,0.8948462678406158,251.7399943220781,0.343410513454663,0.8948462678406158,259.92913950961037,0.30108596391822773,0.8765851737541793,,,
2021-07-19,334.0168762207031,252.16043393326535,181.3018941148487,350.712742146719,130.3550136590065,487.782423219588,0.8521501045712212,252.16043393326535,0.3246204847073717,0.8521501045712212,260.2758771326763,0.28331860754977733,0.8307911730210752,,,
2021-07-20,338.6858215332031,252.3007364548178,181.40277081667608,350.9078793508245,130.42754342439468,488.05382624217634,0.8925412893843815,252.3007364548178,0.34238934967934664,0.8925412893843815,260.3915590960276,0.3006789571404733,0.8755431610283492,,,
2021-07-21,343.216064453125,252.44111704094703,181.50370364648282,351.10312512962327,130.50011354547553,488.3253802738974,0.9311316320461349,252.44111704094703,0.3595885982292413,0.9311316320461349,260.50729247527187,0.31749119647275936,0.9183164944652525,,,
2021-07-22,348.1328430175781,252.58157573508834,181.60469263549865,351.2984795435266,130.572724044703,488.5970853987729,0.9725612682985036,252.58157573508834,0.3782986427430697,0.9725612682985036,260.62307729326136,0.33577136235655747,0.9642094690296729,,,
2021-07-23,366.5709228515625,252.7221125807011,181.70573781497063,351.4939426529792,130.6453749445436,488.8689417008713,1.127309149558812,252.7221125807011,0.45049010198704464,1.127309149558812,260.7389135728583,0.40589265264822694,1.1346095600096926,,,
2021-07-26,369.2176818847656,253.14419246132547,182.00921080885524,352.0809847595846,130.86357027259632,489.6854185118911,1.1440584775141533,253.14419246132547,0.4585271670460047,1.1440584775141533,261.0867314100722,0.4141572032048577,1.1541306080207836,,,
2021-07-27,364.6081848144531,253.2850423479024,182.1104810629706,352.27688325635484,130.93638299980418,489.9578803645023,1.1042911170953862,253.2850423479024,0.4395172388965696,1.1042911170953862,261.20277376492743,0.3958817494893321,1.110809317782377,,,
2021-07-28,370.0305480957031,253.42597060361098,182.2118076640385,352.472890751403,131.00923624014519,490.23049381538107,1.1473524154548305,253.42597060361098,0.4601129758499609,1.1473524154548305,261.3188676958549,0.41601160053385855,1.158495062292205,,,
2021-07-29,355.2007751464844,253.56697727205594,182.31319064341054,352.6690073053759,131.0821300161609,490.50325894887703,1.021682904354552,253.56697727205594,0.40081637982923923,1.021682904354552,261.43501322577805,0.35865801127306995,1.0207897734796614,,,
2021-07-30,353.19830322265625,253.70806239686627,182.41463003245565,352.86523297895417,131.15506435040544,490.7761758493866,1.0028598099989523,253.70806239686627,0.39214457706180816,1.0028598099989523,261.5512103776303,0.35039827463503204,1.0004807543259655,,,
2021-08-02,348.8862609863281,254.13178894614367,182.71928697158145,353.4545653246336,131.3741109282415,491.5958379976668,0.9605671346407596,254.13178894614367,0.37285564483341793,0.9605671346407596,261.900111794253,0.33213483032191626,0.9551300812876069,,,
2021-08-03,348.1823425292969,254.27318833319111,182.82095231335813,353.65122808411473,131.44720772119365,491.86936281113543,0.9527590541590686,254.27318833319111,0.3693238552271203,0.9527590541590686,262.0165156633631,0.32885647169142174,0.9469236817484464,,,
2021-08-04,355.7955322265625,254.4146663951133,182.92267422191486,353.848000267111,131.5203451853336,492.14303981430504,1.0166375943463564,254.4146663951133,0.3984867196060222,1.0166375943463564,262.13297126922356,0.35730934763312483,1.0174821309275857,,,
2021-08-05,359.810302734375,254.55622317568503,183.02445272872552,354.0448819345058,131.59352334329094,492.41686909185427,1.0489638357400504,254.55622317568503,0.4134806772570929,1.0489638357400504,262.2494786348298,0.3720153214695008,1.053372855250952,,,
2021-08-06,360.3456726074219,254.6978587187055,183.12628786528145,354.24187314721644,131.6667422177077,492.6908507285088,1.0517845817457683,254.6978587187055,0.41479663166464387,1.0517845817457683,262.3660377831861,0.3734463334206548,1.05684475638382,,,
2021-08-09,358.4621276855469,255.12323836081717,183.43213336859762,354.8335046669252,131.88664336632485,493.51371064106917,1.0308404800574735,255.12323836081717,0.405054788378701,1.0308404800574735,262.7160261549626,0.3644471292136118,1.0349505827559375,,,
2021-08-10,357.986328125,255.2651893921123,183.534195339399,355.03093467075064,131.96002533325264,493.7883025623457,1.0251282848368657,255.2651893921123,0.40240950588487023,1.0251282848368657,262.83279266457635,0.36203068306570607,1.0290470130053706,,,
2021-08-11,356.82647705078125,255.40721940521797,183.63631409766555,355.2284745249873,132.03344813003955,494.06304726706384,1.0136053518121997,255.40721940521797,0.3970884530270693,1.0136053518121997,262.9496110721193,0.3570146599414985,1.0167589620251536,,,
2021-08-12,359.4931030273437,255.5493284440799,183.73848967499393,355.4261242907562,132.10691177940342,494.33794484023275,1.034487737643417,255.5493284440799,0.4067464204117801,1.034487737643417,263.0664814006583,0.3665484903788434,1.040075881868399,,,
2021-08-13,360.0184631347656,255.69151655266782,183.84072210299817,355.623884029212,132.18041630407453,494.6129953669081,1.037228180486385,255.69151655266782,0.4080188032386609,1.037228180486385,263.1834036732699,0.36793756030950964,1.043459550826184,,,
2021-08-16,363.3690490722656,256.11855573685796,184.14776080747401,356.2178236927639,132.40117535742695,495.43906551925056,1.0602499413223563,256.11855573685796,0.418753311437533,1.0602499413223563,263.5344823864617,0.3788292362416579,1.0698723622141568,,,
2021-08-17,355.3297119140625,256.26106056454125,184.25022095467665,356.41602393419896,132.47484361088516,495.71472871146347,0.9907471580255316,256.26106056454125,0.3865926845509564,0.9907471580255316,263.6516126663366,0.3477244016092891,0.9938796186039985,,,
2021-08-18,352.3558044433594,256.4036446821689,184.35273811089087,356.6143344546075,132.54855285349308,495.990545283176,0.9635848512300516,256.4036446821689,0.3742230726873257,0.9635848512300516,263.76879500582174,0.33585098432732496,0.9644079858394596,,,
2021-08-19,352.02862548828125,256.546308133857,184.45531230783592,356.81275531534766,132.62230310805666,496.2665153197271,0.9590828303397672,256.546308133857,0.3721835564462883,0.9590828303397672,263.8860294280557,0.3340176675940938,0.959834081194612,,,
2021-08-20,356.2416381835937,256.6890509637481,184.55794357725,357.0112865778143,132.69609439739554,496.54263890650657,0.9934582480627692,256.6890509637481,0.3878333993836973,0.9934582480627692,264.0033159561869,0.34938319578801935,0.997976314405819,,,
2021-08-23,360.1869812011719,257.1177561644207,184.8661801379445,357.60754339001596,132.91771470244367,497.3719318228023,1.0217857184525112,257.1177561644207,0.4008638943272391,1.0217857184525112,264.3554884076053,0.3625099420890614,1.03021871305074,,,
2021-08-24,362.3282165527344,257.26081694902945,184.96904001496227,357.80651687400467,132.99167035932788,497.64867046532316,1.0380661329474894,257.26081694902945,0.4084080928053715,1.0380661329474894,264.4729835910183,0.3700008659978655,1.0484792698973455,,,
2021-08-25,365.1831665039063,257.40395733291757,185.0719571234017,358.00560106719973,133.06566716527337,497.92556308572523,1.060170669749869,257.40395733291757,0.418716208902689,1.060170669749869,264.5905309962263,0.3801822957493317,1.0731390140424788,,,
2021-08-26,361.2080078125,257.5471773603742,185.1749314951064,358.20479603120003,133.13970514317552,498.2026097696822,1.0253078595447895,257.5471773603742,0.4024925899579086,1.0253078595447895,264.7081306464397,0.36455199517445647,1.0352065418569725,,,
2021-08-27,369.3861999511719,257.6904770757131,185.27796316193778,358.4041018276386,133.2137843159425,498.4798106029152,1.0914865221450796,257.6904770757131,0.43344916794360633,1.0914865221450796,264.8257825648794,0.394827181755524,1.1082922240428124,,,
2021-08-30,377.3462829589844,258.1208547925321,185.5874022520718,359.0026848284292,133.43626923270514,499.31233885619883,1.1510552433379762,258.1208547925321,0.46189769618685483,1.1510552433379762,265.1790521619179,0.42298677019396425,1.1748605871468991,,,
2021-08-31,376.077392578125,258.26447370303197,185.69066341837845,359.2024345716378,133.51051341426796,499.59015714470286,1.1391590369206526,258.26447370303197,0.4561716026438907,1.1391590369206526,265.2969133856766,0.41757168516846166,1.1621624063261473,,,
2021-09-01,378.7241821289063,258.4081725233534,185.7939820393848,359.4022954559648,133.5847989054277,499.8681300118052,1.1587314815568248,258.4081725233534,0.4656045063539136,1.1587314815568248,265.4148269939202,0.4269141871926456,1.1840400433702496,,,
2021-09-02,372.0131530761719,258.55195129795845,185.89735814705875,359.60226754324935,133.6591257291691,500.14625754351357,1.1028505644999338,258.55195129795845,0.43883328363458896,1.1028505644999338,265.53279300993154,0.40100644014337505,1.123014168384068,,,
2021-09-03,372.984619140625,258.6958100713337,186.00079177338603,359.802350895365,133.73349390848966,500.42453982588364,1.1090697599730097,258.6958100713337,0.44178840406335484,1.1090697599730097,265.65081145700367,0.4040409554743394,1.1302200767232329,,,
2021-09-07,378.85302734375,259.2720460431381,186.41510210556487,360.6037981908142,134.0313806419621,501.539218184771,1.14964595897372,259.2720460431381,0.4612181803846134,1.14964595897372,266.1234100221246,0.4235990261520153,1.1762932637897714,,,
2021-09-08,374.2832336425781,259.41630547853214,186.51882380556714,360.8044387963937,134.10595594458948,501.8182755129615,1.1111746319203215,259.41630547853214,0.4427899316203612,1.1111746319203215,266.2416909742598,0.4058024957434774,1.1343959752828525,,,
2021-09-09,374.7095031738281,259.56064518013693,186.62260321651092,361.0051910387691,134.18057274105016,502.0974881091542,1.112938793855631,259.56064518013693,0.4436298804611811,1.112938793855631,266.3600244974318,0.4067783027157703,1.1367069668389091,,,
2021-09-10,375.3934020996094,259.7050651926128,186.72644037050665,361.2060549800553,134.25523105443133,502.3768560597404,1.1167800371622336,259.7050651926128,0.44546045654209787,1.1167800371622336,266.4784106150068,0.40871975794675874,1.141300127626247,,,
2021-09-13,373.23248291015625,260.1388075422421,187.03829861217847,361.80931761904617,134.47945532716315,503.2158929024957,1.0942224705204278,260.1388075422421,0.43474357569487077,1.0942224705204278,266.8338847679603,0.39874470303769916,1.117633177965827,169.6664435727006,1.199801416537793,2.449237373451146
2021-09-14,373.2522277832031,260.283549245302,187.14236705984425,362.01062897781617,134.55427993935584,503.4958831355319,1.092696725942465,260.283549245302,0.4340215847888056,1.092696725942465,266.95248149701024,0.3981972585161506,1.1163294226361042,169.8135260234383,1.1980123522768467,2.4467096968057227
2021-09-15,370.66497802734375,260.4283714829073,187.2464934113826,362.21205234659027,134.62914618409812,503.7760291556403,1.0699262592880299,260.4283714829073,0.4232895437495434,1.0699262592880299,267.07113093744755,0.38788860003801595,1.0916832736379334,169.96073597874832,1.180885931640654,2.422408013891854
2021-09-16,369.8124694824219,260.5732742998676,187.35067769901127,362.4135877876911,134.7040540845544,504.05633104950095,1.0612605345102233,260.5732742998676,0.4192263979338182,1.0612605345102233,267.1898331126994,0.38408136707221474,1.0825345473074266,170.10807354916324,1.1739854068451474,2.4125624738699005
2021-09-17,361.5450439453125,260.7182577410171,187.45491995496585,362.61523536347556,134.77900366390188,504.3367889038419,0.9910407392357949,260.7182577410171,0.38672698674003514,0.9910407392357949,267.3085880462049,0.3525380781361902,1.005753995045973,170.25553884531143,1.1235435064100932,2.339629324981267
2021-09-20,352.60357666015625,261.1536922583225,187.76799485541338,363.22085152302714,135.00410270725922,505.1790990977596,0.9100743692025571,261.1536922583225,0.35017649419781227,0.9100743692025571,267.6651696307829,0.31733081725402434,0.9179110454568313,170.6987021958808,1.065648842810388,2.2537540243042504
2021-09-21,354.3680725097656,261.29899864507394,187.87246930738863,363.42294826181416,135.0792192342031,505.4601816622735,0.9235191669298645,261.29899864507394,0.3561784558964525,0.9235191669298645,267.7841358318949,0.32333482492863186,0.9330560010427776,170.84667950316717,1.0741876490681008,2.26656986125357
2021-09-22,340.2223205566406,261.4443858805623,187.97700188913828,363.6251574475928,135.15437755611867,505.74142062163565,0.7983514210997908,261.4443858805623,0.3013181346799585,0.7983514210997908,267.9031549086093,0.26994518102148457,0.7959020210411558,170.99478509076934,0.9896648916868434,2.1373198061926604
2021-09-23,342.9483642578125,261.589854009771,188.08159263300516,363.8274791429276,135.22957769626026,506.0228160628626,0.8208561654501964,261.589854009771,0.3110155420821581,0.8208561654501964,268.0222268844268,0.2795519544940368,0.8210014886197807,171.1430190698929,1.0038700153919584,2.159421306369443
2021-09-24,349.8874816894531,261.7354030777103,188.18624157135145,364.02991341042025,135.3048196778961,506.30436807302294,0.8798903111749837,261.7354030777103,0.33679845208242654,0.8798903111749837,268.1413517828589,0.3048620787620713,0.8862372151847165,171.29138155183924,1.0426449861026077,2.218962289710346
2021-09-27,350.50201416015625,262.17253636437863,188.5005378771493,364.6378922723682,135.5307969046387,507.1499643884918,0.8801512670576842,262.17253636437863,0.33691354182504285,0.8801512670576842,268.49904424911455,0.30541252070513525,0.8876418543067699,171.73724112907823,1.0409202561762236,2.216337986495016
2021-09-28,337.6846008300781,262.31840963783384,188.60541991738708,364.84077745519164,135.6062064851868,507.4321435460189,0.7655403275363944,262.31840963783384,0.28730805167772067,0.7655403275363944,268.6183810733291,0.257116506624671,0.7620870436354905,171.8861187372623,0.9645833142945546,2.097907746629368
2021-09-29,336.65362548828125,262.46436407544223,188.71036031418174,365.0437755236978,135.6816580237619,507.7144797085396,0.754585591139309,262.46436407544223,0.2826641310875795,0.754585591139309,268.7377709378726,0.25272165618322995,0.7504232921548981,172.03512540622592,0.9568888893668794,2.08571616728681
2021-09-30,336.4356384277344,262.6103997223637,188.81535910000298,365.24688654069644,135.7571515437096,507.99697296341185,0.7509361184520055,262.6103997223637,0.28112077352389697,0.7509361184520055,268.85721386631917,0.2513543289004567,0.7467861150277714,172.18426124785069,0.9539279373708378,2.081011852651078
2021-10-01,340.0240478515625,262.7565166237833,188.9204163073386,365.45011056903235,135.8326870683883,508.2796233980421,0.781409516727232,262.7565166237833,0.2940651376438037,0.781409516727232,268.97670988225366,0.2641393673095722,0.7806410493171994,172.33352637411576,0.9730580288446624,2.111280535240771
2021-10-04,323.39013671875,263.19535530725796,189.23593878358037,366.0604613510356,136.0595459045909,509.12851865527506,0.6243154607977066,263.19535530725796,0.22870761279666119,0.6243154607977066,269.33551669098864,0.20069621968861528,0.6091536817468672,172.78209858199426,0.8716645958856915,1.9473809279175478
2021-10-05,330.0614929199219,263.34179767902305,189.34123000221265,366.26413805386755,136.135249682039,509.411798683975,0.6845251185075052,263.34179767902305,0.25335778759367633,0.6845251185075052,269.4552252929317,0.22492147836845078,0.6756809885648782,172.93188196854905,0.9086214130252155,2.0081267095720334
2021-10-06,330.7356262207031,263.48832153158867,189.44657980506946,366.4679280827854,136.21099558120576,509.6952363301953,0.6890237809104199,263.48832153158867,0.25521929889804396,0.6890237809104199,269.57498710044354,0.22687801927806883,0.6809964810116292,173.08179520109553,0.9108631606024025,2.011773530050793
2021-10-07,326.3541259765625,263.6349269102909,189.55198822474713,366.67183150084395,136.28678362552787,509.97883168163463,0.6469127152849974,263.6349269102909,0.23790170673255884,0.6469127152849974,269.69480213717196,0.21008682180894422,0.635100071674013,173.23183839219553,0.8839153876419605,1.9676494026863043
2021-10-08,327.17681884765625,263.78161386049106,189.65745529386018,366.87584837113315,136.3626138384549,510.2625848260405,0.6528582400994596,263.78161386049106,0.24033215984755363,0.6528582400994596,269.81467042677485,0.21259833029149156,0.6420052875293784,173.38201165450954,0.8870286238205993,1.972779132242682
2021-10-11,322.616943359375,264.22216459407036,189.97420872422884,367.4885803268104,136.5903577235579,511.1147918952644,0.605256792958953,264.22216459407036,0.22100635976174687,0.605256792958953,270.17459504957276,0.19410540173172053,0.5908216626457271,173.83331299680012,0.8558982613724544,1.921099997446178
2021-10-12,320.9515075683594,264.36917828438,190.07991071759153,367.6930516376237,136.66635684566222,511.39917708998786,0.5878822746192152,264.36917828438,0.21402770796190995,0.5878822746192152,270.2946765874674,0.18741335057148056,0.5721042497036415,173.98400767252392,0.8447184420102596,1.902328695772674
2021-10-13,321.7148742675781,264.5162737733728,190.1856715237345,367.8976367166442,136.7423982538155,511.6837205171481,0.5933971784712788,264.5162737733728,0.21623849330045708,0.5933971784712788,270.4148114966856,0.18970877551772447,0.5785363257367927,174.13483298422844,0.847504423751428,1.9070170760141092
2021-10-14,325.6700744628906,264.66345110656175,190.29149117538134,368.1023356271727,136.81848197154588,511.9684222647859,0.6287498347290089,264.66345110656175,0.23050641522756266,0.6287498347290089,270.53499980094887,0.20380015414829278,0.6177522885314427,174.28578904516073,0.8685979863711286,1.9422865768547557
2021-10-15,321.9329528808594,264.81071032948506,190.39736970527372,368.3071484325453,136.89460802239438,512.253282420991,0.5920790269184842,264.81071032948506,0.21570971385674387,0.5920790269184842,270.6552415239887,0.1894576697208572,0.5778332998028661,174.4368759686661,0.8455555976517708,1.9037382441435065
2021-10-18,332.4208374023437,265.2529797924243,190.7153588921152,368.9222708516169,137.1232404092567,513.1088142226439,0.6841964072019066,265.2529797924243,0.25322187770513316,0.6841964072019066,271.0162874432477,0.22657143796921964,0.6801641271621254,174.8909230495507,0.9007323628119972,1.9952588468252217
2021-10-19,337.0303955078125,265.4005670301748,190.82147326277192,369.12753987043146,137.19953602825123,513.3943088949972,0.7242541405644332,265.4005670301748,0.26989327596083745,0.7242541405644332,271.13674307892546,0.24302738050410966,0.7245497392289664,175.04253455876992,0.9254199921028665,2.03535064555259
2021-10-20,337.8135070800781,265.54823638573134,190.92764667565638,369.3329231012994,137.27587409826614,513.6799624171025,0.7296030668082877,265.54823638573134,0.2721361349558178,0.7296030668082877,271.2572522521977,0.24536212128994306,0.7307994492769588,175.19427749876493,0.9282222678903402,2.0398689130729224
2021-10-21,338.90386962890625,265.69598790478443,191.03387916361982,369.5384206077685,137.3522546429213,513.9657748773443,0.7376850456075887,265.69598790478443,0.275532507289334,0.7376850456075887,271.37781498686024,0.24882673126878685,0.7400520693388395,175.34615198347237,0.9327704987837451,2.04718832354349
2021-10-22,321.7842102050781,265.84382163305,191.1401707595317,369.74403245342194,137.4286776858497,514.2517463641559,0.5788755096072911,265.84382163305,0.21042576136767943,0.5788755096072911,271.49843130671866,0.18521572539603492,0.5659345598997468,175.49815812692705,0.8335475063638635,1.8834583375420129
2021-10-25,325.82867431640625,266.2878165306622,191.45940052392737,370.36155466185033,137.65820204080097,515.1106158690828,0.6116785786301568,266.2878165306622,0.22359587667762515,0.6116785786301568,271.86060201568586,0.19851376735201431,0.6030944709894214,175.95496765160834,0.8517730909510242,1.914186891236363
2021-10-26,313.06085205078125,266.43597955344546,191.56592888069366,370.56762450077997,137.7347953134148,515.3972243474926,0.48882279459108735,266.43597955344546,0.17499465565979655,0.48882279459108735,271.98143291459803,0.15103758626450836,0.4684807323746988,176.10750157238087,0.7776690331508225,1.787306397440993
2021-10-27,309.5021057128906,266.5842250144031,191.6725165100307,370.77380899734146,137.8114312026643,515.6839922953791,0.4524818815782521,266.5842250144031,0.16099182423929537,0.4524818815782521,272.1023175178936,0.13744751803717215,0.4289242117551039,176.26016772356041,0.7559390173638192,1.7490961784206152
2021-10-28,314.16119384765625,266.7325529594028,191.77916344491715,370.9801082153291,137.88810973226094,515.9709198014696,0.4960859496209238,266.7325529594028,0.1778134703171088,0.4960859496209238,272.22325584944264,0.15405714646733948,0.47720631820233544,176.41296621977625,0.7808282496439207,1.7928226640729303
2021-10-29,320.7532958984375,266.88096343434,191.88586971835142,371.1865222185754,137.9648309259304,516.2580069545444,0.5573460325571011,266.88096343434,0.20185903022398066,0.5573460325571011,272.344247933125,0.1777494782162592,0.5448877676382257,176.5658971757577,0.8166208822259284,1.8546450409109778
2021-11-01,327.1075134277344,267.32669049809766,192.206344900191,371.80645357870634,138.19525072882342,517.120227184193,0.6117497217664659,267.32669049809766,0.2236245951283422,0.6117497217664659,272.70754693593085,0.19948097184337943,0.6057811113452228,177.02548595107376,0.8477989859501938,1.9075123657151638
2021-11-02,325.2239990234375,267.47543155223576,192.31328885815952,372.01332736200726,138.2721428162988,517.407953813974,0.5925592372908564,267.47543155223576,0.21590232469603077,0.5925592372908564,272.8287542671588,0.19204443790031145,0.5850684265290456,177.17894789539477,0.8355679548083077,1.8868798555079154
2021-11-03,328.7332458496094,267.6242553661654,192.42029231993968,372.2203162502554,138.34907768667074,517.6958405353722,0.6234053685567983,267.6242553661654,0.22833875950382088,0.6234053685567983,272.95001547007934,0.2043715963285775,0.6193328968985962,177.3325428746191,0.8537671682858368,1.9175305572385075
2021-11-04,332.9263610839844,267.7731619859344,192.5273553186395,372.4274203074953,138.42605536374373,517.983887437463,0.6601388922924855,267.7731619859344,0.24331489614135537,0.6601388922924855,273.07133056863626,0.21919192465465942,0.6600660719287557,177.486271004073,0.8757865563378946,1.9542153280465726
2021-11-05,338.1604309082031,267.92215145761594,192.6344778873855,372.63463959780734,138.50307587133548,518.272094609371,0.705736850261182,267.92215145761594,0.26215928421169976,0.705736850261182,273.19269958678393,0.23780917798933054,0.7105389419650493,177.64013239918376,0.9036263165369998,1.9999853787590276
2021-11-08,335.6723022460937,268.3696174452538,192.95620334544128,373.256989508513,138.73439461559937,519.1376786359917,0.678293004321865,268.3696174452538,0.25078354786032864,0.678293004321865,273.5571303984752,0.22706471499075476,0.6815032492104225,178.10251733422638,0.8847139685070962,1.9689660451748736
2021-11-09,332.4505920410156,268.5189387858318,193.06356452600508,373.46467037262903,138.81158668370855,519.4265277794096,0.6473735565136508,268.5189387858318,0.23808992223887482,0.6473735565136508,273.67871533474306,0.21474770748754524,0.6479035010357846,178.2569129482349,0.8650081309192084,1.9363123600043932
2021-11-10,324.787841796875,268.6683432090738,193.17098544252394,373.6724667907535,138.8888217016241,519.7155376390135,0.5750025833516353,268.6683432090738,0.20888020493032133,0.5750025833516353,273.80035431053346,0.18622140798442333,0.5687593668492723,178.41144240653722,0.8204428898500646,1.8611744394722305
2021-11-11,324.886962890625,268.81783076120706,193.27846612823504,373.88037882718083,138.96609969324328,520.0047083042259,0.5742414286505998,268.81783076120706,0.20857668544771713,0.5742414286505998,273.92204734986484,0.18605627416206327,0.568295695839685,178.56610582516169,0.8194212243656673,1.8594304014507008
2021-11-12,337.9225158691406,268.96740148848477,193.3860066163941,374.08840654624134,139.0434206824768,520.2940398645196,0.691800789353631,268.96740148848477,0.25636978310030645,0.691800789353631,274.0437944767662,0.23309676292557002,0.6978353282234334,178.72090332023723,0.8907833923804727,1.9789546782049685
2021-11-15,344.534423828125,269.4166131841011,193.70898722839343,374.71318444306104,139.27564187516933,521.1630008113599,0.745479288035018,269.4166131841011,0.278816550160897,0.745479288035018,274.4093606233403,0.25554909295182426,0.7579318771911212,179.18610142697352,0.9227742614208192,2.031078745316954
2021-11-16,339.9744567871094,269.56651707500197,193.81676725927133,374.92167553667264,139.35313509423278,521.4529768476997,0.7034068833343662,269.56651707500197,0.2611894847924221,0.7034068833343662,274.5313243410255,0.23838129438660993,0.7120779460992704,179.34143639116004,0.8956826912303415,1.9869942420631133
2021-11-17,337.80352783203125,269.7165043726989,193.9246072591534,375.1302826351058,139.4306714306635,521.7431142272305,0.6823027745764555,269.7165043726989,0.252439218051145,0.6823027745764555,274.6533422665861,0.22992687816684154,0.689262688645514,179.496906013955,0.8819462426041411,1.9644004321519526
2021-11-18,335.74169921875,269.8665751235996,194.03250726140647,375.3390058029059,139.50825090845203,522.0334130397242,0.6620586302223775,269.8665751235996,0.24410256833392352,0.6620586302223775,274.775414424115,0.22187678225291907,0.6673923071747392,179.6525104120933,0.8688394526111201,1.9426880115219594
2021-11-19,342.2940979003906,270.0167293741375,194.14046729941595,375.5478451046541,139.58587355160233,522.3238733750022,0.7189602130513915,270.0167293741375,0.2676773720420298,0.7189602130513915,274.8975408377167,0.24516973435735778,0.7302849048224438,179.80824970241002,0.9036618089931985,2.000043301979082
2021-11-22,338.0414733886719,270.46769358829755,194.46470796211588,376.17506045993844,139.81900071346357,523.1962244165082,0.6760066830315987,270.46769358829755,0.24984048521238278,0.6760066830315987,275.2642458561561,0.22806168428180484,0.6842081253368855,180.27627809630874,0.8751300889853098,1.9531278810197097
2021-11-23,334.31414794921875,270.61818230223656,194.572908477377,376.38436494401003,139.89679625836746,523.4873317421396,0.6407121863532179,270.61818230223656,0.23537208440726332,0.6407121863532179,275.38658953530086,0.2139812200490765,0.6458013426113367,180.43255812572374,0.8528482410379159,1.915990148414722
2021-11-24,338.091064453125,270.7687547483682,194.68116919560055,376.5937858854752,139.9746350888533,523.7786010404136,0.6730791351719523,270.7687547483682,0.24863396726598297,0.6730791351719523,275.5089875911984,0.22715076342549745,0.6817367937490695,180.58897363301668,0.8721578491285724,1.9481995568588464
2021-11-26,330.2201538085937,271.0701510235903,194.89787137494162,377.0129773998106,140.1304427029207,524.3616259154268,0.5983047693472576,271.0701510235903,0.21820920732750015,0.5983047693472576,275.7539469299349,0.1975174153808137,0.6003245985091792,180.9022115511167,0.8254069476385861,1.8696344461536505
2021-11-29,335.0874328613281,271.5228745934296,195.22337700420314,377.6426397228649,140.3644793684262,525.2373802774425,0.6375988229172892,271.5228745934296,0.2341038793253727,0.6375988229172892,276.1217943682406,0.21354938181536642,0.6446164041018867,181.37308745177825,0.8475036046922781,1.907015698702315
2021-11-30,321.63555908203125,271.6739504119883,195.33199964429141,377.85276077069267,140.4425784186403,525.5296233058866,0.5117170679838732,271.6739504119883,0.18390283129566565,0.5117170679838732,276.24451919256325,0.16431471662185992,0.5066779148224715,181.53031829624288,0.7718007774169595,1.7770338459442618
2021-12-01,307.8962097167969,271.8251102894061,195.44068272221344,378.06299873025216,140.5207209233074,525.8220289388812,0.3776996693475348,271.8251102894061,0.1326996589424232,0.3776996693475348,276.36729856304225,0.11408336412335185,0.3598004807370875,181.68768544283955,0.694645451431344,1.6387136606654245
2021-12-02,307.6880798339844,271.9763542724527,195.54942627159627,378.273353666592,140.59890690660524,526.1145972668979,0.37396386310150886,271.9763542724527,0.13130452335484066,0.37396386310150886,276.4901325039209,0.11283566269628476,0.356068445606768,181.84518900972677,0.6920331052449584,1.6339208615843752
2021-12-03,304.1688842773437,272.1276824079255,195.65823032608702,378.4838256447996,140.67713639272586,526.4073283804626,0.3374084529547566,272.1276824079255,0.11774326516839895,0.3374084529547566,276.61302103945354,0.09961882175445336,0.31627624873202215,182.0028291151667,0.671231627310988,1.5954908015172817
2021-12-06,315.1029052734375,272.5821721972532,195.9850058569492,379.11594448202766,140.9120861101402,527.2864993404297,0.4394006929408555,272.5821721972532,0.15599234804473672,0.4394006929408555,276.98201445668,0.1376294807138807,0.4294569644433499,182.47656984695627,0.7268129576181501,1.6971322829891307
2021-12-07,319.9998779296875,272.733837410915,196.09405226870894,379.3268852792887,140.990489849736,527.5798825024274,0.48445983189307484,272.733837410915,0.17330464370491372,0.48445983189307484,277.10512161358696,0.15479597080820362,0.4793378132918248,182.6347572912742,0.7521302225037985,1.7423500907209504
2021-12-08,327.68243408203125,272.8855870113759,196.20315935408945,379.53794344439086,141.06893721331434,527.873428903347,0.5546870261895871,272.8855870113759,0.2008052080389684,0.5546870261895871,277.2282834865815,0.1819949608348379,0.5568717730447807,182.79308186699257,0.7926413337703113,1.8133629826557343
2021-12-09,326.9488525390625,273.03742104558904,196.3123271468496,379.7491190426379,141.14742822514768,528.167138634015,0.546207375880988,273.03742104558904,0.19745070579344448,0.546207375880988,277.3515000999824,0.178824893397731,0.5479274938939638,182.9515436929893,0.7870789496464421,1.8037081529026346
2021-12-10,326.87945556640625,273.1893395605334,196.4215556807671,379.96041213936974,141.22596290952197,528.4610117853085,0.5438778172553105,273.1893395605334,0.19653078737348073,0.5438778172553105,277.47477147811946,0.1780510848791983,0.5457405571382612,183.11014288824535,0.7851520970408794,1.8003566362441228
2021-12-13,331.57818603515625,273.6456024599374,196.74960606752273,380.59499707441995,141.46182924095302,529.3436126724698,0.5820813801783787,273.6456024599374,0.2117066126933298,0.5820813801783787,277.8449144444087,0.19339303617701642,0.5888341986937325,183.58676588093016,0.8061115922168904,1.836620230011597
2021-12-14,330.8347473144531,273.79785936812084,196.85907790422266,380.80676081921877,141.5405388586212,529.6381404160463,0.5735913236239142,273.79785936812084,0.2083175086830984,0.5735913236239142,277.9684051250057,0.19018831354474552,0.5798784858001381,183.74591574510004,0.8005012300431256,1.8269547347547601
2021-12-15,338.6858215332031,273.9502009923234,196.96861065125054,381.01864238974815,141.619292270463,529.932832035392,0.6429987693724629,273.9502009923234,0.23630433672393525,0.6429987693724629,278.09195069215053,0.21789149484635884,0.6565117562785147,183.90520357498391,0.8416326180521059,1.897127455189178
2021-12-16,331.9846496582031,274.1026273796812,197.078204342497,381.2306418515667,141.69808950084564,530.2276876216879,0.5807365974171291,274.1026273796812,0.21116916255729623,0.5807365974171291,278.2155511702381,0.19326417327068857,0.5884745509768808,184.06462949018365,0.803630879967127,1.832350183294752
2021-12-17,330.8843078613281,274.25513857735666,197.18785901187152,381.4427592702692,141.7769305741498,530.5227072661653,0.5689870833417325,274.25513857735666,0.20648353054649737,0.5689870833417325,278.33920658367373,0.18878081145157832,0.575937546677109,184.22419361040355,0.7960958404903142,1.819344025437718
2021-12-20,322.616943359375,274.71318150430625,197.51718922814112,382.07981992417785,142.01371709560195,531.4087514617635,0.48722992538574855,274.71318150430625,0.17437736912641677,0.48722992538574855,278.7105026802908,0.15753421653237565,0.48722572796675184,184.70371639979427,0.7466727234717099,1.7326582354012756
2021-12-21,331.2907409667969,274.86603241540104,197.62708814950003,382.29240982709604,142.0927337846707,531.7044282522977,0.5659637058565175,274.86603241540104,0.2052807618881114,0.5659637058565175,278.83437807939373,0.18812731503454372,0.574106201293257,184.86383453922377,0.7920797856029798,1.8123896438699334
2021-12-22,327.57342529296875,275.0189683730192,197.7370482188176,382.5051180154207,142.17179443876822,532.0002695579332,0.5300731066945398,275.0189683730192,0.19109393519601836,0.5300731066945398,278.95830853603616,0.1742737723499368,0.535044457830224,185.02409148375696,0.7704366099899267,1.774640957675264
2021-12-23,332.3216552734375,275.1719894244809,197.8470694701166,382.7179445549661,142.25089908235665,532.2962754702062,0.572009397668398,275.1719894244809,0.20768707588473845,0.572009397668398,279.08229407468883,0.19076581470446352,0.5814941134338413,185.1844873537234,0.7945437008374541,1.816658115795781
2021-12-27,343.1664733886719,275.78492551608457,198.28776697624681,383.5704355429215,142.56775804134085,533.481947018187,0.6626040245830103,275.78492551608457,0.24432643570526635,0.6626040245830103,279.5787875391995,0.22744102443951264,0.6825244720199792,185.82746249815256,0.8466940718844693,1.9056541075632543
2021-12-28,343.2060852050781,275.9383727474861,198.3980946484586,383.78385482706614,142.64708299979398,533.778777338479,0.6612677990831781,275.9383727474861,0.2437780283612434,0.6612677990831781,279.70304885534676,0.22703734052814362,0.6814289485943228,185.98855480387354,0.8453075543653306,1.9033206716134898
2021-12-29,339.95465087890625,276.0919053572047,198.5084837071868,383.9973928580866,142.7264520947975,534.0757728156981,0.6307280705679029,276.0919053572047,0.2313097352096456,0.6307280705679029,279.8273654005576,0.21487278555576483,0.6482464126189054,186.14978675919534,0.8262424942698106,1.8710561659406222
2021-12-30,341.3622741699219,276.2455233927451,198.61893418658693,384.2110497020537,142.80586535090902,534.3729335417379,0.6415671237730015,276.2455233927451,0.2357205647260343,0.6415671237730015,279.9517371993795,0.21936115697973402,0.6605283364260482,186.3111584851789,0.8322159388916972,1.8812013396844574
2021-12-31,333.42205810546875,276.3992269016383,198.72944612083356,384.42482542507526,142.8853227926999,534.6702596085431,0.5685411295353482,276.3992269016383,0.20630604449600387,0.5685411295353482,280.07616427637026,0.19046923884768163,0.5806645053777163,186.4726701029906,0.7880478566715252,1.805392079091664
2022-01-03,335.59295654296875,276.8608507441427,199.0613509946837,385.0668665300959,143.12396047806692,535.5632307737669,0.5831549143273483,276.8608507441427,0.21213582794738484,0.5831549143273483,280.4497774220988,0.19662407874859955,0.597839149936918,186.95804552063015,0.7950174629202424,1.8174781865616843
2022-01-04,333.6004333496094,277.014896622287,199.17210909044243,385.2811184311483,143.2035949085618,535.8612191241047,0.5634179468617351,277.014896622287,0.20426893072280317,0.5634179468617351,280.5744258575628,0.18899087944303905,0.5765260232302835,187.12011791951613,0.78281436041579,1.79628557846249
2022-01-05,321.3480224609375,277.16902821183703,199.28292881220636,385.4954895423466,143.2832736477981,536.1593732757004,0.4483064805970036,277.16902821183703,0.15939369032002726,0.4483064805970036,280.69912969414906,0.14481303455083605,0.4504212645651061,187.28233081763787,0.7158480517515728,1.6773423418906512
2022-01-06,329.56591796875,277.3232455604818,199.39381019426358,385.7099799300183,143.36299672042875,536.4576933208045,0.5231633358321376,277.3232455604818,0.18838187293922526,0.5231633358321376,280.82388895648154,0.17356795817261061,0.533042010946367,187.44468433679282,0.7582035955556876,1.7531002366518034
2022-01-07,328.9017028808594,277.4775487159388,199.5047532709227,385.92458966053033,143.4427641511215,536.7561793517224,0.5153619125287668,277.4775487159388,0.1853272612609278,0.5153619125287668,280.94870366919446,0.17068240068524254,0.5248429259052063,187.60717859888405,0.7531402867268311,1.7441405310340172
2022-01-10,325.21405029296875,277.94097350074276,199.83795301187396,386.56913557331364,143.68233283844788,537.6526342831551,0.4761257406947646,277.94097350074276,0.17008315181748346,0.4761257406947646,281.3234807561248,0.15601459721341926,0.4828505509068889,188.09550706339476,0.7289836177924243,1.7010350813299988
2022-01-11,331.4592590332031,278.09562036114306,199.94914321040017,386.7842233395796,143.76227794833432,537.9517851813857,0.5320971395787383,278.09562036114306,0.1918895328260133,0.5320971395787383,281.4485175169234,0.17769054872805512,0.5447211196595592,188.25856551837902,0.7606596444656535,1.7574370135376134
2022-01-12,330.3589172363281,278.25035326733575,200.06039527535359,386.9994307810672,143.84226753982426,538.2511025277163,0.5203316475978401,278.25035326733575,0.18727222933272536,0.5203316475978401,281.57360985143913,0.1732595160840129,0.5321665598201574,188.42176532740265,0.7532948842841736,1.7444144797066619
2022-01-13,323.637939453125,278.4051722671976,200.17170924115737,387.2147579643648,143.9223016376677,538.5505864147603,0.45634136940159625,278.4051722671976,0.16247100158942285,0.45634136940159625,281.69875778437233,0.14887954067889497,0.4622306176919831,188.58510661300483,0.7161373199913494,1.6778660480866971
2022-01-14,329.0107421875,278.56007740863095,200.28308514225307,387.4302049560967,144.00238026662797,538.8502369351808,0.504563980549997,278.56007740863095,0.18111233041072494,0.504563980549997,281.8239613404341,0.16743353057217814,0.5155872951766985,188.74858949782976,0.7431162959301636,1.7263261417463707
2022-01-18,315.3804016113281,279.18056034906675,200.72920878906092,388.293192341156,144.32314058938778,540.0505072057034,0.3695667382378747,279.18056034906675,0.1296646199756879,0.3695667382378747,282.32533229057606,0.11708148557753573,0.36875118599096857,189.40393948598177,0.6651206013308406,1.5841099408114818
2022-01-19,316.8078918457031,279.3358969178314,200.8408948839135,388.5092393757258,144.4034422458658,540.350992284765,0.3815696655872633,279.3358969178314,0.13414672206950318,0.3815696655872633,282.45081433333377,0.12163915191203145,0.3823119031077508,189.56813221031985,0.6712085947769681,1.5954479850867473
2022-01-20,313.8043518066406,279.49131991614394,200.95264312111127,388.72540661925643,144.48378858233076,540.651644554268,0.3510087393438661,279.49131991614394,0.12276957975221436,0.3510087393438661,282.5763521477183,0.11051172336812431,0.3491060763727281,189.7324672719864,0.6539306968311016,1.5631617535723583
2022-01-21,300.5308837890625,279.6468293920938,201.06445353523034,388.9416941386324,144.56417962364264,540.9524641072378,0.21831649441245743,279.6468293920938,0.07468010433863026,0.21831649441245743,282.7019457585177,0.06306620204791291,0.20368463965649092,189.8969447943724,0.5825998891898378,1.4261997364528372
2022-01-24,306.0226135253906,280.11387716706486,201.4002581851652,389.59127902123527,144.80562122546775,541.8559273979736,0.2681486776470434,280.11387716706486,0.09249358375370087,0.2681486776470434,283.07906161745285,0.0810499786767811,0.2595550938318317,190.3912333613624,0.6073356326473287,1.4743816622486148
2022-01-25,297.537109375,280.2697330349953,201.51231765311556,389.8080483135819,144.88619133504443,542.1574170160958,0.18122499918676052,280.2697330349953,0.06160985045734013,0.18122499918676052,283.20487866201455,0.05060728748988108,0.1644213423281229,190.55628196267742,0.5614132806877286,1.3843284749858864
2022-01-26,292.06524658203125,280.4256756214125,201.6244394711566,390.02493821675483,144.9668062739758,542.4590743835869,0.12327451889963628,280.4256756214125,0.04150679474989549,0.12327451889963628,283.3307516270976,0.03082791015367614,0.10112155858154684,190.72147364327355,0.5313705426181408,1.3239703148630018
2022-01-27,292.0751342773437,280.5817049745669,201.73662367397998,390.2419487978623,145.04746606720502,542.7608995937829,0.12169103864882584,280.5817049745669,0.040962860724717,0.12169103864882584,283.4566805375561,0.03040483548824202,0.09975436684632674,190.88680852718485,0.530095958599194,1.3213834641366982
2022-01-28,299.0835266113281,280.73782114273564,201.84887029629675,390.45908012404954,145.12817073968907,543.0628927400719,0.19188026095741076,280.73782114273564,0.06534817928669812,0.19188026095741076,283.5826654182562,0.05466082057663746,0.17724660531493522,191.05228673855362,0.5654537912996056,1.3923574380616235
2022-01-31,310.53302001953125,281.2066910205024,202.1859850276071,391.11119924510524,145.37055428244884,543.9698807301555,0.3006962598264243,281.2066910205024,0.10428745095859315,0.3006962598264243,283.9609561306225,0.09357646998725255,0.2979248474975577,191.5495825804347,0.6211626036257925,1.5009926833566107
2022-02-01,316.2230834960937,281.36315493203756,202.29848167539384,391.32881422381365,145.4514387218003,544.2725465557356,0.35404979962713573,281.36315493203756,0.12389656553458983,0.35404979962713573,284.0871651411623,0.1131199233832445,0.356919073737009,191.71563534520322,0.6494381531621161,1.554711535979391
2022-02-02,320.188232421875,281.5197059003761,202.41104091651889,391.54655028388987,145.53236816540007,544.5753807851285,0.3901359055358727,281.5197059003761,0.1373563758097378,0.3901359055358727,284.21343024643625,0.12657671435246987,0.39694090588726444,191.8818320597541,0.6686740426897992,1.5907327594004097
2022-02-03,235.69024658203125,281.6763439739566,202.5236627858093,391.76440749270375,145.61334263828869,544.8783835120344,-0.5402825301624213,281.6763439739566,-0.16325864196880213,-0.5402825301624213,284.3397514713759,-0.171096389574787,-0.624972994109036,192.04817284887602,0.22724545141857444,0.6361702570527
2022-02-04,235.02610778808597,281.8330692012446,202.63634731811152,391.98238591766267,145.69436216552046,545.1815548302055,-0.5505221496758906,281.8330692012446,-0.16608044451921944,-0.5505221496758906,284.4661288409246,-0.17379932456030944,-0.6358510191510224,192.2146578374661,0.22272729058374208,0.6247116107864364
2022-02-07,222.9521484375,282.303768290413,202.97477724184395,392.63704916404623,145.93769132402784,546.092081270617,-0.7154444142555005,282.303768290413,-0.2102402678233346,-0.7154444142555005,284.84559806681915,-0.21728771674681158,-0.8159395408042975,192.71497925064014,0.1569009804242263,0.45278876533356915
2022-02-08,218.26329040527344,282.46084261772535,203.0877127750453,392.8555131284092,146.01889131945492,546.3959278924159,-0.7815589840444233,282.46084261772535,-0.22727947568766227,-0.7815589840444233,284.97220026445376,-0.23408918412839763,-0.8882095238507,192.8820422882402,0.13158948244183288,0.38406311820151146
2022-02-09,229.98040771484372,282.61800434147796,203.20071114578195,393.07409864651777,146.10013649470662,546.6999435750257,-0.6247372852622886,282.61800434147796,-0.186249976356899,-0.6247372852622886,285.09885873157833,-0.19333101248444085,-0.7155308497564018,193.04925015141967,0.19130433055014096,0.5438279023331395
2022-02-10,226.0846405029297,282.7752535102975,203.31377238901612,393.2928057860033,146.1814268749205,547.0041284125103,-0.6782105163189258,282.7752535102975,-0.20047939946521298,-0.6782105163189258,285.22557349320203,-0.20734793260633722,-0.7739113074833904,193.21660296572668,0.17010979922379255,0.4880585361920751
2022-02-11,217.63877868652344,282.93259017283947,203.4268965397309,393.51163461453757,146.26276248524923,547.3084824989897,-0.7953028229855785,282.93259017283947,-0.23077515194141818,-0.7953028229855785,285.3523445743456,-0.2372980883995508,-0.9021924917233353,193.38410085681798,0.12542229543298222,0.367085109195861
2022-02-14,215.8048858642578,283.40512560974827,203.76664678687166,394.16885191169547,146.50704094865367,548.2225611943552,-0.8260112123999882,283.40512560974827,-0.238528641992794,-0.8260112123999882,285.73299598526756,-0.2447323588928989,-0.9348150640176985,193.88746624900307,0.11304196211995965,0.332719900347516
2022-02-15,219.07618713378903,283.56281273426566,203.88002291772057,394.3881681738787,146.588557731242,548.5275932190383,-0.7820932698712123,283.56281273426566,-0.22741566490564047,-0.7820932698712123,285.8599925949184,-0.23362417683878633,-0.8861880915942992,194.0555457059821,0.1289354619409655,0.37676808025421293
2022-02-16,214.6549835205078,283.7205875961839,203.9934621312534,394.60760646402616,146.67011986991534,548.8327949640908,-0.8455781650004598,283.7205875961839,-0.24342824276811503,-0.8455781650004598,285.9870456493592,-0.24942410229416345,-0.9555687498990059,194.22377086966583,0.1051941920361148,0.31073762265288646
2022-02-17,205.90187072753903,283.87845024432096,204.10696446257,394.82716685003555,146.75172738991034,549.1381665239467,-0.9734602743457045,283.87845024432096,-0.2746829829797617,-0.9734602743457045,286.11415517367703,-0.280350632765609,-1.0957051055467941,194.39214186636673,0.05920881755130081,0.17870557929476377
2022-02-18,204.3653564453125,284.03640072752097,204.22052994678904,395.0468493998409,146.83338031647705,549.4437079930909,-0.9978511317712002,284.03640072752097,-0.2804958944633217,-0.9978511317712002,286.24132119297053,-0.2860382435576486,-1.1221316402397554,194.5606588225061,0.05039403999834846,0.15274313571387324
2022-02-22,200.32086181640625,284.6690819887904,204.67542411575087,395.92680259703195,147.16044659395817,550.6675748540962,-1.0651861454356297,284.6690819887904,-0.2963027090371043,-1.0651861454356297,286.75055072226183,-0.30141071634616967,-1.1946246550845276,195.23618877371462,0.02604370160382996,0.07987487848983894
2022-02-23,196.7224884033203,284.82747238092315,204.7893058919492,396.14709698615593,147.2423269326293,550.9739672888016,-1.1218168782232516,284.82747238092315,-0.30932754920414707,-1.1218168782232516,286.87799959330226,-0.3142642911544019,-1.2564743814678943,195.40543742720706,0.006740093793980995,0.020869345632375545
2022-02-24,205.79281616210935,284.9859509017566,204.90325103217378,396.3675139474765,147.324252829669,551.2805302008121,-0.986868843346601,284.9859509017566,-0.2778843465408144,-0.986868843346601,287.005505110144,-0.28296561390649166,-1.1078291436320316,195.57483280097128,0.05224590104359961,0.15821551241153875
2022-02-25,208.6477508544922,285.1445176003256,205.01725957168048,396.58805354919303,147.40622431042598,551.5872636849812,-0.9467924994741724,285.1445176003256,-0.2682736718545491,-0.9467924994741724,287.13306729796375,-0.27334126710674456,-1.063423083481806,195.7443750221984,0.06591952300458437,0.19832638530508093
2022-02-28,209.1929473876953,285.6207472532058,205.3596659387463,397.25040887928174,147.65241250869997,552.5084885197718,-0.943940589683681,285.6207472532058,-0.26758490270931357,-0.943940589683681,287.51609413922665,-0.2724130869474186,-1.0591716635981683,196.25388404421474,0.06593022811495275,0.1983575861922046
2022-03-01,201.71859741210935,285.77966715361305,205.4739284283326,397.4714397253353,147.73456657809595,552.8159052421707,-1.0559121041555395,285.77966715361305,-0.2941464330851745,-1.0559121041555395,287.64388326295,-0.2987210604867685,-1.181826436399317,196.42401492940434,0.026954863358270575,0.0826325291651266
2022-03-02,206.29837036132807,285.9386754773403,205.5882544937748,397.69259355335146,147.81676635816476,553.1234930117902,-0.9895480564688942,285.9386754773403,-0.27852232645011143,-0.9895480564688942,287.7717291837031,-0.2831180083376619,-1.1085370644852524,196.59429329966565,0.04936092955084237,0.14968602929443317
2022-03-03,201.2031097412109,286.0977722735866,205.7026441704466,397.9138704317575,147.89901187433986,553.4312519238009,-1.067040392353849,286.0977722735866,-0.2967330428955368,-1.067040392353849,287.8996319267298,-0.3011345363844823,-1.1933082369717916,196.7647192828516,0.022556840853054982,0.06929915405103404
2022-03-04,198.3184509277344,286.25695759157804,205.8170974937414,398.135270429019,147.98130315206896,553.739182073427,-1.1124995473045265,286.25695759157804,-0.3072012900706902,-1.1124995473045265,288.02759151728515,-0.3114602323929342,-1.2428833208896557,196.93529300692708,0.007023413120565758,0.021743524137673984
2022-03-07,185.83804321289065,286.73504516869724,206.16083969759336,398.80020981916186,148.22845180926893,554.6640009010314,-1.3145815794020108,286.73504516869724,-0.3518823515152988,-1.3145815794020108,288.411811626845,-0.35565037310839076,-1.4638007090683554,197.447901905799,-0.05879960526725336,-0.1882648753627242
2022-03-08,188.6334991455078,286.8945850664802,206.27554796170827,399.02210297726174,148.31092638797372,554.9726169544182,-1.2710105489968189,286.8945850664802,-0.34249892133099336,-1.2710105489968189,288.53999886029226,-0.3462483541602772,-1.4155549023447487,197.6190678752964,-0.045469138309359614,-0.14457225043698996
2022-03-09,196.77203369140625,287.0542137325509,206.3903200497088,399.24411959711614,148.39344685568327,555.2814047223353,-1.1446589280037784,287.0542137325509,-0.3145126450756818,-1.1446589280037784,288.66824306771235,-0.3183454071695382,-1.2763548752433795,197.79038222717148,-0.005148625146978114,-0.01603666583980005
2022-03-10,193.51068115234372,287.2139312163001,206.50515599710673,399.4662597474194,148.4760132379303,555.5903643003251,-1.197006011790753,287.2139312163001,-0.32624897290719757,-1.197006011790753,288.7965442744288,-0.3299411471888657,-1.3334979916296585,197.9618450900555,-0.02248495883480417,-0.07065182823931292
2022-03-11,185.9768218994141,287.37373756714624,206.6200558394335,399.68852349690405,148.55862556026176,555.899495783983,-1.3190631980383807,287.37373756714624,-0.35283988205094863,-1.3190631980383807,288.92490250577436,-0.35631432151924936,-1.4672342801198903,198.13345659269126,-0.061355789690117346,-0.19671382823399466
2022-03-14,185.00537109375,287.8536903168614,206.9651390915983,400.3560570283462,148.80673842344535,556.827922625717,-1.339996496166532,287.8536903168614,-0.35729373179096224,-1.339996496166532,289.3103196010969,-0.36052965083016497,-1.4891165834605091,198.64918422821515,-0.068682955771873,-0.2210604123069498
2022-03-15,190.35836791992188,288.01385263082824,207.08029486935087,400.57881586264745,148.88953476186825,557.1377426890656,-1.2552218022244601,288.01385263082824,-0.3390652352964414,-1.2552218022244601,289.438906184525,-0.34231935012025183,-1.3955987260413065,198.82139157952216,-0.0425659613000714,-0.1351375889862698
2022-03-16,201.8573455810547,288.17410405939626,207.19551471998645,400.8016986403671,148.97237716832362,557.4477351368578,-1.0791193387653029,288.17410405939626,-0.2995298927364779,-1.0791193387653029,289.5675499194207,-0.30290066812656846,-1.2017355338488367,198.99374821597186,0.014390388596404069,0.044388314609606426
2022-03-17,206.03073120117188,288.33444465214876,207.31079867915517,401.024705430467,149.05526566844367,557.7579000650082,-1.0187745832868915,288.33444465214876,-0.28544530484475894,-1.0187745832868915,289.69625083118603,-0.2888042885952582,-1.1350597899137256,199.16625426697865,0.03446606434135924,0.10527255981517625
2022-03-18,214.6054229736328,288.49487445869767,207.42614678252767,401.24783630194906,149.13820028787538,558.0682375694867,-0.8968610475094526,288.49487445869767,-0.2561204999697255,-0.8968610475094526,289.8250089452335,-0.25953449029588227,-1.0007360578217128,199.33890986206862,0.07658571586514529,0.22925949016513705
2022-03-21,209.64895629882807,288.9766996576435,207.77257631486367,401.9179740952652,149.38728111871842,559.0002865013673,-0.9727482770476651,288.9766996576435,-0.2745125937585854,-0.9727482770476651,290.21162675536567,-0.27759973422583795,-1.0829983602974027,199.85777520878477,0.04899074394185954,0.14858987006039617
2022-03-22,214.76402282714844,289.13748681603914,207.88818135214794,402.1416019830481,149.4704004721472,559.3113152719062,-0.9013661168336535,289.13748681603914,-0.25722525573520694,-0.9013661168336535,290.3406139328957,-0.2603032007200161,-1.004195395046382,200.03103027771712,0.07365353529888075,0.2207865023631174
2022-03-23,211.6018218994141,289.2983634367,208.00385071228368,402.36535429779155,149.5535660733343,559.6225170994146,-0.9480157154502562,289.2983634367,-0.26856889411435036,-0.9480157154502562,290.4696584399407,-0.27151832988034386,-1.0550784652297367,200.20443554005018,0.05692874050776919,0.17201077045214874
2022-03-24,217.6586151123047,289.45932956940413,208.119584431061,402.58923110872837,149.63677794801265,559.9338920801838,-0.8641565825942561,289.45932956940413,-0.24805113230901643,-0.8641565825942561,290.59876030198217,-0.25099950568915064,-0.9625665700077146,200.37799112598518,0.0862401299125437,0.2569952226915127
2022-03-25,219.88902282714844,289.62038526395514,208.23538254428846,402.813232485127,149.72003612192827,560.2454403105544,-0.8349391732458229,289.62038526395514,-0.2407681433517006,-0.8349391732458229,290.72791954451174,-0.24366045348636545,-0.9300916390841554,200.5516971658369,0.09642065330078675,0.2859766250491221
2022-03-28,221.6436309814453,290.104090217156,208.58316360906588,403.48598470037706,149.9700886967827,561.1811254635156,-0.8159059200063031,290.104090217156,-0.23598584626802377,-0.8159059200063031,291.1157418101183,-0.23864085946264812,-0.9080611544750791,201.07371931372802,0.10230034903578233,0.3025923061861087
2022-03-29,227.8590240478516,290.2655046576977,208.69921965858646,403.71048503209613,150.05353232540187,561.4933676567969,-0.7337601556639489,290.2655046576977,-0.2149979229651846,-0.7337601556639489,291.2451308297465,-0.21763833991425108,-0.8174318031715324,201.24802847464886,0.13222984480841715,0.38582070359820253
2022-03-30,225.8665313720703,290.4270089095263,208.81534028190313,403.9351102762063,150.13702238220705,561.8057835821996,-0.7620689098091114,290.4270089095263,-0.22229501925410744,-0.7620689098091114,291.3745773574925,-0.2248241647556274,-0.8481630817558736,201.42248874275447,0.12135706783235323,0.3558427540753595
2022-03-31,220.42433166503903,290.5886030226128,208.93152551494464,404.15986050220846,150.22055889303084,562.1183733363885,-0.8376854160572573,290.5886030226128,-0.24145568899725145,-0.8376854160572573,291.5040814189164,-0.24383792298170148,-0.9308732080362206,201.5971002490377,0.09339038802018274,0.2773784422867039
2022-04-01,222.8926696777344,290.7502870469561,209.04777539365998,404.384735779643,150.30414188372038,562.4311370160818,-0.8056163807242883,290.7502870469561,-0.23338796345973234,-0.8056163807242883,291.63364303958963,-0.23571002524055007,-0.8952650859093755,201.77186312460623,0.10467666911557827,0.30928251512402866
2022-04-04,231.8539581298828,291.2358790879339,209.3969132636387,405.06011261652225,150.5551699936701,563.370472576184,-0.6911927276194851,291.2358790879339,-0.2038963095619193,-0.6911927276194851,292.02267351298866,-0.20604124556249448,-0.7684254982284622,202.29706127979927,0.14610640739463387,0.4236651219538853
2022-04-05,229.82177734375,291.3979232578507,209.51342208493924,405.28548879586157,150.63893916258127,563.6839329261593,-0.7195641935145723,291.3979232578507,-0.21131291954889309,-0.7195641935145723,292.1524656265999,-0.21334986220008412,-0.7992256806256711,202.47243094585403,0.13507689056793049,0.3936228983006988
2022-04-06,221.35614013671875,291.5600575894368,209.62999573195864,405.51099037491474,150.72275494080955,563.9975676860403,-0.8350150866911635,291.5600575894368,-0.24078715731211842,-0.8350150866911635,292.2823154274878,-0.24266324559196628,-0.9257033807004793,202.64795263843658,0.09231866029093916,0.27433177844378004
2022-04-07,221.00921630859372,291.72228213285825,209.74663424076616,405.7366174234544,150.80661735428845,564.3113769528691,-0.8414556120619869,291.72228213285825,-0.24239857616381832,-0.8414556120619869,292.41222294129193,-0.2441861216144645,-0.9324071948141278,202.82362648933727,0.08966208786436658,0.2667668757331452
2022-04-08,220.3945770263672,291.8845969383091,209.86333764745092,405.9623700112919,150.8905264289659,564.6253608237414,-0.851583404633234,291.8845969383091,-0.24492563383552435,-0.851583404633234,292.54218819366343,-0.24662292851769607,-0.9431623512914565,202.99945263046078,0.0856904990161349,0.2554228424296789
2022-04-11,214.57569885253903,292.3720834291973,210.21383761596232,406.64038170928944,151.14253387988555,565.5683610323911,-0.9377472708139661,292.3720834291973,-0.2660869111174834,-0.9377472708139661,292.93243063886274,-0.26749080535546643,-1.0367159899038914,203.5278461159334,0.054281774938612415,0.16422055685314182
2022-04-12,212.27589416503903,292.5347597852648,210.33080097545013,406.8666371532104,151.22662985912544,565.883044291479,-0.9720969161858407,292.5347597852648,-0.27435668048179906,-0.9720969161858407,293.06262710224183,-0.2756637164418049,-1.0740846281399417,203.70428273928536,0.042078700116110035,0.1280512152770677
2022-04-13,213.11851501464844,292.6975266547511,210.44782941356274,407.0930184860696,151.3107726295203,566.1979026409015,-0.9617745882455524,292.6975266547511,-0.2718813942489149,-0.9617745882455524,293.19288143261446,-0.2731115640553837,-1.0623704502654692,203.88087231410128,0.04530902087919042,0.13766679022857492
2022-04-14,208.35037231445312,292.86038408801795,210.56492296650998,407.31952577791185,151.39496221710482,566.512936178079,-1.032048561648036,292.86038408801795,-0.2885675781541204,-1.032048561648036,293.3231936556999,-0.28969008649546857,-1.1392105301210522,204.0576149729741,0.021036986745373687,0.06467811343537766
2022-04-18,208.93521118164065,293.51272046710903,211.03394905154812,408.22681593737303,151.73218926054017,567.7748241546502,-1.0302962943259624,293.51272046710903,-0.2881561969473351,-1.0302962943259624,293.8450219899637,-0.28896120217828003,-1.1357946907824534,204.76611910490215,0.02036026318691264,0.06261835555791904
2022-04-19,215.41827392578125,293.6760314756874,211.15136872252194,408.4539540761677,151.81661332510032,568.0907350938099,-0.9393567272022361,293.6760314756874,-0.26647648824682824,-0.9393567272022361,293.97562406280736,-0.26722402711948146,-1.0355032499666685,204.94362917696952,0.05110988221920687,0.1548596417334329
2022-04-20,198.6753387451172,293.8394333508068,211.26885372601348,408.68121859503435,151.90108436336294,568.4068218063886,-1.1862961995287986,293.8394333508068,-0.32386427349278146,-1.1862961995287986,294.1062841829219,-0.324477750289928,-1.3064525117957189,205.12129313106493,-0.03142508653077292,-0.0991959215619426
2022-04-21,186.43283081054688,294.00292614302464,211.38640409837305,408.9086095642897,151.9856024014638,568.7230843901849,-1.380769908475997,294.00292614302464,-0.365881036436174,-1.380769908475997,294.23700237610586,-0.36638550112660284,-1.5197556204527893,205.29911110058748,-0.09189655127535823,-0.2994786062765192
2022-04-22,182.50729370117188,294.1665099029282,211.50401987597283,409.13612705429233,152.0701674655542,569.0395229430559,-1.4469626855812112,294.1665099029282,-0.37957827435421754,-1.4469626855812112,294.3677786681712,-0.38000247674218135,-1.5921115328871118,205.47708321905188,-0.1117875977117736,-0.3682844091568573
2022-04-25,185.3622131347656,294.65780749503665,211.8572600042274,409.819439352938,152.32414507548677,569.9898953954765,-1.404971602309262,294.65780749503665,-0.37092380239105693,-1.404971602309262,294.76045639593667,-0.3711428751291591,-1.544856396975892,206.0119258049798,-0.10023552078126852,-0.32813893397330496
2022-04-26,179.37478637695312,294.8217556321091,211.9751377669049,410.04746363028255,152.40889850533335,570.3070388042822,-1.506185523427065,294.8217556321091,-0.3915822596186407,-1.506185523427065,294.8914653418666,-0.39172608414080556,-1.6556913879935171,206.19051585667484,-0.13005316645292064,-0.43283838641579475
2022-04-27,173.42706298828125,294.98579499022105,212.09308111698238,410.27561478074676,152.49369909214136,570.6243586722534,-1.610084626183067,294.98579499022105,-0.4120833411858681,-1.610084626183067,295.0225325159055,-0.4121565511985722,-1.7694766914061306,206.36926072662382,-0.15962744462209855,-0.5402899182506078
2022-04-28,203.9391021728516,295.1499256201291,212.21109009095358,410.5038928749245,152.5785468621495,570.9418550975739,-1.1205208251872982,295.1499256201291,-0.3090321749383391,-1.1205208251872982,295.1536579439332,-0.3090409124741681,-1.2312014652845698,206.54816054903665,-0.012631719252545137,-0.03949320189147631
2022-04-29,198.72488403320312,295.314147572616,212.32916472533094,410.732297983446,152.66344184161008,571.2595281784788,-1.2007152608126401,295.314147572616,-0.3270729300758005,-1.2007152608126401,295.28484165184113,-0.3270061445703606,-1.318941538735995,206.72721545824095,-0.03870961744102963,-0.1226494961215532
2022-05-02,209.2920837402344,295.80736187381575,212.6837829563406,411.41827610198584,152.91841029945593,572.2136083378961,-1.0487286260875666,295.80736187381575,-0.29247168693011316,-1.0487286260875666,295.67874271393447,-0.2921639147298394,-1.150830057679181,207.26531205161885,0.009778634295114497,0.03023192440505373
2022-05-03,210.18426513671875,295.97194962502334,212.8021205978833,411.64718997498886,153.0034943795478,572.5319890246043,-1.0375206122754392,295.97194962502334,-0.2898507260468157,-1.0375206122754392,295.81015980050864,-0.2894623184056123,-1.1381427426550377,207.44498865358864,0.013204833247162373,0.0407552509221414
2022-05-04,221.46522521972656,296.1366289531537,212.92052408270396,411.8762312160853,153.08862580057584,572.8505468589029,-0.8807324139194059,296.1366289531537,-0.2521518665130734,-0.8807324139194059,295.94163529659363,-0.2516591151570362,-0.9655008767680378,207.6248210157337,0.06666064363732338,0.20048570000879387
2022-05-05,206.4668884277344,296.3013999091601,213.03899344743778,412.1053998961425,153.17380458888053,573.1692819393569,-1.0949832598926963,296.3013999091601,-0.3031862539595396,-1.0949832598926963,296.0731692281498,-0.30264910877947904,-1.2005338869242208,207.80480927308108,-0.0064383536166792155,-0.020066842980600408
2022-05-06,201.9961700439453,296.46626254402446,213.1575287287404,412.3346960860678,153.25903077081713,573.4881943645861,-1.1630263925081321,296.46626254402446,-0.3186537708858207,-1.1630263925081321,296.2047616211494,-0.3180522523054452,-1.2749228561615817,207.98495356077484,-0.028794311387912774,-0.0907691005348756
2022-05-09,194.50196838378903,296.9614010320101,213.5135304389243,413.023350424717,153.51499394219059,574.4459966959495,-1.2826837438775018,296.9614010320101,-0.3450260952842714,-1.2826837438775018,296.5998898287028,-0.3442277793962737,-1.4052770758212572,208.52632395913693,-0.06725460512168302,-0.21629931724764323
2022-05-10,195.9293975830078,297.126630892693,213.63232975346736,413.25315736397687,153.6004099625005,574.7656194875786,-1.26220539459134,297.126630892693,-0.3405862106861518,-1.26220539459134,296.7317163274285,-0.3397086094874685,-1.3824040864778868,208.7070937220046,-0.06122310416538368,-0.19627469709180437
2022-05-11,187.09698486328125,297.29195268756934,213.7511951681639,413.4830921682334,153.68587350843862,575.0854201179071,-1.403712606655033,297.29195268756934,-0.3706624643825943,-1.403712606655033,296.8636014176316,-0.36975437888031704,-1.5375108667931365,208.88802019269943,-0.10431921997879978,-0.34227129460750805
2022-05-12,189.5752410888672,297.4573664677913,213.87012671979218,413.7131549086309,153.77138460644827,575.4053986858848,-1.3655114662000367,297.4573664677913,-0.3626809672256195,-1.3655114662000367,296.9955451253538,-0.36168995057197706,-1.4951651647977764,209.06910350707068,-0.09324123981592625,-0.3040823433479043
2022-05-13,196.89100646972656,297.6228722845398,213.98912444515094,413.9433456563533,153.85694328298754,575.7255552905166,-1.2524231253172617,297.6228722845398,-0.3384547196981199,-1.2524231253172617,297.12754747664775,-0.3373518943570828,-1.3705380139408798,209.2503438010841,-0.059064836438722845,-0.18914047596770037
2022-05-16,198.29864501953125,298.1199424661799,214.34651503190415,414.6346866559032,154.11390504858446,576.6870943152104,-1.2358874482417457,298.1199424661799,-0.3348360281465331,-1.2358874482417457,297.52390665266745,-0.3335034913647219,-1.3512517123730015,209.7950079224137,-0.05479807654495783,-0.17508459480622024
2022-05-17,200.85617065429688,298.2858169414124,214.46577782058142,414.86539014555666,154.19965430411727,577.0079640576087,-1.198729035030079,298.2858169414124,-0.3266318435323129,-1.198729035030079,297.65614383901254,-0.3252073749805412,-1.3100516949253138,209.9768774970216,-0.04343672004006294,-0.13796434896205165
2022-05-18,190.56655883789065,298.45178370950293,214.58510696729007,415.0962219990491,154.285451270691,577.329012332512,-1.3598187295227464,298.45178370950293,-0.3614829287688962,-1.3598187295227464,297.7884397993689,-0.36006058876468683,-1.4866745022432748,210.15890473287425,-0.09322634184778777,-0.3040313005932573
2022-05-19,189.62478637695312,298.6178428218035,214.7045025089518,415.32718228780226,154.3712959748521,577.650239239256,-1.3765220546284407,298.6178428218035,-0.36499177482134126,-1.3765220546284407,297.9207945598592,-0.363506039727438,-1.504654449350776,210.34108976664743,-0.09848909413123696,-0.3221146871397602
2022-05-20,191.855224609375,298.78399432969445,214.82396448250887,415.55827108327793,154.45718844316187,577.9716448772322,-1.3427620526092328,298.78399432969445,-0.35787984547233964,-1.3427620526092328,298.05320814661746,-0.3563054536390089,-1.4671883970552806,210.5234327351347,-0.08867520296064468,-0.2884775194145211
2022-05-23,194.5218048095703,299.2830037411439,215.1827493642832,416.25230922525213,154.71515269881777,578.9369351732927,-1.3059799936394876,299.2830037411439,-0.35004058908130886,-1.3059799936394876,298.45080212601886,-0.348228239214332,-1.425656616594548,211.07141061859747,-0.0784076145628837,-0.25367084449393984
2022-05-24,179.70191955566406,299.4495253457733,215.30247743525547,416.4839127630288,154.8012364896306,579.2590567312134,-1.5478731746333698,299.4495253457733,-0.39989245483637714,-1.5478731746333698,298.58345127942505,-0.3981517770471057,-1.6910613239488914,211.25438669625157,-0.14935768972198749,-0.50255439477288
2022-05-25,182.229736328125,299.6161396033252,215.42227212314333,416.71564516543356,154.88736817762063,579.5813575181526,-1.5072172910737847,299.6161396033252,-0.39178931892859026,-1.5072172910737847,298.7161593899447,-0.38995688515718396,-1.6460185012429813,211.4375213943692,-0.1381390818130449,-0.46184954372628617
2022-05-26,189.9618377685547,299.7828465653509,215.54213346501186,416.94750650416546,154.9735477894374,579.9038376338316,-1.3829416663317629,299.7828465653509,-0.36633519914507806,-1.3829416663317629,298.8489264837825,-0.3643549602013938,-1.5090994511095002,211.620814850457,-0.10234804689324983,-0.3354416760848768
2022-05-27,193.43138122558597,299.94964628343234,215.66206149794817,417.17949685096636,155.05977535174628,580.2264971780313,-1.3297640942794737,299.94964628343234,-0.35512048898098636,-1.3297640942794737,298.9817525871537,-0.35303282039193895,-1.4502985674066928,211.8042672021413,-0.08674464504070001,-0.2819031752145647
2022-05-31,191.954345703125,300.61777374893273,216.14244128281732,418.10874975505675,155.40516563971792,581.5189316375452,-1.3597434792398981,300.61777374893273,-0.36146707724793503,-1.3597434792398981,299.51364762069466,-0.3591131915757749,-1.4817475155038626,212.53966832153895,-0.09685402626709483,-0.31648513758216773
2022-06-01,186.99789428710935,300.7850380220088,216.26270332810896,418.34138621970214,155.49163335497917,581.8424898229689,-1.4407264826178092,300.7850380220088,-0.378300544745093,-1.4407264826178092,299.646769165376,-0.3759388936247645,-1.5703540186900893,212.72391721977394,-0.12093620345513834,-0.4004496456888832
2022-06-02,197.1288909912109,300.9523953612295,216.3830322874205,418.574152123698,155.57814918103387,582.1662280367533,-1.282484985549478,300.9523953612295,-0.3449831467378769,-1.282484985549478,299.7799498771299,-0.34242136249603206,-1.3961153575831635,212.9083258418702,-0.07411375195528469,-0.23922969087192952
2022-06-03,189.1192626953125,301.11984581837595,216.50342819798223,418.80704753906315,155.66471314465042,582.4901463790644,-1.4099052498977538,301.11984581837595,-0.37194686659947995,-1.4099052498977538,299.91318978225354,-0.3694199883885765,-1.5357442663604217,213.09289432629086,-0.11250319587977253,-0.37078838297495675
2022-06-06,192.55905151367188,301.62275641562786,216.8650180097936,419.5065115741843,155.924694128786,583.4629831796835,-1.3603260026278332,301.62275641562786,-0.3615897759109038,-1.3603260026278332,300.3132649209911,-0.35880604020494433,-1.4801517226627428,213.64756033993518,-0.0987069957303015,-0.3228656947093439
2022-06-07,193.9468231201172,301.7905798628775,216.98568209808312,419.73992575603415,156.01145091063833,583.7876230389018,-1.3402445852845286,301.7905798628775,-0.3573463319887603,-1.3402445852845286,300.4467418628007,-0.3544718710623156,-1.4577148577194219,213.8327696606897,-0.09299765687049544,-0.3032478955314809
2022-06-08,194.92822265625,301.9584966873973,217.10641332409,419.9734698099578,156.09825596412125,584.1124435283258,-1.326631022965273,301.9584966873973,-0.3544535928126257,-1.326631022965273,300.5802781296422,-0.35149363800849165,-1.4423844739820302,214.01813953788775,-0.08919765830530568,-0.2902590894432867
2022-06-09,182.3982391357422,302.12650694114143,217.227211725169,420.20714380821465,156.18510931609268,584.4374447484568,-1.5297071875046475,302.12650694114143,-0.3962852151490436,-1.5297071875046475,300.713873747883,-0.393449205178129,-1.665139431631294,214.20367011071494,-0.14848219434584642,-0.49935854856959205
2022-06-10,174.04164123535156,302.294610676095,217.3480773386971,420.44094782310725,156.27201099342636,584.7626267998551,-1.6735501717415195,302.294610676095,-0.42426482282929256,-1.6735501717415195,300.8475287439024,-0.421495526448199,-1.8228126147166,214.38936151847622,-0.18819833221830584,-0.6477491109372429
2022-06-13,162.83009338378906,302.7994832884859,217.71107782804987,421.143140691213,156.5330062465583,585.7392589480786,-1.8804481346089252,302.7994832884859,-0.46225108571715723,-1.8804481346089252,301.2488502626007,-0.45948310427791195,-2.0490214513551455,214.9474021462368,-0.24246540428988472,-0.8626934237621434
2022-06-14,162.3047332763672,302.96796146869633,217.83221266555282,421.3774654964643,156.62010149437342,586.0651653312523,-1.891930013904264,302.96796146869633,-0.4642841688950762,-1.891930013904264,301.3827430337618,-0.4614664010202292,-2.0612643950231555,215.13373828921056,-0.24556355238816052,-0.8754252790720537
2022-06-15,167.8758087158203,303.136533390471,217.95341490269846,421.61192068046114,156.70724520214193,586.391253049327,-1.7913165254639367,303.136533390471,-0.4462039700784629,-1.7913165254639367,301.51669531477387,-0.443228811789134,-1.9503438445924366,215.3202359654606,-0.22034355961439134,-0.7732690586069774
2022-06-16,159.46963500976562,303.30519910596786,218.0746845769881,421.8465063157464,156.79443739682708,586.7175222031979,-1.9487184120968348,303.30519910596786,-0.4742271630033925,-1.9487184120968348,301.65070713208655,-0.4713434073272794,-2.122914715503489,215.50689531501934,-0.26002537052626873,-0.9355563255161923
2022-06-17,162.3146209716797,303.47395866737395,218.19602172594387,422.0812224749035,156.88167810540705,587.0439728938162,-1.8968036512343516,303.47395866737395,-0.465144812805548,-1.8968036512343516,301.78477851216127,-0.4621510674861994,-2.065501331049451,215.6937164780399,-0.24747635850483762,-0.8833120971086491
2022-06-21,155.682861328125,304.1499364168466,218.6820458196021,423.02139380333034,157.23112661876507,588.3515930447538,-2.029996393428921,304.1499364168466,-0.48813778111478223,-2.029996393428921,302.3216601897211,-0.4850423180713328,-2.210354766516643,216.44262207205992,-0.2807199439845367,-1.0236788411888127
2022-06-22,154.49334716796875,304.3191659916204,218.80372090545185,423.2567636720106,157.31861030201804,588.678952935344,-2.054931710038116,304.3191659916204,-0.4923311955572893,-2.054931710038116,302.4560297809397,-0.4892039438596615,-2.237379519466194,216.6302544089446,-0.2868339300552021,-1.0501993084348804
2022-06-23,157.3680419921875,304.4884897260357,218.92546369153948,423.49226450091163,157.40614266135063,589.0064949695695,-2.0007338014987335,304.4884897260357,-0.483172443944335,-2.0007338014987335,302.5904590939358,-0.4799305884811974,-2.177457552801214,216.81804940276564,-0.27419307375163493,-0.9956150507414887
2022-06-24,168.67874145507812,304.65790767248313,219.04727421553346,423.7278963628998,157.49372372384624,589.3342192487754,-1.792028034301395,304.65790767248313,-0.4463339463474124,-1.792028034301395,302.724948155254,-0.4427986775355879,-1.9477718561763993,217.0060071945296,-0.22270012873943024,-0.7826735751549915
2022-06-27,168.01458740234375,305.1667273083613,219.41311259195362,424.4355788766607,157.7567594013722,590.3184865705712,-1.8090449186051993,305.1667273083613,-0.44943346581630994,-1.8090449186051993,303.12877409475516,-0.44573197346872784,-1.9653510449397895,217.57085876936958,-0.2277707209840849,-0.8030061731256921
2022-06-28,159.28125,305.33652262742606,219.53519444467767,424.6717356004734,157.84453554765602,590.6469408442765,-1.9725345339697773,305.33652262742606,-0.4783419663347769,-1.9725345339697773,303.26350241503536,-0.47477606526480887,-2.144610737671627,217.7594691654092,-0.26854501156498223,-0.9715328364876851
2022-06-29,162.5128631591797,305.50641242091405,219.6573442239658,424.90802372231525,157.9323605327467,590.9755778705348,-1.9133369415052532,305.50641242091405,-0.4680541666167183,-1.9133369415052532,303.39829061653387,-0.46435801326059467,-2.079195425884111,217.94824306625702,-0.25435112083112676,-0.9118243343473944
2022-06-30,159.84628295898438,305.67639674138985,219.7795619676117,425.14444331529467,158.02023438381767,591.3043977510279,-1.9651728916758386,305.67639674138985,-0.47707351740926707,-1.9651728916758386,303.53313872586506,-0.47338111538671557,-2.1357769400970104,218.13718061365384,-0.26722128474700235,-0.9659156289115384
2022-07-01,158.63693237304688,305.8464756414496,219.9018477134316,425.38099445256404,158.1081571280586,591.6334005874984,-1.9898793891842723,305.8464756414496,-0.481318422779472,-1.9898793891842723,303.6680467696562,-0.47759754751747374,-2.162550280695311,218.32628194946352,-0.2733951636213595,-0.9922015763311548
2022-07-05,166.7258758544922,306.5277380904456,220.3916714754933,426.3285159089723,158.46033758103064,592.9512435299314,-1.8458733755365448,306.5277380904456,-0.4560822557425547,-1.8458733755365448,304.2082788223621,-0.4519351133377626,-2.0028347761696774,219.08432801841423,-0.23898766578831354,-0.8484635236721813
2022-07-06,168.29212951660156,306.69829067837134,220.5142978001502,426.5657258663738,158.5485051994863,593.281162674371,-1.8192167089198263,306.69829067837134,-0.4512779019916797,-1.8192167089198263,304.3434869382642,-0.4470322621008168,-1.9731734318259817,219.27425042855404,-0.232503911482137,-0.8221066615693925
2022-07-07,170.69110107421875,306.86893816206606,220.63699235431633,426.8030678078254,158.6367218745646,593.6112653864203,-1.7779986639898588,306.86893816206606,-0.44376546516391957,-1.7779986639898588,304.4787551486341,-0.4393989787862397,-1.9275129407897749,219.46433748087617,-0.22223763991225887,-0.7808256436443372
2022-07-08,169.39247131347656,307.0396805943288,220.75975517595393,427.0405418067618,158.7249876335602,593.9415517682148,-1.802834544062824,307.0396805943288,-0.4483043006506914,-1.802834544062824,304.61408348018125,-0.4439112289944481,-1.9544284389905322,219.65458931810733,-0.22882343665417504,-0.8072441970242035
2022-07-11,161.46209716796875,307.5524781109723,221.1284536256459,427.75375688346037,158.9900796872329,594.9335139543027,-1.9532327295752347,307.5524781109723,-0.4750096043456058,-1.9532327295752347,305.0204294691599,-0.47065153160734796,-2.1185587960682555,220.22633496838301,-0.2668356525519566,-0.9642811151623103
2022-07-12,161.84873962402344,307.723600866099,221.25148989722385,427.99175984751804,159.07854205515463,595.264536037592,-1.947668884835043,307.723600866099,-0.474045087317013,-1.947668884835043,305.1559985527488,-0.46961966865597593,-2.1120729467980124,220.41724737499743,-0.2657165373784519,-0.9595425747351624
2022-07-13,162.06678771972656,307.89481883423673,221.37459462640624,428.22989523685624,159.16705364369818,595.5957423021683,-1.9452739914127524,307.89481883423673,-0.47362937663793725,-1.9452739914127524,305.2916278912411,-0.4691410673814409,-2.1090689462858867,220.6083252820136,-0.2653641356800599,-0.958051935862658
2022-07-14,156.67417907714844,308.0661320683611,221.49776785128225,428.468163125155,159.25561448024942,595.9271328505082,-2.049536513912375,308.0661320683611,-0.49142679844345305,-2.049536513912375,305.4273175114173,-0.48703285497279813,-2.223253552955655,220.79956883290302,-0.2904235279747466,-1.0658759415640218
2022-07-15,163.26625061035156,308.2375406214791,221.62100960996355,428.7065635861382,159.34422459221042,596.2587077851491,-1.9262947371510344,308.2375406214791,-0.4703232763888249,-1.9262947371510344,305.5630674400702,-0.46568722464349255,-2.087470431382286,220.99097817126085,-0.26120852551806206,-0.9405276788602969
2022-07-18,165.7742462158203,308.7523387252973,221.9911464702676,429.422561143034,159.61035085479693,597.2545399330893,-1.885143567979048,308.7523387252973,-0.46308343152887743,-1.885143567979048,305.9706793449948,-0.4582021827362651,-2.0411381414136165,221.56620234896562,-0.25180715985407043,-0.9012430431272048
2022-07-19,174.2498016357422,308.9241290850404,222.11466274570495,429.6614926328007,159.6991583427184,597.586853439432,-1.7356847299598712,308.9241290850404,-0.43594628832707716,-1.7356847299598712,306.10667077572003,-0.43075464120344986,-1.8765493257715167,221.7582762756415,-0.21423540729928447,-0.7490245557100885
2022-07-20,181.4961853027344,309.09601502925045,222.23824774582135,429.90055706448044,159.7880152432868,597.9193518456108,-1.6138652741203001,309.09601502925045,-0.412816159129198,-1.6138652741203001,306.24272264906443,-0.4073453118077257,-1.7423289629275538,221.95051670963173,-0.18226734502187247,-0.6251340491753961
2022-07-21,181.57546997070312,309.26799661111073,222.36190150885537,430.1397545120424,159.87692158399537,598.2520352545041,-1.6142275125031496,309.26799661111073,-0.4128863252571674,-1.6142275125031496,306.3788349918922,-0.4073498256643341,-1.7423543292275598,222.14292379527998,-0.18261870840397587,-0.6264692324055304
2022-07-22,167.79647827148438,309.44007388383426,222.48562407306682,430.37908504949684,159.96587739235275,598.584903769048,-1.8551349024548554,309.44007388383426,-0.45774160351811377,-1.8551349024548554,306.5150078310793,-0.4525668434350948,-2.006675910029407,222.33549767705577,-0.24530054793494915,-0.8743424319604428
2022-07-25,165.1992645263672,309.95688037975805,222.85720495568316,431.09787594193574,160.23304189863305,599.5846209768001,-1.9074781446651592,309.95688037975805,-0.46702501224052306,-1.9074781446651592,306.92388959574015,-0.46175820740458906,-2.063069527626348,222.91422154571413,-0.25891105833959116,-0.9308814973882699
2022-07-26,157.76458740234375,310.12934094865653,222.98120310762832,431.33773957988683,160.32219585297764,599.9182309444503,-2.048746438424338,310.12934094865653,-0.49129422285631963,-2.048746438424338,307.0603046893669,-0.48620976077665257,-2.217913799206558,223.10746405919414,-0.29287624657646516,-1.0766332242654493
2022-07-27,168.10379028320312,310.3018974749275,223.1052702523695,431.5777366784,160.41139941274372,600.2520265332898,-1.8580189519338275,310.3018974749275,-0.4582572918466089,-1.8580189519338275,307.1967804139136,-0.45278140592260796,-2.0079815314206777,223.30087409302726,-0.2471870476728586,-0.8821179345051193
2022-07-28,159.32090759277344,310.47455001196175,223.22940642829448,431.81786731173287,160.50065260553177,600.5860078465989,-2.022362866904123,310.47455001196175,-0.4868471261601467,-2.022362866904123,307.3333167963281,-0.48160222505796046,-2.188179876003813,223.4944517924347,-0.2871370796231709,-1.0515201812192034
2022-07-29,157.71502685546875,310.64729861317994,223.35361167381225,432.05813155418446,160.58995545895775,600.9201749877147,-2.054757111920986,310.64729861317994,-0.4923019528592246,-2.054757111920986,307.46991386357024,-0.4870554166628165,-2.2234000406236003,223.688197302765,-0.29493362297520176,-1.0856854062229788
2022-08-01,158.5377960205078,311.1661213365895,223.7266422123339,432.7797266798621,160.85816225945268,601.9237924121402,-2.0440433007578678,311.1661213365895,-0.49050431538137507,-2.0440433007578678,307.8800694440433,-0.48506638865325513,-2.210510447166231,224.27044215466148,-0.29309544986237235,-1.0775964350739884
2022-08-02,158.79551696777344,311.3392547293434,223.8511241207411,433.0205261026056,160.94766403189664,602.2587038990075,-2.040805838745987,311.3392547293434,-0.4899598603272203,-2.040805838745987,308.01690952043595,-0.4844584434828314,-2.2065806841216533,224.46486036468292,-0.2925595716417171,-1.0752422361282965
2022-08-03,167.33058166503906,311.5124844538307,223.97567529110773,433.2614595065842,161.03721560328893,602.593801731233,-1.8837960972218573,311.5124844538307,-0.4628447012054211,-1.8837960972218573,308.15381041663574,-0.4569900614280845,-2.0336954002306062,224.659447114259,-0.25518119173534326,-0.9152847244181102
2022-08-04,169.08517456054688,311.6858105636495,224.10029576197044,433.5025269663438,161.12681700133726,602.9290860124975,-1.8538631267059622,311.6858105636495,-0.4575140451380352,-1.8538631267059622,308.290772159675,-0.4515399427104113,-2.0004342547166836,224.854202549495,-0.24802306275183905,-0.8855699336316128
2022-08-05,165.6553192138672,311.8592331124299,224.22498557188896,433.7437285564748,161.2164682537658,603.2645568465435,-1.9176687099563183,311.8592331124299,-0.4688138056372826,-1.9176687099563183,308.42779477659747,-0.4629040507394744,-2.070167265400519,225.04912681662302,-0.263914854693712,-0.9519290688750369
2022-08-08,168.7679443359375,312.38007992927345,224.59947142188722,434.46813885560186,161.48572141479846,604.2720897036348,-1.8662998724849562,312.38007992927345,-0.45973525464828435,-1.8662998724849562,308.8392281412835,-0.4535411017840911,-2.0126084300828944,225.6349140735851,-0.25203089677469803,-0.9021722051316863
2022-08-09,167.06289672851562,312.5538887707847,224.7244389740458,434.7098777139347,161.57557236229187,604.6083077873639,-1.898765697403291,312.5538887707847,-0.46549090339095633,-1.898765697403291,308.97649452441846,-0.45930224567515565,-2.0479072422949107,225.83051513314123,-0.2602288639778305,-0.9364107933556378
2022-08-10,176.78750610351562,312.7277943198491,224.84947605837607,434.9517510762048,161.66547330301466,604.9447129434418,-1.728952020763904,312.7277943198491,-0.43469205707151704,-1.728952020763904,309.11382191683634,-0.428082817496662,-1.860953782181573,226.02628575765416,-0.21784536913079422,-0.7633303533973538
2022-08-11,175.94493103027344,312.90179663027624,224.97458271356663,435.193759017252,161.7554242647838,605.2813052759582,-1.745119471551339,312.90179663027624,-0.4376991985182833,-1.745119471551339,309.2512103456538,-0.4310614634826565,-1.8783449435544972,226.22222609411872,-0.22224737123277905,-0.780864515024701
2022-08-12,178.92872619628906,313.075895755903,225.09975897832604,435.43590161195453,161.8454252754305,605.618084889056,-1.695831351302548,313.075895755903,-0.4284813087757,-1.695831351302548,309.38865983799883,-0.4216700563945065,-1.8238175502190863,226.41833628965665,-0.20974277468682656,-0.7313123665126576
2022-08-15,179.3153533935547,313.5987745628175,225.47570581743716,436.16313806742437,162.11572887918848,606.6295484541703,-1.6943469209593687,313.5987745628175,-0.42820135810946625,-1.6943469209593687,309.80137496766145,-0.4211925191995275,-1.8210686326264973,227.0076875038432,-0.21009127327232513,-0.7326827140172004
2022-08-16,177.90771484375,313.77326148822664,225.601160907998,436.4058200263839,162.20593036397435,606.9670782322113,-1.7199220757100813,313.77326148822664,-0.43300549575214387,-1.7199220757100813,309.93906898563955,-0.4259913233075079,-1.8487964003638944,227.204478609446,-0.2169709156589068,-0.7598589601270301
2022-08-17,173.32791137695312,313.94784549847725,225.72668580199854,436.64863701402504,162.2961820370298,607.3047958124324,-1.8006611076702395,313.94784549847725,-0.44790858143412926,-1.8006611076702395,310.0768242029671,-0.44101623259822276,-1.937134842765113,227.40144031164698,-0.2377888585955642,-0.8435734185903345
2022-08-18,173.13954162597656,314.1225266475864,225.85228053827677,436.8915891054766,162.3864839262791,607.6427012993249,-1.805643256298557,314.1225266475864,-0.4488152649420729,-1.805643256298557,310.2146406468446,-0.4418717915281034,-1.9422362822316432,227.5985727583347,-0.23927668118632284,-0.8496436110280472
2022-08-19,166.49789428710938,314.2973049896035,225.97794515569385,437.1346763759121,162.4768360596632,607.9807947974426,-1.925895505582535,314.2973049896035,-0.47025350951508516,-1.925895505582535,310.3525183444848,-0.46352007976200726,-2.07398941702372,227.79587609752681,-0.26909170991389586,-0.9738557064384689
2022-08-22,161.63064575195312,314.82222371403105,226.355358683703,437.8647500134633,162.7481942042591,608.9962044055272,-2.020886259043698,314.82222371403105,-0.48659709011276653,-2.020886259043698,310.76651923228957,-0.47989684940565114,-2.1772414963606406,228.38881295222134,-0.29230051304760685,-1.0741047895340856
2022-08-23,159.70751953125,314.99739136876127,226.48130321470995,438.10837875238786,162.838747593896,609.335050995221,-2.0588547366388625,314.99739136876127,-0.49298780273299614,-2.0588547366388625,310.90464221734936,-0.48631349344857777,-2.218586284817533,228.5868013441668,-0.3013265919461823,-1.1139831217587868
2022-08-24,161.83877563476562,315.17265648709133,226.60731782148176,438.3521430467834,162.9293513676027,609.6740861197701,-2.0203577210006967,315.17265648709133,-0.48650756243064464,-2.0203577210006967,311.0428265924169,-0.47968973466526743,-2.1759154933727833,228.7849613706285,-0.29261619878682055,-1.0754909239765962
2022-08-25,167.3107452392578,315.3480191232503,226.73340254300874,438.5960429720733,163.02000555341294,610.0133098840759,-1.921249614948898,315.3480191232503,-0.46944095065374025,-1.921249614948898,311.1810723847774,-0.4623363691208796,-2.066648964501306,228.98329318039427,-0.26933208569304,-0.9748775905140538
2022-08-26,160.3717041015625,315.52347933149724,226.8595574183028,438.8400786037228,163.11071017937616,610.3527223930976,-2.0513331359304394,315.52347933149724,-0.4917281451087455,-2.0513331359304394,311.31937962172844,-0.48486437209137556,-2.209204095826919,229.18179692238223,-0.3002424003339318,-1.1091658907719188
2022-08-29,157.7843780517578,316.0504459318097,227.23844335723325,439.5730004921116,163.3831269789116,611.3720934389303,-2.1056935511045594,316.0504459318097,-0.5007620457975845,-2.1056935511045594,311.73467027328087,-0.493850401967042,-2.2678140589824975,229.7783412327905,-0.3133191875038168,-1.1677723843638155
2022-08-30,155.79188537597656,316.22629697160346,227.36487923814988,439.8175797046924,163.47403364629278,611.7122619775797,-2.145901264930243,316.22629697160346,-0.5073405125761365,-2.145901264930243,311.8732235618113,-0.500464055244231,-2.3116191824544234,229.9775341954252,-0.32257780778016687,-1.2099457404322902
2022-08-31,161.51168823242188,316.40224585523384,227.49138546821936,440.0622950015894,163.56499089430815,612.0526197866194,-2.038292879762649,316.40224585523384,-0.4895368463777603,-2.038292879762649,312.0118384316017,-0.4823539739892658,-2.193013069817232,230.17689983680842,-0.29831495538027075,-1.1006203546263669
2022-09-01,163.9205322265625,316.5782926371414,227.6179620865841,440.3071464585203,163.6559987511008,612.3931669713596,-1.9951043197013238,316.5782926371414,-0.4822117117977939,-1.9951043197013238,312.150514910022,-0.4748670131977424,-2.1451874979783576,230.3764383066338,-0.2884665921938496,-1.057319728787979
2022-09-02,158.92440795898438,316.75443737179677,227.74460913240824,440.55213415124473,163.74705724482962,612.7339036371695,-2.0906155137142686,316.75443737179677,-0.4982725126832439,-2.0906155137142686,312.2892530244558,-0.49109869641739223,-2.2497566832779343,230.5761497547247,-0.3107508815285529,-1.1561743782115639
2022-09-06,157.15988159179688,317.4599969283739,228.25190237434535,441.53344879674734,164.11179815283108,614.0987472205369,-2.1312033734080478,317.4599969283739,-0.5049458731417563,-2.1312033734080478,312.8448223903936,-0.4976426958548804,-2.2928615707917874,231.3767283307656,-0.3207619334683983,-1.2016291114495652
2022-09-07,158.99378967285156,317.6366322448918,228.37890214569228,441.7791188063109,164.20311025417146,614.4404328742825,-2.097722958878376,317.6366322448918,-0.49944756513389055,-2.097722958878376,312.9838690960549,-0.49200644067679955,-2.255702712029918,231.5773069220882,-0.31343104475110173,-1.1682784967669013
2022-09-08,160.6492462158203,317.81336584161903,228.5059725799415,442.0249255071118,164.29447316173008,614.7823086425432,-2.0680110907869627,317.81336584161903,-0.4945170232523223,-2.0680110907869627,313.1229776022795,-0.48694520138387054,-2.2226845002580635,231.77805939334976,-0.3068832889691987,-1.1387903168797773
2022-09-09,167.67752075195312,317.9901977732397,228.63311371641058,442.2708689752064,164.38588690377597,615.124374631101,-1.9399034112041715,317.9901977732397,-0.47269594495008693,-1.9399034112041715,313.2621479365359,-0.46473737137905635,-2.081555024008842,231.97898589528452,-0.2771865947045614,-1.0084549238123486
2022-09-12,167.48916625976562,318.5212841247473,229.01496173263172,443.0095207444337,164.660433419758,616.1517149772308,-1.9483686125264281,318.5212841247473,-0.47416648554584717,-1.9483686125264281,313.6800301823551,-0.4660509112983785,-2.0897381496011347,232.5828110944426,-0.27987298170648156,-1.0200227849144912
2022-09-13,151.7969970703125,318.6985099433812,229.14238607158603,443.2560120430993,164.75205078275343,616.4945429059501,-2.2482481096227205,318.6985099433812,-0.523697186104572,-2.2482481096227205,313.81944810365945,-0.5162919379675552,-2.418854653841915,232.7844352290381,-0.34790744526815787,-1.3283373037772062
2022-09-14,150.15142822265625,318.8758343707806,229.26988130967263,443.50264048996854,164.84371912181504,616.8375615847481,-2.282973648248035,318.8758343707806,-0.5291225861660497,-2.282973648248035,313.95892799051813,-0.5217481815736389,-2.45663630046036,232.98623414994503,-0.3555351938689135,-1.3648919034906786
2022-09-15,148.24813842773438,319.0532574618127,229.39744748634072,443.7494061613525,164.93543846530665,617.1807711197604,-2.3233282812258187,319.0532574618127,-0.5353498672694852,-2.3233282812258187,314.0984698704712,-0.5280201826870747,-2.5006028496583226,233.1882080086842,-0.3642554240040584,-1.4072158390078875
2022-09-16,145.01654052734375,319.230779271373,229.52508464105983,443.99630913360164,165.02720884160655,617.5241716171778,-2.3918211122806827,319.230779271373,-0.5457313331178899,-2.3918211122806827,314.2380737710729,-0.5385137810099025,-2.575485919876035,233.39035695690777,-0.3786523898495129,-1.4783789986442843
2022-09-19,146.73147583007812,319.76393756065227,229.9084223685597,444.73784261970303,165.3028264513851,618.5555199466824,-2.3612433264197317,319.76393756065227,-0.5411256286452053,-2.3612433264197317,314.6572578724855,-0.5336784003579511,-2.540771013027988,233.99785585697924,-0.3729366651985,-1.4499311681028246
2022-09-20,144.81826782226562,319.94185479390507,230.03634383062754,444.98529555978547,165.39480124302503,618.8996853568337,-2.402712729299003,319.94185479390507,-0.5473606667825555,-2.402712729299003,314.79711013145914,-0.5399631598848237,-2.5859624028144363,234.2007066822933,-0.38164888623192783,-1.493397646541311
2022-09-21,140.88282775878906,320.1198710206288,230.1643364684287,445.2328861831321,165.48682720960565,619.2440422612428,-2.487911804079635,320.1198710206288,-0.5599060211113529,-2.487911804079635,314.93702454903206,-0.5526634953114087,-2.6792012658904403,234.40373335732687,-0.3989736181205519,-1.5816832639014449
2022-09-22,141.5767364501953,320.2979862959026,230.2924003215646,445.4806145663487,165.57890437960026,619.5885907664554,-2.474704565317659,320.2979862959026,-0.557984306777996,-2.474704565317659,315.0770011528311,-0.5506598833549194,-2.6643173254812673,234.6069360345225,-0.3965364415766368,-1.5691109043853213
2022-09-23,139.18771362304688,320.47620067483825,230.42053542966045,445.72848078608655,165.6710327814991,619.9333309790806,-2.5279768899189845,320.47620067483825,-0.5656847112829149,-2.5279768899189845,315.2170399704953,-0.5584384853176878,-2.7224770395546716,234.81031486645543,-0.4072333930380885,-1.6246743587520776
2022-09-26,135.18287658691406,321.0114389851801,230.80536868027858,446.47290723156,165.9477256637532,620.9687029283833,-2.621531101225376,321.0114389851801,-0.5788845499890272,-2.621531101225376,315.637529983256,-0.5717148192292429,-2.824150734746237,235.42150981840965,-0.42578366483510277,-1.7234511101424252
2022-09-27,133.23001098632812,321.1900503304823,230.93378920489687,446.7213255647312,166.04005927848152,621.3142110379113,-2.6673256447150053,321.1900503304823,-0.5851988227865599,-2.6673256447150053,315.7778179330194,-0.578089392540587,-2.8740943229580136,235.62559479768603,-0.4345690199711848,-1.7713504843572243
2022-09-28,140.3772430419922,321.3687610554601,231.06228118292736,446.96988211831246,166.13244426780008,621.6599113887762,-2.5106121048156522,321.3687610554601,-0.5631895191649737,-2.5106121048156522,315.91816823502853,-0.555653149591707,-2.7015344871903175,235.82985669656017,-0.40475203178953656,-1.6116965537440964
2022-09-29,135.2225341796875,321.54757121540854,231.19084465412683,447.2185769692096,166.22488066029382,622.0058040879417,-2.625700284370076,321.54757121540854,-0.5794633631702965,-2.625700284370076,316.0585809169965,-0.5721599021695294,-2.8276136598507846,236.03429566840197,-0.4271064135117979,-1.7306159234479987
2022-09-30,134.4989013671875,321.7264808656534,231.31947965827425,447.4674101943717,166.31736848456356,622.3518892424307,-2.643651189977332,321.7264808656534,-0.5819464378396891,-2.643651189977332,316.1990560066486,-0.5746385107349611,-2.8469643716637827,236.23891186671435,-0.4306657599105791,-1.7499779723165383
2022-10-03,137.4033966064453,322.26380731188635,231.70581426652538,448.2147408855784,166.59514083427555,623.3913005089613,-2.583947610313392,322.26380731188635,-0.5736306917224914,-2.583947610313392,316.6208559991477,-0.5660317569010198,-2.780247834368041,236.85382535750463,-0.4198810325353619,-1.691678717286831
2022-10-04,139.058837890625,322.4431154771908,231.8347358006966,448.4641283781454,166.68783467197582,623.7381565561651,-2.5493319004460457,322.4431154771908,-0.5687337356084384,-2.5493319004460457,316.7615809970363,-0.5609984094253966,-2.7418415829311087,237.05915199939454,-0.4134002559370492,-1.6571645228825769
2022-10-05,137.77017211914062,322.62252340988283,231.96372906704264,448.7136546303644,166.78058008469503,624.0852055947009,-2.57923929283746,322.62252340988283,-0.5729679048350028,-2.57923929283746,316.90236854142057,-0.565259885076771,-2.7743293468741714,237.26465663726893,-0.4193396771700213,-1.6887809386122004
2022-10-06,137.85939025878906,322.80203116547307,232.0927941054754,448.9633197194415,166.87337710112965,624.4324477319495,-2.5789630589748946,322.80203116547307,-0.5729289875870691,-2.5789630589748946,317.0432186601001,-0.5651716165341256,-2.7736531991489435,237.4703394254317,-0.4194669086154297,-1.689461742904181
2022-10-07,132.28831481933594,322.98163879950323,232.221930955929,449.2131237226257,166.96622574999208,624.7798830753514,-2.705687851562003,322.98163879950323,-0.5904153706351823,-2.705687851562003,317.1841313808861,-0.5829289622926331,-2.9125179663395926,237.676200518319,-0.44340950195751827,-1.8203076364856394
2022-10-10,132.62533569335938,323.52106152811325,232.60977277908938,449.963369989957,167.24508177850979,625.8233494177782,-2.7030335994074566,323.52106152811325,-0.5900565636533233,-2.7030335994074566,317.60724543418854,-0.58242345664359,-2.90848372050668,238.29485517171028,-0.4434402052121842,-1.820479017613408
2022-10-11,127.4210205078125,323.70106923193777,232.7391972774121,450.21373042292066,167.33813724452705,626.171558661394,-2.826063026666692,323.70106923193777,-0.6063620648206355,-2.826063026666692,317.74840884176655,-0.5989876991917021,-3.0432882476093974,238.50143103054748,-0.46574316155154516,-1.9475374807204386
2022-10-12,126.3900909423828,323.8811770923743,232.8686937877598,450.4642301568821,167.43124448677392,626.5199616492628,-2.852373535639882,323.8811770923743,-0.6097640126016493,-2.852373535639882,317.88963499069524,-0.6024088959488022,-3.071823977328359,238.7081859683049,-0.4705246892573488,-1.975467401431988
2022-10-13,129.1558074951172,324.0613851651499,232.99826235019987,450.7148692693482,167.52440353405862,626.8685584891836,-2.7884449849893,324.0613851651499,-0.6014464746261079,-2.7884449849893,318.0309239088614,-0.5938891542127848,-3.001210579728743,238.91512014022518,-0.45940714250603953,-1.9109100755307624
2022-10-14,125.6565399169922,324.2416935060237,233.12790300482288,450.9656478378706,167.61761441520605,627.2173492890178,-2.8733896792762157,324.2416935060237,-0.6124602651859213,-2.8733896792762157,318.1722756241622,-0.6050676015988812,-3.0941699451674234,239.12223370168476,-0.47450917477730603,-1.998934974843147
2022-10-17,132.87313842773438,324.78322069527866,233.51725792301988,451.7188210559214,167.89755835030704,628.2648865274887,-2.709177942936918,324.78322069527866,-0.5908866900719605,-2.709177942936918,318.5967078320463,-0.5829425252636926,-2.912626274530128,239.74465227908652,-0.4457722532511095,-1.8335238804416696
2022-10-18,131.64395141601562,324.9639306667471,233.6471873477184,451.97015822503386,167.9909768554692,628.6144542467691,-2.739035701759254,324.9639306667471,-0.5948967285510296,-2.739035701759254,318.7383110151199,-0.5869842222707553,-2.945059504160881,239.95248495516523,-0.45137491932782814,-1.8650894260473942
2022-10-19,132.0701904296875,325.14474118556996,233.77718906538337,452.22163523860104,168.0844473388563,628.9642164661598,-2.730923172248121,325.14474118556996,-0.5938110825716507,-2.730923172248121,318.8799771350063,-0.5858310339323309,-2.9357733168562814,240.16049779968915,-0.4500752969797581,-1.8577387037343611
2022-10-20,130.385009765625,325.3256523076931,233.90726311623962,452.4732521744342,168.17796982938975,629.3141732938831,-2.7715355008808147,325.3256523076931,-0.5992169420371842,-2.7715355008808147,319.02170621967895,-0.591297371860203,-2.9800230061867423,240.36869096884462,-0.45756242528888735,-1.900326755053373
2022-10-21,128.87823486328125,325.50666408909126,234.03740954053265,452.7250091103848,168.2715443560058,629.6643248382172,-2.8084552308539776,325.50666408909126,-0.6040688284403073,-2.8084552308539776,319.1634982971228,-0.5961999553492078,-3.020215495274246,240.57706461895398,-0.46429542206191043,-1.9391302114941888
2022-10-24,128.5907745361328,326.05030394916633,234.42828345683475,453.48112069812754,168.55258044196216,630.7159488546017,-2.8202821155307713,326.05030394916633,-0.6056106282416438,-2.8202821155307713,319.58925276612064,-0.5976373628864262,-3.0320922317298677,241.20327002025715,-0.4668779800318077,-1.954143507851765
2022-10-25,136.31295776367188,326.23171892804856,234.55871977778773,453.7334384139478,168.64636340260063,631.0668803493934,-2.645193482875716,326.23171892804856,-0.5821590916677966,-2.645193482875716,319.7312970947511,-0.5736640141197185,-2.839342974455329,241.41236716011258,-0.43535221758848563,-1.7756566933154798
2022-10-26,128.68992614746094,326.4132348465538,234.68922867374602,453.9858965198023,168.74019854424833,631.4180071031046,-2.8213179629232,326.4132348465538,-0.6057453791420013,-2.8213179629232,319.87340455626526,-0.5976848205746202,-3.032485079219392,241.62164556456676,-0.4673907387445878,-1.957133002326694
2022-10-27,97.0874252319336,326.5948517608438,234.81981018508966,454.2384950938028,168.8340858959383,631.7693292243756,-3.6771789556689423,326.5948517608438,-0.7027282435455291,-3.6771789556689423,320.0155751787239,-0.6966165625603951,-3.9724798475816696,241.8311053907562,-0.5985321033245184,-2.8352805615010133
2022-10-28,98.33645629882812,326.77656972711407,234.95046435222284,454.4912342141075,168.92802548672086,632.1208468219115,-3.640117292443954,326.77656972711407,-0.699071275578456,-3.640117292443954,320.1578089901992,-0.6928500460164055,-3.931386133067401,242.04074679595374,-0.5937194146003517,-2.798259476041652
2022-10-31,92.34903717041016,327.3223305002128,235.34286319272678,455.2502956350608,169.21015798436187,633.1765735600355,-3.835594415932869,327.3223305002128,-0.7178651483102827,-3.835594415932869,320.5848898396365,-0.7119357770835515,-4.145046453992863,242.67076206037282,-0.6194472033370253,-3.001498414358808
2022-11-01,94.37126922607422,327.5044532369692,235.47380838749933,455.50359772301647,169.30430682233452,633.5288741508647,-3.7716204175262127,327.5044532369692,-0.7118473709492099,-3.7716204175262127,320.7273766881526,-0.7057586096935136,-4.0743831211947565,242.88113135706254,-0.6114508002380068,-2.9368945084306866
2022-11-02,89.7518310546875,327.68667730714577,235.60482644041508,455.75704074871203,169.39850804489092,633.8813707623798,-3.9254373067231096,327.68667730714577,-0.7261047297001895,-3.9254373067231096,320.8699268662349,-0.7202859366371737,-4.243015017467766,243.09168302117286,-0.6307902025308275,-3.0955074624275967
2022-11-03,88.13603210449219,327.8690027671246,235.73591739201245,456.01062479056554,169.49276168117794,634.2340635036471,-3.9821912451437207,327.8690027671246,-0.7311852253166715,-3.9821912451437207,321.01254040203077,-0.7254436477960889,-4.305000114621202,243.30241721079727,-0.6377511036886612,-3.1546392704236768
2022-11-04,89.99966430664062,328.05142967331915,235.8670812828524,456.26434992703867,169.58706776035868,634.5869524837938,-3.920450924248247,328.05142967331915,-0.7256537964298333,-3.920450924248247,321.1552173237001,-0.7197627207907764,-4.236791009259289,243.5133340841648,-0.6304117610433015,-3.0923246911318394
2022-11-07,95.87804412841795,328.59931963380274,236.26101099677604,457.02637268944676,169.8703009471376,635.6467979496891,-3.733721727114233,328.59931963380274,-0.7082220248195698,-3.733721727114233,321.58362868573573,-0.7018565760941962,-4.030506537947259,244.147182391086,-0.6072940789673494,-2.903835143139449
2022-11-08,95.63020324707033,328.7821528896229,236.3924670506475,457.2806629898881,169.96481708984882,636.0004729778368,-3.7432535090438983,328.7821528896229,-0.7091380952202269,-3.7432535090438983,321.72655943274856,-0.7027593761121851,-4.040606834597461,244.35883158447197,-0.6086484673912345,-2.9145683169833747
2022-11-09,100.58668518066406,328.9650878741973,236.5239962469051,457.53509477791255,170.0593858215128,636.35434479141,-3.5917692811593147,328.9650878741973,-0.6942329478466409,-3.5917692811593147,321.8695537066223,-0.6874923893163662,-3.8737926451707465,244.57066425481034,-0.588721380435611,-2.7602739797873475
2022-11-10,110.89616394042967,329.1481246441281,236.65559862624545,457.7896681322441,170.15400717139013,636.7084134999002,-3.2976874852312927,329.1481246441281,-0.6630812827497359,-3.2976874852312927,322.01261153559193,-0.6556154635944365,-3.5503010204049885,244.78268056115635,-0.5469607421317398,-2.4598294444731006
2022-11-11,112.0361557006836,329.33126325604866,236.78727422938766,458.0443831316505,170.2486811687577,637.0626792128603,-3.268372450818246,329.33126325604866,-0.6598071054870438,-3.268372450818246,322.1557329479052,-0.652229824763663,-3.5177188250662033,244.99488066270243,-0.5427000131691333,-2.430747984851324
2022-11-14,113.22569274902344,329.881290710558,237.18274078915775,458.80937878865353,170.53301933881485,638.1266594750012,-3.2414167803592915,329.881290710558,-0.6567683711157506,-3.2414167803592915,322.58547896757113,-0.6490056120585459,-3.486983675793783,245.63258533253682,-0.5390444936459111,-2.4060125099332645
2022-11-15,116.0608139038086,330.0648372574042,237.3147096951529,459.0646611569136,170.62790421923793,638.4817143025873,-3.1681375658092774,330.0648372574042,-0.6483696510413272,-3.1681375658092774,322.72885499598635,-0.6403767059959606,-3.406096343942813,245.84552220957033,-0.5279116216529139,-2.33187156069126
2022-11-16,112.24433135986328,330.2484859298809,237.4467520288861,459.3200855647451,170.7228418937801,638.8369666833216,-3.271175853716879,330.2484859298809,-0.6601215867990528,-3.271175853716879,322.87229474917183,-0.6523568816981897,-3.518935836956273,246.05864367983907,-0.5438309758956861,-2.4384408316126245
2022-11-17,110.47980499267578,330.4322367848113,237.57886783121262,459.57565209117917,170.81783239181613,639.1924167271231,-3.320892224480241,330.4322367848113,-0.6656506457491193,-3.320892224480241,323.01579825545025,-0.6579739889214176,-3.573188487710431,246.27194990336517,-0.5513910332214975,-2.490359740248002
2022-11-18,111.07459259033205,330.6160898790497,237.71105714301052,459.8313608152908,170.91287574273707,639.548064543972,-3.306303072544601,330.6160898790497,-0.664037546899285,-3.306303072544601,323.1593655431579,-0.6562853983710459,-3.5567861861196337,246.48544104031035,-0.549366517870048,-2.4763710390166316
2022-11-21,108.90365600585938,331.1682631666326,238.10806654435416,460.5993409651013,171.19832320696557,640.616195733521,-3.371192412667509,331.1682631666326,-0.6711531021586365,-3.371192412667509,323.5904503783996,-0.6634521943447038,-3.6269646842824264,247.1270255353513,-0.5593211395235249,-2.545768771816538
2022-11-22,110.46990203857422,331.3525257872815,238.2405503032735,460.8556192715545,171.29357826366444,640.9726357435849,-3.3295944317848103,331.3525257872815,-0.6666091445173029,-3.3295944317848103,323.73427307543096,-0.6587636489979101,-3.5808867429945486,247.34125793036023,-0.5533705012947036,-2.5040983523362796
2022-11-23,111.262939453125,331.53689093198517,238.3731077763955,461.1120401717201,171.38888632044888,641.329274077514,-3.3095979675731253,331.53689093198517,-0.6644025371042326,-3.3095979675731253,323.878159695759,-0.6564666800699315,-3.558543219326042,247.55567604167874,-0.5505538744569418,-2.4845676227851134
2022-11-25,110.44017028808594,331.9059290217695,238.63844402933094,461.6253100705937,171.57966155224935,642.0431461584249,-3.3354686507727926,331.9059290217695,-0.6672546024905682,-3.3354686507727926,324.1661248199603,-0.6593099592086507,-3.586223056591989,247.9850700573659,-0.5546499220193457,-2.5130106802012833
2022-11-28,107.8330535888672,332.46025651400817,239.03700229136737,462.3962863566742,171.8662226383611,643.1154444694793,-3.4129414822887103,332.46025651400817,-0.6756512952268516,-3.4129414822887103,324.59855264167635,-0.6677956426136507,-3.6702275209764936,248.63055798265242,-0.5662920339969193,-2.5953054054628444
2022-11-29,108.50714111328124,332.6452380020919,239.1700029118162,462.65356448679273,171.96184931551144,643.4732750660595,-3.395737858002557,332.6452380020919,-0.6738052173390834,-3.395737858002557,324.7428233988597,-0.6658674702103909,-3.6509525980060764,248.84609377762953,-0.563958833084019,-2.578637095755361
2022-11-30,117.07191467285156,332.8303224142108,239.30307753405123,462.9109857669291,172.0575291995182,643.831304760232,-3.1671361057025624,332.8303224142108,-0.6482534589286779,-3.1671361057025624,324.88715827848387,-0.6396536099081488,-3.3994064169270053,249.06181641882253,-0.5299483623937628,-2.345303952874613
2022-12-01,119.3915557861328,333.0155098076308,239.43622619924636,463.1685502767305,172.15326231998517,644.1895336627728,-3.109349762493889,333.0155098076308,-0.641483497705256,-3.109349762493889,325.0315573090483,-0.6326770336561127,-3.335541699003504,249.27772606820687,-0.521050044585752,-2.287041859401507
2022-12-02,122.41500091552734,333.2008002396521,239.56944894860007,463.42625809589185,172.24904870653387,644.547961884524,-3.035230180374014,333.2008002396521,-0.6326089228252714,-3.035230180374014,325.1760205190655,-0.6235423487866013,-3.253731022965148,249.49382288789823,-0.5093465661852059,-2.212039605941533
2022-12-05,121.36421966552734,333.7572903407868,239.96956211392956,464.2002422071269,172.53672775912355,645.6244435743561,-3.0664199191668837,333.7572903407868,-0.6363698316773636,-3.0664199191668837,325.60979551114843,-0.627270980975841,-3.2868824723445416,250.14323799208356,-0.5148211055404655,-2.2468981563523696
2022-12-06,113.1265640258789,333.9429935008382,240.10308161235068,464.4585240615441,172.63272750653604,645.983670182577,-3.281165909899015,333.9429935008382,-0.6612398935520862,-3.281165909899015,325.7545157243546,-0.6527244947799777,-3.522459517101039,250.36008511697554,-0.5481445695585905,-2.467958179978321
2022-12-07,112.93822479248048,334.1287999864637,240.23667540126226,464.71694962445224,172.72878066838163,646.3430966651326,-3.2879027254422892,334.1287999864637,-0.6619919480240678,-3.2879027254422892,325.89930025976633,-0.6534566821639071,-3.5294888766287693,250.57712022486413,-0.5492875618846149,-2.475826754539731
2022-12-08,114.3260498046875,334.3147098551539,240.37034352199962,464.97551897581104,172.82488727438022,646.7027231332333,-3.2525673215482573,334.3147098551539,-0.6580286585229208,-3.2525673215482573,326.0441491459719,-0.6493540825555405,-3.4902918696700063,250.7943434787109,-0.5441442250295718,-2.4405749358826383
2022-12-09,114.8910903930664,334.50072316443135,240.50408601592113,465.23423219562466,172.9210473542682,647.0625496981513,-3.239309017978494,334.50072316443135,-0.6565296203064137,-3.239309017978494,326.18906241157265,-0.6477776123342196,-3.4753518223914783,251.0117550416179,-0.5422880080894323,-2.427950239346484
2022-12-12,113.71144104003906,335.05938431149235,240.90576015071954,466.0112358665037,173.20984873488118,648.1432310874615,-3.275651209509613,335.05938431149235,-0.6606230227704182,-3.275651209509613,326.6241887709493,-0.6518584815536086,-3.5141644698670955,251.6651212178432,-0.5481636847816921,-2.468089609050537
2022-12-13,119.10406494140624,335.2458119589843,241.03980055142176,466.27052536106874,173.30622300802213,648.5038591536107,-3.1368907778889237,335.2458119589843,-0.6447261660170178,-3.1368907778889237,326.76935984039795,-0.6355103030480596,-3.361330405022844,251.88328765084248,-0.5271458219709009,-2.3268360646976105
2022-12-14,120.5315399169922,335.4323433351565,241.17391553244536,466.5299591247775,173.402650903983,648.8646878738684,-3.1024635580424165,335.4323433351565,-0.6406681039801825,-3.1024635580424165,326.914595432439,-0.6313057244888243,-3.3231312548251353,252.10164321053622,-0.5218930809731638,-2.29251505629412
2022-12-15,115.13890075683594,335.61897849772373,241.30810513528704,466.7895372379017,173.49913245259955,649.2257173598787,-3.2428945978535695,335.61897849772373,-0.6569356677259035,-3.2428945978535695,327.05989557575015,-0.6479577523433512,-3.477055603274088,252.32018806087657,-0.5436793954471186,-2.4374086701469455
2022-12-16,118.39034271240234,335.80571750443306,241.4423694014664,467.04925978075755,173.59566768372432,649.5869477233481,-3.160167975886753,335.80571750443306,-0.6474439339739966,-3.160167975886753,327.20526029902146,-0.6381771411492299,-3.385788041346423,252.53892236595874,-0.5311996202278841,-2.3535849438098353
2022-12-19,113.48343658447266,336.36655816736476,241.8456105955748,467.8292947915484,173.8855957709211,650.6718451965071,-3.293537907971999,336.36655816736476,-0.6626197407888359,-3.293537907971999,327.6417422356942,-0.6536355965814742,-3.531208801115598,253.19626365273214,-0.5517965591304329,-2.4931693720763834
2022-12-20,116.07070922851562,336.5537131287545,241.98017393076458,468.08959585738785,173.98234603093522,651.0338801881205,-3.2268925707275833,336.5537131287545,-0.6551198079216831,-3.2268925707275833,327.7873655659667,-0.6458963296888984,-3.457610365540043,253.4157574205713,-0.5419751699343481,-2.4258275744314766
2022-12-21,118.71746826171876,336.7409722235033,242.1148121372374,468.3500417552111,174.079150122969,651.3961166166581,-3.160234467352289,336.7409722235033,-0.6474516674409224,-3.160234467352289,327.933053619843,-0.6379826097086809,-3.3839979033252354,253.6354414657611,-0.5319365953919939,-2.3584726926044066
2022-12-22,116.10045623779295,336.9283355095512,242.24952525665188,468.6106325656031,174.17600807697468,651.7585545941998,-3.229488018974692,336.9283355095512,-0.6554149829452329,-3.229488018974692,328.0788064260901,-0.6461202187897249,-3.4597168065039625,253.85531595325045,-0.5426510734989933,-2.4304155251565702
2022-12-23,117.01246643066406,337.1158030448703,242.38431333068965,468.8713683691933,174.27291992292118,652.1211942328878,-3.2074559756059378,337.1158030448703,-0.6529012719848981,-3.2074559756059378,328.2246240134876,-0.6434988179745597,-3.435136713683987,254.07538104813298,-0.5394576761118907,-2.4087985026820826
2022-12-27,115.86254119873048,337.8667168394332,242.92421600751982,469.9157631296999,174.661106826077,653.5737716441316,-3.24413647679593,337.8667168394332,-0.6570761918114809,-3.24413647679593,328.8085427506276,-0.647629163678384,-3.4739484360497737,254.9575508084611,-0.5455614441253668,-2.450248530739742
2022-12-28,114.61351013183594,338.0547064918213,243.05937948071156,470.17722511029626,174.7582885818448,653.937421272869,-3.2786772203132077,338.0547064918213,-0.6609616493104236,-3.2786772203132077,328.9546846759225,-0.6515826784933915,-3.51152704117187,255.1785714217147,-0.5508497853355301,-2.4866137314191255
2022-12-29,119.21311950683594,338.24280074199265,243.1946181591047,470.4388325688125,174.8555244097176,654.3012732369186,-3.1610941741180807,338.24280074199265,-0.647551642650422,-3.1610941741180807,329.10089155531574,-0.6377611772990337,-3.381961384626506,255.3997836359283,-0.5332293637461576,-2.3670651790800084
2022-12-30,119.29241180419922,338.4309996481444,243.3299320845427,470.7005855861909,174.9528143397806,654.6653276488581,-3.160764796099774,338.4309996481444,-0.647513342665939,-3.160764796099774,329.24716341767646,-0.6376812769898728,-3.381226845372315,255.6211876171989,-0.5333234583713635,-2.3676915151997937
2023-01-03,123.65412139892578,339.1848429976645,243.87194109444962,471.74905486479804,175.3425156842407,656.1235720293156,-3.058656839684233,339.1848429976645,-0.6354373612155269,-3.058656839684233,329.83290127463226,-0.6251007072943086,-3.267546348616437,256.5087245398431,-0.5179340522598139,-2.2668953545328887
2023-01-04,126.26123046875,339.3735660578319,244.00763188359443,472.01153689223275,175.44007657713004,656.4886403716005,-2.9970978037708433,339.3735660578319,-0.6279579699285298,-2.9970978037708433,329.979498485321,-0.617366439283904,-3.199536428040403,256.7310898529035,-0.5081965704228009,-2.204766576699033
2023-01-05,125.83496856689452,339.5623941238507,244.14339817133933,472.2741649651415,175.53769175307636,656.8539118385703,-3.0090346539881185,339.5623941238507,-0.6294201868508503,-3.0090346539881185,330.12616085246384,-0.6188276377674558,-3.2122792657681876,256.9536479326334,-0.5102814473375945,-2.2179647379305054
2023-01-06,128.88816833496094,339.75132725414767,244.27923999969272,472.5369391647859,175.6353612422834,657.2193865432462,-2.9380511598999726,339.75132725414767,-0.6206396914571951,-2.9380511598999726,330.2728884050198,-0.6097525020676144,-3.133914330330815,257.1763989461403,-0.4988336065707428,-2.1461767039936452
2023-01-09,128.34292602539062,340.3187576154444,244.68721914882676,473.32613933740436,175.92869589175083,658.3170312146339,-2.9559597117279934,340.3187576154444,-0.622874369533235,-2.9559597117279934,330.71346246495295,-0.6119210718886545,-3.152473228515524,257.8458112625753,-0.5022493272357502,-2.1674231842072773
2023-01-10,131.83229064941406,340.5081115877561,244.8233635601557,473.5894988574923,176.0265829363679,658.6833200015772,-2.87633438589449,340.5081115877561,-0.6128365634677748,-2.87633438589449,330.86045104901274,-0.6015471470481529,-3.064613179991218,258.0693356851681,-0.4891594140799317,-2.0867780187006586
2023-01-11,131.73316955566406,340.69757091696,244.95958372248094,473.85300491129277,176.12452444551337,659.0498125922628,-2.880300420268182,340.69757091696,-0.6133427978335306,-2.880300420268182,331.00750496347564,-0.6020236170469915,-3.068598175624866,258.2930538792526,-0.48998562842790594,-2.091806781739108
2023-01-12,135.5199432373047,340.88713566167763,245.0958796779511,474.1166575803386,176.22252044949184,659.4165091000893,-2.796081063642391,340.88713566167763,-0.6024492300824018,-2.796081063642391,331.15462423737847,-0.590765360594327,-2.9756904886851236,258.51696601280764,-0.4757793063740712,-2.00645313123049
2023-01-13,135.78756713867188,341.0768058805621,245.23225146873742,474.38045694620644,176.32057097862415,659.7834096385162,-2.7917870635058044,341.0768058805621,-0.6018856609492766,-2.7917870635058044,331.3018088997708,-0.5901393729493585,-2.970599866546043,258.74107225395835,-0.4751990244309018,-2.003016071908121
2023-01-17,134.18167114257812,341.8365426719788,245.77849782929468,475.43712301102613,176.71331895370332,661.2530543696337,-2.8345937502371354,341.8365426719788,-0.6074683236211618,-2.8345937502371354,331.89120201567823,-0.5957058508099907,-3.0161426647092457,259.63944166210666,-0.48319997037583595,-2.0507449113288354
2023-01-18,131.86207580566406,342.02674114264113,245.91524943005513,475.7016570862481,176.81164256401115,661.6209767651704,-2.8891384016995683,342.02674114264113,-0.614468519727025,-2.8891384016995683,332.0387140567139,-0.6028713814885412,-3.0757003332656536,259.8645209682071,-0.49257376376594086,-2.107612390900048
2023-01-19,134.9647674560547,342.21704544007656,246.0520771196536,475.96633834870795,176.9100208817536,661.9891038733937,-2.820326990969545,342.21704544007656,-0.6056164669340309,-2.820326990969545,332.1862916608079,-0.5937075946714085,-2.999721949398291,260.08979539371467,-0.48108395697820505,-2.03805055490944
2023-01-20,138.15673828125,342.4074556231673,246.1889809404261,476.23116688030103,177.00845393737,662.3574358082058,-2.7511585159574885,342.4074556231673,-0.5965136389048232,-2.7511585159574885,332.3339348571004,-0.584283385503031,-2.9233512452639863,260.31526510777746,-0.46927146887045046,-1.9681227588518007
2023-01-23,142.02281188964844,342.9793220756851,246.60014961350052,477.02653690951547,177.30408183611013,663.4636617121513,-2.67255902807875,342.9793220756851,-0.5859143605797077,-2.67255902807875,332.7772582907636,-0.5732195985413275,-2.8358730464748683,260.99284767497,-0.45583638343025423,-1.8904568290105332
2023-01-24,141.89393615722656,343.17015639087475,246.73735838279993,477.29195533750544,177.4027341479543,663.832814093612,-2.6769969793783037,343.17015639087475,-0.5865201751529707,-2.6769969793783037,332.92516414751,-0.5737963018789494,-2.8403765553949003,261.2191002376611,-0.4568010684206121,-1.8959692661617715
2023-01-25,140.2682342529297,343.36109688662253,246.87464349530677,477.5575214447889,177.50144135012326,664.2021718721255,-2.713612550187806,343.36109688662253,-0.591484779362625,-2.713612550187806,333.0731357423497,-0.57886656352425,-2.8802348531048687,261.4455489368466,-0.46348968332671003,-1.9344609857150736
2023-01-26,146.0177459716797,343.5521436220075,247.01200499349852,477.8232353135348,177.60020347315802,664.5717351619752,-2.5935303104296166,343.5521436220075,-0.574976466651492,-2.5935303104296166,333.2211731045003,-0.5617993160179903,-2.7479232364197275,261.6721939425552,-0.4419821847645956,-1.8123509757060356
2023-01-27,150.41909790039062,343.74329665614164,247.14944291987635,478.08909702595787,177.6990205476167,664.9415040775077,-2.505198083445141,343.74329665614164,-0.5624086364341234,-2.505198083445141,333.36927626319357,-0.548791359580373,-2.650496580548594,261.89903542496336,-0.42565997749355144,-1.7227819881057416
2023-01-30,145.77981567382812,344.31739414265127,247.56221569349202,478.8875700481236,177.99580178537173,666.0520457226257,-2.6052179609179285,344.31739414265127,-0.5766121080324182,-2.6052179609179285,333.81398081102844,-0.5632902632788355,-2.759274351963961,262.5807404363657,-0.4448190852399677,-1.8281854891956155
2023-01-31,147.67320251464844,344.5089729635596,247.69995975809874,479.15402395831865,178.09483897144705,666.4226382856325,-2.567788287830102,344.5089729635596,-0.5713516508893121,-2.567788287830102,333.96234744845844,-0.5578148146253543,-2.7177762908519205,262.8083695302906,-0.43809551127089186,-1.7907872253937287
2023-02-01,151.78707885742188,344.7006583792697,247.83778046375176,479.4206261239504,178.1939312619915,666.7934370470103,-2.4861860041363166,344.7006583792697,-0.5596553845556846,-2.4861860041363166,334.1107800287799,-0.5456983493787686,-2.6277440826507594,263.03619595401295,-0.4229422368776993,-1.7081158487327708
2023-02-02,187.12677001953125,344.89245044909256,247.9756778530951,479.6873766275102,178.293078687666,667.164442121491,-1.8534182834200477,344.89245044909256,-0.4574344269470988,-1.8534182834200477,334.25927858130143,-0.440174792413379,-1.9321251992694068,263.26421987859715,-0.28920546018056026,-1.0605474761271545
2023-02-03,184.9062347412109,345.08434923236933,248.1136519687949,479.95427555153185,178.39228127914714,667.535653623865,-1.8912892052695132,345.08434923236933,-0.46417090443965436,-1.8912892052695132,334.4078431353456,-0.4470637021920164,-1.9733627994744372,263.49244147525405,-0.2982484290405104,-1.1003258221336
2023-02-06,184.4403533935547,345.66068645684913,248.5280351010619,480.75586367241846,178.6902203554621,668.6505278472445,-1.9039944198024663,345.66068645684913,-0.466412118531219,-1.9039944198024663,334.8539331000268,-0.4491916171148598,-1.9862045907422368,264.1782940120104,-0.3018338085521536,-1.1162393307756615
2023-02-07,189.9519195556641,345.8530126880302,248.66631654933357,481.0233571045646,178.78964391728556,669.0225662104043,-1.8164271482776906,345.8530126880302,-0.4507726907470764,-1.8164271482776906,335.00276195363995,-0.4329840194513054,-1.8896184208710993,264.4073080120495,-0.2815935346726208,-1.0274543564900511
2023-02-08,181.83322143554688,346.0454459298748,248.8046749376536,481.29099937054104,178.889122798559,669.3948115763835,-1.9505195031653322,346.0454459298748,-0.47453947574159117,-1.9505195031653322,335.1516569555811,-0.45745987626238727,-2.036578212274199,264.63652054245017,-0.31289445212313727,-1.1658513654561933
2023-02-09,176.3711700439453,346.23798624192267,248.94311030883074,481.55879055315756,178.98865703006155,669.7672640603565,-2.0446549031930483,346.23798624192267,-0.4906071053662159,-2.0446549031930483,335.30061813525003,-0.4739909188810306,-2.139635759779961,264.8659317753167,-0.33411153007945427,-1.2632959448044665
2023-02-10,172.63400268554688,346.430633683749,249.08162270569923,481.8267307352734,179.08824664259092,670.1399237775664,-2.1112600847575513,346.430633683749,-0.5016780102560396,-2.1112600847575513,335.44964552206005,-0.48536537453519535,-2.212444796863535,265.0955418829026,-0.34878571906802425,-1.3325244266565215
2023-02-13,177.86802673339844,347.00921938413205,249.497622479141,482.6314461078759,179.3873480745638,671.259147481979,-2.025782117408729,347.00921938413205,-0.48742564520597886,-2.025782117408729,335.89712521966595,-0.47046874361583635,-2.117408947988295,265.78556717875256,-0.33078372681623336,-1.2478086491137934
2023-02-14,177.9175567626953,347.2022959414738,249.63644340758407,482.8999831174825,179.48715951951144,671.6326372858233,-2.0266242487648936,347.2022959414738,-0.4875680292370934,-2.0266242487648936,336.04641772943467,-0.4705566035643792,-2.1179615911649483,266.0159745107399,-0.3311771705066824,-1.2496356812168636
2023-02-15,175.61782836914062,347.3954799269606,249.7753415762424,483.1686695415662,179.5870264997273,672.0063349000687,-2.067746530589621,347.3954799269606,-0.4944729033145048,-2.067746530589621,336.1957765936074,-0.47763225895182193,-2.162771585691128,266.24658158095684,-0.34039405378903986,-1.292746390538186
2023-02-16,170.93890380859375,347.5887714003667,249.9143170280932,483.43750546326265,179.68694904611175,672.3802404403434,-2.1512872474342095,347.5887714003667,-0.5082151154655699,-2.1512872474342095,336.3452018416757,-0.4917754055279847,-2.254188347087151,266.4773885625545,-0.35852379546842295,-1.379332334164544
2023-02-17,171.37506103515625,347.7821704214982,250.05336980613683,483.70649096575227,179.78692718958177,672.754354022337,-2.145248962752249,347.7821704214982,-0.5072344829309207,-2.145248962752249,336.49469350314456,-0.4907050115678726,-2.2471812123958546,266.708395628835,-0.3574440705884244,-1.3741075337510802
2023-02-21,170.58204650878906,348.55684318057314,250.61035504108702,484.78393044887684,180.1873963532619,674.2528910835629,-2.1660523860081735,348.55684318057314,-0.5106047984821305,-2.1660523860081735,337.0933248735822,-0.49396195675852894,-2.268548178266001,267.63442821207383,-0.3626304072747335,-1.3992849274472925
2023-02-22,169.63035583496094,348.7507808385942,250.74979509594004,485.0536651046639,180.28765294651882,674.6280466117615,-2.1846971584902044,348.7507808385942,-0.5136058034706802,-2.1846971584902044,337.2431490450866,-0.49700874186688737,-2.2886612683151646,267.8664383065528,-0.36673531440757856,-1.4193581299673834
2023-02-23,170.54237365722656,348.94482640387906,250.88931273549184,485.32354984130126,180.38796532272556,675.0034108771748,-2.1701296416220686,348.94482640387906,-0.5112626388108825,-2.1701296416220686,337.39303980729665,-0.49452906985089995,-2.2722827380055777,268.09864952868315,-0.3638820115019613,-1.4053916028126465
2023-02-24,168.90675354003906,349.13897993646736,251.02890800291064,485.59358474229424,180.4883335129199,675.3789839959443,-2.201027397564998,349.13897993646736,-0.5162191469689952,-2.201027397564998,337.54299718980883,-0.4995992956563735,-2.305858652493095,268.33106205282036,-0.37052850964086237,-1.4380230556936682
2023-02-27,168.06410217285156,349.72208893895265,251.4481600044121,486.40459126715683,180.7897732780647,676.5069576347773,-2.221245775305991,349.72208893895265,-0.5194352673497018,-2.221245775305991,337.9932693553269,-0.5027590268486428,-2.326955445293327,269.0295091831028,-0.37529491585078756,-1.4616369080822362
2023-02-28,173.4171142578125,349.91667494182144,251.5880662154622,486.6752276615546,180.89036503493216,676.8833673296824,-2.1278906368970403,349.91667494182144,-0.5044045434912596,-2.1278906368970403,338.14349351528085,-0.4871493387171275,-2.2240099233523134,269.262728661853,-0.355955742112403,-1.3669198698532432
2023-03-01,171.91033935546875,350.11136921269417,251.72805027058115,486.9460146385317,180.9910127612351,677.2599864596225,-2.1560291376303704,350.11136921269417,-0.5089838420784545,-2.1560291376303704,338.2937844437189,-0.4918312210844977,-2.254554137961514,269.4961503166595,-0.3621046565842476,-1.3967233243253516
2023-03-02,173.01068115234375,350.3061718118114,251.8681122130816,487.2169522818727,181.09171648811503,677.6368151411278,-2.138375322666195,350.3061718118114,-0.506115806474323,-2.138375322666195,338.444142170317,-0.48880580398617535,-2.2347845731692635,269.7297743227878,-0.3585777410494533,-1.3795936080336846
2023-03-03,183.6373748779297,350.50108279944715,252.0082520863002,487.48804067540846,181.19247624673073,678.013853490793,-1.959372313778481,350.50108279944715,-0.4760718756951602,-1.959372313778481,338.5945667247637,-0.4576481936663662,-2.0377344400978843,269.9636008556537,-0.31976987158310133,-1.197094895750739
2023-03-06,183.29039001464844,351.08646669670856,252.42913972399325,488.30221119619455,181.49509202484074,679.1462277156704,-1.970163518849559,351.08646669670856,-0.47793376446780944,-1.970163518849559,339.04624165228734,-0.4593941253517154,-2.0484732355164903,270.66629737112896,-0.32281783216132554,-1.2110467099130795
2023-03-07,182.90380859375,351.28181184182995,252.56959175393393,488.57390342975367,181.5960762223349,679.524105905223,-1.9782495403621803,351.28181184182995,-0.4793245695393269,-1.9782495403621803,339.19693381528486,-0.46077399186234036,-2.0569850195618433,270.90093576815786,-0.32483138873214323,-1.2202981041286274
2023-03-08,183.3598175048828,351.47726567734287,252.71012193163767,488.84574683336217,181.69711660761882,679.9021943468825,-1.972387760677034,351.47726567734287,-0.4783167066253222,-1.972387760677034,339.34769295477435,-0.45966976846570284,-2.050171817702676,271.1357775712915,-0.32373433285959163,-1.215254206100858
2023-03-09,180.10838317871094,351.67282826372394,252.85073030058695,489.117741491133,181.79821321195624,680.2804931576362,-2.0283070608476397,351.67282826372394,-0.48785243355894026,-2.0283070608476397,339.4985191005251,-0.46948698434416125,-2.111239865692925,271.3708229568617,-0.3363015919830785,-1.2735305819372604
2023-03-10,177.94732666015625,351.8684996614813,252.99141690428658,489.3898874872226,181.89936606662684,680.6590024545312,-2.066583452342515,351.8684996614813,-0.4942788944410985,-2.066583452342515,339.6494122823173,-0.4760852802175731,-2.1529229710003346,271.6060721013521,-0.34483303232722384,-1.3137244993298178
2023-03-13,179.32522583007812,352.4561673286121,253.413946559312,490.2072343476938,182.20316244570537,681.7957944335486,-2.0482606414777544,352.4561673286121,-0.4912126884053515,-2.0482606414777544,340.10249434196174,-0.4727318122819394,-2.1316730767671053,272.31304385547975,-0.3414739768204109,-1.2978369603010542
2023-03-14,192.3310546875,352.652274577642,253.55494653755673,490.4799865395795,182.30454061486213,682.1751468468144,-1.837710751258374,352.652274577642,-0.4546155843802583,-1.837710751258374,340.253655966003,-0.43474213629987546,-1.899961171213855,272.5491098035525,-0.2943251407934222,-1.0830054178030113
2023-03-15,196.02854919433597,352.84849094110064,253.69602496844487,490.7528904912789,182.4059751910159,682.5547103324503,-1.7816761336508176,352.84849094110064,-0.4444398821956189,-1.7816761336508176,340.40488477519244,-0.4241312097392621,-1.8380211416168475,272.7853803952627,-0.2813817627972107,-1.0265386918608108
2023-03-16,203.1460418701172,353.04481647969817,253.83718189562668,491.02594628722983,182.50746620555097,682.9344850078951,-1.6752548703343673,353.04481647969817,-0.4245885157138426,-1.6752548703343673,340.5561807993917,-0.40348743225487793,-1.7207193654394182,273.0218558080141,-0.25593487280019367,-0.9184300034790835
2023-03-17,193.90719604492188,353.2412512541811,253.97841736277854,491.2991540119204,182.60901368987044,683.3144709906574,-1.8180297465075155,353.2412512541811,-0.45106299064320643,-1.8180297465075155,340.7075440684749,-0.4308690857577526,-1.8772189770929963,273.2585362193649,-0.290389245555871,-1.0657258472812863
2023-03-20,196.08804321289065,353.83121160089706,254.40259544117035,492.1196896039924,182.91399527581893,684.4556979588848,-1.7891868034793064,353.83121160089706,-0.4458147365640891,-1.7891868034793064,341.1620376439694,-0.4252348691341661,-1.844410208824171,273.9698092228982,-0.2842713444627908,-1.0390560808904943
2023-03-21,200.4001922607422,354.02808392704793,254.5441455054417,492.39350588944285,183.01576895364846,684.8365303472846,-1.7249364336759496,354.02808392704793,-0.43394266907357204,-1.7249364336759496,341.31367019159677,-0.4128562382272959,-1.7734432161373959,274.2073114073024,-0.269165394488437,-0.9741689181373304
2023-03-22,198.07064819335935,354.2250657933165,254.68577432842437,492.66747452676884,183.11759925853607,685.2175746315129,-1.762065038396506,354.2250657933165,-0.4408339010403918,-1.762065038396506,341.46537013367885,-0.41993928076566744,-1.813865203947618,274.44501948040596,-0.2782865997409706,-1.0131864531640038
2023-03-23,202.501708984375,354.42215726065245,254.8274819539408,492.9415956007411,183.21948622198985,685.5988309294714,-1.6966871224957494,354.42215726065245,-0.4286426374989606,-1.6966871224957494,341.61713750016975,-0.4072261407427946,-1.7416593329742698,274.6829336206917,-0.262780157779993,-0.947143652991611
2023-03-24,204.21664428710935,354.61935839003667,254.96926842583596,493.2158691961739,183.32142987553408,685.9802993591226,-1.672810819767733,354.61935839003667,-0.4241243760232155,-1.672810819767733,341.7689723210368,-0.4024716670438978,-1.7150528814269113,274.9210540067975,-0.2571807749505425,-0.9236364238716961
2023-03-27,201.07424926757807,355.2116203608152,255.39510135862176,494.03960596011024,183.6276012922242,687.1259786188737,-1.7248745118084998,355.2116203608152,-0.433931105453893,-1.7248745118084998,342.22488180976853,-0.41244994167505167,-1.7711393464951448,275.63665442874,-0.2705097597258729,-0.9798889745067252
2023-03-28,198.93304443359372,355.40926074889666,255.5372036549806,494.3144904904935,183.72977202173186,687.5082967562621,-1.7590124666264997,355.40926074889666,-0.44027050951228963,-1.7590124666264997,342.3769867480807,-0.4189649067156267,-1.8082753921735404,275.87560158760556,-0.27890308788172546,-1.015841351538361
2023-03-29,203.56239318847656,355.6070111044475,255.6793850173142,494.5895279671267,183.83199959921822,687.8908276161537,-1.6909679993873568,355.6070111044475,-0.4275636114252904,-1.6909679993873568,342.52915929080586,-0.4057078421879612,-1.7331396786325368,276.1147558878065,-0.2627616277371647,-0.9470655664227832
2023-03-30,206.03073120117188,355.80487148865393,255.82164548961495,494.8647184751094,183.9342840563136,688.2735713169078,-1.6561196681821977,355.80487148865393,-0.4209446027561152,-1.6561196681821977,342.68139946799147,-0.39876885199770995,-1.6944778371801945,276.3541175089126,-0.2544683862199837,-0.9123129552273175
2023-03-31,210.09506225585935,356.002841962736,255.96398511589985,495.1400620995885,184.03662542466594,688.6565279769492,-1.5985919098342098,356.002841962736,-0.4098500419335116,-1.5985919098342098,342.83370730969824,-0.38718084664274177,-1.6308972363937895,276.5936866306477,-0.24041989238744987,-0.8543158889151748
2023-04-03,211.2152099609375,356.5974145369487,256.39147935919584,495.9670125241842,184.34399131400795,689.806676898037,-1.5875318993093654,356.5974145369487,-0.40769281730433715,-1.5875318993093654,343.2910371227532,-0.3847342717386133,-1.6176272603755113,277.31364079921633,-0.23835261275926967,-0.8458720933045942
2023-04-04,212.850830078125,356.79582598341636,256.5341360420765,496.2429694670661,184.44656064421955,690.1904865807969,-1.56583521443192,356.79582598341636,-0.4034380040981248,-1.56583521443192,343.44361592341943,-0.38024519831055414,-1.5934156388349465,277.5540417238359,-0.2331193278391892,-0.8245987843353112
2023-04-05,209.6390380859375,356.9943478263718,256.67687209939356,496.5190799528901,184.549187044192,690.5745098159584,-1.6136089637542752,356.9943478263718,-0.41276650635405077,-1.6136089637542752,343.5962625391111,-0.38986810701389807,-1.6455338566574127,277.7946510500482,-0.24534530346961791,-0.8745266736821601
2023-04-06,214.2188262939453,357.1929801272397,256.81968757531104,496.79534406708785,184.65187054567903,690.9587467223428,-1.5497881467978243,357.1929801272397,-0.40027145489355354,-1.5497881467978243,343.7489769999689,-0.37681610527683196,-1.5750388302132547,278.03546895851554,-0.22952698410608907,-0.8100797655177644
2023-04-10,212.88055419921875,357.9886151395292,257.39174454912774,497.9019385179121,185.06317620246588,692.4978334388401,-1.5755285321412704,357.9886151395292,-0.4053426695811354,-1.5755285321412704,344.3605138983545,-0.3818090471834553,-1.6018302263093342,279.0008300336501,-0.2369895309145017,-0.8403171191915101
2023-04-11,211.98843383789065,358.1878006525286,257.53495778136937,498.17897205711677,185.16614568845029,692.8831404859671,-1.589944212580265,358.1878006525286,-0.4081640037664579,-1.589944212580265,344.51356803762883,-0.3846731928574243,-1.6172966501901538,279.2426935688024,-0.2408451905093123,-0.8560558674258056
2023-04-12,212.13710021972656,358.38709699270737,257.6782506977122,498.45615973828336,185.26917246684278,693.2686619186314,-1.5895052885107297,358.38709699270737,-0.40807829857768785,-1.5895052885107297,344.6666902031971,-0.3845152251450181,-1.6164417484740112,279.484766773473,-0.24097079540772548,-0.8565699282991794
2023-04-13,218.4318389892578,358.586504221731,257.82162334249335,498.733501647178,185.37225656952148,693.6543978561195,-1.5025552016537407,358.586504221731,-0.3908531514220316,-1.5025552016537407,344.81988042529395,-0.36653351100334364,-1.52053370314739,279.7270498294224,-0.21912507523867442,-0.7684175150222106
2023-04-14,219.56190490722656,358.7860224012969,257.9650757600729,499.0109978696115,185.47539802838102,694.0403484177797,-1.4885996725822743,358.7860224012969,-0.38804220008980794,-1.4885996725822743,344.97313873416834,-0.363539127385747,-1.5048275873800492,279.9695429185698,-0.21576503423057358,-0.7550782225318313
2023-04-17,216.9547882080078,359.385243260756,258.39591209358673,499.84441327699466,185.78516686126707,695.1994890423077,-1.529866412036442,359.385243260756,-0.3963169265394856,-1.529866412036442,345.43332248413975,-0.37193439634657977,-1.5490510251613778,280.69828420674537,-0.2270890118864708,-0.8002648287664301
2023-04-18,215.9932556152344,359.58520586016795,258.5396840464662,500.1225276126684,185.8885380641598,695.5862992954986,-1.545016508161371,359.58520586016795,-0.3993266349805621,-1.545016508161371,345.586853442875,-0.37499573996110425,-1.5653243798175513,280.9416192510217,-0.2311809969948092,-0.8167562896835092
2023-04-19,213.82229614257807,359.7852797191326,258.6835359943208,500.4007966916625,185.99196678297716,695.9733247706154,-1.5773235365623308,359.7852797191326,-0.4056947068276415,-1.5773235365623308,345.7404526398315,-0.38155256490821066,-1.6004487161852459,281.18516524045594,-0.2395676494535991,-0.8508321251845857
2023-04-20,211.2152099609375,359.9854648995536,258.82746798165886,500.6792206000746,186.09545304972042,696.3605655874053,-1.6161955671485708,359.9854648995536,-0.41326739394916223,-1.6161955671485708,345.8941201053372,-0.3893645549782261,-1.6427862730832623,281.4289223579139,-0.2494900375153356,-0.8916365212297872
2023-04-21,211.03680419921875,360.1857614633717,258.97148005301557,500.95779942405386,186.19899689641,696.7480218656873,-1.6204430939415353,360.1857614633717,-0.4140889874663197,-1.6204430939415353,346.0478558697356,-0.39015138912272207,-1.6470805552701329,281.67289078642136,-0.2507734641767939,-0.8969537896993539
2023-04-24,210.9376220703125,360.7873200751154,259.40399721690613,501.79446625158016,186.50997423661912,697.9116846686417,-1.6269263145562551,360.7873200751154,-0.4153408106848223,-1.6269263145562551,346.5094732599128,-0.3912500570739358,-1.6530860023900007,282.4060657708715,-0.2530697897917834,-0.9064902916622947
2023-04-25,205.7432556152344,360.98806279260367,259.5483300701721,502.0736656002572,186.6137487236469,698.3000039923861,-1.7041906240834224,360.98806279260367,-0.4300552377726715,-1.7041906240834224,346.66348252357574,-0.40650438829754065,-1.7376066335424982,282.650881277003,-0.2720940593367467,-0.9866434595723634
2023-04-26,207.57716369628903,361.1889172037024,259.69274323049825,502.35302029595596,186.71758095098662,698.6885393777036,-1.6789775664363944,361.1889172037024,-0.4252947590326527,-1.6789775664363944,346.81756023804667,-0.4014802377543588,-1.7095314379256492,282.89590901169225,-0.266241903527457,-0.9617661720501262
2023-04-27,236.4833221435547,361.38988337055935,259.8372367425685,502.6325304251136,186.8214709507658,699.0772909448134,-1.2854718892870356,361.38988337055935,-0.34562827288369025,-1.2854718892870356,346.9717064337488,-0.31843629391519535,-1.2767989689088317,283.1411491589185,-0.16478645775777434,-0.5594207408261055
2023-04-28,238.2279815673828,361.59096135535447,259.98181065108975,502.91219607421175,186.92541875512842,699.4662588139971,-1.2648773228725543,361.59096135535447,-0.3411672109434626,-1.2648773228725543,347.1259211411192,-0.3137130733877561,-1.2537982873344018,283.38660190282013,-0.15935340637918816,-0.5392770081456865
2023-05-01,241.0630798339844,362.19486683970337,260.4160152028149,503.75212700671284,187.23760931743482,700.6344614378444,-1.2340749018279704,362.19486683970337,-0.33443816601445175,-1.2340749018279704,347.58897663781397,-0.3064708721037176,-1.2188365651658595,284.12423755836153,-0.1515574950395846,-0.5105989459316794
2023-05-02,237.15740966796875,362.3963927187571,260.56091114471855,504.0324156013746,187.34178866193753,701.0242957195077,-1.2852743301688512,362.3963927187571,-0.3455856227244013,-1.2852743301688512,347.74346569649924,-0.3180104500512654,-1.2747187083503195,284.3705425335478,-0.16602680588833918,-0.5640378605654056
2023-05-03,234.9666290283203,362.59803072717443,260.7058877069864,504.31286014911745,187.44602597201597,701.4143469056705,-1.3150918055150547,362.59803072717443,-0.35199143647552344,-1.3150918055150547,347.8980234192414,-0.32461062377129657,-1.3071076769756909,284.61706102849985,-0.17444643627743683,-0.5955621190853934
2023-05-04,231.4872131347656,362.7997809273444,260.8509449344757,504.59346073671395,187.55032127992231,701.8046151170188,-1.3620000134119137,362.7997809273444,-0.3619422466489194,-1.3620000134119137,348.05264983655877,-0.3349074824068452,-1.3582748911268665,284.863793228317,-0.187375796301253,-0.6446029031852799
2023-05-05,230.75363159179688,363.00164338169066,260.99608287206877,504.8742174509849,187.65467461792662,702.1951004743057,-1.373307229473029,363.00164338169066,-0.36431794235938764,-1.373307229473029,348.2073449789833,-0.33730969515957676,-1.3703259255781792,285.11073931825797,-0.19065261398583933,-0.6571557437571663
2023-05-08,231.23936462402344,363.6079048945453,261.43198139466796,505.7174252227781,187.96808313549766,703.3678606303391,-1.371991590656834,363.6079048945453,-0.36404197622961965,-1.371991590656834,348.67184306242217,-0.3367994312559818,-1.3677624657315968,285.85286278382335,-0.19105457831675265,-0.6586990880066631
2023-05-09,231.3385009765625,363.81021699052866,261.5774426219985,505.99880731292217,188.07266891695406,703.7592157802574,-1.3723784373705796,363.81021699052866,-0.3641231329614223,-1.3723784373705796,348.82681341086595,-0.3368098664362701,-1.367814870151717,286.10066629006366,-0.1914087304430827,-0.6600594926517596
2023-05-10,231.05099487304688,364.0126416533282,261.722984784219,506.28034596457013,188.17731289012843,704.1507886808888,-1.3778340399423015,364.0126416533282,-0.3652665637555218,-1.3778340399423015,348.98185263728016,-0.3379283388893193,-1.3734365116849525,286.34868461513463,-0.19311312645423995,-0.6666149345125711
2023-05-11,233.73741149902344,364.2151789455762,261.86860792636185,506.56204126483317,188.28201508739875,704.5425794533905,-1.3444798221353005,364.2151789455762,-0.3582436290115458,-1.3444798221353005,349.13696077227826,-0.330528022636146,-1.336416310118487,286.59691794526054,-0.18443850277668783,-0.6333936605772514
2023-05-12,231.774658203125,364.41782892994,262.01431209348436,506.8438933008708,188.38677554116103,704.9345882189868,-1.3717271909547422,364.41782892994,-0.36398650174801384,-1.3717271909547422,349.292137846487,-0.336444674557807,-1.3659814038020437,286.8453664668284,-0.19198744237018006,-0.662283781760788
2023-05-15,236.7806854248047,365.0264556629214,262.45191119568,507.69039069595453,188.70140676562988,706.1119236875975,-1.3120124969705713,365.0264556629214,-0.3513328095773516,-1.3120124969705713,349.7580830108541,-0.323015830294745,-1.2992526547749745,287.59200504646503,-0.17667848455471136,-0.6039731355122372
2023-05-16,236.7410430908203,365.22955704311823,262.59793991379667,507.9728705476566,188.80640056968053,706.5048056391643,-1.314206128214377,365.22955704311823,-0.35180206934108793,-1.314206128214377,349.91353614844945,-0.3234298801450658,-1.3012902428855617,287.84131620089283,-0.17752931992017484,-0.6071853383376812
2023-05-17,240.3791046142578,365.43277142928997,262.744049882556,508.25550757165865,188.9114527924735,706.8979061909589,-1.2696652170836489,365.43277142928997,-0.3422070394122537,-1.2696652170836489,350.0690583785953,-0.3133380432774757,-1.251978790886609,288.09084348111963,-0.1656135206879238,-0.5624986693890938
2023-05-18,244.7011260986328,365.63609888431444,262.8902411471667,508.538301855413,189.0165634665136,707.2912254646129,-1.217334380518813,365.63609888431444,-0.33075227843940236,-1.217334380518813,350.2246497320004,-0.30130238894982553,-1.1941082480472889,288.340587074502,-0.15134692420041984,-0.5098279993025923
2023-05-19,243.50169372558597,365.839539471102,263.036513752861,508.82125348641745,189.1217326243225,707.6847635818209,-1.2339148251402694,365.839539471102,-0.33440301702320396,-1.2339148251402694,350.3803102393868,-0.3050360234020548,-1.2119531816381657,288.59054716856093,-0.15623815085197268,-0.5277854439598874
2023-05-22,246.15835571289065,366.4505406516909,263.4758200691584,509.67105333866516,189.43759132586015,708.8666922127677,-1.206081065982798,366.4505406516909,-0.3282630849032838,-1.206081065982798,350.8477069928667,-0.29838972634957117,-1.1802532425227525,289.3417283324355,-0.14924695745900096,-0.5021500039231065
2023-05-23,244.59210205078125,366.654434395351,263.6224184920241,509.95463523464383,189.54299474433157,709.261106922524,-1.227115693296642,366.654434395351,-0.3329083761004077,-1.227115693296642,351.003644423678,-0.3031636396471513,-1.2029921580401846,289.5925563076535,-0.15539230300196416,-0.5246726013517903
2023-05-24,247.0406188964844,366.85844158585957,263.7690984825179,510.2383749161033,189.648456809456,709.6557410853397,-1.1986084620863875,366.85844158585957,-0.32660505826559527,-1.1986084620863875,351.1596511622879,-0.2965005572855096,-1.1712975271655612,289.84360172358976,-0.14767613489679354,-0.49641907028271
2023-05-25,250.49029541015625,367.0625622863373,263.9158600860233,510.52227247083385,189.7539775538639,710.0505948233161,-1.1582596274109445,367.0625622863373,-0.3175814666308727,-1.1582596274109445,351.3157272395015,-0.28699378938025677,-1.1265920708842854,290.0948647687416,-0.13652282121628523,-0.45602891783768323
2023-05-26,259.7589416503906,367.26679655994263,264.0627033479508,510.80632798667824,189.8595570102052,710.4456682586277,-1.0498103559487821,367.26679655994263,-0.2927241338355109,-1.0498103559487821,351.47187268613663,-0.2609396033168361,-1.0070620441169098,290.3463456317697,-0.1053479902246518,-0.345841696165741
2023-05-30,260.2347412109375,368.0848706500056,264.6508938889536,511.9441314197145,190.28246260852148,712.0281614190326,-1.051007582069412,368.0848706500056,-0.29300342947705027,-1.051007582069412,352.0971487837359,-0.26090074256529094,-1.0068869267239429,291.35445104159555,-0.1068104836545477,-0.3509244302195464
2023-05-31,262.41558837890625,368.28967373783297,264.7981461250181,512.2289780604491,190.38833611490278,712.4243351759739,-1.027397111239895,368.28967373783297,-0.28747503095699933,-1.027397111239895,352.2536415402307,-0.2550379685743124,-0.9805725549130008,291.60702382965036,-0.10010539206969526,-0.32768965584878945
2023-06-01,270.2368469238281,368.49459077846956,264.9454802924936,512.5139831903706,190.4942685294949,712.8207293647114,-0.9400588129784399,368.49459077846956,-0.26664636690342003,-0.9400588129784399,352.4102038513443,-0.23317530545221954,-0.8842379667774433,291.8598155709874,-0.07408683036702612,-0.2391393593929375
2023-06-02,270.2368469238281,368.69962183531754,265.0928964369659,512.7991468976611,190.60025988507374,713.2173441078913,-0.9417449110866258,368.69962183531754,-0.2670541792838306,-0.9417449110866258,352.5668357479905,-0.23351597619638464,-0.8857179087014292,292.1128264554152,-0.0748888016902125,-0.2418313845650082
2023-06-05,269.02752685546875,369.3153997376996,265.5356371886156,513.6555903663257,190.9185879257733,714.408512891605,-0.9603983977093227,369.3153997376996,-0.2715507475546882,-0.9603983977093227,353.0371492604724,-0.23796255601140992,-0.9050952954110526,292.87317586779983,-0.08141970988526026,-0.2638413586398651
2023-06-06,268.7599182128906,369.52088749413747,265.68338169745266,513.9413892659144,191.02481537343192,714.8060110804118,-0.9651012130803578,369.52088749413747,-0.2726800370191399,-0.9651012130803578,353.1940598086657,-0.23905878157043536,-0.9098898206787166,293.1270652259717,-0.08312827406195478,-0.2696252586011142
2023-06-07,261.3052978515625,369.7264895843348,265.83120841160166,514.2273471845276,191.13110192623458,715.2037304379301,-1.0520521463367336,369.7264895843348,-0.29324702120928603,-1.0520521463367336,353.3510400971687,-0.2604937634265754,-1.0050535180756908,293.3811746787494,-0.10933174857694872,-0.35970637967718405
2023-06-08,262.2767333984375,369.93220607190693,265.9791173768018,514.5134642106441,191.23744761706746,715.6016710872182,-1.0424902562312943,369.93220607190693,-0.29101405853953555,-1.0424902562312943,353.5080901569782,-0.25807431088218846,-0.9941748625129495,293.63550441693087,-0.10679488872015719,-0.3508701878648472
2023-06-09,262.6435241699219,370.1380370205049,266.1271086388177,514.7997404327914,191.34385247883506,715.9998331514033,-1.0399402150251624,370.1380370205049,-0.2904173635216746,-1.0399402150251624,353.6652100191046,-0.2573668069988163,-0.9910003951604429,293.89005463148044,-0.10632047586890869,-0.349220535906384
2023-06-12,268.6904602050781,370.75621726949385,266.57157666378845,515.6595251614347,191.6634224190661,717.1956490656404,-0.9760012837756852,370.75621726949385,-0.2752907498520154,-0.9760012837756852,354.1369887296967,-0.24128100493291782,-0.9196303140961357,294.6550300454541,-0.08811853589049756,-0.28658041110014243
2023-06-13,268.9580993652344,370.96250669941264,266.7198975712233,515.946439053968,191.77006429398406,717.5946980220559,-0.9746695412322133,370.96250669941264,-0.27497228289119646,-0.9746695412322133,354.29438811147145,-0.24086266000743928,-0.9177944383659239,294.9104640784229,-0.08800082694348621,-0.2861794101064691
2023-06-14,270.970458984375,371.16891090914334,266.8683010046793,516.2335125859101,191.87676550463414,717.9939690100327,-0.9537604282729679,371.16891090914334,-0.2699537837890077,-0.9537604282729679,354.4518574508224,-0.23552253066703088,-0.8944481523986212,295.16611954506385,-0.0819730279273968,-0.26571329436955754
2023-06-15,279.3766174316406,371.3754299625497,267.01678701007415,516.5207458460848,191.98352608403079,718.3934621531093,-0.8628403863896178,371.3754299625497,-0.24772455339920152,-0.8628403863896178,354.60939677884284,-0.2121567562241511,-0.794178164715793,295.42199663733516,-0.054313420761935016,-0.17349201987999083
2023-06-16,278.5538024902344,371.58206392353094,267.165355633351,516.8081389233648,192.09034606520694,718.7931775748934,-0.8734671025082403,371.58206392353094,-0.2503572439719296,-0.8734671025082403,354.7670061266399,-0.21482607548121302,-0.8054815076938144,295.6780955473629,-0.05791532519657172,-0.18534740675207445
2023-06-20,281.8549194335937,372.40975012243393,267.76045722503665,517.9593111827331,192.5182206690075,720.3942645236617,-0.844500155171322,372.40975012243393,-0.24315912958527353,-0.844500155171322,355.39814433821965,-0.2069319327526863,-0.7721638521685598,296.7047132133771,-0.05004906601906278,-0.1595144668053908
2023-06-21,279.18829345703125,372.61695958102297,267.90943962776623,518.2475046803687,192.6253381552179,720.7950931955038,-0.8750009570759113,372.61695958102297,-0.25073648346292277,-0.8750009570759113,355.55610425199023,-0.21478413640406935,-0.8053036179788757,296.961924099902,-0.059851547287562146,-0.19173907606247878
2023-06-22,282.4001159667969,372.82428433132964,268.05850492457415,518.5358585293875,192.7325152417914,721.196144889144,-0.8420147087328984,372.82428433132964,-0.24253830065471982,-0.8420147087328984,355.71413437247026,-0.20610375388936852,-0.7686877186224083,297.2193579604384,-0.04985961242677217,-0.15889493906435656
2023-06-23,286.21661376953125,373.031724437502,268.20765316158264,518.8243728190091,192.83975196188953,721.5974197286713,-0.8030099343710594,373.031724437502,-0.2327284919235223,-0.8030099343710594,355.8722347308643,-0.19573210316340517,-0.7254590331287825,297.4770149882804,-0.037853012674585296,-0.11988233242050261
2023-06-26,276.0458679199219,373.6547375332378,268.6555959754229,519.6908792244376,193.16182025522798,722.8025843645155,-0.9177428564433703,373.6547375332378,-0.2612274375475656,-0.9177428564433703,356.346957545777,-0.2253452370658714,-0.8504025928216863,298.25132701110044,-0.07445217197760234,-0.24036543418411851
2023-06-27,284.5511474609375,373.86263970507383,268.8050764349721,519.9800361696631,193.26929584141214,723.2047530298726,-0.8274441196047496,373.86263970507383,-0.23888851882763895,-0.8274441196047496,356.5053391681435,-0.20183201708872378,-0.7508152569000872,298.5098786444632,-0.04676137100357436,-0.14878094373389944
2023-06-28,282.8065490722656,374.07065755405506,268.95464006571984,520.269354002337,193.3768312272072,723.6071454626039,-0.847771894844409,374.07065755405506,-0.24397558760299531,-0.847771894844409,356.663791184652,-0.20707804923811002,-0.7727775268430697,298.7686544141197,-0.05342630529014325,-0.17057907880252626
2023-06-29,279.07928466796875,374.27879114454305,269.1042869139418,520.5588328119752,193.48442644588508,724.0097617872113,-0.8896735034409355,374.27879114454305,-0.25435453124515706,-0.8896735034409355,356.82231362658933,-0.2178760295803076,-0.8184437976828741,299.0276545143726,-0.06671078592647373,-0.2144885307928887
2023-06-30,284.4817810058594,374.48704054093787,269.25401702594127,520.8484726881478,193.5920815307376,724.4126021282713,-0.8332414356466312,374.48704054093787,-0.2403427883781184,-0.8332414356466312,356.9809065252575,-0.20308964483586078,-0.7560670742713176,299.2868791396913,-0.04946791578832188,-0.15761445271745944
2023-07-03,283.53009033203125,375.11248421008395,269.70370740801104,521.7183596122898,193.91540631552937,725.6224684969346,-0.8484571615145039,375.11248421008395,-0.2441464833432775,-0.8484571615145039,357.45710827486556,-0.20681367423245745,-0.7716672609503616,300.06590211327864,-0.05510726698631996,-0.17610101876864545
2023-07-05,291.8074951171875,375.5300268679704,270.0039181649793,522.2990912053729,194.1312561141001,726.430168445275,-0.7646032464416724,375.5300268679704,-0.2229449731331823,-0.7646032464416724,357.7749289660715,-0.1843824944344824,-0.6787884597568845,300.5863769605513,-0.02920585401152742,-0.09208583446303031
2023-07-06,289.4481811523437,375.738972454185,270.15414883343414,522.5896993644633,194.23927109615,726.8343555049776,-0.7908967606518768,375.738972454185,-0.22965621782117107,-0.7908967606518768,357.9339452632275,-0.19133632061781347,-0.7073055166757743,300.8469528295964,-0.03788893844541974,-0.11999833700952008
2023-07-07,288.0009155273437,375.9480342981011,270.30446309050416,522.8804692184581,194.34734617793094,727.2387674550899,-0.8077771535050494,375.9480342981011,-0.233934242893318,-0.8077771535050494,358.09303223661226,-0.19573716995128443,-0.7254800149312176,301.1077545897287,-0.04352873302862492,-0.13826320271257367
2023-07-10,291.539794921875,376.575918023103,270.75590785862687,523.7537498498001,194.67193235615173,728.4533538995383,-0.7758157978697672,376.575918023103,-0.22581402323239108,-0.7758157978697672,358.57071752833656,-0.18693919868446685,-0.6892449267306499,301.89151717572975,-0.03428954331243783,-0.10839733258318156
2023-07-11,295.693359375,376.7854455450478,270.9065569355072,524.045167383591,194.78024817144052,728.8586666632866,-0.7346211110845641,376.7854455450478,-0.21522085613668585,-0.7346211110845641,358.73008752090306,-0.17572188767754238,-0.643610100186946,302.1532244601411,-0.021379434545777065,-0.06714025474022053
2023-07-12,306.64715576171875,376.9950896484849,271.0572898338064,524.3367470626249,194.88862425384485,729.2642049437898,-0.6260478240515573,376.9950896484849,-0.18660172458044344,-0.6260478240515573,358.88952834690184,-0.14556672306884844,-0.523943812739615,302.41515861645445,0.013993998067509672,0.04317407218671686
2023-07-13,310.68170166015625,377.2048503982803,271.20810660016286,524.6284889771196,194.9970606368975,729.6699688665258,-0.5881125636885569,377.2048503982803,-0.1763581477488534,-0.5881125636885569,359.04904003781513,-0.13470956048946636,-0.48189024343272363,302.677319841343,0.026445264623755182,0.08109051930299423
2023-07-14,306.1812438964844,377.4147278593363,271.35900728124096,524.9203932173432,195.1055573541498,730.0759585570422,-0.6340290559238624,377.4147278593363,-0.18874060471058485,-0.6340290559238624,359.2086226251395,-0.1476227890664894,-0.5319678214241125,302.9397083316511,0.010700266342385634,0.03306615815057917
2023-07-17,307.916015625,378.04506115963227,271.8122132798377,525.7970807958222,195.4314098468987,731.2952834918008,-0.6219615281410745,378.04506115963227,-0.18550446160972267,-0.6219615281410745,359.68779608075454,-0.14393532674689669,-0.5175908474240293,303.728239366091,0.013787905489622165,0.04254257198092302
2023-07-18,309.33349609375,378.2554061154757,271.96345008696505,526.0896352426475,195.54014823683713,731.7021775103146,-0.6097256083229528,378.2554061154757,-0.18220998010187028,-0.6097256083229528,359.8476625689689,-0.1403765307647018,-0.5037741325160133,303.9915388899301,0.01757271673852112,0.05411941342455988
2023-07-19,313.2591247558594,378.465868107633,272.1147710425255,526.3823524672963,195.64894712901236,732.1092979253965,-0.5731859490432639,378.465868107633,-0.17229226951908194,-0.5731859490432639,360.00760011128716,-0.12985413458209405,-0.4632539638238018,304.2550666659709,0.029593781916452455,0.09060548989974562
2023-07-20,299.8865661621094,378.6764472012235,272.2661761933393,526.6752325603383,195.75780655708803,732.5166448630137,-0.7071126436601064,378.6764472012235,-0.20806649481753015,-0.7071126436601064,360.1676087392901,-0.1673694166673816,-0.6100317379125664,304.51882289208305,-0.015211725455852254,-0.04762173158874585
2023-07-21,291.6984558105469,378.8871434614025,272.41766558625284,526.9682756123938,195.86672655474638,732.9242184492037,-0.7927136935214815,378.8871434614025,-0.2301178310098495,-0.7927136935214815,360.3276884845719,-0.19046338892983383,-0.7037122664782778,304.78280776630777,-0.0429300853668666,-0.13631933870785853
2023-07-24,289.0715026855469,379.5199358935694,272.8726396864472,527.8483834296006,196.19385030232155,734.1483003606392,-0.8251938054885606,379.5199358935694,-0.2383232727816107,-0.8251938054885606,360.80835474025145,-0.19882259130709,-0.7382814985193178,305.57613626065074,-0.054011526479363914,-0.17250041023630397
2023-07-25,291.9066162109375,379.7311014723826,273.0244665167453,528.1420792249219,196.30301291550848,734.5567818028994,-0.7972957450087288,379.7311014723826,-0.23128072712746306,-0.7972957450087288,360.96871927087835,-0.19132434300523204,-0.7072561869678544,305.8410377111778,-0.04556099339879738,-0.14487122658184698
2023-07-26,295.97088623046875,379.9423845441058,273.1763778237664,528.4359384331148,196.41223626697084,734.9654905249731,-0.7570689413761317,379.9423845441058,-0.22101113676589346,-0.7570689413761317,361.1291550769687,-0.18042926728696973,-0.6626848108892551,306.1061688026032,-0.03311035060737477,-0.10460614542192301
2023-07-27,308.9964904785156,380.1537851741122,273.32837365451354,528.7299611451027,196.5215203905035,735.3744266533191,-0.628204658136271,380.1537851741122,-0.18718028721720137,-0.628204658136271,361.2896621902014,-0.14474029341076455,-0.5207240250869755,306.37152973400134,0.008567900375055615,0.02650470108341299
2023-07-28,322.64666748046875,380.3653034278112,273.4804540560156,529.0241474518589,196.63086531992,735.7835903144659,-0.49885820262460495,380.3653034278112,-0.1517452707362852,-0.49885820262460495,361.45024064226936,-0.10735522846201362,-0.3782334580550813,306.6371207046177,0.05221007404146927,0.15810973254588942
2023-07-31,315.8265075683594,381.0005645857097,273.9372031557378,529.9076888512396,196.9592652818934,737.0124477610666,-0.5686774927545041,381.0005645857097,-0.1710602636198687,-0.5686774927545041,361.93240434862975,-0.12738814272031607,-0.4538286820010865,307.4352758468352,0.02729430348684092,0.08365922654571029
2023-08-01,319.9007263183594,381.212553989005,274.0896223110756,530.2025304478219,197.06885377335928,737.4225228201207,-0.5315105898708222,381.212553989005,-0.16083370557731946,-0.5315105898708222,362.093268473253,-0.11652396172068102,-0.4126193366240658,307.7017889702476,0.039645324744248756,0.12078817357085705
2023-08-02,311.5738830566406,381.42466134358847,274.2421262727076,530.4975360948027,197.1785032400604,737.8328260456806,-0.6131423249726897,381.42466134358847,-0.183131258584316,-0.6131423249726897,362.25420409538833,-0.13990264423653898,-0.5019386263193918,307.96853313170396,0.011706877609456434,0.03615877144609102
2023-08-03,310.4636535644531,381.636886715087,274.3947150878192,530.7927058834582,197.28821371592275,738.243357564696,-0.6256487834439465,381.636886715087,-0.1864946383020062,-0.6256487834439465,362.41521124681424,-0.14334817102083708,-0.515307314555052,308.2355085314901,0.00722870977318113,0.0223768109232884
2023-08-04,308.0250549316406,381.84923016916673,274.547388803624,531.0880399051189,197.39798523489267,738.6541175041925,-0.6512380734420496,381.84923016916673,-0.19333330907808965,-0.6512380734420496,362.57628995932214,-0.15045450168239538,-0.5430506132326928,308.5027153700644,-0.0015483184251742221,-0.004813922594946413
2023-08-07,313.8043518066406,382.4869696840846,275.0059198277144,531.9750282821747,197.72766639018448,739.8877691168474,-0.5999505936745242,382.4869696840846,-0.17956851689398057,-0.5999505936745242,363.0599557814683,-0.135667961146548,-0.48558116875501767,309.3057265257094,0.01454426767800987,0.04485955652483107
2023-08-08,309.91845703125,382.69978612586596,275.15893361894206,532.2710201501567,197.83768242141724,740.299444009906,-0.639406964982749,382.69978612586596,-0.19017865108155285,-0.639406964982749,363.22132105650536,-0.1467503721153065,-0.528560763290425,309.57386112750015,0.0011131298440210102,0.003456261680316293
2023-08-09,302.5531005859375,382.9127209790998,275.31203254731946,532.5671767085485,197.94775966576844,740.7113479596184,-0.7140008435531896,382.9127209790998,-0.209864065596161,-0.7140008435531896,363.38275805179535,-0.1673983041792737,-0.610147289189307,309.8422281729818,-0.023525287789290084,-0.07395994501266544
2023-08-10,303.0784912109375,383.12577430967184,275.46521666021806,532.8634980489859,198.05789815729787,741.1234810934349,-0.7104277499372722,383.12577430967184,-0.20893212742725564,-0.7104277499372722,363.5442667992157,-0.16632300688068125,-0.6058487547858518,310.11082786365745,-0.022676849760988604,-0.07126175264479558
2023-08-11,299.01416015625,383.33894618350166,275.6184860050336,533.1599842631523,198.16809793008284,741.5358435388711,-0.7530377883362303,383.33894618350166,-0.21997448176550782,-0.7530377883362303,363.7058473306569,-0.17786815265467426,-0.6522934047108403,310.3796604012061,-0.036618057479232635,-0.11589728403046916
2023-08-14,303.52459716796875,383.9791737243036,276.07880590534995,534.0504330656473,198.4990652770386,742.7743080211575,-0.7127137469849582,383.9791737243036,-0.2095284902459349,-0.7127137469849582,364.19101994822705,-0.16657857952917832,-0.6068699119076848,311.187557114493,-0.024624891874146737,-0.0774603829153338
2023-08-15,299.3215026855469,384.1928204311117,276.2324166523316,534.3475796926043,198.60951051600716,743.187588989683,-0.7566681499464943,384.1928204311117,-0.22090813058486825,-0.7566681499464943,364.35288793494425,-0.178484615884282,-0.6547916669103759,311.45732305981284,-0.03896463327637145,-0.1234737719311127
2023-08-16,291.72821044921875,384.40658601133396,276.3861128686108,534.6448916524821,198.72001720690648,743.601099908487,-0.8362430628324156,384.40658601133396,-0.24109466105604827,-0.8362430628324156,364.51482786534945,-0.19968081365133883,-0.7418510468880001,311.72732286302215,-0.06415578920103615,-0.20599510883093627
2023-08-17,282.60821533203125,384.6204705311117,276.5398946017427,534.9423690372721,198.83058538392845,744.0148409055141,-0.9342033452265064,384.6204705311117,-0.2652283563020309,-0.9342033452265064,364.67683977141866,-0.22504479442903047,-0.8491111398358707,311.9975567268501,-0.09419734469442931,-0.3073598624380994
2023-08-18,280.7842712402344,384.83447405662315,276.69376189930904,535.2400119390171,198.94121508128416,744.4288121087803,-0.9555161343377196,384.83447405662315,-0.27037651206133684,-0.9555161343377196,364.8389236851422,-0.23038839056944327,-0.8721556824240771,312.26802485420205,-0.10082285443303851,-0.33016755169795714
2023-08-21,287.3764038085937,385.4771993298938,277.15587765482957,536.1339346671776,199.27347363774888,745.672108237242,-0.8902316778750363,385.4771993298938,-0.2544918238791727,-0.8902316778750363,365.32560779235394,-0.21336912146620035,-0.7993072210305561,313.08083684909286,-0.08210158532599321,-0.26614837969489924
2023-08-22,285.09637451171875,385.6916795408585,277.31008768648087,536.4322405581944,199.3843497589301,746.0870015470493,-0.9160630967966209,385.6916795408585,-0.2608179288412239,-0.9160630967966209,365.4879800568814,-0.21995690674328383,-0.8273165560738475,313.35224406311306,-0.09017286484057607,-0.29358727445895955
2023-08-23,291.6785583496094,385.9062790890006,277.4643835208728,536.7307124271485,199.4952875717857,746.5021257042447,-0.8485617039086366,385.9062790890006,-0.2441725513299039,-0.8485617039086366,365.65042448922776,-0.2023021475852208,-0.7527775392206302,313.6238865578246,-0.06997339535925007,-0.22536809367474409
2023-08-24,284.2537841796875,386.1209980407194,277.61876520574594,537.0293503663905,199.60628711064106,746.917480837272,-0.9284071520076035,386.1209980407194,-0.2638219997822787,-0.9284071520076035,365.8129411214686,-0.22295317571802165,-0.8401341666473554,313.8957645371912,-0.09443255916883087,-0.308166705815145
2023-08-25,283.0146789550781,386.33583646245137,277.7732327888679,537.3281544683219,199.71734840984058,747.3330670746467,-0.9433356084515472,386.33583646245137,-0.2674387094230002,-0.9433356084515472,365.97552998569387,-0.22668414752718224,-0.8561639972570632,314.1678782053515,-0.09916099452379568,-0.3244310051913109
2023-08-28,287.73321533203125,386.98106921264423,278.23715140579833,538.2255646750434,200.05090321323567,748.581213699081,-0.8982731043101735,386.98106921264423,-0.25646694832525974,-0.8982731043101735,366.4637302913886,-0.21483849137472855,-0.8055341730445498,314.98563538665087,-0.08651956468162991,-0.2811375887438902
2023-08-29,295.3959350585937,387.19638617953194,278.39196306012053,538.5250343527799,200.1622118976389,748.9977256404294,-0.8202904007026118,387.19638617953194,-0.237090154757728,-0.8202904007026118,366.6266084047357,-0.1942866985461874,-0.7194789367700115,315.25869385492746,-0.06300463455410366,-0.20217596922651593
2023-08-30,292.5310974121094,387.4118229491695,278.5468608519272,538.8246706559869,200.2735825143955,749.4144693297752,-0.8515174938622676,387.4118229491695,-0.2449092152500183,-0.8515174938622676,366.78955891073076,-0.2024552217875275,-0.7534167067308495,315.5319890353539,-0.0728955935452471,-0.2351449643260524
2023-08-31,293.314208984375,387.6273795882154,278.7018448291454,539.1244736773749,200.3850150979647,749.8314448960638,-0.8450998418279737,387.6273795882154,-0.2433088465113874,-0.8450998418279737,366.952581841549,-0.2006754455510854,-0.7459927465310191,315.80552113313485,-0.0712188693473732,-0.22953134512371393
2023-09-01,293.79998779296875,387.8430561633648,278.8569150397286,539.4244435097058,200.49650968282478,750.2486524683109,-0.8417698977632477,387.8430561633648,-0.24247712283595413,-0.8417698977632477,367.1156772293812,-0.19970732383243706,-0.7419613698961603,316.0792903536517,-0.07048643565276069,-0.22708236005697655
2023-09-05,297.537109375,388.7069631602128,279.4780591757237,540.6259928055184,200.94310872541703,751.9198053997435,-0.8102006884281562,388.7069631602128,-0.23454648983901905,-0.8102006884281562,367.76878399514044,-0.19096692725576314,-0.7057845089752719,317.1767425769474,-0.061920155438833224,-0.19858232619132302
2023-09-06,296.5657043457031,388.92324041761515,279.6335612733739,540.9267980858092,201.05491383458127,752.3381749395536,-0.8217993098585881,388.92324041761515,-0.2374698307376567,-0.8217993098585881,367.93224215138815,-0.19396652326088015,-0.7181557217194865,317.4517004981066,-0.06579267371896802,-0.21143383211243164
2023-09-07,296.0700378417969,389.139638012074,279.789149892672,541.227770734701,201.16678115231014,752.7567772609311,-0.828555862919732,389.139638012074,-0.23916761768532402,-0.828555862919732,368.0957729580888,-0.1956711823596321,-0.7252067676176243,317.72689677803606,-0.06816186843435124,-0.2193226359259038
2023-09-08,295.2968444824219,389.3561560105465,279.9448250817598,541.5289108453202,201.27871071321727,753.1756124933988,-0.8381683696996811,389.3561560105465,-0.24157653622812336,-0.8381683696996811,368.2593764475331,-0.1981281038081223,-0.7353957597672202,318.002331623368,-0.07140037944073241,-0.2301385457731386
2023-09-11,304.88262939453125,390.0064331001571,280.41237054956736,542.4333368795523,201.61487320142413,754.4335169536139,-0.746392508316241,390.0064331001571,-0.21826256307871028,-0.746392508316241,368.75062333544327,-0.1732010467215208,-0.6334401723654415,318.8300696207739,-0.043745686355217805,-0.13896797048374393
2023-09-12,299.0340576171875,390.2234333849845,280.568392499756,542.735147769355,201.72705208155793,754.8532851270794,-0.8067912274922384,390.2234333849845,-0.23368503264085605,-0.8067912274922384,368.91451787904947,-0.1894218223333044,-0.6994299303904586,319.10646079761,-0.06290190154800157,-0.2018353641339476
2023-09-13,302.4044494628906,390.4405544091622,280.72450126083936,543.0371265872818,201.83929337822318,755.2732868603147,-0.774503941601645,390.4405544091622,-0.22547889544797162,-0.774503941601645,369.0784852670655,-0.18065002016015508,-0.6635820079774049,319.38309157569483,-0.05316074194485099,-0.16970760331461107
2023-09-14,309.00640869140625,390.6577962398712,280.8806968811203,543.33927342677,201.95159712614927,755.6935222832753,-0.7107261710002977,390.6577962398712,-0.2090100039839713,-0.7107261710002977,369.2425255318675,-0.16313428891673687,-0.5931342782200758,319.6599621627356,-0.03332776929350245,-0.1053048139483982
2023-09-15,297.6957397460937,390.87515894432704,281.03697940892636,543.6415883813053,202.0639633600835,756.1139915259841,-0.8254460296599779,390.87515894432704,-0.23838664869338766,-0.8254460296599779,369.4066387058461,-0.19412455393595374,-0.7188087625400502,319.93707276662167,-0.06951783620509633,-0.22384668652891992
2023-09-18,299.916259765625,391.52797297291215,281.50634892118916,544.5495428708567,202.4014373257078,757.3768034739492,-0.8079784070022706,391.52797297291215,-0.23398510331629696,-0.8079784070022706,369.8994160069651,-0.18919509794528133,-0.6984984964986038,320.7698467609375,-0.06501105763489745,-0.20883564159191495
2023-09-19,302.4143371582031,391.7458198452763,281.66297956292203,544.8525312214998,202.51405385154274,757.7982092973572,-0.7845214208388039,391.7458198452763,-0.22803429714286538,-0.7845214208388039,370.06382114184544,-0.18280491125802933,-0.6723527641965299,321.04791951469423,-0.05803987885876416,-0.18575817575495365
2023-09-20,297.06134033203125,391.96378792803455,281.8196973542275,545.1556881554098,202.62673303741653,758.2198495917282,-0.8403430072774974,391.96378792803455,-0.24212044714045777,-0.8403430072774974,370.2282993480725,-0.19762659727762422,-0.7333134503493828,321.32623332744436,-0.07551482100960683,-0.2439344034508699
2023-09-21,293.1556396484375,392.18187728862836,281.9765023435956,545.4590137663862,202.73947491819314,758.6417244875219,-0.8821470518261192,392.18187728862836,-0.252500799692261,-0.8821470518261192,370.3928506581232,-0.20852781276001608,-0.7788725238153695,321.60478840815995,-0.0884599663473189,-0.2877438607139242
2023-09-22,296.4765014648437,392.4000879945368,282.13339457954334,545.7625081482812,202.85227952875618,759.0638341152704,-0.8496887610328456,392.4000879945368,-0.24445352961039246,-0.8496887610328456,370.5574751044893,-0.19991763388056427,-0.7428367117352593,321.883584965994,-0.07893252308543308,-0.25544083463060047
2023-09-25,298.211181640625,393.05544885950604,282.6045952524416,546.6740048587834,203.1910700882904,760.3315726966633,-0.8370632062661535,393.05544885950604,-0.24129996796656095,-0.8370632062661535,371.0517875866122,-0.19630846254576928,-0.7278466120143962,322.7214255964619,-0.07594861081980064,-0.24539249131104918
2023-09-26,296.3575134277344,393.27414562221674,282.76183696041994,546.9781752639199,203.3041259672229,760.7546225590122,-0.8576499425040366,393.27414562221674,-0.24643530034537664,-0.8576499425040366,371.21670490344496,-0.20165900533808623,-0.7500934123712676,323.00119015793223,-0.08248785930841418,-0.267456039049161
2023-09-27,295.14813232421875,393.49296406820173,282.919166157969,547.2825149100199,203.41724475065095,761.1779078070697,-0.8717311392224124,393.49296406820173,-0.24992780233533596,-0.8717311392224124,371.381695519268,-0.20527011458779376,-0.7651923261168981,323.2811972450097,-0.08702351129771813,-0.28285197034269866
2023-09-28,301.31396484375,393.7119042651659,283.07658289376826,547.5870238912496,203.53042647357472,761.6014285718047,-0.8107458310567011,393.7119042651659,-0.23468413939342225,-0.8107458310567011,371.54675946665986,-0.18902814473130158,-0.6978127822949928,323.5614470679386,-0.0687581367489597,-0.2213112139256197
2023-09-29,297.5966491699219,393.9309662808517,283.23408721652396,547.8917023018273,203.64367117101384,762.0251849842595,-0.8500605331911933,393.9309662808517,-0.24454619046690684,-0.8500605331911933,371.7118967782133,-0.19938895755201846,-0.7406367194576193,323.84193983714437,-0.08104351981222968,-0.26256931009604817
2023-10-02,304.14910888671875,394.58888391822893,283.7071261940014,548.8067550526181,203.9837834609122,763.297869419454,-0.7891021619319659,394.58888391822893,-0.22920000719090738,-0.7891021619319659,372.207749223989,-0.1828512181145202,-0.672541494350212,324.684877929417,-0.06324830763187717,-0.20298400199569566
2023-10-03,298.3203430175781,394.80843388697997,283.8649813521899,549.1121121238202,204.09728040699912,763.7225697346648,-0.8494426101736471,394.80843388697997,-0.24439217247578615,-0.8494426101736471,372.3731803184075,-0.19886726868328308,-0.7384672278573647,324.9663445916381,-0.08199618827464772,-0.26579167296822037
2023-10-04,302.9198913574219,395.02810601373073,284.02292434127395,549.417639096249,204.21084050299214,764.1475063538993,-0.8047497786707848,395.02810601373073,-0.23316876256168795,-0.8047497786707848,372.5386849401694,-0.1868766826025825,-0.6889888550994625,325.24805525500415,-0.06864964612955593,-0.2209492987520676
2023-10-05,302.1368103027344,395.2479003664502,284.1809552101229,549.723336064438,204.32446378402796,764.5726794086374,-0.8142820154716807,395.2479003664502,-0.23557643184793342,-0.8142820154716807,372.7042631219546,-0.18933900092291,-0.6990896515341881,325.5300101310374,-0.07186188400536841,-0.2316829387997334
2023-10-06,312.68414306640625,395.4678170131451,284.33907400763303,550.029203122973,204.4381502852629,764.9980890304322,-0.7119565334404384,395.4678170131451,-0.2093310008687438,-0.7119565334404384,372.8699148964572,-0.16141224975676582,-0.5862880678655099,325.8122094314446,-0.040293352996032206,-0.1277720726845129
2023-10-09,315.5886535644531,396.12830139771745,284.81395846150394,550.9478257873033,204.77958946201844,766.2757386147864,-0.6889880683530022,396.12830139771745,-0.20331707567746238,-0.6889880683530022,373.36731210343453,-0.15475017942378122,-0.5599338145673441,326.66027599871927,-0.033893384802961335,-0.10712313909377766
2023-10-10,319.038330078125,396.3487079011383,284.9724294631679,551.2543741541344,204.89352919600364,766.7020958218033,-0.6577200849015744,396.3487079011383,-0.19505646488015527,-0.6577200849015744,373.53325857604324,-0.14589043210144104,-0.5252058389682125,326.94345511735224,-0.02417887532383789,-0.07604007528764878
2023-10-11,324.9663391113281,396.56923703913696,285.13098863838434,551.5610930850324,205.00753232626332,767.1286902547428,-0.6036006572883725,396.56923703913696,-0.18055585567456012,-0.6036006572883725,373.6992788050596,-0.13040683367000294,-0.46537010231686743,327.2268797216451,-0.006908175184874521,-0.021536253769064286
2023-10-12,321.3381652832031,396.78988887994626,285.28963603621213,551.8679826748973,205.1215988880705,767.555522045595,-0.6393197811491894,396.78988887994626,-0.19015535856956278,-0.6393197811491894,373.8653728232661,-0.1404976533221055,-0.5042434392679406,327.51055002440626,-0.018846369195566814,-0.0591091925819201
2023-10-13,311.9506225585937,397.0106634918396,285.4483717057396,552.1750430186861,205.23572891671938,767.982591326429,-0.730878423650749,397.0106634918396,-0.2142512752305311,-0.730878423650749,374.0315406634579,-0.16597776218215443,-0.6044698041229084,327.7944662386305,-0.04833468930040652,-0.1539128178934706
2023-10-16,318.3543701171875,397.67372463730874,285.92510883579763,553.0972495239303,205.57850015694206,769.2652254305776,-0.6743419964309533,397.67372463730874,-0.1994583740539133,-0.6743419964309533,374.530487444131,-0.14999077300836106,-0.5412331390934734,328.6476924827907,-0.031320233189046975,-0.0988596207280996
2023-10-17,321.1795349121094,397.8949910170162,286.08419808354023,553.4049938340174,205.69288440628338,769.6932459934677,-0.6492470116361152,397.8949910170162,-0.1928032718100391,-0.6492470116361152,374.696950900521,-0.14282853345828284,-0.5132876746629078,328.93259447650115,-0.023570359686399645,-0.07410334768721359
2023-10-18,314.2107238769531,398.11638050973676,286.2433758488275,553.7129093735944,205.80733229922757,770.1215047077717,-0.7174268324167129,398.11638050973676,-0.2107566047027586,-0.7174268324167129,374.86348834309666,-0.1617996053289421,-0.5878268284472606,329.21774344941747,-0.04558387228837224,-0.1449456988117629
2023-10-19,310.0869140625,398.3378931839723,286.4026421809118,554.0209962379354,205.92184387118678,770.5500017060004,-0.7591588573518775,398.3378931839723,-0.22154803906821285,-0.7591588573518775,375.0300998047425,-0.17316792912370194,-0.6333067711925359,329.5031396156437,-0.05892576797839377,-0.1886813421878066
2023-10-20,305.9631652832031,398.5595291082597,286.5619971290709,554.3292545223642,206.03641915759138,770.9787371207326,-0.8014264246139421,398.5595291082597,-0.23232756228970974,-0.8014264246139421,375.19678531835666,-0.18452615465883693,-0.6793751349007091,329.78878318946937,-0.07224508267334862,-0.23296587022052045
2023-10-23,311.2765197753906,399.22517706739546,287.04059416319933,555.2550588502336,206.38052765808752,772.2663751908841,-0.7542967043375659,399.22517706739546,-0.22029837381012107,-0.7542967043375659,375.69728650021233,-0.17146987492225418,-0.6264739807716474,330.64720050223167,-0.05858413649780869,-0.18755373567832992
2023-10-24,309.82916259765625,399.44730667804055,287.20030406899525,555.564003769332,206.4953581569808,772.6960655989279,-0.7701100026393971,399.44730667804055,-0.22435535947327745,-0.7701100026393971,375.86426855097665,-0.1756887032861555,-0.6434760211804217,330.9338358530728,-0.06377308987161578,-0.20472492157864028
2023-10-25,296.92254638671875,399.66955988200317,287.36010283767195,555.8731205859426,206.6102525477716,773.1259950874927,-0.9007730205941689,399.66955988200317,-0.25707990752565457,-0.9007730205941689,376.0313248184209,-0.210378160569209,-0.7866678681302792,331.2207196857525,-0.1035508084505532,-0.3396071562114616
2023-10-26,285.83990478515625,399.89193674805045,287.51999051867256,556.1824093957092,206.72521086600926,773.5561637896026,-1.0177643970539414,399.89193674805045,-0.28520713093235484,-1.0177643970539414,376.1984553355314,-0.24018852089593068,-0.9148381564680093,331.507852215678,-0.1377582676407022,-0.46047713845799815
2023-10-27,294.1469421386719,400.1144373449883,287.6799671614681,556.491870294329,206.84023314726312,773.9865718383564,-0.9326138942168419,400.1144373449883,-0.2648429682004918,-0.9326138942168419,376.36566013530904,-0.21845435624248588,-0.820907383354252,331.7952336584427,-0.11346845192636745,-0.3741691434600136
2023-10-30,300.0252990722656,400.7826822097772,288.160431355747,557.4212864810795,207.18568412511232,775.2792333965812,-0.8776926857675444,400.7826822097772,-0.25140153906344,-0.8776926857675444,376.8677205608742,-0.20389759402648677,-0.7594454213435614,332.6588736225124,-0.0980992155564081,-0.3207714061075329
2023-10-31,298.6473999023437,401.0056784191011,288.3207643409827,557.7314366931505,207.30096261452044,775.7106001643809,-0.8933319848123491,401.0056784191011,-0.25525393785017736,-0.8933319848123491,377.0352228216234,-0.2079058352496823,-0.7762562820729323,332.94725287631036,-0.1030188796503122,-0.3377642577891312
2023-11-01,309.1353454589844,401.22879870391927,288.48118653578143,558.0417594733605,207.41630524508858,776.1422069454306,-0.7903943366131972,401.22879870391927,-0.2295285222357477,-0.7903943366131972,377.20279953026454,-0.18045320489679673,-0.662782087878668,333.23588212372226,-0.07232275381373832,-0.2332259741944316
2023-11-02,308.163818359375,401.45204313326747,288.6416979897795,558.3522549177267,207.53171205250501,776.5740538732741,-0.8016216717694604,401.45204313326747,-0.23237700833652042,-0.8016216717694604,377.3704507198867,-0.18339176326204243,-0.6747453541059043,333.5247615814652,-0.07603916153582402,-0.24569694373421996
2023-11-03,311.86138916015625,401.67541177621996,288.8022987526409,558.6629231223197,207.64718307247784,777.0061410815292,-0.7671536829858362,401.67541177621996,-0.22359850760817934,-0.7671536829858362,377.5381764235937,-0.17396065183550824,-0.6365014095081464,333.8138914664454,-0.06576269851997996,-0.21133415068939174
2023-11-06,313.0508728027344,402.34626367802224,289.2846373914596,559.5959652589687,207.99398176511397,778.303845726062,-0.7606725289261925,402.34626367802224,-0.22193667230559033,-0.7606725289261925,378.0418009504811,-0.17191466124736765,-0.62826239928821,334.68278585667883,-0.0646340773056906,-0.20758328770540493
2023-11-07,316.044677734375,402.57012986690336,289.4455958869671,559.9073254662453,208.10970999279104,778.736895393633,-0.7335079996864327,402.57012986690336,-0.2149326184760284,-0.7335079996864327,378.209825041859,-0.1643668228359847,-0.5980430467373975,334.9729196234209,-0.05650678242983098,-0.180705910253066
2023-11-08,316.99627685546875,402.79412061533685,289.6066439400727,560.2188589149044,208.22550261186336,779.1701860108222,-0.7260809660554199,402.79412061533685,-0.21300669341647105,-0.7260809660554199,378.3779238130612,-0.16222311898914654,-0.5895100401350104,335.26330490475044,-0.05448561707184574,-0.17405776204465073
2023-11-09,317.7595520019531,403.0182359926279,289.7677816006062,560.5305657013379,208.34135965815835,779.6037177116947,-0.7204771950692929,403.0182359926279,-0.21155043711777444,-0.7204771950692929,378.54609729727986,-0.16057897764453732,-0.5829803223619472,335.55394191870215,-0.0530298938376359,-0.16927830066187363
2023-11-10,325.9079895019531,403.2424760681203,289.9290089184256,560.8424459219912,208.45728116752346,780.0374906303897,-0.6454128259807251,403.2424760681203,-0.19178159830836616,-0.6454128259807251,378.7143455277219,-0.13943584828344813,-0.5001315725245273,335.8448308835018,-0.029587596615401113,-0.09330772211369655
2023-11-13,326.3243408203125,403.91594517782147,290.413229314592,561.7791281545293,208.80543283281307,781.3402580359236,-0.6466011932640687,403.91594517782147,-0.19209839394518025,-0.6466011932640687,379.2195390286776,-0.13948436924914098,-0.5003193605367409,336.7190116680754,-0.030870460198456406,-0.09741745646758633
2023-11-14,333.38238525390625,404.1406847403279,290.57481576068665,562.0917030775894,208.92161255333178,781.7749971687954,-0.5834245732804971,404.1406847403279,-0.17508333646706697,-0.5834245732804971,379.3880865763769,-0.12126290453036925,-0.4305321380961828,337.01091062230114,-0.010766789008981092,-0.033630794592838416
2023-11-15,329.8137512207031,404.36554934833424,290.7364921137727,562.4044519179031,209.03785691645754,782.2099781913084,-0.6177325760246924,404.36554934833424,-0.18436733358659507,-0.6177325760246924,379.55670903655545,-0.13105540392664095,-0.46785502197473966,337.3030626213406,-0.022203508448558118,-0.0697574560701606
2023-11-16,331.28082275390625,404.5905390714144,290.8982584238736,562.7173747722362,209.15416595815682,782.6452012380479,-0.6059652291457231,404.5905390714144,-0.18119483585988705,-0.6059652291457231,379.72540644250836,-0.12757793623149827,-0.4545531461862332,337.59546788455594,-0.018704768669492444,-0.0586608614416019
2023-11-17,332.1234436035156,404.8156539791842,291.0601147410425,563.0304717374125,209.27053971441768,783.0806664436791,-0.5999511757336227,404.8156539791842,-0.1795686744352195,-0.5999511757336227,379.8941788275467,-0.12574747886757331,-0.4475726353235778,337.8881266314996,-0.01706092216217736,-0.05346089598807809
2023-11-20,337.010498046875,405.4917505073492,291.5462242358938,563.970808267018,209.62004963073974,784.388516361664,-0.5607315780981819,405.4917505073492,-0.1688844529507464,-0.5607315780981819,380.4009461904975,-0.11406503737215579,-0.40336263733136396,338.76762597308465,-0.005186823626261328,-0.016155954345283725
2023-11-21,334.04656982421875,405.7173668507921,291.7084410824126,564.2846026448581,209.73668260551872,784.8249515509833,-0.5891943204196642,405.7173668507921,-0.1766520313953709,-0.5891943204196642,380.5700188252752,-0.12224675276487296,-0.43426310865067635,339.0613008542781,-0.014790042441955364,-0.046291728456477325
2023-11-22,338.5172424316406,405.9431087275758,291.87074818667764,564.5985716184566,209.85338047509543,785.26162957363,-0.5505817344927854,405.9431087275758,-0.1660968368382476,-0.5505817344927854,380.73916660591254,-0.11089461730627281,-0.3914653356824373,339.3552303198212,-0.0024693530946637843,-0.007681081104465116
2023-11-24,335.28570556640625,406.3949693605956,292.19563336935505,565.2270337415684,210.0869710430941,786.135714659438,-0.5830292594954231,406.3949693605956,-0.17497574811536087,-0.5830292594954231,381.0776877383748,-0.1201644274786473,-0.42637140212226515,339.9438538869375,-0.01370269904064958,-0.04286483365089041
2023-11-27,331.78643798828125,407.0737035576255,292.68363933287037,566.1710388248248,210.43784450942104,787.448666918383,-0.619889480210443,407.0737035576255,-0.18494750437419638,-0.619889480210443,381.58603386647434,-0.13050686203997475,-0.46575322819663395,340.8287041438849,-0.026530236584141553,-0.083535138551781
2023-11-28,336.0390625,407.3002001026063,292.84648903920595,566.486057414926,210.55493250674937,787.8868047810059,-0.5829704494260135,407.3002001026063,-0.17495974120477809,-0.5829704494260135,381.7556332241686,-0.11975349345355601,-0.4248162294334819,341.1241657568692,-0.014906898330074747,-0.046660239031867126
2023-11-29,329.3081359863281,407.52682267067513,293.00942935541326,566.8012512819416,210.67208565205158,788.3251864243296,-0.6459884490123313,407.52682267067513,-0.19193506373826097,-0.6459884490123313,381.9253079618288,-0.13776822556299273,-0.49368389163845133,341.419883503106,-0.03547464017767932,-0.11221216900444976
2023-11-30,324.30206298828125,407.75357133195,293.1724603319067,567.1166205233939,210.78930398157536,788.7638119839911,-0.6941081034009952,407.75357133195,-0.2046616245961248,-0.6941081034009952,382.09505811295804,-0.15125292488758535,-0.546182168668126,341.7158576046361,-0.05095986688596266,-0.1624945811854924
2023-12-01,321.9924011230469,407.9804461565906,293.3355820191306,567.432165236863,210.90658753158993,789.2026815957081,-0.7174595118003074,407.9804461565906,-0.21076511348423754,-0.7174595118003074,382.26488371107445,-0.15767203621450887,-0.5714666207167431,342.01208828369136,-0.05853502799011767,-0.18739167924054456
2023-12-04,317.23419189453125,408.6618283128745,293.8254918500401,568.3798531859702,211.258829867566,790.5207561014759,-0.7676453626590068,408.6618283128745,-0.22372443444447565,-0.7676453626590068,382.7748135227521,-0.1712250109275414,-0.625489829416605,342.90232201122217,-0.07485551560613479,-0.24171960476057527
2023-12-05,315.5192565917969,408.8892084933421,293.98897688518196,568.6961007643778,211.3763746626328,790.9606032800777,-0.7857622861392823,408.8892084933421,-0.22835024735818032,-0.7857622861392823,382.9449412442968,-0.17607148545536266,-0.6450229514552589,343.199581226557,-0.08065372497202272,-0.261251807618179
2023-12-06,314.68658447265625,409.11671518855337,294.15255288369303,569.0125243035101,211.4939848598362,791.4006951904455,-0.7954584659976999,409.11671518855337,-0.2308146482657797,-0.7954584659976999,383.11514458064363,-0.17861095045691555,-0.6553038784360139,343.49709813347164,-0.083874110778137,-0.27215347514812266
2023-12-07,323.7470092773437,409.34434846890144,294.31621989618554,569.3291239012719,211.61166049556604,791.8410319687482,-0.7111032401225702,409.34434846890144,-0.20910839373188683,-0.7111032401225702,383.28542356539987,-0.15533701682213108,-0.5622469067236079,343.79487295535665,-0.05831344576396946,-0.1866605703872657
2023-12-08,329.8533630371094,409.57210840481844,294.47997797329987,569.6458996556225,211.72940160623247,792.2816137512309,-0.6561487959372932,409.57210840481844,-0.19463909707668758,-0.6561487959372932,383.45577823218815,-0.13978773626048147,-0.5014937052320657,344.0929059157969,-0.041382843510793244,-0.1313009289615451
2023-12-11,322.44842529296875,410.2561488508929,294.97179909919976,570.597284838619,212.0830181522563,793.6048304873455,-0.730030565064733,410.2561488508929,-0.2140314625481402,-0.730030565064733,383.9672966611953,-0.16021903923372283,-0.5815525311818547,344.9885558671996,-0.06533587909190663,-0.20991512525805237
2023-12-12,331.3106384277344,410.4844161141917,295.13592194176846,570.914766200009,212.2010215271755,794.0463936505143,-0.6495309802570267,410.4844161141917,-0.19287888791479024,-0.6495309802570267,384.13795439263697,-0.1375217297869673,-0.4927319006800348,345.28762362158216,-0.04047925334609115,-0.12837391976954918
2023-12-13,331.8260192871094,410.71281038580867,295.3001361025837,571.2324242086029,212.31909055938598,794.4882025002258,-0.6465054564469687,410.71281038580867,-0.19207287696869235,-0.6465054564469687,384.30868797444805,-0.13656383612859713,-0.48903500229343944,345.58695063535265,-0.03981901319753001,-0.1262369391860648
2023-12-14,330.26971435546875,410.9413317364115,295.46444163245496,571.5502589626873,212.43722528541952,794.9302571731804,-0.6624417165303169,410.9413317364115,-0.1963093297042402,-0.6624417165303169,384.4794974403409,-0.14099525058103723,-0.506172145543284,345.8865371332605,-0.04515013191095962,-0.14353415029827646
2023-12-15,332.0044860839844,411.16998023670715,295.6288385822202,571.8682705606037,212.55542574182832,795.3725578061546,-0.6482478113195219,411.16998023670715,-0.19253714511732556,-0.6482478113195219,384.6503828240426,-0.1368668772757753,-0.4902041167386501,346.18638334025013,-0.04096607474687142,-0.1299505428418797
2023-12-18,341.6200256347656,411.8566893434112,296.1225784596837,572.8233674015817,212.91042185913298,796.700936834102,-0.5667634191048194,411.8566893434112,-0.17053665880871816,-0.5667634191048194,385.1634948195024,-0.11305191112450141,-0.39955616254094567,347.0874824680852,-0.01575238840202864,-0.04932783508330003
2023-12-19,347.31005859375,412.0858471503347,296.2873415979699,573.1420873593358,213.02888560297112,797.1442226764417,-0.5183775557636847,412.0858471503347,-0.15719003456324376,-0.5183775557636847,385.3346842120147,-0.09867947832420709,-0.34602011358993134,347.38836976475284,-0.0002254283039351268,-0.0007004220181283275
2023-12-20,346.2394714355469,412.31513246107727,296.4521964107647,573.460984653452,213.147415260251,797.5877551638273,-0.5294218036008665,412.31513246107727,-0.1602552412547409,-0.5294218036008665,385.505949691198,-0.10185699672626258,-0.35778221473426486,347.689517898154,-0.0041705210768875345,-0.012983742860086717
2023-12-21,351.00762939453125,412.5445453465807,296.6171429490751,573.7800593825984,213.2660108676462,798.0315344334898,-0.48964919178443955,412.5445453465807,-0.14916429424694488,-0.48964919178443955,385.67729129086973,-0.08989293038306301,-0.3137098766819541,347.9909270944069,0.008668910782567485,0.02681583089442408
2023-12-22,350.313720703125,412.7740858778294,296.78218126393824,574.0993116455024,213.38467246185226,798.475560622742,-0.4973336219714036,412.7740858778294,-0.1513185234045702,-0.4973336219714036,385.84870904486195,-0.09209565176387657,-0.3217804168840768,348.2925975798235,0.005802945963668593,0.017976033122023623
2023-12-26,351.7411499023437,413.69352588130647,297.44325331063163,575.3780980111071,213.8599794413906,800.2541373245086,-0.49175181427050474,413.69352588130647,-0.14975427968562804,-0.49175181427050474,386.53514228121577,-0.09001508161335148,-0.31415691416584085,349.50189694626994,0.006406983697768043,0.019841223564130914
2023-12-27,354.7149963378906,413.92370570740223,297.60875127479375,575.6982394255936,213.97897152078508,800.6994001740284,-0.4679178934237801,413.92370570740223,-0.1430425669105445,-0.4679178934237801,386.70694131482526,-0.08272917178098804,-0.2875970292223615,349.80487727907956,0.01403673698607033,0.043305014914156906
2023-12-28,355.2007751464844,414.15401360597025,297.774341322323,576.018558967343,214.09802980758818,801.1449107686043,-0.46545562706782717,414.15401360597025,-0.14234617201023791,-0.46545562706782717,386.87881670606663,-0.08188104437790877,-0.2845190034754277,350.10812026305933,0.01454594906167439,0.044864705227981465
2023-12-29,350.87872314453125,414.38444964826897,297.9400235044536,576.3390567354638,214.21715433863702,801.5906692460795,-0.5042513793703125,414.38444964826897,-0.15325316033852532,-0.5042513793703125,387.0507684888773,-0.09345555748556922,-0.32677275048780363,350.41162612589903,0.0013329952085106012,0.004138487839228597
2024-01-02,343.2755126953125,415.3074766813619,298.6036746047022,577.622832055811,214.69431564277048,803.3761847445911,-0.5774011873559761,415.3074766813619,-0.17344249268431733,-0.5774011873559761,387.73934021509797,-0.11467453236785108,-0.4056547036137526,351.62828292657156,-0.023754546027241252,-0.07468943162677456
2024-01-03,341.47137451171875,415.53855451260284,298.76981822937177,577.9442224443812,214.81377194833698,803.823184706944,-0.595060261246733,415.53855451260284,-0.17824382165394892,-0.595060261246733,387.91167446535064,-0.11971874787640624,-0.42468476868978433,351.9331066059774,-0.029726478975368287,-0.09375237817703012
2024-01-04,344.0982360839844,415.76976091596634,298.93605429665416,578.265791655144,214.93329471960755,804.2704333808829,-0.5735172343445888,415.76976091596634,-0.1723827261369013,-0.5735172343445888,388.084085311117,-0.11334102812247582,-0.4006419770796338,352.23819453453484,-0.02310924419002036,-0.07263655536855938
2024-01-05,348.8862609863281,416.00109596299126,299.10238285798533,578.5875397875976,215.05288399356448,804.7179309047938,-0.5333157892143717,416.00109596299126,-0.1613333128877955,-0.5333157892143717,388.2565727864403,-0.10140282112305088,-0.35609846336342577,352.54354694131985,-0.010373997728003959,-0.03239746448461326
2024-01-08,355.537841796875,416.69587368200706,299.6019240210518,579.5538587109024,215.4120512016771,806.0619179613444,-0.48112761918689695,416.69587368200706,-0.14676898848248154,-0.48112761918689695,388.774495330414,-0.08549082805777075,-0.29763939583747007,353.4611933247724,0.00587518095712003,0.01819914440337061
2024-01-09,354.3185729980469,416.92772401985013,299.768623073502,579.8763235261958,215.5319068566066,806.5104122705163,-0.4932266838338916,416.92772401985013,-0.15016787662415654,-0.4932266838338916,388.94728966470336,-0.08903190120313886,-0.31056046480139543,353.7676059391947,0.0015574265410465138,0.00483472738390937
2024-01-10,367.2450256347656,417.1597033596406,299.9354148776066,580.1989677614959,215.65182919943933,806.9591561227331,-0.3862961564785681,417.1597033596406,-0.11965364181363103,-0.3862961564785681,389.12016079899456,-0.0562169154106843,-0.1926991406273469,354.07428418020385,0.037197678687838964,0.11346536744543763
2024-01-11,366.4520263671875,417.3918117731553,300.10229948497266,580.5217915166319,215.77181826728054,807.408149656841,-0.3945346678078436,417.3918117731553,-0.12204308749988768,-0.3945346678078436,389.2931087674221,-0.058673225612839386,-0.2013784711022566,354.38122827806916,0.03406161818381315,0.10405768433085165
2024-01-12,371.22998046875,417.6240493322112,300.26927694723616,580.8447948914892,215.8918740972561,807.8573930117634,-0.35695410674097156,417.6240493322112,-0.11109051056242136,-0.35695410674097156,389.46613360413556,-0.046823463099673,-0.15971462356128652,354.6884384632597,0.04663682322761642,0.14161059528649705
2024-01-16,364.2612609863281,418.5542924615819,300.938116378988,582.1386065877805,216.3727657817438,809.6568674207736,-0.42114103064810426,418.5542924615819,-0.1297156245990171,-0.42114103064810426,390.15900231737226,-0.0663774030003742,-0.22874871104735295,355.91994469365284,0.02343593388635412,0.07196885831828316
2024-01-17,365.1632385253906,418.7871768269955,301.1055588912832,582.462509561468,216.49315598000342,810.1073619663273,-0.41533059165125125,418.7871768269955,-0.12804579812566075,-0.41533059165125125,390.33241200829127,-0.06448138230028921,-0.22199191917806593,356.22848877950497,0.025081513768024255,0.0769601365723207
2024-01-18,372.8557434082031,419.0201907696912,301.27309456889503,582.7865927553559,216.6136131635871,810.5581071678611,-0.35382483922309493,419.0201907696912,-0.11017236968149291,-0.35382483922309493,390.5058987727129,-0.045198178619019314,-0.1540405432176773,356.5373003396995,0.045769245049412266,0.13903430343327378
2024-01-19,380.1120300292969,419.25333436176624,301.44072346366096,583.1108562697191,216.73413736976565,811.0091031648403,-0.2970862251746225,419.25333436176624,-0.09335955405591367,-0.2970862251746225,390.6794626448932,-0.02704885622616293,-0.09132700564039258,356.84637960610644,0.06519794441762716,0.19622256495792578
2024-01-22,378.4565734863281,419.95354375583844,301.94416996968937,584.0847297392459,217.0961124968889,812.3635973242692,-0.3153747894966837,419.95354375583844,-0.09881323990835689,-0.3153747894966837,391.2006172507745,-0.032576747587995114,-0.11030343817564885,357.7752259643355,0.0578054208931007,0.17458660474086077
2024-01-23,381.8467712402344,420.1872066672028,302.1121722520219,584.4097155393745,217.21690516656906,812.8155978992365,-0.29002839419240756,420.1872066672028,-0.09124607988680355,-0.29002839419240756,391.37448989685424,-0.024344250590095595,-0.0820817393437842,358.08537837833114,0.06635678052399663,0.19960055185197081
2024-01-24,387.2989196777344,420.4209995890344,302.2802680111287,584.7348821621911,217.33776504550949,813.2678499681429,-0.24873993307995884,420.4209995890344,-0.07878312440072499,-0.24873993307995884,391.5484398222013,-0.010853114742065184,-0.03634387933818404,358.3957996609144,0.08064581126275971,0.24095374028569572
2024-01-25,389.7572937011719,420.6549225936699,302.4484572990194,585.0602297083038,217.4586921711048,813.7203536709168,-0.23124631985342703,420.6549225936699,-0.07345124764495736,-0.23124631985342703,391.7224670611628,-0.005016749166148915,-0.01675033435984214,358.7064900451662,0.08656326137867176,0.2579192636250094
2024-01-26,390.7089538574219,420.88897575348904,302.6167401677347,585.3857582783808,217.5796865807719,814.1731091475709,-0.22554022878306085,420.88897575348904,-0.07170542265222768,-0.22554022878306085,391.896571648102,-0.0030304367953147837,-0.010108193572819738,359.0174497643682,0.08827287953232799,0.2628035942617872
2024-01-29,397.529052734375,421.5919168884296,303.1221507796537,586.3634311398891,217.94307388867486,815.532887622067,-0.17814324014028712,421.5919168884296,-0.0570761990212032,-0.17814324014028712,392.419349840641,0.013021026857643392,0.043086618595209424,359.9519472675302,0.10439478311508066,0.30848965580873167
2024-01-30,396.577392578125,421.8264913935692,303.2908084926401,586.6896848135998,218.0643378092058,815.9866515958902,-0.1870945532408823,421.8264913935692,-0.05985659822366751,-0.1870945532408823,392.5937641634231,0.010146947757029734,0.03362410538466525,360.2639866634008,0.10079665817014427,0.29835141240811563
2024-01-31,386.7437744140625,422.06119641638696,303.4595600470826,587.0161200154437,218.18566920120105,816.4406680448076,-0.26489059339477,422.06119641638696,-0.08367843881928883,-0.26489059339477,392.76825600622544,-0.01533851450578394,-0.05148075866906717,360.5762965636687,0.07257126466651509,0.21765326650502917
2024-02-01,391.3433532714844,422.2960320295048,303.6284054951958,587.3427368464253,218.30706810220266,816.8949371092999,-0.23073900270038278,422.2960320295048,-0.07329616290559371,-0.23073900270038278,392.9428254035023,-0.004070495829451737,-0.013584452827335478,360.8888772028317,0.08438740563216718,0.25169177882011207
2024-02-02,470.8551025390625,422.5309983055817,303.79734488922116,587.6695354076014,218.428534549772,817.34945892992,0.32824174519633287,422.5309983055817,0.11436818701413243,0.32824174519633287,393.1174723897242,0.19774656587197348,0.6009618441037429,361.20172881559205,0.3035793158660458,0.8236348736311077
2024-02-05,455.4107971191406,423.23668183878686,304.304727269637,588.6510224837367,218.7933395478243,818.7145423352891,0.2220911564136645,423.23668183878686,0.07601920311011479,0.2220911564136645,393.64187922698517,0.1569165303586455,0.48544802425490474,362.14191184551856,0.2575478899923862,0.7119479226560953
2024-02-06,450.7616271972656,423.47217149411915,304.474042970321,588.978548977408,218.91507655770556,819.1700765875482,0.18930125586823754,423.47217149411915,0.0644421464741407,0.18930125586823754,393.81683691398956,0.1445971450319503,0.4497931376805706,362.45584970375046,0.24363181768397713,0.6773771848888166
2024-02-07,465.5021667480469,423.70779217632236,304.6434528785677,589.3062577074137,219.03688130227968,819.6258642998907,0.28515351177170967,423.70779217632236,0.09863961754645323,0.28515351177170967,393.99187236251777,0.18150195321727702,0.5554823387049685,362.7700597121418,0.2831879431213895,0.7746535529966863
2024-02-08,465.9085693359375,423.9435439582986,304.81295704679326,589.6341487751486,219.15875381923365,820.0819056133394,0.2861126248427414,423.9435439582986,0.09898729671837336,0.2861126248427414,394.1669856071313,0.18200809897435555,0.5569087920945673,363.0845421066161,0.2831958271556716,0.774672640946754
2024-02-09,464.0349731445313,424.1794269129935,304.9825555274451,589.9622222820676,219.28069414627686,820.5382006690012,0.2722123247885798,424.1794269129935,0.09395916846224805,0.2722123247885798,394.34217668240734,0.17673178417902968,0.5420086364750378,363.39929712330354,0.27692864795795535,0.7594621131189037
2024-02-12,464.8181762695313,424.8878635434348,305.49191736885643,590.9475384532992,219.64692236534054,821.908609701473,0.2722658151586281,424.8878635434348,0.09397847326842879,0.2722658151586281,394.8682172382126,0.17714760514422445,0.5431853252548092,364.34520027100695,0.27576313870414815,0.7566251756616802
2024-02-13,456.1145629882813,425.12427191925457,305.6618936242594,591.2763427326105,219.76913431024565,822.3659211385929,0.2132830049543528,425.12427191925457,0.0728970165102989,0.2132830049543528,395.0437199822174,0.15459261827732118,0.478751280902938,364.6610481419351,0.25079046778462133,0.6952089664851888
2024-02-14,469.1600341796875,425.3608118331223,305.83196445475824,591.6053299592173,219.89141425409792,822.8234870246235,0.2970766103184449,425.3608118331223,0.10296957577687849,0.2970766103184449,395.2193007300015,0.1870878606209554,0.5711911785480194,364.9771698187965,0.2854503595734923,0.7801262587017227
2024-02-15,479.81646728515625,425.597483358226,306.0021299129748,591.9345002349122,220.01376223473218,823.2813075011409,0.3634705451091264,425.597483358226,0.1273949824587992,0.3634705451091264,395.39495951623417,0.21351184616063845,0.644513388573381,365.29356553895116,0.313509222581676,0.8472103905327925
2024-02-16,469.1996765136719,425.8342865677943,306.1723900515601,592.263853661544,220.13617829000412,823.7393827097994,0.2939605290700239,425.8342865677943,0.10183630420039846,0.2939605290700239,395.57069637560016,0.18613355542433796,0.5685126980709602,365.6102355399647,0.2833329893533132,0.7750047040917082
2024-02-20,467.6433715820313,426.78281771671544,306.85437846363527,593.5831009163998,220.6265240153225,825.574233701698,0.2771451191183442,426.78281771671544,0.09574085968108914,0.2771451191183442,396.2744252386353,0.180099804069914,0.5515275158818422,366.87966311114207,0.27465056966203116,0.7539146797841211
2024-02-21,464.4480285644531,427.02028044846486,307.0251127948558,593.9133716274326,220.74928101235756,826.033584698642,0.25467613846583265,427.02028044846486,0.08764864300281228,0.25467613846583265,396.45055298448136,0.17151565325886553,0.5272126211555396,367.19770808715435,0.26484457374177395,0.7299219939977343
2024-02-22,482.4094848632813,427.25787530490777,307.195942122967,594.2438261016865,220.87210631160784,826.4931912793116,0.36800494238030074,427.25787530490777,0.1290827220423152,0.36800494238030074,396.6267590118942,0.2162807322055007,0.6521039779986678,367.5160287737525,0.31262161945121214,0.8451103152284763
2024-02-23,480.3255615234375,427.49560235955863,307.3668665008253,594.5744644414076,220.99499995107675,826.9530535859141,0.3531962188575187,427.49560235955863,0.12358012309900812,0.3531962188575187,396.8030433556664,0.21048860276232162,0.6362057025569131,367.8346254099476,0.30581932298548575,0.828968731761065
2024-02-26,478.0531005859375,428.20957744851626,307.880210461889,595.5674836766896,221.36409129114756,828.334176284578,0.3337630123080929,428.20957744851626,0.11639983261096942,0.3337630123080929,397.3323666333033,0.20315670388647478,0.6159716075592083,368.79207340933516,0.29626728732677976,0.8061596120673049
2024-02-27,483.3223876953125,428.44783403196124,308.0515155678889,595.8988585018797,221.487258671949,828.7950629185674,0.365305224964132,428.44783403196124,0.12807756115125501,0.365305224964132,397.50896459075335,0.2158779568478575,0.6510008893381263,369.11177623817684,0.30942012368480754,0.837523737136495
2024-02-28,480.3156433105469,428.6862231818002,308.22291598835955,596.2304177046219,221.61049458330393,829.2562059907136,0.34470313653520296,428.6862231818002,0.12043638758797082,0.34470313653520296,397.6856410387599,0.20777718314384286,0.6287372209381815,369.43175621478315,0.30014714552935495,0.8154444547277763
2024-02-29,486.37884521484375,428.92474497179296,308.3944117763339,596.5621613875038,221.73379906334264,829.7176056436986,0.38104154434817866,428.92474497179296,0.13394913890274407,0.38104154434817866,397.86239601220876,0.2224800586580662,0.6690362668995086,369.7520135794109,0.3154190575094329,0.8517242658217548
2024-03-01,498.4557189941406,429.16339947574187,308.5660029848755,596.8940896531719,221.85717215021745,830.1792620202865,0.4537015326995287,429.16339947574187,0.16145906105470553,0.4537015326995287,398.03922954600097,0.25227787111002486,0.7492432310974266,370.0725485725265,0.3469135198404312,0.9252305616621863
2024-03-04,494.3771667480469,429.88016000994776,309.08134966496846,597.8909829741931,222.22770343369143,831.5657729204686,0.4237387619541623,429.88016000994776,0.1500348532870337,0.4237387619541623,398.5702018586869,0.2403766373968126,0.7174398987270644,371.0358217305772,0.3324243584950468,0.8916295475872622
2024-03-05,486.46820068359375,430.11934610855207,309.2533230869938,598.2236505985957,222.3513513298513,832.0284576206723,0.3731678825833228,430.11934610855207,0.13100748684022356,0.3731678825833228,398.747349983178,0.2199910562518257,0.6622483664833285,371.3574696464668,0.3099728440812368,0.8388348413910299
2024-03-06,492.2932434082031,430.3586652907335,309.42539219534166,598.5565033198651,222.47506802392385,832.4913997594786,0.40756227941128487,430.3586652907335,0.14391386327873534,0.40756227941128487,398.92457684275195,0.23405092587778875,0.7004114527674915,371.67939639630185,0.3245104468564548,0.8731222090338131
2024-03-07,508.2700500488281,430.5981176305416,309.59755704325323,598.8895412409918,222.5988535541892,832.9545994801298,0.5026877872533522,430.5981176305416,0.1803814955014038,0.5026877872533522,399.101882472404,0.2735345844528123,0.8053021477306652,372.0016022217997,0.36631145407212684,0.9696537231121722
2024-03-08,502.0778198242188,430.8377032020639,309.7698176839971,599.2227644650192,222.72270795894704,833.418056925942,0.463845882071638,430.8377032020639,0.16535255873078292,0.463845882071638,399.2792669071438,0.25746028265720544,0.762997690773861,372.3240873648899,0.3484967448054628,0.9288802030061601
2024-03-11,479.888916015625,431.5572600484322,310.2871748963677,600.2235469858291,223.09468480350466,834.8099770487423,0.3217757471249263,431.5572600484322,0.1119936111415869,0.3217757471249263,399.8118933922243,0.20028674470882568,0.6080176833262951,373.29322112214334,0.2855548637423637,0.7803788178144802
2024-03-12,495.92523193359375,431.79737928853075,310.45981924173236,600.5575124530659,223.21881508966652,835.2744668299897,0.4197268894263774,431.79737928853075,0.14851376066877942,0.4197268894263774,399.9895933977274,0.23984533627721993,0.7160130116038756,373.61682595908235,0.3273632167409568,0.8798063633028703
2024-03-13,491.7772521972656,432.03763213140957,310.6325596467236,600.8916637392937,223.34301444214452,835.7392150541931,0.39258080710708637,432.03763213140957,0.13827411230622966,0.39258080710708637,400.16737238360184,0.2289289085913937,0.6865592052956664,373.9407113264053,0.3151209197117968,0.8510200520388691
2024-03-14,488.0658264160156,432.27801865140395,310.80539616478814,601.2260009479006,223.4672828993665,836.2042218651475,0.36793156100847546,432.27801865140395,0.12905538879505207,0.36793156100847546,400.3452303849519,0.21911237944989637,0.6598487690244367,374.2648774673012,0.30406526446943194,0.8247927823723319
2024-03-15,480.3950500488281,432.51853892289364,310.9783288494045,601.5605241823362,223.59162049978323,836.6694874067341,0.31822664999035144,432.51853892289364,0.11069239077049042,0.31822664999035144,400.52316743689636,0.19941888286528608,0.6056087095333561,374.5893246251701,0.28245793050704715,0.7728856189866118
2024-03-18,493.1764526367188,433.2409029907313,311.4977044377814,602.5652110759455,223.96504854501998,838.0668378552579,0.3927624252834459,433.2409029907313,0.13834231540060693,0.3927624252834459,401.0574532477213,0.22969028163677674,0.6886219509279685,375.5643546377871,0.31316097107342,0.8463865942102321
2024-03-19,492.4420471191406,433.48195901280866,311.6710223239728,602.9004794493181,224.08966310314216,838.5331397597498,0.38655909657261533,433.48195901280866,0.13601509101002707,0.38655909657261533,401.2357068535471,0.22731361817427764,0.6821787539122732,375.8899283017756,0.3100698104467261,0.839064797601101
2024-03-20,501.6510620117188,433.7231491588928,311.8444366445496,603.2359343666201,224.21434699702985,838.9997011154649,0.4410351364716821,433.7231491588928,0.15661583428174564,0.4410351364716821,401.41403968579715,0.2497098068726773,0.7424063142049713,376.21578420290734,0.3334131184170612,0.8939341159296665
2024-03-21,503.87396240234375,433.96447350361046,312.01794745316806,603.5715759316449,224.33910026526164,839.4665220667621,0.4527511404909,433.96447350361046,0.16109495861336143,0.4527511404909,401.59245177968455,0.25468982340029456,0.7556517776177325,376.5419225858521,0.3381616552602049,0.904978088558936
2024-03-22,505.679931640625,434.20593212163004,312.1915548035143,603.9074042482437,224.46392294643755,839.9336027580811,0.4619099635700334,434.20593212163004,0.1646085284228076,0.4619099635700334,401.77094317043776,0.25862743495143037,0.7660875679281568,376.86834369549064,0.3417946614513583,0.9134011714623468
2024-03-25,499.1701965332031,434.9311143628072,312.71295664222885,604.9160107468613,224.83880785395215,841.3364047177685,0.4175769402608435,434.9311143628072,0.1476994403228864,0.4175769402608435,402.30689347641237,0.24076968261661147,0.718495086080943,377.84930583656586,0.3210827407186323,0.8650718889602113
2024-03-26,492.09478759765625,435.1731108215493,312.886950696945,605.252587109423,224.96390857333427,841.8045258151768,0.37261811635341774,435.1731108215493,0.1308023757916621,0.37261811635341774,402.4857024072276,0.222639176135911,0.6694697351336503,378.1768603060399,0.3012292375568093,0.8180290551772429
2024-03-27,490.0802917480469,435.4152419275588,313.0610415622679,605.5893507436816,225.08907889898293,842.2729073760104,0.35849766582839127,435.4152419275588,0.12554693670917216,0.35849766582839127,402.6645908112865,0.2170930916985665,0.6543276917201178,378.5046987298015,0.2947799416828232,0.8025928921203028
2024-03-28,481.8636474609375,435.6575077557536,313.2352292920632,605.9263017538356,225.21431886962722,842.7415495451917,0.3055598160709878,435.6575077557536,0.1060606987888495,0.3055598160709878,402.8435587239115,0.1961557707099455,0.596535478028731,378.83282135400805,0.2719691122291914,0.7473722455964535
2024-04-01,487.5895080566406,436.6279197902056,313.9329499343292,607.2759816393997,225.71597597749582,844.618727206663,0.3346221063962763,436.6279197902056,0.11671628394932099,0.3346221063962763,403.5602261670747,0.2082199296190741,0.6299578905642234,380.148158785914,0.282630197694141,0.7733029038761374
2024-04-02,493.5634765625,436.8708603545568,314.1076227955198,607.6138710940347,225.84156475480853,845.0886745942412,0.3698487805299466,436.8708603545568,0.12976973598544084,0.3698487805299466,403.7395921529194,0.22247975218531235,0.6690354319512218,380.47770611218687,0.2972204905403022,0.8084432839144944
2024-04-03,502.8616943359375,437.11393609147734,314.2823928450063,607.9519485509735,225.96722340994407,845.5588834613959,0.4247361406088475,437.11393609147734,0.1504133197681914,0.4247361406088475,403.91903785959573,0.24495665517685938,0.7297149255536098,380.8075391203393,0.32051402001531226,0.863734169921926
2024-04-04,507.009765625,437.3571470761772,314.45726013686425,608.2902141148204,226.09295198178245,846.0293539536141,0.44795166539822767,437.3571470761772,0.15925798632642651,0.44795166539822767,404.09856332253617,0.25466856762943757,0.7555953549522443,381.13765805802524,0.33025366270108036,0.8865641586935735
2024-04-05,523.3040771484375,437.6004933839097,314.63222472520016,608.6286678902399,226.21875050922603,846.5000862164667,0.5421499304750607,437.6004933839097,0.1958489194145847,0.5421499304750607,404.27816857719,0.2944158696230008,0.8594672526078105,381.4680631731156,0.3718162217709815,0.982145328977838
2024-04-08,515.2759399414062,438.3313449984457,315.1577028105819,609.6451595334297,226.5965662145272,847.9138550857202,0.49022879975635,438.3313449984457,0.1755397961403682,0.49022879975635,404.8174634461469,0.2728599590416476,0.8035374251500521,382.4609980647355,0.3472640152818678,0.9260388913919161
2024-04-09,512.9440307617188,438.5752333516642,315.3330571264885,609.9843672029309,226.7226449538408,848.3856358884113,0.4747936913070736,438.5752333516642,0.16956907676184985,0.4747936913070736,404.9973882224506,0.26653663870043753,0.7869509164854962,382.7925503724421,0.3400052594091614,0.9092553174448583
2024-04-10,515.8515014648438,438.8192574048029,315.50850900985307,610.3237636081919,226.8487938435926,848.857679190793,0.4902405583157898,438.8192574048029,0.17554435627008047,0.4902405583157898,405.17739296794537,0.2731497620985337,0.8042956226330105,383.12439010013,0.3464334685923425,0.9241231025875405
2024-04-11,519.1560668945312,439.0634172333669,315.6840585149635,610.6633488542279,226.97501292281527,849.3299851389235,0.5079105399283858,439.0634172333669,0.18241704163340544,0.5079105399283858,405.35747771817404,0.28073637574653554,0.8240829503439993,383.45651749696066,0.35388510354018465,0.9412693882983274
2024-04-12,507.9822387695313,439.3077129129004,315.8597056961355,611.0031230461079,227.10130223056152,849.8025538789362,0.44027133013286274,439.3077129129004,0.15632442554052473,0.44027133013286274,405.5376425086961,0.2526142718271547,0.7501377866523204,383.78893281231194,0.3235979345395945,0.8709811167675471
2024-04-15,496.4015808105469,440.0414158134115,316.3872338396484,612.0235803484115,227.48059191580643,851.2218383128662,0.3653097049194174,440.0414158134115,0.128079228390251,0.3653097049194174,406.0786174778459,0.22242728241564858,0.6688924812666474,384.7879087665165,0.2900654347529299,0.7912601611968534
2024-04-16,495.9351806640625,440.28625565312393,316.563272268843,612.3641113755552,227.6071625286189,851.695459683407,0.3607742638477513,440.28625565312393,0.1263926009418317,0.3607742638477513,406.2591027854442,0.220736168774484,0.6642818565824689,385.12147825405856,0.2877370094038274,0.7856478054445829
2024-04-17,490.3879699707031,440.5312317221668,316.7394086461386,612.7048318747795,227.73380356554964,852.1693445777365,0.3249920339942224,440.5312317221668,0.11317412854846087,0.3249920339942224,406.4396683113676,0.20654554219108334,0.6253391826488128,385.4553369102578,0.2722303286849439,0.7480101884365582
2024-04-18,497.9595336914063,440.77634409633686,316.9156430260325,613.0457419515049,227.860515065782,852.6434931424769,0.3697499239625039,440.77634409633686,0.12973289143341904,0.3697499239625039,406.6203140912684,0.22463024210747196,0.6748890376462009,385.7894849857932,0.29075455156519836,0.7929192419638659
2024-04-19,477.3882141113281,441.02159285147604,317.0919754630548,613.3868417112145,227.9872970685227,853.117905524338,0.24018101538112863,441.02159285147604,0.0824599562681716,0.24018101538112863,406.8010401608173,0.1735176830487115,0.5328993307675708,386.1239227315587,0.23636010619113645,0.659158374994458
2024-04-22,478.0431518554688,441.75815816173946,317.62156166263037,614.4112801439347,228.36806648417792,854.542727040924,0.23927843542277527,441.75815816173946,0.08213768783517161,0.23927843542277527,407.34370046428444,0.1735621572411754,0.5330255482867657,387.1289765024564,0.234842083313894,0.6553415479793124
2024-04-23,492.30322265625,442.0039532000002,317.79828687405865,614.7531396915642,228.49513088944568,855.0181961599607,0.3266910149484523,442.0039532000002,0.11379823436441105,0.3266910149484523,407.52474804943716,0.2080327023391677,0.6294417521057581,387.4645754424509,0.2705760832305315,0.7439679763189732
2024-04-24,489.7230529785156,442.24988499906476,317.9751104157142,615.0951894504643,228.62226599357837,855.4939298308752,0.3090765497886272,442.24988499906476,0.10734467003773496,0.3090765497886272,407.705876102824,0.201167512373569,0.6104607003589939,387.8004653104179,0.26282224181065117,0.7249507498672644
2024-04-25,438.0019836425781,442.4959536350272,318.1520323423082,615.4374295264689,228.74947183591297,855.9699282008647,-0.030942164675691566,442.4959536350272,-0.010155957259115889,-0.030942164675691566,407.8870846602093,0.07383146001657792,0.23724169338952827,388.1366463585616,0.12847366449894748,0.3754969980489017
2024-04-26,439.8973693847656,442.7421591840238,318.32905270858214,615.779860025471,228.87674845580833,856.4461914172084,-0.019539498338493326,442.7421591840238,-0.006425387192629528,-0.019539498338493326,408.068373757374,0.07799917286978064,0.2501428806334353,388.4731188393034,0.13237531260621016,0.3862198266016387
2024-04-29,429.30902099609375,443.481598071217,318.8607049933564,616.8082951202728,229.2590033747762,857.8765716183835,-0.09845143042237514,443.481598071217,-0.03195753135363988,-0.09845143042237514,408.612724645589,0.05065015135898099,0.16455722107654908,389.4842874046173,0.10224991066226075,0.3024501474821241
2024-04-30,426.8778076171875,443.72835203456066,319.0381196663753,617.1514883713709,229.38656349894143,858.3538956945735,-0.11735228163993543,443.72835203456066,-0.03797491041559753,-0.11735228163993543,408.7943362599962,0.04423611032049646,0.14416276746643442,389.8219281443477,0.09505847875011875,0.2821144863630188
2024-05-01,435.8287658691406,443.9752432922559,319.2156330532391,617.4948725758145,229.51419459779046,858.8314853547428,-0.05613599572540451,443.9752432922559,-0.018348945231058122,-0.05613599572540451,408.976028593325,0.06565846259541352,0.21179609542927558,390.15986158207085,0.1170517748850064,0.34389197503446967
2024-05-02,438.2996520996094,444.2222719206936,319.3932452088725,617.8384478398508,229.6418967108138,859.3093407466628,-0.04068552920444729,444.2222719206936,-0.013332559386264986,-0.04068552920444729,409.15780168145164,0.07122398814931064,0.22914475649940574,390.49808797152383,0.1224117751162237,0.3587634493664919
2024-05-03,448.5009765625,444.4694379963069,319.5709561882305,618.1822142697853,229.76966987752377,859.7874620181873,0.027370441057048042,444.4694379963069,0.00907045169262366,0.027370441057048042,409.3396555602684,0.09566950201448488,0.30429310885371863,390.83660756666484,0.14754085947795814,0.42755102408702916
2024-05-06,462.1159973144531,445.2117616711724,320.1046826186626,619.2146616189258,230.15341609522778,861.2234225901578,0.11296052267066746,445.2117616711724,0.03796897813262623,0.11296052267066746,409.8857023000198,0.12742648675313606,0.39945214198599127,391.8539281290921,0.17930678791667987,0.5123817090733888
2024-05-07,464.6564025878906,445.45947830067263,320.2827894430823,619.5591937766962,230.28147387224848,861.7026088602822,0.12789232292372849,445.45947830067263,0.04309465893609432,0.12789232292372849,410.06787970083786,0.13312069925320036,0.41623092446866833,392.193623090964,0.18476276826183846,0.5267215952524688
2024-05-08,468.9830322265625,445.7073327601537,320.4609953664613,619.9039176327826,230.40960290084797,862.1820617505141,0.1543005587086376,445.7073327601537,0.05222193523778995,0.1543005587086376,410.25013807204647,0.14316361825136448,0.44561930829753443,392.5336125316174,0.19475891300592085,0.5528238371973868
2024-05-09,471.7814636230469,445.9553251263043,320.6393004439384,620.248833293846,230.53780322067075,862.6617814092015,0.1706479647206048,445.9553251263043,0.05791194104348474,0.1706479647206048,410.43247744963355,0.14947400496819063,0.46395347130177156,392.87389670633314,0.2008470595227554,0.568614597083219
2024-05-10,472.5554809570313,446.20345547585595,320.8177047306831,620.5939408666072,230.66607487138333,863.1417679847744,0.1739308655068252,446.20345547585595,0.0590583178094668,0.1739308655068252,410.61489786960277,0.15084835793536833,0.4679331596762619,393.21447587061334,0.20177539219722163,0.571015366850304
2024-05-13,464.4281311035156,446.948675192873,321.35351339867844,621.6304161231735,231.05131820585677,864.5833306983515,0.11628623074099592,446.948675192873,0.039108418663730715,0.11628623074099592,411.1626457440869,0.129548454634135,0.4057146980744594,394.23798585919343,0.1780400361252643,0.5090428316731382
2024-05-14,468.2387390136719,447.19735824419894,321.53231507480336,621.9762924111204,231.17987557723617,865.0643864274256,0.13936951787009183,447.19735824419894,0.04705166607442912,0.13936951787009183,411.3453906939469,0.13831040679402018,0.4314498328670748,394.57974754119175,0.18667707081137142,0.5317372882578487
2024-05-15,477.8546142578125,447.44617966322363,321.71121623650373,622.3223611452585,231.30850447816917,865.5457098167759,0.19930245306667138,447.44617966322363,0.06795998262288472,0.19930245306667138,411.5282168664493,0.16117095905695256,0.4976730940111895,394.9218054935935,0.20999804926082843,0.5921994532231715
2024-05-16,469.6082153320313,447.69513952693677,321.8902169391346,622.6686224326673,231.4372049484557,866.0273010153322,0.14484986291453503,447.69513952693677,0.048946423292085095,0.14484986291453503,411.71112429769533,0.14062552021905628,0.438216576759037,395.26415997323426,0.1880870134135899,0.5354263285482163
2024-05-17,468.29833984375,447.94423791236756,322.06931723807963,623.0150763804817,231.5659770279163,866.509160172101,0.1346970326119375,447.94423791236756,0.04543891897402719,0.1346970326119375,411.8941130237998,0.13693865737938116,0.427433910362791,395.6068112371696,0.18374690865219012,0.5240566337313882
2024-05-20,465.2518005371094,448.69236496992437,322.6072162671141,624.055595258631,231.95272331989125,867.9563468830335,0.10985466210793259,448.69236496992437,0.03690598918101706,0.10985466210793259,412.44356733267136,0.12803747563807577,0.4012565587769144,396.63654830866193,0.17299276257076324,0.49570358790717356
2024-05-21,461.0740661621094,448.94201821339544,322.7867155057821,624.4028209206346,232.08178223470617,868.4392793644123,0.0808268917245727,448.94201821339544,0.02702364104165267,0.0808268917245727,412.6268815996955,0.11741160530935613,0.3697352693830339,396.9803892848091,0.16145300525491946,0.46498870880618254
2024-05-22,464.1998901367188,449.19181036438357,322.96631461815184,624.7502397796255,232.21091295813517,868.9224805502988,0.09962131122485537,449.19181036438357,0.03341129429799872,0.09962131122485537,412.8102773424002,0.12448724175462855,0.39075806027097637,397.3245283338825,0.1683142042180672,0.4832874462895508
2024-05-23,462.2152404785156,449.44174150017557,323.14601365979195,625.097851943097,232.34011553013184,869.4059505901978,0.0849477605245386,449.44174150017557,0.02842081141752395,0.0849477605245386,412.9937545969988,0.11918215550147315,0.37500830441087485,397.6689657142801,0.16231157150596243,0.46728440329694676
2024-05-24,474.56005859375,449.6918116981044,323.32581268630446,625.4456575186061,232.46938999067368,869.8896896337029,0.16315664441291328,449.6918116981044,0.05530064423841585,0.16315664441291328,413.17731339971965,0.14856271920875508,0.46131205366364064,398.01370168462256,0.19232090901679832,0.5464778380781128
2024-05-28,476.2470397949219,450.69348465931233,324.04600975417077,626.8388160941995,232.9872075185999,871.8273388384979,0.167168563711874,450.69348465931233,0.056698301629378944,0.167168563711874,413.912364816963,0.1505987263886741,0.4672106595834286,399.39563664571165,0.19241923570983355,0.5467340284221478
2024-05-29,470.72955322265625,450.9442513293987,324.2263095401378,627.1875903453108,233.11684202229438,872.3124251468034,0.130159915353574,450.9442513293987,0.043875272464234394,0.130159915353574,414.09633190428895,0.13676339768075296,0.4269204724444917,399.74186945294696,0.1775838089386459,0.5078394383120689
2024-05-30,463.4754638671875,451.1951575265138,324.40670964523184,627.5365586550463,233.24654865486121,872.7977813580084,0.0813983617238614,451.1951575265138,0.027217283110916535,0.0813983617238614,414.28038075744803,0.1187482811032321,0.3737169160176078,400.0884024065676,0.15843263908511496,0.4568991348181685
2024-05-31,463.2571716308594,451.4462033282909,324.58721012527076,627.8857211313806,233.37632745643302,873.2834076222872,0.07828426121492399,451.4462033282909,0.026162515523426855,0.07828426121492399,414.46451141278146,0.11772457924505719,0.3706679729046315,400.43523576676915,0.15688413569249549,0.4527435304515387
2024-06-03,473.8356018066406,452.2001791385726,325.12931437369946,628.9343746406229,233.76609727683967,874.7419082365648,0.14166473448031058,452.2001791385726,0.0478447901309611,0.14166473448031058,415.0173945554857,0.1417246795502478,0.4414244546916686,401.4775408921822,0.18022941147258442,0.5148112840305887
2024-06-04,473.3394165039063,452.45178413619254,325.3102169123163,629.2843148642999,233.89616515620452,875.2286162165552,0.13680279503307177,452.45178413619254,0.04616543264956241,0.13680279503307177,415.2018527832554,0.14002240917503816,0.4364550936781895,401.8255784851622,0.17797233886489572,0.5088642956269401
2024-06-05,491.2711486816406,452.7035291272882,325.49122010543283,629.6344497953504,234.0263054055727,875.7155950017462,0.2478274523325709,452.7035291272882,0.08519398916262522,0.2478274523325709,415.3863929951497,0.18268474116189215,0.558814795969057,402.1739177890823,0.2215390579835783,0.621691065472959
2024-06-06,489.9811096191406,452.95541418975233,325.67232400905345,629.9847795421098,234.15651806521106,876.2028447428142,0.23817118507140633,452.95541418975233,0.0817424723703104,0.23817118507140633,415.5710152276073,0.17905506319005204,0.5485777224947896,402.5225590654927,0.21727614660081174,0.6108303049099151
2024-06-07,489.1871948242188,453.2074394015208,325.85352867921364,630.3353042129739,234.28680317540875,876.6903655905194,0.23156965442303779,453.2074394015208,0.07938915449007355,0.23156965442303779,415.7557195170828,0.17662168398411837,0.5416970056870214,402.8715025761711,0.21425117362757118,0.6031003856878898
2024-06-10,498.75341796875,453.96435671266266,326.3977478497543,631.3880488550583,234.67809361258634,878.1545562823206,0.28521544717331093,453.96435671266266,0.09866206585121096,0.28521544717331093,416.3103250924077,0.1980327844572256,0.6017576193896299,403.92014913499344,0.23478221880449568,0.655190932043686
2024-06-11,503.586181640625,454.2169433018759,326.5793561470516,631.7393543075065,234.808668928362,878.6431630658567,0.31275937035815604,454.2169433018759,0.10869087793129273,0.31275937035815604,416.49535797482713,0.20910394797500143,0.632393826667453,404.27030420505986,0.2456670114092494,0.6824571555401718
2024-06-12,504.9456787109375,454.46967043072425,326.761065491534,632.0908552269437,234.9393168964796,879.1320417110909,0.3192453786657779,454.46967043072425,0.11106573565706723,0.3192453786657779,416.68047309678155,0.2118294744127709,0.6398928925352193,404.6207628216892,0.24794801727330062,0.6881408340221107
2024-06-13,500.2420043945313,454.7225381774042,326.9428759394243,632.4425517221285,235.07003755736295,879.6211923692877,0.2891906512982747,454.7225381774042,0.10010382682938013,0.2891906512982747,416.8656704948232,0.2000076758557252,0.6072432459842964,404.97152524802453,0.2352522911040682,0.6563734126600531
2024-06-14,500.7982177734375,454.9755466201558,327.12478754697673,632.7944439018794,235.20083095145847,880.1106151917954,0.2908730414994998,454.9755466201558,0.10071458014322143,0.2908730414994998,417.0509502055203,0.20080824063977576,0.6094643917894346,405.32259174743456,0.2355546618173603,0.6571337972347613
2024-06-17,503.2517700195313,455.7354169078934,327.6711298906169,633.851295637623,235.5936479378193,881.5805181599324,0.3006292109472349,455.7354169078934,0.10426302487972139,0.3006292109472349,417.6072835794717,0.20508379476997618,0.6213017874428821,406.37761832124517,0.2383845648253844,0.6642412682898169
2024-06-18,496.1593017578125,455.9889889182032,327.85344669998534,634.2039716450372,235.72473266967782,882.0710311548548,0.2559196232900642,455.9889889182032,0.08809491855255125,0.2559196232900642,417.7928929067996,0.18757238378512753,0.5725502819546647,406.7299037512283,0.21987416509527824,0.6174538801491047
2024-06-20,498.3546752929688,456.4965562810991,328.2183846993713,634.9099124577522,235.98712098132182,883.0528760635056,0.26593011453435805,456.4965562810991,0.09169427115260542,0.26593011453435805,418.1643590853445,0.19176745809476814,0.5842944718020008,407.4353910560008,0.2231501883067184,0.6257859292487908
2024-06-21,491.4808044433594,456.75055179073206,328.40100600230465,635.2631774814787,236.11842464229304,883.5442082810273,0.22214320854621228,456.75055179073206,0.07603768077885009,0.22214320854621228,418.3502160099102,0.1748071009283687,0.5365567521694601,407.7885934605065,0.20523431092723365,0.5799442101722704
2024-06-24,495.583251953125,457.51338657557307,328.9494798022227,636.32415233397,236.51277413339452,885.01984581092,0.2422817086608913,457.51338657557307,0.08321038573865525,0.2422817086608913,418.90828256521127,0.18303521935252687,0.5598016140515293,408.85003886561674,0.21213942727792245,0.597692673950577
2024-06-25,507.1952819824219,457.7679478514211,329.1325078877937,636.6782042433218,236.64437026873037,885.512272453967,0.3108005439126208,457.7679478514211,0.10797465039435994,0.3108005439126208,419.0944701332833,0.21021707067888573,0.6354585339822263,409.2044676167257,0.23946662883817194,0.6669546453312573
2024-06-26,509.698486328125,458.02265076562435,329.31563781052307,637.0324531477975,236.7760396243944,886.0049730840905,0.3240378084297502,458.02265076562435,0.11282375549794321,0.3240378084297502,419.28074045410165,0.2156496522499376,0.650375464844017,409.55920361921704,0.2445050235081796,0.6795577786545707
2024-06-27,516.0955200195312,458.27749539698897,329.49886962707217,637.3868991570033,236.90778224112563,886.4979478537342,0.36015844831266286,458.27749539698897,0.12616378766855374,0.36015844831266286,419.46709356444495,0.23035996848758944,0.690435240800609,409.914247139444,0.25903289193060575,0.7156143964181215
2024-06-28,500.8577880859375,458.53248182436823,329.682203394136,637.7415423806108,237.03959815968756,886.9911969154331,0.267628210410494,458.53248182436823,0.09230601525363946,0.267628210410494,419.65352950111094,0.19350309928612575,0.5891413466908034,410.2695984439924,0.22080161431779044,0.6198149696897689
2024-07-01,501.3147277832031,459.2982926717626,330.2328169658237,638.806656435445,237.43548613432014,888.4725913794383,0.2653340655852153,459.2982926717626,0.09147962398690557,0.2653340655852153,420.21333463725335,0.1930005224987923,0.5877385983415808,411.3375017328738,0.21874306541775357,0.6145719088069213
2024-07-02,506.1025695800781,459.55384707259196,330.4165591025144,639.1620896145703,237.56759566828273,888.9669391363666,0.2924603223265774,459.55384707259196,0.10129111703450344,0.2924603223265774,420.40010224750074,0.20385929231321187,0.6179158994256368,411.6940868451752,0.22931707243686228,0.6414100602521153
2024-07-03,506.55950927734375,459.80954366435145,330.6004034736617,639.5177205573583,237.6997787082286,889.4615619492795,0.2935097415363753,459.80954366435145,0.10167245603566366,0.2935097415363753,420.5869528682991,0.2044108972537857,0.6194415756449891,412.0509810781915,0.22936125027989718,0.6415217041991211
2024-07-05,536.309814453125,460.3213637371689,330.96839914689394,640.2295761741323,237.96436546968988,890.4516333553171,0.463128932671308,460.3213637371689,0.1650769586252432,0.463128932671308,420.9609032891427,0.27401335910939295,0.8065539860011506,412.7656979784948,0.29930809919448986,0.8134388931470746
2024-07-08,525.7905883789062,461.0901622576901,331.52116083828633,641.2988455796636,238.36179792997066,891.938807213079,0.39802554656727007,461.0901622576901,0.1403205520682025,0.39802554656727007,421.52245242243987,0.2473608116418229,0.7361403072821404,413.840098441216,0.2705162944803239,0.743821781693118
2024-07-09,526.4658813476562,461.3467136579979,331.7056198118378,641.6556654173362,238.49442286549169,892.4350835787662,0.4002300412657006,461.3467136579979,0.14115017136099506,0.4002300412657006,421.70980188190555,0.24840797865800224,0.7389351093895841,414.1988530341134,0.271046207615395,0.7451172783090172
2024-07-10,531.1245727539062,461.6034078039688,331.8901814186957,642.0126837902118,238.62712159376673,892.9316360735208,0.42524905044775496,461.6034078039688,0.15060799763302724,0.42524905044775496,421.8972346105303,0.2588956010678951,0.7667970964907462,414.55791862843,0.2811830359220697,0.7697956829050648
2024-07-11,509.28131103515625,461.8602447750269,332.0748457159656,642.3699008087559,238.75989415585423,893.4284648509818,0.29626435766779,461.8602447750269,0.1026740595160518,0.29626435766779,422.08475064532337,0.2065854316141924,0.6254492899944648,414.9172954937704,0.22742849374135732,0.636633586702162
2024-07-12,495.5434875488281,462.1172246506402,332.2596127607845,642.7273165834953,238.89274059283542,893.9255700648732,0.21168871649676485,462.1172246506402,0.07233286515874426,0.21168871649676485,422.27235002331105,0.17351630416121777,0.5328954174158249,415.27698389997244,0.19328425788266035,0.5489869349766303
2024-07-15,492.8515625,462.88902250015656,332.8145309523835,643.8007575510758,239.29172356429686,895.4185458636553,0.19011922466599876,462.88902250015656,0.06472942442663632,0.19011922466599876,422.83564858694956,0.16558659173376844,0.5103141035726306,416.35792106564503,0.18372087467094111,0.5239883072752006
2024-07-16,486.5240478515625,463.146574789557,332.9997095594059,644.1589694570947,239.42486591212287,895.9167583622218,0.14926480024290012,463.146574789557,0.05047532322273507,0.14926480024290012,423.0235817083065,0.15011093681071053,0.46579841428110585,416.7188583383601,0.1675114723426392,0.48115212866890406
2024-07-17,458.909423828125,463.40427038151716,333.1849912001402,644.5173806728661,239.55808234059208,896.4152480671237,-0.029545051291096167,463.40427038151716,-0.009699622642000194,-0.029545051291096167,423.2115983582358,0.0843498278600392,0.2697057885284099,417.0801085046413,0.10029084214410133,0.2969235456872441
2024-07-18,472.677001953125,463.66210935577084,333.3703759319145,644.8759913092863,239.69137289092302,896.914015132599,0.0583694913410228,463.66210935577084,0.01944280633558737,0.0583694913410228,423.39969857386257,0.11638483339795291,0.36667351852860447,417.44167183573416,0.13231867789933127,0.38606444288118835
2024-07-19,473.6107482910156,463.9200917920961,333.5558638120889,645.2348014773132,239.8247376043573,897.4130597129719,0.0626654555243969,463.9200917920961,0.020888632914097593,0.0626654555243969,423.58788239232797,0.11809324104403052,0.37176629864147254,417.8035486031183,0.13357282357816902,0.38950351518198006
2024-07-22,484.1499633789063,464.6949006719492,334.11294691709156,646.3124302815403,240.22527713603932,898.9118600880014,0.12432068443147787,464.6949006719492,0.04186631417479525,0.12432068443147787,424.1529358364223,0.14145140224992425,0.4406271880625095,418.8910622413498,0.15578967187406034,0.4498030422181181
2024-07-23,485.4313659667969,464.9534577552314,334.2988479651056,646.6720396868102,240.3589389147615,899.412016272922,0.13064669261837097,464.9534577552314,0.04404292057624781,0.13064669261837097,424.34145443798957,0.14396404331911583,0.44795045564063274,419.25419547340925,0.15784498093969535,0.4553227343876374
2024-07-24,458.1941833496094,465.2121587001415,334.48485244879845,647.0318491794026,240.49267506313873,899.9124507456469,-0.046075753293256715,465.2121587001415,-0.015085537252812142,-0.046075753293256715,424.5300568283513,0.07929739244557044,0.25415134277116463,419.61764350269436,0.0919325973162215,0.2732335619825207
2024-07-25,450.3866271972656,465.4710035867262,334.670960425723,647.3918588706485,240.62648562255123,900.4131636610191,-0.09985820696408715,465.4710035867262,-0.03240669402224128,-0.09985820696408715,424.7187430447481,0.060435016285149246,0.19543113025870162,419.9814066020998,0.07239658736600307,0.21714726935423873
2024-07-26,462.5946960449219,465.72999249507313,334.857171953462,647.7520688719368,240.7603706344006,900.9141551739616,-0.020475072969951054,465.72999249507313,-0.006732004596385122,-0.020475072969951054,424.9075131244369,0.08869502599133394,0.28302507328925214,420.34548504475845,0.10051068110239059,0.29754420913167445
2024-07-29,462.6046142578125,466.5078241522569,335.41642841788905,648.833901850903,241.1624727989433,902.4188028487765,-0.025468377790524414,466.5078241522569,-0.008366869090646767,-0.025468377790524414,425.4743269160791,0.08726798538201108,0.27865665398621037,421.43961516711755,0.09767709918388046,0.2895347422471191
2024-07-30,460.1014404296875,466.7673899494419,335.60305472536726,649.1949142075139,241.29665603502713,902.9209103029909,-0.04360098770466074,466.7673899494419,-0.014281095173500513,-0.04360098770466074,425.66343282184124,0.08090431301450329,0.2591062966590344,421.80495771884097,0.09079192174022177,0.26998646214887245
2024-07-31,471.6637878417969,467.0271001695068,335.78978487206115,649.556127432054,241.43091393090663,903.4232971307027,0.029945658630689417,467.0271001695068,0.00992809126195704,0.029945658630689417,425.85262277743004,0.10757516242493548,0.3402874661036627,422.17061698303183,0.1172349966287547,0.34440150588593893
2024-08-01,494.4209899902344,467.28695489280716,335.97661891574586,649.9175416362846,241.56524652812183,903.9259634873525,0.17109272981780332,467.28695489280716,0.0580671786646636,0.17109272981780332,426.041896820203,0.16049851829217743,0.49574382368036635,422.53659323424415,0.17012584923299,0.48810114977797886
2024-08-02,484.8850402832031,467.5469541997463,336.163556914231,650.2791569320333,241.69965386823753,904.428909528474,0.11037234138940338,467.5469541997463,0.037083090645158245,0.11037234138940338,426.231254987533,0.13761024000313093,0.42940063526950323,422.9028867472724,0.14656356217537803,0.4249040729107848
2024-08-05,472.5578308105469,468.32782042708055,336.72499521705157,651.365210487567,242.10332476197078,905.9394273152582,0.027255403174506247,468.32782042708055,0.009032156961354287,0.027255403174506247,426.7998346108478,0.10721184145120577,0.33919477366265927,424.0036736087602,0.1145135295374562,0.33682462548617675
2024-08-06,490.7953796386719,468.58839887348574,336.9123496134644,651.7276312688831,242.23803148978908,906.4434936512955,0.14035239359772284,468.58839887348574,0.047391230381659044,0.14035239359772284,426.9895296504715,0.14943188429100607,0.46383142810248434,424.37123892175265,0.15652366283278396,0.45177535789870166
2024-08-07,485.6598205566406,468.84912230620904,337.0998082542017,652.0902537017763,242.37281316867399,906.9478404507524,0.10678143593062434,468.84912230620904,0.03585524095201875,0.10678143593062434,427.17930900176776,0.13689921380211523,0.4273183640125314,424.73912287410576,0.14343086003073924,0.4164041040031284
2024-08-08,506.2317810058594,469.10999080592234,337.2873711972661,652.4530778984476,242.50766984032902,907.4524678696816,0.23084848041953862,469.10999080592234,0.0791323803105588,0.23084848041953862,427.3691727022104,0.18453040916594188,0.5640082389955019,425.107325742045,0.19083287996086118,0.5425981948899026
2024-08-09,514.3175048828125,469.3710044533407,337.4750385006913,652.8161039711583,242.64260154648008,907.9573760642194,0.27719531541521275,469.3710044533407,0.09575900514310498,0.27719531541521275,427.5591207892888,0.20291552647354294,0.6153039290390443,425.4758478020353,0.20880540585258633,0.5891357799113999
2024-08-12,512.509521484375,470.1549170896556,338.03866715395606,653.9063945690808,243.04784728951898,909.4737868641602,0.261462640264241,470.1549170896556,0.09008648608186864,0.261462640264241,428.1294717454853,0.197090028385273,0.5991357502898212,426.5833319025653,0.20142884907991632,0.5701193854684773
2024-08-13,525.015625,470.4165121359484,338.2267524798105,654.2702292698158,243.18307955137988,909.9798197242427,0.3328550244135997,470.4165121359484,0.11606546848481525,0.3328550244135997,428.31975775433745,0.22575626151974615,0.6779499489720375,426.9531335002113,0.22967975593916123,0.642326496422389
2024-08-14,523.24755859375,470.678252734198,338.4149424566804,654.6342664088364,243.31838705671586,910.4861341419239,0.3209436807082187,470.678252734198,0.11168841040386668,0.3209436807082187,428.51012833752407,0.22108562666599152,0.6652351362303958,427.32325567583405,0.2244771414703528,0.629154477163873
2024-08-15,533.7470092773438,470.94013896539,338.60323714279394,654.9985060987797,243.45376984739258,910.992730273863,0.37947930934933827,470.94013896539,0.1333648697898937,0.37947930934933827,428.70058353263505,0.2450344827597184,0.7299231228919525,427.69369870734073,0.24796556715831453,0.6881845235263724
2024-08-16,523.903076171875,471.2021709105547,338.79163659641137,655.3629484523452,243.5892279652989,911.4996082768063,0.32136655924842716,471.2021709105547,0.11184351116099633,0.32136655924842716,428.8911233772769,0.22152930572783203,0.6664450470566269,428.0644628728783,0.22388827293859648,0.6276600508516051
2024-08-19,525.7506713867188,471.989141840866,339.3574641453778,656.4574926227137,243.99605470163425,913.0219350804325,0.32697929424791417,471.989141840866,0.11390416596485764,0.32697929424791417,429.4632511847036,0.22420409647717188,0.6737298918373361,429.1786849587675,0.2250158030034255,0.6305208592614994
2024-08-20,523.2176513671875,472.2517574531281,339.5462832522637,656.8227467590202,244.13181454781437,913.5299421366005,0.31065383280398295,472.2517574531281,0.10792102540585646,0.31065383280398295,429.6541300038688,0.21776474338202267,0.6561651180756721,429.5507364467277,0.21805786132571625,0.6128247503508362
2024-08-21,531.5914916992188,472.5145191851919,339.7352074184422,657.1882041233889,244.26764993101847,914.0382318488136,0.35709653216509096,472.5145191851919,0.12502678778188603,0.35709653216509096,429.84509366084836,0.23670480258790438,0.7075661379864954,429.9231104630765,0.23648038163529694,0.6594605880718183
2024-08-22,528.383056640625,472.7774271183587,339.92423670236855,657.5538648288962,244.40356089327548,914.5468043743417,0.33706008883350375,472.7774271183587,0.1176148147791023,0.33706008883350375,430.03614219334935,0.22869453238434478,0.6859239656217188,430.29580728741115,0.22795306784780633,0.6379610430609767
2024-08-23,524.4791870117188,473.040481333975,340.11337116253037,657.9197289886813,244.53954747663772,915.0556598705432,0.3128953088586714,473.040481333975,0.10874059981650319,0.3128953088586714,430.22727563909535,0.21907470007012875,0.6597458309235396,430.66882719957124,0.2178248201109665,0.6122303093518453
2024-08-26,517.6450805664062,473.83052248966567,340.6814061857938,659.0185433260423,244.94796137422995,916.5839257580772,0.268080019444023,473.83052248966567,0.09246883853434373,0.268080019444023,430.8011858332917,0.20158694448608316,0.6116234647480631,431.78982826503994,0.19883574526602077,0.5634067457211748
2024-08-27,515.6386108398438,474.09416264945185,340.8709619364261,659.3852224355932,245.08425086300474,917.0939147123021,0.25462169294302417,474.09416264945185,0.08762910717614147,0.25462169294302417,430.99265930959024,0.19639766409443804,0.5972089224790792,432.16414333175237,0.1931545427729109,0.5486492026338388
2024-08-28,513.3341064453125,474.35794949909905,341.0606231562203,659.7521055660627,245.22061618349719,917.6041874253019,0.23935810445777028,474.35794949909905,0.08216613000239703,0.23935810445777028,431.18421788800396,0.19052155702657503,0.5808108693992879,432.5387828891321,0.18679324664602337,0.5320414218441644
2024-08-29,514.7644653320312,474.6218831202273,341.2503899038608,660.1191928309709,245.35705737790104,918.1147440549639,0.24610643443501126,474.6218831202273,0.0845780265079672,0.24610643443501126,431.3758616063568,0.19330846055027773,0.588598158179931,432.9137472184759,0.18906934381145502,0.5379939573936673
2024-08-30,517.8338012695312,474.88596359449895,341.4402622380624,660.486484343896,245.49357448843182,918.6255847592565,0.2624405280997335,474.88596359449895,0.0904382124709524,0.2624405280997335,431.5675905024909,0.19989038256231728,0.6069176943959715,433.28903660132704,0.19512324920880597,0.5537710732727023
2024-09-03,508.3475036621094,475.94375565789846,342.20080861594795,661.9576951496089,246.04040293697946,920.671791485265,0.19965200779951275,475.94375565789846,0.06808314557971062,0.19965200779951275,432.3353586222479,0.17581755348925077,0.5394200867651062,434.79345030719094,0.16917010434023538,0.4855625792903517
2024-09-04,509.321044921875,476.2085716244419,342.3912097648407,662.3260096085509,246.1773002622158,921.1840549353747,0.20376544555799658,476.2085716244419,0.06953355162104691,0.20376544555799658,432.5275139754929,0.17754600219659822,0.5443123180711061,435.1703691892591,0.17039458791912176,0.48881457776144804
2024-09-05,513.4134521484375,476.47353493506733,342.5817168532765,662.6945289983228,246.31427375737107,921.6966034097929,0.2263378144536149,476.47353493506733,0.07752774184699307,0.2263378144536149,432.7197547339191,0.18648027165789371,0.5694860873398351,435.5476148192199,0.17877686544452054,0.5109853872596738
2024-09-06,496.9341735839844,476.7386456717589,342.7723299402015,663.0632534329509,246.45132346482725,922.2094370671111,0.12576203370143407,476.7386456717589,0.0423618435291071,0.12576203370143407,432.9120809354863,0.14788705482681785,0.4593522456983418,435.9251874803282,0.13995288149393592,0.40693997360720396
2024-09-09,501.4240417480469,477.5348632587332,343.3448057818484,664.1706581471541,246.86293028516232,923.7496507236564,0.14796809373041697,477.5348632587332,0.05002604066704608,0.14796809373041697,433.48957257887577,0.15671534788027697,0.484868815220498,437.0598704867762,0.14726625711389363,0.42680750782438087
2024-09-10,501.4240417480469,477.80056452042385,343.5358434528335,664.5402039027107,247.000285266103,924.2636267002136,0.14628199562222557,477.80056452042385,0.04944212916812751,0.14628199562222557,433.68224093293367,0.15620146370159782,0.4833888732965151,437.438754109941,0.14627256281464396,0.4241154826523102
2024-09-11,508.4170837402344,478.0664136187762,343.72698741752373,664.909955274193,247.13771667160307,924.7778886539322,0.18657809060905692,478.0664136187762,0.06348630495021701,0.18657809060905692,433.8749949201813,0.17180545017065652,0.528036382452425,437.8179661842161,0.16125221669481005,0.4644515814690411
2024-09-12,522.0952758789062,478.33241063604856,343.91823773506223,665.2799123760084,247.2752245441862,925.2924367439338,0.2653642339273771,478.33241063604856,0.09149048709591989,0.2653642339273771,434.06783457867874,0.20279650848966946,0.6149743888545245,438.1975069943343,0.19146108215001045,0.5442366573364426
2024-09-13,521.121826171875,478.5985556545417,344.1095944646228,665.6500753226231,247.4128089263979,925.8072711294217,0.2580211636330929,478.5985556545417,0.08884955881067702,0.2580211636330929,434.26075994650336,0.20002052738099585,0.6072789139024285,438.5773768252723,0.1882095468400964,0.5357467239875979
2024-09-16,530.2294311523438,479.3978795410622,344.6843037176841,666.761800376916,247.82602155662727,927.3534936522123,0.30548136866320386,479.3978795410622,0.1060320743594938,0.30548136866320386,434.8400506869677,0.2193665931063118,0.6605431843478724,439.7189632965025,0.20583708097849307,0.5814975768746812
2024-09-17,533.2520751953125,479.6646173883817,344.8760866877433,667.1327878486956,247.96391240329322,927.8694748134927,0.32102598678964817,479.6646173883817,0.11171859641992588,0.32102598678964817,435.0333192732127,0.2257729501873298,0.6779952934100237,440.10015206545233,0.21166073834031862,0.5964655484750867
2024-09-18,534.8726196289062,479.93150364912196,345.067976366194,667.5039817385755,248.10187997267568,928.3857430676247,0.3285376983279946,479.93150364912196,0.11447699424197788,0.3285376983279946,435.2266737594262,0.22895183562338328,0.6866213388877084,440.481671283824,0.2142902974145806,0.6032004842290658
2024-09-19,555.9017333984375,480.1985384058604,345.2599728124088,667.8753821614072,248.23992430746327,928.9022985743472,0.4437436473604216,480.1985384058604,0.15764978220028092,0.4437436473604216,435.42011418378667,0.27670200638410725,0.8135751873067898,440.8635212380828,0.26093837802068864,0.7203127171691771
2024-09-20,558.1388549804688,480.46572174122053,345.45207608579364,668.2469892321059,248.37804545036846,929.4191414934879,0.45423157606871734,480.46572174122053,0.16166217427074447,0.45423157606871734,435.61364058449004,0.2812703804030998,0.8254713171175931,441.24570221494037,0.26491624094864763,0.7300980186131099
2024-09-23,561.1813354492188,481.26816404595513,346.0290274635215,669.3630514815168,248.79287015527012,930.9713963250326,0.4656518557798078,481.26816404595513,0.16604707598243063,0.4656518557798078,436.19473602687276,0.2865385322179723,0.839137134754398,442.3942341519575,0.2685096055218008,0.7389110590408932
2024-09-24,560.1074829101562,481.53594252295613,346.2215586403053,669.7354862941162,248.93129895824518,931.4893904939045,0.4581598197694094,481.53594252295613,0.16316858919301636,0.4581598197694094,436.3886067152472,0.28350620133315774,0.8312779854376294,442.77774209130695,0.2649856342477448,0.730268448691861
2024-09-25,565.0590209960938,481.8038699923862,346.4141969417841,670.1081283301189,249.06980478325664,932.0076728756688,0.48315282500968365,481.8038699923862,0.17279884241075782,0.48315282500968365,436.5825635711997,0.294277573465074,0.859111401007294,443.1615824905489,0.2750631898651652,0.7549202014922632
2024-09-26,564.591796875,482.0719465371448,346.6069424275623,670.4809777048246,249.20838767315965,932.5262436306879,0.47895931226793376,482.0719465371448,0.17117745790979533,0.47895931226793376,436.77660663302794,0.2926328660943147,0.854876466137017,443.5457556378897,0.27290542113975746,0.749658292762659
2024-09-27,564.1144409179688,482.3401722401778,346.7997951572774,670.8540345335966,249.3470476708333,933.045102919413,0.4747092819160655,482.3401722401778,0.16953650843138157,0.4747092819160655,436.9707359390464,0.29096617810273173,0.8505794331936387,443.93026182178687,0.27072761069041307,0.7443384583613222
2024-09-30,569.1654052734375,483.14574512907365,347.3789974069175,671.9744508989114,249.76349073962626,934.6034135936783,0.4966709730277695,483.14574512907365,0.17804081069032995,0.4966709730277695,437.553641705652,0.3007900084084374,0.8758275051827672,445.08578148113196,0.27877687617744207,0.7639555355323945
2024-10-01,573.17236328125,483.4145682955855,347.57227970941966,672.3483386988702,249.90245959765014,935.1234286235281,0.5162499604149915,483.4145682955855,0.18567457596929882,0.5162499604149915,437.7481163719239,0.30936568735401604,0.8977123309992208,445.47162270082276,0.2866641421651017,0.7830583873753993
2024-10-02,569.5332641601562,483.68354103579304,347.76566955454416,672.7224345306764,250.0415057781978,935.6437329906802,0.495257249640854,483.68354103579304,0.1774915121993168,0.495257249640854,437.94267747421657,0.30047445351723434,0.8750194707969673,445.8577984031082,0.27738769221937165,0.7605787507816455
2024-10-03,579.4363403320312,483.95266343292064,347.959167002129,673.0967385100815,250.18062932429225,936.1643268561251,0.5458248976963026,483.95266343292064,0.19729962063189532,0.5458248976963026,438.13732505094845,0.3224993790808668,0.9309527305713592,446.24430887794796,0.2984733447670984,0.8114423048457432
2024-10-04,592.5308837890625,484.2219355702359,348.152772112043,673.4712507528965,250.31983027897894,936.6852103809366,0.6118776879195238,484.2219355702359,0.22367625310340045,0.6118776879195238,438.33205914055225,0.35178541343941716,1.0039001119327897,446.6311544155533,0.32666715684988157,0.8781767929430145
2024-10-07,581.434814453125,485.0306512567038,348.7342340149671,674.5960382209148,250.73789802541876,938.2496005237033,0.5495171291939113,485.0306512567038,0.19875890924963224,0.5495171291939113,438.916780871201,0.32470399809968886,0.936500083201828,447.7937043108572,0.2984434771094828,0.8113708427890798
2024-10-08,589.4984130859375,485.3005231883941,348.92827037356903,674.9713846768009,250.87740904541877,938.7716442985553,0.5895802865137593,485.3005231883941,0.2147079694309204,0.5895802865137593,439.11186139698145,0.3424789100675152,0.9808916547792955,448.18189300667757,0.3153106412470672,0.8514682006044997
2024-10-09,587.132080078125,485.5705452773162,349.12241469435247,675.3469399761351,251.0169976896031,939.2939785395097,0.5757020061896932,485.5705452773162,0.2091591753013058,0.5757020061896932,439.3070286280623,0.33649598530602676,0.9660156930845712,448.57041822009955,0.30889612027433677,0.8362802410992407
2024-10-10,580.4902954101562,485.8407176070162,349.31666703738654,675.7227042351161,251.15666400116112,939.8166034081788,0.5395307545938769,485.8407176070162,0.19481606702157817,0.5395307545938769,439.5022826029818,0.3207901719466928,0.9266455859926233,448.95928024284865,0.2929686966180107,0.7982439103860016
2024-10-11,586.5751953125,486.11104026108995,349.51102746277627,676.0986775700115,251.29640802330795,940.3395190662719,0.5694534007677574,486.11104026108995,0.20666914908464284,0.5694534007677574,439.69762336029237,0.3340422239031635,0.9598953877546903,449.34847936690056,0.30539040910729676,0.8279481196131472
2024-10-14,587.0425415039062,486.9229110061874,350.09475783461386,677.2278531938018,251.71610678578125,941.9100123954892,0.5668092170439804,486.9229110061874,0.20561700473454736,0.5668092170439804,440.2841667123742,0.33332648749870986,0.9581080381977634,450.51810227044916,0.30303874260639696,0.8223462990749524
2024-10-15,582.9163208007812,487.19383579462595,350.28955119113056,677.6046639963005,251.85616208290537,942.4340928301293,0.5437420822026251,487.19383579462595,0.19647720880956832,0.5437420822026251,440.4798549851368,0.32336658351935466,0.9331359284464695,450.90865272455426,0.2927592257957097,0.7977405568781049
2024-10-16,573.4904174804688,487.46491132610595,350.4844529310226,677.98168445701,251.99629530704968,942.9584648640697,0.4926400416584668,487.46491132610595,0.17647527884691816,0.4926400416584668,440.6756302333181,0.3013889993799548,0.8773607889818704,451.2995417436495,0.2707533787087846,0.744401456329436
2024-10-17,573.629638671875,487.73613768450286,350.6794631145958,678.3589146925871,252.13650650157385,943.4831286595598,0.4916897126959499,487.73613768450286,0.1761064935543759,0.4916897126959499,440.8714924955763,0.30112662858923844,0.8766892649315383,451.69076962123523,0.26996094950731764,0.7424635310195512
2024-10-18,573.17236328125,488.0075149537354,350.8745818021873,678.7363548197484,252.2767957098598,944.0080843789332,0.4875862925757861,488.0075149537354,0.17451544436890187,0.4875862925757861,441.0674418105852,0.29951184092929894,0.8725533182914699,452.0823366510648,0.2678494973442136,0.7372939594502064
2024-10-21,571.8698120117188,488.8225530663568,351.46058949296236,679.869935718912,252.69813185148263,945.5847047050864,0.4756316588465013,488.8225530663568,0.16989244547824378,0.4756316588465013,441.6558124591155,0.2948313955783324,0.8605362190359326,453.2590755953733,0.2616841952045763,0.7221497313412186
2024-10-22,578.6806030273438,489.0945348190733,351.656142800684,680.248216580906,252.8387335491294,946.1108297451738,0.5098329669585717,489.0945348190733,0.1831671830915269,0.5098329669585717,441.8521103722134,0.30967033865667615,0.8984871513176513,453.65200217681087,0.2756046490494777,0.7562391997177775
2024-10-23,560.4655151367188,489.36666790292895,351.8518049146198,680.6267079190559,252.97941347781503,946.637247522185,0.4111999632893204,489.36666790292895,0.1452874743971999,0.4111999632893204,442.0484955316902,0.26788241743159436,0.7904879136176232,454.04526938308464,0.23438245683790138,0.654184964873367
2024-10-24,564.5320434570312,489.63895240212474,352.0475758953097,681.005409850471,253.12017168106746,947.1639581989996,0.4314277416647682,489.63895240212474,0.15295574563152647,0.4314277416647682,442.24496797632446,0.27651434009590226,0.8130855910591153,454.43887750947914,0.24226176807519217,0.673952771475191
2024-10-25,569.9707641601562,489.9113884009084,352.2434558033274,681.3843224923257,253.2610082024388,947.6909619385874,0.45880458758975606,489.9113884009084,0.16341603329648047,0.45880458758975606,442.44152774491045,0.288239752414861,0.8435382241221948,454.8328268515365,0.2531434199805511,0.7010477552025516
2024-10-28,574.8526611328125,490.72960623796746,352.83174969758926,682.5223258532507,253.68398811115082,949.2737331650511,0.47959851258846864,490.72960623796746,0.17142445417090157,0.47959851258846864,443.0317313825841,0.29754286298827926,0.867503226545907,456.0167251309316,0.2605955647082039,0.7194679729102349
2024-10-29,589.8862915039062,491.0026490785182,353.02806592132896,682.9020825099132,253.8251383410037,949.8019107872462,0.5561660429764965,491.0026490785182,0.20139126053793488,0.5561660429764965,443.2286408352689,0.3308848687942627,0.9520035575465383,456.41204229617205,0.2924424354279438,0.7969791620363793
2024-10-30,588.4146728515625,491.27584384059924,353.2244913757706,683.2820504638664,253.96636710709979,950.3303822884258,0.5469084022164045,491.27584384059924,0.19772767220055143,0.5469084022164045,443.4256378061376,0.3269748582034244,0.9422044703486371,456.8077021586266,0.288101470424059,0.7865269592272037
2024-10-31,564.333251953125,491.54919060874005,353.42102612169043,683.6622298326764,254.10767445313678,950.8591478321046,0.41855747399899546,491.54919060874005,0.14807075819664828,0.41855747399899546,443.6227223340885,0.2721017737412703,0.8015530053652754,457.2037050153764,0.234314695534118,0.6540144169939004
2024-11-01,563.91552734375,491.82268946751714,353.6176702198984,684.042620733975,254.2490604228367,951.3882075818882,0.41462682061113987,491.82268946751714,0.14658298492549382,0.41462682061113987,443.81989445803714,0.2705954248228677,0.797606884182273,457.60005116376027,0.23233274539548265,0.6490219164118235
2024-11-04,557.47265625,492.6440994341362,354.2082592368584,685.1850638100995,254.67369051149925,952.9771537052924,0.37473693287299786,492.6440994341362,0.13159308492749133,0.37473693287299786,444.41193679528374,0.2544052265337715,0.7548962463642885,458.7911523359735,0.21509025056734732,0.6052464643353019
2024-11-05,569.1553955078125,492.9182075021642,354.40534135299555,685.5663020189776,254.81539141355788,953.5073919173749,0.4359181316668101,492.9182075021642,0.15466498669622308,0.4359181316668101,444.6094596927246,0.2801243498083985,0.8224910227574006,459.1888746294419,0.23947993288624825,0.666987991736762
2024-11-06,568.7775268554688,493.19246808441665,354.60253312597837,685.9477523494841,254.95717115825445,954.037925154957,0.43221891517454136,493.19246808441665,0.15325671753388304,0.43221891517454136,444.8070703810005,0.2787061284081682,0.8187991901975528,459.58694170510967,0.23758417666361886,0.6622326939948597
2024-11-07,588.3152465820312,493.466881265754,354.79983461682093,686.3294149196457,255.09902978945792,954.5687535821937,0.5329073821182986,493.466881265754,0.1922081682016612,0.5329073821182986,445.00476889913045,0.3220425660548034,0.9298021223952612,459.9853538618668,0.27898691043693913,0.7644657609537497
2024-11-08,585.9686889648438,493.7414471310809,354.99724588656926,686.7112898475505,255.24096735105994,955.0998773633258,0.5191068319012064,493.7414471310809,0.18679258622028927,0.5191068319012064,445.20255528615235,0.3161844693101874,0.9150115657602074,460.3841113988597,0.27278217135773875,0.7493574680984139
2024-11-11,579.833984375,494.5660616807791,355.5901389802356,687.8581899596246,255.66725405755318,956.6950224739198,0.4821465520893633,494.5660616807791,0.17240957134106316,0.4821465520893633,445.7964420511917,0.3006698342119485,0.8755198009057648,461.5824592866297,0.25618721576016257,0.7085846112604538
2024-11-12,581.474609375,494.8412391320772,355.78798997676125,688.2409155007269,255.80950778016577,957.2273293149094,0.48902505371160016,494.8412391320772,0.17507306059388394,0.48902505371160016,445.99458030449284,0.3037705726782849,0.8834501142819209,461.9826013412394,0.258650450659502,0.7146705615095551
2024-11-13,576.6821899414062,495.1165696926078,355.9859510579399,688.6238539910138,255.9518406530074,957.7599323323898,0.46225274667547417,495.1165696926078,0.16474023541453753,0.46225274667547417,446.1928066221294,0.2924506656822581,0.8544069892606545,462.3830902757191,0.24719567404061116,0.6862673376462451
2024-11-14,573.8583984375,495.3920534475594,356.1840222850215,689.0070055489681,256.09425272011646,958.2928316911508,0.4456875489384295,495.3920534475594,0.15839241756881917,0.4456875489384295,446.3911210432421,0.28555065588302786,0.8365788080083996,462.78392639077737,0.24001367746927915,0.6683255197293498
2024-11-15,550.9104614257812,495.6676904821715,356.3822037192928,689.3903702931434,256.2367440255577,958.8260275560807,0.3202968842658628,495.6676904821715,0.11145122428672138,0.3202968842658628,446.58952360699,0.23359468215066403,0.6991798984963394,463.18510998738185,0.1893958798476687,0.5388469920973997
2024-11-18,551.2285766601562,496.49552211705134,356.977409878605,690.5417448294886,256.66469381287715,960.4273958380943,0.3169884091955854,496.49552211705134,0.11023876773293706,0.3169884091955854,447.1852605458877,0.23266266868290986,0.6966626664742619,464.3907486800669,0.18699301876040297,0.5325643302711566
2024-11-19,557.88037109375,496.7717731236271,357.1760327551685,690.9259635053758,256.80750251277425,960.9617793783765,0.351661560918987,496.7717731236271,0.12301141344219513,0.351661560918987,447.38401607210653,0.2469832427000127,0.7351320314888813,464.7933252177576,0.2002762105767777,0.5671373976194473
2024-11-20,562.2849731445312,497.0481778367617,357.3747661458591,691.310395961228,256.9503906716898,961.4964602506255,0.37381357609736365,497.0481778367617,0.1312484346923697,0.37381357609736365,447.58285993701423,0.25627011995870075,0.7598439419527431,465.1962507457526,0.20870486862939353,0.5888773808427404
2024-11-21,559.868896484375,497.32473634197953,357.57361011216835,691.6950423159951,257.0933583338359,962.0314386202806,0.35907466648628816,497.32473634197953,0.12576120906921417,0.35907466648628816,447.781792179872,0.2503163510933426,0.7440223737423086,465.5995255665884,0.2024687864599306,0.572807350608446
2024-11-22,555.94140625,497.60144872484904,357.7725647156196,692.0799026886887,257.23640554344735,962.5667146528666,0.3360496875991901,497.60144872484904,0.11724233857166744,0.3360496875991901,447.9808128399615,0.24099378883132383,0.719096582360167,466.0031499830652,0.19299924532742585,0.5482448146257737
2024-11-25,561.8773193359375,498.43250999579044,358.3700929645876,693.2357691054673,257.6660248998041,964.1743303848851,0.36318468104729096,498.43250999579044,0.12728866610382794,0.36318468104729096,448.57840571668345,0.2525732674051462,0.7500287607013284,467.21612383826533,0.20260686793086946,0.5731640801284167
2024-11-26,570.259033203125,498.7098387459251,358.5694907325389,693.621486741334,257.8093907421289,964.7107987263258,0.40638212543075886,498.7098387459251,0.14346858413124597,0.40638212543075886,448.77778043885075,0.270693554938215,0.7978640940868204,467.62114967054663,0.21948939564621894,0.6164738116301022
2024-11-27,565.9439697265625,498.987321802278,358.76899944576894,694.007418991191,257.9528363534678,965.2475655597221,0.38167215115842773,498.987321802278,0.13418506843509714,0.38167215115842773,448.9772437749137,0.260518161161611,0.7710869334342325,468.02652661640656,0.2092134474044649,0.5901843008276021
2024-11-29,571.0346069335938,499.54275117711126,359.1683499550203,694.7799278105887,258.2399670607466,966.3219953667997,0.4054435810550907,499.54275117711126,0.14311458946811006,0.4054435810550907,449.37643644628366,0.27072663499981386,0.7979507961167596,468.83833506663206,0.21797763583568175,0.6126201241916838
2024-12-02,589.4387817382812,500.3770546839573,359.7682093528586,695.9403036320629,258.67126249966327,967.9358829221235,0.4965382503899805,500.3770546839573,0.17798923076234208,0.4965382503899805,449.975891042753,0.30993413974322825,0.8991579316016914,470.05868871182145,0.25396848498560165,0.70309253643231
2024-12-03,610.1396484375,500.65546538227375,359.9683850352972,696.3275260758321,258.815187658007,968.4744441981999,0.5994801931863349,500.65546538227375,0.21868168955597045,0.5994801931863349,450.1758868898899,0.3553361390649876,1.0126368444351665,470.46617874031733,0.2968831257353317,0.8076352216184322
2024-12-04,610.2688598632812,500.9340309888064,360.1686720958477,696.7149639708696,258.9591928965691,969.0133051307445,0.5984359557853929,500.9340309888064,0.21826193093461033,0.5984359557853929,450.37597162698705,0.3550209121030141,1.0118621395698217,470.8740220185828,0.29603424977051995,0.8056010482654039
2024-12-05,605.4466552734375,501.2127515897464,360.3690705964809,697.1026174370526,259.10327825990646,969.5524658864866,0.5727028497132272,501.2127515897464,0.2079633915000807,0.5727028497132272,450.576145293552,0.3437166205924791,0.9839608246373861,471.28221885284694,0.2846796060907233,0.7782629156855609
2024-12-06,620.2017822265625,501.4916272713329,360.56958059920237,697.4904865943254,259.2474437926006,970.0919266322485,0.6440033482809383,501.4916272713329,0.23671413140263908,0.6440033482809383,450.7764079291097,0.37585235455378374,1.062674065095179,471.690769549604,0.3148482486073767,0.8503758518499173
2024-12-09,610.0601806640625,502.32918566308314,361.1717802404684,698.6553894131255,259.6804218530116,971.7121104792669,0.5889687790477423,502.32918566308314,0.21446294198250215,0.5889687790477423,451.3777300452624,0.35155135057923226,1.0033233829326138,472.9185478837717,0.2899899642210604,0.7910784085409387
2024-12-10,615.7771606445312,502.6086825306075,361.37273687228776,699.0441225355345,259.8249085094449,972.2527728551867,0.6155563434819967,502.6086825306075,0.22516220281776,0.6155563434819967,451.5783489524001,0.36361090400602647,1.0329088020493025,473.3285171007681,0.3009509006900526,0.8173644468716557
2024-12-11,629.060791015625,502.8883349106945,361.5738053167405,699.4330719497559,259.96947555851517,972.7937360566303,0.6785644747520044,502.8883349106945,0.25089557133461216,0.6785644747520044,451.7790570264223,0.39240803935458723,1.1025108994566182,473.73884171672165,0.32786407957610564,0.8809784223590722
2024-12-12,627.1815795898438,503.1681428898716,361.7749856360395,699.8222377761349,260.11412304495303,973.3350002509777,0.667809622509659,503.1681428898716,0.24646519946139556,0.667809622509659,451.97985430696,0.38763171325750356,1.0910667683886268,474.1495220397255,0.32275063126035763,0.8689917070209765
2024-12-13,616.8013305664062,503.448106554714,361.97627789243165,700.2116201350831,260.2588510135138,973.8765656057011,0.6155354049781189,503.448106554714,0.2251537398509873,0.6155354049781189,452.1807408336614,0.364059268489062,1.0340037129611799,474.5605583781388,0.2997315509624112,0.8144512262434128
2024-12-16,621.1697387695312,504.28893252971625,362.5808269071642,701.3810676124747,260.6935182598641,975.5030703082633,0.6318695159299049,504.28893252971625,0.23177349075160913,0.6318695159299049,452.78393628750234,0.3718899655819716,1.0530685460724067,475.79580657344127,0.3055384898051867,0.8283005195274075
2024-12-17,616.3933715820312,504.56951980394155,362.78256753509726,701.7713173071635,260.8385686049704,976.0458419810881,0.6067854788448136,504.56951980394155,0.22162228868192568,0.6067854788448136,452.9851801956996,0.3607362857118983,1.0258803882130394,476.2082700624374,0.29437771314054184,0.8016276266312036
2024-12-18,594.2528076171875,504.8502631974347,362.9844204118813,702.1617841374895,260.98369965635163,976.5889156530552,0.4942163813907654,504.8502631974347,0.17708724930344277,0.4942163813907654,453.1865135485683,0.3112764609079679,0.9025690279936369,476.62109111265494,0.24680342246274822,0.685290098631181
2024-12-19,592.6406860351562,505.13116279705883,363.1863855999704,702.5524682242648,261.12891145891183,977.1322914921941,0.48429589376823906,505.13116279705883,0.17324118898848284,0.48429589376823906,453.3879363858641,0.3071381888969771,0.8920416454408111,477.0342700340604,0.2423440479293899,0.6741585350054359
2024-12-20,582.3713989257812,505.41221868972923,363.3884631618561,702.943369688374,261.27420405758215,977.6759696666344,0.4296246518575372,505.41221868972923,0.15227012207098412,0.4296246518575372,453.58944874735755,0.2839174291511206,0.8323448870875402,477.4478071368907,0.21975929142514117,0.6171613111521307
2024-12-23,596.8995971679688,506.2563249958699,363.9953707157116,704.1173795545225,261.71056707992585,979.3088198844174,0.49925683051715863,506.2563249958699,0.17904620188762754,0.49925683051715863,454.19452337501684,0.3141937351699944,0.9099703581645262,478.6905706403149,0.24694245881955212,0.6856365231084894
2024-12-24,604.7608032226562,506.5380069308229,364.19789839837904,704.5091517381264,261.85618331283575,979.8537090831921,0.5372312815065424,506.5380069308229,0.19391002244229916,0.5372312815065424,454.3963942313799,0.33091021605842763,0.9520669877207314,479.1055435765784,0.2622705191596131,0.7235931372338489
2024-12-26,600.3824462890625,507.10184107294634,364.6032918867193,705.293350174874,262.14765888714163,980.9443971814355,0.5118339036655635,507.10184107294634,0.18394846490548988,0.5118339036655635,454.8004051539581,0.3201009486476212,0.9249071892657448,479.9365689708812,0.2509620752101702,0.6956351769542677
2024-12-27,596.8599853515625,507.38399345457316,364.8061578178253,705.6857766706571,262.2935183187233,981.490196418375,0.49231127282406334,507.38399345457316,0.17634768351240915,0.49231127282406334,455.00254529994726,0.3117728494421934,0.9038295624559631,480.35262205289587,0.2425454925191124,0.6746622453930929
2024-12-30,588.3319702148438,508.23139288947476,365.4154331122205,706.8643667249024,262.73158373282575,983.1294169072667,0.44363034709781696,508.23139288947476,0.1576065123997339,0.44363034709781696,455.6095049557362,0.2913074986703843,0.8514598729104994,481.6029465879304,0.22161206525638844,0.6218767382275863
2024-12-31,582.6302490234375,508.5141737557759,365.6187509201737,707.2576673371361,262.87776806124793,983.6764318931347,0.41242457050134496,508.5141737557759,0.14575026438350047,0.41242457050134496,455.8120047134376,0.27822488876686924,0.8175455242779162,482.02044423905687,0.2087251816532567,0.588929590765252
2025-01-02,596.2926635742188,509.0802075952788,366.02572597821205,708.0449251828791,263.1703807750228,984.7713751146001,0.4793121227235677,509.0802075952788,0.1713137825391049,0.4793121227235677,456.2172742773781,0.30703657488356173,0.8917827297209296,482.856525630947,0.23492721320281462,0.6555557176978356
2025-01-03,601.6561279296875,509.36346074361757,366.22938335421975,708.4388826599743,263.316809250913,985.3193036889849,0.5047688556746285,509.36346074361757,0.18119216296224372,0.5047688556746285,456.420044163641,0.318207067422251,0.9201256607712478,483.27510999948186,0.2449557518704668,0.6806827513724819
2025-01-06,627.1004638671875,510.2141661548286,366.8410356264677,709.622070771095,263.75658369834895,986.9649193014499,0.6252651076396741,510.2141661548286,0.2290926153486863,0.6252651076396741,457.02889472011015,0.37212432542417506,1.0536374465009788,484.53304156779814,0.29423673943491147,0.8012892478429147
2025-01-07,614.8509521484375,510.498050239761,367.0451466422385,710.0169057748483,263.903338338606,987.5140683677878,0.5637828418994293,510.498050239761,0.20441390884777322,0.5637828418994293,457.2320253384061,0.34472416207804923,0.9864571541696132,484.95307929427213,0.267856579121426,0.7373113124968833
2025-01-08,607.7161865234375,510.78209227831184,367.2493712257476,710.4119604655118,264.05017463341034,988.0635229816595,0.5267168096509923,510.78209227831184,0.18977582752119826,0.5267168096509923,457.4352462399392,0.3285294290695544,0.9461039171423773,485.37348114801154,0.25205889923376,0.6983579088528362
2025-01-10,612.8308715820312,511.35065056786004,367.65816134877326,711.2027293965745,264.3440923684172,989.1633495321279,0.5487491927324964,511.35065056786004,0.1984552496442049,0.5487491927324964,457.84195905324356,0.3385205516097394,0.97105702216843,486.21537850019837,0.26041030103242857,0.7190113593471695
2025-01-13,605.3380126953125,512.2046748530519,368.2721998722251,712.3905335030615,264.7855825166724,990.8153852175893,0.5064010493617097,512.2046748530519,0.18182836357161314,0.5064010493617097,458.45270640123806,0.3203935852993314,0.92564540429016,487.4809633833443,0.24176749076309667,0.67271640744561
2025-01-14,591.3272705078125,512.4896664606244,368.4771071903709,712.7869088844865,264.9329096937332,991.3666766901277,0.43373210783106164,512.4896664606244,0.15383257303831965,0.43373210783106164,458.6564698454898,0.2892596297769794,0.8461738807908418,487.90355663910316,0.21197573262457414,0.5972730950564462
2025-01-15,614.084716796875,512.7748166380429,368.6821285193191,713.1835048098907,265.08031884390186,991.9182749022387,0.5465141755018083,512.7748166380429,0.19757191045976152,0.5465141755018083,458.8603238542439,0.3382824464726173,0.9704645174839104,488.32651623749535,0.2575289204615252,0.711901058832046
2025-01-16,608.2933959960938,513.060125473536,368.88726392250567,713.5803214019851,265.2278100127883,992.4701800245927,0.5161056987114111,513.060125473536,0.18561814842784918,0.5161056987114111,459.0642684677522,0.3250724087640997,0.9374261928293441,488.7498424961002,0.2445904696142125,0.6797710748474336
2025-01-17,609.756103515625,513.3455930553807,369.09251346340125,713.9773587835485,265.3753832460277,993.022392227954,0.5216997092695062,513.3455930553807,0.18780819737132393,0.5216997092695062,459.2683037262859,0.32766859495495826,0.9439451864445294,489.17353573277256,0.24650263960461816,0.6845405326339997
2025-01-21,613.427978515625,514.4890526135553,369.9146542747374,715.5677186624795,265.96649773611387,995.2343152701218,0.5331541049598932,514.4890526135553,0.19230521115943944,0.5331541049598932,460.08535201669434,0.3332916943058135,0.9580211275712243,490.8719848268802,0.2496699699249849,0.6924246188392474
2025-01-22,620.4334106445312,514.7753152530463,370.120475457484,715.9658618354747,266.1144819765391,995.7880654433354,0.5658885975451486,514.7753152530463,0.20525089735421176,0.5658885975451486,460.2898411050293,0.34791897460748045,0.9943604131887726,491.2975177313634,0.26284662196029673,0.7250107279174122
2025-01-23,633.3197021484375,515.0617371695869,370.3264111595083,716.3642265360503,266.26254855566293,996.3421237241453,0.6265151632839349,515.0617371695869,0.2295995925240193,0.6265151632839349,460.49442108038534,0.37530374561884927,1.0613457929013657,491.72341952683695,0.2879592002305935,0.7861838043138013
2025-01-24,644.3053588867188,515.3483184518007,370.5324614445304,716.7628128874671,266.4106975192997,996.8964902839864,0.6769579462248229,515.3483184518007,0.2502327761975207,0.6769579462248229,460.6990919831592,0.39853837374238044,1.1171418585694266,492.1496905330902,0.3091654252364062,0.8369193824139223
2025-01-27,656.6343994140625,516.2090193794353,371.1513004352971,717.9599030803674,266.8556391758001,998.5614413534317,0.7293549646281237,516.2090193794353,0.272032015642502,0.7293549646281237,461.3136506602058,0.42340119021911615,1.1758303958426417,493.43072201857086,0.33075297121314895,0.8877300428591834
2025-01-28,671.0133666992188,516.496239011546,371.3578096902043,718.3593772690998,267.00411813613067,999.1170427456162,0.7933297776313711,516.496239011546,0.29916409068802263,0.7933297776313711,461.5186856769615,0.45392459183958667,1.2464946236693752,493.8584730713751,0.3587159141486276,0.952334783678497
2025-01-29,673.1627197265625,516.7836184531785,371.56443384723383,718.759073725992,267.1526797104229,999.6729532754185,0.8013375464912843,516.7836184531785,0.3026007320848392,0.8013375464912843,461.7238118233823,0.457933731137218,1.2556657064151548,494.28659493806475,0.36188746897113666,0.9595781353670457
2025-01-30,683.6210327148438,517.0711577932532,371.7711729703187,719.1589925747172,267.3013239446442,1000.229173114847,0.8463824079574009,517.0711577932532,0.3221024271250965,0.8463824079574009,461.9290291399699,0.47992654626539744,1.3055308680402364,494.7150879400952,0.3818479552772869,1.0047813099080534
2025-01-31,685.7903442382812,517.3588571207358,371.97802712342497,719.559133939012,267.45005088478587,1000.7857024359984,0.854299896330703,517.3588571207358,0.3255602659533452,0.854299896330703,462.13433766724694,0.48396318633235724,1.3146027561412754,495.1439523992007,0.3850322535806221,1.0119321318909034
2025-02-03,694.0296020507812,518.2229159180591,372.5992804030841,720.760894363748,267.89672840104157,1002.4571490122448,0.8854422156396876,518.2229159180591,0.3392491546254208,0.8854422156396876,462.7508109186967,0.49979121737880483,1.349937937612615,496.43277774049403,0.3980333957996207,1.0409585604856546
2025-02-04,700.7264404296875,518.5112560858462,372.80659531666413,721.1619270290963,268.04578662529997,1003.0149179832165,0.9128646292034176,518.5112560858462,0.35141992040703784,0.9128646292034176,462.95648469430387,0.5135902910883432,1.3804406375938822,496.8631312508234,0.4103007374800587,1.0681002471092969
2025-02-05,701.4031372070312,518.7997566866242,373.0140255806371,721.563182829745,268.19492778582395,1003.5729972978525,0.914104374564295,518.7997566866242,0.35197275666940375,0.914104374564295,463.1622498834783,0.5143788972082446,1.38217543247941,497.2938578310872,0.41043997660890597,1.0684069589320722
2025-02-06,708.4880981445312,519.0884178096583,373.2215712591842,721.964661889847,268.34415192875946,1004.1313871288285,0.9428832357252498,519.0884178096583,0.3648697867967514,0.9428832357252498,463.3681065268479,0.5289962519323304,1.4141685136335191,497.7249578046964,0.4234530276911226,1.0969388872533243
2025-02-07,711.0057373046875,519.3772395442633,373.4292324165222,722.3663643336241,268.49345910027796,1004.6900876489166,0.9519495404443715,519.3772395442633,0.36895821220154357,0.9519495404443715,463.57405466506145,0.5337479096374338,1.4245026504615783,498.15643149534327,0.42727402950599846,1.1052671468239756
2025-02-10,713.8714599609375,520.2446693113988,374.0529094039868,723.5728132102639,268.94187924843294,1006.3680550730135,0.95908401672636,520.2446693113988,0.3721840935070515,0.95908401672636,464.1924484555114,0.5378782277397509,1.4334594909478442,499.4530981106346,0.4293063005543851,1.109687608690614
2025-02-11,716.2597045898438,520.5341343864309,374.2610331193723,723.9754104323447,269.09151899651334,1006.9280000791914,0.9675218324365824,520.5341343864309,0.3760090977205952,0.9675218324365824,464.39876297993686,0.5423376668658093,1.4431030827167988,499.88606991196303,0.4328458976982239,1.1173717212787742
2025-02-12,721.8123168945312,520.8237605203543,374.4692726351695,724.378231660248,269.2412420044202,1007.4882566397836,0.9892437160249393,520.8237605203543,0.38590512109771935,0.9892437160249393,464.60516920271573,0.553603715027956,1.4673423910507195,500.319417053001,0.4427029859168279,1.138670856751573
2025-02-13,724.9766235351562,521.1135478027826,374.67762801581,724.7812770186111,269.39104831847953,1008.0488249281395,1.0008168744008947,521.1135478027826,0.3912066316294014,1.0008168744008947,464.81166716460376,0.5597212263572986,1.4804309044583523,500.7531398591273,0.4477724967218535,1.1495684249270388
2025-02-14,733.0467529296875,521.4034963233789,374.8860993257611,725.1845466321407,269.54093798504294,1008.6097051177051,1.032686417561525,521.4034963233789,0.40591069699127136,1.032686417561525,465.0182569063748,0.5763827377583515,1.5158198368587477,501.1872386560031,0.4626205465555049,1.1812680355080265
2025-02-18,712.8466186523438,522.5649045824584,375.7211451492763,726.7998701344846,270.14133110427457,1010.8563483603598,0.9412404778351072,522.5649045824584,0.36413029731096236,0.9412404778351072,465.8455344884147,0.5302209979004784,1.4168352197315908,502.9274002741054,0.4173946741892134,1.0836881603432154
2025-02-19,700.3086547851562,522.8556606405922,375.93019707404807,727.2042628968752,270.29163822953717,1011.4187906610414,0.8857653608006749,522.8556606405922,0.3393919345296028,0.8857653608006749,466.05258374185195,0.5026387133454011,1.3562552128457683,503.36338391953245,0.3912586357237049,1.0258670338791747
2025-02-20,691.4225463867188,523.1465784759226,376.13936531568885,727.6088806641302,270.4420289859561,1011.9815459056363,0.8453706825441267,523.1465784759226,0.3216612223691355,0.8453706825441267,466.2597250201991,0.4829128686951576,1.3122446643590302,503.79974551561156,0.3724154339917054,0.98350205540797
2025-02-21,680.1879272460938,523.4376581784625,376.34864993891733,728.0137235614421,270.5925034200637,1012.5446142682664,0.79402736806849,523.4376581784625,0.2994631101115548,0.79402736806849,466.466958364357,0.4581695767501701,1.2562044279413984,504.2364853899859,0.34894627214455487,0.9299156699064751
2025-02-24,664.8439331054688,524.3118693902252,376.97720274586146,729.2296042867023,271.04442925423456,1014.2356998070554,0.7198067160376705,524.3118693902252,0.2680314368596737,0.7198067160376705,467.08921120098523,0.42337677078007063,1.1757732583050353,505.5489779635629,0.3150930218147665,0.8509541478866264
2025-02-25,654.26611328125,524.6035974627374,377.1869535433516,729.6353489575695,271.195238864941,1014.8000223849937,0.6695057015513993,524.6035974627374,0.24716284151620305,0.6695057015513993,467.29681321776525,0.4001082283785127,1.1208782369947012,505.98723423322355,0.29304865620321285,0.798436029902137
2025-02-26,670.3864135742188,524.8954878532779,377.3968210465655,730.0413193855067,271.3461323863882,1015.3646589530367,0.7415994406368125,524.8954878532779,0.2771807513834246,0.7415994406368125,467.5045075051354,0.4339678073945732,1.2004630413341666,506.4258704236565,0.3237602040618486,0.8713619691240365
2025-02-27,655.0025024414062,525.1875406521586,377.6068053204371,730.447515696123,271.49710986526316,1015.9296096858858,0.6695432650219523,525.1875406521586,0.2471782967814662,0.6695432650219523,467.71229410410746,0.4004389251645588,1.1216647873265044,506.86488686421137,0.29226253271097247,0.7965466889041508
2025-02-28,664.91357421875,525.479755949746,377.8169064299392,730.8539380151026,271.6481713482809,1016.4948747583463,0.713379819673047,525.479755949746,0.2653457467966447,0.713379819673047,467.92017305570846,0.4209978806354826,1.1702023357567897,507.30428388452407,0.3106799909659388,0.8405114532616883
2025-03-03,651.8281860351562,526.3573777391367,378.4479114224794,732.0745622800752,272.1018602897179,1018.1925577628601,0.6480731423602916,526.3573777391367,0.23837569986185891,0.6480731423602916,468.54436443685245,0.39117709124213706,1.099565293163863,508.62476172465307,0.28155024113440064,0.7706859858670392
2025-03-04,636.852294921875,526.6502439361952,378.6584805249381,732.4818898907171,272.2532582569657,1018.7590819437239,0.5759320033145462,526.6502439361952,0.20925092555170433,0.5759320033145462,468.75261320962517,0.35861065511985957,1.0206736865651989,509.06568436607273,0.2510218513646856,0.695783625464607
2025-03-05,653.2411499023438,526.9432730845347,378.8691667884257,732.889444139177,272.4047404623159,1019.3259213396649,0.6512645556738081,526.9432730845347,0.23968021468137768,0.6512645556738081,468.9609545404446,0.39295423974578725,1.1038170996821524,509.50698923972004,0.28210439444040203,0.7720290687154671
2025-03-06,624.841552734375,527.2364652748231,379.0799702781319,733.2972251515594,272.5563069526396,1019.893076126073,0.5148467505573762,527.2364652748231,0.1851258285192301,0.5148467505573762,469.16938847045026,0.331803753802939,0.9543022466264941,509.9486766769486,0.2253028222489355,0.6312486739993809
2025-03-07,622.5826416015625,527.5298205977756,379.2908910592805,733.7052330540333,272.70795777483215,1020.4605464784281,0.5021824672207867,527.5298205977756,0.18018473514175337,0.5021824672207867,469.377915040797,0.3263995208369559,0.9407601501380011,510.39074700940046,0.2198156907223392,0.61730495661317
2025-03-10,595.048828125,528.4108662705509,379.9243578041787,734.9306193647868,273.16341670198176,1022.1648526874949,0.36001401285274565,528.4108662705509,0.12611012775867092,0.36001401285274565,470.0040510057294,0.2660504241435704,0.7856721153587714,511.71925869881966,0.16284235547059067,0.46870280250163177
2025-03-11,602.7308959960938,528.7048750323416,380.13574840407415,735.3395360907555,273.31540532113706,1022.7335870604381,0.3972102404869065,528.7048750323416,0.14001388006725657,0.3972102404869065,470.2129485493761,0.2818253896570486,0.8269136809675928,512.1628639343287,0.17683443771389484,0.505861804864691
2025-03-12,616.5126342773438,528.9990473811399,380.34725662208206,735.7486803387308,273.4674785070352,1023.302637878216,0.46405357447017487,528.9990473811399,0.16543240924430425,0.46405357447017487,470.4219389394211,0.31055247054864843,0.9007296631792859,512.6068537275846,0.20270072433518016,0.5734065320756955
2025-03-13,587.7349853515625,529.293383407965,380.558882523645,736.1580522353057,273.61963630672903,1023.8720053168984,0.3174678386520656,529.293383407965,0.11041438222278366,0.3174678386520656,470.6310222171322,0.248823298096152,0.7400429133872218,513.051228411957,0.14556783573206422,0.4222048860935949
2025-03-14,605.1494750976562,529.5878832038879,380.77062617424247,736.5676519071444,273.77187876729784,1024.4416895526535,0.4042909220650723,529.5878832038879,0.142679986250134,0.4042909220650723,470.84019842379365,0.28525448150663957,0.8358114151426852,513.495988321105,0.17848919730846569,0.5102271318035067
2025-03-17,602.4603271484375,530.4723661177106,381.4065642755812,737.7978188419411,274.22911458543985,1026.1526448055104,0.3857326242267853,530.4723661177106,0.1357053932094041,0.3857326242267853,471.46828503060266,0.27783850213664363,0.8165386160134743,514.8325827381303,0.1702062910320481,0.48831471801590437
2025-03-18,580.01123046875,530.7675219017458,381.6187795778387,738.2083308828858,274.3816961608254,1026.723597993202,0.2689385418205942,530.7675219017458,0.09277830035749646,0.2689385418205942,471.6778333662807,0.2296766764071001,0.6885851022445287,515.2788868887582,0.12562584112623787,0.36764694514372165
2025-03-19,581.7044067382812,531.062841910993,381.83111295707425,738.6190713334726,274.53436263287546,1027.2948688602803,0.2760882816586151,531.062841910993,0.0953588932056666,0.2760882816586151,471.88747483760756,0.23271847157728742,0.6968134354859528,515.7255779367999,0.1279339858717785,0.374010891150526
2025-03-20,583.6365966796875,531.3583262368277,382.043564478986,739.030040320789,274.68711404882674,1027.866457583502,0.28445394756058145,531.3583262368277,0.09838609439528989,0.28445394756058145,472.09720948597936,0.23626360197119678,0.7063777534841603,516.1726562176534,0.1307003376668343,0.38162105641325056
2025-03-21,593.84521484375,531.6539749706757,382.2561342093089,739.4412379719932,274.83995045594213,1028.4383643397236,0.33532946814120074,531.6539749706757,0.11697691130119847,0.33532946814120074,472.3070373528091,0.25732874566540276,0.7626492846492705,516.6201220670084,0.14948138773178687,0.43280015323986404
2025-03-24,616.3540649414062,532.5419085353234,382.8945533086407,740.6762041815778,275.29897009729706,1030.1559945764186,0.4430406600971023,532.5419085353234,0.15738133480723726,0.4430406600971023,472.9370806784555,0.3032474934238838,0.8821136329621286,517.964848387336,0.18995346278883862,0.5403030668166491
2025-03-25,623.7839965820312,532.8382158165032,383.1075965306877,741.0883177613318,275.45214694222454,1030.7291752351643,0.47767617060114576,532.8382158165032,0.1706817905809661,0.47767617060114576,473.1472818336191,0.3183717217282527,0.920541640120553,518.4138678734083,0.20325484181367104,0.5748375551643152
2025-03-26,608.5158081054688,533.1346879635901,383.32075829036876,741.5006606418272,275.60540901502566,1031.3026748126651,0.40087303457791335,533.1346879635901,0.14139226323804088,0.40087303457791335,473.3575764145838,0.28553093565044896,0.8365277180433459,518.863276610797,0.1727864266676955,0.49515705028694285
2025-03-27,600.149658203125,533.4313250683159,383.5340386536385,741.9132329506471,275.7587563631213,1031.8764934863684,0.35722345026976915,533.4313250683159,0.12507389423795945,0.35722345026976915,473.5679644628735,0.2672936162052726,0.788940879024933,519.3130749369406,0.1556605969838143,0.44945607407871896
2025-03-28,574.4139404296875,533.7281272224634,383.7474376864881,742.3260348154457,275.9121890339587,1032.4506314338196,0.22268343658973708,533.7281272224634,0.07622947177049522,0.22268343658973708,473.77844602003063,0.2124104531454396,0.6414892276801704,519.7632631895702,0.10514532501729512,0.3106002534926079
2025-03-31,574.035400390625,534.6195249000291,384.38834746297994,743.5658190233244,276.37299945779165,1034.1749626956002,0.21562691402574127,534.6195249000291,0.07372696591649253,0.21562691402574127,474.4104521604072,0.2099973720573356,0.6348538716472752,521.1161708880811,0.10154977423241252,0.3004761665195054
2025-04-01,583.6365966796875,534.9169881707118,384.602221834796,743.9795403900025,276.5267738945978,1034.7503795154762,0.2642207702623196,534.9169881707118,0.09107882080093432,0.2642207702623196,474.62130816882745,0.229688989167933,0.6886184503963358,521.5679222298274,0.11900401041632636,0.3493167543484081
2025-04-02,581.5748901367188,535.2146169504972,384.8162152067002,744.3934919519988,276.6806338917793,1035.3261164983132,0.2518079349277241,535.2146169504972,0.08661996836029884,0.2518079349277241,474.83225789410426,0.22480071744919217,0.6753526295036645,522.020065191113,0.11408531762816931,0.335630749459071
2025-04-03,529.475830078125,535.512411331473,385.0303276449028,744.8076738373916,276.83457949694093,1035.902173822247,-0.034363388793221664,535.512411331473,-0.011272532859395223,-0.034363388793221664,475.0433013778905,0.11458435166299541,0.36129782285773476,522.4726001114296,0.013404013847236662,0.04136592500653529
2025-04-04,502.69439697265625,535.8103714057821,385.2445592156541,745.2220861743359,276.9886107577163,1036.4785516655197,-0.19338438773193944,535.8103714057821,-0.06180540019455194,-0.19338438773193944,475.25443866185924,0.05773740564750485,0.1869479709508462,522.9255273305629,-0.038688358667787304,-0.12258079225318168
2025-04-07,514.1678466796875,536.7052467108781,385.8879693862339,746.4667071770608,277.45121895044235,1038.209610095228,-0.1300364889715189,536.7052467108781,-0.04199213659510104,-0.1300364889715189,475.8884137318497,0.08043783341488786,0.2576686618757671,524.2866661831479,-0.01930016564626036,-0.060546424729872324
2025-04-08,508.3912658691406,537.0038704809499,386.10267815040135,746.8820426031563,277.605593310525,1038.7872718002168,-0.1659703451194543,537.0038704809499,-0.05328193367802603,-0.1659703451194543,476.09992663363295,0.06782470953908892,0.21855939029768634,524.7411660013056,-0.03115802836045134,-0.09833944560117111
2025-04-09,583.4075317382812,537.3026604058265,386.31750637891287,747.2976091226326,277.7600535647804,1039.3652549172211,0.24954206899891104,537.3026604058265,0.08580800865127225,0.24954206899891104,476.3115335442357,0.22484443615535366,0.6754715080686345,525.1960598216348,0.11083760212598714,0.3265609913784551
2025-04-10,544.0867309570312,537.6016165779588,386.5324541382399,747.7134068640735,277.91459976100106,1039.9435596250792,0.036346767186561914,537.6016165779588,0.012063048508582863,0.036346767186561914,476.5232345054395,0.1417842647729708,0.4415982649007204,525.6513479856922,0.03507150327300379,0.10709029003868492
2025-04-11,541.377685546875,537.900739089845,386.7475214948885,748.1294359561284,278.06923194700437,1040.522186102721,0.019530398583928694,537.900739089845,0.006463918348416975,0.019530398583928694,476.7350295590471,0.1355945168275523,0.4234941125530767,526.1070308353312,0.02902575676910768,0.08889104366581413
2025-04-14,529.33642578125,538.7991055898102,387.39344181439475,749.3789126235858,278.53364492229593,1042.2599979451938,-0.05370865066361503,538.7991055898102,-0.01756253807845809,-0.05370865066361503,477.3709796925857,0.10885757262020546,0.3441414676679805,527.4764509207178,0.0035261761113423162,0.010935579766155916
2025-04-15,519.4166259765625,539.0988943867487,387.60898822614365,749.795868406058,278.68862154614675,1042.8399132933068,-0.11273871379823246,539.0988943867487,-0.036509569236968575,-0.11273871379823246,477.5831515341947,0.0875941169783343,0.27965550470318856,527.9337159371476,-0.0161328774872167,-0.05052905958503145
2025-04-16,500.2840881347656,539.3988499867166,387.82465456830624,750.2130561834824,278.84368439927164,1043.4201513073695,-0.22818647330056463,539.3988499867166,-0.0725154713491033,-0.22818647330056463,477.7954176774951,0.047067572490722576,0.15318124771687325,528.3913773528761,-0.053194072467498965,-0.16981696769633584
2025-04-17,499.45745849609375,539.6989724825228,388.04044090761175,750.6304760849407,278.9988335296485,1044.0007121669125,-0.23488523348256093,539.6989724825228,-0.07456288790272281,-0.23488523348256093,478.0077781643983,0.04487307803664731,0.14619370107899912,528.8494355115388,-0.05557721166330665,-0.17764653879740516
2025-04-21,482.7052917480469,540.9011332821298,388.9047875721525,752.3024795152768,279.62029378417265,1046.3261876540266,-0.3450425326458886,540.9011332821298,-0.10759053356194093,-0.3450425326458886,478.858164386967,0.008033960047449495,0.026650193302395757,530.6856424586672,-0.090412000762499,-0.29440394220682564
2025-04-22,498.2622680664063,541.202091651079,389.1211748994151,752.7210619756563,279.775875021416,1046.9083654374497,-0.25057801845591815,541.202091651079,-0.0793415698998381,-0.25057801845591815,479.07099722123974,0.04005934601861072,0.13081462910416236,531.145689496965,-0.06191036109452719,-0.19854988956441608
2025-04-23,518.1717529296875,541.503217473809,389.337682624978,753.1398773360739,279.9315428243412,1047.4908671456444,-0.13350102926151575,541.503217473809,-0.04308647444971081,-0.13350102926151575,479.28392465098744,0.08113735153336932,0.2598242613491317,531.6061353462732,-0.025271308066892262,-0.07952000196783156
2025-04-24,530.999755859375,541.8045108434915,389.554310815831,753.5589257261157,280.0872972411135,1048.0736929588431,-0.0610596362131541,541.8045108434915,-0.019942165057458494,-0.0610596362131541,479.49694671825364,0.10741008778807459,0.3397910464758346,532.0669803523184,-0.0020058085398133585,-0.006237747443656726
2025-04-25,545.0628051757812,542.1059718533497,389.77105953900127,753.9782072754397,280.24313831992504,1048.6568430573786,0.016488306058490172,542.1059718533497,0.0054543456002202895,0.016488306058490172,479.7100634651008,0.13623383515996412,0.4253685937404498,532.5282248611262,0.023537870350297085,0.07227827923332131
2025-04-28,547.5228881835938,543.0113616569926,390.422029573246,755.2374521767682,280.71118201091826,1050.4082408698366,0.025080245297142527,543.0113616569926,0.008308346464122485,0.025080245297142527,480.34998220403344,0.13984159148157915,0.4359268048621685,533.9143588688815,0.0254882250096109,0.07819251482127247
2025-04-29,552.203857421875,543.3134941608265,390.63926109670246,755.6576676612455,280.8673702203442,1050.9926899150526,0.04919884153792092,543.3134941608265,0.01636322925271738,0.04919884153792092,480.563478090203,0.1490757883149516,0.46279947361575674,534.3772048549994,0.033359680025484506,0.10194807387681547
2025-04-30,546.7858276367188,543.6157947717321,390.85661348817143,756.0781169543783,281.02364533317234,1051.5774641487744,0.017624775590186405,543.6157947717321,0.0058313847674675845,0.017624775590186405,480.777068866547,0.13729597987231434,0.42848047130071726,534.8404520785127,0.022334465375204005,0.06862346162044028
2025-05-01,569.9022216796875,543.9182635832444,391.0740868149042,756.4988001862584,281.18000739775596,1052.1625637519376,0.14145360051082814,543.9182635832444,0.047771806604295586,0.14145360051082814,480.99075457523986,0.18485067801971544,0.5649086052770448,535.3041008872513,0.06463264663037482,0.19457339801302237
2025-05-02,594.6121826171875,544.2209006889505,391.29168114418934,756.9197174870496,281.33645646247516,1052.7479889055783,0.2684257061994936,544.2209006889505,0.09259343377743257,0.2684257061994936,481.20453525847466,0.23567451893984526,0.704790382790511,535.7681516293454,0.1098311476874636,0.32374492586253806
2025-05-05,596.8531494140625,545.1298227078844,391.94519082080666,758.1838751056164,281.80632614165114,1054.5062194812385,0.27476989978634314,545.1298227078844,0.09488258493957824,0.27476989978634314,481.8464475776513,0.23867915269392426,0.7128789092685781,537.1627189416031,0.111121692492119,0.32735541618443625
2025-05-06,584.9412841796875,545.4331339272785,392.163269833936,758.6057299851401,281.9631236912521,1055.0929486491652,0.2119758627178717,545.4331339272785,0.07243445217187072,0.2119758627178717,482.0606085813666,0.2134185489685283,0.6442573233003136,537.628380904471,0.08800298673894469,0.2620330284600297
2025-05-07,594.4030151367188,545.7366139095847,392.3814701866234,759.0278195854833,282.12000848329376,1055.6800042742643,0.25892873775766506,545.7366139095847,0.08917562059561002,0.25892873775766506,482.2748647708734,0.23249843306496376,0.6962188928614987,538.0944465458813,0.10464439644804302,0.3091917522129324
2025-05-08,595.5982055664062,546.0402627487009,392.59979194638106,759.4501440372421,282.276980566317,1056.2673865381732,0.2633314849882098,546.0402627487009,0.09075877036655977,0.2633314849882098,482.489216188478,0.2344280153481062,0.7014289996174301,538.5609162157805,0.10590684847946363,0.3127402679194806
2025-05-09,590.1004028320312,546.3440805385815,392.8182351807614,759.8727034710912,282.43403998889164,1056.8550956226381,0.2335352440748404,546.3440805385815,0.0800893134054188,0.2335352440748404,482.70366287650484,0.22249000414774733,0.6690633620805464,539.0277902644171,0.09474949805938704,0.2812377728601759
2025-05-12,636.8511352539062,547.256548553108,393.4742944077083,761.1417929729772,282.90574278001424,1058.6201856182947,0.45958571421351435,547.256548553108,0.16371587866363124,0.45958571421351435,483.34757498665505,0.31758421519232694,0.9185516291737131,540.4308421897974,0.1784137498026923,0.5100282314413123
2025-05-13,653.3841552734375,547.5610430866102,393.69322421684,761.565293643354,283.0631520470219,1059.2092038044236,0.5355872945438857,547.5610430866102,0.1932626755006177,0.5355872945438857,483.56240317999936,0.3511889075260144,1.0024301290675464,540.8993372619504,0.2079588756401307,0.5869593706115814
2025-05-14,656.7007446289062,547.8657070414206,393.91227583891276,761.9890299502686,283.22064889682997,1059.7985497213347,0.5492487191946837,547.8657070414206,0.19865276506393448,0.5492487191946837,483.77732685567327,0.35744423761476063,1.0178131009904021,541.3682384686455,0.21303892242828826,0.5999972314580868
2025-05-15,641.2831420898438,548.1705405118075,394.131449341705,762.4130020248319,283.37823337817065,1060.388223551382,0.47554926233961026,548.1705405118075,0.16986064499398346,0.47554926233961026,483.99234605611605,0.32498612284974193,0.9372093106486411,541.8375461619574,0.18353396997365268,0.5234977298162258
2025-05-16,637.7574462890625,548.4755435920879,394.3507447930299,762.8372099982232,283.53590553980126,1060.9782254770128,0.45715199994648603,548.4755435920879,0.16278192116324397,0.45715199994648603,484.20746082378275,0.31711610805014234,0.9173681694586514,542.3072606942656,0.17600757451154347,0.503678203772012
2025-05-19,637.8471069335938,549.3915714362716,395.009363516919,764.1112506242854,284.0094485944274,1062.7502016534609,0.45251982461601853,549.3915714362716,0.16100635702523292,0.45251982461601853,484.8533789549842,0.31554637880086656,0.9133965370230986,543.7188488535547,0.1731193580625554,0.49603886344185083
2025-05-20,634.5304565429688,549.697253900367,395.229147441279,764.5364035062693,284.16747196534607,1063.3415177879804,0.43503108191495665,549.697253900367,0.15432713560176858,0.43503108191495665,485.06887641649706,0.30812444869816535,0.8945536213797265,544.1901942717631,0.1660086183509779,0.47715049165791434
2025-05-21,632.9369506835938,550.0031064467391,395.4490536538127,764.9617929440869,284.32558326075474,1063.9331629318683,0.4257231023492192,550.0031064467391,0.15078795604018236,0.4257231023492192,485.2844696578013,0.30425964616157963,0.8846992249989695,544.6619482954545,0.1620730118276117,0.46664669591824015
2025-05-22,634.0026245117188,550.3091291700204,395.6690822225602,765.387419069356,284.4837825295736,1064.5251372681828,0.42913633986396216,550.3091291700204,0.15208451196861916,0.42913633986396216,485.50015872146844,0.305875215739005,0.8888221193525991,545.1341112788471,0.16302137656436932,0.4691810495812935
2025-05-23,624.5309448242188,550.6153221648989,395.8892332156017,765.8132820137718,284.64206982075206,1065.1174409800894,0.38182391619893935,550.6153221648989,0.13424185576365688,0.38182391619893935,485.7159436500872,0.2857946151220738,0.8372107777822224,545.6066835764639,0.1446541320395942,0.41972597921123955
2025-05-27,639.7294311523438,551.8417987559601,396.77106279361453,767.5191046193263,285.276100188984,1067.489953250465,0.4479631261104323,551.8417987559601,0.1592623693865025,0.4479631261104323,486.58004286652283,0.31474654690643034,0.9113710286325203,547.5010730104126,0.16845329203615478,0.4836572795599865
2025-05-28,640.9844360351562,552.1488445309685,396.991826930639,767.9461536374379,285.4348283271413,1068.0839065913474,0.4522177405572431,552.1488445309685,0.16089065907518196,0.4522177405572431,486.79630775939853,0.3167405459286392,0.9164183761986375,547.9756972077743,0.16973150324240782,0.4870539719501404
2025-05-29,642.4484252929688,552.4560611468016,397.21271390122865,768.3734402663955,285.5936447819218,1068.6781904089428,0.45744692644318086,552.4560611468016,0.1628950616622049,0.45744692644318086,487.01266877315874,0.3191616286109573,0.9225365229076277,548.4507328529666,0.1713876685897362,0.4914495159396804
2025-05-30,644.8786010742188,552.7634486985154,397.4337237737283,768.8009646384064,285.752549602465,1069.2728048871293,0.46720526484175817,552.7634486985154,0.16664479641804997,0.46720526484175817,487.2291259505248,0.3235633231411177,0.9336310237696114,548.9261803026702,0.17480022672382223,0.5004870502949206
2025-06-02,668.1942138671875,553.6866379202962,398.09749148670574,770.0849655359333,286.22979475047634,1071.0586341255482,0.5698055811224695,553.6866379202962,0.2068093540725373,0.5698055811224695,487.8790748917606,0.3695898189842044,1.0474798563053591,550.3549970502957,0.2141149211844493,0.6027517574791623
2025-06-03,664.1604614257812,553.9947101671527,398.3189936510543,770.5134422036999,286.38905352601273,1071.6545730869245,0.5497652680151937,553.9947101671527,0.19885704544974647,0.5497652680151937,488.09591715114794,0.36071710106133015,1.0258334320691198,550.8320952910401,0.20574031016631755,0.5812482462822818
2025-06-04,685.1753540039062,554.3029538259646,398.54061905960776,770.9421572766597,286.5484009134199,1072.2508436298167,0.64250424535888,554.3029538259646,0.2361026569940161,0.64250424535888,488.31285578803517,0.40314830109925337,1.1281019541370918,551.3096071243427,0.2428141014589129,0.6753337726068547
2025-06-05,681.8588256835938,554.6113689921058,398.7623677809394,771.3711108874614,286.7078369620017,1072.8474459387176,0.6261102602133601,554.6113689921058,0.22943535564864903,0.6261102602133601,488.529890845258,0.39573614319450656,1.1104618907476163,551.7875329087442,0.23572713230612452,0.657567432817079
2025-06-06,694.8960571289062,554.9199557610033,398.9842398836608,771.8003031688281,286.86736172108925,1073.444380198222,0.6818340671602064,554.9199557610033,0.25224557148236504,0.6818340671602064,488.74702236567146,0.42179087611708854,1.1720604207113197,552.2658730030952,0.25826362101684985,0.7137156046614523
2025-06-09,691.2608032226562,555.8467466393001,399.65059716684993,773.0893133646547,287.34646875511106,1075.237176527852,0.6608768221073785,555.8467466393001,0.2436176111528614,0.6608768221073785,489.3989961348894,0.41246878044704705,1.1501518059630547,553.7033827390194,0.24843160575103918,0.6893444770578226
2025-06-10,699.567138671875,556.1560207745546,399.8729634820079,773.519461656987,287.5063488500832,1075.835440437778,0.6953972051973208,556.1560207745546,0.25786130607305613,0.6953972051973208,489.61651393699503,0.4288062570575324,1.1884533182013586,554.1833836679016,0.26233871185696844,0.723760969743912
2025-06-11,691.3404541015625,556.4654669904983,400.0954535221865,773.9498492846085,287.66631790262994,1076.4340372228276,0.657853877746481,556.4654669904983,0.24237800027466427,0.657853877746481,489.83412841685157,0.4113766558814129,1.1475756585683392,554.6638007056588,0.24641350890759384,0.6843183797178727
2025-06-12,690.5635375976562,556.7750853828753,400.31806735622524,774.3804763806831,287.82637596224635,1077.0329670682092,0.6527594497864241,556.7750853828753,0.2402917366943227,0.6527594497864241,490.05183961742785,0.40916425930930744,1.1423508534793834,555.1446342130125,0.24393445426454874,0.6781331106571585
2025-06-13,680.1158447265625,557.0848760474869,400.5408050530046,774.8113430784543,287.98652307845714,1077.6322301592422,0.6048631328977488,557.0848760474869,0.22084779890629846,0.6048631328977488,490.2696475817136,0.3872281265652022,1.0900979659552505,555.6258845509968,0.22405356488416017,0.6280796001349535
2025-06-16,699.8262939453125,558.0152826335135,401.209762009147,776.1053821154554,288.46749926230217,1079.4320207609337,0.686403320679564,558.0152826335135,0.2541346370345485,0.686403320679564,490.9236524869913,0.4255297955191859,1.1808072248896238,557.0721401637695,0.25625793050712553,0.7087594935335094
2025-06-17,694.9522705078125,558.3257633461186,401.4329958464442,776.5372085538975,288.6280031006768,1080.0326186897805,0.6635321862273275,558.3257633461186,0.24470750972133826,0.6635321862273275,491.14184793637713,0.4149726263965947,1.1560504683081934,557.5550614408805,0.24642805449897365,0.6843546348166144
2025-06-18,693.4970703125,558.6364168107528,401.6563538914515,776.9692752613496,288.7885962436769,1080.6335507923995,0.6554922234371365,558.6364168107528,0.24141042267109025,0.6554922234371365,491.3601403647004,0.41138243284806997,1.1475892907535648,558.0384013584925,0.24274076591189075,0.6751504468157323
2025-06-20,680.120849609375,559.2582423806442,402.1034428810754,777.8341300181085,289.1100506423403,1081.8364182628045,0.5930827522855568,559.2582423806442,0.21611233964875365,0.5930827522855568,491.7970163305906,0.38293000369118,1.0797628811073707,559.0063385671979,0.21666035371371373,0.6092582858037361
2025-06-23,696.248046875,560.1922787804349,402.77500965232815,779.1332175154043,289.5929032681608,1083.6432304234536,0.6590621791845582,560.1922787804349,0.24287333697416358,0.6590621791845582,492.45305869965756,0.4138363739956685,1.153374933262594,560.4613932671454,0.24227655149679794,0.6739897425136666
2025-06-24,709.8734130859375,560.503970777633,402.99911439624447,779.5667286469384,289.7540332833594,1084.2461714769722,0.7161228570520172,560.503970777633,0.26649131869854936,0.7161228570520172,492.67193390744166,0.4408643241676955,1.216442334751211,560.947252660021,0.2654904890249594,0.73150809165199
2025-06-25,706.3648681640625,560.815836200823,403.2233438324464,780.0004809848515,289.91525295159045,1084.8494480079855,0.6994179083387967,560.815836200823,0.2595308879814151,0.6994179083387967,492.8909063962887,0.4331059043644414,1.1984606037236423,561.4335332404263,0.25814513445097576,0.7134230410479265
2025-06-26,723.718017578125,561.1278751464977,403.4476980303115,780.4344746633486,290.076562322736,1085.45306020315,0.7712988888699496,561.1278751464977,0.2897559533808203,0.7712988888699496,493.1099762094344,0.4676604662136188,1.2778116420523253,561.9202353734852,0.28793727653729984,0.7861309211171778
2025-06-27,731.2334594726562,561.4400877112066,403.6721770592585,780.8687098167142,290.2379614467077,1086.0570082492325,0.8009279749876189,561.4400877112066,0.30242473859256713,0.8009279749876189,493.3291433901368,0.48224257429360695,1.3107388980840753,562.4073594246382,0.30018472770472426,0.81553425662702
2025-06-30,735.6788330078125,562.3777680858245,404.3463638273442,782.1728654699616,290.7226978351033,1087.870869362184,0.8142414311265452,562.3777680858245,0.30815774512540917,0.8142414311265452,493.98722957043617,0.4892669060444086,1.3264848215138996,563.8712667458205,0.3046928907257809,0.826287639472962
2025-07-01,716.8704223632812,562.6906760932258,404.57134287556613,782.6080678671165,290.88445647004284,1088.4761626816562,0.7340515472655856,562.6906760932258,0.27400444475200647,0.7340515472655856,494.20678665431416,0.4505475070796934,1.2387497492611645,564.3600821300955,0.27023587433320495,0.7431360104084682
2025-07-02,711.2388916015625,563.0037582032083,404.7964471025375,783.0435124116722,291.0463051077794,1089.0817927874261,0.7084591496073785,563.0037582032083,0.2632933283987968,0.7084591496073785,494.4264413223207,0.4385130570674718,1.2110030360777781,564.8493212644248,0.2591657010571282,0.7159420918068796
2025-07-03,716.6610717773438,563.3170145126431,405.0216765779079,783.4791992383603,291.2082437983908,1089.6877598668823,0.729794007062525,563.3170145126431,0.27221627132524495,0.729794007062525,494.6461936178275,0.44883571535384914,1.2348171039058988,565.3389845161535,0.2676661107860794,0.7368445589015192
2025-07-07,716.0032348632812,564.5717836842125,405.9238483577306,785.2243720636842,291.85690009211413,1092.115001672991,0.7202659370845912,564.5717836842125,0.26822355554306343,0.7202659370845912,495.5261799429747,0.4449352301540943,1.2258388025717333,567.3018860551279,0.26212031453338636,0.7232234290185086
2025-07-08,718.315673828125,564.8859124458612,406.1497051211987,785.6612723246274,292.019289799241,1092.7226564353577,0.7283537870608872,564.8859124458612,0.2716119449995462,0.7283537870608872,495.74642102723936,0.44895786103649216,1.2350978735217115,567.7936754151924,0.26509981517998615,0.7305488569386949
2025-07-09,730.3861694335938,565.2002159893211,406.37568755177847,786.098415677666,292.18176986029465,1093.3306492979332,0.7771804649421633,565.2002159893211,0.2922609524398938,0.7771804649421633,495.9667599996427,0.47265145235563755,1.2891182623710675,568.2858911034269,0.2852442421461856,0.7796280668560809
2025-07-10,724.8642578125,565.5146944118411,406.60179571939136,786.535802258057,292.34434032554816,1093.9389804488374,0.7524906031742491,565.5146944118411,0.28177793605591295,0.7524906031742491,496.1871969036916,0.46086852368581765,1.2623632001010365,568.7785334894115,0.2744226709216939,0.7533591696344849
2025-07-11,715.166015625,565.8293478107244,406.82802969399773,786.9734322011324,292.5070012453026,1094.547650076294,0.7099750986717487,565.8293478107244,0.26392527781049324,0.7099750986717487,496.4077317829121,0.440682668370997,1.2160224182058725,569.2716029430468,0.2562826108446328,0.708820527332448
2025-07-14,718.5648193359375,566.7743588393951,407.5074871599647,788.2877835609168,292.99552723500204,1096.3756917017945,0.7192883794378488,566.7743588393951,0.26781462169066605,0.7192883794378488,497.06992470716375,0.44560107867974885,1.2273731950219067,570.7533774136762,0.2589760267246375,0.7154740757193053
2025-07-15,708.0692749023438,567.0897131178436,407.73422506292644,788.7263883095575,293.15855047633056,1096.985717119799,0.6730012085423681,567.0897131178436,0.24860186761173697,0.6730012085423681,497.2908519227262,0.42385340925670256,1.1768883381224098,571.2481588433398,0.2395125724974565,0.6670698009374608
2025-07-16,700.6136474609375,567.4052428599842,407.9610891232683,789.165237098675,293.3216644240859,1097.5960819570514,0.639228776399724,567.4052428599842,0.23476766610319189,0.639228776399724,497.5118773313841,0.40823501786324345,1.1401539062731925,571.7433691949736,0.22539881563893926,0.6314920530958829
2025-07-17,699.1185913085938,567.7209481634432,408.18807941118297,789.6043300640513,293.4848691287363,1098.2067864024013,0.6310674094995339,567.7209481634432,0.23144758630136386,0.6310674094995339,497.73300097678026,0.40460566194446157,1.1315593373511286,572.2390088404061,0.2217248046848439,0.6221634363619459
2025-07-18,701.9793090820312,568.0368291259049,408.4151959969051,790.043667341549,293.6481646407801,1098.8178306448115,0.6417593613777061,568.0368291259049,0.23579893606940416,0.6417593613777061,497.95422290257653,0.4097265909106904,1.1436796352697434,572.7350781517895,0.22566145476423705,0.6321578439435755
2025-07-21,710.6408081054688,568.9855269449413,409.09730424382957,791.363146406496,294.1385965266623,1100.6530040455489,0.6738732626145479,568.9855269449413,0.2489611324933314,0.6738732626145479,498.6184787992827,0.4252195582818241,1.1800823311928839,574.2258678079959,0.23756320978400436,0.6621800601467129
2025-07-22,702.5075073242188,569.3021115213245,409.3249267238932,791.8034622925882,294.3022557738128,1101.2654093678802,0.6372949141095189,569.3021115213245,0.23398015413456763,0.6372949141095189,498.84009428369166,0.40828196324712596,1.1402649310612032,574.7236595111498,0.22233963348883146,0.6237264902424444
2025-07-23,711.2489013671875,569.6188722459376,409.5526758535158,792.2440231712343,294.4660060812639,1101.8781554336388,0.6730937492967298,569.6188722459376,0.24863998723009306,0.6730937492967298,499.06180826710295,0.42517197185828315,1.1799711278151874,575.2218827458557,0.23647747539088515,0.6594532859713147
2025-07-24,712.4649047851562,569.9358092167918,409.78055170316674,792.6848291787517,294.6298474996828,1102.4912424324186,0.676585594619389,569.9358092167918,0.25007920762906366,0.676585594619389,499.2836207932967,0.4269743190316202,1.1841803915923028,575.7205378862046,0.23751865340954748,0.6620682058520043
2025-07-25,710.3517456054688,570.2529225319489,410.0085543433519,793.1258804515276,294.79378007976277,1103.1046705539115,0.665895637416024,570.2529225319489,0.2456783955643309,0.665895637416024,499.5055319060693,0.422109867121649,1.17280756320088,576.2196253066118,0.2327795069935079,0.6501480023270735
2025-07-28,715.28564453125,571.2053215247014,410.69332371277955,794.4505072264576,295.28612529733925,1104.9470035532258,0.68181843093102,571.2053215247014,0.25223911188705195,0.68181843093102,500.1718572021415,0.43007975005313326,1.191420466016305,577.7194849972072,0.23811930029451545,0.6635757307435801
2025-07-29,697.7132568359375,571.5231411988028,410.9218342209619,794.892540925693,295.45042303157294,1105.5617980646484,0.6047349206958209,571.5231411988028,0.22079616124107182,0.6047349206958209,500.3941630996054,0.394327328908221,1.1070984860032629,578.2203052884979,0.2066564429760378,0.583607866501046
2025-07-30,692.9389038085938,571.841137708347,411.15047187280504,795.3348205732796,295.6148121813636,1106.176934648851,0.5822354328417518,571.841137708347,0.21176819594607332,0.5822354328417518,500.616567802932,0.38417093714998574,1.0827500718406602,578.7215597367984,0.197361480923125,0.5595839134664667
2025-07-31,770.913330078125,572.1593111517232,411.37923673905055,795.7773463060607,295.77929279757404,1106.7924134961602,0.9037790624422014,572.1593111517232,0.34737531147805956,0.9037790624422014,500.8390713560377,0.5392435897440122,1.4364150700274276,579.2232487184756,0.33094334832685224,0.8881744577693963
2025-08-01,747.5598754882812,572.4776616273798,411.60812889048213,796.2201182609615,295.9438649310974,1107.408234797015,0.8088484391292338,572.4776616273798,0.30583239416398533,0.8088484391292338,501.0616738028555,0.49195181865458615,1.3324837800969989,579.7253726102236,0.28950691276867846,0.7899148431980009
2025-08-04,773.8338012695312,573.433776233309,412.29556976430183,797.5499128287353,296.43813094488627,1109.2577553267868,0.9084961616851426,573.433776233309,0.3494737027047512,0.9084961616851426,501.730074945227,0.542330906422162,1.4430884842878668,581.2343575177251,0.33136279929207846,0.8891533966843631
2025-08-05,760.9658813476562,573.7528358236417,412.52497176508575,797.9936710428548,296.60306965714625,1109.8749483482945,0.8559810218745109,573.7528358236417,0.3262956343479573,0.8559810218745109,501.9530734066348,0.5160100050452203,1.3857607182813936,581.7382248232242,0.3080898742366378,0.8343659913673234
2025-08-06,769.468017578125,574.0720729393078,412.7545014055579,798.4376761648473,296.76810014160407,1110.4924847771158,0.8879742230559943,574.0720729393078,0.34036831584293936,0.8879742230559943,502.17617098172116,0.53226708482377,1.421285518507813,582.2425289271654,0.32155928045300897,0.8661923407454347
2025-08-07,759.3412475585938,574.3914876790823,412.98415875673714,798.8819283320928,296.93322244932193,1111.1103648043231,0.8461304010141174,574.3914876790823,0.32199251529097284,0.8461304010141174,502.39936771453927,0.5114295446128976,1.3756827399793,582.7472702082051,0.303036987693301,0.822342114985416
2025-08-08,766.786865234375,574.7110801417958,413.21394388968207,799.3264276820477,297.0984366313905,1111.7285886210952,0.8740215862528116,574.7110801417958,0.33421277530474813,0.8740215862528116,502.6226636491603,0.5255716080674111,1.4067004974387576,583.2524490453287,0.314674060073741,0.8499642521111829
2025-08-11,763.3681030273438,575.670924856699,413.9040666902882,800.6614102038807,297.5946309350331,1113.5853247221835,0.8554182829572969,575.670924856699,0.3260494321775378,0.8554182829572969,503.2931471048498,0.516746467577698,1.3873782490818254,584.770614687984,0.3054146084865328,0.8280057116148264
2025-08-12,787.419189453125,575.9912292005724,414.1343636616712,801.1068996607678,297.7602131259795,1114.2049256111306,0.9477613078620766,575.9912292005724,0.36706802036898534,0.9477613078620766,503.5168402877899,0.5638388360617055,1.489211722968434,585.2775475458703,0.3453774072743019,0.921685420868421
2025-08-13,777.5316162109375,576.3117117623622,414.36478877070573,801.5526369887946,297.9258874471564,1114.8248712471332,0.9077715827894753,576.3117117623622,0.3491511630628581,0.9077715827894753,503.7406328931846,0.5435157806215898,1.4456461121279949,585.7849198597005,0.3273329337278974,0.8797354844549043
2025-08-14,779.5748901367188,576.6323726412289,414.5953420886877,801.9986223258769,298.0916539498253,1115.445161822009,0.9140407307860577,576.6323726412289,0.35194437066709283,0.9140407307860577,503.9645249652232,0.5468844561837254,1.4529069052269707,586.2927320104347,0.3296683509336835,0.8851968998375683
2025-08-15,782.664794921875,576.9532119363888,414.8260236869528,802.4448558100075,298.25751268527614,1116.0657975276824,0.924345292831031,576.9532119363888,0.35654811989878765,0.924345292831031,504.1885165481144,0.5523257060282247,1.4646015630286071,586.8009843793651,0.3337823482857085,0.89479426627994
2025-08-18,764.8631591796875,577.9168013126141,415.51883887739945,803.7850465257676,298.75564280164787,1117.9297773503386,0.8495464014071148,577.9168013126141,0.32348316823886214,0.8495464014071148,504.86108880428736,0.51499724605671,1.383535059519686,588.3283866131998,0.30006162643746714,0.8152400987962113
2025-08-19,749.0250854492188,578.23835526621,415.7500343109482,804.2322739795544,298.9218709816969,1118.5517955005862,0.7844339874762432,578.23835526621,0.29535697282547413,0.7844339874762432,505.08547887307105,0.4829669764421205,1.3123661836787137,588.8384036744371,0.2720384417442774,0.7475415749118353
2025-08-20,745.27734375,578.5600881330072,415.9813583820544,804.6797502715053,299.08819165140596,1119.174159742858,0.7675432138693221,578.5600881330072,0.28815892944669486,0.7675432138693221,505.30996867404656,0.4748914328874956,1.294180279689666,589.3488628652896,0.26457755450077425,0.7292660698322666
2025-08-21,736.6854858398438,578.882000012553,416.2128111622918,805.1274755400739,299.25460486223625,1119.7968702697187,0.7307091869596691,578.882000012553,0.2726004363995922,0.7307091869596691,505.53455825154043,0.4572406056428071,1.2540819558560026,589.8597645690351,0.2489163189119754,0.6905504516335971
2025-08-22,752.32421875,579.2040910044519,416.44439272327554,805.575449923793,299.42111066567855,1120.419927273845,0.7926975239146877,579.2040910044519,0.2988931370379728,0.7926975239146877,505.75924764990043,0.48751450862402845,1.3225635660065005,590.3711091692843,0.2743242463348201,0.7531192259775404
2025-08-25,750.8390502929688,580.1714396511206,417.13991080743654,806.9208691523104,299.9211841470039,1122.2911790781432,0.7816493954070478,580.1714396511206,0.29416754941345813,0.7816493954070478,506.433915213932,0.4826002519515169,1.311542478921417,591.9078041901524,0.2685067589542358,0.7389040874705427
2025-08-26,751.636474609375,580.4942480895668,417.37200820833976,807.3698413834793,300.08806083636597,1122.9156239202023,0.783180861387609,580.4942480895668,0.2948215715884268,0.783180861387609,506.65900433961286,0.48351547721740284,1.3135977984775653,592.4209242191803,0.26875409675990625,0.7395097877469595
2025-08-27,744.9384155273438,580.817236139211,417.604234748656,807.8190634236083,300.25503037621934,1123.5404162044988,0.7543617194549238,580.817236139211,0.28256940251820617,0.7543617194549238,506.8841935081877,0.46964222808283473,1.2823057371907203,592.93448906776,0.25635871965985935,0.7090087347989525
2025-08-28,748.6563110351562,581.1404038999913,417.83659050024,808.2685354116945,300.42209281822727,1124.1655561243547,0.7677663566608836,581.1404038999913,0.28825376107215717,0.7677663566608836,507.10948276412114,0.47632086656007,1.2974065668664416,593.448499121502,0.2615354359197346,0.7217834106805842
2025-08-29,736.286865234375,581.4637514718971,418.0690755349837,808.7182574868065,300.58924821407953,1124.7910438731908,0.7155797735739388,581.4637514718971,0.26626442898729974,0.7155797735739388,507.3348721518991,0.451283768670107,1.2404397987755469,593.9629547663503,0.23961748679092487,0.6673327476440643
2025-09-02,732.70849609375,582.7589418725692,419.0003099448331,810.5196494416681,301.2588003707644,1127.2964770306294,0.6940677556117664,582.7589418725692,0.2573097441273926,0.6940677556117664,508.23743191183223,0.4416657453535584,1.2182942726340535,596.0252409874256,0.22932460860195025,0.641429105540361
2025-09-03,734.6422119140625,583.0831900019316,419.2334424751815,810.9706240406996,301.4264213122129,1127.9237068295229,0.7003708718372873,583.0831900019316,0.25992692725651856,0.7003708718372873,508.463322626792,0.4448283272799285,1.2255923879333033,596.5419303887003,0.23150138236783713,0.6469253354255247
2025-09-04,746.204345703125,583.4076185435388,419.4667047208908,811.4218495628123,301.5941355182559,1128.551285620209,0.7460197160592211,583.4076185435388,0.279044568471704,0.7460197160592211,508.68931374091846,0.46691570973943386,1.2761211686541942,597.0590677037864,0.24979987084516186,0.6927475401550065
2025-09-05,749.9918823242188,583.7322275977743,419.7000967541362,811.8733261476231,301.761943040787,1129.1792135968715,0.7596802934265621,583.7322275977743,0.28482178448610007,0.7596802934265621,508.9154052988363,0.47370638521705155,1.2915032096341141,597.5766533209767,0.2550555282844613,0.7057845326091121
2025-09-08,749.8423461914062,584.7071388408982,420.4010523014248,813.2292636755388,302.26592602666403,1131.0650945861184,0.7540175663591229,584.7071388408982,0.28242379198219814,0.7540175663591229,509.59428308186597,0.4714496827880319,1.286399270348244,599.1321038731514,0.2515475991754954,0.6970889657065313
2025-09-09,763.1985473632812,585.0324709505772,420.63496420735373,813.6817459088306,302.4341073346489,1131.6944212506355,0.8058480866327082,585.0324709505772,0.3045404917836694,0.8058480866327082,509.820776861577,0.4969938103768172,1.343720096425581,599.6514865884233,0.27273685537798076,0.7492468547821635
2025-09-10,749.5233764648438,585.3579840756307,420.86900626229027,814.1344799040554,302.6023822190178,1132.324098073647,0.749355675216651,585.3579840756307,0.28045298237189864,0.749355675216651,510.047371308494,0.4695171833588503,1.2820223490559262,600.1713195523184,0.24884904034389788,0.6903830893905519
2025-09-11,748.4469604492188,585.6836783167756,421.10317853864944,814.587465801294,302.77075073183664,1132.9541252499819,0.7433132336880182,585.6836783167756,0.27790305271988514,0.7433132336880182,510.2740664673578,0.46675484731320727,1.275755924978451,600.6916031551538,0.24597539988568973,0.6832261882552741
2025-09-12,753.1216430664062,586.0095537747854,421.33748110888683,815.0407037407052,302.93921292520065,1133.5845029745774,0.7605006792792263,586.0095537747854,0.2851695645833192,0.7605006792792263,510.500862382932,0.4752602758611637,1.295013071794156,601.2123377875838,0.2526716365100512,0.6998779161970007
2025-09-15,762.2018432617188,586.9882684585789,422.0411713080269,816.4019312147318,303.4451621099483,1135.477741388926,0.7917702908663206,586.9882684585789,0.2984958715840229,0.7917702908663206,511.18185511783605,0.4910580953348165,1.330488114189818,602.7772517740812,0.2644834240483074,0.7290348083888492
2025-09-16,776.4551391601562,587.3148697929033,422.2759957791378,816.8561787259811,303.61399954702296,1136.109523258106,0.8462446983444402,587.3148697929033,0.32204236448831414,0.8462446983444402,511.40905450827097,0.5182663120947906,1.3907138808788069,603.2997944382226,0.28701376383390187,0.783902453626853
2025-09-17,773.1858520507812,587.6416528488011,422.51095090700915,817.3106789813673,303.782930925553,1136.7416566518607,0.8317686837920963,587.6416528488011,0.31574378416248905,0.8317686837920963,511.63635487952655,0.5112019399654291,1.3751811655859199,603.8227900903207,0.28048471296541644,0.768101868134462
2025-09-18,777.7011108398438,587.9686177273821,422.74603676433867,817.7654321215177,303.95195629780756,1137.3741417657789,0.847732752941559,587.9686177273821,0.322691530452452,0.847732752941559,511.8637562764842,0.5193517831720966,1.3930941416280496,604.3462391230678,0.28684694384517284,0.7834997408261453
2025-09-19,775.837158203125,588.2957645298131,422.9812534238644,818.2204382871379,304.12107571608504,1138.0069787955588,0.8387729073174728,588.2957645298131,0.318787597974977,0.8387729073174728,512.0912587440457,0.5150369098389651,1.3836222534056009,604.8701419294956,0.2826507781128953,0.7733527523254818
2025-09-22,763.175048828125,589.2782974927143,423.68768894360744,819.5869763450468,304.6289987704739,1139.9076033386777,0.7838354804147236,589.2782974927143,0.2951012315833008,0.7838354804147236,512.7743730196705,0.48832525372489477,1.324378305259654,606.4445769262941,0.25844154250039497,0.7141548715198173
2025-09-23,753.4404907226562,589.6061730033357,423.923429540109,820.0429960211677,304.7984948964078,1140.5418499910593,0.7432366433047436,589.6061730033357,0.27787076394533217,0.7432366433047436,513.0022802190641,0.46868838555828507,1.2801434395843696,606.9702987645826,0.2413136067056274,0.6715806478469837
2025-09-24,758.6867065429688,589.9342309444842,424.1593013031049,820.4992694274614,304.9680853302928,1141.1764495394252,0.762583712060687,589.9342309444842,0.2860530322648205,0.762583712060687,513.2302887138704,0.47825785661286657,1.3017734474761233,607.4964763468283,0.24887425044062939,0.690445803112311
2025-09-25,746.9672241210938,590.2624714176641,424.39530430557596,820.9557967051028,305.1377701246017,1141.811402180127,0.7137090091223218,590.2624714176641,0.26548317111718744,0.7137090091223218,513.4583985491107,0.45477652372969923,1.2484455695496952,608.0231100681118,0.22851781741884314,0.6393895313441671
2025-09-26,741.8206787109375,590.590894524438,424.6314386205453,821.4125779953488,305.30754933183755,1142.4467081096286,0.6910658776656858,590.590894524438,0.2560652146665323,0.6910658776656858,513.6866097698262,0.44411137958868374,1.22393932863337,608.5502003238557,0.21899668805656214,0.6152183560163803
2025-09-29,741.4716186523438,591.577260662775,425.3406301712648,822.7844473554261,305.81745395656435,1144.354747597168,0.6845809297940547,591.577260662775,0.25338086494675993,0.6845809297940547,514.3718521955449,0.44150893072287345,1.2179319837098668,610.134214257231,0.21525985811990744,0.6056800837642009
2025-09-30,732.4749755859375,591.9064153206631,425.5772904672557,823.2422461102016,305.9876113411138,1144.99146864866,0.6458907839256943,591.9064153206631,0.23748443440864198,0.6458907839256943,514.6004694089805,0.42338575094419606,1.1757942705505353,610.6631346119117,0.19947469246107286,0.565062103854407
2025-10-01,715.4791870117188,592.2357531207971,425.8140824414626,823.7002995850308,306.1578634015392,1145.6285439728947,0.5730421280922667,592.2357531207971,0.20809860472200148,0.5730421280922667,514.8291882334003,0.38974091478153117,1.096125288031126,611.1925134833167,0.17062819198168833,0.4894345998179642
2025-10-02,725.1640014648438,592.5652741650799,426.051006167153,824.1586079216436,306.32821019051954,1146.2659737669944,0.6121115570231654,592.5652741650799,0.22377066811178636,0.6121115570231654,515.0580087139673,0.40792685327907763,1.1394250119877678,611.7223512689313,0.1854463057637077,0.5285134718140774
2025-10-03,708.7167358398438,592.8949785554669,426.28806171763216,824.6171712618423,306.4986517607608,1146.9037582281821,0.5408838361831858,592.8949785554669,0.19534953317797665,0.5408838361831858,515.2869308958617,0.3753827107698833,1.0615370131212312,612.2526483665843,0.1575560150382591,0.4545472862256226
2025-10-06,713.8035278320312,593.8851928236849,427.000020051488,825.9943927232055,307.0105456865663,1148.8192415882158,0.5575042034093664,593.8851928236849,0.20192174591554135,0.5575042034093664,515.9743081016378,0.38340905084643206,1.0809163670166286,613.8462995152356,0.16283755134751732,0.4686899674810208
2025-10-07,711.230224609375,594.2156316192008,427.237603635009,826.4539774973883,307.18136690951184,1149.4584466922379,0.5448706953445247,594.2156316192008,0.1969227781358034,0.5448706953445247,516.2036375410679,0.3778094009513664,1.067408084503472,614.3784378462327,0.1576419040724577,0.4547777920918074
2025-10-08,715.9779663085938,594.5462542714615,427.4753194104664,826.9138179853724,307.3522831776953,1150.098007451138,0.5633518365730146,594.5462542714615,0.2042426660074259,0.5633518365730146,516.4330689080373,0.3863906271968227,1.0880866644988627,614.9110374835919,0.1643602450829298,0.47275544638899464
2025-10-09,731.6072387695312,594.8770608827627,427.71316745141047,827.3739143294342,307.52329454399904,1150.7379240627993,0.6271228141683459,594.8770608827627,0.22984610918408732,0.6271228141683459,516.6626022478499,0.4160251498492813,1.1585269305190697,615.444098827216,0.18874685802280755,0.53715127351041
2025-10-10,703.4703979492188,595.208051555462,427.95114783143555,827.8342666719356,307.69440106133686,1151.3781967252228,0.5065589343098175,595.208051555462,0.18188992254193104,0.5065589343098175,516.8922376058267,0.36096142826132627,1.0264313952228097,615.9776222773536,0.14203888665369435,0.41261978366125857
2025-10-13,713.8433837890625,596.2021289663448,428.6658837425323,829.2168611148413,308.20829204911985,1153.3011529986745,0.5458707623073068,596.2021289663448,0.1973177369001955,0.5458707623073068,517.5817562422783,0.3791896162872379,1.0707427302629469,617.5809692745535,0.15587011145693896,0.4500192534637604
2025-10-14,706.8117065429688,596.533856909322,428.9043942156246,829.6782388762668,308.37977970030823,1153.9428518463133,0.5141779169684121,596.533856909322,0.18486435992921324,0.5141779169684121,517.8118001265469,0.3649972950987841,1.03629322046006,618.1163451601861,0.1434929881360718,0.4165729025845699
2025-10-15,715.6885986328125,596.8657694263268,429.14303739637563,830.1398733491135,308.551362767536,1154.5849077363516,0.5503238193374639,596.8657694263268,0.19907797580801367,0.5503238193374639,518.0419462558958,0.3815263489865852,1.0763807532823075,618.65218515879,0.1568513226040189,0.4526554122157398
2025-10-16,710.2228393554688,597.1978666200564,429.3818133586241,830.6017646762157,308.72304130389267,1155.2273208674487,0.5253993774795137,597.1978666200564,0.18925883539252508,0.5253993774795137,518.27219467577,0.3703664727755318,1.0493679488404235,619.1884896727018,0.1470220315802171,0.4261460906509817
2025-10-17,715.0602416992188,597.5301485932653,429.6207221762498,831.0639130004879,308.8948153624975,1155.8700914383737,0.544289132211109,597.5301485932653,0.1966931599730133,0.544289132211109,518.5025454316333,0.37908723496035845,1.0704954882156201,619.7252591046056,0.1538342696122399,0.444542538517033
2025-10-20,730.2706298828125,598.5281042181699,430.33824650080606,832.4519013866584,309.4107112034365,1157.800549779473,0.6030328167636908,598.5281042181699,0.22011084314366802,0.6030328167636908,519.1942121700982,0.40654616859165116,1.136157351814569,621.3383609403514,0.17531875671992925,0.501857983916449
2025-10-21,731.367919921875,598.8611263379845,430.57768747956214,832.9150791303427,309.58286788281737,1158.444752099619,0.6058979260498119,598.8611263379845,0.221264643431049,0.6058979260498119,519.4249727249611,0.408033803390387,1.1396779965907637,621.8769940780544,0.17606524583875816,0.5038305534599969
2025-10-22,731.5075073242188,599.194333751909,430.8172616837119,833.3785145869616,309.75512035048604,1159.0893128551015,0.6047903021207308,599.194333751909,0.22081846592877308,0.6047903021207308,519.655835843435,0.4076768831758326,1.138833646507764,622.4160941524143,0.17527087457524937,0.5017314143871977
2025-10-23,732.095947265625,599.5277265630413,431.0569691873821,833.8422078999067,309.92746865973925,1159.7342322453542,0.6055415873495524,599.5277265630413,0.22112108386140505,0.6055415873495524,519.8868015711066,0.4081833680970912,1.1400317514496583,622.9556615682145,0.1751975179464027,0.5015374967388514
2025-10-24,736.444580078125,599.8613048745367,431.296810064741,834.3061592126498,310.0999128639035,1160.379510469922,0.6218075028313906,599.8613048745367,0.22769142482386862,0.6218075028313906,520.117869953581,0.41591862656795553,1.158276377672587,623.4956967305897,0.1811542307987093,0.5172447358656236
2025-10-27,748.872314453125,600.8631538436164,432.0171336812495,835.6995625855827,310.6178213795718,1162.3175001466336,0.6674749113268068,600.8631538436164,0.24632757003440786,0.6674749113268068,520.8116914861806,0.4378945916443502,1.20957083357635,625.1186127537785,0.1979683522046889,0.5611581270601519
2025-10-28,749.4906616210938,601.1974751892662,432.25750879586957,836.1645473338326,310.7906496972381,1162.9642157061344,0.6682906585894501,601.1974751892662,0.2466630226368507,0.6682906585894501,521.0431709443277,0.43844253876839545,1.2108397654353829,625.6605229608267,0.19791905372942975,0.5610302774320629
2025-10-29,749.7200317382812,601.5319825519176,432.49801765563814,836.6297908004376,310.96357417689296,1163.6112910993425,0.667532071900756,601.5319825519176,0.24635107273547785,0.667532071900756,521.2747532856097,0.4382435117234711,1.2103789159997753,626.2029029453956,0.19724777418295703,0.5592888714015133
2025-10-30,664.7410888671875,601.8666760350706,432.73866033497137,837.0952931293489,311.13659487204103,1164.2587265264694,0.30118545420096,601.8666760350706,0.10446568207815732,0.30118545420096,521.5064385557539,0.27465557416338693,0.8082324286154086,626.7457531147329,0.060623204167925326,0.1828512914106375
2025-10-31,646.6681518554688,602.201555742283,432.97943690832665,837.5610544645979,311.30971183621693,1164.9065221878395,0.2159461558587638,602.201555742283,0.07384005519277603,0.2159461558587638,521.7382268005082,0.23944943774021898,0.7149493703644592,627.2890738764372,0.030893377210088113,0.09452444837202491
2025-11-03,636.0557250976562,603.2073132447184,433.7025707377205,838.9598939498882,311.8296408787023,1166.852072582312,0.16073028632909825,603.2073132447184,0.05445625596984671,0.16073028632909825,522.4342098402119,0.21748482989311868,0.6553994865895048,628.9218637970471,0.011343000953312865,0.03504118790913936
2025-11-04,625.6926879882812,603.5429388848997,433.9438836325678,839.4266927524073,312.0031434549302,1167.5013111861194,0.1092510901328613,603.5429388848997,0.036699541451524764,0.1092510901328613,522.6664104412894,0.1971166990815545,0.5992099516965567,629.4670710112844,-0.005996156426323118,-0.018684464626555763
2025-11-05,634.30029296875,603.8787512677933,434.1853307943455,839.893751282623,312.1767425683047,1168.150911027458,0.14898079207339965,603.8787512677933,0.050376903703084785,0.14898079207339965,522.8987142460203,0.2130461898024787,0.6432351430170038,630.0127508611915,0.006805484653600535,0.0210711302091838
2025-11-06,617.3344116210938,604.2147504973052,434.42691229776153,840.3610696850512,312.3504382725405,1168.8008723073258,0.06511386334746201,604.2147504973052,0.02171357305161825,0.06511386334746201,523.1311213002741,0.1800758671873155,0.5514599600739136,630.5589037564928,-0.020972651494753913,-0.06584915243670941
2025-11-07,620.0972900390625,604.550936677395,434.66862821756223,840.8286481042824,312.52423062137973,1169.4511952268228,0.07696364083921386,604.550936677395,0.02571553928459691,0.07696364083921386,523.3636316499421,0.18483068470799258,0.5648524055487096,631.1055301072671,-0.01744278815990341,-0.05466807354551932
2025-11-10,630.1212158203125,605.560617961627,435.3945832233821,842.2329449099458,313.0461880734046,1171.4043358358388,0.12051318648581562,605.560617961627,0.040558446388668346,0.12051318648581562,524.061782930633,0.20237963603562004,0.6138198840425173,632.7482539985544,-0.004151790481665918,-0.012925308955553943
2025-11-11,625.4533081054688,605.8975529848085,435.6368375570362,842.701564843938,313.2203675386915,1172.0561073271524,0.09628849212304008,605.8975529848085,0.03227567931958708,0.09628849212304008,524.2947069212637,0.19294225146430222,0.5875759191007256,633.2967782791276,-0.012385141441856207,-0.03871744974047603
2025-11-12,607.43017578125,606.2346754792474,435.87922668144046,843.1704455189105,313.39464391774857,1172.708241465305,0.005971674847550014,606.2346754792474,0.001972009108613948,0.005971674847550014,524.5277344370658,0.15805158793587326,0.48871399540859584,633.8457780709084,-0.04167512540677254,-0.13224831139056648
2025-11-13,608.3079223632812,606.5719855492508,436.12175067159126,843.6395870799372,313.5690172644976,1173.3607384520694,0.008662554022171308,606.5719855492508,0.002861880956237295,0.008662554022171308,524.7608655240501,0.159209770255633,0.4920432068566999,634.395253786113,-0.04112157407726624,-0.1304543126716352
2025-11-14,607.8790283203125,606.9094832991885,436.3644096025296,844.1089896721786,313.74348763289265,1174.0135984893398,0.004838519473775391,606.9094832991885,0.00159751173412781,0.004838519473775391,524.9941002282513,0.1578778276861117,0.4882142318954389,634.9452058373167,-0.042627579936305615,-0.1353375381466793
2025-11-17,600.4483642578125,607.9231036731429,437.0931967910858,845.5187650889651,314.2674814079305,1175.9743589247498,-0.037501292038186286,607.9231036731429,-0.012295534369671346,-0.037501292038186286,525.694426504791,0.14220036200505604,0.4428117685510742,636.5979241380263,-0.056785544704943014,-0.18162395061215794
2025-11-18,596.1395874023438,608.2613531876481,437.3363962364018,845.989213259249,314.44234040303814,1176.6286731851776,-0.06101752162619484,608.2613531876481,-0.01992854834813873,-0.06101752162619484,525.9280761385977,0.13350021504697773,0.4173462211199175,637.1497856661231,-0.06436508209902991,-0.2066899761581383
2025-11-19,588.7886962890625,608.599790904795,437.57973099832907,846.4599231877459,314.6172966900069,1177.2833515072434,-0.1003132091145435,608.599790904795,-0.03255192478176783,-0.1003132091145435,526.1618296200944,0.11902586455993336,0.37454317608071297,637.70212559846,-0.07670262861911281,-0.24792858395762765
2025-11-20,587.6217041015625,608.9384169292998,437.82320115215805,846.9308950200983,314.79235032297026,1177.9383940935118,-0.1080131813299338,608.9384169292998,-0.03500635242432448,-0.1080131813299338,526.3956869954354,0.1163117757586376,0.36645555925387896,638.2549443497619,-0.07933074502036686,-0.2567843109675713
2025-11-21,592.70849609375,609.2772313659373,438.06680677322106,847.4021289020302,314.9675013560916,1178.59380114666,-0.08357235765247245,609.2772313659373,-0.027194082462333014,-0.08357235765247245,526.6296483107986,0.12547498606450258,0.39368227169185577,638.8082423351128,-0.07216523392504903,-0.23269849660433614
2025-11-24,611.4596557617188,610.294806197265,438.79843719376566,848.8174043037567,315.4935393984908,1180.5622111358484,0.005780043889478672,610.294806197265,0.001908667012442633,0.005780043889478672,527.3321563590921,0.15953417288920124,0.49297511050807946,640.4710158517017,-0.04529691332152408,-0.14401175845763997
2025-11-25,634.5695190429688,610.6343753313445,439.0425854379262,849.2896878428663,315.6690805744821,1181.2190780855449,0.11654513846033819,610.6343753313445,0.039197177031896624,0.11654513846033819,527.5665338967178,0.20282367866646944,0.6150496212407007,641.026234931293,-0.010072467453717038,-0.03145101800283218
2025-11-26,631.9663696289062,610.9741334023045,439.28686952661144,849.7622341613915,315.84471942190123,1181.8763105172004,0.10239877463111292,610.9741334023045,0.03435863333477518,0.10239877463111292,527.8010156055567,0.19735724438468272,0.5998791058826694,641.5819353257583,-0.014987276242386494,-0.0469137399597207
2025-11-28,646.2691650390625,611.6542167754235,439.77584553993444,850.7081157216131,316.1962903484315,1183.1918726399208,0.1668646138925328,611.6542167754235,0.056592347954576905,0.1668646138925328,528.2702917220919,0.2233683687422774,0.6714554821051539,642.694781728664,0.005561556452635896,0.01723034023207568
2025-12-01,639.2074584960938,612.6757614917275,440.5103302848248,852.1289125654798,316.7243806335328,1185.167962026243,0.128502430742859,612.6757614917275,0.04330462974374494,0.128502430742859,528.9749883391537,0.20838881343528515,0.6304233921064671,644.367671637539,-0.008008181304831163,-0.024979346513845497
2025-12-02,645.4213256835938,613.0166553936396,440.7554310293977,852.6030386337762,316.90060665181363,1185.827391624066,0.15614098022111997,613.0166553936396,0.052860994892783175,0.15614098022111997,529.2100960482845,0.21959375020068816,0.6611635689342052,644.9262686961255,0.0007676179611495471,0.002383860765183606
2025-12-03,637.9407958984375,613.3577389695353,441.0006681484682,853.0774285066746,317.0769307225698,1186.48718812971,0.11911759909476571,613.3577389695353,0.04007947624530295,0.11911759909476571,529.4453082531596,0.20492293718353194,0.6208571943360692,645.4853499979288,-0.01168818796509552,-0.036525829160407544
2025-12-04,659.81396484375,613.6990123249496,441.2460417179154,853.5520823309564,317.25335290035787,1187.147351747323,0.21962077245862396,613.6990123249496,0.07514262137085326,0.21962077245862396,529.6806250002227,0.2456826504527565,0.7316565373472118,646.044915962735,0.021312835285602905,0.06551732787376326
2025-12-05,671.673095703125,614.0404755654763,441.4915518136604,854.0270002534845,317.4298732397648,1187.807882681167,0.27193203000196287,614.0404755654763,0.09385801495345114,0.27193203000196287,529.9160463359378,0.26750850506859525,0.7895055679621884,646.6049670106945,0.03876884646946399,0.11816793115330029
2025-12-08,665.0702514648438,615.0660056545472,442.2289020185286,855.4533400804029,317.9600237740232,1189.791681424407,0.23692823009713831,615.0660056545472,0.08129899124742312,0.23692823009713831,530.622938339958,0.2533763684349968,0.7521634628693302,648.2880348604612,0.025886975698995895,0.07940029733525317
2025-12-09,655.2557983398438,615.4082294926355,442.4749589795231,855.9293158661827,318.1369373063828,1190.4536836680675,0.19017727376995547,615.4082294926355,0.06474981473689412,0.19017727376995547,530.8587784953446,0.23433166198567457,0.7011690270689946,648.8500304498269,0.009872493780382463,0.03052068252021699
2025-12-10,648.4435424804688,615.7506437446854,442.72115284705495,856.4055564857491,318.3139492737511,1191.116054250972,0.15681282553116332,615.7506437446854,0.05309438011621337,0.15681282553116332,531.0947234720176,0.2209564769186303,0.6648828628346557,649.4125132285675,-0.00149207280174124,-0.00463891703738702
2025-12-11,651.016845703125,616.0932485166455,442.96748369730085,856.8820620864591,318.4910597308989,1191.7787933780687,0.16713204306593699,616.0932485166455,0.05668557035897459,0.16713204306593699,531.3307733165655,0.22525718139658912,0.6765936231869,649.975483619023,0.0016021559433345711,0.00497347001696292
2025-12-12,642.5587158203125,616.4360439145194,443.2139516064766,857.3588328157458,318.6682687326248,1192.4419012544126,0.1258059278165497,616.4360439145194,0.042376937824575966,0.1258059278165497,531.5669280755974,0.20880115350014838,0.631559669033289,650.538942043901,-0.01226709995025932,-0.03834615096958535
2025-12-15,646.3570556640625,617.4655749245732,443.9541784503998,858.7907372506685,319.2004875537324,1194.4334394312411,0.13861315241391217,617.4655749245732,0.046790431584819325,0.13861315241391217,532.2760223060068,0.21432683152589993,0.646749376387988,652.2322497576316,-0.00900782519685639,-0.028111611755469543
2025-12-16,655.9798583984375,617.8091338873427,444.20119535832094,859.268569970269,319.3780912823822,1195.0980243574509,0.18172222880778605,617.8091338873427,0.061784008065596474,0.18172222880778605,532.5125971894862,0.2318579163396155,0.6944876164627982,652.7976645545966,0.004874701636704115,0.015107550184868803
2025-12-17,648.343505859375,618.1528840069416,444.44834970689726,859.7466685568605,319.5557938300684,1195.7629790599176,0.14454247315042348,618.1528840069416,0.048840056616308525,0.14454247315042348,532.7492772208078,0.21697679111192292,0.654009427149965,653.3635695050202,-0.007683415298848639,-0.023962410136639307
2025-12-18,663.2669067382812,618.4968253897277,444.69564157259936,860.2250331583689,319.733595251773,1196.4283037443813,0.2118369465449716,618.4968253897277,0.07238530500191809,0.2118369465449716,532.9860624467071,0.24443574320407446,0.7283210935932215,653.9299650338119,0.014278198283797172,0.04404469602824045
2025-12-19,657.5969848632812,618.8409581421225,444.9430710319436,860.7036639228083,319.91149560251085,1197.0939986167052,0.18412728462419523,618.8409581421225,0.06262679645108116,0.18412728462419523,533.2229529139368,0.2332495840054709,0.6982480606896245,654.4968515662498,0.0047366664783987655,0.014680764321319898
2025-12-22,660.3220825195312,619.8745056820298,445.68618573760966,862.1411546750484,320.4457907795151,1199.0933064211251,0.19160441477219986,619.8745056820298,0.06525123467208593,0.19160441477219986,533.9342562314733,0.23671046540468788,0.7075813881642242,656.200461443757,0.006281039587668014,0.019452416822489944
2025-12-23,663.7559814453125,620.2194049782312,445.93416633751906,862.6208515729656,320.6240873971328,1199.7604841057587,0.20564075816870764,620.2194049782312,0.07019544393102217,0.20564075816870764,534.1715681319919,0.24258949941210806,0.7233762977403256,656.7693162509424,0.010637928754425152,0.03287453702009327
2025-12-24,666.3613891601562,620.5644961770238,446.18228491428204,863.100815375103,320.8024832193105,1200.4280330092608,0.2158295989077132,620.5644961770238,0.0737987642948692,0.2158295989077132,534.408985507926,0.2469127713614636,0.7349438080899972,657.3386641937026,0.013726143703293392,0.04235329911299293
2025-12-26,662.10888671875,621.255254709546,446.67893630549673,864.0615442861509,321.15957269816914,1201.7642452991813,0.19305125599278705,621.255254709546,0.06575981724018454,0.19305125599278705,534.8841368735841,0.23785478213805122,0.7106616440919484,658.4788411962975,0.0055127747398193705,0.017079623555609474
2025-12-29,657.5171508789062,622.2928344490764,447.4249501393794,865.5046431497218,321.69595233159964,1203.7713530429983,0.16689828520738872,622.2928344490764,0.05660408489359248,0.16689828520738872,535.5976561603603,0.22763261436312687,0.6830442855433949,660.1928159164316,-0.004052853913309007,-0.01261667442506471
2025-12-30,664.7642211914062,622.6390793077775,447.67389819094666,865.9862114987095,321.87494454136595,1204.441133601233,0.19843895061427033,622.6390793077775,0.06765579495983709,0.19843895061427033,535.8357073739943,0.24061202350485478,0.7180718673001205,660.7651316630202,0.006052210288883142,0.018745864847301404
2025-12-31,658.9146728515625,622.9855168177443,447.92298475766006,866.4680477931977,322.05403634272153,1205.111286826582,0.16996193334126858,622.9855168177443,0.05767253822744878,0.16996193334126858,536.0738643916384,0.22914903452592217,0.6871557115422532,661.337943545444,-0.0036641942557995577,-0.01140453985697804
2026-01-02,649.2518920898438,623.6789702203006,448.42157374484873,867.4325248150998,322.41251894188315,1206.4527121081483,0.12180891356574686,623.6789702203006,0.04100334160779884,0.12180891356574686,536.5504960270836,0.2100480698410747,0.6349934136287086,662.4850574385531,-0.019975039738819644,-0.062685068835821
2026-01-05,657.616943359375,624.7205978903545,449.1704980173743,868.8812536690372,322.950991163871,1208.4676502214206,0.15555561438772056,624.7205978903545,0.05265769302326451,0.15555561438772056,537.2662381866518,0.22400571005340586,0.6731901292881747,664.2094600615029,-0.009925358036179555,-0.0309893740023717
2026-01-06,659.4437255859375,625.0681935610257,449.42041729493826,869.3647007702255,323.1306816795137,1209.1400438079002,0.16227816814156878,625.0681935610257,0.05499485076831956,0.16227816814156878,537.5050310166308,0.22686056414890343,0.6809490967402695,664.785257804014,-0.008034973933870315,-0.025063256856829353
2026-01-07,647.5349731445312,625.4159826345568,449.6704756280403,869.8484168622554,323.31047217528436,1209.8128115153877,0.10535191692048373,625.4159826345568,0.035366845626167764,0.10535191692048373,537.7439299802389,0.20416974891437079,0.6187746728821443,665.3615547008734,-0.026792322806141744,-0.08437167059922539
2026-01-08,644.9096069335938,625.7639652185575,449.9206730940512,870.3324020947938,323.49036270681205,1210.4859535520443,0.0913511239312722,625.7639652185575,0.030595628350618354,0.0913511239312722,537.9829351246482,0.19875476493352173,0.6037641018077807,665.9383511847942,-0.031577614074617455,-0.09968519501088113
2026-01-09,651.8970947265625,626.1121414206974,450.1710097703847,870.8166566175911,323.6703533297569,1211.1594701261479,0.1223309624895069,626.1121414206974,0.04118264381099057,0.1223309624895069,538.2220464970516,0.2112047415548104,0.6381754815245945,666.5156476888635,-0.021932797846518248,-0.06889745484739461
2026-01-12,640.826904296875,627.1578328135462,450.9228558361051,872.271037426288,324.2109263041593,1213.182269157651,0.06535621754503736,627.1578328135462,0.021795265510767603,0.06535621754503736,538.9400184544711,0.18905051091694203,0.5766930536477066,668.2505416584817,-0.04103795755039119,-0.13018341078304557
2026-01-13,629.96630859375,627.5067845661376,451.1737501287295,872.756370609291,324.3913178499933,1213.8572859666356,0.011857633398618147,627.5067845661376,0.003919517825313967,0.011857633398618147,539.179555211201,0.16837944336926336,0.5182847395053625,668.8298425815409,-0.05810675827170919,-0.18597876165263086
2026-01-14,614.4240112304688,627.8559304761145,451.4247840193913,873.2419738325535,324.57180976600915,1214.5326783561918,-0.0655511960965436,627.8559304761145,-0.02139331428383595,-0.0655511960965436,539.4191984322049,0.1390473550371616,0.43360531870271446,669.4096456958277,-0.08214048724709277,-0.2662800500548303
2026-01-15,619.694580078125,628.2052706515082,451.67595758576476,873.7278472463295,324.7524021080542,1215.208446535297,-0.04134632351409041,628.2052706515082,-0.013547626820381131,-0.04134632351409041,539.6589481648014,0.14830780103896712,0.46057278259292345,669.9899514366871,-0.07506884431730898,-0.2424360651965048
2026-01-16,619.1455688476562,628.5548052004063,451.9272709055641,874.2139910009499,324.93309493200434,1215.8845907130376,-0.04571907155330258,628.5548052004063,-0.014969635543157,-0.04571907155330258,539.898804456332,0.1467807739843474,0.45614091500412407,670.5707602398417,-0.07668868737102741,-0.24788167463429145
2026-01-20,603.0443115234375,629.954889294954,452.93392327485986,876.1612724375166,325.65687216549696,1218.5929315962485,-0.132334870235804,629.954889294954,-0.04271826162288361,-0.132334870235804,540.8592961593203,0.11497447821586393,0.3624633597116862,672.8990348030973,-0.10381159678747431,-0.3405110721703937
2026-01-21,611.8685913085938,630.3053973348311,453.1859365290448,876.6487701543167,325.83806823822374,1219.270958907601,-0.08998709802283572,630.3053973348311,-0.029250592021256905,-0.08998709802283572,541.0996859563531,0.13078718614881812,0.4093651255870206,673.4823654668032,-0.09148535628769405,-0.2980721812991475
2026-01-22,646.476806640625,630.6561003980146,453.43809000385943,877.1365391157267,326.0193651287725,1219.9493634745736,0.07510296526639995,630.6561003980146,0.025086106726987634,0.07510296526639995,541.3401825968011,0.19421544423228476,0.5911285699420984,674.0662018150854,-0.04092980051539341,-0.12983303727901443
2026-01-23,657.5870361328125,631.0069985930179,453.69038377732437,877.6245794726706,326.2007628932397,1220.6281455070766,0.12506799166253418,631.0069985930179,0.042123205604789105,0.12506799166253418,541.5807861281531,0.21419934564888532,0.6463997061097793,674.6505442863169,-0.02529236550391445,-0.07958711839696912
2026-01-26,671.1627807617188,632.0608650549568,454.44810767045584,879.0903304271636,326.7455619915676,1222.66675849856,0.18195104513302135,632.0608650549568,0.06186416193219313,0.18195104513302135,542.3032385428172,0.2376152917049701,0.7100172227394562,676.4066128271537,-0.007752484919562597,-0.024178659245670697
2026-01-27,671.7716674804688,632.4125448635561,454.7009634195774,879.5794578771273,326.92736381328285,1223.3470524945697,0.18301364367636955,632.4125448635561,0.06223646721841103,0.18301364367636955,542.5442701130778,0.23818774703943912,0.7115573795997461,676.9929841815293,-0.007712512275696692,-0.024053507619417328
2026-01-28,667.5392456054688,632.764420347436,454.9539598580943,880.0688574784874,327.10926678985993,1224.027725007387,0.1621693728108089,632.764420347436,0.054956985790918234,0.1621693728108089,542.7854088119968,0.2298400708053716,0.6890276160371903,677.5798638564304,-0.014818353948441887,-0.046381006120318535
2026-01-29,736.995361328125,633.1164916154721,455.20709706428767,880.5585293826716,327.2912709775825,1224.708776247623,0.4605221528929488,633.1164916154721,0.16407544439032629,0.4605221528929488,543.0266546871867,0.35719923684533494,1.017211935445801,678.167252292517,0.08674572362015698,0.2584409192774249
2026-01-30,715.2241821289062,633.4687587765986,455.4603751164804,881.048473741189,327.4733764327643,1225.3902064260008,0.3679437091657615,633.4687587765986,0.1290599137204489,0.3679437091657615,543.2680077862841,0.31652181221440134,0.9158650757410253,678.7551499308294,0.05372928986512049,0.16259208573959044
2026-02-02,705.152099609375,634.5267367087763,456.22105513294287,882.5199430591033,328.02030096667613,1227.4367726989913,0.3198953361658798,634.5267367087763,0.11130399842081529,0.3198953361658798,543.9927109036919,0.2962528458110436,0.8641903962174221,680.5219024752671,0.036193099802549034,0.1104548905161967
2026-02-03,690.4683227539062,634.8797885328237,456.47489735323904,883.0109787517382,328.2028120554626,1228.1197207395292,0.25442232534210185,634.8797885328237,0.08755757424495259,0.25442232534210185,544.2344933751958,0.2686963637159556,0.7926253186940048,681.1118413405435,0.013737070544754593,0.04238678594357643
2026-02-04,667.7987670898438,635.2330367955444,456.7288808118058,883.5022876575207,328.3854246937489,1228.803048773592,0.15154490826756245,635.2330367955444,0.05126580075019138,0.15154490826756245,544.4763833091025,0.22649721376570775,0.6799625806553381,681.7022916189919,-0.020395302612418065,-0.06401760626038674
2026-02-05,669.0166015625,635.5864816062376,456.9830055872283,883.9938699284669,328.5681389380376,1229.4867570126091,0.15538164492913414,635.5864816062376,0.052597279715230316,0.15538164492913414,544.7183807531741,0.228188042117214,0.6845507898183594,682.2932537539523,-0.019458864818616695,-0.06104920252858712
2026-02-06,660.2822265625,635.9401230742627,457.23727175813553,884.485725716678,328.75095484486224,1230.170845668127,0.11386093780291498,635.9401230742627,0.03827735128672605,0.11386093780291498,544.9604857551944,0.21161486717242473,0.6393030300815385,682.8847281891481,-0.033098560699379886,-0.10456826339156952
2026-02-09,676.0140991210938,637.0022285168394,458.0009194307113,885.962935707178,329.30001310636186,1232.2253962509194,0.18017709884130198,637.0022285168394,0.06124291071176846,0.18017709884130198,545.6874465871052,0.2388302192932803,0.7132850649936426,684.6622297391682,-0.012631236604608742,-0.03949168325591118
2026-02-10,669.5256958007812,637.3566577090064,458.25575197072226,886.4558870871499,329.4832362292976,1232.9110086902633,0.14925689898867034,637.3566577090064,0.050472585016068106,0.14925689898867034,545.9299822991836,0.22639480795884181,0.6796844905188668,685.2557578202495,-0.022955023492986726,-0.07214613920700519
2026-02-11,667.4993286132812,637.711284106217,458.5107263000194,886.9491127461614,329.66656129791033,1233.5970026056084,0.13838273632618178,637.711284106217,0.046710863127996216,0.13838273632618178,546.1726258084493,0.22213984566737133,0.6681092685010525,685.8498004259641,-0.026755817091855705,-0.08425513742678228
2026-02-12,648.6529541015625,638.0661078181965,458.7658424974946,887.4426128368217,329.8499883689229,1234.283378209209,0.04988130070393148,638.0661078181965,0.016592083725566642,0.04988130070393148,546.4153771628133,0.18710596592212259,0.5712419744894549,686.4443580023501,-0.05505384880832276,-0.17592538958737597
2026-02-13,638.630859375,638.4211289547312,459.02110064208347,887.9363875118252,330.0335174990895,1234.970135713437,0.0009956299449305583,638.4211289547312,0.0003285142216582493,0.0009956299449305583,546.6582364102079,0.16824519752735712,0.5179020457964452,687.0394309958311,-0.07045967005221987,-0.22699290242491835
2026-02-17,638.151611328125,639.843189944286,460.0435542718284,889.9142351121295,330.76865574748894,1237.7209889882004,-0.008024323882345367,639.843189944286,-0.0026437393454297187,-0.008024323882345367,547.6307532894982,0.1652954248732157,0.5094820312299415,689.4248860827321,-0.07437108202742515,-0.2400932571144595
2026-02-18,642.0746459960938,640.1991998525294,460.29952333755926,890.4093850022368,330.9526960258464,1238.4096591852826,0.008866847097159446,640.1991998525294,0.0029294728015847316,0.008866847097159446,547.8741527217851,0.17193819567199853,0.5284136497287537,690.0225428716019,-0.06948743540459978,-0.2237451850750934
2026-02-19,643.6318969726562,640.5554078453309,460.5556348249421,890.9048103946402,331.1368387045482,1239.0987125597105,0.014523555205805457,640.5554078453309,0.0048028462325746535,0.014523555205805457,548.1176603351471,0.17425863742304326,0.5350015315554171,690.6207177642485,-0.06803853342788435,-0.21891146771130543
2026-02-20,654.4924926757812,640.9118140329027,460.811888813219,891.4005114426265,331.321083840569,1239.78814932468,0.06355901300533565,640.9118140329027,0.021189621326252128,0.06355901300533565,548.3612761776657,0.19354250766556635,0.5892513149350668,691.2194112098113,-0.05313351728613713,-0.16961827639974406
2026-02-23,636.1152954101562,641.9822228673158,461.5815065765185,892.8892700542746,331.8744345627824,1241.8587620966418,-0.027828825265126148,641.9822228673158,-0.00913876934310709,-0.027828825265126148,549.0927735613069,0.15848418707905876,0.48995789716277804,693.0186073612431,-0.08210935658387797,-0.2661746824311621
2026-02-24,638.16162109375,642.3394229373467,461.83833136169363,893.386075259205,332.0590900984729,1242.549734558166,-0.019779464886260194,642.3394229373467,-0.0065040408457137655,-0.019779464886260194,549.3368228017026,0.16169460084439113,0.49917467811092686,693.6193795176646,-0.07995416515391962,-0.25888870302589706
2026-02-25,652.5260620117188,642.6968217541439,462.09529904464455,893.8831568874516,332.243848376838,1243.24109147802,0.04600752553903654,642.6968217541439,0.015293743371481705,0.04600752553903654,549.580980511986,0.18731558250765845,0.5718300150060808,694.2206724785489,-0.06005959217257173,-0.19242663677745991
2026-02-26,655.8401489257812,643.054419428288,462.35240970487826,894.3805150928137,332.4287094550428,1243.9328330701123,0.05967751569303028,643.054419428288,0.019882811020660585,0.05967751569303028,549.825246740369,0.19281563153732928,0.5872223981769029,694.8224866953783,-0.05610402443219653,-0.17937999702955934
2026-02-27,647.02587890625,643.4122160704261,462.6096634219492,894.8781500291825,332.61367339028646,1244.62495954848,0.016976833365177673,643.4122160704261,0.00561640383189177,0.016976833365177673,550.0696215350814,0.17626179228111605,0.540678154279157,695.4248226200248,-0.06959622685228706,-0.22410843061789412
2026-03-02,652.396240234375,644.4868009121637,463.3822837103712,896.3727167644811,333.1691829107037,1246.7036504433274,0.03697390907540322,644.4868009121637,0.01227246129946602,0.03697390907540322,550.8033977998429,0.184444836107293,0.5637676277258623,697.2349651654688,-0.06430934644887265,-0.20650491464629975
2026-03-03,653.91357421875,644.8453945339503,463.6401104512017,896.8714601654635,333.35455884671745,1247.3973186094936,0.04232955585682075,644.8453945339503,0.014062564083835216,0.04232955585682075,551.0482073426248,0.1866721740592956,0.5700247218870897,697.8393924479482,-0.06294545522159611,-0.20197975915508715
2026-03-04,666.541015625,645.2041876778756,463.89808064729624,897.3704810681749,333.5400379262368,1248.0913727338798,0.09861972195504674,645.2041876778756,0.03306988447163817,0.09861972195504674,551.2931256932178,0.20905011247304217,0.6322455324446103,698.4443437034897,-0.045677695533079765,-0.1452511180690884
2026-03-05,659.393798828125,645.5631804549562,464.1561943784754,897.8697796270206,333.725620206652,1248.7858130312386,0.06425497550132994,645.5631804549562,0.02142411276216505,0.06425497550132994,551.5381528999837,0.19555427917549673,0.5948603020688316,699.0498193863215,-0.056728461203250924,-0.1814359369505116
2026-03-06,643.7117309570312,645.9223729762662,464.4144517246006,898.3693559964861,333.9113057453831,1249.4806397164325,-0.010391959210268028,645.9223729762662,-0.0034224577313350935,-0.010391959210268028,551.7832890113028,0.16660243935703045,0.5132154813459945,699.6558199510645,-0.07995944205530381,-0.2589065216083319
2026-03-09,646.2373046875,647.0011501172708,465.1900862519575,899.8697535147861,334.46898248616753,1251.5674402495106,-0.0035807336842706376,647.0011501172708,-0.0011805936197057942,-0.0035807336842706376,552.5193512567296,0.16961931417896015,0.5218171537875694,701.476975488898,-0.0787476606240689,-0.2548173638633456
2026-03-10,652.9053344726562,647.3611427275024,465.4489188573917,900.3704426733411,334.65508163301587,1252.2638146371214,0.025849586754133385,647.3611427275024,0.008564294918590232,0.025849586754133385,552.7649234705176,0.18116274522885822,0.55452601831876,702.0850801353939,-0.0700481281460269,-0.22561774601715154
2026-03-11,653.6939086914062,647.7213356382736,465.7078954777557,900.8714104162495,334.8412843257662,1252.9605764887012,0.027822344679896072,647.7213356382736,0.009220899057226895,0.027822344679896072,553.010604831092,0.18206396582768303,0.5570662023165577,702.6937119428283,-0.06973138142355917,-0.2245597595895465
2026-03-12,637.0436401367188,648.0817289610319,465.9670161931797,901.3726568985164,335.02759062203154,1253.6577260198355,-0.05207198871646935,648.0817289610319,-0.017031939539491114,-0.05207198871646935,553.2563953869656,0.15144378889854426,0.46965586273241444,703.3028713681938,-0.09421151815088635,-0.3074084749399635
2026-03-13,612.6171875,648.4423228072868,466.2262810838385,901.8741822752327,335.2140005794571,1254.3552634462299,-0.1722718147779635,648.4423228072868,-0.05524799052626583,-0.1722718147779635,553.5022951866707,0.10680153059418229,0.33796032735218784,703.9125588688773,-0.12969703440947355,-0.43156684107255006
2026-03-16,626.8690185546875,649.5253086030584,467.00494160964024,903.3804333242831,335.7738529956283,1256.4502052558307,-0.1076204106040806,649.5253086030584,-0.03488130446694693,-0.1076204106040806,554.240650534427,0.1310412145883355,0.4101132298353735,705.7447944026629,-0.11176246211597674,-0.3681964930199763
2026-03-17,622.0834350585938,649.8867056596374,467.26478400387816,903.8830758314343,335.9606781747884,1257.1492964227232,-0.13253581361917408,649.8867056596374,-0.04278171927339747,-0.13253581361917408,554.4869877952187,0.12190808576438505,0.3831103567179591,706.3565987864312,-0.11930682586192931,-0.3946965505510458
2026-03-18,615.1099243164062,650.2483037981923,467.52477097489424,904.3859980097858,336.1476073038162,1257.8487765652053,-0.16839337607876032,650.2483037981923,-0.054038402371121674,-0.16839337607876032,554.733434542829,0.10883874310430786,0.34408491195113955,706.9689335384103,-0.12993358670266553,-0.4324113769775192
2026-03-19,606.1382446289062,650.6101031306056,467.7849026031313,904.8892000149468,336.3346404405494,1258.548645899704,-0.21461665714268058,650.6101031306056,-0.06835408532346743,-0.21461665714268058,554.9799908259216,0.0921803572176556,0.2936702532681404,707.5817991183723,-0.14336654025847173,-0.4807501701970284
2026-03-20,593.1102905273438,650.9721037688219,468.0451789690768,905.3926820026138,336.52177764285824,1259.2489046427663,-0.2821638893909391,650.9721037688219,-0.08888524240360751,-0.2821638893909391,555.2266566931801,0.06823093483982046,0.219826148847053,708.1951959864875,-0.16250449891690544,-0.5509441726814318
2026-03-23,603.5006713867188,652.0593146386693,468.8268772987115,906.9048094189111,337.08381422242206,1261.3520194906146,-0.23457992661838822,652.0593146386693,-0.07446967194826248,-0.23457992661838822,555.9673122871158,0.08549667947934236,0.27322639668646864,710.0385789274422,-0.1500452379667252,-0.5050664787912065
2026-03-24,592.3709716796875,652.42212162079,469.0877334212623,907.4094128952963,337.27136826637826,1262.0538380358137,-0.2926890690505974,652.42212162079,-0.0920433994358123,-0.2926890690505974,556.2144169783112,0.06500470609481912,0.20975228473557342,710.6541055578583,-0.16644262370836427,-0.5655872539169708
2026-03-25,594.3391723632812,652.7851304693713,469.3487346846312,907.9142971339678,337.4590266657434,1262.7560470741196,-0.2843204416613185,652.7851304693713,-0.08953322521924745,-0.2843204416613185,556.4616314974176,0.06806855804943224,0.21931985663384995,711.2701657832698,-0.16439743861774525,-0.5579740533853914
2026-03-26,547.032958984375,653.1483412967336,469.609881169576,908.4194622911444,337.64678947858204,1263.458646822807,-0.5374178934650202,653.1483412967336,-0.16246750638864293,-0.5374178934650202,556.7089558932482,-0.01738070998579133,-0.05839541421334778,711.8867600662472,-0.23157306797858013,-0.8183410140835451
2026-03-27,525.233154296875,653.5117542152561,469.8711729568965,908.9249085231266,337.8346567629888,1264.1616374992632,-0.6623733015335469,653.5117542152561,-0.1962911900068568,-0.6623733015335469,556.9563902146405,-0.056958204403651624,-0.1953160905453488,712.50388886976,-0.26283468413056843,-0.9473734412680279
2026-03-30,535.8833618164062,654.6032066425457,470.65592094180926,910.4429352322603,338.3988860270657,1266.2729572709966,-0.6065824233876151,654.6032066425457,-0.18136153874811056,-0.6065824233876151,557.6993532208612,-0.03911783522512957,-0.13289858897300416,714.3584870392334,-0.24983972117773,-0.8930843675470183
2026-03-31,571.6002197265625,654.9674290507783,470.9177947475511,910.949507328247,338.58717177935245,1266.9775138348766,-0.4126852604888618,654.9674290507783,-0.1272845116054656,-0.4126852604888618,557.9472277332865,0.024470041815142007,0.08051632425565419,714.977758562621,-0.20053426434453325,-0.6953204330770237
2026-04-01,578.6936645507812,655.3318541130187,471.179814260353,911.456361281866,338.77556229417286,1267.6824624153055,-0.3769862207782736,655.3318541130187,-0.11694561935489323,-0.3769862207782736,558.1952124157766,0.03672273011137217,0.12011287187922338,715.5975669274219,-0.19131409706221914,-0.6596959190972678
2026-04-02,573.9281005859375,655.6964819420218,471.44197956128494,911.9634972499398,338.96405762981595,1268.3878032303976,-0.40373774305763704,655.6964819420218,-0.12470462112882663,-0.40373774305763704,558.4433073172971,0.027728496457460894,0.09109258387003208,716.2179125990192,-0.19866832357869812,-0.6880778403790598
2026-04-06,572.4894409179688,657.1570231830121,472.4921002693358,913.9948644063815,339.7190883475582,1271.2130932040457,-0.41808996147993066,657.1570231830121,-0.12883919562321144,-0.41808996147993066,559.4367900937741,0.02333177055089042,0.07681380500088573,718.7046776751699,-0.20344272313653355,-0.7066433059935168
2026-04-07,574.5175170898438,657.5226665393884,472.7549957285777,914.5034128021872,339.9081086628047,1271.920398468497,-0.40905682539764476,657.5226665393884,-0.12623922135857246,-0.40905682539764476,559.6854368257025,0.026500743611022948,0.08711149817128933,719.3277168756341,-0.20131324900806913,-0.6983490414124786
2026-04-08,611.8529052734375,657.8885133403883,473.01803746332774,915.0122441552385,340.0972341492958,1272.6280972788745,-0.21989436213553337,657.8885133403883,-0.06997478620383235,-0.21989436213553337,559.9341940709168,0.09272288021035768,0.2953242147121036,719.9512961836799,-0.15014681060128743,-0.5054377653673087
2026-04-09,627.8081665039062,658.2545636992111,473.28122555497566,915.5213586229767,340.28646486555033,1273.3361898541525,-0.14354894596832685,658.2545636992111,-0.04625322614431171,-0.14354894596832685,560.1830618785333,0.12071965260534134,0.3795805002710962,720.5754160675214,-0.12874051417113896,-0.42815422414444154
2026-04-10,629.2767333984375,658.6208177291146,473.544560084953,916.030756362924,340.47580087011704,1274.044676413418,-0.138152742457637,658.6208177291146,-0.044553836654987244,-0.138152742457637,560.4320402976944,0.12284217915908902,0.3858821556714421,721.2000769957807,-0.12745886547912977,-0.42358750150661684
2026-04-13,633.9425048828125,659.7208029788623,474.33544311988,917.560650792603,341.044441199684,1276.1725021879,-0.12081909248916238,659.7208029788623,-0.039074556963570095,-0.12081909248916238,561.1796397161727,0.12966055789807518,0.4060452207637918,723.0773107393637,-0.12327147392497873,-0.4087137670114577
2026-04-14,661.8765258789062,660.0878728269537,474.59936421841775,918.071183198403,341.2341989436544,1276.8825668764794,0.0082026033327028,660.0878728269537,0.0027097196079248764,0.0082026033327028,561.4290610733502,0.17891390341198,0.5481789618273525,723.704140539629,-0.08543216930418696,-0.27744158619753334
2026-04-15,670.9581909179688,660.4551469133726,474.86343216313213,918.581999665357,341.4240622691767,1277.5930266463358,0.04782515513999948,660.4551469133726,0.01590273624739247,0.04782515513999948,561.6785932881027,0.1945589505025218,0.5920864231731382,724.3315137335157,-0.07368631876920273,-0.23779581099908592
2026-04-16,676.2432250976562,660.8226253517574,475.12764703572856,919.0931003515173,341.61403123499684,1278.3038817172933,0.06992183570852561,660.8226253517574,0.02333545970477391,0.06992183570852561,561.9282364096997,0.2034334302514207,0.6167375353718222,724.9594307920875,-0.06719852673852944,-0.21611254097436278
2026-04-17,687.9124145507812,661.1903082558101,475.39200891795804,919.6044854150238,341.80410589989316,1279.0151323092982,0.12009573110059778,661.1903082558101,0.040415151222441326,0.12009573110059778,562.1779904874364,0.22365589936085328,0.6722381639428759,725.587892186816,-0.05192407155870027,-0.16565254940121102
2026-04-20,670.2887573242188,662.2945848999423,476.1859774406365,921.1403484523418,342.37496467731444,1281.1512594128951,0.03636883903016102,662.2945848999423,0.01207041791755592,0.03636883903016102,562.9279189507457,0.1907186244618766,0.5813621225631793,727.4765471087932,-0.0786111799917889,-0.25435714687607897
2026-04-21,668.220703125,662.6630868049501,476.45092817981765,921.6528726083947,342.5654627269545,1281.8640942910001,0.02531605595502474,662.6630868049501,0.008386790256940557,0.02531605595502474,563.1781173464124,0.18651752002284505,0.5695906434244589,728.107190571047,-0.0822495481730906,-0.2666492156001782
2026-04-22,674.09521484375,663.0317937450844,476.71602633806924,922.1656819338151,342.75606677005385,1282.5773257917208,0.05016164719037711,663.0317937450844,0.016686109479267408,0.05016164719037711,563.4284269450153,0.19641676317040813,0.5972620895542438,728.7383807329547,-0.0749832413578182,-0.24214854942993616
2026-04-23,658.5396728515625,663.4007058344272,476.98127199741566,922.6787765872717,342.9467768655876,1283.2909541357385,-0.02229275554506785,663.4007058344272,-0.007327446202744836,-0.02229275554506785,563.6788477959791,0.16828877902106032,0.5180262880849318,729.370118068445,-0.0971118002537028,-0.31737197807315964
2026-04-24,674.4049682617188,663.7698231871236,477.2466652399267,923.1921567275216,343.13759307256345,1284.0049795438576,0.04818199906377671,663.7698231871236,0.016022338923951107,0.04818199906377671,563.9293799487509,0.19590323228594286,0.5958322518794724,730.0024030518596,-0.07616061886606029,-0.24610535818782225
2026-04-27,677.9916381835938,664.8784079677429,478.0437312878315,924.7340116579267,343.710678952714,1286.1494403627105,0.05920175764396462,664.8784079677429,0.01972274939102414,0.05920175764396462,564.6816447127152,0.20066172600408438,0.609058001537209,731.9025486392181,-0.07365859096386218,-0.23770281734594
2026-04-28,670.7183837890625,665.2483475165792,478.30971568461354,925.2485353346874,343.90192019619286,1286.8650562377368,0.02482230379257518,665.2483475165792,0.008222547704031635,0.02482230379257518,564.9326225676293,0.1872537661936302,0.5716566115776516,732.5370289659588,-0.08438978881949333,-0.2739027100404244
2026-04-29,668.5004272460938,665.6184929004492,478.5758480755946,925.7633452933518,344.09326784664523,1287.5810702827293,0.013095898841857903,665.6184929004492,0.004329708949471156,0.013095898841857903,565.1837119719174,0.18280200417260062,0.5591449981624265,733.1720593185004,-0.08820798781192007,-0.28688518303946414
2026-04-30,611.3433837890625,665.9888442338814,478.8421285431202,926.27844169321,344.28472196327704,1288.2974827192338,-0.25951381173171545,665.9888442338814,-0.08205161530547889,-0.25951381173171545,565.4349129751581,0.0811914329314174,0.25999085774906333,733.807640173655,-0.1668887725884286,-0.5672505246642972
2026-05-01,608.1863403320312,666.3594016314643,479.10855716957883,926.7938246936351,344.4762826053251,1289.0142937689116,-0.2768939311104246,666.3594016314643,-0.0872998282263392,-0.2768939311104246,565.6862256269519,0.07513019193277382,0.24126729072992503,734.4437720086491,-0.17190891459439195,-0.5860275669192667
2026-05-04,609.8447875976562,667.4723113559897,479.90873282714733,928.3416948934199,345.05160427684535,1291.1671208155108,-0.2736977658695955,667.4723113559897,-0.08633695027927302,-0.2736977658695955,566.4408339699997,0.0766257498130074,0.24589695732422168,736.3554781711363,-0.17180654496886583,-0.5856435339119263
2026-05-05,604.3998413085938,667.8436941573627,480.17575491415886,928.8582258916576,345.24359161359973,1291.885528537016,-0.30256924452241674,667.8436941573627,-0.09499805628743396,-0.30256924452241674,566.6925937124616,0.06653915723356829,0.21454739166898193,736.9938187060292,-0.17991192603248185,-0.6161982274803288
2026-05-06,612.3125,668.2152835967993,480.44292557274343,929.3750442886789,345.4356857724562,1292.604335981879,-0.26482906831825676,668.2152835967993,-0.08365983982870251,-0.26482906831825676,566.9444653518135,0.08002200818740457,0.2563866145034829,737.6327126131051,-0.16989513950533897,-0.5784817247870557
2026-05-07,616.2388305664062,668.5870797892709,480.71024488556486,929.8921502443893,345.62788681284957,1293.3235433725026,-0.2471402369796243,668.5870797892709,-0.07829683044333446,-0.2471402369796243,567.1964489377904,0.08646454278841009,0.27619465313381686,738.2721603720772,-0.16529585748454623,-0.5613161197342063
2026-05-08,609.0654907226562,668.9590828498176,480.9777129353363,930.4095439187905,345.82019479424997,1294.0431509314215,-0.2843180921076923,668.9590828498176,-0.0895325194958263,-0.2843180921076923,567.4485445201459,0.0733404757213767,0.23571855200565428,738.9121624630767,-0.17572680263861384,-0.6003841321772425
2026-05-11,598.3054809570312,670.0763343912377,481.7810103341494,931.9634528554429,346.3977609796766,1296.2043768450947,-0.3434055855662567,670.0763343912377,-0.10710847369264276,-0.3434055855662567,568.2055037433807,0.05297375160104845,0.17191476603516745,740.8354995357766,-0.19239091359425642,-0.6638354729658448
2026-05-12,602.441650390625,670.4491660757387,482.0490741597533,932.4819990063636,346.590497320456,1296.9255873049683,-0.3242086505409719,670.4491660757387,-0.10143575251674053,-0.3242086505409719,568.4580478092548,0.059782076641077486,0.19337981621971903,741.4777237645084,-0.1875121381502769,-0.6451241918147836
2026-05-13,616.0590209960938,670.8222052044623,482.3172871365537,933.0008336772988,346.7833409000835,1297.6471990476443,-0.2581414160079885,670.8222052044623,-0.08163591452921137,-0.2581414160079885,568.7107041206184,0.08325554017607018,0.26634306810012015,742.1205047321662,-0.16986659569737728,-0.5783748995468522
2026-05-14,617.8573608398438,671.195451892833,482.5856493475405,933.5199570287851,346.9762917782281,1298.3692122964014,-0.2509920078205231,671.195451892833,-0.07946730107090405,-0.2509920078205231,568.9634727273616,0.08593502123801766,0.2745710369443135,742.7638429213819,-0.16816446205871505,-0.5720112934532362
2026-05-15,613.6612548828125,671.5689062563351,482.85416087574595,934.0393692214416,347.16935001458967,1299.091627274634,-0.2733343921378957,671.5689062563351,-0.08622741588250293,-0.2733343921378957,569.216353679393,0.07808085786033603,0.2503952384830106,743.4077388152062,-0.17452936949402098,-0.5958742289239992
2026-05-18,610.64404296875,672.6905165534681,483.6605921947163,935.5993404540086,347.7491694704903,1301.2612848220522,-0.2933330808228769,672.6905165534681,-0.09223628408292928,-0.2933330808228769,569.9756711066635,0.07135106623608145,0.22953982650252622,745.3427775611226,-0.18072052033981978,-0.6192629189938723
2026-05-19,602.052001953125,673.0648027736523,483.9297018230668,936.1199096193649,347.9426577373982,1301.9853089546702,-0.3379724995947116,673.0648027736523,-0.10550663253803882,-0.3379724995947116,570.2290019394037,0.0558074035264573,0.18086541826880662,745.9889091122704,-0.1929477843449856,-0.6659783900841446
2026-05-20,604.499755859375,673.4392972473664,484.19896118450123,936.6407684303464,348.13625366152775,1302.7097359356253,-0.32735966321656185,673.4392972473664,-0.10236934742266557,-0.32735966321656185,570.4824453673186,0.05962902236221046,0.19289878894308227,746.6356007895695,-0.19036842708797352,-0.6560650690607328
2026-05-21,606.8175659179688,673.8140000904831,484.4683703623314,937.1619170481125,348.3299573027797,1303.434565989063,-0.31744555957970033,673.8140000904831,-0.09942867640553288,-0.31744555957970033,570.7360014404536,0.06321935954005098,0.2041644350664067,747.282853078588,-0.18796803189306854,-0.6468678887820178
2026-05-22,609.6949462890625,674.1889114189394,484.7379294399155,937.6833556339121,348.523768721088,1304.1597993392536,-0.30479240219123804,674.1889114189394,-0.0956615631576303,-0.30479240219123804,570.9896702088744,0.06778629824604243,0.21843958494877044,747.9306664653169,-0.18482424424385424,-0.6348634148450367
2026-05-26,611.7730102539062,675.6906439071623,485.81766641657646,939.7720128855683,349.30009336473245,1307.0647701973178,-0.30122290810221297,675.6906439071623,-0.09459600222322773,-0.30122290810221297,572.0054732375181,0.06952300087498497,0.22385208126533912,750.5275407238771,-0.18487600113400682,-0.6350606721507155
2026-05-27,634.6718139648438,676.0665994036327,486.08797624492576,940.2949037334131,349.4944445685004,1307.792023399696,-0.19152221364667724,676.0665994036327,-0.061228857445854934,-0.19152221364667724,572.2597062341393,0.10906255857400615,0.34475709463182924,751.1781669037589,-0.15509816189032288,-0.5235908499343186
2026-05-28,634.7017211914062,676.4427640824215,486.3584364741524,940.8180855186714,349.6889039096297,1308.5196812470715,-0.19306547768929708,676.4427640824215,-0.06170668844042704,-0.19306547768929708,572.5140522269116,0.10862208311324895,0.3434340899921143,751.8293571061488,-0.1557901867061645,-0.5261364825187221
2026-05-29,631.92431640625,676.8191380599178,486.6290471879399,941.3415584032215,349.8834714482881,1309.2477439645897,-0.2080449907296265,676.8191380599178,-0.06633208065356644,-0.2080449907296265,572.7685112660566,0.10328047715024424,0.3273481615352369,752.4811118199933,-0.16021238742080557,-0.5424531104989435
2026-06-01,599.9139404296875,677.949516949519,487.4417830741986,942.9137252727538,350.4678238516188,1311.4343635913303,-0.37067561885112504,677.949516949519,-0.11510529112987344,-0.37067561885112504,573.5325671642838,0.04599803877893294,0.1497775490434797,754.4397679260792,-0.2048219540721935,-0.7120272263979808
2026-06-02,597.0765991210938,678.3267292870361,487.7129965639939,943.4383641750536,350.6628247827419,1312.1640480433769,-0.38673204800932276,678.3267292870361,-0.11978022781343334,-0.38673204800932276,573.7874788915877,0.040588407879681654,0.13250837140684427,755.09378558369,-0.20926829154135917,-0.7294476004388307
2026-06-03,622.4031372070312,678.7041515061795,487.98436095746507,943.9632949873868,350.8579342127354,1312.8941384931713,-0.2624940650693159,678.7041515061795,-0.08295369075642922,-0.2624940650693159,574.0425039167103,0.08424573609158692,0.26938606304394885,755.7483702038531,-0.17644131069823388,-0.6030783123952215
2026-06-04,626.9888916015625,679.0817837237295,488.25587633857646,944.4885178721752,351.0531522019694,1313.6246351666148,-0.24192867268316143,679.0817837237295,-0.07671077824605566,-0.24192867268316143,574.2976422900076,0.09174902599538615,0.29235468999080944,756.403522278064,-0.1710920518809098,-0.5829644805755113
2026-06-05,592.450927734375,679.4596260565272,488.5275427913362,945.014032991925,351.24847881084503,1314.3555382897264,-0.41536511785315816,679.4596260565272,-0.1280557298557039,-0.41536511785315816,574.5528940618583,0.031151237523119546,0.10216603258551941,757.059242298243,-0.21743121986617353,-0.7616857858704393
2026-06-08,584.8479614257812,680.5944149158266,489.34344942031134,946.5923333874096,351.835110959857,1316.5506886192113,-0.4595748274670133,680.5944149158266,-0.1406806335633638,-0.4595748274670133,575.3193302728524,0.016562334431575065,0.054709040240635574,759.029814960207,-0.22947959368836834,-0.8098886824793852
2026-06-09,584.0487060546875,680.9730988793557,489.61572100070094,947.1190190739175,352.03087265199997,1317.2832198037568,-0.4654062126036639,680.9730988793557,-0.14233219048472245,-0.4654062126036639,575.5750361431508,0.014722094217840986,0.0486745119427349,759.6878116920086,-0.23119905694699816,-0.816829269031423
2026-06-10,570.4512939453125,681.3519935433283,489.8881440734913,947.6459978092956,352.2267432663032,1318.0161585699805,-0.5384971263359173,681.3519935433283,-0.1627656492516939,-0.5384971263359173,575.8308556642318,-0.00934226025924545,-0.031260648652493166,760.3463788357901,-0.2497481281902557,-0.8927050665022807
2026-06-11,567.9036254882812,681.731099024976,490.1607187229711,948.1732697565938,352.4227228633698,1318.7495051446572,-0.5537510747437948,681.731099024976,-0.16696828661548935,-0.5537510747437948,576.0867888866079,-0.014204740598447119,-0.0476481098083061,761.0055168860364,-0.2537457181492062,-0.9093029670447802
2026-06-12,566.4549560546875,682.1104154416007,490.4334450334799,948.7008350789588,352.6188115038394,1319.483259754697,-0.563179370760458,682.1104154416007,-0.1695553341053112,-0.563179370760458,576.3428358608163,-0.017156246579104972,-0.057634702503626026,761.6652263376616,-0.2562940561453877,-0.9199300767608518
2026-06-15,593.47998046875,683.2496314752991,491.25253477525206,950.2852929292402,353.207732292549,1321.686974067923,-0.42696564225246386,683.2496314752991,-0.13138631456370486,-0.42696564225246386,577.1116598001196,0.02836248478206027,0.09314647953165883,763.6477880563887,-0.22283546190940218,-0.7832145235779604
2026-06-16,600.2100219726562,683.6297928061259,491.5258685741872,950.8140333851187,353.4042577136849,1322.422363090985,-0.39447143923994,683.6297928061259,-0.12202477380491683,-0.39447143923994,577.3681622874575,0.039562035417232355,0.1292217497490088,764.309788071257,-0.21470321152462024,-0.7508746905698741
2026-06-17,567.5800170898438,684.0101656594036,491.7993544565416,951.3430680331415,353.60089248191997,1323.1581612858274,-0.5655954257600485,684.0101656594036,-0.1702169856749397,-0.5655954257600485,577.6247787796416,-0.017389769377656572,-0.05842612035139749,764.9723619685178,-0.25803853144539834,-0.9272259253617905
2026-06-18,577.219970703125,684.3907501528261,492.07299250693654,951.8723970370013,353.79763665809645,1323.8943688801185,-0.5162309427742291,684.3907501528261,-0.15659296889352992,-0.5162309427742291,577.8815093273419,-0.0011447651699167949,-0.003814824338272119,765.6355102456653,-0.24609038768602098,-0.8775955116359744
2026-06-22,563.8499755859375,685.915206884071,493.16906808294857,953.9926598877562,354.58570866021154,1326.8432978094559,-0.5940122275843625,685.915206884071,-0.17795965167858452,-0.5940122275843625,578.9095730875098,-0.02601373029859333,-0.08778555927619085,768.2938571181006,-0.2661011534037768,-0.9611702950545971
2026-06-23,562.2000122070312,686.2968513458762,493.44346824448235,954.5234631293156,354.7830007898906,1327.5815558203733,-0.6045813743793148,686.2968513458762,-0.1808209361524571,-0.6045813743793148,579.1668746736392,-0.02929529157925126,-0.09902564862295463,768.9598847721974,-0.2688825212597641,-0.9729666783393449
2026-06-24,557.6699829101562,686.6787081553503,493.71802108276233,955.0545617107587,354.98040269326754,1328.3202245993834,-0.6307908829697592,686.6787081553503,-0.18787348976023266,-0.6307908829697592,579.4242906197826,-0.03754469403820959,-0.1274504053347804,769.6264898002136,-0.2754017821619924,-1.000793082377007
2026-06-25,542.8699951171875,687.0607774306438,493.9927266827382,955.5859557964131,355.1779144314205,1329.0593043750384,-0.7140087402405915,687.0607774306438,-0.20986612400241678,-0.7140087402405915,579.6818209767661,-0.06350350231364943,-0.2185124284930818,770.2936727026712,-0.2952428218546044,-1.0870481228097426
2026-06-26,550.25,687.4430592899731,494.2675851294067,956.1176455506981,355.37553606546186,1329.7987953760173,-0.6747649550805933,687.4430592899731,-0.19957006974755587,-0.6747649550805933,579.9394657954422,-0.05119407722100833,-0.1750211326380863,770.9614339805241,-0.2862807713233807,-1.0477905507293623
2026-06-29,562.5999755859375,688.591181555327,495.09307840024707,957.7144904708989,355.96906095454904,1332.0197380195998,-0.612542254495902,688.591181555327,-0.18296953162370166,-0.612542254495902,580.713087530472,-0.031191155035891982,-0.10553674024784823,772.9681930825172,-0.2721563699246835,-0.986909414208241
2026-06-30,563.2899780273438,688.9743149342796,495.36854908460157,958.2473645457268,356.1671227839469,1332.7608762112134,-0.6105130017284699,688.9743149342796,-0.18242238379949582,-0.6105130017284699,580.9711907048776,-0.030433888909502826,-0.1029344831935174,773.6382728801891,-0.271894892259837,-0.9857935254446035
2026-07-01,612.9099731445312,689.3576614893373,495.6441730413431,958.7805351126539,356.36529481530494,1333.5024267734575,-0.3562942619487122,689.3576614893373,-0.11089698804484593,-0.3562942619487122,581.2294085955698,0.054506128011504895,0.17675806780273684,774.308933564551,-0.2084425910947656,-0.726205181674184
2026-07-02,582.9000244140625,689.7412213391116,495.91995035575275,959.3140023366487,356.5635771099397,1334.2443899357756,-0.510153978892233,689.7412213391116,-0.15490040847148467,-0.510153978892233,581.4877412535348,0.0024287410728267567,0.008079115036447232,774.980175639169,-0.24785169642137928,-0.884862030414464
2026-07-06,600.2899780273438,691.2775960599172,497.0245948973542,961.4508411058953,357.3578101487715,1337.2163731791347,-0.4277896311792072,691.2775960599172,-0.13162240256472446,-0.4277896311792072,582.5222205786484,0.03050142435947878,0.10006654915253782,777.6709679268057,-0.22809259598868947,-0.8043013643849004
2026-07-07,615.5800170898438,691.6622241647593,497.30114028098143,961.9857940929749,357.55664468073303,1337.960402787951,-0.3532345781056227,691.6622241647593,-0.1099990781870317,-0.3532345781056227,582.7811278385701,0.05627994402104064,0.18235569388519215,778.3451245214845,-0.20911688440485376,-0.7288527907875504
2026-07-08,603.1199951171875,692.0470662773747,497.57783953496033,962.5210447288641,357.7555898445878,1338.7048463761873,-0.4169050506402112,692.0470662773747,-0.1284985884537294,-0.4169050506402112,583.0401501721615,0.03443990081831716,0.11277113454399364,779.0198655369949,-0.22579638620454934,-0.7950734492101714
2026-07-09,631.47998046875,692.4321225168378,497.8546927449047,963.0565931791754,357.9546457018916,1339.4497041741827,-0.2793071457384284,692.4321225168378,-0.08802616179408351,-0.2793071457384284,583.2992876305674,0.08260029432557414,0.2643278865467253,779.6951914799677,-0.1900937861754476,-0.6550113943939678
2026-07-10,669.2100219726562,692.8173930022882,498.1316999964754,963.5924396096123,358.15381231423413,1340.1949764124029,-0.10508733261570583,692.8173930022882,-0.034074449152222686,-0.10508733261570583,583.5585402649556,0.14677444643139315,0.4561225383678522,780.3711028574709,-0.14244643411035862,-0.4774150448811896
2026-07-13,656.72998046875,693.9744911269713,498.9636468582788,965.201768440113,358.7519772979119,1342.4332820750196,-0.16720803281033336,693.9744911269713,-0.053668414523044716,-0.16720803281033336,584.336989736043,0.12388911194105368,0.3889860514349347,782.4023546744472,-0.1606237167550304,-0.5439751607456257
2026-07-14,661.0399780273438,694.3606197891063,499.24127113392404,965.7388084499453,358.9515875469967,1343.1802143813807,-0.14906589548813026,694.3606197891063,-0.04798751659027378,-0.14906589548813026,584.5967035865009,0.13076241102945563,0.40929215479319214,783.080612869558,-0.15584683471475902,-0.5263449561893229
2026-07-15,681.3099975585938,694.7469632939287,499.51904988021937,966.2761472698122,359.15130885958575,1343.9275622822304,-0.059200271577530376,694.7469632939287,-0.01934080527913029,-0.059200271577530376,584.8565328691243,0.16491816243600588,0.5084036128740628,783.7594590411447,-0.13071543864732194,-0.43520436910369503
2026-07-16,664.5399780273438,695.1335217609746,499.7969831831106,966.8137850659687,359.35114129747376,1344.6753260088017,-0.136431155216969,695.1335217609746,-0.044011032090825686,-0.136431155216969,585.1164776352182,0.13573964061501087,0.423919708030673,784.4388936989193,-0.1528467247540568,-0.5153232783641947
2026-07-17,646.010009765625,695.5202953098523,500.07507112859525,967.351722004769,359.55108492249235,1345.4235057924652,-0.22383981177784634,695.5202953098523,-0.07118453031218963,-0.22383981177784634,585.3765379361095,0.1035802904627745,0.3282530924252935,785.1189173530349,-0.1771819586979313,-0.6058735263163628
2026-07-20,645.8499755859375,696.6819076445162,500.91026368127575,968.9673293419188,360.1515835391455,1347.6705438015847,-0.2296491103625407,696.6819076445162,-0.07296289956838642,-0.2296491103625407,586.1574125611925,0.10183708632792121,0.3229881093731629,787.162527401609,-0.17952144175630214,-0.6147193163719723
2026-07-21,643.8099975585938,697.0695427181,501.1889710580433,969.5064645166498,360.3519725316752,1348.420390129846,-0.24092470326266555,697.0695427181,-0.07640492360608675,-0.24092470326266555,586.4179355150096,0.09786887229699204,0.3109718205057315,787.8449121514817,-0.18282140605509667,-0.6272397459335751
2026-07-22,627.1699829101562,697.4573934725387,501.4678335080985,970.0458996671654,360.55247302100213,1349.1706536739584,-0.32198601491489454,697.4573934725387,-0.10077663699632122,-0.32198601491489454,586.6785742606052,0.06901804570003711,0.22227927700511313,788.5278884551061,-0.20463183091860493,-0.7112845132618362
2026-07-23,606.0999755859375,697.84546002784,501.74685111772624,970.5856349603762,360.7530850691647,1349.921334666066,-0.4272564023771915,697.84546002784,-0.13146963002129775,-0.4272564023771915,586.9393288494452,0.03264502103488631,0.10698729031697493,789.2114568252966,-0.23201827552776333,-0.8201414935502952
2026-07-24,595.1900024414062,698.2337425040733,502.02602397325575,971.1256705632788,360.953808738233,1350.6724333384334,-0.484002076788144,698.2337425040733,-0.14757771472504566,-0.484002076788144,587.2001993330153,0.01360660830406113,0.045011273148959946,789.8956177753105,-0.24649537350552708,-0.8792648316498304
2026-07-27,593.8699951171875,699.3998866600974,502.86447487929314,972.7475809015431,361.5566500921114,1352.928237761737,-0.4957904142401075,699.3998866600974,-0.15088634350064822,-0.4957904142401075,587.983506667333,0.01001131559492019,0.03317689001259788,791.9516612435433,-0.25011837946690174,-0.89423862042938
2026-07-28,593.4099731445312,699.7890340221213,503.1442695827056,973.2888194150787,361.75782086621234,1353.6810094804266,-0.49982544494069603,699.7890340221213,-0.15201590151558053,-0.49982544494069603,588.2448412451616,0.008780581719061598,0.02911608545952855,792.6381976543311,-0.25134825081528944,-0.8993380987470821
2026-07-29,585.6099853515625,700.1783979064412,503.42421996439714,973.8303590747023,361.95910357209584,1354.4342000426623,-0.5416189143738124,700.1783979064412,-0.16362745965519987,-0.5416189143738124,588.5062919755021,-0.004921453964777944,-0.016431368720106095,793.325329217912,-0.26182870534478275,-0.9431367174295952
2026-07-30,539.030029296875,700.5679784335308,503.70432611098744,974.372200047972,362.160498272041,1355.1878096814892,-0.7945394429891977,700.5679784335308,-0.230581405530202,-0.7945394429891977,588.7678589099811,-0.08447782748397392,-0.29395224725208774,794.0130564502194,-0.3211320331346851,-1.2033223471318664
2026-07-31,556.7100219726562,700.9577757239302,503.9845881091444,974.9143425025394,362.3620050283615,1355.9418386300822,-0.6983988567148599,700.9577757239302,-0.20578665184546785,-0.6983988567148599,589.0295421002446,-0.05486909877618329,-0.1879462465539125,794.7013798676335,-0.29947268738179034,-1.1057504652827477
2026-08-03,590.239990234375,702.1284693813988,504.8263100804171,976.5425804319414,362.96719825923225,1358.2064436681549,-0.52617806066638,702.1284693813988,-0.15935613498994228,-0.52617806066638,589.8152897225727,0.0007200568028713494,0.0023972861843306287,796.7699324010357,-0.2592090059727663,-0.9321307760272441
2026-08-04,587.9400024414062,702.5191349317843,505.1071963524841,977.0859304900802,363.1691538648848,1358.9621521901581,-0.5396989209757196,702.5191349317843,-0.1630975254524616,-0.5396989209757196,590.077438452918,-0.0036222974684743114,-0.012085964386260991,797.4606457316388,-0.26273477495307074,-0.9469524108701709
2026-08-05,588.77001953125,702.9100178491886,505.3882389101809,977.6295828691741,363.37122183900163,1359.71828118975,-0.5371087723952741,702.9100178491886,-0.16238209076489174,-0.5371087723952741,590.3397036976321,-0.0026589506966078202,-0.008867429518212032,798.1519578359721,-0.262333426923388,-0.9452616523151286
2026-08-06,589.9000244140625,703.3011182545553,505.6694378404652,978.1735377374353,363.5734022441048,1360.4748309008853,-0.5329827674801361,703.3011182545553,-0.16124116811008393,-0.5329827674801361,590.6020855085026,-0.0011887209877282645,-0.003961390193599447,798.843869233109,-0.2615577997983921,-0.9419967735932705
2026-08-07,592.0999755859375,703.6924362688949,505.950793230343,978.7177952631689,363.77569514275103,1361.231801557648,-0.5233854349545405,703.6924362688949,-0.15858129906105123,-0.5233854349545405,590.8645839373376,0.002090820269456062,0.006956207320035213,799.5363804425708,-0.2594458612900268,-0.9331242563596921
2026-08-10,594.9199829101562,704.8676971768688,506.7957990283231,980.3523854696659,364.3832494260387,1363.5052415445036,-0.5140412211565938,704.8676971768688,-0.15598347705118898,-0.5140412211565938,591.6527794500639,0.0055221636297038135,0.018340971448503506,801.6175181468834,-0.25785057157253044,-0.926439004285354
2026-08-11,599.1199951171875,705.2598868385544,507.07778112760315,980.8978553102189,364.5859929251218,1364.26389832723,-0.49440283322223955,705.2598868385544,-0.15049755941339116,-0.49440283322223955,591.9157448693068,0.012171073856924286,0.04029106293189731,802.3124338098785,-0.25325849398569944,-0.90727527200904
2026-08-12,578.8499755859375,705.6522947152772,507.3599201222333,981.443628651178,364.78884923105454,1365.0229772279624,-0.6004186208654032,705.6522947152772,-0.17969518426990028,-0.6004186208654032,592.1788271659044,-0.022508152889824107,-0.07581992361887446,803.0079518895719,-0.2791478910964261,-1.0168962231394016
2026-08-13,594.969970703125,706.0449209284524,507.6422160995104,981.989705661411,364.9918184066029,1365.7824784815684,-0.5188448311295754,706.0449209284524,-0.15731994797053894,-0.5188448311295754,592.4420263918038,0.004266990184199626,0.014180977174198745,803.704072908194,-0.2597151230673338,-0.9342540503257312
2026-08-14,589.8499755859375,706.4377655995622,507.92466914677937,982.5360865098795,365.1949005145673,1366.5424023230444,-0.5467287393524375,706.4377655995622,-0.16503617967631623,-0.5467287393524375,592.7053425989752,-0.004817515226903657,-0.016083506846720653,804.4007973884273,-0.26672129428395885,-0.9637965694512269
2026-08-17,568.969970703125,707.6176115763474,508.7729715827259,984.1770537757377,365.80482506149303,1368.824711726646,-0.6610333335936184,707.6176115763474,-0.19593582551508215,-0.6610333335936184,593.4959936281712,-0.041324664679054046,-0.14055644626897754,806.494596832422,-0.29451483873815854,-1.0838406721615035
2026-08-18,543.6699829101562,708.0113312953783,509.05605378439117,984.7246516686536,366.0083595278308,1369.5863282722023,-0.8005944632008615,708.0113312953783,-0.23211683361697466,-0.8005944632008615,593.7597782805959,-0.08436037131967622,-0.2935249909016834,807.193740394997,-0.3264690300446166,-1.2278427031466115
2026-08-19,546.030029296875,708.4052700807744,509.3392934935063,985.2725542460292,366.2120072411144,1370.3483685825847,-0.7891507235680137,708.4052700807744,-0.22921235575419263,-0.7891507235680137,594.023680174491,-0.08079417114064902,-0.2805786748472924,807.8934900394013,-0.3241311682431741,-1.2170777780113051
2026-08-20,545.8300170898438,708.7994280544219,509.62269079770704,985.8207616773882,366.4157682643534,1371.110832893572,-0.7919473627588267,708.7994280544219,-0.22992316939632929,-0.7919473627588267,594.2876993619648,-0.08153909684509009,-0.28327881099374363,808.5938462910436,-0.3249639239854185,-1.2209080119303506
2026-08-21,549.9000244140625,709.1938053382803,509.90624578468135,986.3692741323554,366.619642660595,1371.8737214410833,-0.7711149993389187,709.1938053382803,-0.22461248212431273,-0.7711149993389187,594.551835895151,-0.07510162913526497,-0.2600168526987274,809.294809675786,-0.3205195216384008,-1.2005205578461777
2026-08-24,559.02001953125,710.3782542716951,510.7578577198324,988.016643336521,367.23194671831465,1374.1649348638596,-0.7263136396103018,710.3782542716951,-0.2130671002811354,-0.7263136396103018,595.3449500906457,-0.06101493017428805,-0.2096739579016709,811.4013478940825,-0.3110437627665581,-1.157494791879659
2026-08-25,570.0499877929688,710.7735100173167,511.0420443157355,988.5663775840153,367.4362752377243,1374.9295227192315,-0.6687737510232815,710.7735100173167,-0.19798644749847172,-0.6687737510232815,595.6095565284627,-0.042913295220561976,-0.14608002915485138,812.1047450789774,-0.2980585432516698,-1.0994852931195993
2026-08-26,576.1400146484375,711.1689856839486,511.32638903357366,989.1164177046376,367.64071744589114,1375.6945359926667,-0.6382482878553318,711.1689856839486,-0.18986903781476128,-0.6382482878553318,595.8742805729997,-0.03311817033886,-0.11216788916427045,812.8087520331326,-0.2911739530273263,-1.0691632485091447
2026-08-27,571.0999755859375,711.564681393958,511.6108919613281,989.6667638685796,367.84527340607303,1376.4599749208733,-0.6665678414219014,711.564681393958,-0.19740258261954435,-0.6665678414219014,596.1391222765277,-0.042002186662353336,-0.14291103348848078,813.5133692851521,-0.29798329425394365,-1.0991522665067106
2026-08-28,578.02001953125,711.9605972697751,511.89555318702526,990.2174162461208,368.0499431815605,1377.2258397406817,-0.6317454540096795,711.9605972697751,-0.1881292002003484,-0.6317454540096795,596.404081691343,-0.030824842962103194,-0.10427769747979365,814.2185973640981,-0.29009233957257063,-1.0644262454595184
2026-08-31,572.3400268554688,713.1496671174287,512.7504875327978,991.871212364607,368.66463603330834,1379.5259919200653,-0.6667376006822296,713.1496671174287,-0.19744752995695358,-0.6667376006822296,597.1996667267978,-0.041627015647183185,-0.14160699871791224,816.3379518599985,-0.2988932763062022,-1.1031819357203942
2026-09-01,578.5399780273438,713.5464648821693,513.0357828315323,992.423091301279,368.86976170364363,1380.293562677278,-0.6357643498848944,713.5464648821693,-0.18920489904903348,-0.6357643498848944,597.4650975101674,-0.03167569044901675,-0.10720285722750386,817.0456285464514,-0.29191227782886053,-1.0724009474431746
2026-09-02,592.8499755859375,713.9434834259044,513.3212368690873,992.9752773043904,369.07500150627334,1381.0615605122496,-0.5633868566724037,713.9434834259044,-0.16961217610516144,-0.5633868566724037,597.7306462666461,-0.008165334521816225,-0.02730628130941976,817.7539187120295,-0.27502643274436145,-0.9991841847348871
2026-09-03,610.6799926757812,714.3407228714755,513.6068497337853,993.5277705447928,369.2803555047004,1381.8299856626058,-0.4752532293851688,714.3407228714755,-0.14511384676349315,-0.4752532293851688,597.9963130486658,0.02121029737198943,0.06990216543200062,818.4628228885522,-0.25386960091779776,-0.9098187446809939
2026-09-04,616.77001953125,714.7381833417926,513.8926215139978,994.0805711934335,369.4858237624637,1382.5988383661056,-0.44686028178850296,714.7381833417926,-0.13706860231321039,-0.44686028178850296,598.2620979086857,0.03093614268271616,0.10147122850259424,819.1723416083017,-0.24708148920124684,-0.8816823444507995
2026-09-08,613.47998046875,716.3302379311194,515.037299559149,996.2948512926573,370.30884065889126,1385.6785294713534,-0.46981731695896145,716.3302379311194,-0.1435793884108788,-0.46981731695896145,599.3264191787288,0.023615780711646606,0.07773800634831547,822.0165725813417,-0.25368903629002715,-0.9090670044580542
2026-09-09,653.6900024414062,716.7288053712143,515.3238672442318,996.8491915500313,370.51488116765466,1386.4495235115896,-0.27906562449458017,716.7288053712143,-0.08795349434457078,-0.27906562449458017,599.5927952164269,0.09022324426939221,0.28769687016916,822.7291720176027,-0.20546149975654415,-0.7145269056639814
2026-09-10,644.3800048828125,717.127594574954,515.6105943760929,997.4038402433272,370.72103631772984,1387.2209465343044,-0.32423317029915594,717.127594574954,-0.10144302107808223,-0.32423317029915594,599.8592896473589,0.07421859760082428,0.23844218844159626,823.4423892004802,-0.2174558738608635,-0.7617836613745018
2026-09-11,648.030029296875,717.5266056657277,515.8974810434487,997.9587975441592,370.9273061729034,1387.9927987781846,-0.3087977727692498,717.5266056657277,-0.09685574837238708,-0.3087977727692498,600.125902524147,0.0798234613291009,0.2557742926313853,824.1562246654938,-0.21370486577360304,-0.7469276314575433
