date,value
2010-01-04,6.400960445404053
2010-01-05,6.412026882171631
2010-01-06,6.3100361824035645
2010-01-07,6.29836893081665
2010-01-08,6.340245246887207
2010-01-11,6.284312725067139
2010-01-12,6.212827205657959
2010-01-13,6.300463676452637
2010-01-14,6.263974189758301
2010-01-15,6.159289836883545
2010-01-19,6.431766033172607
2010-01-20,6.332766056060791
2010-01-21,6.223298072814941
2010-01-22,5.914628505706787
2010-01-25,6.07374906539917
2010-01-26,6.159588813781738
2010-01-27,6.217615127563477
2010-01-28,5.960690498352051
2010-01-29,5.744443893432617
2010-02-01,5.824303150177002
2010-02-02,5.8581013679504395
2010-02-03,5.958894729614258
2010-02-04,5.744144439697266
2010-02-05,5.84613561630249
2010-02-08,5.806057453155518
2010-02-09,5.867971420288086
2010-02-10,5.835967540740967
2010-02-11,5.9421467781066895
2010-02-12,5.993293285369873
2010-02-16,6.083619594573975
2010-02-17,6.058194637298584
2010-02-18,6.0695600509643555
2010-02-19,6.031874179840088
2010-02-22,5.994488716125488
2010-02-23,5.893990516662598
2010-02-24,6.001667022705078
2010-02-25,6.041744709014893
2010-02-26,6.120109558105469
2010-03-01,6.250813961029053
2010-03-02,6.246625900268555
2010-03-03,6.260982990264893
2010-03-04,6.302258014678955
2010-03-05,6.548713207244873
2010-03-08,6.552602767944336
2010-03-09,6.67044734954834
2010-03-10,6.72488260269165
2010-03-11,6.744621276855469
2010-03-12,6.777522087097168
2010-03-15,6.694969654083252
2010-03-16,6.713217258453369
2010-03-17,6.70334529876709
2010-03-18,6.719200134277344
2010-03-19,6.647415637969971
2010-03-22,6.722188949584961
2010-03-23,6.83016300201416
2010-03-24,6.860372066497803
2010-03-25,6.779016494750977
2010-03-26,6.906134605407715
2010-03-29,6.950698375701904
2010-03-30,7.05418586730957
2010-03-31,7.028761386871338
2010-04-01,7.057776927947998
2010-04-05,7.133147239685059
2010-04-06,7.164553642272949
2010-04-07,7.196257591247559
2010-04-08,7.176815986633301
2010-04-09,7.231849193572998
2010-04-12,7.2468037605285645
2010-04-13,7.250990390777588
2010-04-14,7.34849739074707
2010-04-15,7.445108413696289
2010-04-16,7.399643421173096
2010-04-19,7.389774322509766
2010-04-20,7.315596103668213
2010-04-21,7.753177642822266
2010-04-22,7.970021724700928
2010-04-23,8.10042667388916
2010-04-26,8.060646057128906
2010-04-27,7.837519645690918
2010-04-28,7.824355602264404
2010-04-29,8.034923553466797
2010-04-30,7.809107780456543
2010-05-03,7.966427326202393
2010-05-04,7.73702335357666
2010-05-05,7.656566619873047
2010-05-06,7.365245819091797
2010-05-07,7.054483890533447
2010-05-10,7.59674596786499
2010-05-11,7.672420978546143
2010-05-12,7.839014053344727
2010-05-13,7.727452278137207
2010-05-14,7.591663837432861
2010-05-17,7.603627681732178
2010-05-18,7.547991752624512
2010-05-19,7.4277567863464355
2010-05-20,7.111314296722412
2010-05-21,7.247701644897461
2010-05-24,7.380499839782715
2010-05-25,7.334439277648926
2010-05-26,7.301239490509033
2010-05-27,7.5776047706604
2010-05-28,7.6831865310668945
2010-06-01,7.801329612731934
2010-06-02,7.894646644592285
2010-06-03,7.8698225021362305
2010-06-04,7.655669212341309
2010-06-07,7.505522727966309
2010-06-08,7.457369327545166
2010-06-09,7.274022102355957
2010-06-10,7.492660999298096
2010-06-11,7.582391738891602
2010-06-14,7.605421543121338
2010-06-15,7.7672319412231445
2010-06-16,7.993348598480225
2010-06-17,8.131534576416016
2010-06-18,8.1973295211792
2010-06-21,8.080687522888184
2010-06-22,8.190753936767578
2010-06-23,8.1046142578125
2010-06-24,8.045692443847656
2010-06-25,7.97689962387085
2010-06-28,8.024750709533691
2010-06-29,7.661950588226318
2010-06-30,7.523169994354248
2010-07-01,7.431947231292725
2010-07-02,7.385887145996094
2010-07-06,7.436431884765625
2010-07-07,7.736721515655518
2010-07-08,7.719376087188721
2010-07-09,7.765137672424316
2010-07-12,7.69544792175293
2010-07-13,7.531241416931152
2010-07-14,7.55905818939209
2010-07-15,7.52077579498291
2010-07-16,7.474417686462402
2010-07-19,7.345208644866943
2010-07-20,7.533936977386475
2010-07-21,7.604226112365723
2010-07-22,7.747188568115234
2010-07-23,7.774710178375244
2010-07-26,7.754968166351318
2010-07-27,7.898536205291748
2010-07-28,7.8052191734313965
2010-07-29,7.719978332519531
2010-07-30,7.6942524909973145
2010-08-02,7.831836700439453
2010-08-03,7.834228038787842
2010-08-04,7.865636348724365
2010-08-05,7.827348709106445
2010-08-06,7.7791972160339355
2010-08-09,7.828848361968994
2010-08-10,7.758856773376465
2010-08-11,7.483091831207275
2010-08-12,7.530942916870117
2010-08-13,7.450489521026611
2010-08-16,7.406818866729736
2010-08-17,7.536327838897705
2010-08-18,7.569231033325195
2010-08-19,7.473820686340332
2010-08-20,7.466640472412109
2010-08-23,7.351785182952881
2010-08-24,7.176218032836914
2010-08-25,7.2647504806518555
2010-08-26,7.186687469482422
2010-08-27,7.226766586303711
2010-08-30,7.253086566925049
2010-08-31,7.271029472351074
2010-09-01,7.487277030944824
2010-09-02,7.542313575744629
2010-09-03,7.73971700668335
2010-09-07,7.711002826690674
2010-09-08,7.863841533660889
2010-09-09,7.868330478668213
2010-09-10,7.878493309020996
2010-09-13,7.98706579208374
2010-09-14,8.017573356628418
2010-09-15,8.08218002319336
2010-09-16,8.27210521697998
2010-09-17,8.236214637756348
2010-09-20,8.471304893493652
2010-09-21,8.487460136413574
2010-09-22,8.606499671936035
2010-09-23,8.641490936279297
2010-09-24,8.743184089660645
2010-09-27,8.708487510681152
2010-09-28,8.579876899719238
2010-09-29,8.59512710571289
2010-09-30,8.486856460571289
2010-10-01,8.450069427490234
2010-10-04,8.33402156829834
2010-10-05,8.642091751098633
2010-10-06,8.649564743041992
2010-10-07,8.650460243225098
2010-10-08,8.795525550842285
2010-10-11,8.834107398986816
2010-10-12,8.929222106933594
2010-10-13,8.977075576782227
2010-10-14,9.04198169708252
2010-10-15,9.41375732421875
2010-10-18,9.51126480102539
2010-10-19,9.256733894348145
2010-10-20,9.287839889526367
2010-10-21,9.2576265335083
2010-10-22,9.196313858032227
2010-10-25,9.237286567687988
2010-10-26,9.213662147521973
2010-10-27,9.207080841064453
2010-10-28,9.12961483001709
2010-10-29,9.002198219299316
2010-11-01,9.097911834716797
2010-11-02,9.25284481048584
2010-11-03,9.355731964111328
2010-11-04,9.519339561462402
2010-11-05,9.485241889953613
2010-11-08,9.529807090759277
2010-11-09,9.453835487365723
2010-11-10,9.512160301208496
2010-11-11,9.470881462097168
2010-11-12,9.213059425354004
2010-11-15,9.183450698852539
2010-11-16,9.020442008972168
2010-11-17,8.987844467163086
2010-11-18,9.225028038024902
2010-11-19,9.174177169799805
2010-11-22,9.372486114501953
2010-11-23,9.234000205993652
2010-11-24,9.415552139282227
2010-11-26,9.421534538269043
2010-11-29,9.477466583251953
2010-11-30,9.306380271911621
2010-12-01,9.463407516479492
2010-12-02,9.515745162963867
2010-12-03,9.49451732635498
2010-12-06,9.575570106506348
2010-12-07,9.51754379272461
2010-12-08,9.601288795471191
2010-12-09,9.563905715942383
2010-12-10,9.587830543518066
2010-12-13,9.621031761169434
2010-12-14,9.579756736755371
2010-12-15,9.581851959228516
2010-12-16,9.608469009399414
2010-12-17,9.589329719543457
2010-12-20,9.63718032836914
2010-12-21,9.696702003479004
2010-12-22,9.725415229797363
2010-12-23,9.678756713867188
2010-12-27,9.711058616638184
2010-12-28,9.734685897827148
2010-12-29,9.7293062210083
2010-12-30,9.68055248260498
2010-12-31,9.647652626037598
2011-01-03,9.857317924499512
2011-01-04,9.90876293182373
2011-01-05,9.989814758300781
2011-01-06,9.981740951538086
2011-01-07,10.053226470947266
2011-01-10,10.242555618286133
2011-01-11,10.218324661254883
2011-01-12,10.301471710205078
2011-01-13,10.339160919189453
2011-01-14,10.4229097366333
2011-01-18,10.188712120056152
2011-01-19,10.134580612182617
2011-01-20,9.950338363647461
2011-01-21,9.772074699401855
2011-01-24,10.093005180358887
2011-01-25,10.211145401000977
2011-01-26,10.284425735473633
2011-01-27,10.26528549194336
2011-01-28,10.052629470825195
2011-01-31,10.148935317993164
2011-02-01,10.319719314575195
2011-02-02,10.298486709594727
2011-02-03,10.272162437438965
2011-02-04,10.363689422607422
2011-02-07,10.5246000289917
2011-02-08,10.623902320861816
2011-02-09,10.712434768676758
2011-02-10,10.604157447814941
2011-02-11,10.673250198364258
2011-02-14,10.742939949035645
2011-02-15,10.764477729797363
2011-02-16,10.86108684539795
2011-02-17,10.716622352600098
2011-02-18,10.485121726989746
2011-02-22,10.127702713012695
2011-02-23,10.247636795043945
2011-02-24,10.255413055419922
2011-02-25,10.413335800170898
2011-02-28,10.56437873840332
2011-03-01,10.447731971740723
2011-03-02,10.531778335571289
2011-03-03,10.75430965423584
2011-03-04,10.76746654510498
2011-03-07,10.628684997558594
2011-03-08,10.640654563903809
2011-03-09,10.542244911193848
2011-03-10,10.36877155303955
2011-03-11,10.5278902053833
2011-03-14,10.574848175048828
2011-03-15,10.331686019897461
2011-03-16,9.870479583740234
2011-03-17,10.008955955505371
2011-03-18,9.890220642089844
2011-03-21,10.148340225219727
2011-03-22,10.205169677734375
2011-03-23,10.145049095153809
2011-03-24,10.317925453186035
2011-03-25,10.514432907104492
2011-03-28,10.481527328491211
2011-03-29,10.497082710266113
2011-03-30,10.427395820617676
2011-03-31,10.42380428314209
2011-04-01,10.30566120147705
2011-04-04,10.204866409301758
2011-04-05,10.136076927185059
2011-04-06,10.110651969909668
2011-04-07,10.111856460571289
2011-04-08,10.021520614624023
2011-04-11,9.8941068649292
2011-04-12,9.941964149475098
2011-04-13,10.053523063659668
2011-04-14,9.942559242248535
2011-04-15,9.794207572937012
2011-04-18,9.925511360168457
2011-04-19,10.105267524719238
2011-04-20,10.241358757019043
2011-04-21,10.489307403564453
2011-04-25,10.55840015411377
2011-04-26,10.48093318939209
2011-04-27,10.472858428955078
2011-04-28,10.37116527557373
2011-04-29,10.472257614135742
2011-05-02,10.35710334777832
2011-05-03,10.414534568786621
2011-05-04,10.455510139465332
2011-05-05,10.37116527557373
2011-05-06,10.368473052978516
2011-05-09,10.396586418151855
2011-05-10,10.451921463012695
2011-05-11,10.385522842407227
2011-05-12,10.365781784057617
2011-05-13,10.184229850769043
2011-05-16,9.968880653381348
2011-05-17,10.053817749023438
2011-05-18,10.165387153625488
2011-05-19,10.185128211975098
2011-05-20,10.026308059692383
2011-05-23,10.00178337097168
2011-05-24,9.935681343078613
2011-05-25,10.072967529296875
2011-05-26,10.019725799560547
2011-05-27,10.091812133789062
2011-05-31,10.403467178344727
2011-06-01,10.334076881408691
2011-06-02,10.351719856262207
2011-06-03,10.272162437438965
2011-06-06,10.110651969909668
2011-06-07,9.931194305419922
2011-06-08,9.937175750732422
2011-06-09,9.914742469787598
2011-06-10,9.74754524230957
2011-06-13,9.768488883972168
2011-06-14,9.943158149719238
2011-06-15,9.772970199584961
2011-06-16,9.725415229797363
2011-06-17,9.578853607177734
2011-06-20,9.431108474731445
2011-06-21,9.729601860046387
2011-06-22,9.649150848388672
2011-06-23,9.906968116760254
2011-06-24,9.761009216308594
2011-06-27,9.931194305419922
2011-06-28,10.027499198913574
2011-06-29,9.991010665893555
2011-06-30,10.039765357971191
2011-07-01,10.266778945922852
2011-07-05,10.45132064819336
2011-07-06,10.521011352539062
2011-07-07,10.683722496032715
2011-07-08,10.758793830871582
2011-07-11,10.588010787963867
2011-07-12,10.58053207397461
2011-07-13,10.70824909210205
2011-07-14,10.70076847076416
2011-07-15,10.914618492126465
2011-07-18,11.180222511291504
2011-07-19,11.271442413330078
2011-07-20,11.57203197479248
2011-07-21,11.583702087402344
2011-07-22,11.763461112976074
2011-07-25,11.918987274169922
2011-07-26,12.065844535827637
2011-07-27,11.74222183227539
2011-07-28,11.71919059753418
2011-07-29,11.679109573364258
2011-08-01,11.866641998291016
2011-08-02,11.632155418395996
2011-08-03,11.74162483215332
2011-08-04,11.286999702453613
2011-08-05,11.174836158752441
2011-08-08,10.56437873840332
2011-08-09,11.186500549316406
2011-08-10,10.877832412719727
2011-08-11,11.177227973937988
2011-08-12,11.275634765625
2011-08-15,11.467652320861816
2011-08-16,11.380017280578613
2011-08-17,11.378822326660156
2011-08-18,10.948423385620117
2011-08-19,10.648727416992188
2011-08-22,10.660985946655273
2011-08-23,11.174239158630371
2011-08-24,11.251404762268066
2011-08-25,11.177826881408691
2011-08-26,11.472737312316895
2011-08-29,11.663861274719238
2011-08-30,11.664456367492676
2011-08-31,11.510128021240234
2011-09-01,11.396469116210938
2011-09-02,11.18769645690918
2011-09-06,11.357880592346191
2011-09-07,11.483207702636719
2011-09-08,11.489487648010254
2011-09-09,11.290288925170898
2011-09-12,11.363866806030273
2011-09-13,11.503843307495117
2011-09-14,11.643818855285645
2011-09-15,11.753290176391602
2011-09-16,11.978806495666504
2011-09-19,12.311700820922852
2011-09-20,12.366137504577637
2011-09-21,12.32695484161377
2011-09-22,12.01828670501709
2011-09-23,12.092462539672852
2011-09-26,12.058669090270996
2011-09-27,11.941719055175781
2011-09-28,11.874422073364258
2011-09-29,11.681804656982422
2011-09-30,11.405142784118652
2011-10-03,11.204148292541504
2011-10-04,11.141338348388672
2011-10-05,11.313316345214844
2011-10-06,11.286999702453613
2011-10-07,11.060583114624023
2011-10-10,11.629162788391113
2011-10-11,11.972524642944336
2011-10-12,12.029356002807617
2011-10-13,12.21599292755127
2011-10-14,12.621862411499023
2011-10-17,12.561748504638672
2011-10-18,12.629044532775879
2011-10-19,11.922577857971191
2011-10-20,11.82357120513916
2011-10-21,11.750596046447754
2011-10-24,12.136431694030762
2011-10-25,11.897154808044434
2011-10-26,11.981794357299805
2011-10-27,12.104126930236816
2011-10-28,12.111906051635742
2011-10-31,12.10681438446045
2011-11-01,11.859469413757324
2011-11-02,11.886388778686523
2011-11-03,12.055670738220215
2011-11-04,11.971031188964844
2011-11-07,11.95577621459961
2011-11-08,12.150193214416504
2011-11-09,11.822681427001953
2011-11-10,11.52178955078125
2011-11-11,11.503843307495117
2011-11-14,11.343525886535645
2011-11-15,11.629759788513184
2011-11-16,11.508328437805176
2011-11-17,11.288190841674805
2011-11-18,11.214317321777344
2011-11-21,11.036952018737793
2011-11-22,11.261272430419922
2011-11-23,10.97653579711914
2011-11-25,10.874244689941406
2011-11-28,11.249611854553223
2011-11-29,11.162275314331055
2011-11-30,11.431461334228516
2011-12-01,11.602843284606934
2011-12-02,11.655784606933594
2011-12-05,11.754781723022461
2011-12-06,11.69316577911377
2011-12-07,11.637537956237793
2011-12-08,11.684494972229004
2011-12-09,11.773032188415527
2011-12-12,11.719788551330566
2011-12-13,11.629162788391113
2011-12-14,11.371341705322266
2011-12-15,11.333954811096191
2011-12-16,11.396164894104004
2011-12-19,11.431757926940918
2011-12-20,11.842717170715332
2011-12-21,11.857671737670898
2011-12-22,11.920482635498047
2011-12-23,12.063453674316406
2011-12-27,12.159168243408203
2011-12-28,12.042814254760742
2011-12-29,12.116987228393555
2011-12-30,12.11340045928955
2012-01-03,12.299736022949219
2012-01-04,12.365836143493652
2012-01-05,12.50312328338623
2012-01-06,12.633829116821289
2012-01-09,12.613787651062012
2012-01-10,12.658950805664062
2012-01-11,12.63831615447998
2012-01-12,12.603616714477539
2012-01-13,12.556361198425293
2012-01-17,12.702620506286621
2012-01-18,12.834524154663086
2012-01-19,12.793846130371094
2012-01-20,12.57101821899414
2012-01-23,12.783675193786621
2012-01-24,12.574307441711426
2012-01-25,13.359436988830566
2012-01-26,13.298722267150879
2012-01-27,13.377978324890137
2012-01-30,13.549360275268555
2012-01-31,13.65314769744873
2012-02-01,13.644476890563965
2012-02-02,13.61247444152832
2012-02-03,13.748856544494629
2012-02-06,13.87717056274414
2012-02-07,14.022536277770996
2012-02-08,14.25732707977295
2012-02-09,14.750534057617188
2012-02-10,14.758007049560547
2012-02-13,15.03258228302002
2012-02-14,15.237767219543457
2012-02-15,14.885132789611816
2012-02-16,15.020915985107422
2012-02-17,15.018219947814941
2012-02-21,15.39897632598877
2012-02-22,15.344840049743652
2012-02-23,15.445029258728027
2012-02-24,15.625092506408691
2012-02-27,15.725278854370117
2012-02-28,16.013912200927734
2012-02-29,16.224184036254883
2012-03-01,16.284893035888672
2012-03-02,16.306133270263672
2012-03-05,15.946625709533691
2012-03-06,15.859874725341797
2012-03-07,15.872742652893066
2012-03-08,16.210723876953125
2012-03-09,16.30583381652832
2012-03-12,16.510122299194336
2012-03-13,16.991657257080078
2012-03-14,17.63412094116211
2012-03-15,17.513887405395508
2012-03-16,17.514179229736328
2012-03-19,17.978675842285156
2012-03-20,18.124046325683594
2012-03-21,18.020559310913086
2012-03-22,17.926042556762695
2012-03-23,17.82763671875
2012-03-26,18.154542922973633
2012-03-27,18.378868103027344
2012-03-28,18.47278594970703
2012-03-29,18.24068832397461
2012-03-30,17.93232536315918
2012-04-02,18.503000259399414
2012-04-03,18.82272720336914
2012-04-04,18.672883987426758
2012-04-05,18.95313262939453
2012-04-09,19.029401779174805
2012-04-10,18.79640769958496
2012-04-11,18.729408264160156
2012-04-12,18.626819610595703
2012-04-13,18.102201461791992
2012-04-16,17.351470947265625
2012-04-17,18.235897064208984
2012-04-18,18.195222854614258
2012-04-19,17.570110321044922
2012-04-20,17.137622833251953
2012-04-23,17.099328994750977
2012-04-24,16.757768630981445
2012-04-25,18.24488067626953
2012-04-26,18.176084518432617
2012-04-27,18.035505294799805
2012-04-30,17.46662139892578
2012-05-01,17.41129493713379
2012-05-02,17.52644920349121
2012-05-03,17.402021408081055
2012-05-04,16.906423568725586
2012-05-07,17.032936096191406
2012-05-08,16.994054794311523
2012-05-09,17.023963928222656
2012-05-10,17.06404685974121
2012-05-11,16.950088500976562
2012-05-14,16.69615364074707
2012-05-15,16.545106887817383
2012-05-16,16.333051681518555
2012-05-17,15.855693817138672
2012-05-18,15.863471984863281
2012-05-21,16.787675857543945
2012-05-22,16.65876579284668
2012-05-23,17.06523895263672
2012-05-24,16.908512115478516
2012-05-25,16.817882537841797
2012-05-29,17.116384506225586
2012-05-30,17.322757720947266
2012-05-31,17.279691696166992
2012-06-01,16.77900505065918
2012-06-04,16.87770652770996
2012-06-05,16.834047317504883
2012-06-06,17.0921630859375
2012-06-07,17.099937438964844
2012-06-08,17.35715675354004
2012-06-11,17.083478927612305
2012-06-12,17.232725143432617
2012-06-13,17.113101959228516
2012-06-14,17.094247817993164
2012-06-15,17.17201805114746
2012-06-18,17.520465850830078
2012-06-19,17.569215774536133
2012-06-20,17.51927375793457
2012-06-21,17.27789306640625
2012-06-22,17.410388946533203
2012-06-25,17.071521759033203
2012-06-26,17.109209060668945
2012-06-27,17.183080673217773
2012-06-28,17.02007293701172
2012-06-29,17.46722412109375
2012-07-02,17.72205924987793
2012-07-03,17.928133010864258
2012-07-05,18.243072509765625
2012-07-06,18.121652603149414
2012-07-09,18.36121940612793
2012-07-10,18.191333770751953
2012-07-11,18.078277587890625
2012-07-12,17.912874221801758
2012-07-13,18.09442901611328
2012-07-16,18.152454376220703
2012-07-17,18.15334701538086
2012-07-18,18.13301658630371
2012-07-19,18.37407875061035
2012-07-20,18.07438850402832
2012-07-23,18.060333251953125
2012-07-24,17.973299026489258
2012-07-25,17.1971435546875
2012-07-26,17.194448471069336
2012-07-27,17.50191879272461
2012-07-30,17.7971248626709
2012-07-31,18.267614364624023
2012-08-01,18.149465560913086
2012-08-02,18.17877197265625
2012-08-03,18.415355682373047
2012-08-06,18.620243072509766
2012-08-07,18.571189880371094
2012-08-08,18.539783477783203
2012-08-09,18.64551544189453
2012-08-10,18.674654006958008
2012-08-13,18.92397117614746
2012-08-14,18.9747314453125
2012-08-15,18.948894500732422
2012-08-16,19.11441993713379
2012-08-17,19.467952728271484
2012-08-20,19.97980308532715
2012-08-21,19.70675277709961
2012-08-22,20.091548919677734
2012-08-23,19.904117584228516
2012-08-24,19.921836853027344
2012-08-27,20.296106338500977
2012-08-28,20.26967430114746
2012-08-29,20.229724884033203
2012-08-30,19.941364288330078
2012-08-31,19.982513427734375
2012-09-04,20.274778366088867
2012-09-05,20.132404327392578
2012-09-06,20.313833236694336
2012-09-07,20.43909454345703
2012-09-10,19.90741729736328
2012-09-11,19.84283447265625
2012-09-12,20.119184494018555
2012-09-13,20.515380859375
2012-09-14,20.764707565307617
2012-09-17,21.0200252532959
2012-09-18,21.084009170532227
2012-09-19,21.089717864990234
2012-09-20,20.987581253051758
2012-09-21,21.029335021972656
2012-09-24,20.74998664855957
2012-09-25,20.231822967529297
2012-09-26,19.980712890625
2012-09-27,20.465518951416016
2012-09-28,20.038381576538086
2012-10-01,19.806791305541992
2012-10-02,19.86446189880371
2012-10-03,20.16904640197754
2012-10-04,20.02936363220215
2012-10-05,19.602523803710938
2012-10-08,19.169384002685547
2012-10-09,19.099693298339844
2012-10-10,19.25168228149414
2012-10-11,18.86690902709961
2012-10-12,18.91526222229004
2012-10-15,19.06694793701172
2012-10-16,19.518415451049805
2012-10-17,19.362825393676758
2012-10-18,19.00327491760254
2012-10-19,18.31839942932129
2012-10-22,19.045021057128906
2012-10-23,18.42413902282715
2012-10-24,18.528369903564453
2012-10-25,18.30939483642578
2012-10-26,18.142982482910156
2012-10-31,17.88225555419922
2012-11-01,17.918899536132812
2012-11-02,17.325952529907227
2012-11-05,17.560842514038086
2012-11-06,17.507667541503906
2012-11-07,16.837791442871094
2012-11-08,16.226736068725586
2012-11-09,16.507665634155273
2012-11-12,16.380027770996094
2012-11-13,16.38214111328125
2012-11-14,16.20048713684082
2012-11-15,15.86070728302002
2012-11-16,15.92287540435791
2012-11-19,17.071046829223633
2012-11-20,16.925596237182617
2012-11-21,16.949432373046875
2012-11-23,17.245155334472656
2012-11-26,17.789213180541992
2012-11-27,17.645893096923828
2012-11-28,17.590356826782227
2012-11-29,17.784080505371094
2012-11-30,17.66096305847168
2012-12-03,17.688419342041016
2012-12-04,17.376419067382812
2012-12-05,16.25812339782715
2012-12-06,16.51310157775879
2012-12-07,16.09095001220703
2012-12-10,15.987448692321777
2012-12-11,16.336580276489258
2012-12-12,16.26445770263672
2012-12-13,15.983521461486816
2012-12-14,15.383036613464355
2012-12-17,15.655818939208984
2012-12-18,16.110563278198242
2012-12-19,15.881534576416016
2012-12-20,15.743330955505371
2012-12-21,15.67091178894043
2012-12-24,15.696256637573242
2012-12-26,15.479902267456055
2012-12-27,15.542057991027832
2012-12-28,15.377005577087402
2012-12-31,16.058359146118164
2013-01-02,16.567110061645508
2013-01-03,16.357994079589844
2013-01-04,15.902350425720215
2013-01-07,15.80881118774414
2013-01-08,15.851359367370605
2013-01-09,15.603618621826172
2013-01-10,15.797036170959473
2013-01-11,15.700178146362305
2013-01-14,15.140424728393555
2013-01-15,14.662755012512207
2013-01-16,15.27138900756836
2013-01-17,15.168493270874023
2013-01-18,15.087625503540039
2013-01-22,15.23155689239502
2013-01-23,15.510382652282715
2013-01-24,13.593947410583496
2013-01-25,13.273484230041504
2013-01-28,13.57373046875
2013-01-29,13.828411102294922
2013-01-30,13.784958839416504
2013-01-31,13.744523048400879
2013-02-01,13.688096046447754
2013-02-04,13.347112655639648
2013-02-05,13.81543254852295
2013-02-06,13.80064868927002
2013-02-07,14.210993766784668
2013-02-08,14.416168212890625
2013-02-11,14.566402435302734
2013-02-12,14.201282501220703
2013-02-13,14.174272537231445
2013-02-14,14.16152286529541
2013-02-15,13.966363906860352
2013-02-19,13.961204528808594
2013-02-20,13.623093605041504
2013-02-21,13.538413047790527
2013-02-22,13.682579040527344
2013-02-25,13.439470291137695
2013-02-26,13.626738548278809
2013-02-27,13.493189811706543
2013-02-28,13.396980285644531
2013-03-01,13.065240859985352
2013-03-04,12.748979568481445
2013-03-05,13.08557415008545
2013-03-06,12.919252395629883
2013-03-07,13.068580627441406
2013-03-08,13.103178977966309
2013-03-11,13.28984260559082
2013-03-12,13.003321647644043
2013-03-13,13.000897407531738
2013-03-14,13.12685489654541
2013-03-15,13.465574264526367
2013-03-18,13.831607818603516
2013-03-19,13.79427719116211
2013-03-20,13.7211275100708
2013-03-21,13.740856170654297
2013-03-22,14.019481658935547
2013-03-25,14.070169448852539
2013-03-26,13.996110916137695
2013-03-27,13.7211275100708
2013-03-28,13.435222625732422
2013-04-01,13.017891883850098
2013-04-02,13.044601440429688
2013-04-03,13.111373901367188
2013-04-04,12.981773376464844
2013-04-05,12.844589233398438
2013-04-08,12.935946464538574
2013-04-09,12.959314346313477
2013-04-10,13.223675727844238
2013-04-11,13.182392120361328
2013-04-12,13.044905662536621
2013-04-15,12.742910385131836
2013-04-16,12.93685531616211
2013-04-17,12.22542667388916
2013-04-18,11.899151802062988
2013-04-19,11.853019714355469
2013-04-22,12.100071907043457
2013-04-23,12.326493263244629
2013-04-24,12.306159973144531
2013-04-25,12.39478588104248
2013-04-26,12.662483215332031
2013-04-29,13.054619789123535
2013-04-30,13.438864707946777
2013-05-01,13.332938194274902
2013-05-02,13.522026062011719
2013-05-03,13.657392501831055
2013-05-06,13.98305606842041
2013-05-07,13.920833587646484
2013-05-08,14.078057289123535
2013-05-09,13.955240249633789
2013-05-10,13.839139938354492
2013-05-13,13.893218040466309
2013-05-14,13.56081485748291
2013-05-15,13.102226257324219
2013-05-16,13.277286529541016
2013-05-17,13.23696231842041
2013-05-20,13.53239631652832
2013-05-21,13.432494163513184
2013-05-22,13.48412799835205
2013-05-23,13.508262634277344
2013-05-24,13.600226402282715
2013-05-28,13.486876487731934
2013-05-29,13.594112396240234
2013-05-30,13.796674728393555
2013-05-31,13.740155220031738
2013-06-03,13.77039909362793
2013-06-04,13.727320671081543
2013-06-05,13.599004745483398
2013-06-06,13.395833969116211
2013-06-07,13.498181343078613
2013-06-10,13.40896987915039
2013-06-11,13.369555473327637
2013-06-12,13.204272270202637
2013-06-13,13.319452285766602
2013-06-14,13.138887405395508
2013-06-17,13.198466300964355
2013-06-18,13.191438674926758
2013-06-19,12.923500061035156
2013-06-20,12.735296249389648
2013-06-21,12.633252143859863
2013-06-24,12.2984037399292
2013-06-25,12.301155090332031
2013-06-26,12.161833763122559
2013-06-27,12.030768394470215
2013-06-28,12.114785194396973
2013-07-01,12.50249195098877
2013-07-02,12.785706520080566
2013-07-03,12.856283187866211
2013-07-05,12.753015518188477
2013-07-08,12.680603981018066
2013-07-09,12.903644561767578
2013-07-10,12.854146957397461
2013-07-11,13.054567337036133
2013-07-12,13.03073501586914
2013-07-15,13.059146881103516
2013-07-16,13.143475532531738
2013-07-17,13.146832466125488
2013-07-18,13.191131591796875
2013-07-19,12.983075141906738
2013-07-22,13.024624824523926
2013-07-23,12.800984382629395
2013-07-24,13.458465576171875
2013-07-25,13.397053718566895
2013-07-26,13.473129272460938
2013-07-29,13.68088150024414
2013-07-30,13.849834442138672
2013-07-31,13.825699806213379
2013-08-01,13.95249080657959
2013-08-02,14.131524085998535
2013-08-05,14.342639923095703
2013-08-06,14.214317321777344
2013-08-07,14.206068992614746
2013-08-08,14.177778244018555
2013-08-09,13.976032257080078
2013-08-12,14.373062133789062
2013-08-13,15.056107521057129
2013-08-14,15.330735206604004
2013-08-15,15.312590599060059
2013-08-16,15.448521614074707
2013-08-19,15.614900588989258
2013-08-20,15.409772872924805
2013-08-21,15.449445724487305
2013-08-22,15.467889785766602
2013-08-23,15.408233642578125
2013-08-26,15.468206405639648
2013-08-27,15.025970458984375
2013-08-28,15.097002029418945
2013-08-29,15.121606826782227
2013-08-30,14.983830451965332
2013-09-03,15.025655746459961
2013-09-04,15.336576461791992
2013-09-05,15.23140811920166
2013-09-06,15.322121620178223
2013-09-09,15.566617965698242
2013-09-10,15.212026596069336
2013-09-11,14.383830070495605
2013-09-12,14.536983489990234
2013-09-13,14.297407150268555
2013-09-16,13.842869758605957
2013-09-17,14.002791404724121
2013-09-18,14.290645599365234
2013-09-19,14.524988174438477
2013-09-20,14.37459945678711
2013-09-23,15.089011192321777
2013-09-24,15.041650772094727
2013-09-25,14.80884075164795
2013-09-26,14.953080177307129
2013-09-27,14.846363067626953
2013-09-30,14.661843299865723
2013-10-01,15.006595611572266
2013-10-02,15.055798530578613
2013-10-03,14.866658210754395
2013-10-04,14.85496997833252
2013-10-07,15.000133514404297
2013-10-08,14.790699005126953
2013-10-09,14.96446418762207
2013-10-10,15.058258056640625
2013-10-11,15.155749320983887
2013-10-14,15.255082130432129
2013-10-15,15.336268424987793
2013-10-16,15.411001205444336
2013-10-17,15.515250205993652
2013-10-18,15.65026569366455
2013-10-21,16.033761978149414
2013-10-22,15.987930297851562
2013-10-23,16.14448356628418
2013-10-24,16.358217239379883
2013-10-25,16.17523193359375
2013-10-28,16.29578399658203
2013-10-29,15.889840126037598
2013-10-30,16.142629623413086
2013-10-31,16.07497787475586
2013-11-01,15.992856979370117
2013-11-04,16.199522018432617
2013-11-05,16.1595516204834
2013-11-06,16.113771438598633
2013-11-07,15.852995872497559
2013-11-08,16.102628707885742
2013-11-11,16.055919647216797
2013-11-12,16.08562469482422
2013-11-13,16.104793548583984
2013-11-14,16.337722778320312
2013-11-15,16.239667892456055
2013-11-18,16.04293441772461
2013-11-19,16.071386337280273
2013-11-20,15.930642127990723
2013-11-21,16.120573043823242
2013-11-22,16.079118728637695
2013-11-25,16.200992584228516
2013-11-26,16.49980926513672
2013-11-27,16.88833999633789
2013-11-29,17.201074600219727
2013-12-02,17.051353454589844
2013-12-03,17.518138885498047
2013-12-04,17.477310180664062
2013-12-05,17.567012786865234
2013-12-06,17.323257446289062
2013-12-09,17.52154541015625
2013-12-10,17.494319915771484
2013-12-11,17.364709854125977
2013-12-12,17.33934783935547
2013-12-13,17.15034294128418
2013-12-16,17.24530792236328
2013-12-17,17.167665481567383
2013-12-18,17.037126541137695
2013-12-19,16.841941833496094
2013-12-20,16.98299217224121
2013-12-23,17.6347599029541
2013-12-24,17.559898376464844
2013-12-26,17.443281173706055
2013-12-27,17.32542610168457
2013-12-30,17.153125762939453
2013-12-31,17.35419464111328
2014-01-02,17.110139846801758
2014-01-03,16.734289169311523
2014-01-06,16.825542449951172
2014-01-07,16.70521354675293
2014-01-08,16.811006546020508
2014-01-09,16.596332550048828
2014-01-10,16.48558235168457
2014-01-13,16.571884155273438
2014-01-14,16.901641845703125
2014-01-15,17.24097442626953
2014-01-16,17.144771575927734
2014-01-17,16.72469711303711
2014-01-21,16.98454475402832
2014-01-22,17.06001091003418
2014-01-23,17.204479217529297
2014-01-24,16.891742706298828
2014-01-27,17.028772354125977
2014-01-28,15.667710304260254
2014-01-29,15.489846229553223
2014-01-30,15.45983600616455
2014-01-31,15.485198974609375
2014-02-03,15.513971328735352
2014-02-04,15.738545417785645
2014-02-05,15.85610294342041
2014-02-06,15.948519706726074
2014-02-07,16.171632766723633
2014-02-10,16.461347579956055
2014-02-11,16.67824363708496
2014-02-12,16.676998138427734
2014-02-13,16.941816329956055
2014-02-14,16.92812156677246
2014-02-18,16.990365982055664
2014-02-19,16.72211456298828
2014-02-20,16.528562545776367
2014-02-21,16.3449649810791
2014-02-24,16.416542053222656
2014-02-25,16.245698928833008
2014-02-26,16.099130630493164
2014-02-27,16.42027473449707
2014-02-28,16.37578010559082
2014-03-03,16.423078536987305
2014-03-04,16.5313663482666
2014-03-05,16.566219329833984
2014-03-06,16.5161190032959
2014-03-07,16.506473541259766
2014-03-10,16.521404266357422
2014-03-11,16.682283401489258
2014-03-12,16.698469161987305
2014-03-13,16.51300811767578
2014-03-14,16.327539443969727
2014-03-17,16.391324996948242
2014-03-18,16.53634262084961
2014-03-19,16.5319881439209
2014-03-20,16.452322006225586
2014-03-21,16.582082748413086
2014-03-24,16.77875518798828
2014-03-25,16.95923614501953
2014-03-26,16.797117233276367
2014-03-27,16.72492218017578
2014-03-28,16.70625114440918
2014-03-31,16.702518463134766
2014-04-01,16.855310440063477
2014-04-02,16.88331413269043
2014-04-03,16.766311645507812
2014-04-04,16.549413681030273
2014-04-07,16.289575576782227
2014-04-08,16.28864097595215
2014-04-09,16.502731323242188
2014-04-10,16.289886474609375
2014-04-11,16.169456481933594
2014-04-14,16.23387336730957
2014-04-15,16.118114471435547
2014-04-16,16.150787353515625
2014-04-17,16.335315704345703
2014-04-21,16.529190063476562
2014-04-22,16.545677185058594
2014-04-23,16.329402923583984
2014-04-24,17.66811752319336
2014-04-25,17.797883987426758
2014-04-28,18.487165451049805
2014-04-29,18.43238639831543
2014-04-30,18.362689971923828
2014-05-01,18.40593147277832
2014-05-02,18.440162658691406
2014-05-05,18.700946807861328
2014-05-06,18.497119903564453
2014-05-07,18.43238639831543
2014-05-08,18.3995304107666
2014-05-09,18.322864532470703
2014-05-12,18.550989151000977
2014-05-13,18.580087661743164
2014-05-14,18.583528518676758
2014-05-15,18.42550277709961
2014-05-16,18.697437286376953
2014-05-19,18.918981552124023
2014-05-20,18.92274284362793
2014-05-21,18.972806930541992
2014-05-22,19.00284194946289
2014-05-23,19.21751594543457
2014-05-27,19.577375411987305
2014-05-28,19.52667999267578
2014-05-29,19.882471084594727
2014-05-30,19.808000564575195
2014-06-02,19.671876907348633
2014-06-03,19.95006561279297
2014-06-04,20.177867889404297
2014-06-05,20.257041931152344
2014-06-06,20.20134925842285
2014-06-09,20.52459144592285
2014-06-10,20.645063400268555
2014-06-11,20.559633255004883
2014-06-12,20.21573257446289
2014-06-13,19.994504928588867
2014-06-16,20.196016311645508
2014-06-17,20.16973876953125
2014-06-18,20.1916446685791
2014-06-19,20.121553421020508
2014-06-20,19.913454055786133
2014-06-23,19.89592742919922
2014-06-24,19.77545738220215
2014-06-25,19.792978286743164
2014-06-26,19.9112606048584
2014-06-27,20.1478328704834
2014-06-30,20.355926513671875
2014-07-01,20.485158920288086
2014-07-02,20.476398468017578
2014-07-03,20.59687042236328
2014-07-07,21.021821975708008
2014-07-08,20.886016845703125
2014-07-09,20.894773483276367
2014-07-10,20.81810760498047
2014-07-11,20.857545852661133
2014-07-14,21.126962661743164
2014-07-15,20.879444122314453
2014-07-16,20.76116180419922
2014-07-17,20.390972137451172
2014-07-18,20.68448829650879
2014-07-21,20.57716178894043
2014-07-22,20.748022079467773
2014-07-23,21.289060592651367
2014-07-24,21.254003524780273
2014-07-25,21.394203186035156
2014-07-28,21.689912796020508
2014-07-29,21.549726486206055
2014-07-30,21.499343872070312
2014-07-31,20.940778732299805
2014-08-01,21.056875228881836
2014-08-04,20.93859100341797
2014-08-05,20.835636138916016
2014-08-06,20.800588607788086
2014-08-07,20.798389434814453
2014-08-08,20.855623245239258
2014-08-11,21.13078498840332
2014-08-12,21.126384735107422
2014-08-13,21.40595817565918
2014-08-14,21.46319580078125
2014-08-15,21.56885528564453
2014-08-18,21.828624725341797
2014-08-19,22.13020896911621
2014-08-20,22.139005661010742
2014-08-21,22.141210556030273
2014-08-22,22.30411148071289
2014-08-25,22.352535247802734
2014-08-26,22.209461212158203
2014-08-27,22.482419967651367
2014-08-28,22.50884246826172
2014-08-29,22.563875198364258
2014-09-02,22.739978790283203
2014-09-03,21.78019142150879
2014-09-04,21.599679946899414
2014-09-05,21.78679084777832
2014-09-08,21.652511596679688
2014-09-09,21.571063995361328
2014-09-10,22.233667373657227
2014-09-11,22.32832908630371
2014-09-12,22.37896156311035
2014-09-15,22.372356414794922
2014-09-16,22.202848434448242
2014-09-17,22.361347198486328
2014-09-18,22.407575607299805
2014-09-19,22.22486686706543
2014-09-22,22.24687957763672
2014-09-23,22.59468650817871
2014-09-24,22.398765563964844
2014-09-25,21.544649124145508
2014-09-26,22.17863655090332
2014-09-29,22.037748336791992
2014-09-30,22.17863655090332
2014-10-01,21.833024978637695
2014-10-02,21.99151611328125
2014-10-03,21.929885864257812
2014-10-06,21.929885864257812
2014-10-07,21.73836326599121
2014-10-08,22.18964385986328
2014-10-09,22.238073348999023
2014-10-10,22.174238204956055
2014-10-13,21.971702575683594
2014-10-14,21.73836326599121
2014-10-15,21.472000122070312
2014-10-16,21.19022560119629
2014-10-17,21.50061798095703
2014-10-20,21.960704803466797
2014-10-21,22.557266235351562
2014-10-22,22.671728134155273
2014-10-23,23.076786041259766
2014-10-24,23.162635803222656
2014-10-27,23.138425827026367
2014-10-28,23.49724578857422
2014-10-29,23.629322052001953
2014-10-30,23.550077438354492
2014-10-31,23.774616241455078
2014-11-03,24.082796096801758
2014-11-04,23.906694412231445
2014-11-05,23.963926315307617
2014-11-06,24.032470703125
2014-11-07,24.10100746154785
2014-11-10,24.061208724975586
2014-11-11,24.25356101989746
2014-11-12,24.596250534057617
2014-11-13,24.943357467651367
2014-11-14,25.244035720825195
2014-11-17,25.20203399658203
2014-11-18,25.529247283935547
2014-11-19,25.35237693786621
2014-11-20,25.7149658203125
2014-11-21,25.750341415405273
2014-11-24,26.227890014648438
2014-11-25,26.000171661376953
2014-11-26,26.309696197509766
2014-11-28,26.294218063354492
2014-12-01,25.440811157226562
2014-12-02,25.343530654907227
2014-12-03,25.630949020385742
2014-12-04,25.533672332763672
2014-12-05,25.425336837768555
2014-12-08,24.850494384765625
2014-12-09,25.230777740478516
2014-12-10,24.75100326538086
2014-12-11,24.67805290222168
2014-12-12,24.260190963745117
2014-12-15,23.928556442260742
2014-12-16,23.601348876953125
2014-12-17,24.189441680908203
2014-12-18,24.905773162841797
2014-12-19,24.713430404663086
2014-12-22,24.96988868713379
2014-12-23,24.88145637512207
2014-12-24,24.764280319213867
2014-12-26,25.20203399658203
2014-12-29,25.184350967407227
2014-12-30,24.877037048339844
2014-12-31,24.403902053833008
2015-01-02,24.17176055908203
2015-01-05,23.490800857543945
2015-01-06,23.49301528930664
2015-01-07,23.82243537902832
2015-01-08,24.737749099731445
2015-01-09,24.764280319213867
2015-01-12,24.154069900512695
2015-01-13,24.3685302734375
2015-01-14,24.27566909790039
2015-01-15,23.616817474365234
2015-01-16,23.433313369750977
2015-01-20,24.036897659301758
2015-01-21,24.220401763916016
2015-01-22,24.850494384765625
2015-01-23,24.978734970092773
2015-01-26,25.005266189575195
2015-01-27,24.12974739074707
2015-01-28,25.49386978149414
2015-01-29,26.28759002685547
2015-01-30,25.90288543701172
2015-02-02,26.227890014648438
2015-02-03,26.23230743408203
2015-02-04,26.43350601196289
2015-02-05,26.622167587280273
2015-02-06,26.39798927307129
2015-02-09,26.57333755493164
2015-02-10,27.083860397338867
2015-02-11,27.718677520751953
2015-02-12,28.069364547729492
2015-02-13,28.206987380981445
2015-02-17,28.373464584350586
2015-02-18,28.571002960205078
2015-02-19,28.51108169555664
2015-02-20,28.744136810302734
2015-02-23,29.521015167236328
2015-02-24,29.336780548095703
2015-02-25,28.586536407470703
2015-02-26,28.948345184326172
2015-02-27,28.5132999420166
2015-03-02,28.653133392333984
2015-03-03,28.71306610107422
2015-03-04,28.53104591369629
2015-03-05,28.05827522277832
2015-03-06,28.100448608398438
2015-03-09,28.220306396484375
2015-03-10,27.63653564453125
2015-03-11,27.132680892944336
2015-03-12,27.623231887817383
2015-03-13,27.43233299255371
2015-03-16,27.734203338623047
2015-03-17,28.198110580444336
2015-03-18,28.51551628112793
2015-03-19,28.300207138061523
2015-03-20,27.945070266723633
2015-03-23,28.2358455657959
2015-03-24,28.120420455932617
2015-03-25,27.385726928710938
2015-03-26,27.576618194580078
2015-03-27,27.35686683654785
2015-03-30,28.04939079284668
2015-03-31,27.61878204345703
2015-04-01,27.57883071899414
2015-04-02,27.81633186340332
2015-04-06,28.26691246032715
2015-04-07,27.9694766998291
2015-04-08,27.878480911254883
2015-04-09,28.091564178466797
2015-04-10,28.2114315032959
2015-04-13,28.155935287475586
2015-04-14,28.033851623535156
2015-04-15,28.140403747558594
2015-04-16,28.005001068115234
2015-04-17,27.6898136138916
2015-04-20,28.322412490844727
2015-04-21,28.16925048828125
2015-04-22,28.548805236816406
2015-04-23,28.78186798095703
2015-04-24,28.91727066040039
2015-04-27,29.443307876586914
2015-04-28,28.97941017150879
2015-04-29,28.553247451782227
2015-04-30,27.778596878051758
2015-05-01,28.622058868408203
2015-05-04,28.566566467285156
2015-05-05,27.92287254333496
2015-05-06,27.747528076171875
2015-05-07,27.91915512084961
2015-05-08,28.445171356201172
2015-05-11,28.155412673950195
2015-05-12,28.05511474609375
2015-05-13,28.086315155029297
2015-05-14,28.74161720275879
2015-05-15,28.701496124267578
2015-05-18,29.017995834350586
2015-05-19,28.99124526977539
2015-05-20,28.989015579223633
2015-05-21,29.285465240478516
2015-05-22,29.54178237915039
2015-05-26,28.890941619873047
2015-05-27,29.43033790588379
2015-05-28,29.37238883972168
2015-05-29,29.038061141967773
2015-06-01,29.09600830078125
2015-06-02,28.966733932495117
2015-06-03,29.00238800048828
2015-06-04,28.832996368408203
2015-06-05,28.674753189086914
2015-06-08,28.485288619995117
2015-06-09,28.400592803955078
2015-06-10,28.726011276245117
2015-06-11,28.66136932373047
2015-06-12,28.34486961364746
2015-06-15,28.28914451599121
2015-06-16,28.440710067749023
2015-06-17,28.37384605407715
2015-06-18,28.50311851501465
2015-06-19,28.217824935913086
2015-06-22,28.44293975830078
2015-06-23,28.313663482666016
2015-06-24,28.554384231567383
2015-06-25,28.418413162231445
2015-06-26,28.251253128051758
2015-06-29,27.756439208984375
2015-06-30,27.957046508789062
2015-07-01,28.217824935913086
2015-07-02,28.182167053222656
2015-07-06,28.084083557128906
2015-07-07,28.014995574951172
2015-07-08,27.319576263427734
2015-07-09,26.76235008239746
2015-07-10,27.477821350097656
2015-07-13,28.0083065032959
2015-07-14,27.997161865234375
2015-07-15,28.266857147216797
2015-07-16,28.64354133605957
2015-07-17,28.890941619873047
2015-07-20,29.43703269958496
2015-07-21,29.142812728881836
2015-07-22,27.910228729248047
2015-07-23,27.896862030029297
2015-07-24,27.749757766723633
2015-07-27,27.364151000976562
2015-07-28,27.500118255615234
2015-07-29,27.413190841674805
2015-07-30,27.274999618530273
2015-07-31,27.0365047454834
2015-08-03,26.3990421295166
2015-08-04,25.552061080932617
2015-08-05,25.721460342407227
2015-08-06,25.77743148803711
2015-08-07,25.864748001098633
2015-08-10,26.805126190185547
2015-08-11,25.410240173339844
2015-08-12,25.802059173583984
2015-08-13,25.781909942626953
2015-08-14,25.963272094726562
2015-08-17,26.231956481933594
2015-08-18,26.08416748046875
2015-08-19,25.750564575195312
2015-08-20,25.22216796875
2015-08-21,23.67950439453125
2015-08-24,23.088415145874023
2015-08-25,23.22722816467285
2015-08-26,24.559423446655273
2015-08-27,25.282623291015625
2015-08-28,25.365461349487305
2015-08-31,25.24679183959961
2015-09-01,24.11834144592285
2015-09-02,25.152751922607422
2015-09-03,24.711673736572266
2015-09-04,24.465381622314453
2015-09-08,25.146038055419922
2015-09-09,24.66242027282715
2015-09-10,25.20425033569336
2015-09-11,25.571447372436523
2015-09-14,25.817733764648438
2015-09-15,26.0349178314209
2015-09-16,26.064023971557617
2015-09-17,25.50651741027832
2015-09-18,25.40127944946289
2015-09-21,25.79534339904785
2015-09-22,25.390085220336914
2015-09-23,25.596073150634766
2015-09-24,25.748319625854492
2015-09-25,25.683391571044922
2015-09-28,25.175146102905273
2015-09-29,24.41836929321289
2015-09-30,24.696002960205078
2015-10-01,24.534791946411133
2015-10-02,24.713916778564453
2015-10-05,24.8034725189209
2015-10-06,24.922138214111328
2015-10-07,24.8034725189209
2015-10-08,24.516878128051758
2015-10-09,25.10350227355957
2015-10-12,24.987075805664062
2015-10-13,25.02960777282715
2015-10-14,24.67585563659668
2015-10-15,25.045286178588867
2015-10-16,24.86168670654297
2015-10-19,25.016183853149414
2015-10-20,25.47292709350586
2015-10-21,25.4706974029541
2015-10-22,25.860275268554688
2015-10-23,26.661832809448242
2015-10-26,25.811017990112305
2015-10-27,25.647573471069336
2015-10-28,26.704368591308594
2015-10-29,26.986480712890625
2015-10-30,26.755870819091797
2015-11-02,27.132017135620117
2015-11-03,27.443233489990234
2015-11-04,27.315610885620117
2015-11-05,27.189695358276367
2015-11-06,27.22117042541504
2015-11-09,27.110994338989258
2015-11-10,26.25653839111328
2015-11-11,26.108131408691406
2015-11-12,26.020442962646484
2015-11-13,25.260421752929688
2015-11-16,25.674152374267578
2015-11-17,25.563974380493164
2015-11-18,26.37346076965332
2015-11-19,26.708499908447266
2015-11-20,26.82543182373047
2015-11-23,26.47690200805664
2015-11-24,26.730987548828125
2015-11-25,26.539859771728516
2015-11-27,26.490388870239258
2015-11-30,26.600570678710938
2015-12-01,26.384706497192383
2015-12-02,26.1463623046875
2015-12-03,25.903512954711914
2015-12-04,26.76471519470215
2015-12-07,26.596071243286133
2015-12-08,26.58483123779297
2015-12-09,25.997953414916992
2015-12-10,26.121627807617188
2015-12-11,25.449304580688477
2015-12-14,25.291906356811523
2015-12-15,24.84444236755371
2015-12-16,25.035568237304688
2015-12-17,24.504907608032227
2015-12-18,23.841575622558594
2015-12-21,24.133888244628906
2015-12-22,24.111400604248047
2015-12-23,24.421707153320312
2015-12-24,24.291290283203125
2015-12-28,24.019210815429688
2015-12-29,24.450937271118164
2015-12-30,24.131643295288086
2015-12-31,23.668437957763672
2016-01-04,23.688678741455078
2016-01-05,23.095050811767578
2016-01-06,22.643085479736328
2016-01-07,21.68744659423828
2016-01-08,21.802120208740234
2016-01-11,22.155149459838867
2016-01-12,22.4766902923584
2016-01-13,21.89881134033203
2016-01-14,22.377756118774414
2016-01-15,21.840347290039062
2016-01-19,21.734668731689453
2016-01-20,21.763900756835938
2016-01-21,21.653722763061523
2016-01-22,22.804981231689453
2016-01-25,22.359771728515625
2016-01-26,22.483442306518555
2016-01-27,21.006126403808594
2016-01-28,21.156789779663086
2016-01-29,21.887561798095703
2016-02-01,21.682950973510742
2016-02-02,21.244478225708008
2016-02-03,21.66495704650879
2016-02-04,21.839038848876953
2016-02-05,21.255760192871094
2016-02-08,21.47957420349121
2016-02-09,21.475055694580078
2016-02-10,21.312278747558594
2016-02-11,21.183414459228516
2016-02-12,21.24897575378418
2016-02-16,21.84807586669922
2016-02-17,22.18267822265625
2016-02-18,21.762170791625977
2016-02-19,21.71243667602539
2016-02-22,21.902341842651367
2016-02-23,21.4072322845459
2016-02-24,21.72599983215332
2016-02-25,21.875213623046875
2016-02-26,21.90911865234375
2016-02-29,21.85938835144043
2016-03-01,22.72752571105957
2016-03-02,22.777259826660156
2016-03-03,22.946813583374023
2016-03-04,23.28819465637207
2016-03-07,23.03046417236328
2016-03-08,22.840564727783203
2016-03-09,22.86090850830078
2016-03-10,22.872209548950195
2016-03-11,23.118633270263672
2016-03-14,23.177412033081055
2016-03-15,23.643138885498047
2016-03-16,23.957378387451172
2016-03-17,23.918947219848633
2016-03-18,23.946075439453125
2016-03-21,23.94381332397461
2016-03-22,24.126943588256836
2016-03-23,23.993549346923828
2016-03-24,23.88955307006836
2016-03-28,23.78104591369629
2016-03-29,24.343971252441406
2016-03-30,24.76899528503418
2016-03-31,24.640140533447266
2016-04-01,24.8662109375
2016-04-04,25.121681213378906
2016-04-05,24.82551383972168
2016-04-06,25.085508346557617
2016-04-07,24.538402557373047
2016-04-08,24.565528869628906
2016-04-11,24.646915435791016
2016-04-12,24.96794891357422
2016-04-13,25.329662322998047
2016-04-14,25.343233108520508
2016-04-15,24.834556579589844
2016-04-18,24.29876136779785
2016-04-19,24.169897079467773
2016-04-20,24.21963119506836
2016-04-21,23.957378387451172
2016-04-22,23.89181900024414
2016-04-25,23.75617790222168
2016-04-26,23.591140747070312
2016-04-27,22.11485481262207
2016-04-28,21.438884735107422
2016-04-29,21.19246482849121
2016-05-02,21.169851303100586
2016-05-03,21.518014907836914
2016-05-04,21.294198989868164
2016-05-05,21.207761764526367
2016-05-06,21.0894832611084
2016-05-09,21.10540771484375
2016-05-10,21.248699188232422
2016-05-11,21.041719436645508
2016-05-12,20.548141479492188
2016-05-13,20.589088439941406
2016-05-16,21.35333824157715
2016-05-17,21.264625549316406
2016-05-18,21.50800323486328
2016-05-19,21.426118850708008
2016-05-20,21.658119201660156
2016-05-23,21.933340072631836
2016-05-24,22.267696380615234
2016-05-25,22.658918380737305
2016-05-26,22.838600158691406
2016-05-27,22.824954986572266
2016-05-31,22.7135009765625
2016-06-01,22.395065307617188
2016-06-02,22.22675132751465
2016-06-03,22.272245407104492
2016-06-06,22.433738708496094
2016-06-07,22.524721145629883
2016-06-08,22.504243850708008
2016-06-09,22.665735244750977
2016-06-10,22.479228973388672
2016-06-13,22.14031410217285
2016-06-14,22.167612075805664
2016-06-15,22.094833374023438
2016-06-16,22.18808937072754
2016-06-17,21.683141708374023
2016-06-20,21.630823135375977
2016-06-21,21.815065383911133
2016-06-22,21.733179092407227
2016-06-23,21.8582763671875
2016-06-24,21.24415397644043
2016-06-27,20.934818267822266
2016-06-28,21.287370681762695
2016-06-29,21.47160530090332
2016-06-30,21.744548797607422
2016-07-01,21.810514450073242
2016-07-05,21.605802536010742
2016-07-06,21.72863006591797
2016-07-07,21.821884155273438
2016-07-08,21.990198135375977
2016-07-11,22.058439254760742
2016-07-12,22.15851593017578
2016-07-13,22.03342056274414
2016-07-14,22.470129013061523
2016-07-15,22.467859268188477
2016-07-18,22.706676483154297
2016-07-19,22.715782165527344
2016-07-20,22.736244201660156
2016-07-21,22.61570167541504
2016-07-22,22.440561294555664
2016-07-25,22.14031410217285
2016-07-26,21.987930297851562
2016-07-27,23.416336059570312
2016-07-28,23.73249053955078
2016-07-29,23.702930450439453
2016-08-01,24.121437072753906
2016-08-02,23.764341354370117
2016-08-03,24.062297821044922
2016-08-04,24.210954666137695
2016-08-05,24.579132080078125
2016-08-08,24.782663345336914
2016-08-09,24.883283615112305
2016-08-10,24.69805335998535
2016-08-11,24.682044982910156
2016-08-12,24.73921012878418
2016-08-15,25.036508560180664
2016-08-16,25.01363754272461
2016-08-17,24.977046966552734
2016-08-18,24.94502830505371
2016-08-19,25.009061813354492
2016-08-22,24.814672470092773
2016-08-23,24.892431259155273
2016-08-24,24.70490837097168
2016-08-25,24.599716186523438
2016-08-26,24.45564079284668
2016-08-29,24.428199768066406
2016-08-30,24.240676879882812
2016-08-31,24.263547897338867
2016-09-01,24.40761375427246
2016-09-02,24.636302947998047
2016-09-06,24.629436492919922
2016-09-07,24.78037452697754
2016-09-08,24.130910873413086
2016-09-09,23.584352493286133
2016-09-12,24.11261558532715
2016-09-13,24.686613082885742
2016-09-14,25.560192108154297
2016-09-15,26.429201126098633
2016-09-16,26.280555725097656
2016-09-19,25.974124908447266
2016-09-20,25.971830368041992
2016-09-21,25.967252731323242
2016-09-22,26.211950302124023
2016-09-23,25.77515411376953
2016-09-26,25.81403160095215
2016-09-27,25.862056732177734
2016-09-28,26.058725357055664
2016-09-29,25.653953552246094
2016-09-30,25.852907180786133
2016-10-03,25.731708526611328
2016-10-04,25.841474533081055
2016-10-05,25.852907180786133
2016-10-06,26.045005798339844
2016-10-07,26.083881378173828
2016-10-10,26.538963317871094
2016-10-11,26.59614372253418
2016-10-12,26.833972930908203
2016-10-13,26.75164794921875
2016-10-14,26.900283813476562
2016-10-17,26.881996154785156
2016-10-18,26.86370086669922
2016-10-19,26.783666610717773
2016-10-20,26.769941329956055
2016-10-21,26.664745330810547
2016-10-24,26.904865264892578
2016-10-25,27.042078018188477
2016-10-26,26.433773040771484
2016-10-27,26.1799373626709
2016-10-28,26.006134033203125
2016-10-31,25.964967727661133
2016-11-01,25.49616050720215
2016-11-02,25.519027709960938
2016-11-03,25.245494842529297
2016-11-04,25.017932891845703
2016-11-07,25.378816604614258
2016-11-08,25.528226852416992
2016-11-09,25.486845016479492
2016-11-10,24.77658462524414
2016-11-11,24.923702239990234
2016-11-14,24.298479080200195
2016-11-15,24.620283126831055
2016-11-16,25.282272338867188
2016-11-17,25.273080825805664
2016-11-18,25.298370361328125
2016-11-21,25.682239532470703
2016-11-22,25.698328018188477
2016-11-23,25.567302703857422
2016-11-25,25.696020126342773
2016-11-28,25.645450592041016
2016-11-29,25.62016487121582
2016-11-30,25.40410041809082
2016-12-01,25.16734504699707
2016-12-02,25.261592864990234
2016-12-05,25.079999923706055
2016-12-06,25.273080825805664
2016-12-07,25.521331787109375
2016-12-08,25.771883010864258
2016-12-09,26.19251251220703
2016-12-12,26.043113708496094
2016-12-13,26.477542877197266
2016-12-14,26.477542877197266
2016-12-15,26.622360229492188
2016-12-16,26.656837463378906
2016-12-19,26.81084632873535
2016-12-20,26.882102966308594
2016-12-21,26.90738296508789
2016-12-22,26.730390548706055
2016-12-23,26.78325653076172
2016-12-27,26.95336151123047
2016-12-28,26.838430404663086
2016-12-29,26.831525802612305
2016-12-30,26.622360229492188
2017-01-03,26.698205947875977
2017-01-04,26.668325424194336
2017-01-05,26.803945541381836
2017-01-06,27.102764129638672
2017-01-09,27.35101318359375
2017-01-10,27.378597259521484
2017-01-11,27.525711059570312
2017-01-12,27.4107723236084
2017-01-13,27.36250877380371
2017-01-17,27.583171844482422
2017-01-18,27.580867767333984
2017-01-19,27.5325984954834
2017-01-20,27.583171844482422
2017-01-23,27.601564407348633
2017-01-24,27.576274871826172
2017-01-25,28.015310287475586
2017-01-26,28.029102325439453
2017-01-27,28.031391143798828
2017-01-30,27.957841873168945
2017-01-31,27.893478393554688
2017-02-01,29.594446182250977
2017-02-02,29.543874740600586
2017-02-03,29.670303344726562
2017-02-06,29.94843101501465
2017-02-07,30.233455657958984
2017-02-08,30.35067367553711
2017-02-09,30.569995880126953
2017-02-10,30.50074005126953
2017-02-13,30.770837783813477
2017-02-14,31.17021942138672
2017-02-15,31.28333282470703
2017-02-16,31.24639892578125
2017-02-17,31.331830978393555
2017-02-21,31.558067321777344
2017-02-22,31.652706146240234
2017-02-23,31.51882553100586
2017-02-24,31.548826217651367
2017-02-27,31.61115837097168
2017-02-28,31.625019073486328
2017-03-01,32.27140808105469
2017-03-02,32.07979965209961
2017-03-03,32.269100189208984
2017-03-06,32.167518615722656
2017-03-07,32.209083557128906
2017-03-08,32.089019775390625
2017-03-09,32.01515197753906
2017-03-10,32.12135314941406
2017-03-13,32.13520812988281
2017-03-14,32.086727142333984
2017-03-15,32.42607879638672
2017-03-16,32.479183197021484
2017-03-17,32.31757736206055
2017-03-20,32.65692901611328
2017-03-21,32.282936096191406
2017-03-22,32.647701263427734
2017-03-23,32.53227996826172
2017-03-24,32.46764373779297
2017-03-27,32.52303695678711
2017-03-28,33.197139739990234
2017-03-29,33.271018981933594
2017-03-30,33.227149963378906
2017-03-31,33.164825439453125
2017-04-03,33.17405319213867
2017-04-04,33.42107009887695
2017-04-05,33.247920989990234
2017-04-06,33.164825439453125
2017-04-07,33.0909423828125
2017-04-10,33.051700592041016
2017-04-11,32.69618606567383
2017-04-12,32.73543167114258
2017-04-13,32.562286376953125
2017-04-17,32.742366790771484
2017-04-18,32.5969123840332
2017-04-19,32.47686004638672
2017-04-20,32.883182525634766
2017-04-21,32.843929290771484
2017-04-24,33.16019058227539
2017-04-25,33.365665435791016
2017-04-26,33.1694450378418
2017-04-27,33.194828033447266
2017-04-28,33.16250991821289
2017-05-01,33.83891677856445
2017-05-02,34.053619384765625
2017-05-03,33.94973373413086
2017-05-04,33.8273811340332
2017-05-05,34.38835906982422
2017-05-08,35.32333755493164
2017-05-09,35.549560546875
2017-05-10,35.38103485107422
2017-05-11,35.6870231628418
2017-05-12,36.1854133605957
2017-05-15,36.09269332885742
2017-05-16,36.03937911987305
2017-05-17,34.829341888427734
2017-05-18,35.36017990112305
2017-05-19,35.480716705322266
2017-05-22,35.6963005065918
2017-05-23,35.652259826660156
2017-05-24,35.54562759399414
2017-05-25,35.668495178222656
2017-05-26,35.608211517333984
2017-05-30,35.622135162353516
2017-05-31,35.41117477416992
2017-06-01,35.50852966308594
2017-06-02,36.03474426269531
2017-06-05,35.68239212036133
2017-06-06,35.80293655395508
2017-06-07,36.01618957519531
2017-06-08,35.92811965942383
2017-06-09,34.534934997558594
2017-06-12,33.7097053527832
2017-06-13,33.98091125488281
2017-06-14,33.6494140625
2017-06-15,33.44775390625
2017-06-16,32.97949981689453
2017-06-19,33.9229621887207
2017-06-20,33.61465072631836
2017-06-21,33.81401824951172
2017-06-22,33.758392333984375
2017-06-23,33.909053802490234
2017-06-26,33.80241775512695
2017-06-27,33.317935943603516
2017-06-28,33.80474853515625
2017-06-29,33.306339263916016
2017-06-30,33.38515853881836
2017-07-03,33.264625549316406
2017-07-05,33.401390075683594
2017-07-06,33.08612060546875
2017-07-07,33.4222526550293
2017-07-10,33.626243591308594
2017-07-11,33.73519515991211
2017-07-12,33.783870697021484
2017-07-13,34.25445556640625
2017-07-14,34.548831939697266
2017-07-17,34.669376373291016
2017-07-18,34.78993606567383
2017-07-19,35.00782775878906
2017-07-20,34.8502082824707
2017-07-21,34.83396530151367
2017-07-24,35.255863189697266
2017-07-25,35.40654754638672
2017-07-26,35.57343673706055
2017-07-27,34.90119552612305
2017-07-28,34.655479431152344
2017-07-31,34.47697830200195
2017-08-01,34.7829704284668
2017-08-02,36.42649841308594
2017-08-03,36.062564849853516
2017-08-04,36.25265121459961
2017-08-07,36.81361770629883
2017-08-08,37.1080207824707
2017-08-09,37.33519744873047
2017-08-10,36.14599609375
2017-08-11,36.648677825927734
2017-08-14,37.20021438598633
2017-08-15,37.607479095458984
2017-08-16,37.456199645996094
2017-08-17,36.737125396728516
2017-08-18,36.6533317565918
2017-08-21,36.585845947265625
2017-08-22,37.183921813964844
2017-08-23,37.230464935302734
2017-08-24,37.06523895263672
2017-08-25,37.20253372192383
2017-08-28,37.57720947265625
2017-08-29,37.91233444213867
2017-08-30,38.01472473144531
2017-08-31,38.166015625
2017-09-01,38.17763900756836
2017-09-05,37.71917724609375
2017-09-06,37.67962646484375
2017-09-07,37.528343200683594
2017-09-08,36.91630172729492
2017-09-11,37.5842170715332
2017-09-12,37.43526077270508
2017-09-13,37.15366744995117
2017-09-14,36.834842681884766
2017-09-15,37.20719528198242
2017-09-18,36.92560577392578
2017-09-19,36.9395751953125
2017-09-20,36.32054138183594
2017-09-21,35.696842193603516
2017-09-22,35.34775924682617
2017-09-25,35.035926818847656
2017-09-26,35.638675689697266
2017-09-27,35.892330169677734
2017-09-28,35.671241760253906
2017-09-29,35.866729736328125
2017-10-02,35.794593811035156
2017-10-03,35.950504302978516
2017-10-04,35.71779251098633
2017-10-05,36.162288665771484
2017-10-06,36.1413459777832
2017-10-09,36.267005920410156
2017-10-10,36.280975341796875
2017-10-11,36.4322395324707
2017-10-12,36.30424499511719
2017-10-13,36.53464126586914
2017-10-16,37.20719528198242
2017-10-17,37.344505310058594
2017-10-18,37.17927551269531
2017-10-19,36.29959487915039
2017-10-20,36.36243438720703
2017-10-23,36.34379577636719
2017-10-24,36.56023406982422
2017-10-25,36.3996696472168
2017-10-26,36.63237762451172
2017-10-27,37.944915771484375
2017-10-30,38.79900360107422
2017-10-31,39.33890151977539
2017-11-01,38.838565826416016
2017-11-02,39.12247085571289
2017-11-03,40.144126892089844
2017-11-06,40.5513916015625
2017-11-07,40.68170166015625
2017-11-08,41.01449203491211
2017-11-09,40.93071365356445
2017-11-10,40.795249938964844
2017-11-13,40.631752014160156
2017-11-14,40.01750946044922
2017-11-15,39.48966598510742
2017-11-16,39.961456298828125
2017-11-17,39.73957443237305
2017-11-20,39.69987487792969
2017-11-21,40.43791198730469
2017-11-22,40.86298751831055
2017-11-24,40.86532211303711
2017-11-27,40.6597900390625
2017-11-28,40.42156982421875
2017-11-29,39.58308792114258
2017-11-30,40.136627197265625
2017-12-01,39.94978713989258
2017-12-04,39.65782928466797
2017-12-05,39.620460510253906
2017-12-06,39.47331237792969
2017-12-07,39.54572677612305
2017-12-08,39.557395935058594
2017-12-11,40.3281364440918
2017-12-12,40.10158157348633
2017-12-13,40.234710693359375
2017-12-14,40.22304153442383
2017-12-15,40.631752014160156
2017-12-18,41.2039794921875
2017-12-19,40.76488494873047
2017-12-20,40.72050857543945
2017-12-21,40.87464904785156
2017-12-22,40.87464904785156
2017-12-26,39.83767318725586
2017-12-27,39.84467315673828
2017-12-28,39.956787109375
2017-12-29,39.52470016479492
2018-01-02,40.23237228393555
2018-01-03,40.22536849975586
2018-01-04,40.4122200012207
2018-01-05,40.872310638427734
2018-01-08,40.72050857543945
2018-01-09,40.71584701538086
2018-01-10,40.70648193359375
2018-01-11,40.93771743774414
2018-01-12,41.360450744628906
2018-01-16,41.15025329589844
2018-01-17,41.829917907714844
2018-01-18,41.86726379394531
2018-01-19,41.68042755126953
2018-01-22,41.33943557739258
2018-01-23,41.34878158569336
2018-01-24,40.69013595581055
2018-01-25,39.96379089355469
2018-01-26,40.057212829589844
2018-01-29,39.228084564208984
2018-01-30,38.99687576293945
2018-01-31,39.104305267333984
2018-02-01,39.18604278564453
2018-02-02,37.485755920410156
2018-02-05,36.54920196533203
2018-02-06,38.076656341552734
2018-02-07,37.26153564453125
2018-02-08,36.2362174987793
2018-02-09,36.67946243286133
2018-02-12,38.156856536865234
2018-02-13,38.53910446166992
2018-02-14,39.24966049194336
2018-02-15,40.56759262084961
2018-02-16,40.43628692626953
2018-02-20,40.30026626586914
2018-02-21,40.117340087890625
2018-02-22,40.45269775390625
2018-02-23,41.156227111816406
2018-02-26,41.96996307373047
2018-02-27,41.83394241333008
2018-02-28,41.7706298828125
2018-03-01,41.03895568847656
2018-03-02,41.322723388671875
2018-03-05,41.46576690673828
2018-03-06,41.43059158325195
2018-03-07,41.045997619628906
2018-03-08,41.49390411376953
2018-03-09,42.206809997558594
2018-03-12,42.6148567199707
2018-03-13,42.2044677734375
2018-03-14,41.845672607421875
2018-03-15,41.894920349121094
2018-03-16,41.747188568115234
2018-03-19,41.10932159423828
2018-03-20,41.095245361328125
2018-03-21,40.16424560546875
2018-03-22,39.59672927856445
2018-03-23,38.679805755615234
2018-03-26,40.51601791381836
2018-03-27,39.477134704589844
2018-03-28,39.040958404541016
2018-03-29,39.34580993652344
2018-04-02,39.087852478027344
2018-04-03,39.48887252807617
2018-04-04,40.24398422241211
2018-04-05,40.52305221557617
2018-04-06,39.48651885986328
2018-04-09,39.87814712524414
2018-04-10,40.62858200073242
2018-04-11,40.43862533569336
2018-04-12,40.83728790283203
2018-04-13,40.97563934326172
2018-04-16,41.231266021728516
2018-04-17,41.79877471923828
2018-04-18,41.7049674987793
2018-04-19,40.52305221557617
2018-04-20,38.862735748291016
2018-04-23,38.75017166137695
2018-04-24,38.21080017089844
2018-04-25,38.37730407714844
2018-04-26,38.510963439941406
2018-04-27,38.06540298461914
2018-04-30,38.754852294921875
2018-05-01,39.655357360839844
2018-05-02,41.40715026855469
2018-05-03,41.48219299316406
2018-05-04,43.10966491699219
2018-05-07,43.42156982421875
2018-05-08,43.63029861450195
2018-05-09,43.9374885559082
2018-05-10,44.56596755981445
2018-05-11,44.396480560302734
2018-05-14,44.29288864135742
2018-05-15,43.89033508300781
2018-05-16,44.299957275390625
2018-05-17,44.019805908203125
2018-05-18,43.85972595214844
2018-05-21,44.17047882080078
2018-05-22,44.05984115600586
2018-05-23,44.34232711791992
2018-05-24,44.29288864135742
2018-05-25,44.39411544799805
2018-05-29,44.23402786254883
2018-05-30,44.13987731933594
2018-05-31,43.99156188964844
2018-06-01,44.78490447998047
2018-06-04,45.15919876098633
2018-06-05,45.50762176513672
2018-06-06,45.665340423583984
2018-06-07,45.54292297363281
2018-06-08,45.128604888916016
2018-06-11,45.01795959472656
2018-06-12,45.265140533447266
2018-06-13,44.893192291259766
2018-06-14,44.91673278808594
2018-06-15,44.455318450927734
2018-06-18,44.431785583496094
2018-06-19,43.71377944946289
2018-06-20,43.904457092285156
2018-06-21,43.659629821777344
2018-06-22,43.532508850097656
2018-06-25,42.88513946533203
2018-06-26,43.417152404785156
2018-06-27,43.35359191894531
2018-06-28,43.66905212402344
2018-06-29,43.57722091674805
2018-07-02,44.064537048339844
2018-07-03,43.297088623046875
2018-07-05,43.6454963684082
2018-07-06,44.250511169433594
2018-07-09,44.86493682861328
2018-07-10,44.81080627441406
2018-07-11,44.22932434082031
2018-07-12,44.97087478637695
2018-07-13,45.041500091552734
2018-07-16,44.94263458251953
2018-07-17,45.06974411010742
2018-07-18,44.82256317138672
2018-07-19,45.170982360839844
2018-07-20,45.06740188598633
2018-07-23,45.10741424560547
2018-07-24,45.43464279174805
2018-07-25,45.86308670043945
2018-07-26,45.7194938659668
2018-07-27,44.9591064453125
2018-07-30,44.70722579956055
2018-07-31,44.796669006347656
2018-08-01,47.43564987182617
2018-08-02,48.822235107421875
2018-08-03,48.963478088378906
2018-08-06,49.21772384643555
2018-08-07,48.75631332397461
2018-08-08,48.789283752441406
2018-08-09,49.17299270629883
2018-08-10,49.02653884887695
2018-08-13,49.34309387207031
2018-08-14,49.55098342895508
2018-08-15,49.66674041748047
2018-08-16,50.39435577392578
2018-08-17,51.40070724487305
2018-08-20,50.89991760253906
2018-08-21,50.80068588256836
2018-08-22,50.803043365478516
2018-08-23,50.906978607177734
2018-08-24,51.06526184082031
2018-08-27,51.485774993896484
2018-08-28,51.901546478271484
2018-08-29,52.67639923095703
2018-08-30,53.16070556640625
2018-08-31,53.77492141723633
2018-09-04,53.94736862182617
2018-09-05,53.59538269042969
2018-09-06,52.70476531982422
2018-09-07,52.27952194213867
2018-09-10,51.57789993286133
2018-09-11,52.881935119628906
2018-09-12,52.22520446777344
2018-09-13,53.48670196533203
2018-09-14,52.879573822021484
2018-09-17,51.47159194946289
2018-09-18,51.5566520690918
2018-09-19,51.58734893798828
2018-09-20,51.97949981689453
2018-09-21,51.41962814331055
2018-09-24,52.15904235839844
2018-09-25,52.48978042602539
2018-09-26,52.07164001464844
2018-09-27,53.14179992675781
2018-09-28,53.328433990478516
2018-10-01,53.6875114440918
2018-10-02,54.16470718383789
2018-10-03,54.82381820678711
2018-10-04,53.85995864868164
2018-10-05,52.98588180541992
2018-10-08,52.863040924072266
2018-10-09,53.59538269042969
2018-10-10,51.112518310546875
2018-10-11,50.66128921508789
2018-10-12,52.47090148925781
2018-10-15,51.3487434387207
2018-10-16,52.48032760620117
2018-10-17,52.253543853759766
2018-10-18,51.03219985961914
2018-10-19,51.80941390991211
2018-10-22,52.1259651184082
2018-10-23,52.617347717285156
2018-10-24,50.81249237060547
2018-10-25,51.9251708984375
2018-10-26,51.09833908081055
2018-10-29,50.13920974731445
2018-10-30,50.38962936401367
2018-10-31,51.70310592651367
2018-11-01,52.49687194824219
2018-11-02,49.01472091674805
2018-11-05,47.62328338623047
2018-11-06,48.138275146484375
2018-11-07,49.59823226928711
2018-11-08,49.42515563964844
2018-11-09,48.4721794128418
2018-11-12,46.03043746948242
2018-11-13,45.57053756713867
2018-11-14,44.28327178955078
2018-11-15,45.37614440917969
2018-11-16,45.87872314453125
2018-11-19,44.06045150756836
2018-11-20,41.955326080322266
2018-11-21,41.907920837402344
2018-11-23,40.843509674072266
2018-11-26,41.39585876464844
2018-11-27,41.30577087402344
2018-11-28,42.894100189208984
2018-11-29,42.56458282470703
2018-11-30,42.33462905883789
2018-12-03,43.81389617919922
2018-12-04,41.886573791503906
2018-12-06,41.4195671081543
2018-12-07,39.94266891479492
2018-12-10,40.205806732177734
2018-12-11,39.975860595703125
2018-12-12,40.0872802734375
2018-12-13,40.525840759277344
2018-12-14,39.22911834716797
2018-12-17,38.864036560058594
2018-12-18,39.36898422241211
2018-12-19,38.140987396240234
2018-12-20,37.17851638793945
2018-12-21,35.73243713378906
2018-12-24,34.80788803100586
2018-12-26,37.25911331176758
2018-12-27,37.01731872558594
2018-12-28,37.03628921508789
2018-12-31,37.394248962402344
2019-01-02,37.43692398071289
2019-01-03,33.707916259765625
2019-01-04,35.14688491821289
2019-01-07,35.06865692138672
2019-01-08,35.7371826171875
2019-01-09,36.34406280517578
2019-01-10,36.46021270751953
2019-01-11,36.10224914550781
2019-01-14,35.559383392333984
2019-01-15,36.28716278076172
2019-01-16,36.73047637939453
2019-01-17,36.948577880859375
2019-01-18,37.1761474609375
2019-01-22,36.34169006347656
2019-01-23,36.48867416381836
2019-01-24,36.19945526123047
2019-01-25,37.39898681640625
2019-01-28,37.052879333496094
2019-01-29,36.66883087158203
2019-01-30,39.174583435058594
2019-01-31,39.45669174194336
2019-02-01,39.47566223144531
2019-02-04,40.59695053100586
2019-02-05,41.29153823852539
2019-02-06,41.30577087402344
2019-02-07,40.523468017578125
2019-02-08,40.57107925415039
2019-02-11,40.337764739990234
2019-02-12,40.68537139892578
2019-02-13,40.516334533691406
2019-02-14,40.66393280029297
2019-02-15,40.573463439941406
2019-02-19,40.69487762451172
2019-02-20,40.9567756652832
2019-02-21,40.72583770751953
2019-02-22,41.180564880371094
2019-02-25,41.48054885864258
2019-02-26,41.50434875488281
2019-02-27,41.6329231262207
2019-02-28,41.223419189453125
2019-03-01,41.65673065185547
2019-03-04,41.866241455078125
2019-03-05,41.79004669189453
2019-03-06,41.549598693847656
2019-03-07,41.06867218017578
2019-03-08,41.166282653808594
2019-03-11,42.59238052368164
2019-03-12,43.07091522216797
2019-03-13,43.26138687133789
2019-03-14,43.7422981262207
2019-03-15,44.31129837036133
2019-03-18,44.763668060302734
2019-03-19,44.40892028808594
2019-03-20,44.7969856262207
2019-03-21,46.44688415527344
2019-03-22,45.48504638671875
2019-03-25,44.93508529663086
2019-03-26,44.47081756591797
2019-03-27,44.870792388916016
2019-03-28,44.930320739746094
2019-03-29,45.22315979003906
2019-04-01,45.530269622802734
2019-04-02,46.1921272277832
2019-04-03,46.50878143310547
2019-04-04,46.5897331237793
2019-04-05,46.901615142822266
2019-04-08,47.6396598815918
2019-04-09,47.49680709838867
2019-04-10,47.76346206665039
2019-04-11,47.36587142944336
2019-04-12,47.34681701660156
2019-04-15,47.43252944946289
2019-04-16,47.43729782104492
2019-04-17,48.36104202270508
2019-04-18,48.53483581542969
2019-04-22,48.694339752197266
2019-04-23,49.396690368652344
2019-04-24,49.32051086425781
2019-04-25,48.872901916503906
2019-04-26,48.639583587646484
2019-04-29,48.71339797973633
2019-04-30,47.775367736816406
2019-05-01,50.12044143676758
2019-05-02,49.79426956176758
2019-05-03,50.41328430175781
2019-05-06,49.634761810302734
2019-05-07,48.2967529296875
2019-05-08,48.3062858581543
2019-05-09,47.78727340698242
2019-05-10,47.125247955322266
2019-05-13,44.3863525390625
2019-05-14,45.08900833129883
2019-05-15,45.62913131713867
2019-05-16,45.428382873535156
2019-05-17,45.17026138305664
2019-05-20,43.75779342651367
2019-05-21,44.596675872802734
2019-05-22,43.68370056152344
2019-05-23,42.93804168701172
2019-05-24,42.77313232421875
2019-05-28,42.59627151489258
2019-05-29,42.39313507080078
2019-05-30,42.612998962402344
2019-05-31,41.84104537963867
2019-06-03,41.418025970458984
2019-06-04,42.93326187133789
2019-06-05,43.62633514404297
2019-06-06,44.26686096191406
2019-06-07,45.44511032104492
2019-06-10,46.0258674621582
2019-06-11,46.558834075927734
2019-06-12,46.410648345947266
2019-06-13,46.401092529296875
2019-06-14,46.064109802246094
2019-06-17,46.33894348144531
2019-06-18,47.42876434326172
2019-06-19,47.29015350341797
2019-06-20,47.67017364501953
2019-06-21,47.50764846801758
2019-06-24,47.4598388671875
2019-06-25,46.740474700927734
2019-06-26,47.751426696777344
2019-06-27,47.73708724975586
2019-06-28,47.30211639404297
2019-07-01,48.16965866088867
2019-07-02,48.451683044433594
2019-07-03,48.85319137573242
2019-07-05,48.810176849365234
2019-07-08,47.80400848388672
2019-07-09,48.0955810546875
2019-07-10,48.57118606567383
2019-07-11,48.21746826171875
2019-07-12,48.58791732788086
2019-07-15,49.04438781738281
2019-07-16,48.87470626831055
2019-07-17,48.599849700927734
2019-07-18,49.15193557739258
2019-07-19,48.41822052001953
2019-07-22,49.5247688293457
2019-07-23,49.91195297241211
2019-07-24,49.87131881713867
2019-07-25,49.47698211669922
2019-07-26,49.64905548095703
2019-07-29,50.11269760131836
2019-07-30,49.897605895996094
2019-07-31,50.91572952270508
2019-08-01,49.8139533996582
2019-08-02,48.75998306274414
2019-08-05,46.2075080871582
2019-08-06,47.08223342895508
2019-08-07,47.569786071777344
2019-08-08,48.61896896362305
2019-08-09,48.21833801269531
2019-08-12,48.095985412597656
2019-08-13,50.13277053833008
2019-08-14,48.640567779541016
2019-08-15,48.39826965332031
2019-08-16,49.54021072387695
2019-08-19,50.463836669921875
2019-08-20,50.46623229980469
2019-08-21,51.013221740722656
2019-08-22,50.97003173828125
2019-08-23,48.614173889160156
2019-08-26,49.537811279296875
2019-08-27,48.97883605957031
2019-08-28,49.3074951171875
2019-08-29,50.14236068725586
2019-08-30,50.07759475708008
2019-09-03,49.34828186035156
2019-09-04,50.185546875
2019-09-05,51.16676712036133
2019-09-06,51.16195297241211
2019-09-09,51.38026809692383
2019-09-10,51.98723220825195
2019-09-11,53.640174865722656
2019-09-12,53.52020263671875
2019-09-13,52.479026794433594
2019-09-16,52.75492477416992
2019-09-17,52.94684600830078
2019-09-18,53.44344711303711
2019-09-19,53.00922775268555
2019-09-20,52.23432922363281
2019-09-23,52.47183609008789
2019-09-24,52.22233200073242
2019-09-25,53.02601623535156
2019-09-26,52.75251388549805
2019-09-27,52.495826721191406
2019-09-30,53.73133087158203
2019-10-01,53.88007736206055
2019-10-02,52.529422760009766
2019-10-03,52.97563171386719
2019-10-04,54.46063995361328
2019-10-07,54.47264862060547
2019-10-08,53.834495544433594
2019-10-09,54.46543502807617
2019-10-10,55.19954299926758
2019-10-11,56.667755126953125
2019-10-14,56.586185455322266
2019-10-15,56.454246520996094
2019-10-16,56.22633743286133
2019-10-17,56.44464874267578
2019-10-18,56.71574401855469
2019-10-21,57.699344635009766
2019-10-22,57.56740951538086
2019-10-23,58.33988571166992
2019-10-24,58.435848236083984
2019-10-25,59.15556716918945
2019-10-28,59.748130798339844
2019-10-29,58.366268157958984
2019-10-30,58.35908889770508
2019-10-31,59.678565979003906
2019-11-01,61.37228775024414
2019-11-04,61.775325775146484
2019-11-05,61.686561584472656
2019-11-06,61.71294021606445
2019-11-07,62.42519760131836
2019-11-08,62.59604263305664
2019-11-11,63.091758728027344
2019-11-12,63.03397750854492
2019-11-13,63.637935638427734
2019-11-14,63.19761657714844
2019-11-15,63.94833755493164
2019-11-18,64.27079010009766
2019-11-19,64.07585906982422
2019-11-20,63.329933166503906
2019-11-21,63.04600143432617
2019-11-22,62.99067306518555
2019-11-25,64.09512329101562
2019-11-26,63.594635009765625
2019-11-27,64.44883728027344
2019-11-29,64.30689239501953
2019-12-02,63.56333541870117
2019-12-03,62.430015563964844
2019-12-04,62.981021881103516
2019-12-05,63.90502166748047
2019-12-06,65.13941955566406
2019-12-09,64.22746276855469
2019-12-10,64.60283660888672
2019-12-11,65.15386199951172
2019-12-12,65.31990051269531
2019-12-13,66.20781707763672
2019-12-16,67.34114837646484
2019-12-17,67.47350311279297
2019-12-18,67.31226348876953
2019-12-19,67.37964630126953
2019-12-20,67.24010467529297
2019-12-23,68.33734130859375
2019-12-24,68.40229034423828
2019-12-26,69.75941467285156
2019-12-27,69.73297119140625
2019-12-30,70.14683532714844
2019-12-31,70.65934753417969
2020-01-02,72.27154541015625
2020-01-03,71.56892395019531
2020-01-06,72.13920593261719
2020-01-07,71.7999267578125
2020-01-08,72.95491027832031
2020-01-09,74.5045394897461
2020-01-10,74.6729736328125
2020-01-13,76.26831817626953
2020-01-14,75.2384262084961
2020-01-15,74.91600799560547
2020-01-16,75.85444641113281
2020-01-17,76.6942138671875
2020-01-21,76.1744613647461
2020-01-22,76.4463882446289
2020-01-23,76.81452941894531
2020-01-24,76.59314727783203
2020-01-27,74.3409194946289
2020-01-28,76.44398498535156
2020-01-29,78.04412078857422
2020-01-30,77.93102264404297
2020-01-31,74.47565460205078
2020-02-03,74.2711410522461
2020-02-04,76.72307586669922
2020-02-05,77.34872436523438
2020-02-06,78.25344848632812
2020-02-07,77.1897964477539
2020-02-10,77.55638885498047
2020-02-11,77.08849334716797
2020-02-12,78.91915130615234
2020-02-13,78.35718536376953
2020-02-14,78.37647247314453
2020-02-18,76.94137573242188
2020-02-19,78.0556640625
2020-02-20,77.25491333007812
2020-02-21,75.50623321533203
2020-02-24,71.91967010498047
2020-02-25,69.48358154296875
2020-02-26,70.58585357666016
2020-02-27,65.97179412841797
2020-02-28,65.93318176269531
2020-03-02,72.07161712646484
2020-03-03,69.7826919555664
2020-03-04,73.01951599121094
2020-03-05,70.65099334716797
2020-03-06,69.71273803710938
2020-03-09,64.19900512695312
2020-03-10,68.8227310180664
2020-03-11,66.43245697021484
2020-03-12,59.871952056884766
2020-03-13,67.04511260986328
2020-03-16,58.41995620727539
2020-03-17,60.98870086669922
2020-03-18,59.495689392089844
2020-03-19,59.03982925415039
2020-03-20,55.29165267944336
2020-03-23,54.11703872680664
2020-03-24,59.54633712768555
2020-03-25,59.21831512451172
2020-03-26,62.33456039428711
2020-03-27,59.75376892089844
2020-03-30,61.459022521972656
2020-03-31,61.33359909057617
2020-04-01,58.10639953613281
2020-04-02,59.07601547241211
2020-04-03,58.22699737548828
2020-04-06,63.306583404541016
2020-04-07,62.57334899902344
2020-04-08,64.17489624023438
2020-04-09,64.63798522949219
2020-04-13,65.90667724609375
2020-04-14,69.23516845703125
2020-04-15,68.60322570800781
2020-04-16,69.14834594726562
2020-04-17,68.21007537841797
2020-04-20,66.79426574707031
2020-04-21,64.72964477539062
2020-04-22,66.59408569335938
2020-04-23,66.33600616455078
2020-04-24,68.25109100341797
2020-04-27,68.29933166503906
2020-04-28,67.19221496582031
2020-04-29,69.3991928100586
2020-04-30,70.86322021484375
2020-05-01,69.72237396240234
2020-05-04,70.70886993408203
2020-05-05,71.7701416015625
2020-05-06,72.51058959960938
2020-05-07,73.2607192993164
2020-05-08,75.00444793701172
2020-05-11,76.18470001220703
2020-05-12,75.31399536132812
2020-05-13,74.40464782714844
2020-05-14,74.86175537109375
2020-05-15,74.41915130615234
2020-05-18,76.1725845336914
2020-05-19,75.73240661621094
2020-05-20,77.20526123046875
2020-05-21,76.62965393066406
2020-05-22,77.123046875
2020-05-26,76.60065460205078
2020-05-27,76.93439483642578
2020-05-28,76.96825408935547
2020-05-29,76.89326477050781
2020-06-01,77.83892822265625
2020-06-02,78.1992416381836
2020-06-03,78.62975311279297
2020-06-04,77.95257568359375
2020-06-05,80.17274475097656
2020-06-08,80.64677429199219
2020-06-09,83.19343566894531
2020-06-10,85.33378601074219
2020-06-11,81.23688507080078
2020-06-12,81.93824768066406
2020-06-15,82.95157623291016
2020-06-16,85.14998626708984
2020-06-17,85.03145599365234
2020-06-18,85.06534576416016
2020-06-19,84.57923126220703
2020-06-22,86.79212188720703
2020-06-23,88.64469909667969
2020-06-24,87.0799331665039
2020-06-25,88.23596954345703
2020-06-26,85.52484893798828
2020-06-29,87.49591827392578
2020-06-30,88.2262954711914
2020-07-01,88.0594253540039
2020-07-02,88.0594253540039
2020-07-06,90.41503143310547
2020-07-07,90.13449096679688
2020-07-08,92.23372650146484
2020-07-09,92.63037109375
2020-07-10,92.79238891601562
2020-07-13,92.36433410644531
2020-07-14,93.8927993774414
2020-07-15,94.53854370117188
2020-07-16,93.37525939941406
2020-07-17,93.18659973144531
2020-07-20,95.15043640136719
2020-07-21,93.83717346191406
2020-07-22,94.10078430175781
2020-07-23,89.81768035888672
2020-07-24,89.59515380859375
2020-07-27,91.71856689453125
2020-07-28,90.21186828613281
2020-07-29,91.94107818603516
2020-07-30,93.05360412597656
2020-07-31,102.79524230957031
2020-08-03,105.38545227050781
2020-08-04,106.08921813964844
2020-08-05,106.4737777709961
2020-08-06,110.18854522705078
2020-08-07,107.6833267211914
2020-08-10,109.24848175048828
2020-08-11,105.99945831298828
2020-08-12,109.52226257324219
2020-08-13,111.46053314208984
2020-08-14,111.36122131347656
2020-08-17,111.07044982910156
2020-08-18,111.99600219726562
2020-08-19,112.13651275634766
2020-08-20,114.62478637695312
2020-08-21,120.53166198730469
2020-08-24,121.97325897216797
2020-08-25,120.97261047363281
2020-08-26,122.61774444580078
2020-08-27,121.15193939208984
2020-08-28,120.95568084716797
2020-08-31,125.05752563476562
2020-09-01,130.03890991210938
2020-09-02,127.34471893310547
2020-09-03,117.14936828613281
2020-09-04,117.22689819335938
2020-09-08,109.3381118774414
2020-09-09,113.69925689697266
2020-09-10,109.98743438720703
2020-09-11,108.54345703125
2020-09-14,111.79974365234375
2020-09-15,111.97418975830078
2020-09-16,108.66942596435547
2020-09-17,106.93466186523438
2020-09-18,103.54267120361328
2020-09-21,106.68268585205078
2020-09-22,108.35930633544922
2020-09-23,103.81402587890625
2020-09-24,104.8801040649414
2020-09-25,108.81480407714844
2020-09-28,111.41207122802734
2020-09-29,110.56893157958984
2020-09-30,112.23585510253906
2020-10-01,113.18560791015625
2020-10-02,109.53195190429688
2020-10-05,112.9045639038086
2020-10-06,109.66764068603516
2020-10-07,111.52838134765625
2020-10-08,111.42179870605469
2020-10-09,113.36004638671875
2020-10-12,120.56077575683594
2020-10-13,117.36258697509766
2020-10-14,117.44983673095703
2020-10-15,116.98462677001953
2020-10-16,115.34678649902344
2020-10-19,112.40061950683594
2020-10-20,113.88337707519531
2020-10-21,113.26314544677734
2020-10-22,112.17769622802734
2020-10-23,111.48960876464844
2020-10-26,111.49929809570312
2020-10-27,113.00145721435547
2020-10-28,107.76810455322266
2020-10-29,111.760986328125
2020-10-30,105.50033569335938
2020-11-02,105.41313171386719
2020-11-03,107.03156280517578
2020-11-04,111.40237426757812
2020-11-05,115.35648345947266
2020-11-06,115.22543334960938
2020-11-09,112.92459869384766
2020-11-10,112.5848159790039
2020-11-11,116.00205993652344
2020-11-12,115.7302474975586
2020-11-13,115.77876281738281
2020-11-16,116.78841400146484
2020-11-17,115.90499114990234
2020-11-18,114.5846939086914
2020-11-19,115.1768798828125
2020-11-20,113.91482543945312
2020-11-23,110.52668762207031
2020-11-24,111.80816650390625
2020-11-25,112.64307403564453
2020-11-27,113.18670654296875
2020-11-30,115.57491302490234
2020-12-01,119.13778686523438
2020-12-02,119.48728942871094
2020-12-03,119.35134887695312
2020-12-04,118.6815185546875
2020-12-07,120.1377182006836
2020-12-08,120.74931335449219
2020-12-09,118.2252197265625
2020-12-10,119.64257049560547
2020-12-11,118.83683013916016
2020-12-14,118.2252197265625
2020-12-15,124.14714813232422
2020-12-16,124.07919311523438
2020-12-17,124.94319915771484
2020-12-18,122.9627685546875
2020-12-21,124.4869384765625
2020-12-22,128.0303955078125
2020-12-23,127.1372299194336
2020-12-24,128.11778259277344
2020-12-28,132.69996643066406
2020-12-29,130.9331512451172
2020-12-30,129.81668090820312
2020-12-31,128.81671142578125
2021-01-04,125.63249969482422
2021-01-05,127.1857681274414
2021-01-06,122.90450286865234
2021-01-07,127.09842681884766
2021-01-08,128.1954803466797
2021-01-11,125.21504974365234
2021-01-12,125.0403060913086
2021-01-13,127.06929779052734
2021-01-14,125.1470947265625
2021-01-15,123.42877197265625
2021-01-19,124.09861755371094
2021-01-20,128.17605590820312
2021-01-21,132.87474060058594
2021-01-22,135.0105438232422
2021-01-25,138.7481231689453
2021-01-26,138.9811553955078
2021-01-27,137.9132537841797
2021-01-28,133.08836364746094
2021-01-29,128.1080780029297
2021-02-01,130.2244415283203
2021-02-02,131.04962158203125
2021-02-03,130.03030395507812
2021-02-04,133.3795166015625
2021-02-05,132.9663543701172
2021-02-08,133.1121826171875
2021-02-09,132.23715209960938
2021-02-10,131.63433837890625
2021-02-11,131.38157653808594
2021-02-12,131.6149139404297
2021-02-16,129.49537658691406
2021-02-17,127.21054077148438
2021-02-18,126.1119155883789
2021-02-19,126.2674789428711
2021-02-22,122.50480651855469
2021-02-23,122.36870574951172
2021-02-24,121.87284851074219
2021-02-25,117.63380432128906
2021-02-26,117.89631652832031
2021-03-01,124.24516296386719
2021-03-02,121.64924621582031
2021-03-03,118.67411804199219
2021-03-04,116.79763793945312
2021-03-05,118.05186462402344
2021-03-08,113.13224029541016
2021-03-09,117.73101043701172
2021-03-10,116.65179443359375
2021-03-11,118.57688903808594
2021-03-12,117.67269134521484
2021-03-15,120.55057525634766
2021-03-16,122.08675384521484
2021-03-17,121.29923248291016
2021-03-18,117.18656158447266
2021-03-19,116.66154479980469
2021-03-22,119.96724700927734
2021-03-23,119.14079284667969
2021-03-24,116.75875854492188
2021-03-25,117.24488830566406
2021-03-26,117.84770965576172
2021-03-29,118.022705078125
2021-03-30,116.57404327392578
2021-03-31,118.7616195678711
2021-04-01,119.58805084228516
2021-04-05,122.4075927734375
2021-04-06,122.70899963378906
2021-04-07,124.35211944580078
2021-04-08,126.7438735961914
2021-04-09,129.31065368652344
2021-04-12,127.59947204589844
2021-04-13,130.7009735107422
2021-04-14,128.36758422851562
2021-04-15,130.76902770996094
2021-04-16,130.43844604492188
2021-04-19,131.099609375
2021-04-20,129.4176025390625
2021-04-21,129.7967987060547
2021-04-22,128.28004455566406
2021-04-23,130.5940399169922
2021-04-26,130.98294067382812
2021-04-27,130.66204833984375
2021-04-28,129.87452697753906
2021-04-29,129.77734375
2021-04-30,127.81340026855469
2021-05-03,128.86341857910156
2021-05-04,124.30349731445312
2021-05-05,124.54655456542969
2021-05-06,126.14108276367188
2021-05-07,126.81306457519531
2021-05-10,123.54073333740234
2021-05-11,122.62527465820312
2021-05-12,119.56717681884766
2021-05-13,121.70978546142578
2021-05-14,124.12506866455078
2021-05-17,122.97586822509766
2021-05-18,121.59291076660156
2021-05-19,121.43709564208984
2021-05-20,123.98872375488281
2021-05-21,122.15777587890625
2021-05-24,123.78421020507812
2021-05-25,123.58943176269531
2021-05-26,123.54073333740234
2021-05-27,122.0116958618164
2021-05-28,121.35917663574219
2021-06-01,121.03776550292969
2021-06-02,121.79744720458984
2021-06-03,120.31708526611328
2021-06-04,122.60578155517578
2021-06-07,122.61550903320312
2021-06-08,123.43360137939453
2021-06-09,123.81341552734375
2021-06-10,122.82002258300781
2021-06-11,124.02766418457031
2021-06-14,127.07604217529297
2021-06-15,126.2579116821289
2021-06-16,126.75463104248047
2021-06-17,128.3518524169922
2021-06-18,127.05657196044922
2021-06-21,128.84857177734375
2021-06-22,130.48471069335938
2021-06-23,130.2120361328125
2021-06-24,129.9296417236328
2021-06-25,129.63743591308594
2021-06-28,131.2638702392578
2021-06-29,132.77342224121094
2021-06-30,133.38699340820312
2021-07-01,133.68887329101562
2021-07-02,136.3087158203125
2021-07-06,138.31495666503906
2021-07-07,140.79849243164062
2021-07-08,139.50315856933594
2021-07-09,141.32432556152344
2021-07-12,140.7302703857422
2021-07-13,141.84056091308594
2021-07-14,145.2589569091797
2021-07-15,144.60646057128906
2021-07-16,142.57098388671875
2021-07-19,138.7337646484375
2021-07-20,142.3372344970703
2021-07-21,141.6067657470703
2021-07-22,142.9702911376953
2021-07-23,144.6843719482422
2021-07-26,145.10313415527344
2021-07-27,142.9410400390625
2021-07-28,141.19776916503906
2021-07-29,141.84056091308594
2021-07-30,142.0548095703125
2021-08-02,141.72364807128906
2021-08-03,143.51564025878906
2021-08-04,143.11639404296875
2021-08-05,143.22348022460938
2021-08-06,142.54074096679688
2021-08-09,142.49200439453125
2021-08-10,142.01405334472656
2021-08-11,142.26763916015625
2021-08-12,145.2230224609375
2021-08-13,145.4278564453125
2021-08-16,147.3980712890625
2021-08-17,146.49099731445312
2021-08-18,142.75534057617188
2021-08-19,143.08694458007812
2021-08-20,144.540283203125
2021-08-23,146.02281188964844
2021-08-24,145.93502807617188
2021-08-25,144.70608520507812
2021-08-26,143.90625
2021-08-27,144.94017028808594
2021-08-30,149.34881591796875
2021-08-31,148.09059143066406
2021-09-01,148.7538299560547
2021-09-02,149.86575317382812
2021-09-03,150.49978637695312
2021-09-07,152.83090209960938
2021-09-08,151.2898406982422
2021-09-09,150.2754364013672
2021-09-10,145.30104064941406
2021-09-13,145.8667449951172
2021-09-14,144.47195434570312
2021-09-15,145.35952758789062
2021-09-16,145.12547302246094
2021-09-17,142.46267700195312
2021-09-20,139.4195556640625
2021-09-21,139.89744567871094
2021-09-22,142.2578887939453
2021-09-23,143.21372985839844
2021-09-24,143.301513671875
2021-09-27,141.7897186279297
2021-09-28,138.4149169921875
2021-09-29,139.31228637695312
2021-09-30,138.01502990722656
2021-10-01,139.1366729736328
2021-10-04,135.71311950683594
2021-10-05,137.63462829589844
2021-10-06,138.50270080566406
2021-10-07,139.76089477539062
2021-10-08,139.3805389404297
2021-10-11,139.29273986816406
2021-10-12,138.02479553222656
2021-10-13,137.43955993652344
2021-10-14,140.21937561035156
2021-10-15,141.27273559570312
2021-10-18,142.94064331054688
2021-10-19,145.09620666503906
2021-10-20,145.5839080810547
2021-10-21,145.7985076904297
2021-10-22,145.02792358398438
2021-10-25,144.9791717529297
2021-10-26,145.64247131347656
2021-10-27,145.1840057373047
2021-10-28,148.8123779296875
2021-10-29,146.110595703125
2021-11-01,145.29129028320312
2021-11-02,146.3251953125
2021-11-03,147.7589874267578
2021-11-04,147.2420196533203
2021-11-05,147.76950073242188
2021-11-08,146.94898986816406
2021-11-09,147.3103790283203
2021-11-10,144.4874725341797
2021-11-11,144.43858337402344
2021-11-12,146.50941467285156
2021-11-15,146.51919555664062
2021-11-16,147.49598693847656
2021-11-17,149.92820739746094
2021-11-18,154.20657348632812
2021-11-19,156.82437133789062
2021-11-22,157.28350830078125
2021-11-23,157.6644287109375
2021-11-24,158.18214416503906
2021-11-26,153.17115783691406
2021-11-29,156.52157592773438
2021-11-30,161.4641571044922
2021-12-01,160.94642639160156
2021-12-02,159.9598846435547
2021-12-03,158.08444213867188
2021-12-06,161.48373413085938
2021-12-07,167.20767211914062
2021-12-08,171.01722717285156
2021-12-09,170.50930786132812
2021-12-10,175.2858123779297
2021-12-13,171.66188049316406
2021-12-14,170.28463745117188
2021-12-15,175.1392822265625
2021-12-16,168.2626495361328
2021-12-17,167.16867065429688
2021-12-20,165.81088256835938
2021-12-21,168.97572326660156
2021-12-22,171.564208984375
2021-12-23,172.1893768310547
2021-12-27,176.14537048339844
2021-12-28,175.12948608398438
2021-12-29,175.2174530029297
2021-12-30,174.06478881835938
2021-12-31,173.4494171142578
2022-01-03,177.78640747070312
2022-01-04,175.52999877929688
2022-01-05,170.86090087890625
2022-01-06,168.00865173339844
2022-01-07,168.1747283935547
2022-01-10,168.19427490234375
2022-01-11,171.01722717285156
2022-01-12,171.45677185058594
2022-01-13,168.19427490234375
2022-01-14,169.0539093017578
2022-01-18,165.85975646972656
2022-01-19,162.37257385253906
2022-01-20,160.6925048828125
2022-01-21,158.64122009277344
2022-01-24,157.86953735351562
2022-01-25,156.07225036621094
2022-01-26,155.98434448242188
2022-01-27,155.5252685546875
2022-01-28,166.37742614746094
2022-01-31,170.7241668701172
2022-02-01,170.55807495117188
2022-02-02,171.7595672607422
2022-02-03,168.88780212402344
2022-02-04,168.60415649414062
2022-02-07,167.8901824951172
2022-02-08,170.99057006835938
2022-02-09,172.40875244140625
2022-02-10,168.34011840820312
2022-02-11,164.93650817871094
2022-02-14,165.17127990722656
2022-02-15,168.99539184570312
2022-02-16,168.76068115234375
2022-02-17,165.17127990722656
2022-02-18,163.62596130371094
2022-02-22,160.71141052246094
2022-02-23,156.5547332763672
2022-02-24,159.1660919189453
2022-02-25,161.229736328125
2022-02-28,161.49383544921875
2022-03-01,159.615966796875
2022-03-02,162.90219116210938
2022-03-03,162.57943725585938
2022-03-04,159.58663940429688
2022-03-07,155.8016357421875
2022-03-08,153.9824676513672
2022-03-09,159.37147521972656
2022-03-10,155.03875732421875
2022-03-11,151.33203125
2022-03-14,147.31227111816406
2022-03-15,151.68406677246094
2022-03-16,156.0852813720703
2022-03-17,157.09263610839844
2022-03-18,160.37887573242188
2022-03-21,161.7480926513672
2022-03-22,165.11256408691406
2022-03-23,166.4720458984375
2022-03-24,170.24728393554688
2022-03-25,170.88302612304688
2022-03-28,171.7436981201172
2022-03-29,175.0298614501953
2022-03-30,173.86598205566406
2022-03-31,170.77540588378906
2022-04-01,170.48202514648438
2022-04-04,174.5213165283203
2022-04-05,171.21554565429688
2022-04-06,168.05650329589844
2022-04-07,168.35968017578125
2022-04-08,166.3546905517578
2022-04-11,162.11000061035156
2022-04-12,163.97801208496094
2022-04-13,166.65785217285156
2022-04-14,161.66012573242188
2022-04-18,161.44491577148438
2022-04-19,163.72372436523438
2022-04-20,163.55751037597656
2022-04-21,162.76528930664062
2022-04-22,158.23695373535156
2022-04-25,159.30300903320312
2022-04-26,153.3565216064453
2022-04-27,153.131591796875
2022-04-28,160.04632568359375
2022-04-29,154.18788146972656
2022-05-02,154.49105834960938
2022-05-03,155.97764587402344
2022-05-04,162.3740692138672
2022-05-05,153.3272247314453
2022-05-06,154.05201721191406
2022-05-09,148.9391326904297
2022-05-10,151.33885192871094
2022-05-11,143.49322509765625
2022-05-12,139.6341094970703
2022-05-13,144.09072875976562
2022-05-16,142.55294799804688
2022-05-17,146.177001953125
2022-05-18,137.9298095703125
2022-05-19,134.53102111816406
2022-05-20,134.76611328125
2022-05-23,140.17283630371094
2022-05-24,137.47927856445312
2022-05-25,137.63600158691406
2022-05-26,140.82907104492188
2022-05-27,146.56881713867188
2022-05-31,145.7852020263672
2022-06-01,145.65792846679688
2022-06-02,148.1065673828125
2022-06-03,142.39627075195312
2022-06-06,143.14060974121094
2022-06-07,145.65792846679688
2022-06-08,144.9232635498047
2022-06-09,139.71246337890625
2022-06-10,134.3155517578125
2022-06-13,129.17332458496094
2022-06-14,130.0352325439453
2022-06-15,132.65048217773438
2022-06-16,127.39066314697266
2022-06-17,128.85989379882812
2022-06-21,133.08145141601562
2022-06-22,132.57211303710938
2022-06-23,135.4321746826172
2022-06-24,138.75257873535156
2022-06-27,138.75257873535156
2022-06-28,134.61920166015625
2022-06-29,136.37246704101562
2022-06-30,133.91400146484375
2022-07-01,136.07861328125
2022-07-05,138.65464782714844
2022-07-06,139.9867401123047
2022-07-07,143.34634399414062
2022-07-08,144.02218627929688
2022-07-11,141.896728515625
2022-07-12,142.86639404296875
2022-07-13,142.50399780273438
2022-07-14,145.4228057861328
2022-07-15,147.08790588378906
2022-07-18,144.0515899658203
2022-07-19,147.9009246826172
2022-07-20,149.8990020751953
2022-07-21,152.16163635253906
2022-07-22,150.927490234375
2022-07-25,149.8108367919922
2022-07-26,148.48858642578125
2022-07-27,153.572021484375
2022-07-28,154.12060546875
2022-07-29,159.1746826171875
2022-08-01,158.19515991210938
2022-08-02,156.7259979248047
2022-08-03,162.72036743164062
2022-08-04,162.4069366455078
2022-08-05,162.1813507080078
2022-08-08,161.7105712890625
2022-08-09,161.75958251953125
2022-08-10,165.99679565429688
2022-08-11,165.26116943359375
2022-08-12,168.80201721191406
2022-08-15,169.87107849121094
2022-08-16,169.7141571044922
2022-08-17,171.20509338378906
2022-08-18,170.81271362304688
2022-08-19,168.23312377929688
2022-08-22,164.3588409423828
2022-08-23,164.0253143310547
2022-08-24,164.319580078125
2022-08-25,166.77166748046875
2022-08-26,160.48446655273438
2022-08-29,158.28741455078125
2022-08-30,155.86477661132812
2022-08-31,154.20713806152344
2022-09-01,154.9329833984375
2022-09-02,152.82415771484375
2022-09-06,151.56871032714844
2022-09-07,152.9713134765625
2022-09-08,151.50006103515625
2022-09-09,154.35426330566406
2022-09-12,160.29812622070312
2022-09-13,150.8918914794922
2022-09-14,152.333740234375
2022-09-15,149.45010375976562
2022-09-16,147.8120880126953
2022-09-19,151.5196075439453
2022-09-20,153.8932647705078
2022-09-21,150.77420043945312
2022-09-22,149.81297302246094
2022-09-23,147.54725646972656
2022-09-26,147.88075256347656
2022-09-27,148.8517608642578
2022-09-28,146.96856689453125
2022-09-29,139.74960327148438
2022-09-30,135.55160522460938
2022-10-03,139.72018432617188
2022-10-04,143.3002166748047
2022-10-05,143.594482421875
2022-10-06,142.64306640625
2022-10-07,137.4053955078125
2022-10-10,137.7290802001953
2022-10-11,136.31668090820312
2022-10-12,135.68893432617188
2022-10-13,140.24984741210938
2022-10-14,135.72816467285156
2022-10-17,139.6809844970703
2022-10-18,140.99525451660156
2022-10-19,141.10317993164062
2022-10-20,140.6421661376953
2022-10-21,144.4478302001953
2022-10-24,146.5860595703125
2022-10-25,149.420654296875
2022-10-26,146.48797607421875
2022-10-27,142.02516174316406
2022-10-28,152.75552368164062
2022-10-31,150.4014892578125
2022-11-01,147.76303100585938
2022-11-02,142.25074768066406
2022-11-03,136.2186279296875
2022-11-04,135.9533233642578
2022-11-07,136.48388671875
2022-11-08,137.05369567871094
2022-11-09,132.5048828125
2022-11-10,144.2944793701172
2022-11-11,147.07479858398438
2022-11-14,145.67974853515625
2022-11-15,147.40887451171875
2022-11-16,146.1807861328125
2022-11-17,148.07691955566406
2022-11-18,148.63694763183594
2022-11-21,145.41445922851562
2022-11-22,147.54640197753906
2022-11-23,148.42080688476562
2022-11-25,145.51272583007812
2022-11-28,141.69094848632812
2022-11-29,138.6943817138672
2022-11-30,145.4341278076172
2022-12-01,145.709228515625
2022-12-02,145.2179718017578
2022-12-05,144.0586700439453
2022-12-06,140.40390014648438
2022-12-07,138.46844482421875
2022-12-08,140.1484375
2022-12-09,139.6670379638672
2022-12-12,141.9561767578125
2022-12-13,142.9190216064453
2022-12-14,140.69866943359375
2022-12-15,134.10633850097656
2022-12-16,132.15118408203125
2022-12-19,130.04869079589844
2022-12-20,129.97994995117188
2022-12-21,133.07469177246094
2022-12-22,129.91116333007812
2022-12-23,129.54766845703125
2022-12-27,127.74978637695312
2022-12-28,123.8297348022461
2022-12-29,127.3371353149414
2022-12-30,127.6515121459961
2023-01-03,122.87673950195312
2023-01-04,124.14412689208984
2023-01-05,122.82762145996094
2023-01-06,127.346923828125
2023-01-09,127.8676528930664
2023-01-10,128.4375
2023-01-11,131.14910888671875
2023-01-12,131.07052612304688
2023-01-13,132.3968048095703
2023-01-17,133.55612182617188
2023-01-18,132.8389129638672
2023-01-19,132.8979034423828
2023-01-20,135.4523162841797
2023-01-23,138.63548278808594
2023-01-24,140.03057861328125
2023-01-25,139.3722686767578
2023-01-26,141.43545532226562
2023-01-27,143.37094116210938
2023-01-30,140.49229431152344
2023-01-31,141.7596893310547
2023-02-01,142.8796844482422
2023-02-02,148.1751708984375
2023-02-03,151.79066467285156
2023-02-06,149.06918334960938
2023-02-07,151.93800354003906
2023-02-08,149.25588989257812
2023-02-09,148.2242889404297
2023-02-10,148.58836364746094
2023-02-13,151.38284301757812
2023-02-14,150.7432403564453
2023-02-15,152.83909606933594
2023-02-16,151.2450714111328
2023-02-17,150.10365295410156
2023-02-21,146.0989532470703
2023-02-22,146.5220489501953
2023-02-23,147.00421142578125
2023-02-24,144.35736083984375
2023-02-27,145.5479278564453
2023-02-28,145.046142578125
2023-03-01,142.97979736328125
2023-03-02,143.5701446533203
2023-03-03,148.6080322265625
2023-03-06,151.36314392089844
2023-03-07,149.16891479492188
2023-03-08,150.41854858398438
2023-03-09,148.1750946044922
2023-03-10,146.11862182617188
2023-03-13,148.0570526123047
2023-03-14,150.14303588867188
2023-03-15,150.53663635253906
2023-03-16,153.35073852539062
2023-03-17,152.5143585205078
2023-03-20,154.8759002685547
2023-03-21,156.7257843017578
2023-03-22,155.29898071289062
2023-03-23,156.38136291503906
2023-03-24,157.68020629882812
2023-03-27,155.74179077148438
2023-03-28,155.1219024658203
2023-03-29,158.19186401367188
2023-03-30,159.75637817382812
2023-03-31,162.2556610107422
2023-04-03,163.50527954101562
2023-04-04,162.97390747070312
2023-04-05,161.1339111328125
2023-04-06,162.0194854736328
2023-04-10,159.431640625
2023-04-11,158.22137451171875
2023-04-12,157.53260803222656
2023-04-13,162.90505981445312
2023-04-14,162.56068420410156
2023-04-17,162.58035278320312
2023-04-18,163.8004608154297
2023-04-19,164.94186401367188
2023-04-20,163.97755432128906
2023-04-21,162.37368774414062
2023-04-24,162.67874145507812
2023-04-25,161.14376831054688
2023-04-26,161.1339111328125
2023-04-27,165.7093505859375
2023-04-28,166.95896911621094
2023-05-01,166.87042236328125
2023-05-02,165.83724975585938
2023-05-03,164.76473999023438
2023-05-04,163.13134765625
2023-05-05,170.78659057617188
2023-05-08,170.7177276611328
2023-05-09,169.0154571533203
2023-05-10,170.7767791748047
2023-05-11,170.9636993408203
2023-05-12,170.03749084472656
2023-05-15,169.54486083984375
2023-05-16,169.54486083984375
2023-05-17,170.15574645996094
2023-05-18,172.4811248779297
2023-05-19,172.58949279785156
2023-05-22,171.6436004638672
2023-05-23,169.0423126220703
2023-05-24,169.31820678710938
2023-05-25,170.45138549804688
2023-05-26,172.8555450439453
2023-05-30,174.69810485839844
2023-05-31,174.64881896972656
2023-06-01,177.4471435546875
2023-06-02,178.29454040527344
2023-06-05,176.9446258544922
2023-06-06,176.58004760742188
2023-06-07,175.21046447753906
2023-06-08,177.9201202392578
2023-06-09,178.3043670654297
2023-06-12,181.09283447265625
2023-06-13,180.61990356445312
2023-06-14,181.25048828125
2023-06-15,183.2802734375
2023-06-16,182.2062530517578
2023-06-20,182.294921875
2023-06-21,181.26036071777344
2023-06-22,184.25572204589844
2023-06-23,183.9404296875
2023-06-26,182.55111694335938
2023-06-27,185.3001708984375
2023-06-28,186.47271728515625
2023-06-29,186.8077392578125
2023-06-30,191.1234588623047
2023-07-03,189.63560485839844
2023-07-05,188.522216796875
2023-07-06,188.99514770507812
2023-07-07,187.88172912597656
2023-07-10,185.84210205078125
2023-07-11,185.3199005126953
2023-07-12,186.985107421875
2023-07-13,187.74380493164062
2023-07-14,187.89158630371094
2023-07-17,191.14317321777344
2023-07-18,190.886962890625
2023-07-19,192.2368927001953
2023-07-20,190.2957763671875
2023-07-21,189.12327575683594
2023-07-24,189.92135620117188
2023-07-25,190.7786102294922
2023-07-26,191.6456756591797
2023-07-27,190.3844757080078
2023-07-28,192.95616149902344
2023-07-31,193.56703186035156
2023-08-01,192.7394256591797
2023-08-02,189.7538604736328
2023-08-03,188.3645477294922
2023-08-04,179.3192901611328
2023-08-07,176.225341796875
2023-08-08,177.16139221191406
2023-08-09,175.57504272460938
2023-08-10,175.35826110839844
2023-08-11,175.41748046875
2023-08-14,177.06520080566406
2023-08-15,175.08200073242188
2023-08-16,174.21376037597656
2023-08-17,171.67803955078125
2023-08-18,172.16151428222656
2023-08-21,173.49346923828125
2023-08-22,174.8649139404297
2023-08-23,178.70303344726562
2023-08-24,174.0262908935547
2023-08-25,176.22650146484375
2023-08-28,177.7854461669922
2023-08-29,181.66297912597656
2023-08-30,185.14585876464844
2023-08-31,185.36294555664062
2023-09-01,186.93173217773438
2023-09-05,187.1685333251953
2023-09-06,180.46914672851562
2023-09-07,175.19053649902344
2023-09-08,175.80223083496094
2023-09-11,176.96652221679688
2023-09-12,173.9473419189453
2023-09-13,171.88525390625
2023-09-14,173.39479064941406
2023-09-15,172.67454528808594
2023-09-18,175.59506225585938
2023-09-19,176.68035888671875
2023-09-20,173.14813232421875
2023-09-21,171.60897827148438
2023-09-22,172.4574737548828
2023-09-25,173.7303009033203
2023-09-26,169.66526794433594
2023-09-27,168.15565490722656
2023-09-28,168.41221618652344
2023-09-29,168.92526245117188
2023-10-02,171.4313507080078
2023-10-03,170.09938049316406
2023-10-04,171.3425750732422
2023-10-05,172.57591247558594
2023-10-06,175.1214599609375
2023-10-09,176.6014404296875
2023-10-10,176.00946044921875
2023-10-11,177.40061950683594
2023-10-12,178.2985076904297
2023-10-13,176.46331787109375
2023-10-16,176.33502197265625
2023-10-17,174.78599548339844
2023-10-18,173.49346923828125
2023-10-19,173.11854553222656
2023-10-20,170.57296752929688
2023-10-23,170.69139099121094
2023-10-24,171.12551879882812
2023-10-25,168.81674194335938
2023-10-26,164.6629180908203
2023-10-27,165.97518920898438
2023-10-30,168.01751708984375
2023-10-31,168.49111938476562
2023-11-01,171.6484375
2023-11-02,175.2003936767578
2023-11-03,174.29266357421875
2023-11-06,176.83822631835938
2023-11-07,179.39369201660156
2023-11-08,180.4493865966797
2023-11-09,179.975830078125
2023-11-10,184.15484619140625
2023-11-13,182.5741424560547
2023-11-14,185.18235778808594
2023-11-15,185.74545288085938
2023-11-16,187.42498779296875
2023-11-17,187.4052276611328
2023-11-20,189.14401245117188
2023-11-21,188.3437957763672
2023-11-22,189.0057373046875
2023-11-24,187.68186950683594
2023-11-27,187.5040283203125
2023-11-28,188.10667419433594
2023-11-29,187.089111328125
2023-11-30,187.66209411621094
2023-12-01,188.93658447265625
2023-12-04,187.1483612060547
2023-12-05,191.09030151367188
2023-12-06,190.00357055664062
2023-12-07,191.9300537109375
2023-12-08,193.3527069091797
2023-12-11,190.85317993164062
2023-12-12,192.36477661132812
2023-12-13,195.5756378173828
2023-12-14,195.7238006591797
2023-12-15,195.19032287597656
2023-12-18,193.53054809570312
2023-12-19,194.56790161132812
2023-12-20,192.4833221435547
2023-12-21,192.33509826660156
2023-12-22,191.26812744140625
2023-12-26,190.72474670410156
2023-12-27,190.8235626220703
2023-12-28,191.24839782714844
2023-12-29,190.21104431152344
2024-01-02,183.40403747558594
2024-01-03,182.03073120117188
2024-01-04,179.71893310546875
2024-01-05,178.99771118164062
2024-01-08,183.324951171875
2024-01-09,182.91001892089844
2024-01-10,183.9473876953125
2024-01-11,183.35459899902344
2024-01-12,183.68064880371094
2024-01-16,181.418212890625
2024-01-17,180.4796142578125
2024-01-18,186.35801696777344
2024-01-19,189.25270080566406
2024-01-22,191.5546112060547
2024-01-23,192.8291015625
2024-01-24,192.1573028564453
2024-01-25,191.83123779296875
2024-01-26,190.10235595703125
2024-01-29,189.42068481445312
2024-01-30,185.7751007080078
2024-01-31,182.178955078125
2024-02-01,184.60931396484375
2024-02-02,183.61148071289062
2024-02-05,185.41943359375
2024-02-06,187.0199432373047
2024-02-07,187.1285858154297
2024-02-08,186.0517578125
2024-02-09,186.81341552734375
2024-02-12,185.13174438476562
2024-02-13,183.04452514648438
2024-02-14,182.1641082763672
2024-02-15,181.8772430419922
2024-02-16,180.34393310546875
2024-02-20,179.60203552246094
2024-02-21,180.35385131835938
2024-02-22,182.38172912597656
2024-02-23,180.5517120361328
2024-02-26,179.20635986328125
2024-02-27,180.66049194335938
2024-02-28,179.4635467529297
2024-02-29,178.80076599121094
2024-03-01,177.7225341796875
2024-03-04,173.21170043945312
2024-03-05,168.285400390625
2024-03-06,167.2961883544922
2024-03-07,167.177490234375
2024-03-08,168.8888397216797
2024-03-11,170.88706970214844
2024-03-12,171.3618621826172
2024-03-13,169.28451538085938
2024-03-14,171.13436889648438
2024-03-15,170.75843811035156
2024-03-18,171.8465576171875
2024-03-19,174.18113708496094
2024-03-20,176.74322509765625
2024-03-21,169.52194213867188
2024-03-22,170.42208862304688
2024-03-25,169.00755310058594
2024-03-26,167.87982177734375
2024-03-27,171.4409942626953
2024-03-28,169.63070678710938
2024-04-01,168.19638061523438
2024-04-02,167.0192108154297
2024-04-03,167.8204803466797
2024-04-04,166.9994354248047
2024-04-05,167.75123596191406
2024-04-08,166.6334228515625
2024-04-09,167.8402557373047
2024-04-10,165.9706268310547
2024-04-11,173.15234375
2024-04-12,174.6460723876953
2024-04-15,170.82769775390625
2024-04-16,167.55340576171875
2024-04-17,166.1882781982422
2024-04-18,165.23861694335938
2024-04-19,163.2206268310547
2024-04-22,164.0515594482422
2024-04-23,165.10011291503906
2024-04-24,167.19728088378906
2024-04-25,168.0579071044922
2024-04-26,167.47427368164062
2024-04-29,171.6289520263672
2024-04-30,168.49313354492188
2024-05-01,167.47427368164062
2024-05-02,171.16404724121094
2024-05-03,181.4023895263672
2024-05-06,179.75042724609375
2024-05-07,180.4329833984375
2024-05-08,180.76934814453125
2024-05-09,182.57957458496094
2024-05-10,181.32156372070312
2024-05-13,184.5210723876953
2024-05-14,185.66021728515625
2024-05-15,187.9285888671875
2024-05-16,188.04745483398438
2024-05-17,188.07717895507812
2024-05-20,189.23611450195312
2024-05-21,190.53375244140625
2024-05-22,189.09744262695312
2024-05-23,185.1154327392578
2024-05-24,188.18612670898438
2024-05-28,188.19606018066406
2024-05-29,188.4932098388672
2024-05-30,189.48377990722656
2024-05-31,190.43470764160156
2024-06-03,192.19789123535156
2024-06-04,192.51486206054688
2024-06-05,194.02052307128906
2024-06-06,192.64364624023438
2024-06-07,195.03091430664062
2024-06-10,191.29647827148438
2024-06-11,205.1940155029297
2024-06-12,211.05813598632812
2024-06-13,212.21707153320312
2024-06-14,210.4835968017578
2024-06-17,214.62411499023438
2024-06-18,212.26658630371094
2024-06-20,207.70013427734375
2024-06-21,205.5308074951172
2024-06-24,206.17466735839844
2024-06-25,207.0959014892578
2024-06-26,211.2364044189453
2024-06-27,212.07839965820312
2024-06-28,208.63124084472656
2024-07-01,214.703369140625
2024-07-02,218.19012451171875
2024-07-03,219.45803833007812
2024-07-05,224.2028045654297
2024-07-08,225.66883850097656
2024-07-09,226.5207061767578
2024-07-10,230.7801055908203
2024-07-11,225.4212188720703
2024-07-12,228.36314392089844
2024-07-15,232.1867218017578
2024-07-16,232.6027374267578
2024-07-17,226.71885681152344
2024-07-18,222.06320190429688
2024-07-19,222.19198608398438
2024-07-22,221.84530639648438
2024-07-23,222.8853759765625
2024-07-24,216.47645568847656
2024-07-25,215.43638610839844
2024-07-26,215.90191650390625
2024-07-29,216.1793212890625
2024-07-30,216.73402404785156
2024-07-31,219.9830322265625
2024-08-01,216.29815673828125
2024-08-02,217.7839813232422
2024-08-05,207.2940216064453
2024-08-06,205.27325439453125
2024-08-07,207.8388214111328
2024-08-08,211.2958526611328
2024-08-09,214.19818115234375
2024-08-12,215.72544860839844
2024-08-13,219.43438720703125
2024-08-14,219.88064575195312
2024-08-15,222.85577392578125
2024-08-16,224.1747283935547
2024-08-19,224.0160675048828
2024-08-20,224.6309051513672
2024-08-21,224.52183532714844
2024-08-22,222.66734313964844
2024-08-23,224.95819091796875
2024-08-26,225.2953643798828
2024-08-27,226.1383056640625
2024-08-28,224.611083984375
2024-08-29,227.88369750976562
2024-08-30,227.10025024414062
2024-09-03,220.9219512939453
2024-09-04,219.0178680419922
2024-09-05,220.53518676757812
2024-09-06,218.98814392089844
2024-09-09,219.07737731933594
2024-09-10,218.28399658203125
2024-09-11,220.8128662109375
2024-09-12,220.9219512939453
2024-09-13,220.6541748046875
2024-09-16,214.52545166015625
2024-09-17,214.9915313720703
2024-09-18,218.85919189453125
2024-09-19,226.97132873535156
2024-09-20,226.306884765625
2024-09-23,224.5912628173828
2024-09-24,225.48379516601562
2024-09-25,224.4920654296875
2024-09-26,225.63255310058594
2024-09-27,225.90028381347656
2024-09-30,231.06707763671875
2024-10-01,224.33340454101562
2024-10-02,224.898681640625
2024-10-03,223.79788208007812
2024-10-04,224.9185028076172
2024-10-07,219.85089111328125
2024-10-08,223.89706420898438
2024-10-09,227.63577270507812
2024-10-10,227.1399383544922
2024-10-11,225.66232299804688
2024-10-14,229.3811798095703
2024-10-15,231.9100341796875
2024-10-16,229.85720825195312
2024-10-17,230.22410583496094
2024-10-18,233.0504913330078
2024-10-21,234.5181884765625
2024-10-22,233.90335083007812
2024-10-23,228.8456573486328
2024-10-24,228.65725708007812
2024-10-25,229.49026489257812
2024-10-28,231.4637451171875
2024-10-29,231.73150634765625
2024-10-30,228.19113159179688
2024-10-31,224.03587341308594
2024-11-01,221.060791015625
2024-11-04,220.16824340820312
2024-11-05,221.59629821777344
2024-11-06,220.87234497070312
2024-11-07,225.5928955078125
2024-11-08,225.32481384277344
2024-11-11,222.61448669433594
2024-11-12,222.61448669433594
2024-11-13,223.49806213378906
2024-11-14,226.57574462890625
2024-11-15,223.3789520263672
2024-11-18,226.37718200683594
2024-11-19,226.6352996826172
2024-11-20,227.35012817382812
2024-11-21,226.87359619140625
2024-11-22,228.21385192871094
2024-11-25,231.19223022460938
2024-11-26,233.36647033691406
2024-11-27,233.2373809814453
2024-11-29,235.62008666992188
2024-12-02,237.86383056640625
2024-12-03,240.90179443359375
2024-12-04,241.25918579101562
2024-12-05,241.28895568847656
2024-12-06,241.09039306640625
2024-12-09,244.97222900390625
2024-12-10,245.98489379882812
2024-12-11,244.714111328125
2024-12-12,246.17352294921875
2024-12-13,246.34228515625
2024-12-16,249.2313232421875
2024-12-17,251.65374755859375
2024-12-18,246.2628631591797
2024-12-19,247.99032592773438
2024-12-20,252.65647888183594
2024-12-23,253.4308624267578
2024-12-24,256.3397521972656
2024-12-26,257.1538391113281
2024-12-27,253.74851989746094
2024-12-30,250.38296508789062
2024-12-31,248.61578369140625
2025-01-02,242.09312438964844
2025-01-03,241.60667419433594
2025-01-06,243.23486328125
2025-01-07,240.46493530273438
2025-01-08,240.95140075683594
2025-01-10,235.1435546875
2025-01-13,232.7112274169922
2025-01-14,231.5992889404297
2025-01-15,236.1562042236328
2025-01-16,226.61544799804688
2025-01-17,228.3230438232422
2025-01-21,221.0359344482422
2025-01-22,222.21737670898438
2025-01-23,222.048583984375
2025-01-24,221.1749267578125
2025-01-27,228.20391845703125
2025-01-28,236.5434112548828
2025-01-29,237.63548278808594
2025-01-30,235.8782196044922
2025-01-31,234.29966735839844
2025-02-03,226.3672332763672
2025-02-04,231.1227264404297
2025-02-05,230.7951202392578
2025-02-06,231.5397186279297
2025-02-07,225.989990234375
2025-02-10,226.25833129882812
2025-02-11,231.1979522705078
2025-02-12,235.4219512939453
2025-02-13,240.05348205566406
2025-02-14,243.10472106933594
2025-02-18,242.9755096435547
2025-02-19,243.37307739257812
2025-02-20,244.3271942138672
2025-02-21,244.04891967773438
2025-02-24,245.58944702148438
2025-02-25,245.52978515625
2025-02-26,238.89064025878906
2025-02-27,235.84934997558594
2025-02-28,240.36158752441406
2025-03-03,236.5749053955078
2025-03-04,234.4877166748047
2025-03-05,234.2988739013672
2025-03-06,233.89138793945312
2025-03-07,237.60853576660156
2025-03-10,226.0894012451172
2025-03-11,219.48995971679688
2025-03-12,215.65354919433594
2025-03-13,208.39817810058594
2025-03-14,212.18492126464844
2025-03-17,212.6917724609375
2025-03-18,211.38980102539062
2025-03-19,213.92420959472656
2025-03-20,212.79116821289062
2025-03-21,216.93569946289062
2025-03-24,219.38064575195312
2025-03-25,222.3821563720703
2025-03-26,220.17575073242188
2025-03-27,222.48158264160156
2025-03-28,216.56793212890625
2025-03-31,220.7720947265625
2025-04-01,221.8256072998047
2025-04-02,222.52130126953125
2025-04-03,201.94786071777344
2025-04-04,187.22840881347656
2025-04-07,180.35069274902344
2025-04-08,171.365966796875
2025-04-09,197.63438415527344
2025-04-10,189.25592041015625
2025-04-11,196.9386749267578
2025-04-14,201.28196716308594
2025-04-15,200.90428161621094
2025-04-16,193.08242797851562
2025-04-17,195.7758331298828
2025-04-21,191.97918701171875
2025-04-22,198.5189666748047
2025-04-23,203.3492431640625
2025-04-24,207.09617614746094
2025-04-25,208.00064086914062
2025-04-28,208.85537719726562
2025-04-29,209.91883850097656
2025-04-30,211.2009735107422
2025-05-01,212.01596069335938
2025-05-02,204.09466552734375
2025-05-05,197.67416381835938
2025-05-06,197.2964630126953
2025-05-07,195.05029296875
2025-05-08,196.28271484375
2025-05-09,197.31634521484375
2025-05-12,209.776123046875
2025-05-13,211.90582275390625
2025-05-14,211.3087158203125
2025-05-15,210.43295288085938
2025-05-16,210.24388122558594
2025-05-19,207.7758026123047
2025-05-20,205.8650360107422
2025-05-21,201.11798095703125
2025-05-22,200.39149475097656
2025-05-23,194.33078002929688
2025-05-27,199.24703979492188
2025-05-28,199.45602416992188
2025-05-29,198.98825073242188
2025-05-30,199.8839569091797
2025-06-02,200.7298583984375
2025-06-03,202.2923126220703
2025-06-04,201.84445190429688
2025-06-05,199.66500854492188
2025-06-06,202.93917846679688
2025-06-09,200.48106384277344
2025-06-10,201.6951904296875
2025-06-11,197.8238983154297
2025-06-12,198.24188232421875
2025-06-13,195.50509643554688
2025-06-16,197.46563720703125
2025-06-17,194.69900512695312
2025-06-18,195.63449096679688
2025-06-20,200.03321838378906
2025-06-23,200.53082275390625
2025-06-24,199.3365936279297
2025-06-25,200.59051513671875
2025-06-26,200.03321838378906
2025-06-27,200.11282348632812
2025-06-30,204.18316650390625
2025-07-01,206.8204345703125
2025-07-02,211.41819763183594
2025-07-03,212.52285766601562
2025-07-07,208.94017028808594
2025-07-08,208.9998779296875
2025-07-09,210.12445068359375
2025-07-10,211.38833618164062
2025-07-11,210.14434814453125
2025-07-14,207.61656188964844
2025-07-15,208.1042022705078
2025-07-16,209.149169921875
2025-07-17,209.00985717773438
2025-07-18,210.16424560546875
2025-07-21,211.4580078125
2025-07-22,213.3687744140625
2025-07-23,213.11996459960938
2025-07-24,212.73184204101562
2025-07-25,212.8512725830078
2025-07-28,213.0204620361328
2025-07-29,210.25384521484375
2025-07-30,208.04449462890625
2025-07-31,206.57162475585938
2025-08-01,201.40658569335938
2025-08-04,202.37191772460938
2025-08-05,201.94398498535156
2025-08-06,212.22430419921875
2025-08-07,218.9716796875
2025-08-08,228.2468719482422
2025-08-11,226.34390258789062
2025-08-12,228.80479431152344
2025-08-13,232.47125244140625
2025-08-14,231.9232635498047
2025-08-15,230.73764038085938
2025-08-18,230.04022216796875
2025-08-19,229.71144104003906
2025-08-20,225.17819213867188
2025-08-21,224.072265625
2025-08-22,226.9217529296875
2025-08-25,226.323974609375
2025-08-26,228.46604919433594
2025-08-27,229.6417236328125
2025-08-28,231.70408630371094
2025-08-29,231.28562927246094
2025-09-02,228.8745574951172
2025-09-03,237.59234619140625
2025-09-04,238.89752197265625
2025-09-05,238.80784606933594
2025-09-08,237.00450134277344
2025-09-09,233.48751831054688
2025-09-10,225.955322265625
2025-09-11,229.18341064453125
2025-09-12,233.2085418701172
2025-09-15,235.82884216308594
2025-09-16,237.2735137939453
2025-09-17,238.1104278564453
2025-09-18,237.00450134277344
2025-09-19,244.59646606445312
2025-09-22,255.1374969482422
2025-09-23,253.4936065673828
2025-09-24,251.3813934326172
2025-09-25,255.92459106445312
2025-09-26,254.51980590820312
2025-09-29,253.4936065673828
2025-09-30,253.69287109375
2025-10-01,254.5098419189453
2025-10-02,256.1836853027344
2025-10-03,257.07037353515625
2025-10-06,255.7452850341797
2025-10-07,255.53607177734375
2025-10-08,257.1102600097656
2025-10-09,253.1050262451172
2025-10-10,244.3673095703125
2025-10-13,246.74851989746094
2025-10-14,246.85812377929688
2025-10-15,248.4223175048828
2025-10-16,246.53927612304688
2025-10-17,251.36148071289062
2025-10-20,261.27484130859375
2025-10-21,261.8028869628906
2025-10-22,257.4988098144531
2025-10-23,258.6246032714844
2025-10-24,261.85272216796875
2025-10-27,267.8206787109375
2025-10-28,268.00994873046875
2025-10-29,268.7074279785156
2025-10-30,270.4011535644531
2025-10-31,269.37493896484375
2025-11-03,268.0597839355469
2025-11-04,269.0461730957031
2025-11-05,269.14581298828125
2025-11-06,268.7771301269531
2025-11-07,267.48193359375
2025-11-10,268.6985778808594
2025-11-11,274.5028076171875
2025-11-12,272.7276611328125
2025-11-13,272.2090759277344
2025-11-14,271.6705322265625
2025-11-17,266.7339782714844
2025-11-18,266.7139892578125
2025-11-19,267.83099365234375
2025-11-20,265.5272521972656
2025-11-21,270.75299072265625
2025-11-24,275.1710205078125
2025-11-25,276.2181396484375
2025-11-26,276.79656982421875
2025-11-28,278.0930480957031
2025-12-01,282.33148193359375
2025-12-02,285.4131164550781
2025-12-03,283.378662109375
2025-12-04,279.93804931640625
2025-12-05,278.0232238769531
2025-12-08,277.1356506347656
2025-12-09,276.42755126953125
2025-12-10,278.0232238769531
2025-12-11,277.2752380371094
2025-12-12,277.52459716796875
2025-12-15,273.3658752441406
2025-12-16,273.8645324707031
2025-12-17,271.1020812988281
2025-12-18,271.45111083984375
2025-12-19,272.9271545410156
2025-12-22,270.23443603515625
2025-12-23,271.62066650390625
2025-12-24,273.06671142578125
2025-12-26,272.6578369140625
2025-12-29,273.0168762207031
2025-12-30,272.33868408203125
2025-12-31,271.12200927734375
2026-01-02,270.27435302734375
2026-01-05,266.5345458984375
2026-01-06,261.64776611328125
2026-01-07,259.6233215332031
2026-01-08,258.33685302734375
2026-01-09,258.6659240722656
2026-01-12,259.54351806640625
2026-01-13,260.34136962890625
2026-01-14,259.25433349609375
2026-01-15,257.5090637207031
2026-01-16,254.83636474609375
2026-01-20,246.0303192138672
2026-01-21,246.97775268554688
2026-01-22,247.67584228515625
2026-01-23,247.36668395996094
2026-01-26,254.7166748046875
2026-01-27,257.56890869140625
2026-01-28,255.74388122558594
2026-01-29,257.578857421875
2026-01-30,258.775634765625
2026-02-02,269.2770690917969
2026-02-03,268.7485046386719
2026-02-04,275.73944091796875
2026-02-05,275.1610107421875
2026-02-06,277.36505126953125
2026-02-09,274.13079833984375
2026-02-10,273.19244384765625
2026-02-11,275.00921630859375
2026-02-12,261.2637634277344
2026-02-13,255.32435607910156
2026-02-17,263.4099426269531
2026-02-18,263.8791198730469
2026-02-19,260.11578369140625
2026-02-20,264.1086730957031
2026-02-23,265.705810546875
2026-02-24,271.6552429199219
2026-02-25,273.74151611328125
2026-02-26,272.4637756347656
2026-02-27,263.70941162109375
2026-03-02,264.2484130859375
2026-03-03,263.2801818847656
2026-03-04,262.0523376464844
2026-03-05,259.8263244628906
2026-03-06,257.0013427734375
2026-03-09,259.41705322265625
2026-03-10,260.3653564453125
2026-03-11,260.34539794921875
2026-03-12,255.3043975830078
2026-03-13,249.6744384765625
2026-03-16,252.36964416503906
2026-03-17,253.77711486816406
2026-03-18,249.49476623535156
2026-03-19,248.5165252685547
2026-03-20,247.54823303222656
2026-03-23,251.04200744628906
2026-03-24,251.1917266845703
2026-03-25,252.16998291015625
2026-03-26,252.43951416015625
2026-03-27,248.35679626464844
2026-03-30,246.19065856933594
2026-03-31,253.33790588378906
2026-04-01,255.1746368408203
2026-04-02,255.464111328125
2026-04-06,258.39886474609375
2026-04-07,253.0484161376953
2026-04-08,258.4388122558594
2026-04-09,260.0259704589844
2026-04-10,260.0159912109375
2026-04-13,258.73828125
2026-04-14,258.3689270019531
2026-04-15,265.95538330078125
2026-04-16,262.9307861328125
2026-04-17,269.7486267089844
2026-04-20,272.5635681152344
2026-04-21,265.69586181640625
2026-04-22,272.68341064453125
2026-04-23,272.9429016113281
2026-04-24,270.5771179199219
2026-04-27,267.1332702636719
2026-04-28,270.2277526855469
2026-04-29,269.688720703125
2026-04-30,270.86663818359375
2026-05-01,279.6409912109375
2026-05-04,276.3368225097656
2026-05-05,283.67376708984375
2026-05-06,286.99786376953125
2026-05-07,286.927978515625
2026-05-08,292.7974853515625
2026-05-11,292.42779541015625
2026-05-12,294.54595947265625
2026-05-13,298.6124572753906
2026-05-14,297.9530334472656
2026-05-15,299.9713134765625
2026-05-18,297.5833435058594
2026-05-19,298.7123718261719
2026-05-20,301.98956298828125
2026-05-21,304.7271728515625
2026-05-22,308.55389404296875
2026-05-26,308.0643005371094
2026-05-27,310.5821533203125
2026-05-28,312.24072265625
2026-05-29,311.7911071777344
2026-06-01,306.0460510253906
2026-06-02,314.92840576171875
2026-06-03,309.9926452636719
2026-06-04,310.9618225097656
2026-06-05,307.0751647949219
2026-06-08,301.2801818847656
2026-06-09,290.29962158203125
2026-06-10,291.3287353515625
2026-06-11,295.375244140625
2026-06-12,290.879150390625
2026-06-15,296.1645812988281
2026-06-16,298.9821472167969
2026-06-17,295.6949768066406
2026-06-18,297.7532043457031
2026-06-22,296.75408935546875
2026-06-23,294.04638671875
2026-06-24,292.8274230957031
2026-06-25,274.91290283203125
2026-06-26,283.53546142578125
2026-06-29,281.4972229003906
2026-06-30,289.11065673828125
2026-07-01,294.1263427734375
2026-07-02,308.3640441894531
2026-07-06,312.3905944824219
2026-07-07,310.3923034667969
2026-07-08,313.1199645996094
2026-07-09,315.947509765625
2026-07-10,315.0483093261719
2026-07-13,317.03656005859375
2026-07-14,314.58868408203125
2026-07-15,327.2178039550781
2026-07-16,332.97283935546875
2026-07-17,333.452392578125
2026-07-20,326.3085632324219
2026-07-21,327.45758056640625
2026-07-22,325.60919189453125
2026-07-23,321.3828430175781
2026-07-24,332.7330322265625
2026-07-27,336.61968994140625
2026-07-28,339.78692626953125
2026-07-29,337.8985900878906
2026-07-30,333.1426696777344
2026-07-31,308.6438293457031
2026-08-03,303.1585693359375
2026-08-04,309.1134033203125
2026-08-05,310.7320251464844
2026-08-06,312.14080810546875
2026-08-07,313.05999755859375
2026-08-10,308.260009765625
2026-08-11,304.9100036621094
2026-08-12,302.25
2026-08-13,305.260009765625
2026-08-14,305.92999267578125
2026-08-17,305.5899963378906
2026-08-18,310.0299987792969
2026-08-19,316.8299865722656
2026-08-20,311.29998779296875
2026-08-21,309.3500061035156
2026-08-24,310.3399963378906
2026-08-25,309.8999938964844
2026-08-26,313.45001220703125
2026-08-27,314.5799865722656
2026-08-28,319.70001220703125
2026-08-31,316.8500061035156
2026-09-01,325.1300048828125
2026-09-02,324.9599914550781
2026-09-03,328.2099914550781
2026-09-04,319.9700012207031
2026-09-08,316.2200012207031
2026-09-09,315.3399963378906
2026-09-10,326.57000732421875
2026-09-11,332.2699890136719
