date,value
2010-01-04,15.46377182006836
2010-01-05,15.395673751831055
2010-01-06,15.007569313049316
2010-01-07,14.658198356628418
2010-01-08,14.853609085083008
2010-01-11,14.831157684326172
2010-01-12,14.568883895874023
2010-01-13,14.485241889953613
2010-01-14,14.553339004516602
2010-01-15,14.310309410095215
2010-01-19,14.498320579528809
2010-01-20,14.320425987243652
2010-01-21,14.383835792541504
2010-01-22,13.570369720458984
2010-01-25,13.323393821716309
2010-01-26,13.383101463317871
2010-01-27,13.37520694732666
2010-01-28,13.182511329650879
2010-01-29,13.07518482208252
2010-02-01,13.151174545288086
2010-02-02,13.104297637939453
2010-02-03,13.34362506866455
2010-02-04,12.997217178344727
2010-02-05,13.108491897583008
2010-02-08,13.16227912902832
2010-02-09,13.235557556152344
2010-02-10,13.186456680297852
2010-02-11,13.234569549560547
2010-02-12,13.153643608093262
2010-02-16,13.355469703674316
2010-02-17,13.279229164123535
2010-02-18,13.402839660644531
2010-02-19,13.342145919799805
2010-02-22,13.392476081848145
2010-02-23,13.201757431030273
2010-02-24,13.112933158874512
2010-02-25,12.988580703735352
2010-02-26,12.997712135314941
2010-03-01,13.143033981323242
2010-03-02,13.349546432495117
2010-03-03,13.4546537399292
2010-03-04,13.683371543884277
2010-03-05,13.920726776123047
2010-03-08,13.878042221069336
2010-03-09,13.821537971496582
2010-03-10,14.222723007202148
2010-03-11,14.3384370803833
2010-03-12,14.298961639404297
2010-03-15,13.895312309265137
2010-03-16,13.945152282714844
2010-03-17,13.954032897949219
2010-03-18,13.974761009216309
2010-03-19,13.816851615905762
2010-03-22,13.755170822143555
2010-03-23,13.545448303222656
2010-03-24,13.750975608825684
2010-03-25,13.887910842895508
2010-03-26,13.883223533630371
2010-03-29,13.877301216125488
2010-03-30,13.982407569885254
2010-03-31,13.992523193359375
2010-04-01,14.033973693847656
2010-04-05,14.088501930236816
2010-04-06,14.01966381072998
2010-04-07,13.904194831848145
2010-04-08,14.001652717590332
2010-04-09,13.970317840576172
2010-04-12,14.130940437316895
2010-04-13,14.47734546661377
2010-04-14,14.532367706298828
2010-04-15,14.687807083129883
2010-04-16,13.573822975158691
2010-04-19,13.572589874267578
2010-04-20,13.694476127624512
2010-04-21,13.676216125488281
2010-04-22,13.497583389282227
2010-04-23,13.446511268615723
2010-04-26,13.117128372192383
2010-04-27,13.053470611572266
2010-04-28,13.056679725646973
2010-04-29,13.126008987426758
2010-04-30,12.970568656921387
2010-05-03,13.091466903686523
2010-05-04,12.49364185333252
2010-05-05,12.57728385925293
2010-05-06,12.303659439086914
2010-05-07,12.167219161987305
2010-05-10,12.870644569396973
2010-05-11,12.559765815734863
2010-05-12,12.469464302062988
2010-05-13,12.604918479919434
2010-05-14,12.522261619567871
2010-05-17,12.53311824798584
2010-05-18,12.296257019042969
2010-05-19,12.19904899597168
2010-05-20,11.71989917755127
2010-05-21,11.646866798400879
2010-05-24,11.772945404052734
2010-05-25,11.77072525024414
2010-05-26,11.73124885559082
2010-05-27,12.101097106933594
2010-05-28,11.98192310333252
2010-06-01,11.901493072509766
2010-06-02,12.172893524169922
2010-06-03,12.47464370727539
2010-06-04,12.304893493652344
2010-06-07,11.979211807250977
2010-06-08,11.960953712463379
2010-06-09,11.69547176361084
2010-06-10,12.015973091125488
2010-06-11,12.052736282348633
2010-06-14,11.921723365783691
2010-06-15,12.286884307861328
2010-06-16,12.36780834197998
2010-06-17,12.338446617126465
2010-06-18,12.3372163772583
2010-06-21,12.054216384887695
2010-06-22,11.997222900390625
2010-06-23,11.893596649169922
2010-06-24,11.72211742401123
2010-06-25,11.662408828735352
2010-06-28,11.647605895996094
2010-06-29,11.20793342590332
2010-06-30,10.978227615356445
2010-07-01,10.84351634979248
2010-07-02,10.770977020263672
2010-07-06,10.759133338928223
2010-07-07,11.107760429382324
2010-07-08,11.26468276977539
2010-07-09,11.534357070922852
2010-07-12,11.740129470825195
2010-07-13,12.07000732421875
2010-07-14,12.122807502746582
2010-07-15,12.188931465148926
2010-07-16,11.339934349060059
2010-07-19,11.502034187316895
2010-07-20,11.882246971130371
2010-07-21,11.781333923339844
2010-07-22,11.96169376373291
2010-07-23,12.091226577758789
2010-07-26,12.06433391571045
2010-07-27,12.15463638305664
2010-07-28,11.950342178344727
2010-07-29,11.966132164001465
2010-07-30,11.962677955627441
2010-08-02,12.099861145019531
2010-08-03,12.085549354553223
2010-08-04,12.492408752441406
2010-08-05,12.536325454711914
2010-08-06,12.341903686523438
2010-08-09,12.468475341796875
2010-08-10,12.42801284790039
2010-08-11,12.13267707824707
2010-08-12,12.139339447021484
2010-08-13,11.999689102172852
2010-08-16,11.980937957763672
2010-08-17,12.102577209472656
2010-08-18,11.896061897277832
2010-08-19,11.5462007522583
2010-08-20,11.399397850036621
2010-08-23,11.449975967407227
2010-08-24,11.137124061584473
2010-08-25,11.216815948486328
2010-08-26,11.127006530761719
2010-08-27,11.320690155029297
2010-08-30,11.169198036193848
2010-08-31,11.10332202911377
2010-09-01,11.357698440551758
2010-09-02,11.428016662597656
2010-09-03,11.603689193725586
2010-09-07,11.458117485046387
2010-09-08,11.610596656799316
2010-09-09,11.748767852783203
2010-09-10,11.74777889251709
2010-09-13,11.89902400970459
2010-09-14,11.853625297546387
2010-09-15,11.858807563781738
2010-09-16,11.869168281555176
2010-09-17,12.09344482421875
2010-09-20,12.54076862335205
2010-09-21,12.668571472167969
2010-09-22,12.731242179870605
2010-09-23,12.6690673828125
2010-09-24,13.009798049926758
2010-09-27,13.086780548095703
2010-09-28,13.00683879852295
2010-09-29,13.019670486450195
2010-09-30,12.97279167175293
2010-10-01,12.968596458435059
2010-10-04,12.88791561126709
2010-10-05,13.279722213745117
2010-10-06,13.183989524841309
2010-10-07,13.076910018920898
2010-10-08,13.233336448669434
2010-10-11,13.29477310180664
2010-10-12,13.357688903808594
2010-10-13,13.404814720153809
2010-10-14,13.34633731842041
2010-10-15,14.839544296264648
2010-10-18,15.240728378295898
2010-10-19,14.99695873260498
2010-10-20,15.000658988952637
2010-10-21,15.099599838256836
2010-10-22,15.112923622131348
2010-10-25,15.2108736038208
2010-10-26,15.262687683105469
2010-10-27,15.210134506225586
2010-10-28,15.262192726135254
2010-10-29,15.141788482666016
2010-11-01,15.17386531829834
2010-11-02,15.188668251037598
2010-11-03,15.301669120788574
2010-11-04,15.402584075927734
2010-11-05,15.422566413879395
2010-11-08,15.464263916015625
2010-11-09,15.416152000427246
2010-11-10,15.3682861328125
2010-11-11,15.227898597717285
2010-11-12,14.884943962097168
2010-11-15,14.692001342773438
2010-11-16,14.402092933654785
2010-11-17,14.397899627685547
2010-11-18,14.718894004821777
2010-11-19,14.577520370483398
2010-11-22,14.587141990661621
2010-11-23,14.384575843811035
2010-11-24,14.679665565490723
2010-11-26,14.557040214538574
2010-11-29,14.362372398376465
2010-11-30,13.711004257202148
2010-12-01,13.924179077148438
2010-12-02,14.108488082885742
2010-12-03,14.137601852416992
2010-12-06,14.26984691619873
2010-12-07,14.486475944519043
2010-12-08,14.570364952087402
2010-12-09,14.594050407409668
2010-12-10,14.611567497253418
2010-12-13,14.671030044555664
2010-12-14,14.678184509277344
2010-12-15,14.564441680908203
2010-12-16,14.59922981262207
2010-12-17,14.57677936553955
2010-12-20,14.681884765625
2010-12-21,14.879515647888184
2010-12-22,14.939224243164062
2010-12-23,14.908135414123535
2010-12-27,14.862493515014648
2010-12-28,14.77712345123291
2010-12-29,14.828442573547363
2010-12-30,14.775644302368164
2010-12-31,14.654991149902344
2011-01-03,14.91109848022461
2011-01-04,14.856077194213867
2011-01-05,15.02755355834961
2011-01-06,15.13685417175293
2011-01-07,15.209390640258789
2011-01-10,15.154372215270996
2011-01-11,15.198783874511719
2011-01-12,15.220003128051758
2011-01-13,15.215561866760254
2011-01-14,15.400362968444824
2011-01-18,15.7815580368042
2011-01-19,15.587135314941406
2011-01-20,15.464263916015625
2011-01-21,15.095651626586914
2011-01-24,15.077147483825684
2011-01-25,15.295008659362793
2011-01-26,15.2108736038208
2011-01-27,15.218029975891113
2011-01-28,14.82819652557373
2011-01-31,14.812653541564941
2011-02-01,15.076159477233887
2011-02-02,15.099844932556152
2011-02-03,15.054200172424316
2011-02-04,15.074678421020508
2011-02-07,15.156346321105957
2011-02-08,15.257259368896484
2011-02-09,15.2108736038208
2011-02-10,15.209390640258789
2011-02-11,15.408257484436035
2011-02-14,15.498312950134277
2011-02-15,15.399622917175293
2011-02-16,15.401350021362305
2011-02-17,15.427007675170898
2011-02-18,15.545931816101074
2011-02-22,15.055681228637695
2011-02-23,15.083066940307617
2011-02-24,15.02138614654541
2011-02-25,15.051487922668457
2011-02-28,15.134387969970703
2011-03-01,14.822521209716797
2011-03-02,14.823263168334961
2011-03-03,15.039643287658691
2011-03-04,14.819067001342773
2011-03-07,14.59799861907959
2011-03-08,14.614035606384277
2011-03-09,14.600711822509766
2011-03-10,14.31771469116211
2011-03-11,14.229137420654297
2011-03-14,14.063335418701172
2011-03-15,14.052725791931152
2011-03-16,13.745301246643066
2011-03-17,13.850407600402832
2011-03-18,13.843006134033203
2011-03-21,14.223956108093262
2011-03-22,14.244187355041504
2011-03-23,14.363603591918945
2011-03-24,14.48030948638916
2011-03-25,14.303895950317383
2011-03-28,14.195828437805176
2011-03-29,14.352994918823242
2011-03-30,14.35571002960205
2011-03-31,14.477099418640137
2011-04-01,14.601451873779297
2011-04-04,14.499799728393555
2011-04-05,14.041129112243652
2011-04-06,14.166714668273926
2011-04-07,14.310309410095215
2011-04-08,14.264911651611328
2011-04-11,14.245421409606934
2011-04-12,14.078632354736328
2011-04-13,14.218527793884277
2011-04-14,14.273548126220703
2011-04-15,13.093935012817383
2011-04-18,12.998696327209473
2011-04-19,12.867684364318848
2011-04-20,12.97131061553955
2011-04-21,12.955766677856445
2011-04-25,12.9545316696167
2011-04-26,13.146241188049316
2011-04-27,13.268125534057617
2011-04-28,13.273307800292969
2011-04-29,13.424551963806152
2011-05-02,13.287862777709961
2011-05-03,13.172640800476074
2011-05-04,13.219520568847656
2011-05-05,13.18201732635498
2011-05-06,13.207429885864258
2011-05-09,13.266151428222656
2011-05-10,13.389021873474121
2011-05-11,13.21113109588623
2011-05-12,13.201261520385742
2011-05-13,13.065560340881348
2011-05-16,12.790950775146484
2011-05-17,13.088014602661133
2011-05-18,13.071976661682129
2011-05-19,13.107504844665527
2011-05-20,12.929367065429688
2011-05-23,12.79021167755127
2011-05-24,12.787002563476562
2011-05-25,12.821791648864746
2011-05-26,12.783793449401855
2011-05-27,12.852139472961426
2011-05-31,13.052483558654785
2011-06-01,12.96810245513916
2011-06-02,13.02879524230957
2011-06-03,12.905926704406738
2011-06-06,12.856087684631348
2011-06-07,12.806001663208008
2011-06-08,12.809454917907715
2011-06-09,12.74925422668457
2011-06-10,12.571112632751465
2011-06-13,12.453177452087402
2011-06-14,12.542988777160645
2011-06-15,12.409260749816895
2011-06-16,12.345603942871094
2011-06-17,11.966873168945312
2011-06-20,11.956015586853027
2011-06-21,12.163764953613281
2011-06-22,12.015973091125488
2011-06-23,11.848443031311035
2011-06-24,11.716691017150879
2011-06-27,11.912099838256836
2011-06-28,12.179801940917969
2011-06-29,12.276521682739258
2011-06-30,12.493887901306152
2011-07-01,12.855345726013184
2011-07-05,13.13686466217041
2011-07-06,13.20890998840332
2011-07-07,13.486233711242676
2011-07-08,13.125762939453125
2011-07-11,13.00955581665039
2011-07-12,13.1756010055542
2011-07-13,13.280462265014648
2011-07-14,13.05051040649414
2011-07-15,14.745047569274902
2011-07-18,14.678925514221191
2011-07-19,14.866686820983887
2011-07-20,14.689040184020996
2011-07-21,14.976234436035156
2011-07-22,15.253557205200195
2011-07-25,15.272061347961426
2011-07-26,15.359405517578125
2011-07-27,14.981908798217773
2011-07-28,15.073691368103027
2011-07-29,14.894811630249023
2011-08-01,14.970806121826172
2011-08-02,14.616257667541504
2011-08-03,14.83263874053955
2011-08-04,14.249120712280273
2011-08-05,14.286624908447266
2011-08-08,13.471924781799316
2011-08-09,14.147717475891113
2011-08-10,13.545697212219238
2011-08-11,13.869406700134277
2011-08-12,13.909872055053711
2011-08-15,13.748509407043457
2011-08-16,13.29871940612793
2011-08-17,13.154383659362793
2011-08-18,12.456877708435059
2011-08-19,12.112443923950195
2011-08-22,12.2913236618042
2011-08-23,12.800821304321289
2011-08-24,12.91110897064209
2011-08-25,12.830920219421387
2011-08-26,12.999190330505371
2011-08-29,13.30069351196289
2011-08-30,13.340664863586426
2011-08-31,13.347079277038574
2011-09-01,13.138345718383789
2011-09-02,12.949352264404297
2011-09-06,12.883720397949219
2011-09-07,13.176095962524414
2011-09-08,13.199041366577148
2011-09-09,12.94959831237793
2011-09-12,13.07962703704834
2011-09-13,13.06482219696045
2011-09-14,13.127737045288086
2011-09-15,13.386555671691895
2011-09-16,13.48820972442627
2011-09-19,13.48796272277832
2011-09-20,13.486974716186523
2011-09-21,13.303653717041016
2011-09-22,12.846217155456543
2011-09-23,12.965882301330566
2011-09-26,13.123296737670898
2011-09-27,13.307108879089355
2011-09-28,13.048042297363281
2011-09-29,13.014982223510742
2011-09-30,12.707555770874023
2011-10-03,12.22593879699707
2011-10-04,12.383355140686035
2011-10-05,12.452436447143555
2011-10-06,12.69941520690918
2011-10-07,12.709528923034668
2011-10-10,13.253568649291992
2011-10-11,13.401853561401367
2011-10-12,13.533114433288574
2011-10-13,13.7919340133667
2011-10-14,14.598489761352539
2011-10-17,14.369773864746094
2011-10-18,14.569623947143555
2011-10-19,14.327581405639648
2011-10-20,14.400860786437988
2011-10-21,14.56912899017334
2011-10-24,14.71544075012207
2011-10-25,14.388278007507324
2011-10-26,14.465998649597168
2011-10-27,14.770955085754395
2011-10-28,14.807223320007324
2011-10-31,14.622177124023438
2011-11-01,14.27700138092041
2011-11-02,14.429234504699707
2011-11-03,14.742088317871094
2011-11-04,14.70853328704834
2011-11-07,15.009296417236328
2011-11-08,15.108234405517578
2011-11-09,14.827210426330566
2011-11-10,14.682379722595215
2011-11-11,15.009788513183594
2011-11-14,15.124518394470215
2011-11-15,15.21235179901123
2011-11-16,15.08676815032959
2011-11-17,14.825235366821289
2011-11-18,14.677445411682129
2011-11-21,14.333505630493164
2011-11-22,14.310309410095215
2011-11-23,14.066295623779297
2011-11-25,13.890871047973633
2011-11-28,14.512381553649902
2011-11-29,14.382603645324707
2011-11-30,14.788718223571777
2011-12-01,15.143516540527344
2011-12-02,15.306113243103027
2011-12-05,15.436631202697754
2011-12-06,15.39024829864502
2011-12-07,15.380870819091797
2011-12-08,15.1997709274292
2011-12-09,15.480302810668945
2011-12-12,15.430215835571289
2011-12-13,15.436139106750488
2011-12-14,15.249608993530273
2011-12-15,15.285880088806152
2011-12-16,15.444280624389648
2011-12-19,15.34238052368164
2011-12-20,15.553088188171387
2011-12-21,15.440826416015625
2011-12-22,15.5365571975708
2011-12-23,15.621431350708008
2011-12-27,15.796856880187988
2011-12-28,15.783286094665527
2011-12-29,15.84990406036377
2011-12-30,15.936258316040039
2012-01-03,16.417627334594727
2012-01-04,16.488439559936523
2012-01-05,16.259721755981445
2012-01-06,16.037912368774414
2012-01-09,15.357924461364746
2012-01-10,15.374701499938965
2012-01-11,15.444280624389648
2012-01-12,15.535075187683105
2012-01-13,15.420347213745117
2012-01-17,15.50892448425293
2012-01-18,15.615758895874023
2012-01-19,15.78007698059082
2012-01-20,14.45810317993164
2012-01-23,14.446503639221191
2012-01-24,14.333257675170898
2012-01-25,14.05099868774414
2012-01-26,14.016702651977539
2012-01-27,14.309819221496582
2012-01-30,14.253314971923828
2012-01-31,14.313024520874023
2012-02-01,14.330789566040039
2012-02-02,14.436388969421387
2012-02-03,14.71321964263916
2012-02-06,15.028048515319824
2012-02-07,14.970806121826172
2012-02-08,15.046796798706055
2012-02-09,15.086522102355957
2012-02-10,14.949586868286133
2012-02-13,15.104780197143555
2012-02-14,15.044576644897461
2012-02-15,14.940951347351074
2012-02-16,14.964638710021973
2012-02-17,14.918251991271973
2012-02-21,15.149191856384277
2012-02-22,14.999673843383789
2012-02-23,14.954523086547852
2012-02-24,15.048032760620117
2012-02-27,15.03347396850586
2012-02-28,15.257505416870117
2012-02-29,15.25405216217041
2012-03-01,15.356443405151367
2012-03-02,15.328069686889648
2012-03-05,15.155359268188477
2012-03-06,14.926149368286133
2012-03-07,14.971545219421387
2012-03-08,14.979935646057129
2012-03-09,14.80993938446045
2012-03-12,14.930834770202637
2012-03-13,15.242454528808594
2012-03-14,15.198291778564453
2012-03-15,15.32511043548584
2012-03-16,15.421581268310547
2012-03-19,15.642157554626465
2012-03-20,15.6300687789917
2012-03-21,15.79019546508789
2012-03-22,15.939960479736328
2012-03-23,15.85459041595459
2012-03-26,16.02088737487793
2012-03-27,15.963890075683594
2012-03-28,16.17953109741211
2012-03-29,15.998188972473145
2012-03-30,15.821282386779785
2012-04-02,15.96142578125
2012-04-03,15.855331420898438
2012-04-04,15.671024322509766
2012-04-05,15.601200103759766
2012-04-09,15.564682960510254
2012-04-10,15.466485023498535
2012-04-11,15.691010475158691
2012-04-12,16.06233787536621
2012-04-13,15.410725593566895
2012-04-16,14.953535079956055
2012-04-17,15.03989028930664
2012-04-18,14.987585067749023
2012-04-19,14.786499977111816
2012-04-20,14.706558227539062
2012-04-23,14.744553565979004
2012-04-24,14.835104942321777
2012-04-25,15.043590545654297
2012-04-26,15.185460090637207
2012-04-27,15.173371315002441
2012-04-30,14.923433303833008
2012-05-01,14.913070678710938
2012-05-02,14.982895851135254
2012-05-03,15.075667381286621
2012-05-04,14.729010581970215
2012-05-07,14.99005126953125
2012-05-08,15.11933708190918
2012-05-09,15.029526710510254
2012-05-10,15.140804290771484
2012-05-11,14.932809829711914
2012-05-14,14.902462005615234
2012-05-15,15.077886581420898
2012-05-16,15.517556190490723
2012-05-17,15.372480392456055
2012-05-18,14.813639640808105
2012-05-21,15.151905059814453
2012-05-22,14.823508262634277
2012-05-23,15.037175178527832
2012-05-24,14.894073486328125
2012-05-25,14.594791412353516
2012-05-29,14.664119720458984
2012-05-30,14.5133695602417
2012-05-31,14.331530570983887
2012-06-01,14.087760925292969
2012-06-04,14.275521278381348
2012-06-05,14.07369613647461
2012-06-06,14.324374198913574
2012-06-07,14.266639709472656
2012-06-08,14.321413040161133
2012-06-11,14.026571273803711
2012-06-12,13.942683219909668
2012-06-13,13.843746185302734
2012-06-14,13.793412208557129
2012-06-15,13.928126335144043
2012-06-18,14.084552764892578
2012-06-19,14.348062515258789
2012-06-20,14.248875617980957
2012-06-21,13.94539737701416
2012-06-22,14.100098609924316
2012-06-25,13.834122657775879
2012-06-26,13.932321548461914
2012-06-27,14.046309471130371
2012-06-28,13.923192977905273
2012-06-29,14.312037467956543
2012-07-02,14.321908950805664
2012-07-03,14.503500938415527
2012-07-05,14.703104019165039
2012-07-06,14.457856178283691
2012-07-09,14.458595275878906
2012-07-10,14.352256774902344
2012-07-11,14.092942237854004
2012-07-12,14.075425148010254
2012-07-13,14.22445011138916
2012-07-16,14.184972763061523
2012-07-17,14.229631423950195
2012-07-18,14.329062461853027
2012-07-19,14.632538795471191
2012-07-20,15.070731163024902
2012-07-23,15.186447143554688
2012-07-24,14.990545272827148
2012-07-25,15.000905990600586
2012-07-26,15.133400917053223
2012-07-27,15.666336059570312
2012-07-30,15.600706100463867
2012-07-31,15.617236137390137
2012-08-01,15.610082626342773
2012-08-02,15.513117790222168
2012-08-03,15.823503494262695
2012-08-06,15.860265731811523
2012-08-07,15.804012298583984
2012-08-08,15.845709800720215
2012-08-09,15.84867000579834
2012-08-10,15.840033531188965
2012-08-13,16.284393310546875
2012-08-14,16.497814178466797
2012-08-15,16.470178604125977
2012-08-16,16.601686477661133
2012-08-17,16.707042694091797
2012-08-20,16.66756248474121
2012-08-21,16.518787384033203
2012-08-22,16.708026885986328
2012-08-23,16.69865608215332
2012-08-24,16.743804931640625
2012-08-27,16.51163101196289
2012-08-28,16.70975685119629
2012-08-29,16.975236892700195
2012-08-30,16.819055557250977
2012-08-31,16.903196334838867
2012-09-04,16.803268432617188
2012-09-05,16.795372009277344
2012-09-06,17.256261825561523
2012-09-07,17.422805786132812
2012-09-10,17.290063858032227
2012-09-11,17.078367233276367
2012-09-12,17.046043395996094
2012-09-13,17.420089721679688
2012-09-14,17.50990104675293
2012-09-17,17.517301559448242
2012-09-18,17.72208595275879
2012-09-19,17.94957160949707
2012-09-20,17.964868545532227
2012-09-21,18.109697341918945
2012-09-24,18.489416122436523
2012-09-25,18.483989715576172
2012-09-26,18.5900821685791
2012-09-27,18.665084838867188
2012-09-28,18.615737915039062
2012-10-01,18.795360565185547
2012-10-02,18.67717742919922
2012-10-03,18.813121795654297
2012-10-04,18.950057983398438
2012-10-05,18.940189361572266
2012-10-08,18.69814682006836
2012-10-09,18.358896255493164
2012-10-10,18.37049102783203
2012-10-11,18.541227340698242
2012-10-12,18.37517738342285
2012-10-15,18.28215980529785
2012-10-16,18.373943328857422
2012-10-17,18.640165328979492
2012-10-18,17.147701263427734
2012-10-19,16.82176971435547
2012-10-22,16.744792938232422
2012-10-23,16.78624153137207
2012-10-24,16.710987091064453
2012-10-25,16.722341537475586
2012-10-26,16.657941818237305
2012-10-31,16.785009384155273
2012-11-01,16.964872360229492
2012-11-02,16.9730167388916
2012-11-05,16.850635528564453
2012-11-06,16.820043563842773
2012-11-07,16.459821701049805
2012-11-08,16.093921661376953
2012-11-09,16.358905792236328
2012-11-12,16.429719924926758
2012-11-13,16.26070785522461
2012-11-14,16.1003360748291
2012-11-15,15.96981430053711
2012-11-16,15.967840194702148
2012-11-19,16.486711502075195
2012-11-20,16.530136108398438
2012-11-21,16.428977966308594
2012-11-23,16.48078727722168
2012-11-26,16.31252098083496
2012-11-27,16.54839515686035
2012-11-28,16.8681583404541
2012-11-29,17.07097053527832
2012-11-30,17.23084831237793
2012-12-03,17.153867721557617
2012-12-04,17.04974937438965
2012-12-05,16.970550537109375
2012-12-06,17.052215576171875
2012-12-07,16.881479263305664
2012-12-10,16.91133689880371
2012-12-11,17.19408416748047
2012-12-12,17.21086311340332
2012-12-13,17.337684631347656
2012-12-14,17.31942367553711
2012-12-17,17.783769607543945
2012-12-18,17.790925979614258
2012-12-19,17.76723861694336
2012-12-20,17.822751998901367
2012-12-21,17.65670394897461
2012-12-24,17.50545883178711
2012-12-26,17.489913940429688
2012-12-27,17.42625617980957
2012-12-28,17.271312713623047
2012-12-31,17.453149795532227
2013-01-02,17.844711303710938
2013-01-03,17.855072021484375
2013-01-04,18.20789909362793
2013-01-07,18.128450393676758
2013-01-08,18.092674255371094
2013-01-09,18.21160125732422
2013-01-10,18.294496536254883
2013-01-11,18.25773811340332
2013-01-14,17.844711303710938
2013-01-15,17.886157989501953
2013-01-16,17.645845413208008
2013-01-17,17.550365447998047
2013-01-18,17.382341384887695
2013-01-22,17.341876983642578
2013-01-23,18.29499053955078
2013-01-24,18.608585357666016
2013-01-25,18.595264434814453
2013-01-28,18.522724151611328
2013-01-29,18.59550666809082
2013-01-30,18.599212646484375
2013-01-31,18.64510154724121
2013-02-01,19.136343002319336
2013-02-04,18.727262496948242
2013-02-05,18.893064498901367
2013-02-06,19.002365112304688
2013-02-07,19.095630645751953
2013-02-08,19.377395629882812
2013-02-11,19.304611206054688
2013-02-12,19.26217269897461
2013-02-13,19.315467834472656
2013-02-14,19.43783950805664
2013-02-15,19.562936782836914
2013-02-19,19.907371520996094
2013-02-20,19.552324295043945
2013-02-21,19.628068923950195
2013-02-22,19.731204986572266
2013-02-25,19.51062774658203
2013-02-26,19.494834899902344
2013-02-27,19.73293113708496
2013-02-28,19.767967224121094
2013-03-01,19.89108657836914
2013-03-04,20.268827438354492
2013-03-05,20.69073486328125
2013-03-06,20.512598037719727
2013-03-07,20.542699813842773
2013-03-08,20.516056060791016
2013-03-11,20.597471237182617
2013-03-12,20.41958236694336
2013-03-13,20.362836837768555
2013-03-14,20.26981544494629
2013-03-15,20.0911865234375
2013-03-18,19.930559158325195
2013-03-19,20.017658233642578
2013-03-20,20.101301193237305
2013-03-21,20.016176223754883
2013-03-22,19.99273681640625
2013-03-25,19.976207733154297
2013-03-26,20.044795989990234
2013-03-27,19.80398941040039
2013-03-28,19.59501075744629
2013-04-01,19.76772117614746
2013-04-02,20.060094833374023
2013-04-03,19.891334533691406
2013-04-04,19.616724014282227
2013-04-05,19.32015609741211
2013-04-08,19.117835998535156
2013-04-09,19.186920166015625
2013-04-10,19.49607276916504
2013-04-11,19.501253128051758
2013-04-12,19.49286651611328
2013-04-15,19.29252052307129
2013-04-16,19.574779510498047
2013-04-17,19.308061599731445
2013-04-18,18.897262573242188
2013-04-19,19.735153198242188
2013-04-22,19.741071701049805
2013-04-23,19.93328094482422
2013-04-24,20.070207595825195
2013-04-25,19.96288299560547
2013-04-26,19.773395538330078
2013-04-29,20.20862579345703
2013-04-30,20.344572067260742
2013-05-01,20.242429733276367
2013-05-02,20.46892738342285
2013-05-03,20.86640739440918
2013-05-06,21.25697898864746
2013-05-07,21.150392532348633
2013-05-08,21.555030822753906
2013-05-09,21.501981735229492
2013-05-10,21.717870712280273
2013-05-13,21.651254653930664
2013-05-14,21.88737678527832
2013-05-15,22.597705841064453
2013-05-16,22.30113983154297
2013-05-17,22.432153701782227
2013-05-20,22.416114807128906
2013-05-21,22.377626419067383
2013-05-22,21.94461441040039
2013-05-23,21.78103256225586
2013-05-24,21.54738426208496
2013-05-28,21.743534088134766
2013-05-29,21.423768997192383
2013-05-30,21.484222412109375
2013-05-31,21.49556541442871
2013-06-03,21.4069881439209
2013-06-04,21.196531295776367
2013-06-05,21.211334228515625
2013-06-06,21.333223342895508
2013-06-07,21.705535888671875
2013-06-10,21.964353561401367
2013-06-11,21.707508087158203
2013-06-12,21.514318466186523
2013-06-13,21.6381778717041
2013-06-14,21.58981704711914
2013-06-17,21.86640167236328
2013-06-18,22.2209529876709
2013-06-19,22.222434997558594
2013-06-20,21.82914924621582
2013-06-21,21.73514175415039
2013-06-24,21.460283279418945
2013-06-25,21.371707916259766
2013-06-26,21.555522918701172
2013-06-27,21.639904022216797
2013-06-28,21.721324920654297
2013-07-01,21.906618118286133
2013-07-02,21.76919174194336
2013-07-03,21.870840072631836
2013-07-05,22.0450382232666
2013-07-08,22.331239700317383
2013-07-09,22.334938049316406
2013-07-10,22.35344696044922
2013-07-11,22.705036163330078
2013-07-12,22.77313232421875
2013-07-15,22.814830780029297
2013-07-16,22.689491271972656
2013-07-17,22.663339614868164
2013-07-18,22.469158172607422
2013-07-19,22.12176513671875
2013-07-22,22.469654083251953
2013-07-23,22.299413681030273
2013-07-24,22.277206420898438
2013-07-25,21.902179718017578
2013-07-26,21.84419822692871
2013-07-29,21.768203735351562
2013-07-30,21.98162078857422
2013-07-31,21.90340805053711
2013-08-01,22.309772491455078
2013-08-02,22.36775779724121
2013-08-05,22.329017639160156
2013-08-06,22.12102699279785
2013-08-07,21.974964141845703
2013-08-08,22.02455711364746
2013-08-09,21.969043731689453
2013-08-12,21.84814453125
2013-08-13,21.743038177490234
2013-08-14,21.460779190063477
2013-08-15,21.21034812927246
2013-08-16,21.142498016357422
2013-08-19,21.35814094543457
2013-08-20,21.352466583251953
2013-08-21,21.448936462402344
2013-08-22,21.5570068359375
2013-08-23,21.470645904541016
2013-08-26,21.376399993896484
2013-08-27,20.975711822509766
2013-08-28,20.936235427856445
2013-08-29,21.10597801208496
2013-08-30,20.895523071289062
2013-09-03,21.228113174438477
2013-09-04,21.50568389892578
2013-09-05,21.701337814331055
2013-09-06,21.70183563232422
2013-09-09,21.910816192626953
2013-09-10,21.92611312866211
2013-09-11,22.111650466918945
2013-09-12,22.034425735473633
2013-09-13,21.93597984313965
2013-09-16,21.903657913208008
2013-09-17,21.862945556640625
2013-09-18,22.287567138671875
2013-09-19,22.165931701660156
2013-09-20,22.282386779785156
2013-09-23,21.872573852539062
2013-09-24,21.88096046447754
2013-09-25,21.64385223388672
2013-09-26,21.667043685913086
2013-09-27,21.623126983642578
2013-09-30,21.611282348632812
2013-10-01,21.884906768798828
2013-10-02,21.909334182739258
2013-10-03,21.615724563598633
2013-10-04,21.52344512939453
2013-10-07,21.36035919189453
2013-10-08,21.062559127807617
2013-10-09,21.116594314575195
2013-10-10,21.422040939331055
2013-10-11,21.514562606811523
2013-10-14,21.61621856689453
2013-10-15,21.761789321899414
2013-10-16,22.157047271728516
2013-10-17,21.929073333740234
2013-10-18,24.9544677734375
2013-10-21,24.754371643066406
2013-10-22,24.845657348632812
2013-10-23,25.447925567626953
2013-10-24,25.3033447265625
2013-10-25,25.047977447509766
2013-10-28,25.043041229248047
2013-10-29,25.567096710205078
2013-10-30,25.423503875732422
2013-10-31,25.427448272705078
2013-11-01,25.340103149414062
2013-11-04,25.31715965270996
2013-11-05,25.20391273498535
2013-11-06,25.23426055908203
2013-11-07,24.869098663330078
2013-11-08,25.068456649780273
2013-11-11,24.934236526489258
2013-11-12,24.963600158691406
2013-11-13,25.47408103942871
2013-11-14,25.54218101501465
2013-11-15,25.500974655151367
2013-11-18,25.45138168334961
2013-11-19,25.294713973999023
2013-11-20,25.22340202331543
2013-11-21,25.513559341430664
2013-11-22,25.45977210998535
2013-11-25,25.806180953979492
2013-11-26,26.11409568786621
2013-11-27,26.23005485534668
2013-11-29,26.14320945739746
2013-12-02,26.01712989807129
2013-12-03,25.98703384399414
2013-12-04,26.108421325683594
2013-12-05,26.087696075439453
2013-12-06,26.3968505859375
2013-12-09,26.60089111328125
2013-12-10,26.761762619018555
2013-12-11,26.57992172241211
2013-12-12,26.39906883239746
2013-12-13,26.172819137573242
2013-12-16,26.473587036132812
2013-12-17,26.3966007232666
2013-12-18,26.76398468017578
2013-12-19,26.800249099731445
2013-12-20,27.15553855895996
2013-12-23,27.512805938720703
2013-12-24,27.432373046875
2013-12-26,27.57103729248047
2013-12-27,27.594228744506836
2013-12-30,27.373653411865234
2013-12-31,27.651220321655273
2014-01-02,27.463953018188477
2014-01-03,27.26361083984375
2014-01-06,27.56757926940918
2014-01-07,28.09903335571289
2014-01-08,28.15751075744629
2014-01-09,27.886354446411133
2014-01-10,27.884876251220703
2014-01-13,27.707233428955078
2014-01-14,28.359086990356445
2014-01-15,28.33984375
2014-01-16,28.527360916137695
2014-01-17,28.3869686126709
2014-01-21,28.711912155151367
2014-01-22,28.74448013305664
2014-01-23,28.623090744018555
2014-01-24,27.728200912475586
2014-01-27,27.170591354370117
2014-01-28,27.707965850830078
2014-01-29,27.31097984313965
2014-01-30,28.0134220123291
2014-01-31,29.13801383972168
2014-02-03,27.96506118774414
2014-02-04,28.081764221191406
2014-02-05,28.206113815307617
2014-02-06,28.619638442993164
2014-02-07,29.05091667175293
2014-02-10,28.93964195251465
2014-02-11,29.365253448486328
2014-02-12,29.279144287109375
2014-02-13,29.605077743530273
2014-02-14,29.67662239074707
2014-02-18,29.8759822845459
2014-02-19,29.6652774810791
2014-02-20,29.708946228027344
2014-02-21,29.7010498046875
2014-02-24,29.91619873046875
2014-02-25,30.10099983215332
2014-02-26,30.105192184448242
2014-02-27,30.08150863647461
2014-02-28,29.99367332458496
2014-03-03,29.67391014099121
2014-03-04,29.975414276123047
2014-03-05,30.05806541442871
2014-03-06,30.091379165649414
2014-03-07,29.97245216369629
2014-03-10,29.893009185791016
2014-03-11,29.60729217529297
2014-03-12,29.78765296936035
2014-03-13,29.33761978149414
2014-03-14,28.936437606811523
2014-03-17,29.41262435913086
2014-03-18,29.885358810424805
2014-03-19,29.58903694152832
2014-03-20,29.53746795654297
2014-03-21,29.189085006713867
2014-03-24,28.569549560546875
2014-03-25,28.589040756225586
2014-03-26,27.929040908813477
2014-03-27,27.585268020629883
2014-03-28,27.660844802856445
2014-03-31,27.511667251586914
2014-04-01,28.0150089263916
2014-04-02,28.007104873657227
2014-04-03,28.142444610595703
2014-04-04,26.828533172607422
2014-04-07,26.582050323486328
2014-04-08,27.409423828125
2014-04-09,27.865835189819336
2014-04-10,26.72035789489746
2014-04-11,26.209117889404297
2014-04-14,26.303955078125
2014-04-15,26.497587203979492
2014-04-16,27.490434646606445
2014-04-17,26.48078727722168
2014-04-21,26.111312866210938
2014-04-22,26.417070388793945
2014-04-23,26.028329849243164
2014-04-24,25.94040870666504
2014-04-25,25.496835708618164
2014-04-28,25.544754028320312
2014-04-29,26.065872192382812
2014-04-30,26.014501571655273
2014-05-01,26.246166229248047
2014-05-02,26.077232360839844
2014-05-05,26.071308135986328
2014-05-06,25.44546890258789
2014-05-07,25.189599990844727
2014-05-08,25.24097442626953
2014-05-09,25.6227970123291
2014-05-12,26.175527572631836
2014-05-13,26.332109451293945
2014-05-14,26.014005661010742
2014-05-15,25.684539794921875
2014-05-16,25.716646194458008
2014-05-19,26.123172760009766
2014-05-20,26.168121337890625
2014-05-21,26.621074676513672
2014-05-22,26.923376083374023
2014-05-23,27.300750732421875
2014-05-27,27.955238342285156
2014-05-28,27.74432373046875
2014-05-29,27.66529083251953
2014-05-30,27.655908584594727
2014-06-02,27.361507415771484
2014-06-03,26.91744613647461
2014-06-04,26.90361785888672
2014-06-05,27.36002540588379
2014-06-06,27.480056762695312
2014-06-09,27.766056060791016
2014-06-10,27.688508987426758
2014-06-11,27.604042053222656
2014-06-12,27.23406982421875
2014-06-13,27.254322052001953
2014-06-16,26.884843826293945
2014-06-17,26.822111129760742
2014-06-18,27.333847045898438
2014-06-19,27.409423828125
2014-06-20,27.48154067993164
2014-06-23,27.90584373474121
2014-06-24,27.889545440673828
2014-06-25,28.582557678222656
2014-06-26,28.45166015625
2014-06-27,28.512910842895508
2014-06-30,28.41609764099121
2014-07-01,28.781129837036133
2014-07-02,28.76458168029785
2014-07-03,28.882883071899414
2014-07-07,28.760379791259766
2014-07-08,28.20912742614746
2014-07-09,28.45561408996582
2014-07-10,28.209623336791992
2014-07-11,28.608739852905273
2014-07-14,28.889795303344727
2014-07-15,28.885351181030273
2014-07-16,28.7806339263916
2014-07-17,28.339536666870117
2014-07-18,29.394121170043945
2014-07-21,29.117015838623047
2014-07-22,29.37732696533203
2014-07-23,29.438579559326172
2014-07-24,29.308670043945312
2014-07-25,29.094785690307617
2014-07-28,29.17283058166504
2014-07-29,28.92635154724121
2014-07-30,29.015756607055664
2014-07-31,28.23432159423828
2014-08-01,27.96116828918457
2014-08-04,28.31088638305664
2014-08-05,27.911771774291992
2014-08-06,27.97618293762207
2014-08-07,27.827301025390625
2014-08-08,28.094533920288086
2014-08-11,28.050573348999023
2014-08-12,27.79619026184082
2014-08-13,28.391399383544922
2014-08-14,28.384979248046875
2014-08-15,28.327184677124023
2014-08-18,28.755935668945312
2014-08-19,28.988096237182617
2014-08-20,28.871028900146484
2014-08-21,28.815702438354492
2014-08-22,28.775693893432617
2014-08-25,28.659122467041016
2014-08-26,28.543537139892578
2014-08-27,28.204687118530273
2014-08-28,28.115774154663086
2014-08-29,28.23432159423828
2014-09-02,28.517358779907227
2014-09-03,28.547487258911133
2014-09-04,28.747039794921875
2014-09-05,28.949565887451172
2014-09-08,29.129362106323242
2014-09-09,28.699132919311523
2014-09-10,28.802366256713867
2014-09-11,28.715927124023438
2014-09-12,28.432893753051758
2014-09-15,28.30841636657715
2014-09-16,28.646772384643555
2014-09-17,28.884855270385742
2014-09-18,29.10713768005371
2014-09-19,29.443519592285156
2014-09-22,29.01328468322754
2014-09-23,28.705059051513672
2014-09-24,29.04391098022461
2014-09-25,28.405227661132812
2014-09-26,28.506000518798828
2014-09-29,28.469446182250977
2014-09-30,28.51883888244629
2014-10-01,28.06983757019043
2014-10-02,28.15924072265625
2014-10-03,28.41609764099121
2014-10-06,28.51834487915039
2014-10-07,27.846073150634766
2014-10-08,28.278778076171875
2014-10-09,27.704803466796875
2014-10-10,26.89521598815918
2014-10-13,26.338035583496094
2014-10-14,26.571678161621094
2014-10-15,26.18096160888672
2014-10-16,25.908302307128906
2014-10-17,25.24936866760254
2014-10-20,25.727022171020508
2014-10-21,26.008569717407227
2014-10-22,26.313343048095703
2014-10-23,26.870027542114258
2014-10-24,26.662567138671875
2014-10-27,26.71146583557129
2014-10-28,27.113048553466797
2014-10-29,27.134292602539062
2014-10-30,27.182697296142578
2014-10-31,27.615896224975586
2014-11-03,27.425230026245117
2014-11-04,27.37040138244629
2014-11-05,26.965852737426758
2014-11-06,26.774202346801758
2014-11-07,26.72332191467285
2014-11-10,27.04340171813965
2014-11-11,27.18170928955078
2014-11-12,27.03451156616211
2014-11-13,26.939180374145508
2014-11-14,26.890769958496094
2014-11-17,26.50104331970215
2014-11-18,26.42793846130371
2014-11-19,26.52475357055664
2014-11-20,26.418060302734375
2014-11-21,26.549945831298828
2014-11-24,26.637372970581055
2014-11-25,26.72677993774414
2014-11-26,26.69171142578125
2014-11-28,26.763826370239258
2014-12-01,26.36717987060547
2014-12-02,26.364709854125977
2014-12-03,26.244680404663086
2014-12-04,26.54056167602539
2014-12-05,25.94534683227539
2014-12-08,26.03030776977539
2014-12-09,26.3459415435791
2014-12-10,25.984861373901367
2014-12-11,26.09748649597168
2014-12-12,25.619338989257812
2014-12-15,25.37928009033203
2014-12-16,24.46990966796875
2014-12-17,24.939163208007812
2014-12-18,25.24591064453125
2014-12-19,25.50523567199707
2014-12-22,25.92607879638672
2014-12-23,26.2086238861084
2014-12-24,26.11872673034668
2014-12-26,26.378543853759766
2014-12-29,26.19577980041504
2014-12-30,26.20022201538086
2014-12-31,26.001657485961914
2015-01-02,25.923118591308594
2015-01-05,25.382734298706055
2015-01-06,24.794435501098633
2015-01-07,24.75196075439453
2015-01-08,24.829999923706055
2015-01-09,24.508440017700195
2015-01-12,24.329626083374023
2015-01-13,24.508935928344727
2015-01-14,24.74059295654297
2015-01-15,24.786041259765625
2015-01-16,25.09673500061035
2015-01-20,25.038450241088867
2015-01-21,25.588712692260742
2015-01-22,26.396320343017578
2015-01-23,26.67095947265625
2015-01-26,26.43682861328125
2015-01-27,25.61785888671875
2015-01-28,25.191574096679688
2015-01-29,25.224178314208984
2015-01-30,26.40274429321289
2015-02-02,26.104400634765625
2015-02-03,26.14194107055664
2015-02-04,25.821857452392578
2015-02-05,26.059946060180664
2015-02-06,26.2288761138916
2015-02-09,26.072290420532227
2015-02-10,26.522281646728516
2015-02-11,26.474369049072266
2015-02-12,26.818161010742188
2015-02-13,27.118486404418945
2015-02-17,26.8137149810791
2015-02-18,26.658613204956055
2015-02-19,26.81519889831543
2015-02-20,26.621566772460938
2015-02-23,26.27382469177246
2015-02-24,26.480300903320312
2015-02-25,26.864593505859375
2015-02-26,27.43807029724121
2015-02-27,27.582307815551758
2015-03-02,28.221481323242188
2015-03-03,28.335086822509766
2015-03-04,28.32175064086914
2015-03-05,28.418567657470703
2015-03-06,28.04094123840332
2015-03-09,28.098487854003906
2015-03-10,27.41485595703125
2015-03-11,27.225669860839844
2015-03-12,27.43955421447754
2015-03-13,27.035005569458008
2015-03-16,27.39015769958496
2015-03-17,27.20887565612793
2015-03-18,27.636640548706055
2015-03-19,27.562053680419922
2015-03-20,27.679119110107422
2015-03-23,27.602556228637695
2015-03-24,28.164676666259766
2015-03-25,27.6013240814209
2015-03-26,27.422760009765625
2015-03-27,27.085386276245117
2015-03-30,27.267656326293945
2015-03-31,27.068593978881836
2015-04-01,26.799882888793945
2015-04-02,26.452634811401367
2015-04-06,26.51363754272461
2015-04-07,26.526233673095703
2015-04-08,26.752954483032227
2015-04-09,26.711959838867188
2015-04-10,26.67392349243164
2015-04-13,26.632434844970703
2015-04-14,26.19874382019043
2015-04-15,26.3044490814209
2015-04-16,26.36717987060547
2015-04-17,25.885578155517578
2015-04-20,26.44523048400879
2015-04-21,26.375581741333008
2015-04-22,26.64206314086914
2015-04-23,27.01919937133789
2015-04-24,27.911279678344727
2015-04-27,27.50795555114746
2015-04-28,27.42424774169922
2015-04-29,27.19640350341797
2015-04-30,26.614910125732422
2015-05-01,26.642650604248047
2015-05-04,26.78529930114746
2015-05-05,26.290983200073242
2015-05-06,25.965070724487305
2015-05-07,26.286027908325195
2015-05-08,26.658498764038086
2015-05-11,26.533679962158203
2015-05-12,26.203805923461914
2015-05-13,26.23253631591797
2015-05-14,26.667415618896484
2015-05-15,26.44205093383789
2015-05-18,26.365278244018555
2015-05-19,26.615903854370117
2015-05-20,26.71051025390625
2015-05-21,26.870986938476562
2015-05-22,26.75211524963379
2015-05-26,26.366268157958984
2015-05-27,26.736263275146484
2015-05-28,26.735769271850586
2015-05-29,26.355865478515625
2015-06-01,26.448978424072266
2015-06-02,26.70604705810547
2015-06-03,26.762020111083984
2015-06-04,26.583209991455078
2015-06-05,26.416296005249023
2015-06-08,26.094345092773438
2015-06-09,26.087406158447266
2015-06-10,26.58271598815918
2015-06-11,26.47969627380371
2015-06-12,26.366764068603516
2015-06-15,26.1126708984375
2015-06-16,26.15972137451172
2015-06-17,26.214706420898438
2015-06-18,26.584701538085938
2015-06-19,26.58271598815918
2015-06-22,26.657014846801758
2015-06-23,26.77044105529785
2015-06-24,26.639678955078125
2015-06-25,26.510400772094727
2015-06-26,26.33506202697754
2015-06-29,25.831335067749023
2015-06-30,25.781307220458984
2015-07-01,25.847183227539062
2015-07-02,25.924449920654297
2015-07-06,25.897703170776367
2015-07-07,26.004690170288086
2015-07-08,25.599031448364258
2015-07-09,25.78972625732422
2015-07-10,26.257797241210938
2015-07-13,27.071090698242188
2015-07-14,27.791765213012695
2015-07-15,27.7481746673584
2015-07-16,28.720470428466797
2015-07-17,33.3307991027832
2015-07-20,32.83995056152344
2015-07-21,32.804290771484375
2015-07-22,32.79438400268555
2015-07-23,31.9117431640625
2015-07-24,30.885459899902344
2015-07-27,31.068727493286133
2015-07-28,31.10538101196289
2015-07-29,31.300039291381836
2015-07-30,31.332725524902344
2015-07-31,30.98699951171875
2015-08-03,31.264373779296875
2015-08-04,31.167293548583984
2015-08-05,31.88697624206543
2015-08-06,31.832489013671875
2015-08-07,31.46695327758789
2015-08-10,31.389192581176758
2015-08-11,32.729007720947266
2015-08-12,32.668575286865234
2015-08-13,32.514530181884766
2015-08-14,32.54772186279297
2015-08-17,32.733455657958984
2015-08-18,32.49867630004883
2015-08-19,32.73495101928711
2015-08-20,32.03804397583008
2015-08-21,30.3366641998291
2015-08-24,29.203893661499023
2015-08-25,28.82993507385254
2015-08-26,31.13608741760254
2015-08-27,31.581371307373047
2015-08-28,31.223262786865234
2015-08-31,30.622455596923828
2015-09-01,29.609050750732422
2015-09-02,30.428787231445312
2015-09-03,30.028085708618164
2015-09-04,29.75318717956543
2015-09-08,30.44464111328125
2015-09-09,30.348546981811523
2015-09-10,30.775999069213867
2015-09-11,30.994924545288086
2015-09-14,30.869613647460938
2015-09-15,31.459030151367188
2015-09-16,31.50063705444336
2015-09-17,31.84339141845703
2015-09-18,31.167293548583984
2015-09-21,31.473888397216797
2015-09-22,30.84237289428711
2015-09-23,30.826025009155273
2015-09-24,30.996414184570312
2015-09-25,30.3114013671875
2015-09-28,29.46541404724121
2015-09-29,29.469377517700195
2015-09-30,30.13556480407715
2015-10-01,30.277719497680664
2015-10-02,31.051393508911133
2015-10-05,31.772563934326172
2015-10-06,31.969202041625977
2015-10-07,31.81664276123047
2015-10-08,31.65814781188965
2015-10-09,31.87855339050293
2015-10-12,32.03012466430664
2015-10-13,32.30897903442383
2015-10-14,32.252506256103516
2015-10-15,32.77655029296875
2015-10-16,32.79934310913086
2015-10-19,32.99250793457031
2015-10-20,32.20893096923828
2015-10-21,31.829030990600586
2015-10-22,32.28371810913086
2015-10-23,34.77065658569336
2015-10-26,35.30459976196289
2015-10-27,35.09212112426758
2015-10-28,35.313026428222656
2015-10-29,35.509666442871094
2015-10-30,35.207035064697266
2015-11-02,35.717201232910156
2015-11-03,35.769203186035156
2015-11-04,36.06391143798828
2015-11-05,36.21944046020508
2015-11-06,36.3437614440918
2015-11-09,35.90442657470703
2015-11-10,36.07432174682617
2015-11-11,36.42499542236328
2015-11-12,36.21845245361328
2015-11-13,35.51362228393555
2015-11-16,36.10601806640625
2015-11-17,35.92473220825195
2015-11-18,36.65283203125
2015-11-19,36.57408905029297
2015-11-20,37.47505569458008
2015-11-23,37.444339752197266
2015-11-24,37.06295394897461
2015-11-25,37.05651092529297
2015-11-27,37.16102600097656
2015-11-30,36.781620025634766
2015-12-01,37.992149353027344
2015-12-02,37.76133728027344
2015-12-03,37.273956298828125
2015-12-04,37.98076248168945
2015-12-07,37.80442810058594
2015-12-08,37.760841369628906
2015-12-09,37.2278938293457
2015-12-10,37.12139892578125
2015-12-11,36.59687042236328
2015-12-14,37.037696838378906
2015-12-15,36.82123947143555
2015-12-16,37.54885482788086
2015-12-17,37.11991500854492
2015-12-18,36.61865997314453
2015-12-21,37.037696838378906
2015-12-22,37.14814758300781
2015-12-23,37.16350173950195
2015-12-24,37.06889724731445
2015-12-28,37.76778030395508
2015-12-29,38.465667724609375
2015-12-30,38.18829345703125
2015-12-31,37.587974548339844
2016-01-04,36.74397277832031
2016-01-05,36.7806282043457
2016-01-06,36.83213806152344
2016-01-07,35.978721618652344
2016-01-08,35.38831329345703
2016-01-11,35.465579986572266
2016-01-12,35.96287155151367
2016-01-13,34.6993408203125
2016-01-14,35.400691986083984
2016-01-15,34.39670181274414
2016-01-19,34.76026153564453
2016-01-20,34.59483337402344
2016-01-21,34.998008728027344
2016-01-22,35.92226028442383
2016-01-25,35.249629974365234
2016-01-26,35.31748962402344
2016-01-27,34.67110824584961
2016-01-28,36.205078125
2016-01-29,36.798954010009766
2016-02-01,37.24721145629883
2016-02-02,37.8737678527832
2016-02-03,36.0064582824707
2016-02-04,35.06834411621094
2016-02-05,33.857810974121094
2016-02-08,33.81670379638672
2016-02-09,33.58737564086914
2016-02-10,33.88505554199219
2016-02-11,33.835025787353516
2016-02-12,33.79986572265625
2016-02-16,34.22582244873047
2016-02-17,35.08766174316406
2016-02-18,34.54034423828125
2016-02-19,34.7166748046875
2016-02-22,34.9915771484375
2016-02-23,34.46604537963867
2016-02-24,34.649810791015625
2016-02-25,34.9564094543457
2016-02-26,34.922725677490234
2016-02-29,34.5611457824707
2016-03-01,35.60327911376953
2016-03-02,35.605255126953125
2016-03-03,35.286773681640625
2016-03-04,35.21099090576172
2016-03-07,34.43186950683594
2016-03-08,34.37293243408203
2016-03-09,34.931148529052734
2016-03-10,35.30658721923828
2016-03-11,36.00001525878906
2016-03-14,36.181800842285156
2016-03-15,36.0748176574707
2016-03-16,36.45917510986328
2016-03-17,36.542877197265625
2016-03-18,36.53396224975586
2016-03-21,36.75635528564453
2016-03-22,36.689979553222656
2016-03-23,36.55674362182617
2016-03-24,36.4200439453125
2016-03-28,36.33237075805664
2016-03-29,36.88909912109375
2016-03-30,37.174400329589844
2016-03-31,36.89801788330078
2016-04-01,37.14368438720703
2016-04-04,36.91485595703125
2016-04-05,36.54386520385742
2016-04-06,36.934669494628906
2016-04-07,36.66670608520508
2016-04-08,36.61073303222656
2016-04-11,36.45967483520508
2016-04-12,36.80588150024414
2016-04-13,37.233341217041016
2016-04-14,37.30664825439453
2016-04-15,37.59392166137695
2016-04-18,37.97085189819336
2016-04-19,37.34280014038086
2016-04-20,37.280391693115234
2016-04-21,37.600860595703125
2016-04-22,35.601295471191406
2016-04-25,35.81824493408203
2016-04-26,35.07478713989258
2016-04-27,34.96086120605469
2016-04-28,34.226810455322266
2016-04-29,34.325382232666016
2016-05-02,34.58294677734375
2016-05-03,34.293182373046875
2016-05-04,34.4586181640625
2016-05-05,34.742431640625
2016-05-06,35.22238540649414
2016-05-09,35.31055450439453
2016-05-10,35.81972885131836
2016-05-11,35.42892837524414
2016-05-12,35.33086013793945
2016-05-13,35.2080192565918
2016-05-16,35.488365173339844
2016-05-17,34.98018264770508
2016-05-18,35.0
2016-05-19,34.68745040893555
2016-05-20,35.154029846191406
2016-05-23,34.88161087036133
2016-05-24,35.66667556762695
2016-05-25,35.923240661621094
2016-05-26,35.86628723144531
2016-05-27,36.289283752441406
2016-05-31,36.44084167480469
2016-06-01,36.36309051513672
2016-06-02,36.177337646484375
2016-06-03,35.77812194824219
2016-06-06,35.49134063720703
2016-06-07,35.49629211425781
2016-06-08,36.07233428955078
2016-06-09,36.08720016479492
2016-06-10,35.632999420166016
2016-06-13,35.580989837646484
2016-06-14,35.576534271240234
2016-06-15,35.60872268676758
2016-06-16,35.18474578857422
2016-06-17,34.2614860534668
2016-06-20,34.36005401611328
2016-06-21,34.47050476074219
2016-06-22,34.54579544067383
2016-06-23,34.76422119140625
2016-06-24,33.44422912597656
2016-06-27,33.0994873046875
2016-06-28,33.68296813964844
2016-06-29,33.884559631347656
2016-06-30,34.280311584472656
2016-07-01,34.63247299194336
2016-07-05,34.42147445678711
2016-07-06,34.5611457824707
2016-07-07,34.4417839050293
2016-07-08,34.95046615600586
2016-07-11,35.41902160644531
2016-07-12,35.69392395019531
2016-07-13,35.51264190673828
2016-07-14,35.70927429199219
2016-07-15,35.65478515625
2016-07-18,36.344749450683594
2016-07-19,36.50226593017578
2016-07-20,36.71178436279297
2016-07-21,36.584983825683594
2016-07-22,36.788551330566406
2016-07-25,36.641441345214844
2016-07-26,36.57457733154297
2016-07-27,36.740509033203125
2016-07-28,36.9455680847168
2016-07-29,38.078826904296875
2016-08-01,38.28140640258789
2016-08-02,38.19176483154297
2016-08-03,38.2962760925293
2016-08-04,38.218505859375
2016-08-05,38.74403381347656
2016-08-08,38.72125244140625
2016-08-09,38.84507369995117
2016-08-10,38.865875244140625
2016-08-11,38.87429428100586
2016-08-12,38.79355239868164
2016-08-15,38.75493240356445
2016-08-16,38.492401123046875
2016-08-17,38.62961196899414
2016-08-18,38.5102424621582
2016-08-19,38.40721893310547
2016-08-22,38.2452507019043
2016-08-23,38.24178695678711
2016-08-24,38.12092971801758
2016-08-25,38.10954284667969
2016-08-26,38.1159782409668
2016-08-29,38.2452507019043
2016-08-30,38.093685150146484
2016-08-31,37.99264907836914
2016-09-01,38.07833480834961
2016-09-02,38.211082458496094
2016-09-06,38.63804244995117
2016-09-07,38.65141296386719
2016-09-08,38.40226364135742
2016-09-09,37.62661361694336
2016-09-12,38.09022521972656
2016-09-13,37.62810134887695
2016-09-14,37.76678466796875
2016-09-15,38.22594451904297
2016-09-16,38.08329391479492
2016-09-19,37.925785064697266
2016-09-20,38.20860290527344
2016-09-21,38.44684600830078
2016-09-22,38.99119186401367
2016-09-23,38.97583770751953
2016-09-26,38.3472900390625
2016-09-27,38.78316116333008
2016-09-28,38.711341857910156
2016-09-29,38.38691711425781
2016-09-30,38.49984359741211
2016-10-03,38.265560150146484
2016-10-04,38.45724868774414
2016-10-05,38.459224700927734
2016-10-06,38.47854232788086
2016-10-07,38.390384674072266
2016-10-10,38.928287506103516
2016-10-11,38.7861328125
2016-10-12,38.93818664550781
2016-10-13,38.54442596435547
2016-10-14,38.56126022338867
2016-10-17,38.6320915222168
2016-10-18,39.38990783691406
2016-10-19,39.6989860534668
2016-10-20,39.474609375
2016-10-21,39.59348678588867
2016-10-24,40.2740364074707
2016-10-25,40.00458526611328
2016-10-26,39.5786247253418
2016-10-27,39.39437484741211
2016-10-28,39.395362854003906
2016-10-31,38.85894012451172
2016-11-01,38.8128776550293
2016-11-02,38.074371337890625
2016-11-03,37.74894714355469
2016-11-04,37.743507385253906
2016-11-07,38.758888244628906
2016-11-08,39.15463638305664
2016-11-09,38.8970832824707
2016-11-10,37.77024459838867
2016-11-11,37.347259521484375
2016-11-14,36.458675384521484
2016-11-15,37.56866455078125
2016-11-16,37.86534881591797
2016-11-17,38.19968795776367
2016-11-18,37.67020034790039
2016-11-21,38.09913635253906
2016-11-22,38.05308151245117
2016-11-23,37.69248962402344
2016-11-25,37.726661682128906
2016-11-28,38.05158615112305
2016-11-29,38.18036651611328
2016-11-30,37.54637145996094
2016-12-01,37.04511642456055
2016-12-02,37.17291259765625
2016-12-05,37.76827621459961
2016-12-06,37.599365234375
2016-12-07,38.19770812988281
2016-12-08,38.456756591796875
2016-12-09,39.094215393066406
2016-12-12,39.09322738647461
2016-12-13,39.4315185546875
2016-12-14,39.47956466674805
2016-12-15,39.51820373535156
2016-12-16,39.169010162353516
2016-12-19,39.337406158447266
2016-12-20,39.44736862182617
2016-12-21,39.35523986816406
2016-12-22,39.19178771972656
2016-12-23,39.12491989135742
2016-12-27,39.20615005493164
2016-12-28,38.88420104980469
2016-12-29,38.77226257324219
2016-12-30,38.228912353515625
2017-01-03,38.93818664550781
2017-01-04,38.97583770751953
2017-01-05,39.3285026550293
2017-01-06,39.92930221557617
2017-01-09,39.954071044921875
2017-01-10,39.8619384765625
2017-01-11,40.0164794921875
2017-01-12,39.9397087097168
2017-01-13,40.01499557495117
2017-01-17,39.85302734375
2017-01-18,39.92533874511719
2017-01-19,39.732418060302734
2017-01-20,39.87333679199219
2017-01-23,40.58112335205078
2017-01-24,40.80699157714844
2017-01-25,41.39145278930664
2017-01-26,41.21710205078125
2017-01-27,40.77925109863281
2017-01-30,39.73960494995117
2017-01-31,39.465694427490234
2017-02-01,39.41146469116211
2017-02-02,39.551876068115234
2017-02-03,39.698490142822266
2017-02-06,39.691062927246094
2017-02-07,39.96992111206055
2017-02-08,40.03975296020508
2017-02-09,40.098201751708984
2017-02-10,40.3017692565918
2017-02-13,40.57766342163086
2017-02-14,40.63759231567383
2017-02-15,40.56478500366211
2017-02-16,40.821353912353516
2017-02-17,41.01502227783203
2017-02-21,41.192840576171875
2017-02-22,41.148258209228516
2017-02-23,41.176490783691406
2017-02-24,41.043251037597656
2017-02-27,41.074951171875
2017-02-28,40.774295806884766
2017-03-01,41.37016296386719
2017-03-02,41.14181900024414
2017-03-03,41.06504440307617
2017-03-06,41.00065612792969
2017-03-07,41.205223083496094
2017-03-08,41.37660217285156
2017-03-09,41.54054260253906
2017-03-10,41.76689910888672
2017-03-13,41.88032531738281
2017-03-14,41.88428497314453
2017-03-15,41.96253967285156
2017-03-16,42.040802001953125
2017-03-17,42.206233978271484
2017-03-20,42.02198028564453
2017-03-21,41.13339614868164
2017-03-22,41.09030532836914
2017-03-23,40.49543762207031
2017-03-24,40.33941650390625
2017-03-27,40.591033935546875
2017-03-28,40.6608772277832
2017-03-29,41.18045425415039
2017-03-30,41.18491744995117
2017-03-31,41.08882141113281
2017-04-03,41.53410720825195
2017-04-04,41.33697509765625
2017-04-05,41.18045425415039
2017-04-06,41.005615234375
2017-04-07,40.84661102294922
2017-04-10,40.84958267211914
2017-04-11,40.78123474121094
2017-04-12,40.82927703857422
2017-04-13,40.7916374206543
2017-04-17,41.46575164794922
2017-04-18,41.44841003417969
2017-04-19,41.51726531982422
2017-04-20,41.68764877319336
2017-04-21,41.76392364501953
2017-04-24,42.733245849609375
2017-04-25,43.205772399902344
2017-04-26,43.17753601074219
2017-04-27,43.3023567199707
2017-04-28,44.87297821044922
2017-05-01,45.200374603271484
2017-05-02,45.392066955566406
2017-05-03,45.917091369628906
2017-05-04,46.145931243896484
2017-05-05,45.92154312133789
2017-05-08,46.27667999267578
2017-05-09,46.17118453979492
2017-05-10,46.003273010253906
2017-05-11,46.09342575073242
2017-05-12,46.17366409301758
2017-05-15,46.41437530517578
2017-05-16,46.70759963989258
2017-05-17,45.5495719909668
2017-05-18,46.075592041015625
2017-05-19,46.262325286865234
2017-05-22,46.65113830566406
2017-05-23,46.99586868286133
2017-05-24,47.299991607666016
2017-05-25,48.02214813232422
2017-05-26,48.11774444580078
2017-05-30,48.336177825927734
2017-05-31,47.790348052978516
2017-06-01,47.89385986328125
2017-06-02,48.32230758666992
2017-06-05,48.72250747680664
2017-06-06,48.370357513427734
2017-06-07,48.58680725097656
2017-06-08,48.709144592285156
2017-06-09,47.045902252197266
2017-06-12,46.7026481628418
2017-06-13,47.22271728515625
2017-06-14,47.09196472167969
2017-06-15,46.67341995239258
2017-06-16,46.54811477661133
2017-06-19,47.41936492919922
2017-06-20,47.08552551269531
2017-06-21,47.52238464355469
2017-06-22,47.405494689941406
2017-06-23,47.826507568359375
2017-06-26,47.166748046875
2017-06-27,45.93144989013672
2017-06-28,46.583290100097656
2017-06-29,45.45892333984375
2017-06-30,45.01018142700195
2017-07-03,44.51338577270508
2017-07-05,45.15777587890625
2017-07-06,44.90913391113281
2017-07-07,45.498558044433594
2017-07-10,46.00425720214844
2017-07-11,46.06815719604492
2017-07-12,46.74871063232422
2017-07-13,46.91365051269531
2017-07-14,47.35100555419922
2017-07-17,47.22371292114258
2017-07-18,47.81708908081055
2017-07-19,48.089012145996094
2017-07-20,47.953304290771484
2017-07-21,48.1895637512207
2017-07-24,48.55708312988281
2017-07-25,47.088993072509766
2017-07-26,46.945343017578125
2017-07-27,46.26628112792969
2017-07-28,46.63479232788086
2017-07-31,46.088470458984375
2017-08-01,46.10481262207031
2017-08-02,46.08301544189453
2017-08-03,45.74917984008789
2017-08-04,45.9626579284668
2017-08-07,46.03199768066406
2017-08-08,45.90470504760742
2017-08-09,45.712032318115234
2017-08-10,44.936378479003906
2017-08-11,45.29052734375
2017-08-14,45.70063781738281
2017-08-15,45.6783561706543
2017-08-16,45.913124084472656
2017-08-17,45.12162399291992
2017-08-18,45.10626983642578
2017-08-21,44.90765380859375
2017-08-22,45.80070114135742
2017-08-23,45.915103912353516
2017-08-24,45.63179397583008
2017-08-25,45.36482238769531
2017-08-28,45.26179885864258
2017-08-29,45.63228988647461
2017-08-30,46.04240036010742
2017-08-31,46.52582550048828
2017-09-01,46.4272575378418
2017-09-05,45.98693084716797
2017-09-06,45.95522689819336
2017-09-07,46.35840606689453
2017-09-08,45.89033508300781
2017-09-11,46.018131256103516
2017-09-12,46.16623306274414
2017-09-13,46.315818786621094
2017-09-14,45.82149124145508
2017-09-15,45.58274841308594
2017-09-18,45.32073974609375
2017-09-19,45.658042907714844
2017-09-20,46.14196014404297
2017-09-21,46.185054779052734
2017-09-22,45.990882873535156
2017-09-25,45.61643600463867
2017-09-26,45.80910873413086
2017-09-27,46.781402587890625
2017-09-28,47.0295524597168
2017-09-29,47.50554656982422
2017-10-02,47.216285705566406
2017-10-03,47.440162658691406
2017-10-04,47.13753128051758
2017-10-05,48.0429573059082
2017-10-06,48.48526382446289
2017-10-09,48.39164733886719
2017-10-10,48.173709869384766
2017-10-11,48.99840545654297
2017-10-12,48.928070068359375
2017-10-13,49.01969528198242
2017-10-16,49.134613037109375
2017-10-17,49.14352798461914
2017-10-18,49.17473220825195
2017-10-19,48.76065444946289
2017-10-20,48.94639205932617
2017-10-23,47.968162536621094
2017-10-24,48.07168197631836
2017-10-25,48.209869384765625
2017-10-26,48.17173767089844
2017-10-27,50.48532485961914
2017-10-30,50.37833786010742
2017-10-31,50.35505676269531
2017-11-01,50.79389572143555
2017-11-02,50.7978630065918
2017-11-03,51.139617919921875
2017-11-06,50.81370544433594
2017-11-07,51.181724548339844
2017-11-08,51.504669189453125
2017-11-09,51.079193115234375
2017-11-10,50.92118835449219
2017-11-13,50.8062744140625
2017-11-14,50.818668365478516
2017-11-15,50.566551208496094
2017-11-16,51.14061737060547
2017-11-17,50.47640609741211
2017-11-20,50.44123458862305
2017-11-21,51.23917770385742
2017-11-22,51.31198501586914
2017-11-24,51.54230499267578
2017-11-27,52.2159309387207
2017-11-28,51.87911605834961
2017-11-29,50.603694915771484
2017-11-30,50.59130859375
2017-12-01,50.03459548950195
2017-12-04,49.465476989746094
2017-12-05,49.78594970703125
2017-12-06,50.44123458862305
2017-12-07,51.0628547668457
2017-12-08,51.36598587036133
2017-12-11,51.56657409667969
2017-12-12,51.53587341308594
2017-12-13,51.54230499267578
2017-12-14,51.96530532836914
2017-12-15,52.71024703979492
2017-12-18,53.35167694091797
2017-12-19,53.031700134277344
2017-12-20,52.74789047241211
2017-12-21,52.6825065612793
2017-12-22,52.50865936279297
2017-12-26,52.34124755859375
2017-12-27,51.976192474365234
2017-12-28,51.91527557373047
2017-12-29,51.8290901184082
2018-01-02,52.75037384033203
2018-01-03,53.61616897583008
2018-01-04,53.81032180786133
2018-01-05,54.59440994262695
2018-01-08,54.827693939208984
2018-01-09,54.794010162353516
2018-01-10,54.61322021484375
2018-01-11,54.757354736328125
2018-01-12,55.58650588989258
2018-01-16,55.561737060546875
2018-01-17,56.06794357299805
2018-01-18,55.95946502685547
2018-01-19,56.34184646606445
2018-01-22,57.24826431274414
2018-01-23,57.949623107910156
2018-01-24,57.66581344604492
2018-01-25,57.96943283081055
2018-01-26,58.2403678894043
2018-01-29,58.227481842041016
2018-01-30,57.63856887817383
2018-01-31,57.9481315612793
2018-02-01,57.83718490600586
2018-02-02,55.0733642578125
2018-02-05,52.2946891784668
2018-02-06,53.52304458618164
2018-02-07,51.93707275390625
2018-02-08,49.606143951416016
2018-02-09,51.40213394165039
2018-02-12,52.103485107421875
2018-02-13,52.11141586303711
2018-02-14,52.9831657409668
2018-02-15,53.96487045288086
2018-02-16,54.22638702392578
2018-02-20,54.60579299926758
2018-02-21,55.04562759399414
2018-02-22,54.81233596801758
2018-02-23,55.81087875366211
2018-02-26,56.65092468261719
2018-02-27,55.38986587524414
2018-02-28,54.718231201171875
2018-03-01,52.9742431640625
2018-03-02,53.43983459472656
2018-03-05,54.034706115722656
2018-03-06,54.239261627197266
2018-03-07,54.961421966552734
2018-03-08,55.771751403808594
2018-03-09,57.45777893066406
2018-03-12,57.67868423461914
2018-03-13,56.37453842163086
2018-03-14,56.93523025512695
2018-03-15,56.93968200683594
2018-03-16,56.253684997558594
2018-03-19,54.47502517700195
2018-03-20,54.37051773071289
2018-03-21,54.032222747802734
2018-03-22,51.96184539794922
2018-03-23,50.5992431640625
2018-03-26,52.16640090942383
2018-03-27,49.78346633911133
2018-03-28,49.75672149658203
2018-03-29,51.10544204711914
2018-04-02,49.85132598876953
2018-04-03,50.195068359375
2018-04-04,50.77606964111328
2018-04-05,50.9083137512207
2018-04-06,49.879554748535156
2018-04-09,50.296112060546875
2018-04-10,51.09801483154297
2018-04-11,50.52000045776367
2018-04-12,51.14110565185547
2018-04-13,50.980628967285156
2018-04-16,51.412044525146484
2018-04-17,53.204071044921875
2018-04-18,53.101043701171875
2018-04-19,53.874717712402344
2018-04-20,53.144630432128906
2018-04-23,52.8717155456543
2018-04-24,50.520484924316406
2018-04-25,50.579917907714844
2018-04-26,51.51407241821289
2018-04-27,51.01926040649414
2018-04-30,50.38922882080078
2018-05-01,51.37886047363281
2018-05-02,50.738426208496094
2018-05-03,50.70573425292969
2018-05-04,51.91874313354492
2018-05-07,52.24464797973633
2018-05-08,52.20106506347656
2018-05-09,53.630035400390625
2018-05-10,54.363590240478516
2018-05-11,54.39775848388672
2018-05-14,54.49385452270508
2018-05-15,53.4551887512207
2018-05-16,53.580997467041016
2018-05-17,53.423484802246094
2018-05-18,52.81772994995117
2018-05-21,53.47252655029297
2018-05-22,52.98464584350586
2018-05-23,53.47798156738281
2018-05-24,53.455684661865234
2018-05-25,53.27836608886719
2018-05-29,52.518558502197266
2018-05-30,52.88905334472656
2018-05-31,53.7404899597168
2018-06-01,55.44979476928711
2018-06-04,56.43001937866211
2018-06-05,56.44833755493164
2018-06-06,56.310646057128906
2018-06-07,55.6657600402832
2018-06-08,55.51765441894531
2018-06-11,55.96937561035156
2018-06-12,56.431495666503906
2018-06-13,56.20712661743164
2018-06-14,57.065494537353516
2018-06-15,57.07242965698242
2018-06-18,58.12248229980469
2018-06-19,57.85501480102539
2018-06-20,57.94318389892578
2018-06-21,57.33989715576172
2018-06-22,57.23191452026367
2018-06-25,55.712806701660156
2018-06-26,55.39828872680664
2018-06-27,54.68107986450195
2018-06-28,55.18827438354492
2018-06-29,55.25910568237305
2018-07-02,55.84406661987305
2018-07-03,54.62709045410156
2018-07-05,55.68606185913086
2018-07-06,56.47360610961914
2018-07-09,57.16109085083008
2018-07-10,57.10115432739258
2018-07-11,57.15365982055664
2018-07-12,58.618778228759766
2018-07-13,58.883277893066406
2018-07-16,58.637603759765625
2018-07-17,59.377601623535156
2018-07-18,59.232967376708984
2018-07-19,58.7911491394043
2018-07-20,58.68960952758789
2018-07-23,59.70945358276367
2018-07-24,61.8184700012207
2018-07-25,62.5921516418457
2018-07-26,62.821475982666016
2018-07-27,61.34396743774414
2018-07-30,60.414772033691406
2018-07-31,60.29193115234375
2018-08-01,60.42814636230469
2018-08-02,60.732261657714844
2018-08-03,60.61140823364258
2018-08-06,60.663917541503906
2018-08-07,61.528228759765625
2018-08-08,61.69613265991211
2018-08-09,61.86899948120117
2018-08-10,61.299888610839844
2018-08-13,61.17110824584961
2018-08-14,61.52227783203125
2018-08-15,60.149288177490234
2018-08-16,59.758487701416016
2018-08-17,59.48458480834961
2018-08-20,59.8218879699707
2018-08-21,59.51728057861328
2018-08-22,59.80009078979492
2018-08-23,59.70351028442383
2018-08-24,60.4598503112793
2018-08-27,61.5084114074707
2018-08-28,60.97992706298828
2018-08-29,61.878902435302734
2018-08-30,61.37468338012695
2018-08-31,60.3380012512207
2018-09-04,59.2884407043457
2018-09-05,58.76737594604492
2018-09-06,58.02243423461914
2018-09-07,57.69503402709961
2018-09-10,57.68562316894531
2018-09-11,58.31565475463867
2018-09-12,57.59547424316406
2018-09-13,58.21510696411133
2018-09-14,58.076419830322266
2018-09-17,57.26014709472656
2018-09-18,57.51622772216797
2018-09-19,58.00509262084961
2018-09-20,58.78668975830078
2018-09-21,57.757442474365234
2018-09-24,58.118019104003906
2018-09-25,58.676734924316406
2018-09-26,58.47068786621094
2018-09-27,59.17154312133789
2018-09-28,59.11360168457031
2018-10-01,59.204734802246094
2018-10-02,59.44247817993164
2018-10-03,59.58314514160156
2018-10-04,57.86145782470703
2018-10-05,57.32453918457031
2018-10-08,56.90947341918945
2018-10-09,56.40673828125
2018-10-10,53.55375671386719
2018-10-11,53.45964813232422
2018-10-12,54.983219146728516
2018-10-15,54.10008239746094
2018-10-16,55.5379638671875
2018-10-17,55.26108932495117
2018-10-18,53.888092041015625
2018-10-19,54.30861282348633
2018-10-22,54.54139709472656
2018-10-23,54.66672134399414
2018-10-24,52.04257583618164
2018-10-25,54.26451873779297
2018-10-26,53.07083511352539
2018-10-29,50.52545166015625
2018-10-30,51.324371337890625
2018-10-31,53.333351135253906
2018-11-01,52.99802017211914
2018-11-02,52.39324951171875
2018-11-05,51.51654815673828
2018-11-06,52.2951774597168
2018-11-07,54.15654754638672
2018-11-08,53.61220169067383
2018-11-09,52.80733108520508
2018-11-12,51.444236755371094
2018-11-13,51.31645202636719
2018-11-14,51.69337844848633
2018-11-15,52.736000061035156
2018-11-16,52.576515197753906
2018-11-19,50.52147674560547
2018-11-20,50.8067626953125
2018-11-21,51.39371871948242
2018-11-23,50.713653564453125
2018-11-26,51.939048767089844
2018-11-27,51.730525970458984
2018-11-28,53.801902770996094
2018-11-29,53.90443801879883
2018-11-30,54.208065032958984
2018-12-03,54.80242919921875
2018-12-04,52.04802322387695
2018-12-06,52.93511199951172
2018-12-07,51.34270477294922
2018-12-10,51.48980712890625
2018-12-11,52.09408187866211
2018-12-12,52.68498229980469
2018-12-13,52.596824645996094
2018-12-14,51.61610794067383
2018-12-17,50.349609375
2018-12-18,50.95288848876953
2018-12-19,50.67056655883789
2018-12-20,49.9969482421875
2018-12-21,48.51746368408203
2018-12-24,48.353023529052734
2018-12-26,51.48534393310547
2018-12-27,51.70427703857422
2018-12-28,51.36745834350586
2018-12-31,51.29465103149414
2019-01-02,51.80184555053711
2019-01-03,50.326332092285156
2019-01-04,53.03318786621094
2019-01-07,52.918270111083984
2019-01-08,53.3090705871582
2019-01-09,53.22883605957031
2019-01-10,53.01436233520508
2019-01-11,52.363529205322266
2019-01-14,51.7443962097168
2019-01-15,53.35216522216797
2019-01-16,53.541378021240234
2019-01-17,53.983680725097656
2019-01-18,54.39775848388672
2019-01-22,53.02378845214844
2019-01-23,53.27391052246094
2019-01-24,53.19118881225586
2019-01-25,54.03766632080078
2019-01-28,53.001983642578125
2019-01-29,52.533424377441406
2019-01-30,53.94207763671875
2019-01-31,55.294769287109375
2019-02-01,55.016395568847656
2019-02-04,56.108558654785156
2019-02-05,56.76187515258789
2019-02-06,55.23830032348633
2019-02-07,54.42005920410156
2019-02-08,54.239261627197266
2019-02-11,54.23678970336914
2019-02-12,55.542423248291016
2019-02-13,55.48249435424805
2019-02-14,55.557281494140625
2019-02-15,55.16004180908203
2019-02-19,55.403236389160156
2019-02-20,55.16747283935547
2019-02-21,54.333866119384766
2019-02-22,54.99758529663086
2019-02-25,54.94953918457031
2019-02-26,55.23334884643555
2019-02-27,55.27892303466797
2019-02-28,55.47059631347656
2019-03-01,56.514217376708984
2019-03-04,56.85151672363281
2019-03-05,57.55635070800781
2019-03-06,57.34980392456055
2019-03-07,56.62863540649414
2019-03-08,56.58009719848633
2019-03-11,58.23640060424805
2019-03-12,59.100223541259766
2019-03-13,59.106170654296875
2019-03-14,58.721309661865234
2019-03-15,58.667320251464844
2019-03-18,58.657413482666016
2019-03-19,59.38007354736328
2019-03-20,60.62428283691406
2019-03-21,60.999237060546875
2019-03-22,59.70945358276367
2019-03-25,59.090328216552734
2019-03-26,58.67525100708008
2019-03-27,58.10069274902344
2019-03-28,57.87631607055664
2019-03-29,58.11505126953125
2019-04-01,59.16114807128906
2019-04-02,59.4613037109375
2019-04-03,59.73025894165039
2019-04-04,60.18000030517578
2019-04-05,59.79117965698242
2019-04-08,59.627235412597656
2019-04-09,59.300819396972656
2019-04-10,59.54402542114258
2019-04-11,59.66586685180664
2019-04-12,60.32215118408203
2019-04-15,60.48213577270508
2019-04-16,60.78080368041992
2019-04-17,61.23698806762695
2019-04-18,61.23847198486328
2019-04-22,61.856117248535156
2019-04-23,62.634254455566406
2019-04-24,62.21076202392578
2019-04-25,62.579769134521484
2019-04-26,63.012176513671875
2019-04-29,63.774940490722656
2019-04-30,58.866432189941406
2019-05-01,57.85600280761719
2019-05-02,57.585079193115234
2019-05-03,58.71388244628906
2019-05-06,58.91151428222656
2019-05-07,58.15419006347656
2019-05-08,57.766353607177734
2019-05-09,57.57368469238281
2019-05-10,57.66729736328125
2019-05-13,56.0704231262207
2019-05-14,55.4963493347168
2019-05-15,57.66432189941406
2019-05-16,58.39590072631836
2019-05-17,57.56972122192383
2019-05-20,56.40821838378906
2019-05-21,56.942169189453125
2019-05-22,57.03082275390625
2019-05-23,56.503318786621094
2019-05-24,56.14174270629883
2019-05-28,56.17542266845703
2019-05-29,55.299224853515625
2019-05-30,55.37302017211914
2019-05-31,54.66374588012695
2019-06-03,51.32536697387695
2019-06-04,52.15847396850586
2019-06-05,51.62205505371094
2019-06-06,51.72705841064453
2019-06-07,52.801883697509766
2019-06-10,53.51215362548828
2019-06-11,53.42992401123047
2019-06-12,53.346229553222656
2019-06-13,53.92771530151367
2019-06-14,53.75831985473633
2019-06-17,54.11246109008789
2019-06-18,54.66225051879883
2019-06-19,54.5993537902832
2019-06-20,55.04958724975586
2019-06-21,55.56768035888672
2019-06-24,55.25266647338867
2019-06-25,53.80785369873047
2019-06-26,53.483421325683594
2019-06-27,53.29570007324219
2019-06-28,53.53841018676758
2019-07-01,54.382408142089844
2019-07-02,55.04117202758789
2019-07-03,55.552825927734375
2019-07-05,56.04862594604492
2019-07-08,55.29377746582031
2019-07-09,55.71379470825195
2019-07-10,56.48895263671875
2019-07-11,56.673702239990234
2019-07-12,56.707881927490234
2019-07-15,56.977333068847656
2019-07-16,57.137813568115234
2019-07-17,56.77969741821289
2019-07-18,56.778717041015625
2019-07-19,55.97482681274414
2019-07-22,56.36958694458008
2019-07-23,56.772769927978516
2019-07-24,56.35670852661133
2019-07-25,56.07487106323242
2019-07-26,61.93388366699219
2019-07-29,61.38904571533203
2019-07-30,60.6822395324707
2019-07-31,60.26320266723633
2019-08-01,59.88330841064453
2019-08-02,59.13935470581055
2019-08-05,57.07540512084961
2019-08-06,57.94862747192383
2019-08-07,58.148738861083984
2019-08-08,59.67478561401367
2019-08-09,58.843162536621094
2019-08-12,58.18439483642578
2019-08-13,59.301815032958984
2019-08-14,57.66828536987305
2019-08-15,57.81539535522461
2019-08-16,58.32754135131836
2019-08-19,59.360260009765625
2019-08-20,58.57965087890625
2019-08-21,59.003639221191406
2019-08-22,58.91844940185547
2019-08-23,57.024391174316406
2019-08-26,57.89612579345703
2019-08-27,57.844120025634766
2019-08-28,58.00162887573242
2019-08-29,59.082889556884766
2019-08-30,58.847618103027344
2019-09-03,57.87135696411133
2019-09-04,58.51625061035156
2019-09-05,60.00069808959961
2019-09-06,59.68122100830078
2019-09-09,59.65545654296875
2019-09-10,59.73421859741211
2019-09-11,60.436073303222656
2019-09-12,61.13346481323242
2019-09-13,61.39647674560547
2019-09-16,60.98734664916992
2019-09-17,60.88085174560547
2019-09-18,61.04232406616211
2019-09-19,61.3543701171875
2019-09-20,60.919490814208984
2019-09-23,61.12256622314453
2019-09-24,60.366233825683594
2019-09-25,61.741207122802734
2019-09-26,61.487117767333984
2019-09-27,60.67976379394531
2019-09-30,60.37812423706055
2019-10-01,59.68963623046875
2019-10-02,58.27949523925781
2019-10-03,58.8342399597168
2019-10-04,59.882808685302734
2019-10-07,59.81743240356445
2019-10-08,58.89863204956055
2019-10-09,59.551448822021484
2019-10-10,59.86647033691406
2019-10-11,60.20228958129883
2019-10-14,60.28599166870117
2019-10-15,61.567359924316406
2019-10-16,61.59856414794922
2019-10-17,62.06563949584961
2019-10-18,61.690189361572266
2019-10-21,61.72288513183594
2019-10-22,61.55695343017578
2019-10-23,62.36579132080078
2019-10-24,62.45792007446289
2019-10-25,62.6629753112793
2019-10-28,63.89480209350586
2019-10-29,62.53865432739258
2019-10-30,62.4727783203125
2019-10-31,62.41433334350586
2019-11-01,63.08943557739258
2019-11-04,63.962669372558594
2019-11-05,63.995361328125
2019-11-06,63.98396682739258
2019-11-07,64.82896423339844
2019-11-08,64.95328521728516
2019-11-11,64.35000610351562
2019-11-12,64.33068084716797
2019-11-13,64.29106140136719
2019-11-14,64.9577407836914
2019-11-15,66.11725616455078
2019-11-18,65.4154052734375
2019-11-19,65.15586853027344
2019-11-20,64.54118347167969
2019-11-21,64.45698547363281
2019-11-22,64.15931701660156
2019-11-25,64.72148895263672
2019-11-26,65.0612564086914
2019-11-27,65.03353118896484
2019-11-29,64.63580322265625
2019-12-02,63.89085006713867
2019-12-03,64.15632629394531
2019-12-04,65.40748596191406
2019-12-05,65.78341674804688
2019-12-06,66.40206146240234
2019-12-09,66.54768371582031
2019-12-10,66.60215759277344
2019-12-11,66.6199951171875
2019-12-12,66.88003540039062
2019-12-13,66.7591781616211
2019-12-16,67.41992950439453
2019-12-17,67.12025451660156
2019-12-18,66.99642944335938
2019-12-19,67.16582489013672
2019-12-20,66.84636688232422
2019-12-23,66.80919647216797
2019-12-24,66.54768371582031
2019-12-26,67.38178253173828
2019-12-27,66.96027374267578
2019-12-30,66.18016052246094
2019-12-31,66.2237548828125
2020-01-02,67.72701263427734
2020-01-03,67.3946533203125
2020-01-06,69.05642700195312
2020-01-07,69.01334381103516
2020-01-08,69.55719757080078
2020-01-09,70.32540893554688
2020-01-10,70.81576538085938
2020-01-13,71.28629302978516
2020-01-14,70.87271881103516
2020-01-15,71.28482055664062
2020-01-16,71.90394592285156
2020-01-17,73.32499694824219
2020-01-21,73.52362060546875
2020-01-22,73.60039520263672
2020-01-23,73.63504791259766
2020-01-24,72.64740753173828
2020-01-27,71.02230834960938
2020-01-28,71.94654846191406
2020-01-29,72.24720001220703
2020-01-30,72.10900115966797
2020-01-31,71.03864288330078
2020-02-03,73.59989166259766
2020-02-04,71.67462158203125
2020-02-05,71.7320785522461
2020-02-06,73.11894989013672
2020-02-07,73.26753234863281
2020-02-10,74.7262191772461
2020-02-11,74.7316665649414
2020-02-12,75.20121765136719
2020-02-13,75.02241516113281
2020-02-14,75.32357025146484
2020-02-18,75.27056121826172
2020-02-19,75.61827087402344
2020-02-20,75.19527435302734
2020-02-21,73.55876922607422
2020-02-24,70.41258239746094
2020-02-25,68.77112579345703
2020-02-26,69.00540924072266
2020-02-27,65.28614044189453
2020-02-28,66.33818054199219
2020-03-02,68.8038101196289
2020-03-03,66.44020080566406
2020-03-04,68.67552185058594
2020-03-05,65.33319091796875
2020-03-06,64.31137084960938
2020-03-09,60.20772933959961
2020-03-10,63.41881561279297
2020-03-11,60.20030212402344
2020-03-12,55.22244644165039
2020-03-13,60.414276123046875
2020-03-16,53.707801818847656
2020-03-17,55.464656829833984
2020-03-18,54.32545471191406
2020-03-19,55.241275787353516
2020-03-20,53.11293411254883
2020-03-23,52.33530807495117
2020-03-24,56.19078063964844
2020-03-25,54.60728454589844
2020-03-26,57.54248046875
2020-03-27,55.014427185058594
2020-03-30,56.802982330322266
2020-03-31,57.59497833251953
2020-04-01,54.762306213378906
2020-04-02,55.516178131103516
2020-04-03,54.378944396972656
2020-04-06,58.78916931152344
2020-04-07,58.76885986328125
2020-04-08,59.94620895385742
2020-04-09,60.00415802001953
2020-04-13,60.306793212890625
2020-04-14,62.866058349609375
2020-04-15,62.531219482421875
2020-04-16,62.58076477050781
2020-04-17,63.56047821044922
2020-04-20,62.736289978027344
2020-04-21,60.24637222290039
2020-04-22,62.567874908447266
2020-04-23,63.21673583984375
2020-04-24,63.365325927734375
2020-04-27,63.1954345703125
2020-04-28,61.104736328125
2020-04-29,66.44464874267578
2020-04-30,66.80030059814453
2020-05-01,65.41095733642578
2020-05-04,65.7175521850586
2020-05-05,66.92164611816406
2020-05-06,66.73292541503906
2020-05-07,67.98407745361328
2020-05-08,68.76715850830078
2020-05-11,69.50468444824219
2020-05-12,68.14158630371094
2020-05-13,66.83348083496094
2020-05-14,67.17029571533203
2020-05-15,68.01528930664062
2020-05-18,68.54773712158203
2020-05-19,68.02989959716797
2020-05-20,69.6760482788086
2020-05-21,69.48189544677734
2020-05-22,69.85932159423828
2020-05-26,70.18621826171875
2020-05-27,70.22683715820312
2020-05-28,70.1718521118164
2020-05-29,70.775634765625
2020-06-01,70.91928100585938
2020-06-02,71.28580474853516
2020-06-03,71.14514923095703
2020-06-04,69.94649505615234
2020-06-05,71.24468231201172
2020-06-08,71.65182495117188
2020-06-09,72.12487030029297
2020-06-10,72.60482788085938
2020-06-11,69.53340911865234
2020-06-12,69.99601745605469
2020-06-15,70.3263931274414
2020-06-16,71.45915985107422
2020-06-17,71.8752212524414
2020-06-18,71.12432098388672
2020-06-19,70.9143295288086
2020-06-22,71.91187286376953
2020-06-23,72.53348541259766
2020-06-24,70.92671203613281
2020-06-25,71.39031982421875
2020-06-26,67.35701751708984
2020-06-29,69.09406280517578
2020-06-30,70.01731872558594
2020-07-01,71.22736358642578
2020-07-02,72.5478515625
2020-07-06,74.08330535888672
2020-07-07,73.56224822998047
2020-07-08,74.0981674194336
2020-07-09,74.84063720703125
2020-07-10,76.36370849609375
2020-07-13,74.85797882080078
2020-07-14,75.31563568115234
2020-07-15,74.97188568115234
2020-07-16,75.1878433227539
2020-07-17,75.06648254394531
2020-07-20,77.55146789550781
2020-07-21,77.18988037109375
2020-07-22,77.68865966796875
2020-07-23,75.07292175292969
2020-07-24,74.88422393798828
2020-07-27,75.79212951660156
2020-07-28,74.31312561035156
2020-07-29,75.38695526123047
2020-07-30,75.85403442382812
2020-07-31,73.45228576660156
2020-08-03,73.0307846069336
2020-08-04,72.56122589111328
2020-08-05,72.98916625976562
2020-08-06,74.30123138427734
2020-08-07,74.02337646484375
2020-08-10,74.10311889648438
2020-08-11,73.32152557373047
2020-08-12,74.62417602539062
2020-08-13,75.21012878417969
2020-08-14,74.67915344238281
2020-08-17,75.18685150146484
2020-08-18,77.19879913330078
2020-08-19,76.6504898071289
2020-08-20,78.34544372558594
2020-08-21,78.27957153320312
2020-08-24,78.66492462158203
2020-08-25,79.65652465820312
2020-08-26,81.84381103515625
2020-08-27,80.94977569580078
2020-08-28,81.44905090332031
2020-08-31,80.9423599243164
2020-09-01,82.25639343261719
2020-09-02,85.60319519042969
2020-09-03,81.3217544555664
2020-09-04,78.80558776855469
2020-09-08,75.90060424804688
2020-09-09,77.1175765991211
2020-09-10,75.88225555419922
2020-09-11,75.32258605957031
2020-09-14,75.25122833251953
2020-09-15,76.34883880615234
2020-09-16,75.33148193359375
2020-09-17,74.07489013671875
2020-09-18,72.31456756591797
2020-09-21,70.88658905029297
2020-09-22,72.58551025390625
2020-09-23,70.09657287597656
2020-09-24,70.74442291259766
2020-09-25,71.57012176513672
2020-09-28,72.5389404296875
2020-09-29,72.77718353271484
2020-09-30,72.79055786132812
2020-10-01,73.80545043945312
2020-10-02,72.2367935180664
2020-10-05,73.6038589477539
2020-10-06,71.9901351928711
2020-10-07,72.32942199707031
2020-10-08,73.59939575195312
2020-10-09,75.05015563964844
2020-10-12,77.72135162353516
2020-10-13,77.8466567993164
2020-10-14,77.66836547851562
2020-10-15,77.22504425048828
2020-10-16,77.91253662109375
2020-10-19,76.01054382324219
2020-10-20,77.06655883789062
2020-10-21,78.91801452636719
2020-10-22,80.00868225097656
2020-10-23,81.2801513671875
2020-10-26,78.7763671875
2020-10-27,79.46037292480469
2020-10-28,75.11949157714844
2020-10-29,77.62675476074219
2020-10-30,80.2900161743164
2020-11-02,80.53866577148438
2020-11-03,81.736328125
2020-11-04,86.63589477539062
2020-11-05,87.34123992919922
2020-11-06,87.26099395751953
2020-11-09,87.32291412353516
2020-11-10,86.20301818847656
2020-11-11,86.81324005126953
2020-11-12,86.67108154296875
2020-11-13,88.017333984375
2020-11-16,88.23328399658203
2020-11-17,87.67705535888672
2020-11-18,86.51953125
2020-11-19,87.36846923828125
2020-11-20,86.29216003417969
2020-11-23,85.92910766601562
2020-11-24,87.61414337158203
2020-11-25,87.74044799804688
2020-11-27,88.81825256347656
2020-11-30,87.21097564697266
2020-12-01,89.06143951416016
2020-12-02,90.53994750976562
2020-12-03,90.48149108886719
2020-12-04,90.54191589355469
2020-12-07,90.12041473388672
2020-12-08,90.07435607910156
2020-12-09,88.3694839477539
2020-12-10,87.93363189697266
2020-12-11,88.25260162353516
2020-12-14,87.17729187011719
2020-12-15,87.55916595458984
2020-12-16,87.32291412353516
2020-12-17,86.57498931884766
2020-12-18,85.73841094970703
2020-12-21,86.1524887084961
2020-12-22,85.36643981933594
2020-12-23,85.8062744140625
2020-12-24,86.12673950195312
2020-12-28,87.97126007080078
2020-12-29,87.11090850830078
2020-12-30,86.15991973876953
2020-12-31,86.77212524414062
2021-01-04,85.60121154785156
2021-01-05,86.2292709350586
2021-01-06,85.95040893554688
2021-01-07,88.5240249633789
2021-01-08,89.51265716552734
2021-01-11,87.50715637207031
2021-01-12,86.50813293457031
2021-01-13,86.89694213867188
2021-01-14,86.19261169433594
2021-01-15,85.9949951171875
2021-01-19,88.70283508300781
2021-01-20,93.45979309082031
2021-01-21,93.67523193359375
2021-01-22,94.16064453125
2021-01-25,94.07892608642578
2021-01-26,94.96255493164062
2021-01-27,90.68060302734375
2021-01-28,92.28144073486328
2021-01-29,90.92578125
2021-02-01,94.17549133300781
2021-02-02,95.47122192382812
2021-02-03,102.5323486328125
2021-02-04,102.15094757080078
2021-02-05,103.9157485961914
2021-02-08,103.66363525390625
2021-02-09,103.19804382324219
2021-02-10,103.78597259521484
2021-02-11,103.81122589111328
2021-02-12,104.21836853027344
2021-02-16,105.09954071044922
2021-02-17,105.41702270507812
2021-02-18,104.86673736572266
2021-02-19,104.07127380371094
2021-02-22,102.27529907226562
2021-02-23,102.57147979736328
2021-02-24,103.77557373046875
2021-02-25,100.61500549316406
2021-02-26,100.88743591308594
2021-03-01,103.0989761352539
2021-03-02,102.8181381225586
2021-03-03,100.38468933105469
2021-03-04,101.4931869506836
2021-03-05,104.43781280517578
2021-03-08,100.25888061523438
2021-03-09,101.6719970703125
2021-03-10,101.78741455078125
2021-03-11,104.74637603759766
2021-03-12,102.128662109375
2021-03-15,102.35502624511719
2021-03-16,103.64431762695312
2021-03-17,103.572998046875
2021-03-18,100.85572814941406
2021-03-19,101.20146179199219
2021-03-22,100.97310638427734
2021-03-23,101.68487548828125
2021-03-24,101.29358673095703
2021-03-25,101.25891876220703
2021-03-26,100.82254028320312
2021-03-29,101.8329849243164
2021-03-30,101.81266021728516
2021-03-31,102.46104431152344
2021-04-01,105.88459777832031
2021-04-05,110.2333984375
2021-04-06,110.19378662109375
2021-04-07,111.4285888671875
2021-04-08,112.20919036865234
2021-04-09,113.22159576416016
2021-04-12,111.68168640136719
2021-04-13,112.29984283447266
2021-04-14,111.68416595458984
2021-04-15,113.75555419921875
2021-04-16,113.81002807617188
2021-04-19,114.03984832763672
2021-04-20,113.60547637939453
2021-04-21,113.58861541748047
2021-04-22,112.33203887939453
2021-04-23,114.6788101196289
2021-04-26,115.24542999267578
2021-04-27,114.27364349365234
2021-04-28,117.87899017333984
2021-04-29,120.35453796386719
2021-04-30,119.37532043457031
2021-05-03,118.63484191894531
2021-05-04,116.60802459716797
2021-05-05,116.7313461303711
2021-05-06,117.95030975341797
2021-05-07,118.80917358398438
2021-05-10,115.98442840576172
2021-05-11,114.35486602783203
2021-05-12,110.903564453125
2021-05-13,112.03732299804688
2021-05-14,114.72140502929688
2021-05-17,114.98143005371094
2021-05-18,114.09087371826172
2021-05-19,114.35240936279297
2021-05-20,116.69916534423828
2021-05-21,116.15482330322266
2021-05-24,119.2044448852539
2021-05-25,119.32331085205078
2021-05-26,120.53482818603516
2021-05-27,118.9983901977539
2021-05-28,119.44664001464844
2021-06-01,120.35057830810547
2021-06-02,119.9281005859375
2021-06-03,119.10240936279297
2021-06-04,121.43777465820312
2021-06-07,122.14755249023438
2021-06-08,122.9776840209961
2021-06-09,123.40119171142578
2021-06-10,124.89701843261719
2021-06-11,124.51712036132812
2021-06-14,125.16646575927734
2021-06-15,124.8504638671875
2021-06-16,124.51712036132812
2021-06-17,125.1852798461914
2021-06-18,124.38932800292969
2021-06-21,125.26850891113281
2021-06-22,125.80789184570312
2021-06-23,125.27494049072266
2021-06-24,126.08775329589844
2021-06-25,125.80343627929688
2021-06-28,125.62957763671875
2021-06-29,124.83609771728516
2021-06-30,124.14017486572266
2021-07-01,125.18280792236328
2021-07-02,127.5112533569336
2021-07-06,128.55335998535156
2021-07-07,128.85699462890625
2021-07-08,127.9649658203125
2021-07-09,128.35873413085938
2021-07-12,129.3389434814453
2021-07-13,129.76544189453125
2021-07-14,130.84320068359375
2021-07-15,130.03485107421875
2021-07-16,130.60842895507812
2021-07-19,128.04124450683594
2021-07-20,129.8714141845703
2021-07-21,131.35635375976562
2021-07-22,132.07752990722656
2021-07-23,136.52288818359375
2021-07-26,138.33424377441406
2021-07-27,135.5129852294922
2021-07-28,135.10183715820312
2021-07-29,135.25936889648438
2021-07-30,133.95223999023438
2021-08-02,134.71353149414062
2021-08-03,135.00131225585938
2021-08-04,134.75216674804688
2021-08-05,135.65513610839844
2021-08-06,135.75022888183594
2021-08-09,136.70716857910156
2021-08-10,136.80076599121094
2021-08-11,136.3975830078125
2021-08-12,137.09100341796875
2021-08-13,137.10736083984375
2021-08-16,137.61257934570312
2021-08-17,136.01223754882812
2021-08-18,135.28860473632812
2021-08-19,135.62887573242188
2021-08-20,137.13809204101562
2021-08-23,139.77560424804688
2021-08-24,141.06240844726562
2021-08-25,141.6087188720703
2021-08-26,140.78948974609375
2021-08-27,143.19424438476562
2021-08-30,144.1045684814453
2021-08-31,144.09718322753906
2021-09-01,144.4735870361328
2021-09-02,142.86581420898438
2021-09-03,143.4165802001953
2021-09-07,144.1536102294922
2021-09-08,143.5240936279297
2021-09-09,143.55380249023438
2021-09-10,140.5894012451172
2021-09-13,142.11891174316406
2021-09-14,142.06044006347656
2021-09-15,143.84356689453125
2021-09-16,143.01889038085938
2021-09-17,140.1361846923828
2021-09-20,137.71261596679688
2021-09-21,138.33619689941406
2021-09-22,139.61610412597656
2021-09-23,140.49578857421875
2021-09-24,141.29470825195312
2021-09-27,140.17333984375
2021-09-28,134.90621948242188
2021-09-29,133.25880432128906
2021-09-30,132.01510620117188
2021-10-01,135.1820831298828
2021-10-04,132.50990295410156
2021-10-05,134.89926147460938
2021-10-06,136.0652313232422
2021-10-07,137.87954711914062
2021-10-08,138.74188232421875
2021-10-11,137.54473876953125
2021-10-12,135.4302520751953
2021-10-13,136.60610961914062
2021-10-14,140.0851593017578
2021-10-15,140.345703125
2021-10-18,141.619140625
2021-10-19,142.47256469726562
2021-10-20,141.07875061035156
2021-10-21,141.4408416748047
2021-10-22,137.32431030273438
2021-10-25,137.4709014892578
2021-10-26,138.36148071289062
2021-10-27,145.05360412597656
2021-10-28,144.7578887939453
2021-10-29,146.87930297851562
2021-11-01,142.42501831054688
2021-11-02,144.49440002441406
2021-11-03,145.41273498535156
2021-11-04,147.2879638671875
2021-11-05,147.8406982421875
2021-11-08,147.95018005371094
2021-11-09,147.84814453125
2021-11-10,145.25027465820312
2021-11-11,145.37110900878906
2021-11-12,148.24142456054688
2021-11-15,147.98634338378906
2021-11-16,147.67724609375
2021-11-17,147.66336059570312
2021-11-18,149.294921875
2021-11-19,148.54554748535156
2021-11-22,145.698486328125
2021-11-23,145.3800048828125
2021-11-24,145.3408660888672
2021-11-26,141.46607971191406
2021-11-29,144.74305725097656
2021-11-30,141.1154022216797
2021-12-01,140.2892303466797
2021-12-02,142.427490234375
2021-12-03,141.18325805664062
2021-12-06,142.44729614257812
2021-12-07,146.64749145507812
2021-12-08,147.3250732421875
2021-12-09,146.71636962890625
2021-12-10,147.28001403808594
2021-12-13,145.3280029296875
2021-12-14,143.61026000976562
2021-12-15,145.9857940673828
2021-12-16,143.4794921875
2021-12-17,141.4630889892578
2021-12-20,141.06536865234375
2021-12-21,142.86732482910156
2021-12-22,145.57022094726562
2021-12-23,145.76187133789062
2021-12-27,146.6747589111328
2021-12-28,145.0738983154297
2021-12-29,145.12989807128906
2021-12-30,144.63258361816406
2021-12-31,143.32200622558594
2022-01-03,143.7133026123047
2022-01-04,143.06149291992188
2022-01-05,136.36195373535156
2022-01-06,136.2604217529297
2022-01-07,135.71900939941406
2022-01-10,137.27378845214844
2022-01-11,138.70375061035156
2022-01-12,140.31893920898438
2022-01-13,137.82557678222656
2022-01-14,138.4748992919922
2022-01-18,135.01171875
2022-01-19,134.37918090820312
2022-01-20,132.2538299560547
2022-01-21,128.8713836669922
2022-01-24,129.14874267578125
2022-01-25,125.54637145996094
2022-01-26,128.0273895263672
2022-01-27,127.90948486328125
2022-01-28,132.0388946533203
2022-01-31,134.42527770996094
2022-02-01,136.5847930908203
2022-02-02,146.64749145507812
2022-02-03,141.31201171875
2022-02-04,141.67410278320312
2022-02-07,137.63438415527344
2022-02-08,137.90679931640625
2022-02-09,140.12579345703125
2022-02-10,137.30201721191406
2022-02-11,132.87149047851562
2022-02-14,134.030517578125
2022-02-15,135.14544677734375
2022-02-16,136.1974639892578
2022-02-17,131.06707763671875
2022-02-18,129.24334716796875
2022-02-22,128.18833923339844
2022-02-23,126.38789367675781
2022-02-24,131.4286346435547
2022-02-25,133.25730895996094
2022-02-28,133.62538146972656
2022-03-01,132.90911865234375
2022-03-02,133.4871368408203
2022-03-03,133.0478515625
2022-03-04,130.88230895996094
2022-03-07,125.27790069580078
2022-03-08,126.08426666259766
2022-03-09,132.60995483398438
2022-03-10,131.43710327148438
2022-03-11,129.2512664794922
2022-03-14,125.55180358886719
2022-03-15,128.44393920898438
2022-03-16,132.43612670898438
2022-03-17,133.3375701904297
2022-03-18,135.51792907714844
2022-03-21,135.19796752929688
2022-03-22,138.9613037109375
2022-03-23,137.20396423339844
2022-03-24,139.98609924316406
2022-03-25,140.1936492919922
2022-03-28,140.61810302734375
2022-03-29,141.9058837890625
2022-03-30,141.3061065673828
2022-03-31,138.3391876220703
2022-04-01,139.37985229492188
2022-04-04,142.29470825195312
2022-04-05,139.7394256591797
2022-04-06,135.88890075683594
2022-04-07,135.1845703125
2022-04-08,132.7530975341797
2022-04-11,128.57864379882812
2022-04-12,127.16998291015625
2022-04-13,129.0635528564453
2022-04-14,126.05900573730469
2022-04-18,126.76036834716797
2022-04-19,129.30625915527344
2022-04-20,127.04219818115234
2022-04-21,123.7652359008789
2022-04-22,118.4916763305664
2022-04-25,122.09358215332031
2022-04-26,118.38468933105469
2022-04-27,113.94129180908203
2022-04-28,118.29108428955078
2022-04-29,113.8877944946289
2022-05-02,116.05773162841797
2022-05-03,117.0211181640625
2022-05-04,121.42489624023438
2022-05-05,115.6511001586914
2022-05-06,114.57479858398438
2022-05-09,112.02294921875
2022-05-10,113.50938415527344
2022-05-11,112.8917236328125
2022-05-12,112.09923553466797
2022-05-13,115.4222640991211
2022-05-16,113.7154312133789
2022-05-17,115.60650634765625
2022-05-18,111.34637451171875
2022-05-19,109.70640563964844
2022-05-20,108.28733825683594
2022-05-23,110.61874389648438
2022-05-24,104.93212127685547
2022-05-25,104.846435546875
2022-05-26,107.27986907958984
2022-05-27,111.7406234741211
2022-05-31,112.96900177001953
2022-06-01,113.06607818603516
2022-06-02,116.6412124633789
2022-06-03,113.48908233642578
2022-06-06,115.91260528564453
2022-06-07,116.12956237792969
2022-06-08,116.13797760009766
2022-06-09,113.8397445678711
2022-06-10,110.38199615478516
2022-06-13,105.87371826171875
2022-06-14,106.18821716308594
2022-06-15,109.35474395751953
2022-06-16,105.63545989990234
2022-06-17,106.85343170166016
2022-06-21,110.96399688720703
2022-06-22,110.98280334472656
2022-06-23,111.62720489501953
2022-06-24,117.42578887939453
2022-06-27,115.52825164794922
2022-06-28,111.51527404785156
2022-06-29,111.2032241821289
2022-06-30,108.34628295898438
2022-07-01,108.05752563476562
2022-07-05,112.81842803955078
2022-07-06,114.13247680664062
2022-07-07,118.18658447265625
2022-07-08,119.0409927368164
2022-07-11,115.42919158935547
2022-07-12,113.77188110351562
2022-07-13,111.13436889648438
2022-07-14,110.39437866210938
2022-07-15,111.70893096923828
2022-07-18,108.87874603271484
2022-07-19,113.54454040527344
2022-07-20,113.62379455566406
2022-07-21,113.96060943603516
2022-07-22,107.34327697753906
2022-07-25,107.1946792602539
2022-07-26,104.45068359375
2022-07-27,112.53411865234375
2022-07-28,113.51482391357422
2022-07-29,115.54558563232422
2022-08-01,114.39647674560547
2022-08-02,114.81253814697266
2022-08-03,117.66551208496094
2022-08-04,117.75467681884766
2022-08-05,117.11076354980469
2022-08-08,117.03152465820312
2022-08-09,116.39751434326172
2022-08-10,119.5179672241211
2022-08-11,118.69575500488281
2022-08-12,121.49921417236328
2022-08-15,121.72704315185547
2022-08-16,121.36052703857422
2022-08-17,119.1910629272461
2022-08-18,119.72599029541016
2022-08-19,117.01170349121094
2022-08-22,113.99034118652344
2022-08-23,113.6931381225586
2022-08-24,113.62379455566406
2022-08-25,116.59564208984375
2022-08-26,110.25569915771484
2022-08-29,109.30469512939453
2022-08-30,108.87874603271484
2022-08-31,108.1258773803711
2022-09-01,109.51274108886719
2022-09-02,107.66028594970703
2022-09-06,106.47154998779297
2022-09-07,109.44339752197266
2022-09-08,108.3933334350586
2022-09-09,110.73119354248047
2022-09-12,110.82034301757812
2022-09-13,104.32189178466797
2022-09-14,104.87664031982422
2022-09-15,102.92512512207031
2022-09-16,102.65766906738281
2022-09-19,102.87559509277344
2022-09-20,100.87454986572266
2022-09-21,99.07164001464844
2022-09-22,99.62638092041016
2022-09-23,98.23950958251953
2022-09-26,97.88289642333984
2022-09-27,97.16964721679688
2022-09-28,99.7947769165039
2022-09-29,97.16964721679688
2022-09-30,95.24784851074219
2022-10-03,98.36829376220703
2022-10-04,101.4491195678711
2022-10-05,101.26089477539062
2022-10-06,101.28070831298828
2022-10-07,98.63574981689453
2022-10-10,97.78382110595703
2022-10-11,97.13002014160156
2022-10-12,97.377685546875
2022-10-13,98.77444458007812
2022-10-14,96.2681884765625
2022-10-17,99.83440399169922
2022-10-18,100.43867492675781
2022-10-19,99.3489990234375
2022-10-20,99.58673858642578
2022-10-21,100.52783966064453
2022-10-24,102.00385284423828
2022-10-25,103.94546508789062
2022-10-26,93.93032836914062
2022-10-27,91.73116302490234
2022-10-28,95.67381286621094
2022-10-31,93.77182006835938
2022-11-01,89.6508560180664
2022-11-02,86.2530517578125
2022-11-03,82.70662689208984
2022-11-04,85.88652801513672
2022-11-07,87.8182144165039
2022-11-08,88.0757827758789
2022-11-09,86.5799560546875
2022-11-10,93.28643035888672
2022-11-11,95.82239532470703
2022-11-14,95.12897491455078
2022-11-15,97.79373931884766
2022-11-16,98.06119537353516
2022-11-17,97.5758056640625
2022-11-18,96.88238525390625
2022-11-21,94.93085479736328
2022-11-22,96.41677856445312
2022-11-23,97.89278411865234
2022-11-25,96.68423461914062
2022-11-28,95.34690856933594
2022-11-29,94.54451751708984
2022-11-30,100.49811553955078
2022-12-01,100.3297119140625
2022-12-02,99.88394165039062
2022-12-05,98.93294525146484
2022-12-06,96.39695739746094
2022-12-07,94.25721740722656
2022-12-08,93.06848907470703
2022-12-09,92.19674682617188
2022-12-12,92.68214416503906
2022-12-13,94.95066833496094
2022-12-14,94.41573333740234
2022-12-15,90.34428405761719
2022-12-16,90.00749206542969
2022-12-19,88.31352233886719
2022-12-20,88.78900909423828
2022-12-21,89.4031982421875
2022-12-22,87.43187713623047
2022-12-23,88.96732330322266
2022-12-27,87.10498046875
2022-12-28,85.64877319335938
2022-12-29,88.11539459228516
2022-12-30,87.89747619628906
2023-01-03,88.8583755493164
2023-01-04,87.87765502929688
2023-01-05,85.95584106445312
2023-01-06,87.33280181884766
2023-01-09,87.96681213378906
2023-01-10,88.40267944335938
2023-01-11,91.39434814453125
2023-01-12,91.04762268066406
2023-01-13,91.92929077148438
2023-01-17,91.2952880859375
2023-01-18,90.91883087158203
2023-01-19,93.02886962890625
2023-01-20,98.34848022460938
2023-01-23,100.26036071777344
2023-01-24,98.27913665771484
2023-01-25,95.82239532470703
2023-01-26,98.22960662841797
2023-01-27,99.76506042480469
2023-01-30,97.03096008300781
2023-01-31,98.93294525146484
2023-02-01,100.47830200195312
2023-02-02,107.77916717529297
2023-02-03,104.23274230957031
2023-02-06,102.4991683959961
2023-02-07,107.02628326416016
2023-02-08,99.06171417236328
2023-02-09,94.56432342529297
2023-02-10,93.96995544433594
2023-02-13,94.10863494873047
2023-02-14,94.0591049194336
2023-02-15,96.18892669677734
2023-02-16,94.88131713867188
2023-02-17,93.70248413085938
2023-02-21,91.18631744384766
2023-02-22,90.93865966796875
2023-02-23,90.21549987792969
2023-02-24,88.51164245605469
2023-02-27,89.25460815429688
2023-02-28,89.45275115966797
2023-03-01,89.6607666015625
2023-03-02,91.44386291503906
2023-03-03,93.1378173828125
2023-03-06,94.6832046508789
2023-03-07,93.28643035888672
2023-03-08,93.76193237304688
2023-03-09,91.79060363769531
2023-03-10,90.15608215332031
2023-03-13,90.79996490478516
2023-03-14,93.36567687988281
2023-03-15,95.64410400390625
2023-03-16,100.1216812133789
2023-03-17,101.49862670898438
2023-03-20,100.9736099243164
2023-03-21,104.846923828125
2023-03-22,103.24213409423828
2023-03-23,105.26298522949219
2023-03-24,105.06485748291016
2023-03-27,102.09300994873047
2023-03-28,100.40896606445312
2023-03-29,100.94389343261719
2023-03-30,100.36933898925781
2023-03-31,103.0241928100586
2023-04-03,103.92564392089844
2023-04-04,104.1336898803711
2023-04-05,103.96526336669922
2023-04-06,107.87823486328125
2023-04-10,105.9465103149414
2023-04-11,105.12430572509766
2023-04-12,104.23274230957031
2023-04-13,107.17488098144531
2023-04-14,108.4329605102539
2023-04-17,105.42147064208984
2023-04-18,104.1336898803711
2023-04-19,104.03460693359375
2023-04-20,104.9063720703125
2023-04-21,104.9162826538086
2023-04-24,105.77810668945312
2023-04-25,103.62846374511719
2023-04-26,103.469970703125
2023-04-27,107.35318756103516
2023-04-28,107.20460510253906
2023-05-01,106.69937896728516
2023-05-02,104.98562622070312
2023-05-03,105.12430572509766
2023-05-04,104.22283172607422
2023-05-05,105.2184066772461
2023-05-08,107.22440338134766
2023-05-09,106.92723083496094
2023-05-10,111.22650146484375
2023-05-11,115.80316162109375
2023-05-12,116.8135757446289
2023-05-15,115.86258697509766
2023-05-16,118.96321868896484
2023-05-17,120.34017181396484
2023-05-18,122.36103820800781
2023-05-19,122.09358215332031
2023-05-22,124.68899536132812
2023-05-23,122.13320922851562
2023-05-24,120.49869537353516
2023-05-25,123.1832504272461
2023-05-26,124.25312042236328
2023-05-30,123.47053527832031
2023-05-31,122.21244812011719
2023-06-01,123.20307159423828
2023-06-02,124.05499267578125
2023-06-05,125.44185638427734
2023-06-06,126.70984649658203
2023-06-07,121.7864761352539
2023-06-08,121.51900482177734
2023-06-09,121.71713256835938
2023-06-12,123.1832504272461
2023-06-13,123.26250457763672
2023-06-14,123.21295928955078
2023-06-15,124.60974884033203
2023-06-16,122.89596557617188
2023-06-20,122.68793487548828
2023-06-21,120.12224578857422
2023-06-22,122.70775604248047
2023-06-23,121.86573791503906
2023-06-26,117.97261047363281
2023-06-27,117.89335632324219
2023-06-28,119.94393157958984
2023-06-29,118.88397979736328
2023-06-30,119.83496856689453
2023-07-03,119.42881774902344
2023-07-05,121.4793930053711
2023-07-06,119.79534149169922
2023-07-07,119.01274871826172
2023-07-10,115.7734375
2023-07-11,116.60555267333984
2023-07-12,118.49762725830078
2023-07-13,123.65875244140625
2023-07-14,124.52057647705078
2023-07-17,123.88658905029297
2023-07-18,122.91578674316406
2023-07-19,121.62798309326172
2023-07-20,118.40848541259766
2023-07-21,119.18115997314453
2023-07-24,120.7364273071289
2023-07-25,121.63788604736328
2023-07-26,128.4434356689453
2023-07-27,128.65147399902344
2023-07-28,131.76197814941406
2023-07-31,131.86106872558594
2023-08-01,130.6525115966797
2023-08-02,127.43299102783203
2023-08-03,127.5617904663086
2023-08-04,127.33392333984375
2023-08-07,130.70204162597656
2023-08-08,130.60296630859375
2023-08-09,128.92884826660156
2023-08-10,128.98826599121094
2023-08-11,128.9486541748047
2023-08-14,130.5930633544922
2023-08-15,129.04769897460938
2023-08-16,127.89859008789062
2023-08-17,129.2359161376953
2023-08-18,126.90796661376953
2023-08-21,127.72026824951172
2023-08-22,128.47314453125
2023-08-23,131.96011352539062
2023-08-24,129.19627380371094
2023-08-25,129.4637451171875
2023-08-28,130.55340576171875
2023-08-29,134.21871948242188
2023-08-30,135.6452178955078
2023-08-31,136.061279296875
2023-09-01,135.5164337158203
2023-09-05,135.4272918701172
2023-09-06,134.099853515625
2023-09-07,134.9220733642578
2023-09-08,135.91268920898438
2023-09-11,136.4476318359375
2023-09-12,134.79330444335938
2023-09-13,136.2098846435547
2023-09-14,137.68589782714844
2023-09-15,137.00234985351562
2023-09-18,137.65615844726562
2023-09-19,137.5273895263672
2023-09-20,133.32716369628906
2023-09-21,130.12747192382812
2023-09-22,130.01852416992188
2023-09-25,130.92987060546875
2023-09-26,128.2353973388672
2023-09-27,130.22654724121094
2023-09-28,131.88087463378906
2023-09-29,130.61289978027344
2023-10-02,133.90171813964844
2023-10-03,132.04925537109375
2023-10-04,134.99139404296875
2023-10-05,134.7140350341797
2023-10-06,137.42831420898438
2023-10-09,138.19110107421875
2023-10-10,137.8939208984375
2023-10-11,140.37046813964844
2023-10-12,138.97369384765625
2023-10-13,137.27972412109375
2023-10-16,139.17181396484375
2023-10-17,139.66712951660156
2023-10-18,137.97317504882812
2023-10-19,137.67599487304688
2023-10-20,135.45700073242188
2023-10-23,136.60610961914062
2023-10-24,138.80528259277344
2023-10-25,125.48148345947266
2023-10-26,122.28179931640625
2023-10-27,122.2421646118164
2023-10-30,124.57011413574219
2023-10-31,124.12434387207031
2023-11-01,126.37303161621094
2023-11-02,127.37356567382812
2023-11-03,129.14675903320312
2023-11-06,130.21664428710938
2023-11-07,131.15769958496094
2023-11-08,132.00965881347656
2023-11-09,130.45437622070312
2023-11-10,132.8021240234375
2023-11-13,132.38609313964844
2023-11-14,134.15928649902344
2023-11-15,135.10035705566406
2023-11-16,137.3986053466797
2023-11-17,135.65513610839844
2023-11-20,136.62591552734375
2023-11-21,137.3193359375
2023-11-22,138.70623779296875
2023-11-24,136.92312622070312
2023-11-27,136.75473022460938
2023-11-28,137.3193359375
2023-11-29,135.12020874023438
2023-11-30,132.6634521484375
2023-12-01,132.069091796875
2023-12-04,129.4043426513672
2023-12-05,131.1478271484375
2023-12-06,130.19679260253906
2023-12-07,137.1509552001953
2023-12-08,135.35792541503906
2023-12-11,133.43614196777344
2023-12-12,132.38609313964844
2023-12-13,132.71299743652344
2023-12-14,131.95021057128906
2023-12-15,132.5841827392578
2023-12-18,135.9027862548828
2023-12-19,136.8042449951172
2023-12-20,138.349609375
2023-12-21,140.46954345703125
2023-12-22,141.38087463378906
2023-12-26,141.47994995117188
2023-12-27,140.1129150390625
2023-12-28,139.9543914794922
2023-12-29,139.60768127441406
2024-01-02,138.2505645751953
2024-01-03,139.04302978515625
2024-01-04,136.74478149414062
2024-01-05,136.10092163085938
2024-01-08,139.21144104003906
2024-01-09,141.22238159179688
2024-01-10,142.4507598876953
2024-01-11,142.3219757080078
2024-01-12,142.88662719726562
2024-01-16,142.72813415527344
2024-01-17,141.54930114746094
2024-01-18,143.62957763671875
2024-01-19,146.5816192626953
2024-01-22,146.3240509033203
2024-01-23,147.2849578857422
2024-01-24,148.9392852783203
2024-01-25,152.1984405517578
2024-01-26,152.3470458984375
2024-01-29,153.3871612548828
2024-01-30,151.6139678955078
2024-01-31,140.46954345703125
2024-02-01,141.37098693847656
2024-02-02,142.1931915283203
2024-02-05,143.57012939453125
2024-02-06,144.045654296875
2024-02-07,145.30374145507812
2024-02-08,145.8386993408203
2024-02-09,148.81051635742188
2024-02-12,147.33450317382812
2024-02-13,144.9966583251953
2024-02-14,145.75941467285156
2024-02-15,142.58944702148438
2024-02-16,140.42990112304688
2024-02-20,140.8657989501953
2024-02-21,142.4903564453125
2024-02-22,143.95651245117188
2024-02-23,143.92677307128906
2024-02-26,137.44813537597656
2024-02-27,138.78549194335938
2024-02-28,136.14051818847656
2024-02-29,138.46847534179688
2024-03-01,136.784423828125
2024-03-04,132.9408416748047
2024-03-05,132.52476501464844
2024-03-06,131.31622314453125
2024-03-07,133.9710693359375
2024-03-08,135.01123046875
2024-03-11,137.63636779785156
2024-03-12,138.30996704101562
2024-03-13,139.44918823242188
2024-03-14,142.9856719970703
2024-03-15,140.83604431152344
2024-03-18,147.0868377685547
2024-03-19,146.53207397460938
2024-03-20,148.2755889892578
2024-03-21,147.3444061279297
2024-03-22,150.34597778320312
2024-03-25,149.73178100585938
2024-03-26,150.27664184570312
2024-03-27,150.51438903808594
2024-03-28,150.8313751220703
2024-04-01,155.0316162109375
2024-04-02,154.4075164794922
2024-04-03,154.90280151367188
2024-04-04,150.51438903808594
2024-04-05,152.49560546875
2024-04-08,154.6749725341797
2024-04-09,156.6562042236328
2024-04-10,156.18072509765625
2024-04-11,159.28135681152344
2024-04-12,157.69635009765625
2024-04-15,154.8632049560547
2024-04-16,154.5363006591797
2024-04-17,155.4080047607422
2024-04-18,155.9825897216797
2024-04-19,154.25892639160156
2024-04-22,156.4679718017578
2024-04-23,158.4195098876953
2024-04-24,159.5884552001953
2024-04-25,156.4679718017578
2024-04-26,172.06031799316406
2024-04-29,166.32460021972656
2024-04-30,163.09519958496094
2024-05-01,164.01649475097656
2024-05-02,166.87940979003906
2024-05-03,167.40443420410156
2024-05-06,168.23654174804688
2024-05-07,171.35696411132812
2024-05-08,169.55404663085938
2024-05-09,169.97010803222656
2024-05-10,168.6922149658203
2024-05-13,169.29649353027344
2024-05-14,170.31680297851562
2024-05-15,172.24853515625
2024-05-16,173.78396606445312
2024-05-17,175.6265106201172
2024-05-20,176.78555297851562
2024-05-21,177.85540771484375
2024-05-22,176.32986450195312
2024-05-23,173.41746520996094
2024-05-24,174.675537109375
2024-05-28,176.34967041015625
2024-05-29,175.73548889160156
2024-05-30,171.93150329589844
2024-05-31,172.3277587890625
2024-06-03,172.78347778320312
2024-06-04,173.48680114746094
2024-06-05,175.4086151123047
2024-06-06,176.67660522460938
2024-06-07,174.29910278320312
2024-06-10,175.17181396484375
2024-06-11,176.71893310546875
2024-06-12,178.07762145996094
2024-06-13,175.28094482421875
2024-06-14,176.89747619628906
2024-06-17,177.3040771484375
2024-06-18,174.99330139160156
2024-06-20,176.242919921875
2024-06-21,178.7718505859375
2024-06-24,179.29750061035156
2024-06-25,184.0479278564453
2024-06-26,183.8396453857422
2024-06-27,185.3173828125
2024-06-28,181.90576171875
2024-07-01,182.96694946289062
2024-07-02,185.06944274902344
2024-07-03,185.843017578125
2024-07-05,190.37530517578125
2024-07-08,188.90748596191406
2024-07-09,188.8677978515625
2024-07-10,191.0695037841797
2024-07-11,185.7537384033203
2024-07-12,185.23805236816406
2024-07-15,186.63641357421875
2024-07-16,183.96859741210938
2024-07-17,181.1123809814453
2024-07-18,177.74044799804688
2024-07-19,177.9090118408203
2024-07-22,181.8363494873047
2024-07-23,182.08432006835938
2024-07-24,172.93048095703125
2024-07-25,167.7635040283203
2024-07-26,167.28744506835938
2024-07-29,169.7172393798828
2024-07-30,170.44122314453125
2024-07-31,171.72056579589844
2024-08-01,171.02630615234375
2024-08-02,167.009765625
2024-08-05,159.31385803222656
2024-08-06,159.21466064453125
2024-08-07,159.42294311523438
2024-08-08,162.48739624023438
2024-08-09,164.02464294433594
2024-08-12,162.59652709960938
2024-08-13,164.56015014648438
2024-08-14,160.69235229492188
2024-08-15,161.82293701171875
2024-08-16,163.3800048828125
2024-08-19,167.009765625
2024-08-20,167.56517028808594
2024-08-21,166.2461395263672
2024-08-22,164.123779296875
2024-08-23,166.04774475097656
2024-08-26,166.5436553955078
2024-08-27,165.00648498535156
2024-08-28,163.14195251464844
2024-08-29,162.05105590820312
2024-08-30,163.74693298339844
2024-09-03,157.30059814453125
2024-09-04,156.5072021484375
2024-09-05,157.29066467285156
2024-09-06,150.8740997314453
2024-09-09,148.5006866455078
2024-09-10,148.96742248535156
2024-09-11,151.09255981445312
2024-09-12,154.45899963378906
2024-09-13,157.26931762695312
2024-09-16,157.88502502441406
2024-09-17,159.16604614257812
2024-09-18,159.69236755371094
2024-09-19,162.10546875
2024-09-20,163.49575805664062
2024-09-23,161.93667602539062
2024-09-24,162.50270080566406
2024-09-25,161.85723876953125
2024-09-26,162.69139099121094
2024-09-27,164.14125061035156
2024-09-30,166.0280303955078
2024-10-01,167.24949645996094
2024-10-02,166.14718627929688
2024-10-03,166.04788208007812
2024-10-04,167.38851928710938
2024-10-07,163.2474822998047
2024-10-08,164.54840087890625
2024-10-09,161.92672729492188
2024-10-10,162.0458984375
2024-10-11,163.3765869140625
2024-10-14,165.1938934326172
2024-10-15,165.74005126953125
2024-10-16,165.58116149902344
2024-10-17,163.3666534423828
2024-10-18,163.90292358398438
2024-10-21,164.64768981933594
2024-10-22,165.66061401367188
2024-10-23,163.3368377685547
2024-10-24,163.38650512695312
2024-10-25,165.8294219970703
2024-10-28,167.1700439453125
2024-10-29,169.9505615234375
2024-10-30,174.9158172607422
2024-10-31,171.4898223876953
2024-11-01,171.4500732421875
2024-11-04,169.49375915527344
2024-11-05,170.21868896484375
2024-11-06,177.090576171875
2024-11-07,181.0131378173828
2024-11-08,178.60995483398438
2024-11-11,180.705322265625
2024-11-12,182.04591369628906
2024-11-13,179.23558044433594
2024-11-14,176.11744689941406
2024-11-15,172.68148803710938
2024-11-18,175.5712432861328
2024-11-19,178.33192443847656
2024-11-20,176.09756469726562
2024-11-21,168.0637664794922
2024-11-22,165.412353515625
2024-11-25,168.25244140625
2024-11-26,169.43418884277344
2024-11-27,169.6328125
2024-11-29,169.30508422851562
2024-12-02,171.7777862548828
2024-12-03,171.8175048828125
2024-12-04,174.8661651611328
2024-12-05,173.09852600097656
2024-12-06,175.26341247558594
2024-12-09,176.0686798095703
2024-12-10,185.44375610351562
2024-12-11,195.5644989013672
2024-12-12,192.50241088867188
2024-12-13,190.26553344726562
2024-12-16,197.00604248046875
2024-12-17,195.9720916748047
2024-12-18,189.0426788330078
2024-12-19,188.59530639648438
2024-12-20,191.8363037109375
2024-12-23,194.84869384765625
2024-12-24,196.4194793701172
2024-12-26,195.9522247314453
2024-12-27,192.91001892089844
2024-12-30,191.56790161132812
2024-12-31,189.3310089111328
2025-01-02,189.51988220214844
2025-01-03,192.00534057617188
2025-01-06,196.80722045898438
2025-01-07,195.5644989013672
2025-01-08,194.25216674804688
2025-01-10,192.0450897216797
2025-01-13,191.1702117919922
2025-01-14,189.9374542236328
2025-01-15,195.83291625976562
2025-01-16,193.27789306640625
2025-01-17,196.3995819091797
2025-01-21,198.4674835205078
2025-01-22,198.86514282226562
2025-01-23,198.41778564453125
2025-01-24,200.72425842285156
2025-01-27,192.6416015625
2025-01-28,195.92237854003906
2025-01-29,196.03175354003906
2025-01-30,201.45001220703125
2025-01-31,204.40272521972656
2025-02-03,201.45994567871094
2025-02-04,206.50039672851562
2025-02-05,192.17434692382812
2025-02-06,192.1842803955078
2025-02-07,186.05018615722656
2025-02-10,187.10403442382812
2025-02-11,185.9806365966797
2025-02-12,184.3501434326172
2025-02-13,186.785888671875
2025-02-14,185.7817840576172
2025-02-18,184.71800231933594
2025-02-19,186.04026794433594
2025-02-20,185.55311584472656
2025-02-21,180.5225830078125
2025-02-24,180.13487243652344
2025-02-25,176.33709716796875
2025-02-26,173.68263244628906
2025-02-27,169.2187957763672
2025-02-28,171.21710205078125
2025-03-03,167.67782592773438
2025-03-04,171.6048126220703
2025-03-05,173.97097778320312
2025-03-06,173.1955108642578
2025-03-07,174.72654724121094
2025-03-10,167.0228271484375
2025-03-11,165.201416015625
2025-03-12,168.20726013183594
2025-03-13,163.957275390625
2025-03-14,166.833740234375
2025-03-17,165.78868103027344
2025-03-18,161.90695190429688
2025-03-19,165.5
2025-03-20,164.2758026123047
2025-03-21,165.4701690673828
2025-03-24,169.13290405273438
2025-03-25,171.97946166992188
2025-03-26,166.35598754882812
2025-03-27,163.31033325195312
2025-03-28,155.32794189453125
2025-03-31,155.49716186523438
2025-04-01,158.1347198486328
2025-04-02,158.11480712890625
2025-04-03,151.91404724121094
2025-04-04,147.04698181152344
2025-04-07,148.53994750976562
2025-04-08,145.89242553710938
2025-04-09,160.3045196533203
2025-04-10,154.6411895751953
2025-04-11,158.65228271484375
2025-04-14,160.7125701904297
2025-04-15,157.9356689453125
2025-04-16,154.77056884765625
2025-04-17,152.64060974121094
2025-04-21,149.15704345703125
2025-04-22,153.17807006835938
2025-04-23,156.9801788330078
2025-04-24,160.7125701904297
2025-04-25,163.0814208984375
2025-04-28,161.65811157226562
2025-04-29,161.2998046875
2025-04-30,160.1352996826172
2025-05-01,162.02638244628906
2025-05-02,165.03221130371094
2025-05-05,165.27108764648438
2025-05-06,164.42507934570312
2025-05-07,152.083251953125
2025-05-08,155.0194091796875
2025-05-09,153.6558380126953
2025-05-12,158.83145141601562
2025-05-13,160.1352996826172
2025-05-14,166.02752685546875
2025-05-15,164.62413024902344
2025-05-16,166.64462280273438
2025-05-19,167.0825653076172
2025-05-20,164.54454040527344
2025-05-21,169.26229858398438
2025-05-22,171.17327880859375
2025-05-23,168.79449462890625
2025-05-27,173.16387939453125
2025-05-28,172.56671142578125
2025-05-29,172.148681640625
2025-05-30,172.03919982910156
2025-06-02,169.57081604003906
2025-06-03,166.92330932617188
2025-06-04,168.59542846679688
2025-06-05,169.01345825195312
2025-06-06,174.09947204589844
2025-06-09,177.00929260253906
2025-06-10,179.38095092773438
2025-06-11,178.1652374267578
2025-06-12,176.35157775878906
2025-06-13,175.2654266357422
2025-06-16,177.31820678710938
2025-06-17,176.6106719970703
2025-06-18,173.3720245361328
2025-06-20,167.1438751220703
2025-06-23,165.4298858642578
2025-06-24,167.15386962890625
2025-06-25,170.89073181152344
2025-06-26,173.8204803466797
2025-06-27,177.64706420898438
2025-06-30,176.77012634277344
2025-07-01,176.29180908203125
2025-07-02,179.13185119628906
2025-07-03,179.91908264160156
2025-07-07,176.9395294189453
2025-07-08,174.5479278564453
2025-07-09,177.03919982910156
2025-07-10,178.0755615234375
2025-07-11,180.67642211914062
2025-07-14,182.1711883544922
2025-07-15,182.46018981933594
2025-07-16,183.12783813476562
2025-07-17,184.05458068847656
2025-07-18,185.29025268554688
2025-07-21,190.48202514648438
2025-07-22,191.4386749267578
2025-07-23,190.8407745361328
2025-07-24,192.52488708496094
2025-07-25,193.4018096923828
2025-07-28,192.74412536621094
2025-07-29,195.74359130859375
2025-07-30,196.7500762939453
2025-07-31,192.18606567382812
2025-08-01,189.28622436523438
2025-08-04,195.06597900390625
2025-08-05,194.63748168945312
2025-08-06,196.23187255859375
2025-08-07,196.5906219482422
2025-08-08,201.38380432128906
2025-08-11,200.92543029785156
2025-08-12,203.4465789794922
2025-08-13,202.32052612304688
2025-08-14,203.1077880859375
2025-08-15,204.19395446777344
2025-08-18,203.57611083984375
2025-08-19,201.7824249267578
2025-08-20,199.49046325683594
2025-08-21,199.91896057128906
2025-08-22,205.9976348876953
2025-08-25,208.4291229248047
2025-08-26,207.22332763671875
2025-08-27,207.482421875
2025-08-28,211.6278839111328
2025-08-29,212.78384399414062
2025-09-02,211.2492218017578
2025-09-03,230.29246520996094
2025-09-04,231.8470001220703
2025-09-05,234.34823608398438
2025-09-08,233.55032348632812
2025-09-09,239.3152618408203
2025-09-10,238.93624877929688
2025-09-11,240.15306091308594
2025-09-12,240.75152587890625
2025-09-15,251.10447692871094
2025-09-16,250.765380859375
2025-09-17,249.199462890625
2025-09-18,251.67300415039062
2025-09-19,254.575439453125
2025-09-22,252.22157287597656
2025-09-23,251.68296813964844
2025-09-24,247.18470764160156
2025-09-25,245.92800903320312
2025-09-26,246.53640747070312
2025-09-29,243.7237548828125
2025-09-30,242.91586303710938
2025-10-01,244.90066528320312
2025-10-02,245.78834533691406
2025-10-03,245.80831909179688
2025-10-06,250.85513305664062
2025-10-07,246.48655700683594
2025-10-08,244.82090759277344
2025-10-09,241.57933044433594
2025-10-10,236.87164306640625
2025-10-13,244.00302124023438
2025-10-14,245.5489959716797
2025-10-15,251.0546112060547
2025-10-16,251.22418212890625
2025-10-17,253.12921142578125
2025-10-20,256.35076904296875
2025-10-21,250.68557739257812
2025-10-22,251.8724822998047
2025-10-23,253.06935119628906
2025-10-24,259.83172607421875
2025-10-27,269.2271423339844
2025-10-28,267.7310791015625
2025-10-29,274.4535217285156
2025-10-30,281.166015625
2025-10-31,281.08624267578125
2025-11-03,283.3802490234375
2025-11-04,277.3360290527344
2025-11-05,284.0085754394531
2025-11-06,284.5970764160156
2025-11-07,278.9717712402344
2025-11-10,289.8334045410156
2025-11-11,290.9803771972656
2025-11-12,286.6816101074219
2025-11-13,278.3932189941406
2025-11-14,276.2588195800781
2025-11-17,284.85638427734375
2025-11-18,284.2180480957031
2025-11-19,292.22711181640625
2025-11-20,289.2250061035156
2025-11-21,298.8697814941406
2025-11-24,317.6407775878906
2025-11-25,322.7973327636719
2025-11-26,319.4460754394531
2025-11-28,319.2864685058594
2025-12-01,314.2995300292969
2025-12-02,315.1971435546875
2025-12-03,319.7851867675781
2025-12-04,317.5610046386719
2025-12-05,321.2513732910156
2025-12-08,313.8359069824219
2025-12-09,317.12945556640625
2025-12-10,320.37310791015625
2025-12-11,313.0873718261719
2025-12-12,309.91351318359375
2025-12-15,308.7159118652344
2025-12-16,307.1290283203125
2025-12-17,297.4778747558594
2025-12-18,303.1567687988281
2025-12-19,308.00726318359375
2025-12-22,310.7219543457031
2025-12-23,315.0635070800781
2025-12-24,315.05352783203125
2025-12-26,314.3448791503906
2025-12-29,313.7760009765625
2025-12-30,313.9356994628906
2025-12-31,313.1871643066406
2026-01-02,314.7041931152344
2026-01-05,316.7002868652344
2026-01-06,313.9356994628906
2026-01-07,321.80029296875
2026-01-08,325.373291015625
2026-01-09,328.4972229003906
2026-01-12,332.0801696777344
2026-01-13,335.77294921875
2026-01-14,335.6531982421875
2026-01-15,332.5093688964844
2026-01-16,329.6948547363281
2026-01-20,321.53082275390625
2026-01-21,327.73870849609375
2026-01-22,330.19384765625
2026-01-23,327.7886047363281
2026-01-26,332.9385070800781
2026-01-27,334.3457336425781
2026-01-28,335.6232604980469
2026-01-29,337.99859619140625
2026-01-30,337.8688659667969
2026-02-02,344.2264404296875
2026-02-03,340.0346374511719
2026-02-04,332.68896484375
2026-02-05,330.68292236328125
2026-02-06,322.468994140625
2026-02-09,323.76641845703125
2026-02-10,318.0077209472656
2026-02-11,310.7219543457031
2026-02-12,308.76580810546875
2026-02-13,305.4223327636719
2026-02-17,302.2286071777344
2026-02-18,303.3464050292969
2026-02-19,302.9671325683594
2026-02-20,314.28497314453125
2026-02-23,311.0812683105469
2026-02-24,310.3127746582031
2026-02-25,312.4186706542969
2026-02-26,306.5501403808594
2026-02-27,310.8217468261719
2026-03-02,305.76165771484375
2026-03-03,302.9671325683594
2026-03-04,302.85736083984375
2026-03-05,300.32232666015625
2026-03-06,297.7174072265625
2026-03-09,305.6275329589844
2026-03-10,306.54638671875
2026-03-11,308.0345153808594
2026-03-12,302.8310241699219
2026-03-13,301.08319091796875
2026-03-16,304.0395202636719
2026-03-17,309.0232849121094
2026-03-18,305.9171447753906
2026-03-19,305.3478698730469
2026-03-20,298.41656494140625
2026-03-23,298.646240234375
2026-03-24,288.83856201171875
2026-03-25,289.22802734375
2026-03-26,280.38909912109375
2026-03-27,273.4178466796875
2026-03-30,272.7986145019531
2026-03-31,286.5014343261719
2026-04-01,294.5314025878906
2026-04-02,294.0919494628906
2026-04-06,297.2879638671875
2026-04-07,303.5501403808594
2026-04-08,314.34661865234375
2026-04-09,315.9745788574219
2026-04-10,315.3254089355469
2026-04-13,318.81103515625
2026-04-14,330.16680908203125
2026-04-15,334.05194091796875
2026-04-16,332.35406494140625
2026-04-17,338.97576904296875
2026-04-20,334.98077392578125
2026-04-21,330.05694580078125
2026-04-22,337.3078918457031
2026-04-23,337.327880859375
2026-04-24,341.89215087890625
2026-04-27,348.0843811035156
2026-04-28,347.065673828125
2026-04-29,346.8758850097656
2026-04-30,381.4626159667969
2026-05-01,382.74102783203125
2026-05-04,379.16552734375
2026-05-05,383.7897033691406
2026-05-06,394.6461181640625
2026-05-07,394.805908203125
2026-05-08,396.5537414550781
2026-05-11,386.28656005859375
2026-05-12,383.34027099609375
2026-05-13,398.541259765625
2026-05-14,396.673583984375
2026-05-15,392.8283996582031
2026-05-18,392.61865234375
2026-05-19,384.4189147949219
2026-05-20,384.4189147949219
2026-05-21,382.99072265625
2026-05-22,378.90582275390625
2026-05-26,384.3589782714844
2026-05-27,384.3489990234375
2026-05-28,385.63739013671875
2026-05-29,375.9595031738281
2026-06-01,372.11431884765625
2026-06-02,357.94207763671875
2026-06-03,355.23541259765625
2026-06-04,368.8084411621094
2026-06-05,365.3028564453125
2026-06-08,360.9356994628906
2026-06-09,362.0549621582031
2026-06-10,353.09075927734375
2026-06-11,356.32867431640625
2026-06-12,357.9276428222656
2026-06-15,366.8717956542969
2026-06-16,370.8592529296875
2026-06-17,361.8650817871094
2026-06-18,367.2215881347656
2026-06-22,348.5537109375
2026-06-23,345.8554382324219
2026-06-24,344.816162109375
2026-06-25,341.9679870605469
2026-06-26,334.4728698730469
2026-06-29,351.0520935058594
2026-06-30,353.1007385253906
2026-07-01,357.6578063964844
2026-07-02,355.94891357421875
2026-07-06,364.6632385253906
2026-07-07,363.38409423828125
2026-07-08,358.4772644042969
2026-07-09,356.00885009765625
2026-07-10,354.7996520996094
2026-07-13,350.4425048828125
2026-07-14,357.09814453125
2026-07-15,369.96978759765625
2026-07-16,353.5804443359375
2026-07-17,345.89544677734375
2026-07-20,351.14202880859375
2026-07-21,345.96539306640625
2026-07-22,341.68817138671875
2026-07-23,318.1334533691406
2026-07-24,318.8829650878906
2026-07-27,326.3581237792969
2026-07-28,332.38421630859375
2026-07-29,335.54217529296875
2026-07-30,333.4635009765625
2026-07-31,356.4186096191406
2026-08-03,372.22833251953125
2026-08-04,375.1064758300781
2026-08-05,359.8963623046875
2026-08-06,356.38861083984375
2026-08-07,353.24066162109375
2026-08-10,355.609130859375
2026-08-11,342.7774658203125
2026-08-12,342.1478576660156
2026-08-13,343.71685791015625
2026-08-14,343.3171081542969
2026-08-17,341.2284851074219
2026-08-18,341.0585632324219
2026-08-19,341.47833251953125
2026-08-20,337.9805908203125
2026-08-21,341.52825927734375
2026-08-24,344.3664245605469
2026-08-25,343.11724853515625
2026-08-26,338.8800048828125
2026-08-27,337.4908752441406
2026-08-28,342.65753173828125
2026-08-31,335.1923828125
2026-09-01,331.8145751953125
2026-09-02,333.5634460449219
2026-09-03,338.8599853515625
2026-09-04,335.30999755859375
2026-09-08,335.3800048828125
2026-09-09,328.3800048828125
2026-09-10,330.3900146484375
2026-09-11,335.45001220703125
