date,value
2010-01-04,15.536590576171875
2010-01-05,15.46817398071289
2010-01-06,15.078241348266602
2010-01-07,14.727227210998535
2010-01-08,14.923558235168457
2010-01-11,14.9010009765625
2010-01-12,14.637491226196289
2010-01-13,14.553457260131836
2010-01-14,14.62187385559082
2010-01-15,14.377701759338379
2010-01-19,14.566594123840332
2010-01-20,14.38786506652832
2010-01-21,14.45157241821289
2010-01-22,13.63427448272705
2010-01-25,13.38613510131836
2010-01-26,13.446124076843262
2010-01-27,13.438191413879395
2010-01-28,13.244589805603027
2010-01-29,13.136754989624023
2010-02-01,13.213106155395508
2010-02-02,13.166007995605469
2010-02-03,13.406462669372559
2010-02-04,13.058422088623047
2010-02-05,13.170221328735352
2010-02-08,13.224260330200195
2010-02-09,13.29788589477539
2010-02-10,13.248555183410645
2010-02-11,13.296893119812012
2010-02-12,13.215584754943848
2010-02-16,13.418362617492676
2010-02-17,13.341763496398926
2010-02-18,13.46595573425293
2010-02-19,13.404974937438965
2010-02-22,13.455544471740723
2010-02-23,13.26392650604248
2010-02-24,13.174683570861816
2010-02-25,13.049747467041016
2010-02-26,13.058918952941895
2010-03-01,13.204927444458008
2010-03-02,13.412409782409668
2010-03-03,13.518013954162598
2010-03-04,13.747808456420898
2010-03-05,13.98628044128418
2010-03-08,13.94339370727539
2010-03-09,13.886628150939941
2010-03-10,14.289701461791992
2010-03-11,14.405960083007812
2010-03-12,14.36629867553711
2010-03-15,13.960746765136719
2010-03-16,14.010822296142578
2010-03-17,14.019744873046875
2010-03-18,14.040569305419922
2010-03-19,13.881916999816895
2010-03-22,13.819945335388184
2010-03-23,13.609237670898438
2010-03-24,13.815730094909668
2010-03-25,13.953310012817383
2010-03-26,13.948600769042969
2010-03-29,13.942649841308594
2010-03-30,14.04825496673584
2010-03-31,14.058415412902832
2010-04-01,14.100061416625977
2010-04-05,14.154848098754883
2010-04-06,14.08568286895752
2010-04-07,13.969672203063965
2010-04-08,14.067587852478027
2010-04-09,14.036104202270508
2010-04-12,14.197484970092773
2010-04-13,14.545523643493652
2010-04-14,14.60080337524414
2010-04-15,14.756972312927246
2010-04-16,13.637744903564453
2010-04-19,13.636506080627441
2010-04-20,13.758965492248535
2010-04-21,13.740620613098145
2010-04-22,13.561147689819336
2010-04-23,13.509831428527832
2010-04-26,13.178897857666016
2010-04-27,13.114943504333496
2010-04-28,13.118165969848633
2010-04-29,13.18781852722168
2010-04-30,13.031649589538574
2010-05-03,13.153116226196289
2010-05-04,12.552477836608887
2010-05-05,12.636512756347656
2010-05-06,12.361599922180176
2010-05-07,12.224517822265625
2010-05-10,12.931255340576172
2010-05-11,12.618910789489746
2010-05-12,12.528183937072754
2010-05-13,12.664278030395508
2010-05-14,12.581232070922852
2010-05-17,12.592141151428223
2010-05-18,12.35416316986084
2010-05-19,12.25649356842041
2010-05-20,11.775089263916016
2010-05-21,11.701712608337402
2010-05-24,11.828385353088379
2010-05-25,11.826155662536621
2010-05-26,11.786492347717285
2010-05-27,12.158082008361816
2010-05-28,12.038349151611328
2010-06-01,11.957536697387695
2010-06-02,12.230218887329102
2010-06-03,12.533388137817383
2010-06-04,12.362838745117188
2010-06-07,12.035623550415039
2010-06-08,12.017279624938965
2010-06-09,11.750548362731934
2010-06-10,12.07255744934082
2010-06-11,12.10949420928955
2010-06-14,11.977865219116211
2010-06-15,12.344741821289062
2010-06-16,12.42605209350586
2010-06-17,12.396552085876465
2010-06-18,12.395313262939453
2010-06-21,12.110981941223145
2010-06-22,12.053717613220215
2010-06-23,11.949604034423828
2010-06-24,11.77731990814209
2010-06-25,11.717329025268555
2010-06-28,11.7024564743042
2010-06-29,11.260716438293457
2010-06-30,11.029926300048828
2010-07-01,10.894576072692871
2010-07-02,10.821699142456055
2010-07-06,10.809800148010254
2010-07-07,11.160069465637207
2010-07-08,11.317728042602539
2010-07-09,11.588675498962402
2010-07-12,11.795415878295898
2010-07-13,12.126847267150879
2010-07-14,12.17989730834961
2010-07-15,12.246330261230469
2010-07-16,11.393336296081543
2010-07-19,11.556199073791504
2010-07-20,11.938200950622559
2010-07-21,11.836812973022461
2010-07-22,12.018021583557129
2010-07-23,12.148165702819824
2010-07-26,12.12114429473877
2010-07-27,12.211873054504395
2010-07-28,12.006619453430176
2010-07-29,12.022483825683594
2010-07-30,12.019013404846191
2010-08-02,12.156843185424805
2010-08-03,12.142464637756348
2010-08-04,12.551237106323242
2010-08-05,12.595359802246094
2010-08-06,12.40002155303955
2010-08-09,12.527193069458008
2010-08-10,12.486536979675293
2010-08-11,12.189811706542969
2010-08-12,12.196505546569824
2010-08-13,12.056199073791504
2010-08-16,12.037358283996582
2010-08-17,12.15956974029541
2010-08-18,11.952082633972168
2010-08-19,11.600573539733887
2010-08-20,11.453078269958496
2010-08-23,11.50389575958252
2010-08-24,11.189568519592285
2010-08-25,11.269638061523438
2010-08-26,11.179407119750977
2010-08-27,11.374000549316406
2010-08-30,11.221795082092285
2010-08-31,11.155610084533691
2010-09-01,11.411185264587402
2010-09-02,11.481832504272461
2010-09-03,11.658331871032715
2010-09-07,11.512076377868652
2010-09-08,11.665271759033203
2010-09-09,11.804091453552246
2010-09-10,11.8031005859375
2010-09-13,11.955058097839355
2010-09-14,11.90944766998291
2010-09-15,11.91464900970459
2010-09-16,11.925064086914062
2010-09-17,12.150397300720215
2010-09-20,12.599822998046875
2010-09-21,12.728231430053711
2010-09-22,12.791196823120117
2010-09-23,12.728726387023926
2010-09-24,13.071064949035645
2010-09-27,13.148407936096191
2010-09-28,13.068089485168457
2010-09-29,13.08098030090332
2010-09-30,13.033882141113281
2010-10-01,13.029666900634766
2010-10-04,12.948607444763184
2010-10-05,13.342257499694824
2010-10-06,13.246076583862305
2010-10-07,13.138492584228516
2010-10-08,13.295653343200684
2010-10-11,13.357378959655762
2010-10-12,13.420592308044434
2010-10-13,13.467940330505371
2010-10-14,13.40919017791748
2010-10-15,14.90942668914795
2010-10-18,15.312498092651367
2010-10-19,15.067584037780762
2010-10-20,15.071300506591797
2010-10-21,15.170705795288086
2010-10-22,15.18409252166748
2010-10-25,15.28250503540039
2010-10-26,15.33456039428711
2010-10-27,15.281760215759277
2010-10-28,15.334066390991211
2010-10-29,15.213093757629395
2010-11-01,15.245320320129395
2010-11-02,15.260193824768066
2010-11-03,15.373726844787598
2010-11-04,15.475115776062012
2010-11-05,15.495194435119629
2010-11-08,15.537089347839355
2010-11-09,15.488749504089355
2010-11-10,15.440658569335938
2010-11-11,15.299609184265137
2010-11-12,14.955039024353027
2010-11-15,14.761188507080078
2010-11-16,14.469916343688965
2010-11-17,14.46570110321045
2010-11-18,14.788209915161133
2010-11-19,14.646167755126953
2010-11-22,14.655835151672363
2010-11-23,14.452316284179688
2010-11-24,14.748795509338379
2010-11-26,14.625592231750488
2010-11-29,14.430004119873047
2010-11-30,13.775571823120117
2010-12-01,13.98974895477295
2010-12-02,14.174924850463867
2010-12-03,14.204176902770996
2010-12-06,14.337045669555664
2010-12-07,14.554695129394531
2010-12-08,14.63897705078125
2010-12-09,14.662775039672852
2010-12-10,14.680377006530762
2010-12-13,14.740118026733398
2010-12-14,14.747308731079102
2010-12-15,14.63302993774414
2010-12-16,14.66798210144043
2010-12-17,14.645423889160156
2010-12-20,14.751023292541504
2010-12-21,14.949586868286133
2010-12-22,15.009577751159668
2010-12-23,14.978341102600098
2010-12-27,14.93248176574707
2010-12-28,14.846711158752441
2010-12-29,14.898272514343262
2010-12-30,14.845223426818848
2010-12-31,14.724003791809082
2011-01-03,14.981316566467285
2011-01-04,14.92603588104248
2011-01-05,15.098320960998535
2011-01-06,15.208136558532715
2011-01-07,15.28101634979248
2011-01-10,15.225737571716309
2011-01-11,15.270356178283691
2011-01-12,15.29167652130127
2011-01-13,15.287215232849121
2011-01-14,15.472884178161621
2011-01-18,15.855876922607422
2011-01-19,15.660538673400879
2011-01-20,15.537089347839355
2011-01-21,15.166739463806152
2011-01-24,15.14814567565918
2011-01-25,15.367034912109375
2011-01-26,15.28250503540039
2011-01-27,15.289692878723145
2011-01-28,14.898025512695312
2011-01-31,14.882407188415527
2011-02-01,15.14715576171875
2011-02-02,15.170953750610352
2011-02-03,15.125093460083008
2011-02-04,15.145669937133789
2011-02-07,15.22772216796875
2011-02-08,15.329108238220215
2011-02-09,15.28250503540039
2011-02-10,15.28101634979248
2011-02-11,15.480817794799805
2011-02-14,15.57129955291748
2011-02-15,15.47214126586914
2011-02-16,15.473875999450684
2011-02-17,15.499658584594727
2011-02-18,15.619141578674316
2011-02-22,15.126582145690918
2011-02-23,15.154095649719238
2011-02-24,15.092123985290527
2011-02-25,15.122366905212402
2011-02-28,15.205657958984375
2011-03-01,14.892322540283203
2011-03-02,14.893067359924316
2011-03-03,15.110468864440918
2011-03-04,14.888853073120117
2011-03-07,14.666742324829102
2011-03-08,14.682855606079102
2011-03-09,14.66946792602539
2011-03-10,14.385139465332031
2011-03-11,14.296144485473633
2011-03-14,14.129562377929688
2011-03-15,14.118901252746582
2011-03-16,13.810028076171875
2011-03-17,13.915630340576172
2011-03-18,13.908195495605469
2011-03-21,14.290939331054688
2011-03-22,14.311264991760254
2011-03-23,14.431245803833008
2011-03-24,14.548497200012207
2011-03-25,14.371254920959473
2011-03-28,14.262680053710938
2011-03-29,14.420585632324219
2011-03-30,14.423314094543457
2011-03-31,14.54527473449707
2011-04-01,14.670212745666504
2011-04-04,14.568082809448242
2011-04-05,14.10725212097168
2011-04-06,14.233428001403809
2011-04-07,14.377701759338379
2011-04-08,14.3320894241333
2011-04-11,14.312505722045898
2011-04-12,14.144930839538574
2011-04-13,14.285486221313477
2011-04-14,14.340765953063965
2011-04-15,13.155595779418945
2011-04-18,13.059911727905273
2011-04-19,12.928278923034668
2011-04-20,13.032395362854004
2011-04-21,13.016777038574219
2011-04-25,13.01553726196289
2011-04-26,13.208148956298828
2011-04-27,13.330606460571289
2011-04-28,13.335813522338867
2011-04-29,13.48776912689209
2011-05-02,13.350438117980957
2011-05-03,13.234674453735352
2011-05-04,13.281773567199707
2011-05-05,13.24409294128418
2011-05-06,13.26962661743164
2011-05-09,13.32862377166748
2011-05-10,13.452075958251953
2011-05-11,13.273344993591309
2011-05-12,13.263427734375
2011-05-13,13.127087593078613
2011-05-16,12.851184844970703
2011-05-17,13.149646759033203
2011-05-18,13.133533477783203
2011-05-19,13.169231414794922
2011-05-20,12.990250587463379
2011-05-23,12.850442886352539
2011-05-24,12.84721851348877
2011-05-25,12.882171630859375
2011-05-26,12.84399700164795
2011-05-27,12.912662506103516
2011-05-31,13.113950729370117
2011-06-01,13.029172897338867
2011-06-02,13.090153694152832
2011-06-03,12.966702461242676
2011-06-06,12.916629791259766
2011-06-07,12.86630630493164
2011-06-08,12.869776725769043
2011-06-09,12.809290885925293
2011-06-10,12.630314826965332
2011-06-13,12.511821746826172
2011-06-14,12.602055549621582
2011-06-15,12.467697143554688
2011-06-16,12.403742790222168
2011-06-17,12.023229598999023
2011-06-20,12.012320518493652
2011-06-21,12.221044540405273
2011-06-22,12.07255744934082
2011-06-23,11.904240608215332
2011-06-24,11.771867752075195
2011-06-27,11.968194961547852
2011-06-28,12.23715877532959
2011-06-29,12.334333419799805
2011-06-30,12.55272388458252
2011-07-01,12.915884017944336
2011-07-05,13.19872760772705
2011-07-06,13.271113395690918
2011-07-07,13.549744606018066
2011-07-08,13.18757438659668
2011-07-11,13.070816993713379
2011-07-12,13.237648963928223
2011-07-13,13.343002319335938
2011-07-14,13.111968040466309
2011-07-15,14.814484596252441
2011-07-18,14.748050689697266
2011-07-19,14.936695098876953
2011-07-20,14.758214950561523
2011-07-21,15.046760559082031
2011-07-22,15.325390815734863
2011-07-25,15.34398078918457
2011-07-26,15.431735038757324
2011-07-27,15.052460670471191
2011-07-28,15.14467716217041
2011-07-29,14.964954376220703
2011-08-01,15.041304588317871
2011-08-02,14.685086250305176
2011-08-03,14.902485847473145
2011-08-04,14.31622314453125
2011-08-05,14.353902816772461
2011-08-08,13.535364151000977
2011-08-09,14.214341163635254
2011-08-10,13.609485626220703
2011-08-11,13.93471908569336
2011-08-12,13.975373268127441
2011-08-15,13.813252449035645
2011-08-16,13.361345291137695
2011-08-17,13.216328620910645
2011-08-18,12.515542030334473
2011-08-19,12.16948413848877
2011-08-22,12.34920597076416
2011-08-23,12.861102104187012
2011-08-24,12.971908569335938
2011-08-25,12.89134407043457
2011-08-26,13.060406684875488
2011-08-29,13.36332893371582
2011-08-30,13.403487205505371
2011-08-31,13.409933090209961
2011-09-01,13.200217247009277
2011-09-02,13.010332107543945
2011-09-06,12.944393157958984
2011-09-07,13.238144874572754
2011-09-08,13.261198043823242
2011-09-09,13.010579109191895
2011-09-12,13.141218185424805
2011-09-13,13.12634563446045
2011-09-14,13.189557075500488
2011-09-15,13.44959545135498
2011-09-16,13.551726341247559
2011-09-19,13.551478385925293
2011-09-20,13.550488471984863
2011-09-21,13.366303443908691
2011-09-22,12.906713485717773
2011-09-23,13.02694034576416
2011-09-26,13.18509578704834
2011-09-27,13.369772911071777
2011-09-28,13.10948657989502
2011-09-29,13.076271057128906
2011-09-30,12.7673978805542
2011-10-03,12.283514976501465
2011-10-04,12.441668510437012
2011-10-05,12.511078834533691
2011-10-06,12.759218215942383
2011-10-07,12.76938247680664
2011-10-10,13.315982818603516
2011-10-11,13.464964866638184
2011-10-12,13.596842765808105
2011-10-13,13.856881141662598
2011-10-14,14.667238235473633
2011-10-17,14.437442779541016
2011-10-18,14.638235092163086
2011-10-19,14.39505386352539
2011-10-20,14.46867561340332
2011-10-21,14.637739181518555
2011-10-24,14.784737586975098
2011-10-25,14.456033706665039
2011-10-26,14.534120559692383
2011-10-27,14.840513229370117
2011-10-28,14.876955032348633
2011-10-31,14.691035270690918
2011-11-01,14.34423542022705
2011-11-02,14.497183799743652
2011-11-03,14.81151008605957
2011-11-04,14.77779769897461
2011-11-07,15.079977035522461
2011-11-08,15.179381370544434
2011-11-09,14.897034645080566
2011-11-10,14.751522064208984
2011-11-11,15.080471992492676
2011-11-14,15.1957426071167
2011-11-15,15.283991813659668
2011-11-16,15.157814979553223
2011-11-17,14.895050048828125
2011-11-18,14.746562957763672
2011-11-21,14.401002883911133
2011-11-22,14.377701759338379
2011-11-23,14.132535934448242
2011-11-25,13.95628547668457
2011-11-28,14.580721855163574
2011-11-29,14.450334548950195
2011-11-30,14.858363151550293
2011-12-01,15.214828491210938
2011-12-02,15.378190040588379
2011-12-05,15.509325981140137
2011-12-06,15.462721824645996
2011-12-07,15.453302383422852
2011-12-08,15.271349906921387
2011-12-09,15.553202629089355
2011-12-12,15.502880096435547
2011-12-13,15.508828163146973
2011-12-14,15.321422576904297
2011-12-15,15.35786247253418
2011-12-16,15.517011642456055
2011-12-19,15.414630889892578
2011-12-20,15.626331329345703
2011-12-21,15.513540267944336
2011-12-22,15.609722137451172
2011-12-23,15.694995880126953
2011-12-27,15.871247291564941
2011-12-28,15.857611656188965
2011-12-29,15.924544334411621
2011-12-30,16.01130485534668
2012-01-03,16.49493980407715
2012-01-04,16.566085815429688
2012-01-05,16.33629035949707
2012-01-06,16.113433837890625
2012-01-09,15.430246353149414
2012-01-10,15.447104454040527
2012-01-11,15.517011642456055
2012-01-12,15.608235359191895
2012-01-13,15.492964744567871
2012-01-17,15.58195686340332
2012-01-18,15.68929386138916
2012-01-19,15.854389190673828
2012-01-20,14.526185989379883
2012-01-23,14.514537811279297
2012-01-24,14.400755882263184
2012-01-25,14.117169380187988
2012-01-26,14.082709312438965
2012-01-27,14.377204895019531
2012-01-30,14.320439338684082
2012-01-31,14.380426406860352
2012-02-01,14.398275375366211
2012-02-02,14.504373550415039
2012-02-03,14.782506942749023
2012-02-06,15.098816871643066
2012-02-07,15.041304588317871
2012-02-08,15.117655754089355
2012-02-09,15.157567977905273
2012-02-10,15.019986152648926
2012-02-13,15.175909996032715
2012-02-14,15.115425109863281
2012-02-15,15.011311531066895
2012-02-16,15.035109519958496
2012-02-17,14.988504409790039
2012-02-21,15.220531463623047
2012-02-22,15.070310592651367
2012-02-23,15.024944305419922
2012-02-24,15.118895530700684
2012-02-27,15.104269981384277
2012-02-28,15.329355239868164
2012-02-29,15.325884819030762
2012-03-01,15.428760528564453
2012-03-02,15.400253295898438
2012-03-05,15.226730346679688
2012-03-06,14.996438026428223
2012-03-07,15.042048454284668
2012-03-08,15.05047607421875
2012-03-09,14.879680633544922
2012-03-12,15.001148223876953
2012-03-13,15.314233779907227
2012-03-14,15.26986312866211
2012-03-15,15.39727783203125
2012-03-16,15.494203567504883
2012-03-19,15.71581745147705
2012-03-20,15.703672409057617
2012-03-21,15.864553451538086
2012-03-22,16.015026092529297
2012-03-23,15.929254531860352
2012-03-26,16.09633445739746
2012-03-27,16.039066314697266
2012-03-28,16.255725860595703
2012-03-29,16.073522567749023
2012-03-30,15.895788192749023
2012-04-02,16.036590576171875
2012-04-03,15.929996490478516
2012-04-04,15.744820594787598
2012-04-05,15.67466926574707
2012-04-09,15.637981414794922
2012-04-10,15.53931999206543
2012-04-11,15.764902114868164
2012-04-12,16.137977600097656
2012-04-13,15.483296394348145
2012-04-16,15.02395248413086
2012-04-17,15.1107177734375
2012-04-18,15.058162689208984
2012-04-19,14.85612964630127
2012-04-20,14.775813102722168
2012-04-23,14.81398868560791
2012-04-24,14.904966354370117
2012-04-25,15.114433288574219
2012-04-26,15.25697135925293
2012-04-27,15.24482536315918
2012-04-30,14.993711471557617
2012-05-01,14.983299255371094
2012-05-02,15.053452491760254
2012-05-03,15.146658897399902
2012-05-04,14.798371315002441
2012-05-07,15.060641288757324
2012-05-08,15.190535545349121
2012-05-09,15.100303649902344
2012-05-10,15.212102890014648
2012-05-11,15.003130912780762
2012-05-14,14.972640037536621
2012-05-15,15.14889144897461
2012-05-16,15.590633392333984
2012-05-17,15.444872856140137
2012-05-18,14.88339900970459
2012-05-21,15.223258018493652
2012-05-22,14.893314361572266
2012-05-23,15.107989311218262
2012-05-24,14.964212417602539
2012-05-25,14.663517951965332
2012-05-29,14.733177185058594
2012-05-30,14.581716537475586
2012-05-31,14.399018287658691
2012-06-01,14.154102325439453
2012-06-04,14.342747688293457
2012-06-05,14.139973640441895
2012-06-06,14.391830444335938
2012-06-07,14.333823204040527
2012-06-08,14.388856887817383
2012-06-11,14.092626571655273
2012-06-12,14.008342742919922
2012-06-13,13.90893840789795
2012-06-14,13.858368873596191
2012-06-15,13.993718147277832
2012-06-18,14.150879859924316
2012-06-19,14.415628433227539
2012-06-20,14.3159761428833
2012-06-21,14.011070251464844
2012-06-22,14.166497230529785
2012-06-25,13.899271011352539
2012-06-26,13.997930526733398
2012-06-27,14.112457275390625
2012-06-28,13.988759994506836
2012-06-29,14.379436492919922
2012-07-02,14.389351844787598
2012-07-03,14.571796417236328
2012-07-05,14.772346496582031
2012-07-06,14.525938987731934
2012-07-09,14.526684761047363
2012-07-10,14.419842720031738
2012-07-11,14.159308433532715
2012-07-12,14.141708374023438
2012-07-13,14.291433334350586
2012-07-16,14.251770973205566
2012-07-17,14.296640396118164
2012-07-18,14.396540641784668
2012-07-19,14.701445579528809
2012-07-20,15.141702651977539
2012-07-23,15.257962226867676
2012-07-24,15.061136245727539
2012-07-25,15.071549415588379
2012-07-26,15.204665184020996
2012-07-27,15.740111351013184
2012-07-30,15.674172401428223
2012-07-31,15.690780639648438
2012-08-01,15.683591842651367
2012-08-02,15.586170196533203
2012-08-03,15.898016929626465
2012-08-06,15.934957504272461
2012-08-07,15.878436088562012
2012-08-08,15.920330047607422
2012-08-09,15.92330551147461
2012-08-10,15.914628028869629
2012-08-13,16.3610782623291
2012-08-14,16.575504302978516
2012-08-15,16.54774284362793
2012-08-16,16.679868698120117
2012-08-17,16.785717010498047
2012-08-20,16.746055603027344
2012-08-21,16.596574783325195
2012-08-22,16.786706924438477
2012-08-23,16.77729034423828
2012-08-24,16.822654724121094
2012-08-27,16.589387893676758
2012-08-28,16.78844451904297
2012-08-29,17.055177688598633
2012-08-30,16.898263931274414
2012-08-31,16.9827880859375
2012-09-04,16.88239860534668
2012-09-05,16.874462127685547
2012-09-06,17.3375244140625
2012-09-07,17.504850387573242
2012-09-10,17.371482849121094
2012-09-11,17.158790588378906
2012-09-12,17.126319885253906
2012-09-13,17.50212287902832
2012-09-14,17.592357635498047
2012-09-17,17.599790573120117
2012-09-18,17.805543899536133
2012-09-19,18.034099578857422
2012-09-20,18.049467086791992
2012-09-21,18.194978713989258
2012-09-24,18.576488494873047
2012-09-25,18.57103157043457
2012-09-26,18.677621841430664
2012-09-27,18.75298309326172
2012-09-28,18.703407287597656
2012-10-01,18.88387107849121
2012-10-02,18.7651309967041
2012-10-03,18.901718139648438
2012-10-04,19.0393009185791
2012-10-05,19.029382705688477
2012-10-08,18.786203384399414
2012-10-09,18.445350646972656
2012-10-10,18.457000732421875
2012-10-11,18.6285400390625
2012-10-12,18.46170997619629
2012-10-15,18.368257522583008
2012-10-16,18.460472106933594
2012-10-17,18.727943420410156
2012-10-18,17.22844886779785
2012-10-19,16.900985717773438
2012-10-22,16.823646545410156
2012-10-23,16.865291595458984
2012-10-24,16.78968620300293
2012-10-25,16.80108642578125
2012-10-26,16.736385345458984
2012-10-31,16.86405372619629
2012-11-01,17.044767379760742
2012-11-02,17.05294418334961
2012-11-05,16.929988861083984
2012-11-06,16.89925193786621
2012-11-07,16.537330627441406
2012-11-08,16.169708251953125
2012-11-09,16.435943603515625
2012-11-12,16.5070858001709
2012-11-13,16.337282180786133
2012-11-14,16.176149368286133
2012-11-15,16.045021057128906
2012-11-16,16.04303741455078
2012-11-19,16.564350128173828
2012-11-20,16.60797882080078
2012-11-21,16.506343841552734
2012-11-23,16.558399200439453
2012-11-26,16.389339447021484
2012-11-27,16.62632179260254
2012-11-28,16.947587966918945
2012-11-29,17.151357650756836
2012-11-30,17.311988830566406
2012-12-03,17.234647750854492
2012-12-04,17.130037307739258
2012-12-05,17.05046272277832
2012-12-06,17.13251495361328
2012-12-07,16.96097755432129
2012-12-10,16.99097442626953
2012-12-11,17.275054931640625
2012-12-12,17.291912078857422
2012-12-13,17.41932487487793
2012-12-14,17.400981903076172
2012-12-17,17.867517471313477
2012-12-18,17.874704360961914
2012-12-19,17.850908279418945
2012-12-20,17.90668487548828
2012-12-21,17.739850997924805
2012-12-24,17.587892532348633
2012-12-26,17.572277069091797
2012-12-27,17.50832176208496
2012-12-28,17.352645874023438
2012-12-31,17.535341262817383
2013-01-02,17.928743362426758
2013-01-03,17.93915557861328
2013-01-04,18.293642044067383
2013-01-07,18.213817596435547
2013-01-08,18.17787742614746
2013-01-09,18.297359466552734
2013-01-10,18.380651473999023
2013-01-11,18.34371566772461
2013-01-14,17.928743362426758
2013-01-15,17.970394134521484
2013-01-16,17.728940963745117
2013-01-17,17.633007049560547
2013-01-18,17.464197158813477
2013-01-22,17.423540115356445
2013-01-23,18.381145477294922
2013-01-24,18.696216583251953
2013-01-25,18.682830810546875
2013-01-28,18.609947204589844
2013-01-29,18.68307876586914
2013-01-30,18.686796188354492
2013-01-31,18.732906341552734
2013-02-01,19.22645378112793
2013-02-04,18.815452575683594
2013-02-05,18.982032775878906
2013-02-06,19.09185028076172
2013-02-07,19.1855525970459
2013-02-08,19.468645095825195
2013-02-11,19.395517349243164
2013-02-12,19.352880477905273
2013-02-13,19.40642738342285
2013-02-14,19.529380798339844
2013-02-15,19.655059814453125
2013-02-19,20.001113891601562
2013-02-20,19.6444034576416
2013-02-21,19.720504760742188
2013-02-22,19.824121475219727
2013-02-25,19.602508544921875
2013-02-26,19.586645126342773
2013-02-27,19.82585906982422
2013-02-28,19.861061096191406
2013-03-01,19.984758377075195
2013-03-04,20.364276885986328
2013-03-05,20.78817367553711
2013-03-06,20.60919189453125
2013-03-07,20.63943862915039
2013-03-08,20.61266326904297
2013-03-11,20.694469451904297
2013-03-12,20.51573944091797
2013-03-13,20.458723068237305
2013-03-14,20.365270614624023
2013-03-15,20.1857967376709
2013-03-18,20.024417877197266
2013-03-19,20.11192512512207
2013-03-20,20.195959091186523
2013-03-21,20.110441207885742
2013-03-22,20.086889266967773
2013-03-25,20.07027816772461
2013-03-26,20.13919448852539
2013-03-27,19.89725112915039
2013-03-28,19.687286376953125
2013-04-01,19.86081314086914
2013-04-02,20.154563903808594
2013-04-03,19.98500633239746
2013-04-04,19.7091007232666
2013-04-05,19.411136627197266
2013-04-08,19.207868576049805
2013-04-09,19.277273178100586
2013-04-10,19.587881088256836
2013-04-11,19.593088150024414
2013-04-12,19.584659576416016
2013-04-15,19.383371353149414
2013-04-16,19.66695785522461
2013-04-17,19.39898681640625
2013-04-18,18.986248016357422
2013-04-19,19.82809066772461
2013-04-22,19.834041595458984
2013-04-23,20.027145385742188
2013-04-24,20.16472816467285
2013-04-25,20.0568904876709
2013-04-26,19.866514205932617
2013-04-29,20.30379295349121
2013-04-30,20.440380096435547
2013-05-01,20.337751388549805
2013-05-02,20.565319061279297
2013-05-03,20.964672088623047
2013-05-06,21.357084274291992
2013-05-07,21.2499942779541
2013-05-08,21.656538009643555
2013-05-09,21.603242874145508
2013-05-10,21.820146560668945
2013-05-13,21.753211975097656
2013-05-14,21.990447998046875
2013-05-15,22.704124450683594
2013-05-16,22.406156539916992
2013-05-17,22.537792205810547
2013-05-20,22.52167510986328
2013-05-21,22.483007431030273
2013-05-22,22.047954559326172
2013-05-23,21.883604049682617
2013-05-24,21.648847579956055
2013-05-28,21.845924377441406
2013-05-29,21.524658203125
2013-05-30,21.585390090942383
2013-05-31,21.596792221069336
2013-06-03,21.507802963256836
2013-06-04,21.296350479125977
2013-06-05,21.311222076416016
2013-06-06,21.433683395385742
2013-06-07,21.80775260925293
2013-06-10,22.067787170410156
2013-06-11,21.80973243713379
2013-06-12,21.615633010864258
2013-06-13,21.74007797241211
2013-06-14,21.691486358642578
2013-06-17,21.969375610351562
2013-06-18,22.325593948364258
2013-06-19,22.327083587646484
2013-06-20,21.931941986083984
2013-06-21,21.83749771118164
2013-06-24,21.56134605407715
2013-06-25,21.47235107421875
2013-06-26,21.657032012939453
2013-06-27,21.741809844970703
2013-06-28,21.8236141204834
2013-07-01,22.009780883789062
2013-07-02,21.871706008911133
2013-07-03,21.973838806152344
2013-07-05,22.148847579956055
2013-07-08,22.4364013671875
2013-07-09,22.440120697021484
2013-07-10,22.458711624145508
2013-07-11,22.811962127685547
2013-07-12,22.8803768157959
2013-07-15,22.92226791381836
2013-07-16,22.796340942382812
2013-07-17,22.770061492919922
2013-07-18,22.574974060058594
2013-07-19,22.22593879699707
2013-07-22,22.575469970703125
2013-07-23,22.4044246673584
2013-07-24,22.382110595703125
2013-07-25,22.005321502685547
2013-07-26,21.947065353393555
2013-07-29,21.870712280273438
2013-07-30,22.085140228271484
2013-07-31,22.006555557250977
2013-08-01,22.414831161499023
2013-08-02,22.47308921813965
2013-08-05,22.434171676635742
2013-08-06,22.225202560424805
2013-08-07,22.078447341918945
2013-08-08,22.128273010253906
2013-08-09,22.072500228881836
2013-08-12,21.951030731201172
2013-08-13,21.84543228149414
2013-08-14,21.56184196472168
2013-08-15,21.310232162475586
2013-08-16,21.242063522338867
2013-08-19,21.45871925354004
2013-08-20,21.453018188476562
2013-08-21,21.54994010925293
2013-08-22,21.65851593017578
2013-08-23,21.571760177612305
2013-08-26,21.477060317993164
2013-08-27,21.074487686157227
2013-08-28,21.03482437133789
2013-08-29,21.205373764038086
2013-08-30,20.993919372558594
2013-09-03,21.32807731628418
2013-09-04,21.606958389282227
2013-09-05,21.80353546142578
2013-09-06,21.804031372070312
2013-09-09,22.013996124267578
2013-09-10,22.029367446899414
2013-09-11,22.21578025817871
2013-09-12,22.138187408447266
2013-09-13,22.039281845092773
2013-09-16,22.006805419921875
2013-09-17,21.96590232849121
2013-09-18,22.39252471923828
2013-09-19,22.27031135559082
2013-09-20,22.387319564819336
2013-09-23,21.97557258605957
2013-09-24,21.98400115966797
2013-09-25,21.74578094482422
2013-09-26,21.769081115722656
2013-09-27,21.724952697753906
2013-09-30,21.713054656982422
2013-10-01,21.98796844482422
2013-10-02,22.01250648498535
2013-10-03,21.717517852783203
2013-10-04,21.624813079833984
2013-10-07,21.460948944091797
2013-10-08,21.161745071411133
2013-10-09,21.21603012084961
2013-10-10,21.52292251586914
2013-10-11,21.615882873535156
2013-10-14,21.71800994873047
2013-10-15,21.86427116394043
2013-10-16,22.261390686035156
2013-10-17,22.032339096069336
2013-10-18,25.071983337402344
2013-10-21,24.870943069458008
2013-10-22,24.962661743164062
2013-10-23,25.567766189575195
2013-10-24,25.422502517700195
2013-10-25,25.165935516357422
2013-10-28,25.16097640991211
2013-10-29,25.6875
2013-10-30,25.543222427368164
2013-10-31,25.547191619873047
2013-11-01,25.459440231323242
2013-11-04,25.436382293701172
2013-11-05,25.322599411010742
2013-11-06,25.35309410095215
2013-11-07,24.986215591430664
2013-11-08,25.186508178710938
2013-11-11,25.051654815673828
2013-11-12,25.08115577697754
2013-11-13,25.594039916992188
2013-11-14,25.66246223449707
2013-11-15,25.621063232421875
2013-11-18,25.57124137878418
2013-11-19,25.413827896118164
2013-11-20,25.342180252075195
2013-11-21,25.63370704650879
2013-11-22,25.579666137695312
2013-11-25,25.927701950073242
2013-11-26,26.23707389831543
2013-11-27,26.35358428955078
2013-11-29,26.266326904296875
2013-12-02,26.139650344848633
2013-12-03,26.109411239624023
2013-12-04,26.231374740600586
2013-12-05,26.210546493530273
2013-12-06,26.521156311035156
2013-12-09,26.72616195678711
2013-12-10,26.887788772583008
2013-12-11,26.705093383789062
2013-12-12,26.523386001586914
2013-12-13,26.296070098876953
2013-12-16,26.598251342773438
2013-12-17,26.52090835571289
2013-12-18,26.8900203704834
2013-12-19,26.92646026611328
2013-12-20,27.283422470092773
2013-12-23,27.642370223999023
2013-12-24,27.56155776977539
2013-12-26,27.70087242126465
2013-12-27,27.724172592163086
2013-12-30,27.502559661865234
2013-12-31,27.781435012817383
2014-01-02,27.593286514282227
2014-01-03,27.392000198364258
2014-01-06,27.697397232055664
2014-01-07,28.23135757446289
2014-01-08,28.290109634399414
2014-01-09,28.017677307128906
2014-01-10,28.016191482543945
2014-01-13,27.83770751953125
2014-01-14,28.492637634277344
2014-01-15,28.473302841186523
2014-01-16,28.661701202392578
2014-01-17,28.520647048950195
2014-01-21,28.847122192382812
2014-01-22,28.87984275817871
2014-01-23,28.75788116455078
2014-01-24,27.858776092529297
2014-01-27,27.298542022705078
2014-01-28,27.83845329284668
2014-01-29,27.439594268798828
2014-01-30,28.14533805847168
2014-01-31,29.275230407714844
2014-02-03,28.096755981445312
2014-02-04,28.214006423950195
2014-02-05,28.338945388793945
2014-02-06,28.754409790039062
2014-02-07,29.187725067138672
2014-02-10,29.075923919677734
2014-02-11,29.503538131713867
2014-02-12,29.417024612426758
2014-02-13,29.744489669799805
2014-02-14,29.816375732421875
2014-02-18,30.016672134399414
2014-02-19,29.80497169494629
2014-02-20,29.84885025024414
2014-02-21,29.840919494628906
2014-02-24,30.05708122253418
2014-02-25,30.242752075195312
2014-02-26,30.246963500976562
2014-02-27,30.223167419433594
2014-02-28,30.134920120239258
2014-03-03,29.813650131225586
2014-03-04,30.1165714263916
2014-03-05,30.199617385864258
2014-03-06,30.233083724975586
2014-03-07,30.11359977722168
2014-03-10,30.033777236938477
2014-03-11,29.74671745300293
2014-03-12,29.927932739257812
2014-03-13,29.475772857666016
2014-03-14,29.07270050048828
2014-03-17,29.55113410949707
2014-03-18,30.026092529296875
2014-03-19,29.72837257385254
2014-03-20,29.676565170288086
2014-03-21,29.326541900634766
2014-03-24,28.704082489013672
2014-03-25,28.72367286682129
2014-03-26,28.06056022644043
2014-03-27,27.62204360961914
2014-03-28,27.767555236816406
2014-03-31,27.627744674682617
2014-04-01,28.13294792175293
2014-04-02,28.138153076171875
2014-04-03,28.305652618408203
2014-04-04,27.005523681640625
2014-04-07,26.776702880859375
2014-04-08,27.61274528503418
2014-04-09,28.084753036499023
2014-04-10,27.076845169067383
2014-04-11,26.63455581665039
2014-04-14,27.003049850463867
2014-04-15,27.176395416259766
2014-04-16,27.92923355102539
2014-04-17,26.910924911499023
2014-04-21,26.71429443359375
2014-04-22,27.01791000366211
2014-04-23,26.622173309326172
2014-04-24,26.470117568969727
2014-04-25,25.908466339111328
2014-04-28,25.902524948120117
2014-04-29,26.56372833251953
2014-04-30,26.49190902709961
2014-05-01,26.672691345214844
2014-05-02,26.44188690185547
2014-05-05,26.51420021057129
2014-05-06,25.88220977783203
2014-05-07,25.655866622924805
2014-05-08,25.763341903686523
2014-05-09,26.082805633544922
2014-05-12,26.667736053466797
2014-05-13,26.82176971435547
2014-05-14,26.4686336517334
2014-05-15,26.206626892089844
2014-05-16,26.166011810302734
2014-05-19,26.687549591064453
2014-05-20,26.764816284179688
2014-05-21,27.225929260253906
2014-05-22,27.510713577270508
2014-05-23,27.92428207397461
2014-05-27,28.472564697265625
2014-05-28,28.253646850585938
2014-05-29,28.259096145629883
2014-05-30,28.31308364868164
2014-06-02,27.95102310180664
2014-06-03,27.46415901184082
2014-06-04,27.427011489868164
2014-06-05,27.980247497558594
2014-06-06,28.034730911254883
2014-06-09,28.267513275146484
2014-06-10,28.14716339111328
2014-06-11,28.10753631591797
2014-06-12,27.711307525634766
2014-06-13,27.753406524658203
2014-06-16,27.354700088500977
2014-06-17,27.27149200439453
2014-06-18,27.76876449584961
2014-06-19,27.98322105407715
2014-06-20,28.059001922607422
2014-06-23,28.443838119506836
2014-06-24,28.35716438293457
2014-06-25,29.02035140991211
2014-06-26,28.96289825439453
2014-06-27,29.008464813232422
2014-06-30,28.957944869995117
2014-07-01,29.295732498168945
2014-07-02,29.26056671142578
2014-07-03,29.374481201171875
2014-07-07,29.25957679748535
2014-07-08,28.64739990234375
2014-07-09,28.8930606842041
2014-07-10,28.728628158569336
2014-07-11,29.056011199951172
2014-07-14,29.432924270629883
2014-07-15,29.373491287231445
2014-07-16,29.252639770507812
2014-07-17,28.76725959777832
2014-07-18,29.970312118530273
2014-07-21,29.639955520629883
2014-07-22,29.8940372467041
2014-07-23,29.974275588989258
2014-07-24,29.866304397583008
2014-07-25,29.622121810913086
2014-07-28,29.668685913085938
2014-07-29,29.417573928833008
2014-07-30,29.491371154785156
2014-07-31,28.704357147216797
2014-08-01,28.4096622467041
2014-08-04,28.839073181152344
2014-08-05,28.38688087463379
2014-08-06,28.45374298095703
2014-08-07,28.321006774902344
2014-08-08,28.624616622924805
2014-08-11,28.59044075012207
2014-08-12,28.33636474609375
2014-08-13,28.952497482299805
2014-08-14,28.956954956054688
2014-08-15,28.9103946685791
2014-08-18,29.355661392211914
2014-08-19,29.574079513549805
2014-08-20,29.489883422851562
2014-08-21,29.3417911529541
2014-08-22,29.347734451293945
2014-08-25,29.25016212463379
2014-08-26,29.128816604614258
2014-08-27,28.875232696533203
2014-08-28,28.742494583129883
2014-08-29,28.843530654907227
2014-09-02,29.15407943725586
2014-09-03,29.198162078857422
2014-09-04,29.377450942993164
2014-09-05,29.60726547241211
2014-09-08,29.797950744628906
2014-09-09,29.31950569152832
2014-09-10,29.391319274902344
2014-09-11,29.276912689208984
2014-09-12,28.969337463378906
2014-09-15,28.80787467956543
2014-09-16,29.1615047454834
2014-09-17,29.38488006591797
2014-09-18,29.58200454711914
2014-09-19,29.984678268432617
2014-09-22,29.58200454711914
2014-09-23,29.280378341674805
2014-09-24,29.63896369934082
2014-09-25,28.986669540405273
2014-09-26,29.1179256439209
2014-09-29,29.113466262817383
2014-09-30,29.143184661865234
2014-10-01,28.708324432373047
2014-10-02,28.770235061645508
2014-10-03,29.03619956970215
2014-10-06,29.111976623535156
2014-10-07,28.434425354003906
2014-10-08,28.911880493164062
2014-10-09,28.2714786529541
2014-10-10,27.497838973999023
2014-10-13,26.980756759643555
2014-10-14,27.1758975982666
2014-10-15,26.78165626525879
2014-10-16,26.59294891357422
2014-10-17,25.902027130126953
2014-10-20,26.368091583251953
2014-10-21,26.647926330566406
2014-10-22,26.87872886657715
2014-10-23,27.421566009521484
2014-10-24,27.186304092407227
2014-10-27,27.234844207763672
2014-10-28,27.68357276916504
2014-10-29,27.659303665161133
2014-10-30,27.74944496154785
2014-10-31,28.125864028930664
2014-11-03,27.922792434692383
2014-11-04,27.943599700927734
2014-11-05,27.53548240661621
2014-11-06,27.324487686157227
2014-11-07,27.33092498779297
2014-11-10,27.648406982421875
2014-11-11,27.799964904785156
2014-11-12,27.649398803710938
2014-11-13,27.559749603271484
2014-11-14,27.497838973999023
2014-11-17,27.074369430541992
2014-11-18,26.968873977661133
2014-11-19,27.10210418701172
2014-11-20,26.931724548339844
2014-11-21,27.03721809387207
2014-11-24,27.1159725189209
2014-11-25,27.202646255493164
2014-11-26,27.128353118896484
2014-11-28,27.195219039916992
2014-12-01,26.728164672851562
2014-12-02,26.675662994384766
2014-12-03,26.595422744750977
2014-12-04,26.873279571533203
2014-12-05,26.155113220214844
2014-12-08,26.286365509033203
2014-12-09,26.552827835083008
2014-12-10,26.153133392333984
2014-12-11,26.35471534729004
2014-12-12,25.8297119140625
2014-12-15,25.54888343811035
2014-12-16,24.6732177734375
2014-12-17,25.083810806274414
2014-12-18,25.488462448120117
2014-12-19,25.75690460205078
2014-12-22,26.364124298095703
2014-12-23,26.6845760345459
2014-12-24,26.593446731567383
2014-12-26,26.820781707763672
2014-12-29,26.612262725830078
2014-12-30,26.5117244720459
2014-12-31,26.28289794921875
2015-01-02,26.227924346923828
2015-01-05,25.728179931640625
2015-01-06,25.093217849731445
2015-01-07,25.019424438476562
2015-01-08,25.106592178344727
2015-01-09,24.800006866455078
2015-01-12,24.61873435974121
2015-01-13,24.85350227355957
2015-01-14,25.05805206298828
2015-01-15,24.962963104248047
2015-01-16,25.282419204711914
2015-01-20,25.256664276123047
2015-01-21,25.774240493774414
2015-01-22,26.61176872253418
2015-01-23,26.84207534790039
2015-01-26,26.583044052124023
2015-01-27,25.81386375427246
2015-01-28,25.379993438720703
2015-01-29,25.41961669921875
2015-01-30,26.62415313720703
2015-02-02,26.359172821044922
2015-02-03,26.41365623474121
2015-02-04,26.05704689025879
2015-02-05,26.241788864135742
2015-02-06,26.4423828125
2015-02-09,26.214550018310547
2015-02-10,26.753421783447266
2015-02-11,26.64643669128418
2015-02-12,27.043167114257812
2015-02-13,27.298236846923828
2015-02-17,26.99363899230957
2015-02-18,26.876747131347656
2015-02-19,27.064956665039062
2015-02-20,26.834651947021484
2015-02-23,26.49785614013672
2015-02-24,26.67863655090332
2015-02-25,27.108543395996094
2015-02-26,27.700908660888672
2015-02-27,27.866334915161133
2015-03-02,28.479995727539062
2015-03-03,28.666717529296875
2015-03-04,28.64393424987793
2015-03-05,28.797473907470703
2015-03-06,28.37499237060547
2015-03-09,28.434425354003906
2015-03-10,27.728639602661133
2015-03-11,27.52260398864746
2015-03-12,27.794021606445312
2015-03-13,27.38936996459961
2015-03-16,27.817296981811523
2015-03-17,27.617700576782227
2015-03-18,28.041168212890625
2015-03-19,27.9178409576416
2015-03-20,27.981239318847656
2015-03-23,28.002042770385742
2015-03-24,28.60480499267578
2015-03-25,28.082773208618164
2015-03-26,27.91635513305664
2015-03-27,27.614728927612305
2015-03-30,27.79253578186035
2015-03-31,27.47356605529785
2015-04-01,27.215524673461914
2015-04-02,26.810379028320312
2015-04-06,26.94113540649414
2015-04-07,26.986207962036133
2015-04-08,27.183332443237305
2015-04-09,27.142717361450195
2015-04-10,27.168474197387695
2015-04-13,27.173423767089844
2015-04-14,26.734603881835938
2015-04-15,26.79701042175293
2015-04-16,26.91983985900879
2015-04-17,26.38591957092285
2015-04-20,26.96986198425293
2015-04-21,26.890121459960938
2015-04-22,27.200172424316406
2015-04-23,27.610267639160156
2015-04-24,28.412633895874023
2015-04-27,28.039186477661133
2015-04-28,27.952512741088867
2015-04-29,27.80491828918457
2015-04-30,27.179861068725586
2015-05-01,27.298236846923828
2015-05-04,27.381450653076172
2015-05-05,26.896068572998047
2015-05-06,26.501815795898438
2015-05-07,26.84653663635254
2015-05-08,27.188779830932617
2015-05-11,27.031774520874023
2015-05-12,26.682594299316406
2015-05-13,26.72024154663086
2015-05-14,27.20115852355957
2015-05-15,27.066936492919922
2015-05-18,27.07585334777832
2015-05-19,27.205127716064453
2015-05-20,27.36509895324707
2015-05-21,27.57807159423828
2015-05-22,27.464656829833984
2015-05-26,27.10161018371582
2015-05-27,27.451284408569336
2015-05-28,27.447813034057617
2015-05-29,27.008991241455078
2015-06-01,27.201658248901367
2015-06-02,27.436424255371094
2015-06-03,27.50279426574707
2015-06-04,27.324487686157227
2015-06-05,27.217504501342773
2015-06-08,26.917856216430664
2015-06-09,26.852479934692383
2015-06-10,27.369558334350586
2015-06-11,27.242765426635742
2015-06-12,27.115476608276367
2015-06-15,26.894086837768555
2015-06-16,26.986703872680664
2015-06-17,27.0723876953125
2015-06-18,27.546873092651367
2015-06-19,27.613239288330078
2015-06-22,27.72022247314453
2015-06-23,27.903972625732422
2015-06-24,27.665245056152344
2015-06-25,27.634538650512695
2015-06-26,27.39234161376953
2015-06-29,26.807409286499023
2015-06-30,26.747482299804688
2015-07-01,26.908945083618164
2015-07-02,27.109039306640625
2015-07-06,27.023849487304688
2015-07-07,27.24226951599121
2015-07-08,26.829696655273438
2015-07-09,26.975801467895508
2015-07-10,27.54340362548828
2015-07-13,28.317045211791992
2015-07-14,28.933673858642578
2015-07-15,28.922780990600586
2015-07-16,29.80537986755371
2015-07-17,34.651268005371094
2015-07-20,34.315467834472656
2015-07-21,34.439781188964844
2015-07-22,34.427398681640625
2015-07-23,33.41849899291992
2015-07-24,32.42990493774414
2015-07-27,32.6032600402832
2015-07-28,32.6721076965332
2015-07-29,32.759761810302734
2015-07-30,32.914794921875
2015-07-31,32.565120697021484
2015-08-03,32.92272186279297
2015-08-04,32.75233840942383
2015-08-05,33.3471794128418
2015-08-06,33.19165802001953
2015-08-07,32.9063720703125
2015-08-10,32.84446334838867
2015-08-11,34.18966293334961
2015-08-12,34.24760818481445
2015-08-13,34.00194549560547
2015-08-14,34.14360046386719
2015-08-17,34.37837219238281
2015-08-18,34.11189651489258
2015-08-19,34.37490463256836
2015-08-20,33.65375900268555
2015-08-21,31.897972106933594
2015-08-24,30.614185333251953
2015-08-25,30.334842681884766
2015-08-26,32.676063537597656
2015-08-27,33.083187103271484
2015-08-28,32.673587799072266
2015-08-31,32.08568572998047
2015-09-01,31.181289672851562
2015-09-02,31.941551208496094
2015-09-03,31.552255630493164
2015-09-04,31.15157127380371
2015-09-08,31.89053726196289
2015-09-09,31.867259979248047
2015-09-10,32.24715042114258
2015-09-11,32.45616149902344
2015-09-14,32.31599044799805
2015-09-15,32.94005584716797
2015-09-16,32.96234893798828
2015-09-17,33.26694107055664
2015-09-18,32.7345085144043
2015-09-21,33.03465270996094
2015-09-22,32.352142333984375
2015-09-23,32.35660934448242
2015-09-24,32.43684005737305
2015-09-25,31.70579719543457
2015-09-28,30.918292999267578
2015-09-29,30.837066650390625
2015-09-30,31.617637634277344
2015-10-01,31.797426223754883
2015-10-02,32.53985595703125
2015-10-05,33.26743698120117
2015-10-06,33.26545715332031
2015-10-07,33.18423080444336
2015-10-08,33.03563690185547
2015-10-09,33.24563980102539
2015-10-12,33.50270080566406
2015-10-13,33.83652877807617
2015-10-14,33.69982147216797
2015-10-15,34.324378967285156
2015-10-16,34.438297271728516
2015-10-19,34.6676139831543
2015-10-20,33.67951202392578
2015-10-21,33.27338409423828
2015-10-22,33.73597717285156
2015-10-23,35.62748336791992
2015-10-26,36.21142578125
2015-10-27,36.29561996459961
2015-10-28,36.49868392944336
2015-10-29,36.89145278930664
2015-10-30,36.521968841552734
2015-11-02,37.03458786010742
2015-11-03,37.08808517456055
2015-11-04,37.40951919555664
2015-11-05,37.67500305175781
2015-11-06,37.7210578918457
2015-11-09,37.38277816772461
2015-11-10,37.555633544921875
2015-11-11,37.9018440246582
2015-11-12,37.469947814941406
2015-11-13,36.65470886230469
2015-11-16,37.16732406616211
2015-11-17,36.94742202758789
2015-11-18,37.64231491088867
2015-11-19,37.63883590698242
2015-11-20,38.48379898071289
2015-11-23,38.46894073486328
2015-11-24,38.118770599365234
2015-11-25,38.10044860839844
2015-11-27,38.23466491699219
2015-11-30,37.78297424316406
2015-12-01,38.82009506225586
2015-12-02,38.52589797973633
2015-12-03,38.047943115234375
2015-12-04,38.59325408935547
2015-12-07,38.28519058227539
2015-12-08,38.39167785644531
2015-12-09,37.76810073852539
2015-12-10,37.6437873840332
2015-12-11,37.16732406616211
2015-12-14,37.76761245727539
2015-12-15,37.646270751953125
2015-12-16,38.46349334716797
2015-12-17,38.1286735534668
2015-12-18,37.48579406738281
2015-12-21,37.68143844604492
2015-12-22,37.99494934082031
2015-12-23,38.06330108642578
2015-12-24,37.931060791015625
2015-12-28,38.74333190917969
2015-12-29,39.32380294799805
2015-12-30,39.14253616333008
2015-12-31,38.5338249206543
2016-01-04,37.614070892333984
2016-01-05,37.717594146728516
2016-01-06,37.6086311340332
2016-01-07,36.700767517089844
2016-01-08,36.201019287109375
2016-01-11,36.308006286621094
2016-01-12,36.91572570800781
2016-01-13,35.63936996459961
2016-01-14,36.224796295166016
2016-01-15,35.189640045166016
2016-01-19,35.61509704589844
2016-01-20,35.5893440246582
2016-01-21,35.99102020263672
2016-01-22,36.921669006347656
2016-01-25,36.33524703979492
2016-01-26,36.343658447265625
2016-01-27,35.54080581665039
2016-01-28,37.06232833862305
2016-01-29,37.70867156982422
2016-02-01,38.175235748291016
2016-02-02,38.677459716796875
2016-02-03,37.115821838378906
2016-02-04,36.157440185546875
2016-02-05,34.85631561279297
2016-02-08,34.87613296508789
2016-02-09,34.72060775756836
2016-02-10,35.009361267089844
2016-02-11,34.98508834838867
2016-02-12,35.01134490966797
2016-02-16,35.54377746582031
2016-02-17,36.25352478027344
2016-02-18,35.53733444213867
2016-02-19,35.76516342163086
2016-02-22,36.1088981628418
2016-02-23,35.52644348144531
2016-02-24,35.70524215698242
2016-02-25,36.11237335205078
2016-02-26,35.9013786315918
2016-02-29,35.522972106933594
2016-03-01,36.75871658325195
2016-03-02,36.625484466552734
2016-03-03,36.234703063964844
2016-03-04,36.16684341430664
2016-03-07,35.304054260253906
2016-03-08,35.340213775634766
2016-03-09,35.92861557006836
2016-03-10,36.26343536376953
2016-03-11,36.8924446105957
2016-03-14,37.15842056274414
2016-03-15,37.17475891113281
2016-03-16,37.51105499267578
2016-03-17,37.566532135009766
2016-03-18,37.41447448730469
2016-03-21,37.74879455566406
2016-03-22,37.64427947998047
2016-03-23,37.52096176147461
2016-03-24,37.38624572753906
2016-03-28,37.30897903442383
2016-03-29,37.93353271484375
2016-03-30,38.05487823486328
2016-03-31,37.78544235229492
2016-04-01,38.120758056640625
2016-04-04,37.89540100097656
2016-04-05,37.57098388671875
2016-04-06,38.04150390625
2016-04-07,37.64775466918945
2016-04-08,37.615562438964844
2016-04-11,37.51997375488281
2016-04-12,37.855770111083984
2016-04-13,38.231693267822266
2016-04-14,38.404056549072266
2016-04-15,38.632389068603516
2016-04-18,39.01276397705078
2016-04-19,38.4466552734375
2016-04-20,38.38077926635742
2016-04-21,38.632389068603516
2016-04-22,36.540794372558594
2016-04-25,36.76070022583008
2016-04-26,35.926631927490234
2016-04-27,35.732975006103516
2016-04-28,34.92070007324219
2016-04-29,35.06037902832031
2016-05-02,35.3838005065918
2016-05-03,35.08811569213867
2016-05-04,35.23323440551758
2016-05-05,35.39865493774414
2016-05-06,35.91722106933594
2016-05-09,36.11286163330078
2016-05-10,36.62053298950195
2016-05-11,36.183197021484375
2016-05-12,36.060359954833984
2016-05-13,35.89988327026367
2016-05-16,36.170814514160156
2016-05-17,35.670074462890625
2016-05-18,35.74882507324219
2016-05-19,35.42837142944336
2016-05-20,35.745357513427734
2016-05-23,35.52445983886719
2016-05-24,36.306026458740234
2016-05-25,36.55713653564453
2016-05-26,36.49917984008789
2016-05-27,37.02765655517578
2016-05-31,37.08957290649414
2016-06-01,37.07025909423828
2016-06-02,36.86273193359375
2016-06-03,36.44618225097656
2016-06-06,36.15892028808594
2016-06-07,36.209938049316406
2016-06-08,36.79636001586914
2016-06-09,36.77605056762695
2016-06-10,36.31394958496094
2016-06-13,36.24906921386719
2016-06-14,36.316917419433594
2016-06-15,36.26441955566406
2016-06-16,35.87116241455078
2016-06-17,34.880592346191406
2016-06-20,34.973697662353516
2016-06-21,35.10990524291992
2016-06-22,35.18865203857422
2016-06-23,35.40658187866211
2016-06-24,33.93706512451172
2016-06-27,33.73597717285156
2016-06-28,34.23720932006836
2016-06-29,34.431854248046875
2016-06-30,34.84491729736328
2016-07-01,35.177757263183594
2016-07-05,34.91228485107422
2016-07-06,35.11436462402344
2016-07-07,35.029666900634766
2016-07-08,35.55070877075195
2016-07-11,36.01728057861328
2016-07-12,36.28026580810547
2016-07-13,36.13019561767578
2016-07-14,36.443214416503906
2016-07-15,36.43479537963867
2016-07-18,37.30501937866211
2016-07-19,37.3154182434082
2016-07-20,37.4971923828125
2016-07-21,37.36494064331055
2016-07-22,37.60615921020508
2016-07-25,37.51898193359375
2016-07-26,37.52541732788086
2016-07-27,37.739383697509766
2016-07-28,37.931060791015625
2016-07-29,39.19404602050781
2016-08-01,39.669517517089844
2016-08-02,39.628902435302734
2016-08-03,39.56947708129883
2016-08-04,39.486759185791016
2016-08-05,39.96619415283203
2016-08-08,39.88199996948242
2016-08-09,39.99343490600586
2016-08-10,40.043453216552734
2016-08-11,40.02910232543945
2016-08-12,39.97214126586914
2016-08-15,39.91815185546875
2016-08-16,39.68190002441406
2016-08-17,39.89139938354492
2016-08-18,39.75916290283203
2016-08-19,39.60561752319336
2016-08-22,39.47188949584961
2016-08-23,39.454071044921875
2016-08-24,39.30597686767578
2016-08-25,39.192054748535156
2016-08-26,39.28715133666992
2016-08-29,39.41592788696289
2016-08-30,39.2227668762207
2016-08-31,39.120243072509766
2016-09-01,39.19701385498047
2016-09-02,39.46793746948242
2016-09-06,40.02017593383789
2016-09-07,40.01869583129883
2016-09-08,39.76361846923828
2016-09-09,39.052391052246094
2016-09-12,39.564517974853516
2016-09-13,39.064273834228516
2016-09-14,39.15045166015625
2016-09-15,39.68387985229492
2016-09-16,39.52241516113281
2016-09-19,39.39463424682617
2016-09-20,39.612060546875
2016-09-21,39.87208938598633
2016-09-22,40.41294479370117
2016-09-23,40.3639030456543
2016-09-26,39.75421142578125
2016-09-27,40.15440368652344
2016-09-28,40.1212158203125
2016-09-29,39.75371551513672
2016-09-30,39.82404708862305
2016-10-03,39.64178466796875
2016-10-04,39.761146545410156
2016-10-05,39.68387985229492
2016-10-06,39.77550506591797
2016-10-07,39.65812301635742
2016-10-10,40.32477951049805
2016-10-11,40.096946716308594
2016-10-12,40.20591354370117
2016-10-13,39.825035095214844
2016-10-14,39.850791931152344
2016-10-17,39.961734771728516
2016-10-18,40.68733596801758
2016-10-19,40.952308654785156
2016-10-20,40.69426727294922
2016-10-21,40.81462097167969
2016-10-24,41.39311218261719
2016-10-25,41.037010192871094
2016-10-26,40.71754837036133
2016-10-27,40.48228454589844
2016-10-28,40.59174346923828
2016-10-31,40.11328887939453
2016-11-01,39.89437484741211
2016-11-02,39.0494270324707
2016-11-03,38.7408561706543
2016-11-04,38.68687057495117
2016-11-07,39.7234992980957
2016-11-08,40.216312408447266
2016-11-09,39.89982604980469
2016-11-10,38.64674758911133
2016-11-11,38.22378158569336
2016-11-14,37.30601119995117
2016-11-15,38.392669677734375
2016-11-16,38.63139343261719
2016-11-17,38.937477111816406
2016-11-18,38.43278503417969
2016-11-21,38.870121002197266
2016-11-22,38.880027770996094
2016-11-23,38.58285903930664
2016-11-25,38.64377975463867
2016-11-28,38.919158935546875
2016-11-29,39.09993362426758
2016-11-30,38.4283332824707
2016-12-01,37.856266021728516
2016-12-02,37.862709045410156
2016-12-05,38.544227600097656
2016-12-06,38.44317626953125
2016-12-07,39.20048141479492
2016-12-08,39.383731842041016
2016-12-09,40.09100341796875
2016-12-12,40.01423263549805
2016-12-13,40.382728576660156
2016-12-14,40.509029388427734
2016-12-15,40.39808654785156
2016-12-16,40.110321044921875
2016-12-19,40.2420654296875
2016-12-20,40.37579345703125
2016-12-21,40.22721481323242
2016-12-22,40.102394104003906
2016-12-23,40.009281158447266
2016-12-27,40.11478042602539
2016-12-28,39.84931182861328
2016-12-29,39.765602111816406
2016-12-30,39.249019622802734
2017-01-03,40.019683837890625
2017-01-04,40.00779342651367
2017-01-05,40.267822265625
2017-01-06,40.871578216552734
2017-01-09,40.969146728515625
2017-01-10,40.911197662353516
2017-01-11,41.10188674926758
2017-01-12,41.08553695678711
2017-01-13,41.15537643432617
2017-01-17,40.98301315307617
2017-01-18,41.06027603149414
2017-01-19,40.82997512817383
2017-01-20,41.018184661865234
2017-01-23,41.82351303100586
2017-01-24,42.07611846923828
2017-01-25,42.51791000366211
2017-01-26,42.445106506347656
2017-01-27,41.853233337402344
2017-01-30,40.8032341003418
2017-01-31,40.62294006347656
2017-02-01,40.37778091430664
2017-02-02,40.5273551940918
2017-02-03,40.619972229003906
2017-02-06,40.69377517700195
2017-02-07,41.0706787109375
2017-02-08,41.102874755859375
2017-02-09,41.11178970336914
2017-02-10,41.34903335571289
2017-02-13,41.55260467529297
2017-02-14,41.605594635009766
2017-02-15,41.47138214111328
2017-02-16,41.711585998535156
2017-02-17,41.92852020263672
2017-02-21,42.0632438659668
2017-02-22,42.16675567626953
2017-02-23,42.14892578125
2017-02-24,41.990928649902344
2017-02-27,42.08305740356445
2017-02-28,41.84828567504883
2017-03-01,42.433719635009766
2017-03-02,42.09196853637695
2017-03-03,42.05382537841797
2017-03-06,41.96417999267578
2017-03-07,42.15635299682617
2017-03-08,42.27968215942383
2017-03-09,42.48769760131836
2017-03-10,42.664520263671875
2017-03-13,42.8215217590332
2017-03-14,42.88740539550781
2017-03-15,43.01022720336914
2017-03-16,43.089969635009766
2017-03-17,43.20735168457031
2017-03-20,42.986454010009766
2017-03-21,42.1063232421875
2017-03-22,42.08949279785156
2017-03-23,41.58677291870117
2017-03-24,41.363399505615234
2017-03-27,41.530311584472656
2017-03-28,41.63531494140625
2017-03-29,42.09295654296875
2017-03-30,42.073638916015625
2017-03-31,41.99043273925781
2017-04-03,42.433719635009766
2017-04-04,42.226680755615234
2017-04-05,42.04541015625
2017-04-06,41.8567008972168
2017-04-07,41.70812225341797
2017-04-10,41.68830871582031
2017-04-11,41.59816360473633
2017-04-12,41.676422119140625
2017-04-13,41.61301803588867
2017-04-17,42.35347366333008
2017-04-18,42.29701614379883
2017-04-19,42.42182922363281
2017-04-20,42.59864807128906
2017-04-21,42.54267883300781
2017-04-24,43.532257080078125
2017-04-25,44.023094177246094
2017-04-26,44.037940979003906
2017-04-27,44.1518669128418
2017-04-28,45.790279388427734
2017-05-01,46.20135498046875
2017-05-02,46.412845611572266
2017-05-03,46.975494384765625
2017-05-04,47.286041259765625
2017-05-05,47.066139221191406
2017-05-08,47.482666015625
2017-05-09,47.38460159301758
2017-05-10,47.29198455810547
2017-05-11,47.34398651123047
2017-05-12,47.30684280395508
2017-05-15,47.50892639160156
2017-05-16,47.77587890625
2017-05-17,46.664459228515625
2017-05-18,47.077030181884766
2017-05-19,47.28257751464844
2017-05-22,47.7491340637207
2017-05-23,48.07007598876953
2017-05-24,48.41975021362305
2017-05-25,49.12553405761719
2017-05-26,49.195369720458984
2017-05-30,49.3390007019043
2017-05-31,48.8892822265625
2017-06-01,48.9487190246582
2017-06-02,49.33652877807617
2017-06-05,49.72087097167969
2017-06-06,49.36426544189453
2017-06-07,49.60298538208008
2017-06-08,49.74068069458008
2017-06-09,48.04878234863281
2017-06-12,47.63719940185547
2017-06-13,48.06760787963867
2017-06-14,47.9403190612793
2017-06-15,47.55646514892578
2017-06-16,47.47920608520508
2017-06-19,48.3013801574707
2017-06-20,47.99281692504883
2017-06-21,48.468284606933594
2017-06-22,48.370723724365234
2017-06-23,48.839752197265625
2017-06-26,48.1463508605957
2017-06-27,46.95766830444336
2017-06-28,47.59757995605469
2017-06-29,46.44900131225586
2017-06-30,46.04584503173828
2017-07-03,45.53965377807617
2017-07-05,46.17362594604492
2017-07-06,45.94728088378906
2017-07-07,46.59709167480469
2017-07-10,47.1017951965332
2017-07-11,47.22710037231445
2017-07-12,47.92694091796875
2017-07-13,47.98588943481445
2017-07-14,48.38508605957031
2017-07-17,48.33803176879883
2017-07-18,48.88235092163086
2017-07-19,49.17060852050781
2017-07-20,49.141876220703125
2017-07-21,49.223602294921875
2017-07-24,49.44499969482422
2017-07-25,47.994789123535156
2017-07-26,47.81055450439453
2017-07-27,47.176578521728516
2017-07-28,47.46483612060547
2017-07-31,46.82939147949219
2017-08-01,46.88188934326172
2017-08-02,46.93537139892578
2017-08-03,46.571834564208984
2017-08-04,46.843746185302734
2017-08-07,46.841766357421875
2017-08-08,46.76450729370117
2017-08-09,46.56093978881836
2017-08-10,45.74420928955078
2017-08-11,46.0661506652832
2017-08-14,46.50398254394531
2017-08-15,46.46187973022461
2017-08-16,46.76846694946289
2017-08-17,45.9457893371582
2017-08-18,45.87248992919922
2017-08-21,45.60948944091797
2017-08-22,46.5767936706543
2017-08-23,46.684757232666016
2017-08-24,46.402950286865234
2017-08-25,46.08645248413086
2017-08-28,45.969078063964844
2017-08-29,46.346473693847656
2017-08-30,46.73676300048828
2017-08-31,47.31179428100586
2017-09-01,47.15082550048828
2017-09-05,46.630279541015625
2017-09-06,46.65702819824219
2017-09-07,47.04681396484375
2017-09-08,46.626808166503906
2017-09-11,46.71992111206055
2017-09-12,46.88634490966797
2017-09-13,47.07405471801758
2017-09-14,46.56341552734375
2017-09-15,46.323692321777344
2017-09-18,46.04931640625
2017-09-19,46.40145492553711
2017-09-20,46.9304313659668
2017-09-21,46.93092346191406
2017-09-22,46.71843719482422
2017-09-25,46.27367401123047
2017-09-26,46.42967987060547
2017-09-27,47.542598724365234
2017-09-28,47.785789489746094
2017-09-29,48.227088928222656
2017-10-02,47.91753387451172
2017-10-03,48.14585494995117
2017-10-04,47.883358001708984
2017-10-05,48.79518508911133
2017-10-06,49.21369934082031
2017-10-09,49.147823333740234
2017-10-10,48.92445373535156
2017-10-11,49.808536529541016
2017-10-12,49.808536529541016
2017-10-13,49.918487548828125
2017-10-16,49.991790771484375
2017-10-17,50.073509216308594
2017-10-18,50.15969467163086
2017-10-19,49.61982727050781
2017-10-20,49.77981185913086
2017-10-23,48.81251907348633
2017-10-24,48.958621978759766
2017-10-25,49.1057243347168
2017-10-26,49.10374069213867
2017-10-27,51.19633483886719
2017-10-30,51.169586181640625
2017-10-31,51.165130615234375
2017-11-01,51.63862609863281
2017-11-02,51.65694808959961
2017-11-03,52.004638671875
2017-11-06,51.642581939697266
2017-11-07,52.12350845336914
2017-11-08,52.41572570800781
2017-11-09,51.8922119140625
2017-11-10,51.715396881103516
2017-11-13,51.56928253173828
2017-11-14,51.5910758972168
2017-11-15,51.33204650878906
2017-11-16,51.92935562133789
2017-11-17,51.30628204345703
2017-11-20,51.245361328125
2017-11-21,52.01999282836914
2017-11-22,52.10023498535156
2017-11-24,52.328067779541016
2017-11-27,53.09526062011719
2017-11-28,52.663368225097656
2017-11-29,51.38008117675781
2017-11-30,51.320152282714844
2017-12-01,50.7703857421875
2017-12-04,50.11659622192383
2017-12-05,50.49946212768555
2017-12-06,51.1492805480957
2017-12-07,51.73619079589844
2017-12-08,51.97442626953125
2017-12-11,52.10271072387695
2017-12-12,51.944210052490234
2017-12-13,52.073978424072266
2017-12-14,52.37511444091797
2017-12-15,53.094764709472656
2017-12-18,53.74309539794922
2017-12-19,53.4801025390625
2017-12-20,53.17203140258789
2017-12-21,53.03780746459961
2017-12-22,52.93925094604492
2017-12-26,52.79016876220703
2017-12-27,52.51032638549805
2017-12-28,52.299835205078125
2017-12-29,52.17353057861328
2018-01-02,53.154693603515625
2018-01-03,54.06156921386719
2018-01-04,54.271568298339844
2018-01-05,54.99121856689453
2018-01-08,55.18537139892578
2018-01-09,55.11503982543945
2018-01-10,54.983787536621094
2018-01-11,55.078399658203125
2018-01-12,55.99962615966797
2018-01-16,56.002098083496094
2018-01-17,56.41814041137695
2018-01-18,56.263118743896484
2018-01-19,56.63606643676758
2018-01-22,57.65933609008789
2018-01-23,58.25416564941406
2018-01-24,58.012474060058594
2018-01-25,58.54985427856445
2018-01-26,58.818302154541016
2018-01-29,58.76481628417969
2018-01-30,58.31360626220703
2018-01-31,58.55382537841797
2018-02-01,58.52261734008789
2018-02-02,55.43252182006836
2018-02-05,52.61879348754883
2018-02-06,53.71040725708008
2018-02-07,52.27307891845703
2018-02-08,49.91057205200195
2018-02-09,51.82039260864258
2018-02-12,52.230987548828125
2018-02-13,52.21018600463867
2018-02-14,53.129432678222656
2018-02-15,54.053646087646484
2018-02-16,54.25869369506836
2018-02-20,54.65937805175781
2018-02-21,55.1625862121582
2018-02-22,54.9719123840332
2018-02-23,55.87282943725586
2018-02-26,56.645973205566406
2018-02-27,55.34881591796875
2018-02-28,54.675724029541016
2018-03-01,53.065547943115234
2018-03-02,53.696041107177734
2018-03-05,54.2220458984375
2018-03-06,54.52613830566406
2018-03-07,55.226478576660156
2018-03-08,55.93672561645508
2018-03-09,57.494895935058594
2018-03-12,57.74699401855469
2018-03-13,56.45825958251953
2018-03-14,56.90303039550781
2018-03-15,56.98821258544922
2018-03-16,56.18635177612305
2018-03-19,54.48503875732422
2018-03-20,54.2735481262207
2018-03-21,54.18439865112305
2018-03-22,52.161155700683594
2018-03-23,50.84368133544922
2018-03-26,52.207706451416016
2018-03-27,49.872432708740234
2018-03-28,49.785255432128906
2018-03-29,51.368194580078125
2018-04-02,50.15424346923828
2018-04-03,50.45389175415039
2018-04-04,51.00019454956055
2018-04-05,51.14531326293945
2018-04-06,50.02151107788086
2018-04-09,50.52373504638672
2018-04-10,51.33649444580078
2018-04-11,50.769893646240234
2018-04-12,51.37562561035156
2018-04-13,51.3137092590332
2018-04-16,51.81196975708008
2018-04-17,53.45930099487305
2018-04-18,53.26266860961914
2018-04-19,53.95904541015625
2018-04-20,53.35826110839844
2018-04-23,53.184410095214844
2018-04-24,50.650028228759766
2018-04-25,50.66736602783203
2018-04-26,51.67378616333008
2018-04-27,51.08637237548828
2018-04-30,50.44894790649414
2018-05-01,51.546993255615234
2018-05-02,50.81892395019531
2018-05-03,50.83130645751953
2018-05-04,52.05466079711914
2018-05-07,52.47367477416992
2018-05-08,52.43059158325195
2018-05-09,53.93427276611328
2018-05-10,54.75249481201172
2018-05-11,54.64897537231445
2018-05-14,54.8084602355957
2018-05-15,53.73220443725586
2018-05-16,53.693565368652344
2018-05-17,53.55340576171875
2018-05-18,52.977874755859375
2018-05-21,53.689605712890625
2018-05-22,53.25870132446289
2018-05-23,53.78618240356445
2018-05-24,53.76092529296875
2018-05-25,53.69307327270508
2018-05-29,52.900115966796875
2018-05-30,53.36568832397461
2018-05-31,54.48157501220703
2018-06-01,56.21507263183594
2018-06-04,57.10857009887695
2018-06-05,57.008522033691406
2018-06-06,56.80694580078125
2018-06-07,56.18635177612305
2018-06-08,56.10165023803711
2018-06-11,56.507293701171875
2018-06-12,56.86835861206055
2018-06-13,56.67222595214844
2018-06-14,57.458740234375
2018-06-15,57.417144775390625
2018-06-18,58.621177673339844
2018-06-19,58.378990173339844
2018-06-20,58.64544677734375
2018-06-21,57.92083740234375
2018-06-22,57.913414001464844
2018-06-25,56.427059173583984
2018-06-26,56.09720230102539
2018-06-27,55.32059097290039
2018-06-28,55.807945251464844
2018-06-29,55.92730712890625
2018-07-02,56.56721878051758
2018-07-03,55.287899017333984
2018-07-05,56.52660369873047
2018-07-06,57.20960998535156
2018-07-09,57.81386184692383
2018-07-10,57.80692672729492
2018-07-11,58.02088928222656
2018-07-12,59.496849060058594
2018-07-13,59.653358459472656
2018-07-16,59.2615852355957
2018-07-17,60.082271575927734
2018-07-18,60.073848724365234
2018-07-19,59.38986587524414
2018-07-20,59.32943344116211
2018-07-23,59.97925567626953
2018-07-24,62.314537048339844
2018-07-25,63.19565963745117
2018-07-26,63.66913986206055
2018-07-27,62.05401611328125
2018-07-30,60.922279357910156
2018-07-31,60.78261184692383
2018-08-01,61.068397521972656
2018-08-02,61.471553802490234
2018-08-03,61.324459075927734
2018-08-06,61.3001823425293
2018-08-07,62.20012283325195
2018-08-08,62.4720344543457
2018-08-09,62.62705993652344
2018-08-10,62.03519058227539
2018-08-13,61.84351348876953
2018-08-14,62.31404113769531
2018-08-15,61.03025817871094
2018-08-16,60.626102447509766
2018-08-17,60.21946716308594
2018-08-20,60.5215950012207
2018-08-21,60.29673385620117
2018-08-22,60.511695861816406
2018-08-23,60.48246383666992
2018-08-24,61.25462341308594
2018-08-27,62.2214241027832
2018-08-28,61.70582962036133
2018-08-29,62.63646697998047
2018-08-30,62.13078308105469
2018-08-31,61.009456634521484
2018-09-04,59.99460983276367
2018-09-05,59.38986587524414
2018-09-06,58.641483306884766
2018-09-07,58.32450866699219
2018-09-10,58.199188232421875
2018-09-11,58.93865203857422
2018-09-12,58.027828216552734
2018-09-13,58.54985427856445
2018-09-14,58.34381866455078
2018-09-17,57.44486999511719
2018-09-18,57.805442810058594
2018-09-19,58.16006851196289
2018-09-20,59.01691818237305
2018-09-21,58.0535774230957
2018-09-24,58.42207717895508
2018-09-25,59.13181686401367
2018-09-26,59.14024353027344
2018-09-27,59.79896926879883
2018-09-28,59.78510665893555
2018-10-01,59.85691833496094
2018-10-02,59.81283950805664
2018-10-03,60.00550842285156
2018-10-04,58.29875183105469
2018-10-05,57.84109878540039
2018-10-08,57.251216888427734
2018-10-09,56.718780517578125
2018-10-10,54.09326934814453
2018-10-11,54.02293395996094
2018-10-12,55.4988899230957
2018-10-15,54.6024169921875
2018-10-16,56.11997985839844
2018-10-17,55.84806823730469
2018-10-18,54.378055572509766
2018-10-19,54.73813247680664
2018-10-22,55.044708251953125
2018-10-23,55.22004699707031
2018-10-24,52.3577766418457
2018-10-25,54.65937805175781
2018-10-26,53.67673110961914
2018-10-29,51.24883270263672
2018-10-30,51.98086929321289
2018-10-31,54.01499938964844
2018-11-01,53.78717803955078
2018-11-02,53.06950759887695
2018-11-05,52.288936614990234
2018-11-06,52.97441101074219
2018-11-07,54.889686584472656
2018-11-08,54.215606689453125
2018-11-09,53.34339904785156
2018-11-12,51.97343826293945
2018-11-13,51.90459060668945
2018-11-14,52.23197555541992
2018-11-15,53.04771423339844
2018-11-16,52.91002655029297
2018-11-19,50.886775970458984
2018-11-20,51.03684616088867
2018-11-21,51.679725646972656
2018-11-23,51.0195198059082
2018-11-26,52.29934310913086
2018-11-27,52.11806106567383
2018-11-28,54.07493591308594
2018-11-29,54.21312713623047
2018-11-30,54.95952224731445
2018-12-03,55.29185485839844
2018-12-04,52.62275314331055
2018-12-06,53.395896911621094
2018-12-07,51.83574295043945
2018-12-10,52.162635803222656
2018-12-11,52.58214569091797
2018-12-12,53.180458068847656
2018-12-13,53.17103576660156
2018-12-14,52.08982467651367
2018-12-17,50.79911804199219
2018-12-18,51.67874526977539
2018-12-19,51.28498840332031
2018-12-20,50.69658660888672
2018-12-21,49.09531784057617
2018-12-24,48.76942825317383
2018-12-26,51.89864730834961
2018-12-27,52.14876937866211
2018-12-28,51.84070587158203
2018-12-31,51.75551223754883
2019-01-02,52.2369270324707
2019-01-03,50.79018783569336
2019-01-04,53.39540100097656
2019-01-07,53.28892135620117
2019-01-08,53.75696563720703
2019-01-09,53.57271957397461
2019-01-10,53.43304443359375
2019-01-11,52.7218132019043
2019-01-14,52.079925537109375
2019-01-15,53.81343078613281
2019-01-16,53.96200942993164
2019-01-17,54.43798828125
2019-01-18,54.84313201904297
2019-01-22,53.42314529418945
2019-01-23,53.709415435791016
2019-01-24,53.68911361694336
2019-01-25,54.55635452270508
2019-01-28,53.48405456542969
2019-01-29,52.998687744140625
2019-01-30,54.382015228271484
2019-01-31,55.76386260986328
2019-02-01,55.40378952026367
2019-02-04,56.53304672241211
2019-02-05,57.05062484741211
2019-02-06,55.61527633666992
2019-02-07,54.77428436279297
2019-02-08,54.599449157714844
2019-02-11,54.586570739746094
2019-02-12,55.847572326660156
2019-02-13,55.899574279785156
2019-02-14,55.92780685424805
2019-02-15,55.453819274902344
2019-02-19,55.79457473754883
2019-02-20,55.501365661621094
2019-02-21,54.69008255004883
2019-02-22,55.301761627197266
2019-02-25,55.339908599853516
2019-02-26,55.571693420410156
2019-02-27,55.61527633666992
2019-02-28,55.79655456542969
2019-03-01,56.88469696044922
2019-03-04,57.12739562988281
2019-03-05,57.9084587097168
2019-03-06,57.69796371459961
2019-03-07,57.00009536743164
2019-03-08,56.95652770996094
2019-03-11,58.40721893310547
2019-03-12,59.298240661621094
2019-03-13,59.387882232666016
2019-03-14,59.0644645690918
2019-03-15,58.95401382446289
2019-03-18,58.867340087890625
2019-03-19,59.55628204345703
2019-03-20,60.74347686767578
2019-03-21,61.223907470703125
2019-03-22,59.81333541870117
2019-03-25,59.30467987060547
2019-03-26,58.93122863769531
2019-03-27,58.345306396484375
2019-03-28,58.061012268066406
2019-03-29,58.28983688354492
2019-04-01,59.38392639160156
2019-04-02,59.70882797241211
2019-04-03,59.969844818115234
2019-04-04,60.39777374267578
2019-04-05,60.00154495239258
2019-04-08,59.844539642333984
2019-04-09,59.56766891479492
2019-04-10,59.753902435302734
2019-04-11,59.909423828125
2019-04-12,60.56023025512695
2019-04-15,60.748443603515625
2019-04-16,61.0149040222168
2019-04-17,61.42251968383789
2019-04-18,61.488399505615234
2019-04-22,62.09710693359375
2019-04-23,62.93067169189453
2019-04-24,62.40863800048828
2019-04-25,62.76970672607422
2019-04-26,63.26894760131836
2019-04-29,64.19910430908203
2019-04-30,59.382938385009766
2019-05-01,58.113014221191406
2019-05-02,57.77573013305664
2019-05-03,58.9168701171875
2019-05-06,59.11051940917969
2019-05-07,58.38740539550781
2019-05-08,57.987213134765625
2019-05-09,57.84804153442383
2019-05-10,57.831695556640625
2019-05-13,56.2938232421875
2019-05-14,55.71285629272461
2019-05-15,57.98820877075195
2019-05-16,58.666744232177734
2019-05-17,57.888153076171875
2019-05-20,56.69352340698242
2019-05-21,57.17790985107422
2019-05-22,57.247745513916016
2019-05-23,56.727195739746094
2019-05-24,56.39387512207031
2019-05-28,56.440921783447266
2019-05-29,55.46916961669922
2019-05-30,55.54198455810547
2019-05-31,54.80351257324219
2019-06-03,51.447444915771484
2019-06-04,52.22751235961914
2019-06-05,51.73965835571289
2019-06-06,51.894195556640625
2019-06-07,52.91497802734375
2019-06-10,53.62769317626953
2019-06-11,53.542503356933594
2019-06-12,53.44642639160156
2019-06-13,54.03630447387695
2019-06-14,53.803016662597656
2019-06-17,54.178955078125
2019-06-18,54.7411003112793
2019-06-19,54.70494079589844
2019-06-20,55.13534927368164
2019-06-21,55.73810958862305
2019-06-24,55.30869674682617
2019-06-25,53.866424560546875
2019-06-26,53.50684356689453
2019-06-27,53.3240852355957
2019-06-28,53.62967300415039
2019-07-01,54.48157501220703
2019-07-02,55.10563278198242
2019-07-03,55.620235443115234
2019-07-05,56.09967041015625
2019-07-08,55.31315612792969
2019-07-09,55.68461608886719
2019-07-10,56.507789611816406
2019-07-11,56.664794921875
2019-07-12,56.727195739746094
2019-07-15,56.9832649230957
2019-07-16,57.129371643066406
2019-07-17,56.79654312133789
2019-07-18,56.82130432128906
2019-07-19,56.04420852661133
2019-07-22,56.423587799072266
2019-07-23,56.861419677734375
2019-07-24,56.4493408203125
2019-07-25,56.261627197265625
2019-07-26,61.67413330078125
2019-07-29,61.50672149658203
2019-07-30,60.82124328613281
2019-07-31,60.33586120605469
2019-08-01,60.01789093017578
2019-08-02,59.25217819213867
2019-08-05,57.193267822265625
2019-08-06,58.00206756591797
2019-08-07,58.241294860839844
2019-08-08,59.74102783203125
2019-08-09,58.88467025756836
2019-08-12,58.17145538330078
2019-08-13,59.27247619628906
2019-08-14,57.66379165649414
2019-08-15,57.91489791870117
2019-08-16,58.40473556518555
2019-08-19,59.45623779296875
2019-08-20,58.61869430541992
2019-08-21,59.01740646362305
2019-08-22,59.01443099975586
2019-08-23,57.135318756103516
2019-08-26,58.007015228271484
2019-08-27,57.98918914794922
2019-08-28,58.13431167602539
2019-08-29,59.1491584777832
2019-08-30,58.96540451049805
2019-09-03,57.92628479003906
2019-09-04,58.55629348754883
2019-09-05,60.038204193115234
2019-09-06,59.74746322631836
2019-09-09,59.69545364379883
2019-09-10,59.71675491333008
2019-09-11,60.42501449584961
2019-09-12,61.166465759277344
2019-09-13,61.417076110839844
2019-09-16,61.00102996826172
2019-09-17,60.914363861083984
2019-09-18,61.05154800415039
2019-09-19,61.35367965698242
2019-09-20,60.91237258911133
2019-09-23,61.152591705322266
2019-09-24,60.3422966003418
2019-09-25,61.70978546142578
2019-09-26,61.52900314331055
2019-09-27,60.71970748901367
2019-09-30,60.481475830078125
2019-10-01,59.73160934448242
2019-10-02,58.340843200683594
2019-10-03,58.910919189453125
2019-10-04,59.977272033691406
2019-10-07,59.84305191040039
2019-10-08,58.94559097290039
2019-10-09,59.55331039428711
2019-10-10,59.903472900390625
2019-10-11,60.21253967285156
2019-10-14,60.31456756591797
2019-10-15,61.52653121948242
2019-10-16,61.564178466796875
2019-10-17,62.0495491027832
2019-10-18,61.634010314941406
2019-10-21,61.62757110595703
2019-10-22,61.47502899169922
2019-10-23,62.288780212402344
2019-10-24,62.362083435058594
2019-10-25,62.619136810302734
2019-10-28,63.84150695800781
2019-10-29,62.43885803222656
2019-10-30,62.440826416015625
2019-10-31,62.34672546386719
2019-11-01,63.01289367675781
2019-11-04,63.87269973754883
2019-11-05,63.96333694458008
2019-11-06,63.942054748535156
2019-11-07,64.73104858398438
2019-11-08,64.83306121826172
2019-11-11,64.3021240234375
2019-11-12,64.2491226196289
2019-11-13,64.19811248779297
2019-11-14,64.84049987792969
2019-11-15,66.04850769042969
2019-11-18,65.36994934082031
2019-11-19,65.0108642578125
2019-11-20,64.47943115234375
2019-11-21,64.39424133300781
2019-11-22,64.07380676269531
2019-11-25,64.6666488647461
2019-11-26,65.03118133544922
2019-11-27,64.98809051513672
2019-11-29,64.58987426757812
2019-12-02,63.835567474365234
2019-12-03,64.12680053710938
2019-12-04,65.32538604736328
2019-12-05,65.72259521484375
2019-12-06,66.33824157714844
2019-12-09,66.51654052734375
2019-12-10,66.51158905029297
2019-12-11,66.5789566040039
2019-12-12,66.78895568847656
2019-12-13,66.70870208740234
2019-12-16,67.39370727539062
2019-12-17,67.10594177246094
2019-12-18,66.95834350585938
2019-12-19,67.1827163696289
2019-12-20,66.9241714477539
2019-12-23,66.89495086669922
2019-12-24,66.58788299560547
2019-12-26,67.48136138916016
2019-12-27,67.09355163574219
2019-12-30,66.35408782958984
2019-12-31,66.33824157714844
2020-01-02,67.78894805908203
2020-01-03,67.43431854248047
2020-01-06,69.23171997070312
2020-01-07,69.09798431396484
2020-01-08,69.58981323242188
2020-01-09,70.32035064697266
2020-01-10,70.77452850341797
2020-01-13,71.32282257080078
2020-01-14,70.85526275634766
2020-01-15,71.28170013427734
2020-01-16,71.82454681396484
2020-01-17,73.27869415283203
2020-01-21,73.4139175415039
2020-01-22,73.49414825439453
2020-01-23,73.5347671508789
2020-01-24,72.61749267578125
2020-01-27,70.91173553466797
2020-01-28,71.84137725830078
2020-01-29,72.1484603881836
2020-01-30,72.02710723876953
2020-01-31,70.96372985839844
2020-02-03,73.43124389648438
2020-02-04,71.58927154541016
2020-02-05,71.62096405029297
2020-02-06,73.10286712646484
2020-02-07,73.2583999633789
2020-02-10,74.72196960449219
2020-02-11,74.79130554199219
2020-02-12,75.21577453613281
2020-02-13,74.95623779296875
2020-02-14,75.22071075439453
2020-02-18,75.2558822631836
2020-02-19,75.52482604980469
2020-02-20,75.13453674316406
2020-02-21,73.47383117675781
2020-02-24,70.3238296508789
2020-02-25,68.66263580322266
2020-02-26,68.86817932128906
2020-02-27,65.12776184082031
2020-02-28,66.33131408691406
2020-03-02,68.66263580322266
2020-03-03,66.25553894042969
2020-03-04,68.42884826660156
2020-03-05,65.11835479736328
2020-03-06,64.17632293701172
2020-03-09,60.21649932861328
2020-03-10,63.15751266479492
2020-03-11,59.97430419921875
2020-03-12,55.053627014160156
2020-03-13,60.1412239074707
2020-03-16,53.14430236816406
2020-03-17,55.376060485839844
2020-03-18,54.045223236083984
2020-03-19,55.059566497802734
2020-03-20,52.90705490112305
2020-03-23,52.20969009399414
2020-03-24,55.967926025390625
2020-03-25,54.561805725097656
2020-03-26,57.59791946411133
2020-03-27,54.98973083496094
2020-03-30,56.775238037109375
2020-03-31,57.549869537353516
2020-04-01,54.585575103759766
2020-04-02,55.32504653930664
2020-04-03,54.12001037597656
2020-04-06,58.601863861083984
2020-04-07,58.570655822753906
2020-04-08,59.7811393737793
2020-04-09,59.75984191894531
2020-04-13,59.950035095214844
2020-04-14,62.66519546508789
2020-04-15,62.272438049316406
2020-04-16,62.278873443603516
2020-04-17,63.347206115722656
2020-04-20,62.46311950683594
2020-04-21,60.036705017089844
2020-04-22,62.327415466308594
2020-04-23,62.95939636230469
2020-04-24,63.22834014892578
2020-04-27,62.94404220581055
2020-04-28,61.04857635498047
2020-04-29,66.47642517089844
2020-04-30,66.70030212402344
2020-05-01,65.2451400756836
2020-05-04,65.5215072631836
2020-05-05,66.81519317626953
2020-05-06,66.63739776611328
2020-05-07,67.81865692138672
2020-05-08,68.56455993652344
2020-05-11,69.51797485351562
2020-05-12,68.11087799072266
2020-05-13,66.78101348876953
2020-05-14,67.20350646972656
2020-05-15,68.00587463378906
2020-05-18,68.60615539550781
2020-05-19,68.0722427368164
2020-05-20,69.79385375976562
2020-05-21,69.67449951171875
2020-05-22,69.99593353271484
2020-05-26,70.39859008789062
2020-05-27,70.34461212158203
2020-05-28,70.24359130859375
2020-05-29,71.0003890991211
2020-06-01,71.06723022460938
2020-06-02,71.43573760986328
2020-06-03,71.28417205810547
2020-06-04,70.04843139648438
2020-06-05,71.32231903076172
2020-06-08,71.71954345703125
2020-06-09,71.91962432861328
2020-06-10,72.54469299316406
2020-06-11,69.43428039550781
2020-06-12,69.98009490966797
2020-06-15,70.36740112304688
2020-06-16,71.64177703857422
2020-06-17,71.94242095947266
2020-06-18,71.03009796142578
2020-06-19,70.56056213378906
2020-06-22,71.84929656982422
2020-06-23,72.509033203125
2020-06-24,70.95976257324219
2020-06-25,71.37580871582031
2020-06-26,67.48483276367188
2020-06-29,69.20002746582031
2020-06-30,70.23417663574219
2020-07-01,71.42039489746094
2020-07-02,72.80372619628906
2020-07-06,74.27570343017578
2020-07-07,73.79380798339844
2020-07-08,74.47135162353516
2020-07-09,75.2172622680664
2020-07-10,76.22515869140625
2020-07-13,74.89878845214844
2020-07-14,75.32622528076172
2020-07-15,75.12908935546875
2020-07-16,75.03201293945312
2020-07-17,75.12760162353516
2020-07-20,77.45496368408203
2020-07-21,77.06269836425781
2020-07-22,77.50499725341797
2020-07-23,75.1226577758789
2020-07-24,74.6996841430664
2020-07-27,75.75067901611328
2020-07-28,74.47382354736328
2020-07-29,75.45746612548828
2020-07-30,76.1934814453125
2020-07-31,73.69622039794922
2020-08-03,73.4391860961914
2020-08-04,72.97063446044922
2020-08-05,73.25740051269531
2020-08-06,74.5382080078125
2020-08-07,74.21231842041016
2020-08-10,74.13553619384766
2020-08-11,73.32921600341797
2020-08-12,74.65164184570312
2020-08-13,75.1176986694336
2020-08-14,74.52237701416016
2020-08-17,75.09740447998047
2020-08-18,77.0557632446289
2020-08-19,76.50252532958984
2020-08-20,78.06961059570312
2020-08-21,78.03593444824219
2020-08-24,78.51042175292969
2020-08-25,79.53567504882812
2020-08-26,81.43161010742188
2020-08-27,80.65848541259766
2020-08-28,81.19883728027344
2020-08-31,80.70849609375
2020-09-01,81.9739761352539
2020-09-02,85.06008911132812
2020-09-03,80.70751190185547
2020-09-04,78.31526184082031
2020-09-08,75.4619369506836
2020-09-09,76.6323013305664
2020-09-10,75.5832748413086
2020-09-11,75.07362365722656
2020-09-14,74.73037719726562
2020-09-15,76.03248596191406
2020-09-16,74.891845703125
2020-09-17,73.65115356445312
2020-09-18,71.87061309814453
2020-09-21,70.83297729492188
2020-09-22,72.30298614501953
2020-09-23,69.80525970458984
2020-09-24,70.47240447998047
2020-09-25,71.27476501464844
2020-09-28,72.24553680419922
2020-09-29,72.61006927490234
2020-09-30,72.5892562866211
2020-10-01,73.69375610351562
2020-10-02,72.09397888183594
2020-10-05,73.44264221191406
2020-10-06,71.86712646484375
2020-10-07,72.2693099975586
2020-10-08,73.47236633300781
2020-10-09,74.81061553955078
2020-10-12,77.49211120605469
2020-10-13,77.61492919921875
2020-10-14,77.43515014648438
2020-10-15,77.0404052734375
2020-10-16,77.64614868164062
2020-10-19,75.77643585205078
2020-10-20,76.82298278808594
2020-10-21,78.55201721191406
2020-10-22,79.5757827758789
2020-10-23,80.8793716430664
2020-10-26,78.46781921386719
2020-10-27,79.19044494628906
2020-10-28,74.82796478271484
2020-10-29,77.11023712158203
2020-10-30,80.0438232421875
2020-11-02,80.45045471191406
2020-11-03,81.50740051269531
2020-11-04,86.46967315673828
2020-11-05,87.2943344116211
2020-11-06,87.1571273803711
2020-11-09,87.24085235595703
2020-11-10,86.06702423095703
2020-11-11,86.53803253173828
2020-11-12,86.31961059570312
2020-11-13,87.7777328491211
2020-11-16,87.86540222167969
2020-11-17,87.25273132324219
2020-11-18,86.21163177490234
2020-11-19,87.09968566894531
2020-11-20,86.00064849853516
2020-11-23,85.56380462646484
2020-11-24,87.36365509033203
2020-11-25,87.37506103515625
2020-11-27,88.50878143310547
2020-11-30,86.89314270019531
2020-12-01,88.92184448242188
2020-12-02,90.38838958740234
2020-12-03,90.2333755493164
2020-12-04,90.32847595214844
2020-12-07,89.9951400756836
2020-12-08,89.71281433105469
2020-12-09,88.05509948730469
2020-12-10,87.54940032958984
2020-12-11,87.90353393554688
2020-12-14,86.78715515136719
2020-12-15,87.2239990234375
2020-12-16,87.03132629394531
2020-12-17,86.2052001953125
2020-12-18,85.49742889404297
2020-12-21,85.91049194335938
2020-12-22,85.20025634765625
2020-12-23,85.59699249267578
2020-12-24,85.89068603515625
2020-12-28,87.86193084716797
2020-12-29,87.0595703125
2020-12-30,85.99420166015625
2020-12-31,86.80598449707031
2021-01-04,85.49298095703125
2021-01-05,86.18241882324219
2021-01-06,85.33199310302734
2021-01-07,87.88075256347656
2021-01-08,89.04418182373047
2021-01-11,86.98675537109375
2021-01-12,86.05264282226562
2021-01-13,86.53903198242188
2021-01-14,85.73021697998047
2021-01-15,85.56678009033203
2021-01-19,88.38248443603516
2021-01-20,93.11742401123047
2021-01-21,93.31949615478516
2021-01-22,93.73604583740234
2021-01-25,93.82123565673828
2021-01-26,94.49828338623047
2021-01-27,90.08972930908203
2021-01-28,91.78658294677734
2021-01-29,90.50675964355469
2021-02-01,93.76129913330078
2021-02-02,95.05152893066406
2021-02-03,101.97364807128906
2021-02-04,101.713623046875
2021-02-05,103.45703887939453
2021-02-08,103.24356842041016
2021-02-09,102.79136657714844
2021-02-10,103.34063720703125
2021-02-11,103.45306396484375
2021-02-12,103.76411437988281
2021-02-16,104.54022979736328
2021-02-17,104.9324951171875
2021-02-18,104.29803466796875
2021-02-19,103.45604705810547
2021-02-22,101.74482727050781
2021-02-23,102.0350570678711
2021-02-24,103.2083969116211
2021-02-25,99.8473892211914
2021-02-26,100.14257049560547
2021-03-01,102.50756072998047
2021-03-02,102.25100708007812
2021-03-03,99.62252044677734
2021-03-04,100.73790740966797
2021-03-05,103.86515045166016
2021-03-08,99.4288558959961
2021-03-09,101.05638122558594
2021-03-10,100.84984588623047
2021-03-11,104.0370101928711
2021-03-12,101.53382110595703
2021-03-15,101.75373840332031
2021-03-16,103.21237182617188
2021-03-17,103.129638671875
2021-03-18,100.11433410644531
2021-03-19,100.39269256591797
2021-03-22,100.57743072509766
2021-03-23,101.10441589355469
2021-03-24,100.66856384277344
2021-03-25,100.66510009765625
2021-03-26,100.28226470947266
2021-03-29,101.3253173828125
2021-03-30,101.35900115966797
2021-03-31,102.15393829345703
2021-04-01,105.48524475097656
2021-04-05,109.90219116210938
2021-04-06,109.4217758178711
2021-04-07,110.89624786376953
2021-04-08,111.46086883544922
2021-04-09,112.46333312988281
2021-04-12,111.17311096191406
2021-04-13,111.65898132324219
2021-04-14,111.03888702392578
2021-04-15,113.18545532226562
2021-04-16,113.06163787841797
2021-04-19,113.4088363647461
2021-04-20,112.87638854980469
2021-04-21,112.84371185302734
2021-04-22,111.56438446044922
2021-04-23,113.91255187988281
2021-04-26,114.40782165527344
2021-04-27,113.46925354003906
2021-04-28,116.8401870727539
2021-04-29,118.51029968261719
2021-04-30,116.5657958984375
2021-05-03,116.04972076416016
2021-05-04,114.2542953491211
2021-05-05,114.6475601196289
2021-05-06,115.76591491699219
2021-05-07,116.48802185058594
2021-05-10,113.50740814208984
2021-05-11,112.4331283569336
2021-05-12,108.97550964355469
2021-05-13,110.40145874023438
2021-05-14,112.84520721435547
2021-05-17,113.36723327636719
2021-05-18,112.05718994140625
2021-05-19,112.50444793701172
2021-05-20,114.26023864746094
2021-05-21,113.62527465820312
2021-05-24,116.93923950195312
2021-05-25,117.0298843383789
2021-05-26,117.89366912841797
2021-05-27,117.0204849243164
2021-05-28,116.73170471191406
2021-06-01,117.9367446899414
2021-06-02,117.41223907470703
2021-06-03,116.2725830078125
2021-06-04,118.5504150390625
2021-06-07,118.9827880859375
2021-06-08,118.79161834716797
2021-06-09,119.26213073730469
2021-06-10,120.60881042480469
2021-06-11,120.3646469116211
2021-06-14,121.29133605957031
2021-06-15,120.27498626708984
2021-06-16,119.63410186767578
2021-06-17,120.595947265625
2021-06-18,118.97884368896484
2021-06-21,120.66429138183594
2021-06-22,121.17741394042969
2021-06-23,120.97582244873047
2021-06-24,121.34532165527344
2021-06-25,121.3537368774414
2021-06-28,121.38097381591797
2021-06-29,121.11995697021484
2021-06-30,120.93868255615234
2021-07-01,121.29033660888672
2021-07-02,124.07682037353516
2021-07-06,125.00052642822266
2021-07-07,125.28185272216797
2021-07-08,123.86534118652344
2021-07-09,124.33536529541016
2021-07-12,125.77863311767578
2021-07-13,126.14118957519531
2021-07-14,127.02824401855469
2021-07-15,125.80784606933594
2021-07-16,125.77317810058594
2021-07-19,123.40373229980469
2021-07-20,125.01985168457031
2021-07-21,126.34672546386719
2021-07-22,127.21099090576172
2021-07-23,131.7611846923828
2021-07-26,132.7715606689453
2021-07-27,130.6566925048828
2021-07-28,134.81117248535156
2021-07-29,134.49766540527344
2021-07-30,133.45655822753906
2021-08-02,133.5833740234375
2021-08-03,134.35157775878906
2021-08-04,133.851806640625
2021-08-05,134.96719360351562
2021-08-06,134.45901489257812
2021-08-09,135.62246704101562
2021-08-10,135.51747131347656
2021-08-11,134.99444580078125
2021-08-12,135.90081787109375
2021-08-13,136.4292755126953
2021-08-16,137.0057830810547
2021-08-17,135.37332153320312
2021-08-18,134.1722869873047
2021-08-19,134.40109252929688
2021-08-20,136.13412475585938
2021-08-23,138.7214813232422
2021-08-24,139.92999267578125
2021-08-25,140.73977661132812
2021-08-26,140.10726928710938
2021-08-27,142.64662170410156
2021-08-30,143.2276153564453
2021-08-31,143.3335723876953
2021-09-01,143.8466796875
2021-09-02,141.93637084960938
2021-09-03,142.38462829589844
2021-09-07,142.92051696777344
2021-09-08,142.3365478515625
2021-09-09,142.18797302246094
2021-09-10,139.548095703125
2021-09-13,140.99087524414062
2021-09-14,141.20086669921875
2021-09-15,143.068115234375
2021-09-16,142.25633239746094
2021-09-17,139.47280883789062
2021-09-20,137.4119415283203
2021-09-21,137.7224578857422
2021-09-22,138.96119689941406
2021-09-23,139.88491821289062
2021-09-24,140.8744659423828
2021-09-27,139.7422637939453
2021-09-28,134.5496826171875
2021-09-29,133.08706665039062
2021-09-30,132.41595458984375
2021-10-01,135.25595092773438
2021-10-04,132.39962768554688
2021-10-05,134.74085998535156
2021-10-06,136.26834106445312
2021-10-07,137.91265869140625
2021-10-08,138.46788024902344
2021-10-11,137.6046142578125
2021-10-12,135.162841796875
2021-10-13,136.28512573242188
2021-10-14,139.8205108642578
2021-10-15,140.0354766845703
2021-10-18,141.43215942382812
2021-10-19,141.88685607910156
2021-10-20,140.43267822265625
2021-10-21,140.548583984375
2021-10-22,136.2698211669922
2021-10-25,136.1514434814453
2021-10-26,137.99537658691406
2021-10-27,144.83924865722656
2021-10-28,144.47422790527344
2021-10-29,146.65054321289062
2021-11-01,142.1444091796875
2021-11-02,144.0616455078125
2021-11-03,145.21617126464844
2021-11-04,146.8699493408203
2021-11-05,147.44894409179688
2021-11-08,147.62623596191406
2021-11-09,147.51480102539062
2021-11-10,144.518310546875
2021-11-11,144.39251708984375
2021-11-12,147.27655029296875
2021-11-15,147.0526885986328
2021-11-16,146.4821319580078
2021-11-17,146.6514892578125
2021-11-18,148.42613220214844
2021-11-19,147.52272033691406
2021-11-22,144.92294311523438
2021-11-23,144.4078369140625
2021-11-24,144.74266052246094
2021-11-26,140.8427734375
2021-11-29,144.15872192382812
2021-11-30,140.55996704101562
2021-12-01,139.72195434570312
2021-12-02,141.61839294433594
2021-12-03,140.66299438476562
2021-12-06,141.8056182861328
2021-12-07,145.88133239746094
2021-12-08,146.78968811035156
2021-12-09,146.24685668945312
2021-12-10,146.60643005371094
2021-12-13,144.4519500732422
2021-12-14,142.55052185058594
2021-12-15,145.06063842773438
2021-12-16,143.0834503173828
2021-12-17,140.38909912109375
2021-12-20,140.27220153808594
2021-12-21,142.12013244628906
2021-12-22,145.03488159179688
2021-12-23,145.53167724609375
2021-12-27,146.5123291015625
2021-12-28,145.30433654785156
2021-12-29,145.27261352539062
2021-12-30,144.82241821289062
2021-12-31,143.48663330078125
2022-01-03,143.62481689453125
2022-01-04,143.0383758544922
2022-01-05,136.47633361816406
2022-01-06,136.44906616210938
2022-01-07,135.72547912597656
2022-01-10,137.36241149902344
2022-01-11,138.41885375976562
2022-01-12,140.0973663330078
2022-01-13,137.28067016601562
2022-01-14,138.16574096679688
2022-01-18,134.7161102294922
2022-01-19,133.8428497314453
2022-01-20,132.0509490966797
2022-01-21,129.122802734375
2022-01-24,129.571044921875
2022-01-25,125.7385025024414
2022-01-26,128.01486206054688
2022-01-27,127.78900146484375
2022-01-28,132.09402465820312
2022-01-31,134.0281219482422
2022-02-01,136.34658813476562
2022-02-02,146.60496520996094
2022-02-03,141.74124145507812
2022-02-04,141.94232177734375
2022-02-07,137.8888702392578
2022-02-08,138.0850372314453
2022-02-09,140.25735473632812
2022-02-10,137.31336975097656
2022-02-11,133.01678466796875
2022-02-14,134.24853515625
2022-02-15,135.32086181640625
2022-02-16,136.43972778320312
2022-02-17,131.2897186279297
2022-02-18,129.173828125
2022-02-22,128.58987426757812
2022-02-23,126.38536071777344
2022-02-24,131.4402618408203
2022-02-25,133.1920928955078
2022-02-28,133.7839813232422
2022-03-01,132.79782104492188
2022-03-02,133.3030242919922
2022-03-03,132.63735961914062
2022-03-04,130.6631317138672
2022-03-07,125.187255859375
2022-03-08,125.90642547607422
2022-03-09,132.16236877441406
2022-03-10,131.18121337890625
2022-03-11,128.64633178710938
2022-03-14,124.76378631591797
2022-03-15,127.98018646240234
2022-03-16,132.02418518066406
2022-03-17,132.5774383544922
2022-03-18,134.84239196777344
2022-03-21,134.818603515625
2022-03-22,138.5496063232422
2022-03-23,136.97213745117188
2022-03-24,140.237548828125
2022-03-25,140.3376007080078
2022-03-28,140.1221466064453
2022-03-29,141.16226196289062
2022-03-30,140.60060119628906
2022-03-31,137.7566680908203
2022-04-01,138.82943725585938
2022-04-04,141.62384033203125
2022-04-05,139.26580810546875
2022-04-06,135.26087951660156
2022-04-07,134.60760498046875
2022-04-08,132.0311279296875
2022-04-11,127.60921478271484
2022-04-12,126.51067352294922
2022-04-13,128.66958618164062
2022-04-14,125.53545379638672
2022-04-18,126.47303009033203
2022-04-19,128.7835693359375
2022-04-20,126.83309173583984
2022-04-21,123.63800048828125
2022-04-22,118.50782012939453
2022-04-25,121.91390228271484
2022-04-26,117.53160858154297
2022-04-27,113.2171630859375
2022-04-28,117.40531158447266
2022-04-29,113.03389739990234
2022-05-02,115.48408508300781
2022-05-03,116.22801971435547
2022-05-04,121.10857391357422
2022-05-05,115.40731811523438
2022-05-06,114.65547180175781
2022-05-09,111.4504623413086
2022-05-10,113.31670379638672
2022-05-11,112.53169250488281
2022-05-12,111.78033447265625
2022-05-13,114.95659637451172
2022-05-16,113.3662338256836
2022-05-17,115.37511444091797
2022-05-18,110.84474182128906
2022-05-19,109.34351348876953
2022-05-20,107.88143157958984
2022-05-23,110.43711853027344
2022-05-24,104.97113037109375
2022-05-25,104.80768585205078
2022-05-26,106.77645111083984
2022-05-27,111.25779724121094
2022-05-31,112.68968963623047
2022-06-01,112.81845092773438
2022-06-02,116.5137939453125
2022-06-03,113.46133422851562
2022-06-06,115.71935272216797
2022-06-07,116.04524230957031
2022-06-08,116.08932495117188
2022-06-09,113.7530746459961
2022-06-10,110.11369323730469
2022-06-13,105.38964080810547
2022-06-14,105.70960235595703
2022-06-15,108.72985076904297
2022-06-16,105.0340347290039
2022-06-17,106.13356018066406
2022-06-21,110.49258422851562
2022-06-22,110.43663024902344
2022-06-23,111.18400573730469
2022-06-24,116.86296844482422
2022-06-27,114.74165344238281
2022-06-28,110.95171356201172
2022-06-29,110.64860534667969
2022-06-30,107.9359130859375
2022-07-01,107.71253967285156
2022-07-05,112.19538879394531
2022-07-06,113.4920425415039
2022-07-07,117.66334533691406
2022-07-08,118.22846984863281
2022-07-11,114.58613586425781
2022-07-12,112.94573974609375
2022-07-13,110.30387115478516
2022-07-14,109.32718658447266
2022-07-15,110.72388458251953
2022-07-18,108.00228881835938
2022-07-19,112.73721313476562
2022-07-20,112.82637786865234
2022-07-21,113.26224517822266
2022-07-22,106.8829345703125
2022-07-25,106.49661254882812
2022-07-26,104.03009033203125
2022-07-27,111.99429321289062
2022-07-28,113.14337921142578
2022-07-29,115.22356414794922
2022-08-01,113.77732849121094
2022-08-02,114.04479217529297
2022-08-03,116.96697998046875
2022-08-04,117.07593536376953
2022-08-05,116.36272430419922
2022-08-08,116.19434356689453
2022-08-09,115.53064727783203
2022-08-10,118.57170104980469
2022-08-11,117.71981811523438
2022-08-12,120.53303527832031
2022-08-15,120.92927551269531
2022-08-16,120.55286407470703
2022-08-17,118.42313385009766
2022-08-18,119.03727722167969
2022-08-19,116.10517120361328
2022-08-22,113.16317749023438
2022-08-23,112.78675079345703
2022-08-24,112.61835479736328
2022-08-25,115.55046081542969
2022-08-26,109.2999267578125
2022-08-29,108.38858795166016
2022-08-30,107.91313171386719
2022-08-31,107.19992065429688
2022-09-01,108.70558166503906
2022-09-02,106.83340454101562
2022-09-06,105.80320739746094
2022-09-07,108.4183349609375
2022-09-08,107.35841369628906
2022-09-09,109.60702514648438
2022-09-12,109.81503295898438
2022-09-13,103.33667755126953
2022-09-14,104.01026916503906
2022-09-15,101.93997955322266
2022-09-16,101.83101654052734
2022-09-19,102.09845733642578
2022-09-20,100.18665313720703
2022-09-21,98.34418487548828
2022-09-22,99.19609069824219
2022-09-23,97.80927276611328
2022-09-26,97.2446517944336
2022-09-27,96.58096313476562
2022-09-28,99.10693359375
2022-09-29,96.501708984375
2022-09-30,94.74839782714844
2022-10-03,97.71023559570312
2022-10-04,100.68193817138672
2022-10-05,100.47391510009766
2022-10-06,100.46401977539062
2022-10-07,97.74984741210938
2022-10-10,96.93756103515625
2022-10-11,96.26396942138672
2022-10-12,96.640380859375
2022-10-13,98.12626647949219
2022-10-14,95.64982604980469
2022-10-17,99.02767181396484
2022-10-18,99.82014465332031
2022-10-19,98.69088745117188
2022-10-20,99.02767181396484
2022-10-21,100.17675018310547
2022-10-24,101.55364227294922
2022-10-25,103.49517059326172
2022-10-26,94.03518676757812
2022-10-27,91.35073852539062
2022-10-28,95.38239288330078
2022-10-31,93.61914825439453
2022-11-01,89.61723327636719
2022-11-02,86.15022277832031
2022-11-03,82.64360046386719
2022-11-04,85.76390075683594
2022-11-07,87.65589141845703
2022-11-08,88.06201934814453
2022-11-09,86.4969253540039
2022-11-10,93.05451202392578
2022-11-11,95.5012435913086
2022-11-14,94.79792022705078
2022-11-15,97.51212310791016
2022-11-16,97.9182357788086
2022-11-17,97.432861328125
2022-11-18,96.51162719726562
2022-11-21,94.6988754272461
2022-11-22,96.13521575927734
2022-11-23,97.53192138671875
2022-11-25,96.54134368896484
2022-11-28,95.14464569091797
2022-11-29,94.29273986816406
2022-11-30,100.03807830810547
2022-12-01,100.03807830810547
2022-12-02,99.49325561523438
2022-12-05,98.54229736328125
2022-12-06,96.06587219238281
2022-12-07,94.04508972167969
2022-12-08,92.82669067382812
2022-12-09,91.95499420166016
2022-12-12,92.43045806884766
2022-12-13,94.72859191894531
2022-12-14,94.17386627197266
2022-12-15,90.00355529785156
2022-12-16,89.40921783447266
2022-12-19,87.60636901855469
2022-12-20,88.18089294433594
2022-12-21,88.7356185913086
2022-12-22,86.93276977539062
2022-12-23,88.38893127441406
2022-12-27,86.56626892089844
2022-12-28,85.20916748046875
2022-12-29,87.61626434326172
2022-12-30,87.39834594726562
2023-01-03,88.27995300292969
2023-01-04,87.24976348876953
2023-01-05,85.3874740600586
2023-01-06,86.5167236328125
2023-01-09,87.19031524658203
2023-01-10,87.58656311035156
2023-01-11,90.6573257446289
2023-01-12,90.27099609375
2023-01-13,91.25166320800781
2023-01-17,90.42950439453125
2023-01-18,90.2611083984375
2023-01-19,92.17290496826172
2023-01-20,97.09605407714844
2023-01-23,98.84937286376953
2023-01-24,96.7790756225586
2023-01-25,94.32246398925781
2023-01-26,96.60077667236328
2023-01-27,98.43333435058594
2023-01-30,96.0262451171875
2023-01-31,97.90834045410156
2023-02-01,99.48335266113281
2023-02-02,106.72444152832031
2023-02-03,103.7923355102539
2023-02-06,101.93006896972656
2023-02-07,106.62538146972656
2023-02-08,98.43333435058594
2023-02-09,94.11442565917969
2023-02-10,93.67858123779297
2023-02-13,93.71819305419922
2023-02-14,93.78755950927734
2023-02-15,96.0262451171875
2023-02-16,94.6097183227539
2023-02-17,93.46065521240234
2023-02-21,90.92478942871094
2023-02-22,90.78610229492188
2023-02-23,90.03327178955078
2023-02-24,88.28986358642578
2023-02-27,89.02288055419922
2023-02-28,89.21109771728516
2023-03-01,89.50826263427734
2023-03-02,91.13280487060547
2023-03-03,92.76725769042969
2023-03-06,94.23329162597656
2023-03-07,92.97527313232422
2023-03-08,93.3615951538086
2023-03-09,91.44978332519531
2023-03-10,89.77571868896484
2023-03-13,90.2511978149414
2023-03-14,93.08424377441406
2023-03-15,95.20407104492188
2023-03-16,99.37439727783203
2023-03-17,100.66212463378906
2023-03-20,100.26590728759766
2023-03-21,103.93102264404297
2023-03-22,102.39563751220703
2023-03-23,104.6046142578125
2023-03-24,104.44612884521484
2023-03-27,101.49420928955078
2023-03-28,100.07769775390625
2023-03-29,100.4343032836914
2023-03-30,99.93901062011719
2023-03-31,102.75225067138672
2023-04-03,103.37629699707031
2023-04-04,103.73290252685547
2023-04-05,103.48526000976562
2023-04-06,107.39803314208984
2023-04-10,105.43669128417969
2023-04-11,104.35696411132812
2023-04-12,103.65367126464844
2023-04-13,106.41736602783203
2023-04-14,107.84378814697266
2023-04-17,104.97113037109375
2023-04-18,103.5149917602539
2023-04-19,103.19799041748047
2023-04-20,104.29753875732422
2023-04-21,104.41641235351562
2023-04-24,104.97113037109375
2023-04-25,102.87110900878906
2023-04-26,102.732421875
2023-04-27,106.57584381103516
2023-04-28,106.32821655273438
2023-05-01,106.18952941894531
2023-05-02,104.3272476196289
2023-05-03,104.41641235351562
2023-05-04,103.70319366455078
2023-05-05,104.57489776611328
2023-05-08,106.75415802001953
2023-05-09,106.33811950683594
2023-05-10,110.69664764404297
2023-05-11,115.47120666503906
2023-05-12,116.40235137939453
2023-05-15,115.41178894042969
2023-05-16,118.38350677490234
2023-05-17,119.70096588134766
2023-05-18,121.67220306396484
2023-05-19,121.60286712646484
2023-05-22,123.87129974365234
2023-05-23,121.40475463867188
2023-05-24,119.76040649414062
2023-05-25,122.31607055664062
2023-05-26,123.43543243408203
2023-05-30,122.50428771972656
2023-05-31,121.71183013916016
2023-06-01,122.55381774902344
2023-06-02,123.4948501586914
2023-06-05,124.82222747802734
2023-06-06,126.1099624633789
2023-06-07,121.34532165527344
2023-06-08,120.98870849609375
2023-06-09,121.0778579711914
2023-06-12,122.47456359863281
2023-06-13,122.66278076171875
2023-06-14,122.50428771972656
2023-06-15,123.910888671875
2023-06-16,122.36560821533203
2023-06-20,121.93965911865234
2023-06-21,119.4136962890625
2023-06-22,121.98918151855469
2023-06-23,121.18682098388672
2023-06-26,117.22451782226562
2023-06-27,117.2146224975586
2023-06-28,119.04718017578125
2023-06-29,117.97736358642578
2023-06-30,118.57170104980469
2023-07-03,118.76982116699219
2023-07-05,120.60237884521484
2023-07-06,118.97784423828125
2023-07-07,118.3537826538086
2023-07-10,115.35234069824219
2023-07-11,116.03585052490234
2023-07-12,117.8089599609375
2023-07-13,123.3660888671875
2023-07-14,124.23778533935547
2023-07-17,123.47504425048828
2023-07-18,122.59342956542969
2023-07-19,120.87974548339844
2023-07-20,118.07642364501953
2023-07-21,118.88868713378906
2023-07-24,120.38446044921875
2023-07-25,121.05804443359375
2023-07-26,128.051513671875
2023-07-27,128.18023681640625
2023-07-28,131.33030700683594
2023-07-31,131.46897888183594
2023-08-01,130.3100128173828
2023-08-02,127.16987609863281
2023-08-03,127.23922729492188
2023-08-04,126.9024429321289
2023-08-07,130.2902069091797
2023-08-08,130.16140747070312
2023-08-09,128.4378204345703
2023-08-10,128.46754455566406
2023-08-11,128.3387451171875
2023-08-14,130.09207153320312
2023-08-15,128.5567169189453
2023-08-16,127.48686981201172
2023-08-17,128.6953582763672
2023-08-18,126.2585678100586
2023-08-21,127.15998077392578
2023-08-22,127.8633041381836
2023-08-23,131.12228393554688
2023-08-24,128.5567169189453
2023-08-25,128.65574645996094
2023-08-28,129.77511596679688
2023-08-29,133.30152893066406
2023-08-30,134.59918212890625
2023-08-31,134.88645935058594
2023-09-01,134.38125610351562
2023-09-05,134.490234375
2023-09-06,133.1925811767578
2023-09-07,133.9850311279297
2023-09-08,135.094482421875
2023-09-11,135.62937927246094
2023-09-12,134.0642852783203
2023-09-13,135.42138671875
2023-09-14,136.79827880859375
2023-09-15,136.10487365722656
2023-09-18,136.90721130371094
2023-09-19,136.73883056640625
2023-09-20,132.47938537597656
2023-09-21,129.21046447753906
2023-09-22,129.0222625732422
2023-09-25,129.87416076660156
2023-09-26,127.35809326171875
2023-09-27,129.30953979492188
2023-09-28,131.0628204345703
2023-09-29,129.6265106201172
2023-10-02,132.9053192138672
2023-10-03,131.18170166015625
2023-10-04,133.96524047851562
2023-10-05,133.79681396484375
2023-10-06,136.28317260742188
2023-10-09,137.11526489257812
2023-10-10,136.75865173339844
2023-10-11,139.22518920898438
2023-10-12,137.66006469726562
2023-10-13,136.06524658203125
2023-10-16,137.7888641357422
2023-10-17,138.40301513671875
2023-10-18,136.6595916748047
2023-10-19,136.45156860351562
2023-10-20,134.3218231201172
2023-10-23,135.2133331298828
2023-10-24,137.5015869140625
2023-10-25,124.4260025024414
2023-10-26,121.12738800048828
2023-10-27,121.01841735839844
2023-10-30,123.2868423461914
2023-10-31,122.9104232788086
2023-11-01,125.2580795288086
2023-11-02,126.28826904296875
2023-11-03,127.88311767578125
2023-11-06,129.0222625732422
2023-11-07,129.7354736328125
2023-11-08,130.59727478027344
2023-11-09,129.01235961914062
2023-11-10,131.34022521972656
2023-11-13,130.8449249267578
2023-11-14,132.36050415039062
2023-11-15,133.35104370117188
2023-11-16,135.6392822265625
2023-11-17,134.03456115722656
2023-11-20,134.96571350097656
2023-11-21,135.67889404296875
2023-11-22,137.18458557128906
2023-11-24,135.4015655517578
2023-11-27,135.12420654296875
2023-11-28,135.90675354003906
2023-11-29,133.71759033203125
2023-11-30,131.28076171875
2023-12-01,130.61708068847656
2023-12-04,128.051513671875
2023-12-05,129.7552947998047
2023-12-06,128.79444885253906
2023-12-07,135.6392822265625
2023-12-08,133.71759033203125
2023-12-11,132.0336151123047
2023-12-12,131.2708740234375
2023-12-13,131.3203887939453
2023-12-14,130.69631958007812
2023-12-15,131.35011291503906
2023-12-18,134.51995849609375
2023-12-19,135.3619384765625
2023-12-20,137.03599548339844
2023-12-21,139.0963897705078
2023-12-22,140.1563262939453
2023-12-26,140.18605041503906
2023-12-27,139.04685974121094
2023-12-28,138.90818786621094
2023-12-29,138.37330627441406
2024-01-02,136.86758422851562
2024-01-03,137.6105194091797
2024-01-04,135.10438537597656
2024-01-05,134.45062255859375
2024-01-08,137.5312957763672
2024-01-09,139.6214141845703
2024-01-10,140.93887329101562
2024-01-11,140.74078369140625
2024-01-12,141.30538940429688
2024-01-16,141.14688110351562
2024-01-17,140.1365203857422
2024-01-18,142.1275634765625
2024-01-19,145.00022888183594
2024-01-22,144.61390686035156
2024-01-23,145.65399169921875
2024-01-24,147.29835510253906
2024-01-25,150.43844604492188
2024-01-26,150.75547790527344
2024-01-29,152.06300354003906
2024-01-30,150.03233337402344
2024-01-31,138.77943420410156
2024-02-01,139.8294219970703
2024-02-02,141.0379180908203
2024-02-05,142.32568359375
2024-02-06,142.74172973632812
2024-02-07,144.1681365966797
2024-02-08,144.53465270996094
2024-02-09,147.59552001953125
2024-02-12,146.13937377929688
2024-02-13,143.77188110351562
2024-02-14,144.5643768310547
2024-02-15,141.42425537109375
2024-02-16,139.19544982910156
2024-02-20,139.78977966308594
2024-02-21,141.20631408691406
2024-02-22,142.73178100585938
2024-02-23,142.60304260253906
2024-02-26,136.27325439453125
2024-02-27,137.57090759277344
2024-02-28,135.094482421875
2024-02-29,137.15489196777344
2024-03-01,135.8473358154297
2024-03-04,132.09304809570312
2024-03-05,131.41943359375
2024-03-06,130.16140747070312
2024-03-07,133.11329650878906
2024-03-08,134.1336212158203
2024-03-11,136.372314453125
2024-03-12,137.19451904296875
2024-03-13,138.47232055664062
2024-03-14,141.7511444091797
2024-03-15,139.84922790527344
2024-03-18,146.2879638671875
2024-03-19,145.6440887451172
2024-03-20,147.33798217773438
2024-03-21,146.20870971679688
2024-03-22,149.3488311767578
2024-03-25,148.65545654296875
2024-03-26,149.24978637695312
2024-03-27,149.44789123535156
2024-03-28,149.50732421875
2024-04-01,154.02435302734375
2024-04-02,153.10311889648438
2024-04-03,153.45974731445312
2024-04-04,149.11109924316406
2024-04-05,151.06256103515625
2024-04-08,153.390380859375
2024-04-09,155.12388610839844
2024-04-10,154.66824340820312
2024-04-11,157.90740966796875
2024-04-12,156.2432403564453
2024-04-15,153.4002685546875
2024-04-16,152.94464111328125
2024-04-17,154.00454711914062
2024-04-18,154.5394287109375
2024-04-19,152.63754272460938
2024-04-22,154.80690002441406
2024-04-23,156.76821899414062
2024-04-24,157.63006591796875
2024-04-25,154.52955627441406
2024-04-26,170.32920837402344
2024-04-29,164.5838623046875
2024-04-30,161.24560546875
2024-05-01,162.31544494628906
2024-05-02,165.0494384765625
2024-05-03,165.66360473632812
2024-05-06,166.5155029296875
2024-05-07,169.6357879638672
2024-05-08,167.78341674804688
2024-05-09,168.35797119140625
2024-05-10,167.06031799316406
2024-05-13,167.54568481445312
2024-05-14,168.73435974121094
2024-05-15,170.88392639160156
2024-05-16,172.53817749023438
2024-05-17,174.4004364013672
2024-05-20,175.2523651123047
2024-05-21,176.173583984375
2024-05-22,174.7174530029297
2024-05-23,171.91412353515625
2024-05-24,173.34056091308594
2024-05-28,174.7372589111328
2024-05-29,174.24195861816406
2024-05-30,170.48770141601562
2024-05-31,170.8740234375
2024-06-03,171.53770446777344
2024-06-04,172.15184020996094
2024-06-05,173.75656127929688
2024-06-06,175.06414794921875
2024-06-07,172.81553649902344
2024-06-10,173.55931091308594
2024-06-11,175.1559600830078
2024-06-12,176.31625366210938
2024-06-13,173.7080841064453
2024-06-14,175.32455444335938
2024-06-17,175.7708282470703
2024-06-18,173.63865661621094
2024-06-20,174.83863830566406
2024-06-21,178.14105224609375
2024-06-24,177.73440551757812
2024-06-25,182.5045166015625
2024-06-26,182.35580444335938
2024-06-27,183.87310791015625
2024-06-28,180.64012145996094
2024-07-01,181.47320556640625
2024-07-02,183.70452880859375
2024-07-03,184.27972412109375
2024-07-05,189.02011108398438
2024-07-08,187.46310424804688
2024-07-09,187.4135284423828
2024-07-10,189.59527587890625
2024-07-11,184.0317840576172
2024-07-12,183.53594970703125
2024-07-15,184.9838104248047
2024-07-16,182.39547729492188
2024-07-17,179.51950073242188
2024-07-18,176.21710205078125
2024-07-19,176.1873779296875
2024-07-22,180.1641082763672
2024-07-23,180.2831268310547
2024-07-24,171.19903564453125
2024-07-25,165.89337158203125
2024-07-26,165.61570739746094
2024-07-29,168.124755859375
2024-07-30,168.87844848632812
2024-07-31,170.1180877685547
2024-08-01,169.3445281982422
2024-08-02,165.2785186767578
2024-08-05,157.92994689941406
2024-08-06,156.97793579101562
2024-08-07,157.6225128173828
2024-08-08,160.68690490722656
2024-08-09,162.31332397460938
2024-08-12,160.9447479248047
2024-08-13,162.7992706298828
2024-08-14,159.04066467285156
2024-08-15,159.9629669189453
2024-08-16,161.60922241210938
2024-08-19,165.2884521484375
2024-08-20,165.79420471191406
2024-08-21,164.4752655029297
2024-08-22,162.44223022460938
2024-08-23,164.2471466064453
2024-08-26,164.7826690673828
2024-08-27,163.31492614746094
2024-08-28,161.5001220703125
2024-08-29,160.43898010253906
2024-08-30,162.02572631835938
2024-09-03,156.0556182861328
2024-09-04,155.1531524658203
2024-09-05,155.93661499023438
2024-09-06,149.6690216064453
2024-09-09,147.6730194091797
2024-09-10,147.62335205078125
2024-09-11,150.10594177246094
2024-09-12,153.61134338378906
2024-09-13,156.3620147705078
2024-09-16,156.9578094482422
2024-09-17,158.20904541015625
2024-09-18,158.6956024169922
2024-09-19,161.00936889648438
2024-09-20,162.44927978515625
2024-09-23,160.72140502929688
2024-09-24,161.1583251953125
2024-09-25,160.36390686035156
2024-09-26,161.5952606201172
2024-09-27,162.80674743652344
2024-09-30,164.69349670410156
2024-10-01,165.8255615234375
2024-10-02,164.7034454345703
2024-10-03,164.7034454345703
2024-10-04,165.89505004882812
2024-10-07,161.84352111816406
2024-10-08,163.23374938964844
2024-10-09,160.73133850097656
2024-10-10,160.94979858398438
2024-10-11,162.10169982910156
2024-10-14,163.80972290039062
2024-10-15,164.3062286376953
2024-10-16,164.00831604003906
2024-10-17,161.7938690185547
2024-10-18,162.28045654296875
2024-10-21,162.9259490966797
2024-10-22,163.9884490966797
2024-10-23,161.6448974609375
2024-10-24,161.5853271484375
2024-10-25,164.1175537109375
2024-10-28,165.5574188232422
2024-10-29,168.4967803955078
2024-10-30,173.24343872070312
2024-10-31,169.91683959960938
2024-11-01,170.0955352783203
2024-11-04,168.05987548828125
2024-11-05,168.55638122558594
2024-11-06,175.2791748046875
2024-11-07,179.48959350585938
2024-11-08,177.10633850097656
2024-11-11,179.09239196777344
2024-11-12,180.35354614257812
2024-11-13,177.63262939453125
2024-11-14,174.35565185546875
2024-11-15,171.2871856689453
2024-11-18,174.07760620117188
2024-11-19,176.8779296875
2024-11-20,174.75283813476562
2024-11-21,166.46107482910156
2024-11-22,163.61109924316406
2024-11-25,166.48094177246094
2024-11-26,167.94070434570312
2024-11-27,168.0499267578125
2024-11-29,167.77188110351562
2024-12-02,170.29417419433594
2024-12-03,170.1452178955078
2024-12-04,173.1540985107422
2024-12-05,171.43617248535156
2024-12-06,173.49172973632812
2024-12-09,174.34671020507812
2024-12-10,184.08950805664062
2024-12-11,194.2598114013672
2024-12-12,190.83990478515625
2024-12-13,188.71238708496094
2024-12-16,195.51248168945312
2024-12-17,194.2797088623047
2024-12-18,187.30062866210938
2024-12-19,187.41001892089844
2024-12-20,190.29312133789062
2024-12-23,193.4943389892578
2024-12-24,194.96568298339844
2024-12-26,194.45867919921875
2024-12-27,191.63522338867188
2024-12-30,190.1240997314453
2024-12-31,188.1954345703125
2025-01-02,188.32464599609375
2025-01-03,190.67088317871094
2025-01-06,195.72125244140625
2025-01-07,194.3493194580078
2025-01-08,192.81826782226562
2025-01-10,190.91944885253906
2025-01-13,189.89544677734375
2025-01-14,188.55332946777344
2025-01-15,194.40895080566406
2025-01-16,191.78436279296875
2025-01-17,194.85629272460938
2025-01-21,196.8943634033203
2025-01-22,197.21250915527344
2025-01-23,196.8247528076172
2025-01-24,199.041748046875
2025-01-27,190.6907501220703
2025-01-28,194.16041564941406
2025-01-29,194.269775390625
2025-01-30,199.69789123535156
2025-01-31,202.82952880859375
2025-02-03,200.05580139160156
2025-02-04,205.17578125
2025-02-05,190.2135772705078
2025-02-06,190.4820098876953
2025-02-07,184.25851440429688
2025-02-10,185.38194274902344
2025-02-11,184.2386474609375
2025-02-12,182.53863525390625
2025-02-13,185.05384826660156
2025-02-14,184.149169921875
2025-02-18,182.69769287109375
2025-02-19,184.18893432617188
2025-02-20,183.4830780029297
2025-02-21,178.61166381835938
2025-02-24,178.20407104492188
2025-02-25,174.3964080810547
2025-02-26,171.72210693359375
2025-02-27,167.51681518554688
2025-02-28,169.28639221191406
2025-03-03,166.0354766845703
2025-03-04,169.9226531982422
2025-03-05,172.01043701171875
2025-03-06,171.34434509277344
2025-03-07,172.84552001953125
2025-03-10,165.092041015625
2025-03-11,163.27059936523438
2025-03-12,166.32623291015625
2025-03-13,161.9966278076172
2025-03-14,164.71385192871094
2025-03-17,163.51947021484375
2025-03-18,159.91644287109375
2025-03-19,163.12132263183594
2025-03-20,162.03643798828125
2025-03-21,163.22085571289062
2025-03-24,166.8935546875
2025-03-25,169.76007080078125
2025-03-26,164.2858428955078
2025-03-27,161.4790802001953
2025-03-28,153.60617065429688
2025-03-31,153.91473388671875
2025-04-01,156.3333282470703
2025-04-02,156.30345153808594
2025-04-03,150.01312255859375
2025-04-04,144.91712951660156
2025-04-07,146.06175231933594
2025-04-08,144.02134704589844
2025-04-09,157.9656219482422
2025-04-10,152.103271484375
2025-04-11,156.40298461914062
2025-04-14,158.32395935058594
2025-04-15,155.57688903808594
2025-04-16,152.61087036132812
2025-04-17,150.4510498046875
2025-04-21,146.9774169921875
2025-04-22,150.75958251953125
2025-04-23,154.6214141845703
2025-04-24,158.532958984375
2025-04-25,161.2003936767578
2025-04-28,159.85671997070312
2025-04-29,159.4088134765625
2025-04-30,158.0552215576172
2025-05-01,160.54348754882812
2025-05-02,163.2606964111328
2025-05-05,163.43983459472656
2025-05-06,162.4644317626953
2025-05-07,150.67001342773438
2025-05-08,153.556396484375
2025-05-09,152.03359985351562
2025-05-12,157.71682739257812
2025-05-13,158.7817840576172
2025-05-14,164.59437561035156
2025-05-15,163.19102478027344
2025-05-16,165.41055297851562
2025-05-19,165.75889587402344
2025-05-20,163.21090698242188
2025-05-21,167.76942443847656
2025-05-22,170.068603515625
2025-05-23,167.6798553466797
2025-05-27,172.08908081054688
2025-05-28,171.55162048339844
2025-05-29,171.053955078125
2025-05-30,170.9345245361328
2025-06-02,168.23719787597656
2025-06-03,165.4005889892578
2025-06-04,167.2618408203125
2025-06-05,167.4210662841797
2025-06-06,172.86541748046875
2025-06-09,175.47628784179688
2025-06-10,177.97755432128906
2025-06-11,176.73190307617188
2025-06-12,175.087646484375
2025-06-13,174.0612335205078
2025-06-16,176.15394592285156
2025-06-17,175.33677673339844
2025-06-18,172.71597290039062
2025-06-20,166.05923461914062
2025-06-23,164.61427307128906
2025-06-24,166.1887969970703
2025-06-25,170.0851287841797
2025-06-26,172.93519592285156
2025-06-27,177.9077911376953
2025-06-30,175.6157989501953
2025-07-01,175.2271728515625
2025-07-02,178.01739501953125
2025-07-03,178.904296875
2025-07-07,176.17385864257812
2025-07-08,173.75233459472656
2025-07-09,176.00445556640625
2025-07-10,177.00094604492188
2025-07-11,179.56201171875
2025-07-14,180.92723083496094
2025-07-15,181.36572265625
2025-07-16,182.3323211669922
2025-07-17,182.94020080566406
2025-07-18,184.41502380371094
2025-07-21,189.43746948242188
2025-07-22,190.6731414794922
2025-07-23,189.5670166015625
2025-07-24,191.50025939941406
2025-07-25,192.5067138671875
2025-07-28,191.90882873535156
2025-07-29,195.06777954101562
2025-07-30,195.84506225585938
2025-07-31,191.23117065429688
2025-08-01,188.47085571289062
2025-08-04,194.3602294921875
2025-08-05,193.9915313720703
2025-08-06,195.40658569335938
2025-08-07,195.83509826660156
2025-08-08,200.718017578125
2025-08-11,200.29946899414062
2025-08-12,202.63131713867188
2025-08-13,201.25613403320312
2025-08-14,202.23272705078125
2025-08-15,203.18936157226562
2025-08-18,202.790771484375
2025-08-19,200.8674774169922
2025-08-20,198.62533569335938
2025-08-21,199.0538330078125
2025-08-22,205.37173461914062
2025-08-25,207.76336669921875
2025-08-26,206.4180908203125
2025-08-27,206.75689697265625
2025-08-28,210.90240478515625
2025-08-29,212.16796875
2025-09-02,210.6134033203125
2025-09-03,229.85610961914062
2025-09-04,231.4904022216797
2025-09-05,234.18096923828125
2025-09-08,233.43289184570312
2025-09-09,239.0084228515625
2025-09-10,238.54962158203125
2025-09-11,239.74649047851562
2025-09-12,240.17538452148438
2025-09-15,250.95733642578125
2025-09-16,250.50851440429688
2025-09-17,248.88275146484375
2025-09-18,251.3762664794922
2025-09-19,254.0592803955078
2025-09-22,251.8749542236328
2025-09-23,251.0072021484375
2025-09-24,246.49893188476562
2025-09-25,245.15245056152344
2025-09-26,245.90048217773438
2025-09-29,243.41696166992188
2025-09-30,242.4694366455078
2025-10-01,244.26475524902344
2025-10-02,245.05270385742188
2025-10-03,244.71359252929688
2025-10-06,249.7803955078125
2025-10-07,245.1225128173828
2025-10-08,243.9854736328125
2025-10-09,240.9034881591797
2025-10-10,235.9563751220703
2025-10-13,243.51669311523438
2025-10-14,244.8133087158203
2025-10-15,250.37884521484375
2025-10-16,250.8077392578125
2025-10-17,252.6429443359375
2025-10-20,255.884521484375
2025-10-21,249.81033325195312
2025-10-22,251.03713989257812
2025-10-23,252.4235382080078
2025-10-24,259.2458190917969
2025-10-27,268.5715026855469
2025-10-28,266.7762451171875
2025-10-29,273.8578186035156
2025-10-30,280.7498779296875
2025-10-31,280.4606018066406
2025-11-03,282.9840393066406
2025-11-04,276.820068359375
2025-11-05,283.572509765625
2025-11-06,284.0113830566406
2025-11-07,278.10675048828125
2025-11-10,289.3475036621094
2025-11-11,290.55438232421875
2025-11-12,285.9662780761719
2025-11-13,277.8474426269531
2025-11-14,275.6930236816406
2025-11-17,284.2806701660156
2025-11-18,283.5425720214844
2025-11-19,292.05047607421875
2025-11-20,288.69921875
2025-11-21,298.8827209472656
2025-11-24,317.75360107421875
2025-11-25,322.60101318359375
2025-11-26,319.1200866699219
2025-11-28,319.3494873046875
2025-12-01,314.0732421875
2025-12-02,314.99078369140625
2025-12-03,318.8009033203125
2025-12-04,316.796142578125
2025-12-05,320.4366149902344
2025-12-08,313.1109313964844
2025-12-09,316.4643859863281
2025-12-10,319.58831787109375
2025-12-11,311.8233947753906
2025-12-12,308.68951416015625
2025-12-15,307.62158203125
2025-12-16,305.97479248046875
2025-12-17,296.1439208984375
2025-12-18,301.8727722167969
2025-12-19,306.56365966796875
2025-12-22,309.1785583496094
2025-12-23,313.73968505859375
2025-12-24,313.48016357421875
2025-12-26,312.9013366699219
2025-12-29,312.95123291015625
2025-12-30,313.24066162109375
2025-12-31,312.3923034667969
2026-01-02,314.53814697265625
2026-01-05,315.92547607421875
2026-01-06,313.7297058105469
2026-01-07,321.3548583984375
2026-01-08,324.80816650390625
2026-01-09,327.9320983886719
2026-01-12,331.2156677246094
2026-01-13,335.3177185058594
2026-01-14,335.18798828125
2026-01-15,332.1338806152344
2026-01-16,329.35931396484375
2026-01-20,321.3748474121094
2026-01-21,327.7424621582031
2026-01-22,329.89825439453125
2026-01-23,327.2933044433594
2026-01-26,332.61297607421875
2026-01-27,333.90045166015625
2026-01-28,335.3576354980469
2026-01-29,337.5932922363281
2026-01-30,337.3437805175781
2026-02-02,343.0227355957031
2026-02-03,339.0504455566406
2026-02-04,332.3934020996094
2026-02-05,330.6068420410156
2026-02-06,322.233154296875
2026-02-09,323.6903381347656
2026-02-10,317.9614562988281
2026-02-11,310.35626220703125
2026-02-12,308.4000549316406
2026-02-13,305.1264343261719
2026-02-17,301.43359375
2026-02-18,302.7410888671875
2026-02-19,302.26202392578125
2026-02-20,314.36846923828125
2026-02-23,310.8852233886719
2026-02-24,310.2964172363281
2026-02-25,312.29248046875
2026-02-26,306.78326416015625
2026-02-27,311.15472412109375
2026-03-02,305.92486572265625
2026-03-03,302.9905700683594
2026-03-04,302.54150390625
2026-03-05,300.29583740234375
2026-03-06,297.9404296875
2026-03-09,305.98040771484375
2026-03-10,306.65960693359375
2026-03-11,308.31756591796875
2026-03-12,303.1739196777344
2026-03-13,301.9054870605469
2026-03-16,305.1814270019531
2026-03-17,310.5347900390625
2026-03-18,307.30877685546875
2026-03-19,306.7494812011719
2026-03-20,300.6270751953125
2026-03-23,301.6857604980469
2026-03-24,290.0801696777344
2026-03-25,290.5695495605469
2026-03-26,280.5719909667969
2026-03-27,274.0000915527344
2026-03-30,273.1611633300781
2026-03-31,287.2037353515625
2026-04-01,297.0215759277344
2026-04-02,295.4035339355469
2026-04-06,299.61834716796875
2026-04-07,305.08154296875
2026-04-08,316.9268798828125
2026-04-09,318.09539794921875
2026-04-10,316.8469543457031
2026-04-13,320.91192626953125
2026-04-14,332.49755859375
2026-04-15,336.70233154296875
2026-04-16,335.6036682128906
2026-04-17,341.2566833496094
2026-04-20,337.0019836425781
2026-04-21,331.8783264160156
2026-04-22,338.8996276855469
2026-04-23,338.47015380859375
2026-04-24,343.97332763671875
2026-04-27,349.9059753417969
2026-04-28,349.3466796875
2026-04-29,349.5064392089844
2026-04-30,384.3232421875
2026-05-01,385.2121887207031
2026-05-04,382.7751770019531
2026-05-05,387.9487609863281
2026-05-06,397.546875
2026-05-07,397.4969177246094
2026-05-08,400.3034362792969
2026-05-11,388.1585388183594
2026-05-12,386.8701171875
2026-05-13,402.1211853027344
2026-05-14,400.5731201171875
2026-05-15,396.2884216308594
2026-05-18,396.4482421875
2026-05-19,387.1797180175781
2026-05-20,388.4281921386719
2026-05-21,387.1797180175781
2026-05-22,382.49554443359375
2026-05-26,388.3982238769531
2026-05-27,388.3482666015625
2026-05-28,389.64666748046875
2026-05-29,379.8687744140625
2026-06-01,375.9037170410156
2026-06-02,361.4017028808594
2026-06-03,358.54522705078125
2026-06-04,371.7288818359375
2026-06-05,368.07342529296875
2026-06-08,363.0766296386719
2026-06-09,364.0260314941406
2026-06-10,356.1510925292969
2026-06-11,357.5401611328125
2026-06-12,359.4489440917969
2026-06-15,369.1127624511719
2026-06-16,373.01025390625
2026-06-17,363.55633544921875
2026-06-18,367.7935791015625
2026-06-22,349.45538330078125
2026-06-23,345.90765380859375
2026-06-24,345.0682067871094
2026-06-25,343.48919677734375
2026-06-26,337.17327880859375
2026-06-29,353.4228210449219
2026-06-30,357.14044189453125
2026-07-01,360.97796630859375
2026-07-02,359.6788024902344
2026-07-06,366.2245788574219
2026-07-07,366.7942199707031
2026-07-08,361.6875305175781
2026-07-09,358.65948486328125
2026-07-10,356.9505615234375
2026-07-13,352.2835693359375
2026-07-14,359.2790832519531
2026-07-15,370.6817626953125
2026-07-16,354.2322998046875
2026-07-17,346.5472412109375
2026-07-20,351.7638854980469
2026-07-21,346.927001953125
2026-07-22,341.8702392578125
2026-07-23,317.4859313964844
2026-07-24,319.53460693359375
2026-07-27,326.3502197265625
2026-07-28,333.4956359863281
2026-07-29,336.49371337890625
2026-07-30,333.4456787109375
2026-07-31,355.9012451171875
2026-08-03,373.27008056640625
2026-08-04,377.40740966796875
2026-08-05,362.1971740722656
2026-08-06,357.52020263671875
2026-08-07,354.0723876953125
2026-08-10,357.29034423828125
2026-08-11,343.5791320800781
2026-08-12,343.3193359375
2026-08-13,346.13751220703125
2026-08-14,345.67779541015625
2026-08-17,343.7790222167969
2026-08-18,343.9789123535156
2026-08-19,344.4985656738281
2026-08-20,340.451171875
2026-08-21,344.5985107421875
2026-08-24,347.83642578125
2026-08-25,346.73712158203125
2026-08-26,341.7803039550781
2026-08-27,340.4311828613281
2026-08-28,346.36737060546875
2026-08-31,339.13201904296875
2026-09-01,334.8047790527344
2026-09-02,336.9034423828125
2026-09-03,342.260009765625
2026-09-04,338.4599914550781
2026-09-08,338.3599853515625
2026-09-09,330.6499938964844
2026-09-10,332.6000061035156
2026-09-11,338.5
