date,value
2010-01-04,33.88811111450195
2010-01-05,34.04886245727539
2010-01-06,34.136932373046875
2010-01-07,34.27473449707031
2010-01-08,34.328311920166016
2010-01-11,34.29770278930664
2010-01-12,34.12162399291992
2010-01-13,34.19818115234375
2010-01-14,34.236419677734375
2010-01-15,34.0986442565918
2010-01-19,34.113956451416016
2010-01-20,34.06418228149414
2010-01-21,33.53211212158203
2010-01-22,33.21439743041992
2010-01-25,33.264163970947266
2010-01-26,33.3062744140625
2010-01-27,33.3177375793457
2010-01-28,33.17612075805664
2010-01-29,33.00769805908203
2010-02-01,33.16701889038086
2010-02-02,33.26730728149414
2010-02-03,33.43705368041992
2010-02-04,32.962554931640625
2010-02-05,32.769691467285156
2010-02-08,32.6269645690918
2010-02-09,32.69253921508789
2010-02-10,32.252777099609375
2010-02-11,32.38393020629883
2010-02-12,32.36465835571289
2010-02-16,32.68482208251953
2010-02-17,32.93556213378906
2010-02-18,33.248023986816406
2010-02-19,33.47174072265625
2010-02-22,33.514190673828125
2010-02-23,33.27116012573242
2010-02-24,33.398460388183594
2010-02-25,33.40232849121094
2010-02-26,33.626068115234375
2010-03-01,33.65169906616211
2010-03-02,33.869346618652344
2010-03-03,33.90431213378906
2010-03-04,33.9315299987793
2010-03-05,34.13360595703125
2010-03-08,34.14137649536133
2010-03-09,34.289058685302734
2010-03-10,34.300716400146484
2010-03-11,34.2696418762207
2010-03-12,34.277400970458984
2010-03-15,34.238529205322266
2010-03-16,34.35512924194336
2010-03-17,34.35512924194336
2010-03-18,34.40565872192383
2010-03-19,34.23463439941406
2010-03-22,34.39788055419922
2010-03-23,34.394012451171875
2010-03-24,34.37456512451172
2010-03-25,34.4561767578125
2010-03-26,34.44450759887695
2010-03-29,34.48726272583008
2010-03-30,34.4522819519043
2010-03-31,34.34348678588867
2010-04-01,34.260475158691406
2010-04-05,34.244808197021484
2010-04-06,34.46798324584961
2010-04-07,34.51889419555664
2010-04-08,34.577632904052734
2010-04-09,34.62853240966797
2010-04-12,34.636348724365234
2010-04-13,34.73031234741211
2010-04-14,34.82429885864258
2010-04-15,34.91826248168945
2010-04-16,34.636348724365234
2010-04-19,34.569820404052734
2010-04-20,34.94175720214844
2010-04-21,34.94566345214844
2010-04-22,34.84389114379883
2010-04-23,35.07097625732422
2010-04-26,35.07097625732422
2010-04-27,34.62853240966797
2010-04-28,34.65201187133789
2010-04-29,34.890869140625
2010-04-30,35.00441360473633
2010-05-03,35.000450134277344
2010-05-04,34.64158248901367
2010-05-05,34.168365478515625
2010-05-06,33.32044219970703
2010-05-07,33.316490173339844
2010-05-10,33.93958282470703
2010-05-11,33.900169372558594
2010-05-12,34.31427001953125
2010-05-13,34.1013298034668
2010-05-14,33.90411376953125
2010-05-17,33.860755920410156
2010-05-18,33.78974151611328
2010-05-19,33.59259033203125
2010-05-20,32.59086990356445
2010-05-21,33.24553298950195
2010-05-24,33.29677963256836
2010-05-25,33.257320404052734
2010-05-26,32.85902786254883
2010-05-27,33.312564849853516
2010-05-28,33.36777877807617
2010-06-01,33.21001052856445
2010-06-02,33.38087844848633
2010-06-03,33.3928337097168
2010-06-04,33.205997467041016
2010-06-07,32.97553253173828
2010-06-08,33.02720260620117
2010-06-09,33.098724365234375
2010-06-10,33.43651580810547
2010-06-11,33.484222412109375
2010-06-14,33.52790451049805
2010-06-15,33.8537712097168
2010-06-16,33.881587982177734
2010-06-17,34.13591384887695
2010-06-18,34.2829704284668
2010-06-21,34.406150817871094
2010-06-22,34.15977096557617
2010-06-23,34.13591384887695
2010-06-24,33.901451110839844
2010-06-25,34.05644989013672
2010-06-28,34.13193893432617
2010-06-29,33.79019546508789
2010-06-30,33.73853302001953
2010-07-01,33.89985275268555
2010-07-02,33.90787887573242
2010-07-06,34.17609405517578
2010-07-07,34.58841323852539
2010-07-08,34.74856948852539
2010-07-09,34.66849899291992
2010-07-12,34.64044952392578
2010-07-13,34.908714294433594
2010-07-14,34.876651763916016
2010-07-15,34.928714752197266
2010-07-16,34.71653366088867
2010-07-19,34.8326416015625
2010-07-20,35.112850189208984
2010-07-21,35.096839904785156
2010-07-22,35.40908432006836
2010-07-23,35.5692253112793
2010-07-26,35.58524703979492
2010-07-27,35.537227630615234
2010-07-28,35.461151123046875
2010-07-29,35.5692253112793
2010-07-30,35.4771614074707
2010-08-02,35.66215515136719
2010-08-03,35.66215515136719
2010-08-04,35.64200210571289
2010-08-05,35.62590789794922
2010-08-06,35.61782455444336
2010-08-09,35.5533447265625
2010-08-10,35.5412483215332
2010-08-11,35.07772445678711
2010-08-12,34.95683670043945
2010-08-13,35.109989166259766
2010-08-16,35.15431594848633
2010-08-17,35.28731155395508
2010-08-18,35.34773635864258
2010-08-19,35.27524948120117
2010-08-20,35.35988235473633
2010-08-23,35.35988235473633
2010-08-24,35.174468994140625
2010-08-25,35.126094818115234
2010-08-26,35.07772445678711
2010-08-27,35.0737190246582
2010-08-30,35.13819122314453
2010-08-31,35.126094818115234
2010-09-01,35.50566482543945
2010-09-02,35.56251525878906
2010-09-03,35.668087005615234
2010-09-07,35.615318298339844
2010-09-08,35.62338638305664
2010-09-09,35.7654914855957
2010-09-10,35.85887145996094
2010-09-13,36.04561233520508
2010-09-14,36.03749084472656
2010-09-15,36.00503921508789
2010-09-16,36.06592559814453
2010-09-17,36.13085174560547
2010-09-20,36.18770980834961
2010-09-21,36.126808166503906
2010-09-22,35.98064041137695
2010-09-23,35.88727569580078
2010-09-24,36.029380798339844
2010-09-27,36.090267181396484
2010-09-28,36.143035888671875
2010-09-29,36.22829055786133
2010-09-30,36.41098403930664
2010-10-01,36.45878601074219
2010-10-04,36.332096099853516
2010-10-05,36.46289825439453
2010-10-06,36.43019104003906
2010-10-07,36.50373458862305
2010-10-08,36.62633514404297
2010-10-11,36.703941345214844
2010-10-12,36.671268463134766
2010-10-13,36.793888092041016
2010-10-14,36.6181640625
2010-10-15,36.712154388427734
2010-10-18,36.66310501098633
2010-10-19,36.65903854370117
2010-10-20,36.77344512939453
2010-10-21,36.71624755859375
2010-10-22,36.88378143310547
2010-10-25,37.02679443359375
2010-10-26,37.08401107788086
2010-10-27,37.04314041137695
2010-10-28,37.06357955932617
2010-10-29,37.07992172241211
2010-11-01,37.01040267944336
2010-11-02,37.191402435302734
2010-11-03,37.31482696533203
2010-11-04,37.80021286010742
2010-11-05,37.759098052978516
2010-11-08,37.64801788330078
2010-11-09,37.54106903076172
2010-11-10,37.23256301879883
2010-11-11,37.08445739746094
2010-11-12,36.94871139526367
2010-11-15,36.87876892089844
2010-11-16,36.47152328491211
2010-11-17,36.656639099121094
2010-11-18,37.12147903442383
2010-11-19,37.109130859375
2010-11-22,36.849979400634766
2010-11-23,36.343997955322266
2010-11-24,36.5620231628418
2010-11-26,36.43035888671875
2010-11-29,36.52500534057617
2010-11-30,36.607242584228516
2010-12-01,36.94601821899414
2010-12-02,36.96669006347656
2010-12-03,37.02880096435547
2010-12-06,37.00813293457031
2010-12-07,37.198577880859375
2010-12-08,37.07854080200195
2010-12-09,36.999839782714844
2010-12-10,37.01638412475586
2010-12-13,36.83003616333008
2010-12-14,37.01221466064453
2010-12-15,36.86731719970703
2010-12-16,37.00396728515625
2010-12-17,37.05780792236328
2010-12-20,37.12406921386719
2010-12-21,37.202735900878906
2010-12-22,37.306270599365234
2010-12-23,37.34352493286133
2010-12-27,37.37252426147461
2010-12-28,37.396270751953125
2010-12-29,37.52132797241211
2010-12-30,37.56298828125
2010-12-31,37.62966537475586
2011-01-03,37.65883255004883
2011-01-04,37.82969665527344
2011-01-05,37.92557907104492
2011-01-06,37.97142028808594
2011-01-07,37.825538635253906
2011-01-10,37.79636764526367
2011-01-11,37.94225311279297
2011-01-12,38.02141189575195
2011-01-13,38.01309585571289
2011-01-14,38.07563018798828
2011-01-18,38.07145690917969
2011-01-19,37.95476531982422
2011-01-20,37.879730224609375
2011-01-21,38.033912658691406
2011-01-24,38.08811950683594
2011-01-25,38.14646530151367
2011-01-26,38.225650787353516
2011-01-27,38.27565383911133
2011-01-28,38.04642868041992
2011-01-31,38.25065994262695
2011-02-01,38.32573318481445
2011-02-02,38.36767578125
2011-02-03,38.36767578125
2011-02-04,38.53547286987305
2011-02-07,38.60676193237305
2011-02-08,38.64869689941406
2011-02-09,38.430606842041016
2011-02-10,38.472537994384766
2011-02-11,38.56902313232422
2011-02-14,38.59836196899414
2011-02-15,38.52286911010742
2011-02-16,38.53547286987305
2011-02-17,38.62354278564453
2011-02-18,38.740989685058594
2011-02-22,38.422203063964844
2011-02-23,38.4599609375
2011-02-24,38.489315032958984
2011-02-25,38.60676193237305
2011-02-28,38.799713134765625
2011-03-01,38.740211486816406
2011-03-02,38.77395248413086
2011-03-03,38.91324996948242
2011-03-04,38.83305358886719
2011-03-07,38.841522216796875
2011-03-08,38.807743072509766
2011-03-09,38.697994232177734
2011-03-10,38.49537658691406
2011-03-11,38.48695373535156
2011-03-14,38.330753326416016
2011-03-15,38.13237380981445
2011-03-16,37.895992279052734
2011-03-17,38.30546188354492
2011-03-18,38.48695373535156
2011-03-21,38.723331451416016
2011-03-22,38.744422912597656
2011-03-23,38.697994232177734
2011-03-24,38.73174285888672
2011-03-25,38.744422912597656
2011-03-28,38.75707244873047
2011-03-29,38.77819061279297
2011-03-30,38.83726501464844
2011-03-31,38.816192626953125
2011-04-01,38.76948165893555
2011-04-04,39.00730514526367
2011-04-05,38.96480941772461
2011-04-06,39.04977035522461
2011-04-07,39.088008880615234
2011-04-08,39.088008880615234
2011-04-11,39.04977035522461
2011-04-12,38.92660140991211
2011-04-13,39.113487243652344
2011-04-14,38.95636749267578
2011-04-15,39.00730514526367
2011-04-18,38.871395111083984
2011-04-19,39.00730514526367
2011-04-20,39.15596389770508
2011-04-21,39.2494010925293
2011-04-25,39.206932067871094
2011-04-26,39.296119689941406
2011-04-27,39.32160949707031
2011-04-28,39.342830657958984
2011-04-29,39.436279296875
2011-05-02,39.41619873046875
2011-05-03,39.424713134765625
2011-05-04,39.411930084228516
2011-05-05,39.24951171875
2011-05-06,39.45038604736328
2011-05-09,39.50168991088867
2011-05-10,39.587135314941406
2011-05-11,39.52729034423828
2011-05-12,39.565773010253906
2011-05-13,39.403358459472656
2011-05-16,39.48029708862305
2011-05-17,39.548667907714844
2011-05-18,39.59569549560547
2011-05-19,39.57861328125
2011-05-20,39.548667907714844
2011-05-23,39.36063003540039
2011-05-24,39.29654312133789
2011-05-25,39.29654312133789
2011-05-26,39.26234436035156
2011-05-27,39.38200759887695
2011-05-31,39.48886489868164
2011-06-01,39.25922775268555
2011-06-02,39.23342514038086
2011-06-03,39.07862854003906
2011-06-06,38.98405075073242
2011-06-07,38.95391082763672
2011-06-08,38.76902770996094
2011-06-09,38.794822692871094
2011-06-10,38.54111099243164
2011-06-13,38.39492416381836
2011-06-14,38.63572311401367
2011-06-15,38.47233963012695
2011-06-16,37.788612365722656
2011-06-17,38.20574188232422
2011-06-20,38.47233963012695
2011-06-21,38.730350494384766
2011-06-22,38.450828552246094
2011-06-23,38.657222747802734
2011-06-24,38.47233963012695
2011-06-27,38.46371841430664
2011-06-28,38.6185188293457
2011-06-29,39.001224517822266
2011-06-30,39.263519287109375
2011-07-01,39.47211456298828
2011-07-05,39.524044036865234
2011-07-06,39.541351318359375
2011-07-07,39.6971549987793
2011-07-08,39.5889778137207
2011-07-11,39.1994743347168
2011-07-12,39.09126281738281
2011-07-13,39.394256591796875
2011-07-14,39.37258529663086
2011-07-15,39.359596252441406
2011-07-18,39.29035949707031
2011-07-19,39.4677848815918
2011-07-20,39.50241470336914
2011-07-21,39.69285202026367
2011-07-22,39.7447395324707
2011-07-25,39.53269958496094
2011-07-26,39.61491012573242
2011-07-27,39.3033447265625
2011-07-28,39.36391830444336
2011-07-29,39.40287780761719
2011-08-01,39.490379333496094
2011-08-02,39.00276565551758
2011-08-03,38.981014251708984
2011-08-04,37.85765838623047
2011-08-05,37.818450927734375
2011-08-08,36.207496643066406
2011-08-09,37.313411712646484
2011-08-10,36.68208312988281
2011-08-11,37.34825134277344
2011-08-12,37.174102783203125
2011-08-15,37.77927780151367
2011-08-16,37.53982162475586
2011-08-17,37.95343780517578
2011-08-18,37.4919319152832
2011-08-19,37.16539001464844
2011-08-22,37.208927154541016
2011-08-23,37.487571716308594
2011-08-24,37.31777572631836
2011-08-25,37.01735305786133
2011-08-26,37.39176559448242
2011-08-29,37.77056884765625
2011-08-30,37.840240478515625
2011-08-31,38.32787322998047
2011-09-01,38.30293273925781
2011-09-02,38.12322998046875
2011-09-06,37.67191696166992
2011-09-07,37.85594177246094
2011-09-08,37.97425842285156
2011-09-09,37.63245391845703
2011-09-12,37.30821228027344
2011-09-13,37.593017578125
2011-09-14,37.84279251098633
2011-09-15,38.09698486328125
2011-09-16,38.07503128051758
2011-09-19,38.01807403564453
2011-09-20,38.07943344116211
2011-09-21,37.75078201293945
2011-09-22,37.23807907104492
2011-09-23,37.338863372802734
2011-09-26,37.47907638549805
2011-09-27,37.522911071777344
2011-09-28,37.10224151611328
2011-09-29,37.03211975097656
2011-09-30,36.29597091674805
2011-10-03,35.85844421386719
2011-10-04,35.74815368652344
2011-10-05,36.18480682373047
2011-10-06,36.744937896728516
2011-10-07,36.775840759277344
2011-10-10,37.565338134765625
2011-10-11,37.15074920654297
2011-10-12,38.01522445678711
2011-10-13,37.85641860961914
2011-10-14,38.1210823059082
2011-10-17,37.90054702758789
2011-10-18,38.10342788696289
2011-10-19,37.979942321777344
2011-10-20,38.31513595581055
2011-10-21,38.77827835083008
2011-10-24,39.82797622680664
2011-10-25,39.12228775024414
2011-10-26,39.289913177490234
2011-10-27,39.867679595947266
2011-10-28,39.74859619140625
2011-10-31,39.37809371948242
2011-11-01,38.67532730102539
2011-11-02,39.043575286865234
2011-11-03,39.429561614990234
2011-11-04,39.38965606689453
2011-11-07,39.25653839111328
2011-11-08,39.34530258178711
2011-11-09,38.511165618896484
2011-11-10,38.55107498168945
2011-11-11,39.061309814453125
2011-11-14,38.7995491027832
2011-11-15,38.697486877441406
2011-11-16,38.320369720458984
2011-11-17,38.1340446472168
2011-11-18,38.10741424560547
2011-11-21,37.67705535888672
2011-11-22,37.38865661621094
2011-11-23,36.71428298950195
2011-11-25,36.71428298950195
2011-11-28,37.53508377075195
2011-11-29,37.77909469604492
2011-11-30,38.42241287231445
2011-12-01,38.591651916503906
2011-12-02,38.810428619384766
2011-12-05,39.02925491333008
2011-12-06,39.20336151123047
2011-12-07,39.078338623046875
2011-12-08,38.82384490966797
2011-12-09,39.15873336791992
2011-12-12,38.9488525390625
2011-12-13,38.80152130126953
2011-12-14,38.734535217285156
2011-12-15,38.87297058105469
2011-12-16,39.056007385253906
2011-12-19,39.006900787353516
2011-12-20,39.49359893798828
2011-12-21,39.605228424072266
2011-12-22,39.75703430175781
2011-12-23,39.940120697021484
2011-12-27,40.09957504272461
2011-12-28,39.91090774536133
2011-12-29,40.14896774291992
2011-12-30,40.17142868041992
2012-01-03,40.30171203613281
2012-01-04,40.23435974121094
2012-01-05,40.059146881103516
2012-01-06,39.933353424072266
2012-01-09,39.98726272583008
2012-01-10,40.126495361328125
2012-01-11,40.08611297607422
2012-01-12,40.03219223022461
2012-01-13,39.98726272583008
2012-01-17,40.06812286376953
2012-01-18,40.180442810058594
2012-01-19,40.23883819580078
2012-01-20,40.23883819580078
2012-01-23,40.3780632019043
2012-01-24,40.48137283325195
2012-01-25,40.83623123168945
2012-01-26,40.935089111328125
2012-01-27,40.786842346191406
2012-01-30,40.656585693359375
2012-01-31,40.75986099243164
2012-02-01,40.835330963134766
2012-02-02,40.86244583129883
2012-02-03,40.979888916015625
2012-02-06,40.98889923095703
2012-02-07,41.070228576660156
2012-02-08,41.106361389160156
2012-02-09,41.12440490722656
2012-02-10,40.76757049560547
2012-02-13,40.885013580322266
2012-02-14,40.885013580322266
2012-02-15,40.75399398803711
2012-02-16,40.9256706237793
2012-02-17,40.912113189697266
2012-02-21,41.0656852722168
2012-02-22,41.19668197631836
2012-02-23,41.34575271606445
2012-02-24,41.472251892089844
2012-02-27,41.48126983642578
2012-02-28,41.562599182128906
2012-02-29,41.61678695678711
2012-03-01,41.688148498535156
2012-03-02,41.51546859741211
2012-03-05,41.28372573852539
2012-03-06,40.73395538330078
2012-03-07,40.84754943847656
2012-03-08,41.165611267089844
2012-03-09,41.2110481262207
2012-03-12,41.2110481262207
2012-03-13,41.51093292236328
2012-03-14,41.40644073486328
2012-03-15,41.26555633544922
2012-03-16,41.11561584472656
2012-03-19,41.270111083984375
2012-03-20,41.23830795288086
2012-03-21,41.10654067993164
2012-03-22,41.20651626586914
2012-03-23,41.12016296386719
2012-03-26,41.37007522583008
2012-03-27,41.44277572631836
2012-03-28,41.306453704833984
2012-03-29,41.301902770996094
2012-03-30,41.220149993896484
2012-04-02,41.29096603393555
2012-04-03,41.254432678222656
2012-04-04,41.10357666015625
2012-04-05,41.00300598144531
2012-04-09,40.79276657104492
2012-04-10,40.59160232543945
2012-04-11,40.83842468261719
2012-04-12,41.20414733886719
2012-04-13,41.071556091308594
2012-04-16,41.13556671142578
2012-04-17,41.3138427734375
2012-04-18,41.30012130737305
2012-04-19,41.2224235534668
2012-04-20,41.28640365600586
2012-04-23,41.1995849609375
2012-04-24,41.295528411865234
2012-04-25,41.59726333618164
2012-04-26,41.624691009521484
2012-04-27,41.606380462646484
2012-04-30,41.688655853271484
2012-05-01,41.720394134521484
2012-05-02,41.88126754760742
2012-05-03,41.85371017456055
2012-05-04,41.77095031738281
2012-05-07,41.83990478515625
2012-05-08,41.830726623535156
2012-05-09,41.683616638183594
2012-05-10,41.63765335083008
2012-05-11,41.74336242675781
2012-05-14,41.435394287109375
2012-05-15,41.2331428527832
2012-05-16,40.82860565185547
2012-05-17,40.26322937011719
2012-05-18,40.26322937011719
2012-05-21,40.68151092529297
2012-05-22,40.67693328857422
2012-05-23,40.63554382324219
2012-05-24,40.6447639465332
2012-05-25,40.516048431396484
2012-05-29,40.96192169189453
2012-05-30,40.778045654296875
2012-05-31,40.34593200683594
2012-06-01,39.995330810546875
2012-06-04,40.027740478515625
2012-06-05,40.282100677490234
2012-06-06,40.712276458740234
2012-06-07,40.864925384521484
2012-06-08,41.022178649902344
2012-06-11,40.75389862060547
2012-06-12,41.040687561035156
2012-06-13,40.920433044433594
2012-06-14,41.2256965637207
2012-06-15,41.29969787597656
2012-06-18,41.31358337402344
2012-06-19,41.6049690246582
2012-06-20,41.76685333251953
2012-06-21,41.42458724975586
2012-06-22,41.70671081542969
2012-06-25,41.641963958740234
2012-06-26,41.581851959228516
2012-06-27,41.83161544799805
2012-06-28,41.82698440551758
2012-06-29,42.22476577758789
2012-07-02,42.270355224609375
2012-07-03,42.42385482788086
2012-07-05,42.42853927612305
2012-07-06,42.3726806640625
2012-07-09,42.38665771484375
2012-07-10,42.20057678222656
2012-07-11,42.33546447753906
2012-07-12,42.24241256713867
2012-07-13,42.3726806640625
2012-07-16,42.209861755371094
2012-07-17,42.4099006652832
2012-07-18,42.586673736572266
2012-07-19,42.69367218017578
2012-07-20,42.49360656738281
2012-07-23,42.42385482788086
2012-07-24,42.16337203979492
2012-07-25,42.07497787475586
2012-07-26,42.50759506225586
2012-07-27,42.7587890625
2012-07-30,42.7587890625
2012-07-31,42.65647506713867
2012-08-01,42.88798522949219
2012-08-02,42.71491622924805
2012-08-03,42.89268493652344
2012-08-06,42.86460494995117
2012-08-07,42.78041458129883
2012-08-08,42.8084602355957
2012-08-09,42.813133239746094
2012-08-10,42.77572250366211
2012-08-13,42.799102783203125
2012-08-14,42.86460494995117
2012-08-15,42.65878677368164
2012-08-16,42.81779861450195
2012-08-17,42.81779861450195
2012-08-20,42.86928176879883
2012-08-21,42.96281814575195
2012-08-22,42.920719146728516
2012-08-23,42.9113655090332
2012-08-24,43.103153228759766
2012-08-27,43.07041549682617
2012-08-28,43.03299331665039
2012-08-29,43.09376907348633
2012-08-30,43.07508850097656
2012-08-31,43.18735122680664
2012-09-04,43.186405181884766
2012-09-05,43.191104888916016
2012-09-06,43.44511032104492
2012-09-07,43.520328521728516
2012-09-10,43.449764251708984
2012-09-11,43.74616241455078
2012-09-12,43.8778190612793
2012-09-13,44.15999984741211
2012-09-14,44.15529251098633
2012-09-17,44.11768341064453
2012-09-18,44.13648986816406
2012-09-19,44.08003616333008
2012-09-20,43.873077392578125
2012-09-21,43.81193923950195
2012-09-24,43.75554275512695
2012-09-25,43.36513137817383
2012-09-26,43.14877700805664
2012-09-27,43.61911392211914
2012-09-28,43.41218185424805
2012-10-01,43.33891677856445
2012-10-02,43.447635650634766
2012-10-03,43.55637741088867
2012-10-04,43.74078369140625
2012-10-05,43.717132568359375
2012-10-08,43.655662536621094
2012-10-09,43.532737731933594
2012-10-10,43.42871856689453
2012-10-11,43.66511154174805
2012-10-12,43.74078369140625
2012-10-15,43.93939971923828
2012-10-16,44.10011672973633
2012-10-17,44.19942092895508
2012-10-18,44.17576217651367
2012-10-19,43.95354080200195
2012-10-22,43.963016510009766
2012-10-23,43.797515869140625
2012-10-24,43.75969314575195
2012-10-25,43.830650329589844
2012-10-26,43.72658920288086
2012-10-31,43.778587341308594
2012-11-01,43.75495529174805
2012-11-02,43.693504333496094
2012-11-05,43.622554779052734
2012-11-06,43.68877029418945
2012-11-07,43.42871856689453
2012-11-08,43.2868766784668
2012-11-09,43.211212158203125
2012-11-12,43.225399017333984
2012-11-13,43.12610626220703
2012-11-14,42.88972473144531
2012-11-15,42.87079620361328
2012-11-16,42.993709564208984
2012-11-19,43.53749084472656
2012-11-20,43.542171478271484
2012-11-21,43.52799987792969
2012-11-23,43.674583435058594
2012-11-26,43.68403625488281
2012-11-27,43.72658920288086
2012-11-28,43.73604965209961
2012-11-29,43.929931640625
2012-11-30,43.99612808227539
2012-12-03,44.21900939941406
2012-12-04,44.21900939941406
2012-12-05,44.29032516479492
2012-12-06,44.371116638183594
2012-12-07,44.30458068847656
2012-12-10,44.342628479003906
2012-12-11,44.385379791259766
2012-12-12,44.51847457885742
2012-12-13,44.36164855957031
2012-12-14,44.328365325927734
2012-12-17,44.49949264526367
2012-12-18,44.52323532104492
2012-12-19,44.47568893432617
2012-12-20,44.632530212402344
2012-12-21,44.504215240478516
2012-12-24,44.342628479003906
2012-12-26,44.450164794921875
2012-12-27,44.540924072265625
2012-12-28,44.42146682739258
2012-12-31,44.61262512207031
2013-01-02,45.033180236816406
2013-01-03,44.89461898803711
2013-01-04,44.92327880859375
2013-01-07,44.96147155761719
2013-01-08,44.92803192138672
2013-01-09,45.01411437988281
2013-01-10,45.09052658081055
2013-01-11,45.17178726196289
2013-01-14,45.10964584350586
2013-01-15,45.11919403076172
2013-01-16,45.0427360534668
2013-01-17,45.20525360107422
2013-01-18,45.267333984375
2013-01-22,45.296058654785156
2013-01-23,45.243492126464844
2013-01-24,45.34383010864258
2013-01-25,45.3294792175293
2013-01-28,45.305572509765625
2013-01-29,45.22915267944336
2013-01-30,44.90415573120117
2013-01-31,44.76556396484375
2013-02-01,44.91401290893555
2013-02-04,44.726646423339844
2013-02-05,44.82752990722656
2013-02-06,44.76028823852539
2013-02-07,44.67377471923828
2013-02-08,44.68337631225586
2013-02-11,44.67860794067383
2013-02-12,44.83234405517578
2013-02-13,44.89959716796875
2013-02-14,44.8803596496582
2013-02-15,44.88521194458008
2013-02-19,44.928443908691406
2013-02-20,44.88521194458008
2013-02-21,44.933223724365234
2013-02-22,45.04375076293945
2013-02-25,44.9044075012207
2013-02-26,45.12544631958008
2013-02-27,45.20228958129883
2013-02-28,45.18308639526367
2013-03-01,45.27294158935547
2013-03-04,45.277801513671875
2013-03-05,45.36957931518555
2013-03-06,45.340576171875
2013-03-07,45.40819549560547
2013-03-08,45.46133041381836
2013-03-11,45.43231201171875
2013-03-12,45.41303253173828
2013-03-13,45.42267608642578
2013-03-14,45.596588134765625
2013-03-15,45.59173583984375
2013-03-18,45.60139083862305
2013-03-19,45.52412796020508
2013-03-20,45.67388153076172
2013-03-21,45.59173583984375
2013-03-22,45.55792236328125
2013-03-25,45.49028396606445
2013-03-26,45.57242965698242
2013-03-27,45.49513626098633
2013-03-28,45.577274322509766
2013-04-01,45.65882873535156
2013-04-02,45.6248664855957
2013-04-03,45.6248664855957
2013-04-04,45.610294342041016
2013-04-05,45.653995513916016
2013-04-08,45.70256423950195
2013-04-09,45.84823226928711
2013-04-10,45.99386215209961
2013-04-11,45.99386215209961
2013-04-12,46.008487701416016
2013-04-15,45.71708297729492
2013-04-16,46.03273010253906
2013-04-17,45.959896087646484
2013-04-18,45.88705825805664
2013-04-19,45.86277389526367
2013-04-22,45.96961212158203
2013-04-23,46.14928436279297
2013-04-24,46.23183822631836
2013-04-25,46.35807418823242
2013-04-26,46.309513092041016
2013-04-29,46.39694595336914
2013-04-30,46.542625427246094
2013-05-01,46.45378875732422
2013-05-02,46.75144958496094
2013-05-03,46.82465362548828
2013-05-06,46.85394287109375
2013-05-07,46.819759368896484
2013-05-08,46.98569107055664
2013-05-09,46.84904098510742
2013-05-10,46.60504150390625
2013-05-13,46.414764404296875
2013-05-14,46.463558197021484
2013-05-15,46.468441009521484
2013-05-16,46.580650329589844
2013-05-17,46.580650329589844
2013-05-20,46.62946319580078
2013-05-21,46.71727752685547
2013-05-22,46.429405212402344
2013-05-23,46.30252456665039
2013-05-24,46.214691162109375
2013-05-28,46.043907165527344
2013-05-29,45.858463287353516
2013-05-30,45.951194763183594
2013-05-31,45.341217041015625
2013-06-03,45.301475524902344
2013-06-04,45.301475524902344
2013-06-05,44.90912628173828
2013-06-06,45.26226806640625
2013-06-07,45.29168701171875
2013-06-10,45.198524475097656
2013-06-11,44.91891860961914
2013-06-12,44.95326232910156
2013-06-13,45.46827697753906
2013-06-14,45.52222442626953
2013-06-17,45.51732635498047
2013-06-18,45.63014602661133
2013-06-19,44.94837188720703
2013-06-20,44.506900787353516
2013-06-21,44.21754837036133
2013-06-24,43.673095703125
2013-06-25,44.29601287841797
2013-06-26,44.663856506347656
2013-06-27,44.87968063354492
2013-06-28,44.575584411621094
2013-07-01,44.817203521728516
2013-07-02,44.679115295410156
2013-07-03,44.782649993896484
2013-07-05,44.30440902709961
2013-07-08,44.91581726074219
2013-07-09,44.94046401977539
2013-07-10,45.117984771728516
2013-07-11,45.685062408447266
2013-07-12,45.640689849853516
2013-07-15,45.832942962646484
2013-07-16,45.719547271728516
2013-07-17,46.05484390258789
2013-07-18,46.331016540527344
2013-07-19,46.30142593383789
2013-07-22,46.33591842651367
2013-07-23,46.22250747680664
2013-07-24,45.832942962646484
2013-07-25,45.72943878173828
2013-07-26,45.7491455078125
2013-07-29,45.650543212890625
2013-07-30,45.71461486816406
2013-07-31,45.847740173339844
2013-08-01,45.41322708129883
2013-08-02,45.690673828125
2013-08-05,45.45781326293945
2013-08-06,45.41322708129883
2013-08-07,45.269527435302734
2013-08-08,45.36860275268555
2013-08-09,45.373558044433594
2013-08-12,45.33391571044922
2013-08-13,45.33391571044922
2013-08-14,45.2447509765625
2013-08-15,45.011871337890625
2013-08-16,44.85822296142578
2013-08-19,44.560935974121094
2013-08-20,44.97221374511719
2013-08-21,44.80866622924805
2013-08-22,45.051483154296875
2013-08-23,45.239768981933594
2013-08-26,45.2447509765625
2013-08-27,44.95235824584961
2013-08-28,45.120849609375
2013-08-29,45.3042106628418
2013-08-30,45.26455307006836
2013-09-03,45.025455474853516
2013-09-04,45.1948356628418
2013-09-05,44.96566390991211
2013-09-06,45.115108489990234
2013-09-09,45.22969436645508
2013-09-10,45.38909912109375
2013-09-11,45.44884490966797
2013-09-12,45.394065856933594
2013-09-13,45.359188079833984
2013-09-16,45.608280181884766
2013-09-17,45.75767517089844
2013-09-18,46.19607925415039
2013-09-19,46.06156539916992
2013-09-20,46.00676727294922
2013-09-23,46.00178909301758
2013-09-24,45.90217590332031
2013-09-25,45.82246398925781
2013-09-26,45.79753875732422
2013-09-27,45.74774169921875
2013-09-30,45.61824417114258
2013-10-01,45.8159294128418
2013-10-02,45.83595275878906
2013-10-03,45.86601638793945
2013-10-04,45.94609451293945
2013-10-07,45.825950622558594
2013-10-08,45.80595397949219
2013-10-09,45.84595489501953
2013-10-10,46.056243896484375
2013-10-11,46.14128875732422
2013-10-14,46.21137619018555
2013-10-15,46.19636535644531
2013-10-16,46.44162368774414
2013-10-17,46.666908264160156
2013-10-18,46.76200485229492
2013-10-21,46.656890869140625
2013-10-22,46.79702377319336
2013-10-23,46.83708572387695
2013-10-24,46.85209274291992
2013-10-25,46.867103576660156
2013-10-28,46.85707473754883
2013-10-29,46.93218231201172
2013-10-30,46.741966247558594
2013-10-31,46.76699447631836
2013-11-01,46.68650436401367
2013-11-04,46.76700210571289
2013-11-05,46.641258239746094
2013-11-06,46.77705383300781
2013-11-07,46.8072509765625
2013-11-08,46.72674560546875
2013-11-11,46.55073547363281
2013-11-12,46.4853515625
2013-11-13,46.661376953125
2013-11-14,46.79716491699219
2013-11-15,46.86762237548828
2013-11-18,46.73180389404297
2013-11-19,46.71166229248047
2013-11-20,46.66640853881836
2013-11-21,46.827354431152344
2013-11-22,46.862548828125
2013-11-25,46.93296813964844
2013-11-26,46.96817398071289
2013-11-27,46.93803405761719
2013-11-29,46.988304138183594
2013-12-02,47.00347137451172
2013-12-03,46.95800018310547
2013-12-04,46.83665466308594
2013-12-05,46.80131530761719
2013-12-06,46.93269348144531
2013-12-09,47.10452651977539
2013-12-10,47.10452651977539
2013-12-11,46.96305847167969
2013-12-12,46.87712478637695
2013-12-13,46.952919006347656
2013-12-16,46.99335861206055
2013-12-17,46.99843215942383
2013-12-18,47.07927322387695
2013-12-19,47.028770446777344
2013-12-20,47.05905532836914
2013-12-23,47.09446716308594
2013-12-24,47.069183349609375
2013-12-26,47.11336898803711
2013-12-27,47.108299255371094
2013-12-30,47.14890670776367
2013-12-31,47.17938232421875
2014-01-02,47.260658264160156
2014-01-03,47.24544143676758
2014-01-06,47.347042083740234
2014-01-07,47.347042083740234
2014-01-08,47.31655502319336
2014-01-09,47.387672424316406
2014-01-10,47.5299072265625
2014-01-13,47.47909927368164
2014-01-14,47.55019760131836
2014-01-15,47.646705627441406
2014-01-16,47.62641143798828
2014-01-17,47.63657760620117
2014-01-21,47.697509765625
2014-01-22,47.62641143798828
2014-01-23,47.565425872802734
2014-01-24,47.25052261352539
2014-01-27,47.23529052734375
2014-01-28,47.44353485107422
2014-01-29,47.30132293701172
2014-01-30,47.38256072998047
2014-01-31,47.36735153198242
2014-02-03,47.225440979003906
2014-02-04,47.28159713745117
2014-02-05,47.28159713745117
2014-02-06,47.450050354003906
2014-02-07,47.68998718261719
2014-02-10,47.720611572265625
2014-02-11,47.80227279663086
2014-02-12,47.72571563720703
2014-02-13,47.86354446411133
2014-02-14,47.94011306762695
2014-02-18,48.0064697265625
2014-02-19,47.883968353271484
2014-02-20,48.032005310058594
2014-02-21,48.072879791259766
2014-02-24,48.18006896972656
2014-02-25,48.23619842529297
2014-02-26,48.31787872314453
2014-02-27,48.40974426269531
2014-02-28,48.4608154296875
2014-03-03,48.416168212890625
2014-03-04,48.5905647277832
2014-03-05,48.503387451171875
2014-03-06,48.43157196044922
2014-03-07,48.24690628051758
2014-03-10,48.252010345458984
2014-03-11,48.20073318481445
2014-03-12,48.28280258178711
2014-03-13,48.15458297729492
2014-03-14,48.118656158447266
2014-03-17,48.18534469604492
2014-03-18,48.32896041870117
2014-03-19,48.082763671875
2014-03-20,48.24690628051758
2014-03-21,48.216094970703125
2014-03-24,48.23151779174805
2014-03-25,48.32896041870117
2014-03-26,48.33919906616211
2014-03-27,48.267433166503906
2014-03-28,48.349510192871094
2014-03-31,48.42129898071289
2014-04-01,48.51150894165039
2014-04-02,48.45994567871094
2014-04-03,48.480594635009766
2014-04-04,48.593963623046875
2014-04-07,48.49090576171875
2014-04-08,48.60429382324219
2014-04-09,48.681602478027344
2014-04-10,48.54243087768555
2014-04-11,48.33627700805664
2014-04-14,48.49090576171875
2014-04-15,48.54243087768555
2014-04-16,48.568233489990234
2014-04-17,48.51150894165039
2014-04-21,48.51150894165039
2014-04-22,48.56305694580078
2014-04-23,48.57853317260742
2014-04-24,48.58883285522461
2014-04-25,48.5733528137207
2014-04-28,48.56305694580078
2014-04-29,48.63520431518555
2014-04-30,48.624916076660156
2014-05-01,48.574684143066406
2014-05-02,48.68858337402344
2014-05-05,48.66789245605469
2014-05-06,48.6782112121582
2014-05-07,48.750732421875
2014-05-08,48.74034881591797
2014-05-09,48.7869758605957
2014-05-12,48.83872985839844
2014-05-13,48.916419982910156
2014-05-14,48.942264556884766
2014-05-15,48.89568328857422
2014-05-16,48.99407196044922
2014-05-19,49.066524505615234
2014-05-20,49.00442886352539
2014-05-21,48.999237060546875
2014-05-22,49.03547668457031
2014-05-23,49.0510139465332
2014-05-27,49.09761047363281
2014-05-28,49.1131477355957
2014-05-29,49.15973663330078
2014-05-30,49.21150207519531
2014-06-02,49.054969787597656
2014-06-03,49.06016540527344
2014-06-04,49.06016540527344
2014-06-05,49.17978286743164
2014-06-06,49.32020568847656
2014-06-09,49.37742233276367
2014-06-10,49.3514404296875
2014-06-11,49.35660171508789
2014-06-12,49.325416564941406
2014-06-13,49.38261413574219
2014-06-16,49.35660171508789
2014-06-17,49.32020568847656
2014-06-18,49.543846130371094
2014-06-19,49.53343200683594
2014-06-20,49.580257415771484
2014-06-23,49.57504653930664
2014-06-24,49.53343200683594
2014-06-25,49.60624313354492
2014-06-26,49.55423355102539
2014-06-27,49.55423355102539
2014-06-30,49.51266860961914
2014-07-01,49.525718688964844
2014-07-02,49.55705642700195
2014-07-03,49.48391342163086
2014-07-07,49.447357177734375
2014-07-08,49.45780944824219
2014-07-09,49.421226501464844
2014-07-10,49.26973342895508
2014-07-11,49.353355407714844
2014-07-14,49.337642669677734
2014-07-15,49.259300231933594
2014-07-16,49.180938720703125
2014-07-17,48.83616256713867
2014-07-18,49.03990936279297
2014-07-21,48.95631408691406
2014-07-22,49.02420425415039
2014-07-23,49.11823272705078
2014-07-24,49.20707321166992
2014-07-25,49.12345886230469
2014-07-28,48.97722244262695
2014-07-29,48.9093017578125
2014-07-30,48.70558166503906
2014-07-31,48.30861282348633
2014-08-01,48.30387878417969
2014-08-04,48.59775924682617
2014-08-05,48.503299713134766
2014-08-06,48.618743896484375
2014-08-07,48.650245666503906
2014-08-08,48.802452087402344
2014-08-11,49.0333366394043
2014-08-12,49.02287292480469
2014-08-13,49.16455078125
2014-08-14,49.2590217590332
2014-08-15,49.35874938964844
2014-08-18,49.50044631958008
2014-08-19,49.48469924926758
2014-08-20,49.521419525146484
2014-08-21,49.521419525146484
2014-08-22,49.40070724487305
2014-08-25,49.50566482543945
2014-08-26,49.542415618896484
2014-08-27,49.495182037353516
2014-08-28,49.421722412109375
2014-08-29,49.458465576171875
2014-09-02,49.51645278930664
2014-09-03,49.38990783691406
2014-09-04,49.22647476196289
2014-09-05,49.16848373413086
2014-09-08,49.121028900146484
2014-09-09,48.89433288574219
2014-09-10,48.915409088134766
2014-09-11,48.915409088134766
2014-09-12,48.85740661621094
2014-09-15,48.767799377441406
2014-09-16,48.86796951293945
2014-09-17,49.02614974975586
2014-09-18,49.041954040527344
2014-09-19,49.11577224731445
2014-09-22,49.02614974975586
2014-09-23,48.778343200683594
2014-09-24,48.63068389892578
2014-09-25,48.29854965209961
2014-09-26,48.2669677734375
2014-09-29,48.166786193847656
2014-09-30,48.47781753540039
2014-10-01,48.53132247924805
2014-10-02,48.626617431640625
2014-10-03,48.79072570800781
2014-10-06,48.84367752075195
2014-10-07,48.658355712890625
2014-10-08,48.8913459777832
2014-10-09,48.37247085571289
2014-10-10,47.98066329956055
2014-10-13,47.742408752441406
2014-10-14,47.9012336730957
2014-10-15,47.91181564331055
2014-10-16,48.181861877441406
2014-10-17,48.589542388916016
2014-10-20,48.93896484375
2014-10-21,49.33611297607422
2014-10-22,49.01311111450195
2014-10-23,48.99195098876953
2014-10-24,49.129608154296875
2014-10-27,48.92837905883789
2014-10-28,49.0078239440918
2014-10-29,48.97074890136719
2014-10-30,48.94957733154297
2014-10-31,48.99195098876953
2014-11-03,49.09508514404297
2014-11-04,48.940887451171875
2014-11-05,48.93026351928711
2014-11-06,49.057891845703125
2014-11-07,49.10575866699219
2014-11-10,49.127010345458984
2014-11-11,49.23868179321289
2014-11-12,49.079158782958984
2014-11-13,48.877071380615234
2014-11-14,48.63241958618164
2014-11-17,48.62714385986328
2014-11-18,48.53138732910156
2014-11-19,48.520774841308594
2014-11-20,48.52607727050781
2014-11-21,48.791996002197266
2014-11-24,48.78666687011719
2014-11-25,48.866455078125
2014-11-26,48.93026351928711
2014-11-28,48.4622917175293
2014-12-01,47.974517822265625
2014-12-02,48.23629379272461
2014-12-03,48.316429138183594
2014-12-04,48.28437042236328
2014-12-05,48.24696731567383
2014-12-08,48.00123596191406
2014-12-09,47.974517822265625
2014-12-10,47.42424011230469
2014-12-11,47.253299713134766
2014-12-12,46.61219024658203
2014-12-15,46.58552932739258
2014-12-16,46.419891357421875
2014-12-17,47.3654899597168
2014-12-18,47.74479293823242
2014-12-19,48.20426940917969
2014-12-22,48.086708068847656
2014-12-23,48.25768280029297
2014-12-24,48.421852111816406
2014-12-26,48.27162551879883
2014-12-29,48.2984619140625
2014-12-30,48.20188903808594
2014-12-31,48.073089599609375
2015-01-02,48.073089599609375
2015-01-05,47.627784729003906
2015-01-06,47.445369720458984
2015-01-07,47.74045944213867
2015-01-08,48.09989929199219
2015-01-09,48.34137725830078
2015-01-12,48.282318115234375
2015-01-13,48.282318115234375
2015-01-14,48.16965866088867
2015-01-15,47.87458419799805
2015-01-16,48.05699920654297
2015-01-20,47.97116470336914
2015-01-21,48.22871017456055
2015-01-22,48.29309844970703
2015-01-23,48.29309844970703
2015-01-26,48.51303482055664
2015-01-27,48.47549819946289
2015-01-28,48.37353515625
2015-01-29,48.545249938964844
2015-01-30,48.411109924316406
2015-02-02,48.596954345703125
2015-02-03,48.87169647216797
2015-02-04,48.6670036315918
2015-02-05,48.9525260925293
2015-02-06,48.990230560302734
2015-02-09,48.87169647216797
2015-02-10,49.03872299194336
2015-02-11,49.022560119628906
2015-02-12,49.017189025878906
2015-02-13,49.08717727661133
2015-02-17,49.05487823486328
2015-02-18,49.22186279296875
2015-02-19,49.10874557495117
2015-02-20,49.243431091308594
2015-02-23,49.28110885620117
2015-02-24,49.32961654663086
2015-02-25,49.49124526977539
2015-02-26,49.480430603027344
2015-02-27,49.49124526977539
2015-03-02,49.482032775878906
2015-03-03,49.34136962890625
2015-03-04,49.24939727783203
2015-03-05,49.34136962890625
2015-03-06,49.0275764465332
2015-03-09,48.924766540527344
2015-03-10,48.73541259765625
2015-03-11,48.87066650390625
2015-03-12,48.968048095703125
2015-03-13,48.80031967163086
2015-03-16,48.75162887573242
2015-03-17,48.508182525634766
2015-03-18,48.94100570678711
2015-03-19,48.551456451416016
2015-03-20,48.930179595947266
2015-03-23,48.968048095703125
2015-03-24,49.043792724609375
2015-03-25,48.913970947265625
2015-03-26,48.90853500366211
2015-03-27,48.9464225769043
2015-03-30,49.08167266845703
2015-03-31,49.02216339111328
2015-04-01,49.12323760986328
2015-04-02,49.16128158569336
2015-04-06,49.28630447387695
2015-04-07,49.54712677001953
2015-04-08,49.53626251220703
2015-04-09,49.487342834472656
2015-04-10,49.60148620605469
2015-04-13,49.50907516479492
2015-04-14,49.53084182739258
2015-04-15,49.726470947265625
2015-04-16,49.623207092285156
2015-04-17,49.471065521240234
2015-04-20,49.57974624633789
2015-04-21,49.61233139038086
2015-04-22,49.563446044921875
2015-04-23,49.54712677001953
2015-04-24,49.62864303588867
2015-04-27,49.64496612548828
2015-04-28,49.568878173828125
2015-04-29,49.47649383544922
2015-04-30,49.449310302734375
2015-05-01,49.5595817565918
2015-05-04,49.54865264892578
2015-05-05,49.483154296875
2015-05-06,49.335777282714844
2015-05-07,49.330326080322266
2015-05-08,49.7178840637207
2015-05-11,49.40673065185547
2015-05-12,49.401268005371094
2015-05-13,49.330326080322266
2015-05-14,49.57048416137695
2015-05-15,49.67964172363281
2015-05-18,49.59779357910156
2015-05-19,49.5213737487793
2015-05-20,49.461326599121094
2015-05-21,49.532283782958984
2015-05-22,49.57048416137695
2015-05-26,49.466800689697266
2015-05-27,49.575984954833984
2015-05-28,49.55410385131836
2015-05-29,49.625099182128906
2015-06-01,49.70841979980469
2015-06-02,49.615203857421875
2015-06-03,49.346561431884766
2015-06-04,49.187557220458984
2015-06-05,49.03948974609375
2015-06-08,49.03948974609375
2015-06-09,48.957271575927734
2015-06-10,49.02305221557617
2015-06-11,49.121734619140625
2015-06-12,48.94083786010742
2015-06-15,48.71051025390625
2015-06-16,48.984683990478516
2015-06-17,48.94083786010742
2015-06-18,49.121734619140625
2015-06-19,49.14914321899414
2015-06-22,49.24787521362305
2015-06-23,49.2149658203125
2015-06-24,49.08336639404297
2015-06-25,48.935325622558594
2015-06-26,48.79276657104492
2015-06-29,48.45832824707031
2015-06-30,48.688594818115234
2015-07-01,48.69684600830078
2015-07-02,48.878597259521484
2015-07-06,48.71889877319336
2015-07-07,48.75745391845703
2015-07-08,48.515079498291016
2015-07-09,48.62525177001953
2015-07-10,48.90611267089844
2015-07-13,48.95018768310547
2015-07-14,48.900638580322266
2015-07-15,48.900638580322266
2015-07-16,48.977752685546875
2015-07-17,48.8455696105957
2015-07-20,48.61975860595703
2015-07-21,48.53162384033203
2015-07-22,48.21773147583008
2015-07-23,48.190162658691406
2015-07-24,48.052467346191406
2015-07-27,47.848697662353516
2015-07-28,48.10758590698242
2015-07-29,48.388450622558594
2015-07-30,48.53162384033203
2015-07-31,48.44902038574219
2015-08-03,48.35829544067383
2015-08-04,48.385963439941406
2015-08-05,48.319580078125
2015-08-06,48.12039566040039
2015-08-07,47.97101974487305
2015-08-10,48.109352111816406
2015-08-11,47.8880615234375
2015-08-12,47.8216438293457
2015-08-13,47.76079559326172
2015-08-14,47.7884635925293
2015-08-17,47.7884635925293
2015-08-18,47.72761154174805
2015-08-19,47.683326721191406
2015-08-20,47.451019287109375
2015-08-21,47.279483795166016
2015-08-24,46.892215728759766
2015-08-25,46.986270904541016
2015-08-26,47.379058837890625
2015-08-27,47.73313522338867
2015-08-28,47.777408599853516
2015-08-31,47.71099853515625
2015-09-01,47.55710220336914
2015-09-02,47.75156021118164
2015-09-03,47.818241119384766
2015-09-04,47.76826477050781
2015-09-08,48.029415130615234
2015-09-09,47.96829605102539
2015-09-10,48.08502197265625
2015-09-11,48.06831359863281
2015-09-14,47.9849739074707
2015-09-15,47.97385025024414
2015-09-16,47.80160140991211
2015-09-17,47.84046936035156
2015-09-18,47.70711135864258
2015-09-21,47.61819076538086
2015-09-22,47.273677825927734
2015-09-23,47.1903190612793
2015-09-24,46.956912994384766
2015-09-25,46.71796417236328
2015-09-28,46.001102447509766
2015-09-29,45.99556350708008
2015-09-30,46.284507751464844
2015-10-01,45.98746871948242
2015-10-02,46.032135009765625
2015-10-05,46.584930419921875
2015-10-06,46.841796875
2015-10-07,47.32194900512695
2015-10-08,47.517398834228516
2015-10-09,47.522979736328125
2015-10-12,47.43363952636719
2015-10-13,47.32194900512695
2015-10-14,47.28847122192383
2015-10-15,47.40013885498047
2015-10-16,47.61789321899414
2015-10-19,47.74633026123047
2015-10-20,47.79097366333008
2015-10-21,47.74073028564453
2015-10-22,47.75749206542969
2015-10-23,47.92500305175781
2015-10-26,47.8747673034668
2015-10-27,47.71841812133789
2015-10-28,47.84682846069336
2015-10-29,47.723995208740234
2015-10-30,47.779850006103516
2015-11-02,47.92790985107422
2015-11-03,47.978389739990234
2015-11-04,47.838138580322266
2015-11-05,47.65305709838867
2015-11-06,47.423072814941406
2015-11-09,47.22673797607422
2015-11-10,47.120140075683594
2015-11-11,47.00794219970703
2015-11-12,46.693824768066406
2015-11-13,46.5592155456543
2015-11-16,46.777984619140625
2015-11-17,46.81159210205078
2015-11-18,46.901371002197266
2015-11-19,46.480674743652344
2015-11-20,46.46940231323242
2015-11-23,46.43020248413086
2015-11-24,46.491878509521484
2015-11-25,46.542362213134766
2015-11-27,46.61530685424805
2015-11-30,46.58723831176758
2015-12-01,46.918670654296875
2015-12-02,46.822853088378906
2015-12-03,46.698856353759766
2015-12-04,46.591766357421875
2015-12-07,46.264835357666016
2015-12-08,45.68988800048828
2015-12-09,45.92665100097656
2015-12-10,45.73497772216797
2015-12-11,44.821868896484375
2015-12-14,44.43296432495117
2015-12-15,45.16008758544922
2015-12-16,45.50389099121094
2015-12-17,44.99660873413086
2015-12-18,44.827518463134766
2015-12-21,44.68661117553711
2015-12-22,45.22770309448242
2015-12-23,45.51515579223633
2015-12-24,45.60811233520508
2015-12-28,45.336124420166016
2015-12-29,45.59674835205078
2015-12-30,45.63075256347656
2015-12-31,45.65909957885742
2016-01-04,45.38711166381836
2016-01-05,45.47209548950195
2016-01-06,45.47209548950195
2016-01-07,45.17746353149414
2016-01-08,45.0584602355957
2016-01-11,44.99046325683594
2016-01-12,45.03580093383789
2016-01-13,44.53717041015625
2016-01-14,44.735496520996094
2016-01-15,44.14618682861328
2016-01-19,43.993186950683594
2016-01-20,43.69856262207031
2016-01-21,43.993186950683594
2016-01-22,44.66749954223633
2016-01-25,44.22551345825195
2016-01-26,44.62214279174805
2016-01-27,44.55418014526367
2016-01-28,44.78084182739258
2016-01-29,44.92813491821289
2016-02-01,44.66111755371094
2016-02-02,44.342193603515625
2016-02-03,44.55856704711914
2016-02-04,44.41621398925781
2016-02-05,44.07453155517578
2016-02-08,43.56205749511719
2016-02-09,43.396915435791016
2016-02-10,43.334293365478516
2016-02-11,43.043880462646484
2016-02-12,43.687355041503906
2016-02-16,43.72719955444336
2016-02-17,44.0859375
2016-02-18,44.12579345703125
2016-02-19,44.211212158203125
2016-02-22,44.592742919921875
2016-02-23,44.501625061035156
2016-02-24,44.57564926147461
2016-02-25,44.81482696533203
2016-02-26,45.116641998291016
2016-02-29,45.60063171386719
2016-03-01,46.32134246826172
2016-03-02,46.00648498535156
2016-03-03,46.16107177734375
2016-03-04,46.2927131652832
2016-03-07,46.3499755859375
2016-03-08,46.02369689941406
2016-03-09,46.13818359375
2016-03-10,46.45872497558594
2016-03-11,47.01970291137695
2016-03-14,46.88805389404297
2016-03-15,46.452999114990234
2016-03-16,46.762107849121094
2016-03-17,47.059783935546875
2016-03-18,47.168575286865234
2016-03-21,47.117042541503906
2016-03-22,46.99107360839844
2016-03-23,46.77357864379883
2016-03-24,46.56748962402344
2016-03-28,46.355655670166016
2016-03-29,46.53311538696289
2016-03-30,46.69915008544922
2016-03-31,46.762107849121094
2016-04-01,46.79606246948242
2016-04-04,46.68103790283203
2016-04-05,46.50849533081055
2016-04-06,46.89956283569336
2016-04-07,46.66952133178711
2016-04-08,46.882320404052734
2016-04-11,46.945560455322266
2016-04-12,47.221622467041016
2016-04-13,47.53217315673828
2016-04-14,47.51492691040039
2016-04-15,47.4401741027832
2016-04-18,47.71044921875
2016-04-19,47.91176223754883
2016-04-20,48.003746032714844
2016-04-21,47.85422134399414
2016-04-22,47.96352005004883
2016-04-25,47.779449462890625
2016-04-26,47.94050598144531
2016-04-27,48.222286224365234
2016-04-28,48.141788482666016
2016-04-29,48.222286224365234
2016-05-02,48.24081039428711
2016-05-03,47.928794860839844
2016-05-04,47.74972152709961
2016-05-05,47.70926284790039
2016-05-06,47.68037796020508
2016-05-09,47.5937385559082
2016-05-10,47.99812316894531
2016-05-11,47.96347427368164
2016-05-12,48.038570404052734
2016-05-13,47.824832916259766
2016-05-16,48.0905876159668
2016-05-17,47.99235916137695
2016-05-18,47.99812316894531
2016-05-19,47.8652458190918
2016-05-20,48.03279113769531
2016-05-23,48.044334411621094
2016-05-24,48.33323287963867
2016-05-25,48.408321380615234
2016-05-26,48.26968765258789
2016-05-27,48.35055923461914
2016-05-31,48.30432891845703
2016-06-01,48.38095474243164
2016-06-02,48.392581939697266
2016-06-03,48.479637145996094
2016-06-06,48.69443130493164
2016-06-07,48.909236907958984
2016-06-08,49.09502029418945
2016-06-09,48.90345764160156
2016-06-10,48.665435791015625
2016-06-13,48.34031295776367
2016-06-14,48.17778396606445
2016-06-15,48.20100784301758
2016-06-16,48.230037689208984
2016-06-17,48.259056091308594
2016-06-20,48.54352569580078
2016-06-21,48.72929763793945
2016-06-22,48.775718688964844
2016-06-23,49.135616302490234
2016-06-24,48.32872772216797
2016-06-27,47.632102966308594
2016-06-28,48.230037689208984
2016-06-29,48.83959197998047
2016-06-30,49.17049026489258
2016-07-01,49.26786422729492
2016-07-05,48.9879264831543
2016-07-06,49.20372772216797
2016-07-07,49.26786422729492
2016-07-08,49.92112350463867
2016-07-11,49.95029830932617
2016-07-12,50.09027862548828
2016-07-13,49.94445037841797
2016-07-14,50.043643951416016
2016-07-15,49.94445037841797
2016-07-18,50.11360168457031
2016-07-19,49.97947311401367
2016-07-20,50.10776901245117
2016-07-21,50.037776947021484
2016-07-22,50.259429931640625
2016-07-25,50.020286560058594
2016-07-26,49.82780838012695
2016-07-27,49.97947311401367
2016-07-28,49.76947021484375
2016-07-29,49.816158294677734
2016-08-01,49.53668212890625
2016-08-02,49.46638870239258
2016-08-03,49.689002990722656
2016-08-04,50.00538635253906
2016-08-05,50.11671447753906
2016-08-08,50.321754455566406
2016-08-09,50.49753189086914
2016-08-10,50.403804779052734
2016-08-11,50.526817321777344
2016-08-12,50.56783676147461
2016-08-15,50.72015380859375
2016-08-16,50.61471176147461
2016-08-17,50.685035705566406
2016-08-18,50.88419723510742
2016-08-19,50.731876373291016
2016-08-22,50.64988708496094
2016-08-23,50.81974411010742
2016-08-24,50.67915725708008
2016-08-25,50.772911071777344
2016-08-26,50.71432113647461
2016-08-29,50.966251373291016
2016-08-30,50.99554443359375
2016-08-31,50.796356201171875
2016-09-01,50.89697265625
2016-09-02,51.1323127746582
2016-09-06,51.19115447998047
2016-09-07,51.04994201660156
2016-09-08,50.955787658691406
2016-09-09,50.467430114746094
2016-09-12,50.64392852783203
2016-09-13,50.25559616088867
2016-09-14,50.24380874633789
2016-09-15,50.53800964355469
2016-09-16,50.549800872802734
2016-09-19,50.5792350769043
2016-09-20,50.520362854003906
2016-09-21,50.9381103515625
2016-09-22,51.108768463134766
2016-09-23,51.04994201660156
2016-09-26,50.82634735107422
2016-09-27,50.97344207763672
2016-09-28,51.314727783203125
2016-09-29,51.12053680419922
2016-09-30,51.34415054321289
2016-10-03,51.31224060058594
2016-10-04,51.22356414794922
2016-10-05,51.35951232910156
2016-10-06,51.38907241821289
2016-10-07,51.50726318359375
2016-10-10,51.65503692626953
2016-10-11,51.36543273925781
2016-10-12,51.347679138183594
2016-10-13,51.21769332885742
2016-10-14,51.33584976196289
2016-10-17,51.26493835449219
2016-10-18,51.47178649902344
2016-10-19,51.619537353515625
2016-10-20,51.62546920776367
2016-10-21,51.63727569580078
2016-10-24,51.66685485839844
2016-10-25,51.63727569580078
2016-10-26,51.43040466308594
2016-10-27,51.241329193115234
2016-10-28,50.99308776855469
2016-10-31,50.839385986328125
2016-11-01,50.641117095947266
2016-11-02,50.41551971435547
2016-11-03,50.42738723754883
2016-11-04,50.451133728027344
2016-11-07,51.15761947631836
2016-11-08,51.044830322265625
2016-11-09,50.688621520996094
2016-11-10,50.02369689941406
2016-11-11,49.55466079711914
2016-11-14,49.922752380371094
2016-11-15,50.58174133300781
2016-11-16,50.37989807128906
2016-11-17,50.24335479736328
2016-11-18,50.24335479736328
2016-11-21,50.64706802368164
2016-11-22,51.021087646484375
2016-11-23,50.831085205078125
2016-11-25,50.896400451660156
2016-11-28,50.89046096801758
2016-11-29,50.825157165527344
2016-11-30,50.84889221191406
2016-12-01,50.61098098754883
2016-12-02,50.91511154174805
2016-12-05,51.0462760925293
2016-12-06,51.302738189697266
2016-12-07,51.559139251708984
2016-12-08,51.553192138671875
2016-12-09,51.57703399658203
2016-12-12,51.50547409057617
2016-12-13,51.630706787109375
2016-12-14,51.243072509765625
2016-12-15,51.266937255859375
2016-12-16,51.31463623046875
2016-12-19,51.44584274291992
2016-12-20,51.51740264892578
2016-12-21,51.60683822631836
2016-12-22,51.718135833740234
2016-12-23,51.81385803222656
2016-12-27,51.76597595214844
2016-12-28,51.694183349609375
2016-12-29,51.76597595214844
2016-12-30,51.78395462036133
2017-01-03,51.999351501464844
2017-01-04,52.28052520751953
2017-01-05,52.20277786254883
2017-01-06,52.19081497192383
2017-01-09,52.17884063720703
2017-01-10,52.18482208251953
2017-01-11,52.21474075317383
2017-01-12,52.22671890258789
2017-01-13,52.24465560913086
2017-01-17,52.19081497192383
2017-01-18,52.23866271972656
2017-01-19,52.07111740112305
2017-01-20,52.17284393310547
2017-01-23,52.17284393310547
2017-01-24,52.2087516784668
2017-01-25,52.39423370361328
2017-01-26,52.37031555175781
2017-01-27,52.41816711425781
2017-01-30,52.31049346923828
2017-01-31,52.25659942626953
2017-02-01,52.45011901855469
2017-02-02,52.48017501831055
2017-02-03,52.57032775878906
2017-02-06,52.53423309326172
2017-02-07,52.45614242553711
2017-02-08,52.492183685302734
2017-02-09,52.56429672241211
2017-02-10,52.600372314453125
2017-02-13,52.67847442626953
2017-02-14,52.714542388916016
2017-02-15,52.73255157470703
2017-02-16,52.69050216674805
2017-02-17,52.74457931518555
2017-02-21,52.91886901855469
2017-02-22,52.942867279052734
2017-02-23,52.99095153808594
2017-02-24,53.03303527832031
2017-02-27,53.09916305541992
2017-02-28,53.057064056396484
2017-03-01,53.25262451171875
2017-03-02,53.083621978759766
2017-03-03,53.107765197753906
2017-03-06,52.93879699707031
2017-03-07,52.59473419189453
2017-03-08,52.24468994140625
2017-03-09,52.10584259033203
2017-03-10,52.08775329589844
2017-03-13,52.129981994628906
2017-03-14,51.973052978515625
2017-03-15,52.69132614135742
2017-03-16,52.54043960571289
2017-03-17,52.55853271484375
2017-03-20,52.4559211730957
2017-03-21,52.08169937133789
2017-03-22,52.20844650268555
2017-03-23,52.226558685302734
2017-03-24,52.407615661621094
2017-03-27,52.35332489013672
2017-03-28,52.643035888671875
2017-03-29,52.751678466796875
2017-03-30,52.99911117553711
2017-03-31,52.981014251708984
2017-04-03,52.95249557495117
2017-04-04,52.97072982788086
2017-04-05,52.928279876708984
2017-04-06,52.99497604370117
2017-04-07,52.97072982788086
2017-04-10,53.04345703125
2017-04-11,52.94041061401367
2017-04-12,52.9767951965332
2017-04-13,52.86768341064453
2017-04-17,53.025272369384766
2017-04-18,53.013160705566406
2017-04-19,52.964637756347656
2017-04-20,53.14043045043945
2017-04-21,53.09799575805664
2017-04-24,53.34650802612305
2017-04-25,53.443485260009766
2017-04-26,53.3950080871582
2017-04-27,53.431373596191406
2017-04-28,53.413211822509766
2017-05-01,53.44060516357422
2017-05-02,53.45888137817383
2017-05-03,53.507568359375
2017-05-04,53.22148513793945
2017-05-05,53.31277847290039
2017-05-08,53.373634338378906
2017-05-09,53.33712387084961
2017-05-10,53.568443298339844
2017-05-11,53.57449722290039
2017-05-12,53.556243896484375
2017-05-15,53.677974700927734
2017-05-16,53.757118225097656
2017-05-17,53.51974105834961
2017-05-18,53.58063507080078
2017-05-19,53.677974700927734
2017-05-22,53.84236145019531
2017-05-23,53.83626937866211
2017-05-24,53.92755889892578
2017-05-25,53.884979248046875
2017-05-26,53.915409088134766
2017-05-30,53.970191955566406
2017-05-31,53.96409225463867
2017-06-01,54.12123489379883
2017-06-02,54.15174865722656
2017-06-05,54.1028938293457
2017-06-06,54.017303466796875
2017-06-07,53.90721893310547
2017-06-08,53.95005798339844
2017-06-09,53.99281692504883
2017-06-12,54.08452606201172
2017-06-13,54.182373046875
2017-06-14,54.18848419189453
2017-06-15,53.98061752319336
2017-06-16,53.8889045715332
2017-06-19,54.0539665222168
2017-06-20,53.86446762084961
2017-06-21,53.552669525146484
2017-06-22,53.6993522644043
2017-06-23,53.91947555541992
2017-06-26,53.99281692504883
2017-06-27,53.8216552734375
2017-06-28,54.04173278808594
2017-06-29,53.90721893310547
2017-06-30,54.03564453125
2017-07-03,54.00923538208008
2017-07-05,53.96625518798828
2017-07-06,53.831199645996094
2017-07-07,53.782073974609375
2017-07-10,53.843448638916016
2017-07-11,53.806610107421875
2017-07-12,54.156558990478516
2017-07-13,54.19957733154297
2017-07-14,54.35306930541992
2017-07-17,54.371482849121094
2017-07-18,54.39600372314453
2017-07-19,54.48811340332031
2017-07-20,54.518802642822266
2017-07-21,54.47582244873047
2017-07-24,54.518802642822266
2017-07-25,54.54335021972656
2017-07-26,54.62317657470703
2017-07-27,54.58021926879883
2017-07-28,54.58632278442383
2017-07-31,54.58632278442383
2017-08-01,54.640625
2017-08-02,54.65291213989258
2017-08-03,54.54813766479492
2017-08-04,54.56045150756836
2017-08-07,54.53578567504883
2017-08-08,54.301513671875
2017-08-09,54.091896057128906
2017-08-10,53.74665832519531
2017-08-11,53.83912658691406
2017-08-14,54.12274169921875
2017-08-15,54.14122772216797
2017-08-16,54.14739227294922
2017-08-17,53.84526824951172
2017-08-18,53.92544937133789
2017-08-21,53.980926513671875
2017-08-22,54.202884674072266
2017-08-23,54.20901870727539
2017-08-24,54.28919219970703
2017-08-25,54.38783264160156
2017-08-28,54.39400863647461
2017-08-29,54.32619857788086
2017-08-30,54.47416305541992
2017-08-31,54.622093200683594
2017-09-01,54.67780685424805
2017-09-05,54.55400848388672
2017-09-06,54.51686096191406
2017-09-07,54.52304458618164
2017-09-08,54.34969711303711
2017-09-11,54.52304458618164
2017-09-12,54.591129302978516
2017-09-13,54.60972595214844
2017-09-14,54.683998107910156
2017-09-15,54.733543395996094
2017-09-18,54.70879364013672
2017-09-19,54.76448440551758
2017-09-20,54.758296966552734
2017-09-21,54.690189361572266
2017-09-22,54.74591827392578
2017-09-25,54.77688217163086
2017-09-26,54.84496307373047
2017-09-27,54.8697624206543
2017-09-28,54.8697624206543
2017-09-29,54.95024871826172
2017-10-02,54.9222526550293
2017-10-03,55.021697998046875
2017-10-04,54.96577835083008
2017-10-05,55.0341796875
2017-10-06,54.953311920166016
2017-10-09,54.95955276489258
2017-10-10,55.00305938720703
2017-10-11,54.94712829589844
2017-10-12,54.88493728637695
2017-10-13,54.909793853759766
2017-10-16,54.940860748291016
2017-10-17,55.021697998046875
2017-10-18,55.077613830566406
2017-10-19,55.08388137817383
2017-10-20,55.13359451293945
2017-10-23,55.071434020996094
2017-10-24,55.071434020996094
2017-10-25,54.91602325439453
2017-10-26,54.84765625
2017-10-27,54.99679183959961
2017-10-30,54.984397888183594
2017-10-31,54.99679183959961
2017-11-01,54.94438171386719
2017-11-02,54.91320037841797
2017-11-03,54.91946029663086
2017-11-06,54.9256706237793
2017-11-07,54.769588470458984
2017-11-08,54.526180267333984
2017-11-09,54.25775146484375
2017-11-10,54.376338958740234
2017-11-13,54.338897705078125
2017-11-14,54.10791015625
2017-11-15,54.10791015625
2017-11-16,54.63851547241211
2017-11-17,54.6010627746582
2017-11-20,54.613548278808594
2017-11-21,54.72592544555664
2017-11-22,54.81332778930664
2017-11-24,54.85076141357422
2017-11-27,54.68223571777344
2017-11-28,54.85076141357422
2017-11-29,54.78209686279297
2017-11-30,54.79460525512695
2017-12-01,54.77703857421875
2017-12-04,54.758216857910156
2017-12-05,54.726890563964844
2017-12-06,54.67674255371094
2017-12-07,54.7017936706543
2017-12-08,54.758216857910156
2017-12-11,54.770790100097656
2017-12-12,54.74567794799805
2017-12-13,54.77703857421875
2017-12-14,54.664207458496094
2017-12-15,54.67045593261719
2017-12-18,54.726890563964844
2017-12-19,54.61404800415039
2017-12-20,54.65791702270508
2017-12-21,54.71522521972656
2017-12-22,54.76557540893555
2017-12-26,54.84739685058594
2017-12-27,54.87260437011719
2017-12-28,54.84739685058594
2017-12-29,54.92921447753906
2018-01-02,54.979583740234375
2018-01-03,55.243980407714844
2018-01-04,55.33840560913086
2018-01-05,55.37617492675781
2018-01-08,55.332096099853516
2018-01-09,55.162139892578125
2018-01-10,55.042564392089844
2018-01-11,55.2251091003418
2018-01-12,55.13067626953125
2018-01-16,55.09920883178711
2018-01-17,55.10548782348633
2018-01-18,55.048858642578125
2018-01-19,55.10548782348633
2018-01-22,55.155818939208984
2018-01-23,55.319515228271484
2018-01-24,55.23769760131836
2018-01-25,55.1999397277832
2018-01-26,55.243980407714844
2018-01-29,55.048858642578125
2018-01-30,54.85997009277344
2018-01-31,54.95442199707031
2018-02-01,54.85075378417969
2018-02-02,54.50305938720703
2018-02-05,54.19965362548828
2018-02-06,54.528350830078125
2018-02-07,54.32606506347656
2018-02-08,53.851951599121094
2018-02-09,53.700233459472656
2018-02-12,54.0669059753418
2018-02-13,53.896202087402344
2018-02-14,53.99104690551758
2018-02-15,54.427215576171875
2018-02-16,54.64844512939453
2018-02-20,54.45880889892578
2018-02-21,54.21229934692383
2018-02-22,54.250213623046875
2018-02-23,54.61051940917969
2018-02-26,54.705352783203125
2018-02-27,54.55995559692383
2018-02-28,54.4777946472168
2018-03-01,54.11667251586914
2018-03-02,54.42130661010742
2018-03-05,54.42130661010742
2018-03-06,54.49745178222656
2018-03-07,54.364192962646484
2018-03-08,54.42766189575195
2018-03-09,54.62440872192383
2018-03-12,54.5355224609375
2018-03-13,54.364192962646484
2018-03-14,54.30070114135742
2018-03-15,54.338802337646484
2018-03-16,54.45303726196289
2018-03-19,54.23091506958008
2018-03-20,54.338802337646484
2018-03-21,54.357826232910156
2018-03-22,54.034156799316406
2018-03-23,53.89455795288086
2018-03-26,54.243595123291016
2018-03-27,54.19279479980469
2018-03-28,54.16745376586914
2018-03-29,54.35147476196289
2018-04-02,54.140541076660156
2018-04-03,54.293487548828125
2018-04-04,54.41454315185547
2018-04-05,54.45917892456055
2018-04-06,54.338096618652344
2018-04-09,54.54204177856445
2018-04-10,54.73957824707031
2018-04-11,54.7586784362793
2018-04-12,54.95625305175781
2018-04-13,54.988067626953125
2018-04-16,55.07094192504883
2018-04-17,55.09640884399414
2018-04-18,55.039093017578125
2018-04-19,54.867034912109375
2018-04-20,54.733177185058594
2018-04-23,54.58664321899414
2018-04-24,54.478294372558594
2018-04-25,54.484683990478516
2018-04-26,54.67585372924805
2018-04-27,54.65038299560547
2018-04-30,54.61210250854492
2018-05-01,54.65241241455078
2018-05-02,54.633235931396484
2018-05-03,54.62684631347656
2018-05-04,54.665225982666016
2018-05-07,54.716426849365234
2018-05-08,54.633235931396484
2018-05-09,54.72285842895508
2018-05-10,54.88283157348633
2018-05-11,54.863590240478516
2018-05-14,54.87641525268555
2018-05-15,54.607666015625
2018-05-16,54.67802810668945
2018-05-17,54.71003341674805
2018-05-18,54.65241241455078
2018-05-21,54.729225158691406
2018-05-22,54.76763916015625
2018-05-23,54.812416076660156
2018-05-24,54.844417572021484
2018-05-25,54.75481414794922
2018-05-29,54.52444076538086
2018-05-30,54.69084167480469
2018-05-31,54.639644622802734
2018-06-01,54.764339447021484
2018-06-04,54.88006591796875
2018-06-05,54.9443473815918
2018-06-06,55.0793342590332
2018-06-07,55.09864044189453
2018-06-08,55.066497802734375
2018-06-11,55.169342041015625
2018-06-12,55.214332580566406
2018-06-13,55.23362731933594
2018-06-14,55.39436721801758
2018-06-15,55.36219024658203
2018-06-18,55.355812072753906
2018-06-19,55.278621673583984
2018-06-20,55.33648681640625
2018-06-21,55.22078323364258
2018-06-22,55.22721862792969
2018-06-25,55.09864044189453
2018-06-26,55.092185974121094
2018-06-27,54.97648239135742
2018-06-28,54.82221984863281
2018-06-29,54.693634033203125
2018-07-02,54.74593734741211
2018-07-03,54.75239562988281
2018-07-05,54.959022521972656
2018-07-06,55.10111999511719
2018-07-09,55.185035705566406
2018-07-10,55.191505432128906
2018-07-11,55.10755920410156
2018-07-12,55.28190612792969
2018-07-13,55.28190612792969
2018-07-16,55.243160247802734
2018-07-17,55.26255416870117
2018-07-18,55.28837203979492
2018-07-19,55.26255416870117
2018-07-20,55.28837203979492
2018-07-23,55.26900863647461
2018-07-24,55.38521194458008
2018-07-25,55.48854446411133
2018-07-26,55.49498748779297
2018-07-27,55.47563552856445
2018-07-30,55.49498748779297
2018-07-31,55.61122512817383
2018-08-01,55.66115951538086
2018-08-02,55.69358825683594
2018-08-03,55.73898696899414
2018-08-06,55.84276580810547
2018-08-07,55.868690490722656
2018-08-08,55.83628845214844
2018-08-09,55.7973747253418
2018-08-10,55.7000732421875
2018-08-13,55.66115951538086
2018-08-14,55.75846862792969
2018-08-15,55.66115951538086
2018-08-16,55.732513427734375
2018-08-17,55.7973747253418
2018-08-20,55.82330322265625
2018-08-21,55.90764617919922
2018-08-22,55.92708206176758
2018-08-23,55.920570373535156
2018-08-24,56.01784896850586
2018-08-27,56.037330627441406
2018-08-28,56.01137161254883
2018-08-29,55.97893524169922
2018-08-30,55.93351364135742
2018-08-31,56.00486755371094
2018-09-04,55.888301849365234
2018-09-05,55.829673767089844
2018-09-06,55.8752555847168
2018-09-07,55.8166618347168
2018-09-10,55.92738723754883
2018-09-11,55.940399169921875
2018-09-12,56.07065200805664
2018-09-13,56.17486572265625
2018-09-14,56.22698211669922
2018-09-17,56.187889099121094
2018-09-18,56.181400299072266
2018-09-19,56.07716369628906
2018-09-20,56.15532302856445
2018-09-21,56.168338775634766
2018-09-24,56.142311096191406
2018-09-25,56.096710205078125
2018-09-26,56.15532302856445
2018-09-27,56.25954818725586
2018-09-28,56.29862976074219
2018-10-01,56.46150588989258
2018-10-02,56.415733337402344
2018-10-03,56.265254974365234
2018-10-04,56.05587387084961
2018-10-05,55.80725860595703
2018-10-08,55.6829719543457
2018-10-09,55.76797866821289
2018-10-10,55.368934631347656
2018-10-11,55.41474914550781
2018-10-12,55.70914840698242
2018-10-15,55.66987609863281
2018-10-16,55.85961151123047
2018-10-17,55.748374938964844
2018-10-18,55.51285934448242
2018-10-19,55.545562744140625
2018-10-22,55.57174301147461
2018-10-23,55.5193977355957
2018-10-24,55.244632720947266
2018-10-25,55.355838775634766
2018-10-26,55.107234954833984
2018-10-29,55.05491256713867
2018-10-30,55.18571090698242
2018-10-31,55.18571090698242
2018-11-01,55.43888473510742
2018-11-02,55.40601348876953
2018-11-05,55.45201110839844
2018-11-06,55.59667205810547
2018-11-07,55.918861389160156
2018-11-08,55.78077697753906
2018-11-09,55.46516799926758
2018-11-12,55.123321533203125
2018-11-13,55.03122329711914
2018-11-14,54.926025390625
2018-11-15,54.912879943847656
2018-11-16,54.748504638671875
2018-11-19,54.577579498291016
2018-11-20,54.4066276550293
2018-11-21,54.68278884887695
2018-11-23,54.38032913208008
2018-11-26,54.63676452636719
2018-11-27,54.610450744628906
2018-11-28,55.064117431640625
2018-11-29,55.07725143432617
2018-11-30,54.96548843383789
2018-12-03,55.34589767456055
2018-12-04,55.00248336791992
2018-12-06,54.81094741821289
2018-12-07,54.70526123046875
2018-12-10,54.744903564453125
2018-12-11,54.843955993652344
2018-12-12,55.022274017333984
2018-12-13,55.15437698364258
2018-12-14,54.923213958740234
2018-12-17,54.566551208496094
2018-12-18,54.467716217041016
2018-12-19,53.97663497924805
2018-12-20,53.505470275878906
2018-12-21,53.24003601074219
2018-12-24,52.84190368652344
2018-12-26,53.73109817504883
2018-12-27,53.697914123535156
2018-12-28,53.7775764465332
2018-12-31,53.817378997802734
2019-01-02,53.744388580322266
2019-01-03,53.77092742919922
2019-01-04,54.67340087890625
2019-01-07,55.20426559448242
2019-01-08,55.562618255615234
2019-01-09,55.62897872924805
2019-01-10,55.84797668457031
2019-01-11,55.6688232421875
2019-01-14,55.489620208740234
2019-01-15,55.67543029785156
2019-01-16,55.761722564697266
2019-01-17,55.91433334350586
2019-01-18,56.07359313964844
2019-01-22,55.70196533203125
2019-01-23,55.81480407714844
2019-01-24,55.874488830566406
2019-01-25,56.01385498046875
2019-01-28,55.92759704589844
2019-01-29,55.894439697265625
2019-01-30,56.33902359008789
2019-01-31,56.478370666503906
2019-02-01,56.4510498046875
2019-02-04,56.584388732910156
2019-02-05,56.784339904785156
2019-02-06,56.73102569580078
2019-02-07,56.53773880004883
2019-02-08,56.52436447143555
2019-02-11,56.551029205322266
2019-02-12,56.82436752319336
2019-02-13,56.74436569213867
2019-02-14,56.751014709472656
2019-02-15,56.93100357055664
2019-02-19,56.95101547241211
2019-02-20,56.99767303466797
2019-02-21,56.94436264038086
2019-02-22,57.05771255493164
2019-02-25,57.1043586730957
2019-02-26,57.17767333984375
2019-02-27,57.19770431518555
2019-02-28,57.16436004638672
2019-03-01,57.326393127441406
2019-03-04,57.23934555053711
2019-03-05,57.21257019042969
2019-03-06,57.11884307861328
2019-03-07,57.07862854003906
2019-03-08,56.98490905761719
2019-03-11,57.1723747253418
2019-03-12,57.2728385925293
2019-03-13,57.42683792114258
2019-03-14,57.38664245605469
2019-03-15,57.44026565551758
2019-03-18,57.42017364501953
2019-03-19,57.45359802246094
2019-03-20,57.70138168334961
2019-03-21,57.6879768371582
2019-03-22,57.48040008544922
2019-03-25,57.46033477783203
2019-03-26,57.600929260253906
2019-03-27,57.64109802246094
2019-03-28,57.754940032958984
2019-03-29,57.902244567871094
2019-04-01,57.88816452026367
2019-04-02,57.9150505065918
2019-04-03,57.935245513916016
2019-04-04,58.02265548706055
2019-04-05,58.13026809692383
2019-04-08,58.096622467041016
2019-04-09,58.05628204345703
2019-04-10,58.311866760253906
2019-04-11,58.399295806884766
2019-04-12,58.48674774169922
2019-04-15,58.44637680053711
2019-04-16,58.41276550292969
2019-04-17,58.27151870727539
2019-04-18,58.29841232299805
2019-04-22,58.197532653808594
2019-04-23,58.399295806884766
2019-04-24,58.318580627441406
2019-04-25,58.345497131347656
2019-04-26,58.49348449707031
2019-04-29,58.46652603149414
2019-04-30,58.473289489746094
2019-05-01,58.28144454956055
2019-05-02,58.32198715209961
2019-05-03,58.4705810546875
2019-05-06,58.49761962890625
2019-05-07,58.14636993408203
2019-05-08,58.16664505004883
2019-05-09,58.07887649536133
2019-05-10,58.2409553527832
2019-05-13,57.707374572753906
2019-05-14,57.835693359375
2019-05-15,57.889739990234375
2019-05-16,58.065330505371094
2019-05-17,58.045082092285156
2019-05-20,57.99105453491211
2019-05-21,58.17341232299805
2019-05-22,58.22067642211914
2019-05-23,57.930259704589844
2019-05-24,57.84920120239258
2019-05-28,57.795196533203125
2019-05-29,57.63985061645508
2019-05-30,57.761390686035156
2019-05-31,57.34263229370117
2019-06-03,57.4349479675293
2019-06-04,58.01163864135742
2019-06-05,58.1473274230957
2019-06-06,58.26948547363281
2019-06-07,58.41875076293945
2019-06-10,58.50695037841797
2019-06-11,58.58837890625
2019-06-12,58.45267105102539
2019-06-13,58.58837890625
2019-06-14,58.54766082763672
2019-06-17,58.45945739746094
2019-06-18,58.8665771484375
2019-06-19,59.14472961425781
2019-06-20,59.44327926635742
2019-06-21,59.253299713134766
2019-06-24,59.24648666381836
2019-06-25,58.99545669555664
2019-06-26,58.96834182739258
2019-06-27,59.131160736083984
2019-06-28,59.15151596069336
2019-07-01,59.169227600097656
2019-07-02,59.29872131347656
2019-07-03,59.52362060546875
2019-07-05,59.28511428833008
2019-07-08,59.169227600097656
2019-07-09,59.101078033447266
2019-07-10,59.26462173461914
2019-07-11,59.148807525634766
2019-07-12,59.24421310424805
2019-07-15,59.28511428833008
2019-07-16,59.162410736083984
2019-07-17,59.087501525878906
2019-07-18,59.11471939086914
2019-07-19,59.012489318847656
2019-07-22,59.210113525390625
2019-07-23,59.31236267089844
2019-07-24,59.36007308959961
2019-07-25,59.278297424316406
2019-07-26,59.40774917602539
2019-07-29,59.31919479370117
2019-07-30,59.34642791748047
2019-07-31,59.24421310424805
2019-08-01,59.21479415893555
2019-08-02,59.12583541870117
2019-08-05,58.50983428955078
2019-08-06,58.88626480102539
2019-08-07,58.87940979003906
2019-08-08,59.11210632324219
2019-08-09,59.02999496459961
2019-08-12,58.82468032836914
2019-08-13,59.084747314453125
2019-08-14,58.55775451660156
2019-08-15,58.72882843017578
2019-08-16,58.92731857299805
2019-08-19,59.09843826293945
2019-08-20,59.146331787109375
2019-08-21,59.39956283569336
2019-08-22,59.509056091308594
2019-08-23,59.235294342041016
2019-08-26,59.52960205078125
2019-08-27,59.50224685668945
2019-08-28,59.64593505859375
2019-08-29,59.70753860473633
2019-08-30,59.65278244018555
2019-09-03,59.481651306152344
2019-09-04,59.60536193847656
2019-09-05,59.83906555175781
2019-09-06,59.8940544128418
2019-09-09,59.95591354370117
2019-09-10,59.99028015136719
2019-09-11,59.983428955078125
2019-09-12,60.01774597167969
2019-09-13,59.90779113769531
2019-09-16,60.120887756347656
2019-09-17,60.155208587646484
2019-09-18,60.120887756347656
2019-09-19,60.05214309692383
2019-09-20,60.12773895263672
2019-09-23,60.10026931762695
2019-09-24,60.01774597167969
2019-09-25,59.95591354370117
2019-09-26,59.9146614074707
2019-09-27,59.845943450927734
2019-09-30,59.9146614074707
2019-10-01,59.77663803100586
2019-10-02,59.424705505371094
2019-10-03,59.459197998046875
2019-10-04,59.64554977416992
2019-10-07,59.597232818603516
2019-10-08,59.37638854980469
2019-10-09,59.555816650390625
2019-10-10,59.631717681884766
2019-10-11,59.88016128540039
2019-10-14,59.921566009521484
2019-10-15,60.05270767211914
2019-10-16,60.00437545776367
2019-10-17,60.08720016479492
2019-10-18,60.10101318359375
2019-10-21,60.121707916259766
2019-10-22,60.13551330566406
2019-10-23,60.19071960449219
2019-10-24,60.25973129272461
2019-10-25,60.30800247192383
2019-10-28,60.301124572753906
2019-10-29,60.19071960449219
2019-10-30,60.114810943603516
2019-10-31,59.90777587890625
2019-11-01,60.16486740112305
2019-11-04,60.28959655761719
2019-11-05,60.227237701416016
2019-11-06,60.157962799072266
2019-11-07,60.130226135253906
2019-11-08,60.1856689453125
2019-11-11,60.151023864746094
2019-11-12,60.16486740112305
2019-11-13,60.10252380371094
2019-11-14,60.06784439086914
2019-11-15,60.2480354309082
2019-11-18,60.17179489135742
2019-11-19,59.956974029541016
2019-11-20,59.832237243652344
2019-11-21,59.84609603881836
2019-11-22,60.074771881103516
2019-11-25,60.23416519165039
2019-11-26,60.3034553527832
2019-11-27,60.37969207763672
2019-11-29,60.2480354309082
2019-12-02,60.206966400146484
2019-12-03,60.12348556518555
2019-12-04,60.30436325073242
2019-12-05,60.39482116699219
2019-12-06,60.47832107543945
2019-12-09,60.47832107543945
2019-12-10,60.62440490722656
2019-12-11,60.7496223449707
2019-12-12,60.888755798339844
2019-12-13,60.951416015625
2019-12-16,61.06966781616211
2019-12-17,61.25752258300781
2019-12-18,61.36880111694336
2019-12-19,61.33668899536133
2019-12-20,61.24593734741211
2019-12-23,61.273887634277344
2019-12-24,61.322731018066406
2019-12-26,61.41351318359375
2019-12-27,61.385597229003906
2019-12-30,61.3436393737793
2019-12-31,61.399539947509766
2020-01-02,61.657859802246094
2020-01-03,61.59503936767578
2020-01-06,61.53223419189453
2020-01-07,61.47639083862305
2020-01-08,61.53223419189453
2020-01-09,61.692771911621094
2020-01-10,61.713741302490234
2020-01-13,61.713741302490234
2020-01-14,61.70674514770508
2020-01-15,61.720699310302734
2020-01-16,61.74163818359375
2020-01-17,61.692771911621094
2020-01-21,61.56011962890625
2020-01-22,61.67184829711914
2020-01-23,61.483341217041016
2020-01-24,61.22498321533203
2020-01-27,60.81304168701172
2020-01-28,61.33668899536133
2020-01-29,61.301788330078125
2020-01-30,61.3646240234375
2020-01-31,61.1132926940918
2020-02-03,61.103450775146484
2020-02-04,61.46807098388672
2020-02-05,61.720455169677734
2020-02-06,61.769561767578125
2020-02-07,61.67841720581055
2020-02-10,61.76253890991211
2020-02-11,61.804588317871094
2020-02-12,61.96585464477539
2020-02-13,61.98686599731445
2020-02-14,61.979888916015625
2020-02-18,61.85367965698242
2020-02-19,61.881744384765625
2020-02-20,61.98686599731445
2020-02-21,61.93080139160156
2020-02-24,61.26472854614258
2020-02-25,60.83704376220703
2020-02-26,60.90013122558594
2020-02-27,60.07982635498047
2020-02-28,60.32524108886719
2020-03-02,60.782936096191406
2020-03-03,60.522396087646484
2020-03-04,61.35342025756836
2020-03-05,60.578731536865234
2020-03-06,59.8956298828125
2020-03-09,57.318115234375
2020-03-10,58.19841384887695
2020-03-11,56.930755615234375
2020-03-12,54.656097412109375
2020-03-13,56.374412536621094
2020-03-16,53.27576446533203
2020-03-17,53.77579116821289
2020-03-18,51.40250778198242
2020-03-19,50.247535705566406
2020-03-20,49.120750427246094
2020-03-23,48.332000732421875
2020-03-24,50.32501983642578
2020-03-25,51.740516662597656
2020-03-26,54.10676193237305
2020-03-27,54.247615814208984
2020-03-30,54.71242904663086
2020-03-31,54.27579116821289
2020-04-01,52.785926818847656
2020-04-02,53.196434020996094
2020-04-03,52.05690383911133
2020-04-06,53.32381057739258
2020-04-07,53.32381057739258
2020-04-08,54.71106719970703
2020-04-09,58.29240798950195
2020-04-13,57.45722579956055
2020-04-14,57.6978759765625
2020-04-15,57.159976959228516
2020-04-16,57.10335159301758
2020-04-17,57.393531799316406
2020-04-20,56.53004837036133
2020-04-21,55.4966926574707
2020-04-22,55.985069274902344
2020-04-23,55.95676803588867
2020-04-24,55.43301010131836
2020-04-27,55.659481048583984
2020-04-28,55.82936477661133
2020-04-29,56.81315994262695
2020-04-30,56.9264030456543
2020-05-01,55.944454193115234
2020-05-04,55.86626052856445
2020-05-05,56.3497428894043
2020-05-06,56.02979278564453
2020-05-07,56.17198944091797
2020-05-08,56.70526123046875
2020-05-11,56.4493293762207
2020-05-12,56.37820053100586
2020-05-13,56.07954025268555
2020-05-14,55.887569427490234
2020-05-15,55.965797424316406
2020-05-18,56.95414352416992
2020-05-19,57.02522659301758
2020-05-20,57.629608154296875
2020-05-21,57.61540603637695
2020-05-22,57.75761032104492
2020-05-26,58.19135665893555
2020-05-27,58.31221389770508
2020-05-28,58.36908721923828
2020-05-29,58.60374450683594
2020-06-01,59.04703903198242
2020-06-02,59.63235855102539
2020-06-03,59.910743713378906
2020-06-04,59.72514724731445
2020-06-05,60.2890625
2020-06-08,60.36044692993164
2020-06-09,59.88933563232422
2020-06-10,59.80368423461914
2020-06-11,58.26895523071289
2020-06-12,58.84718322753906
2020-06-15,59.41822814941406
2020-06-16,59.660919189453125
2020-06-17,59.38252258300781
2020-06-18,59.36110305786133
2020-06-19,59.161277770996094
2020-06-22,59.1183967590332
2020-06-23,59.20407485961914
2020-06-24,58.59729766845703
2020-06-25,58.61876678466797
2020-06-26,58.061927795410156
2020-06-29,57.73360824584961
2020-06-30,58.2618293762207
2020-07-01,58.44320297241211
2020-07-02,58.87330627441406
2020-07-06,59.296226501464844
2020-07-07,58.901954650878906
2020-07-08,59.05967330932617
2020-07-09,58.93064498901367
2020-07-10,59.13131332397461
2020-07-13,58.80873489379883
2020-07-14,59.310550689697266
2020-07-15,59.6474609375
2020-07-16,59.70478057861328
2020-07-17,59.86967086791992
2020-07-20,60.22808837890625
2020-07-21,60.507667541503906
2020-07-22,60.62953567504883
2020-07-23,60.58649444580078
2020-07-24,60.64386749267578
2020-07-27,60.78719711303711
2020-07-28,60.62953567504883
2020-07-29,60.96643829345703
2020-07-30,61.09546661376953
2020-07-31,61.21011734008789
2020-08-03,61.22529220581055
2020-08-04,61.203670501708984
2020-08-05,61.311622619628906
2020-08-06,61.4483757019043
2020-08-07,61.29722213745117
2020-08-10,61.32600402832031
2020-08-11,60.7718505859375
2020-08-12,60.7862434387207
2020-08-13,60.620704650878906
2020-08-14,60.51275634765625
2020-08-17,60.87264633178711
2020-08-18,60.9661865234375
2020-08-19,60.793460845947266
2020-08-20,60.99496078491211
2020-08-21,60.98775863647461
2020-08-24,61.268436431884766
2020-08-25,61.3332405090332
2020-08-26,61.32600402832031
2020-08-27,61.232452392578125
2020-08-28,61.28285217285156
2020-08-31,61.19647216796875
2020-09-01,61.52960205078125
2020-09-02,61.601844787597656
2020-09-03,61.21885681152344
2020-09-04,61.052677154541016
2020-09-08,60.71303176879883
2020-09-09,61.1899528503418
2020-09-10,60.90095138549805
2020-09-11,61.023773193359375
2020-09-14,60.95871353149414
2020-09-15,61.124942779541016
2020-09-16,61.124942779541016
2020-09-17,61.059879302978516
2020-09-18,60.908199310302734
2020-09-21,60.416786193847656
2020-09-22,60.6263427734375
2020-09-23,60.01215362548828
2020-09-24,60.04826736450195
2020-09-25,59.93986892700195
2020-09-28,60.33004379272461
2020-09-29,60.38064956665039
2020-09-30,60.6263427734375
2020-10-01,60.83461380004883
2020-10-02,60.83461380004883
2020-10-05,61.29179382324219
2020-10-06,61.15391540527344
2020-10-07,61.37163162231445
2020-10-08,61.50952911376953
2020-10-09,61.64739990234375
2020-10-12,61.95944595336914
2020-10-13,61.683677673339844
2020-10-14,61.5312614440918
2020-10-15,61.487735748291016
2020-10-16,61.4151496887207
2020-10-19,61.19744873046875
2020-10-20,61.4151496887207
2020-10-21,61.407928466796875
2020-10-22,61.516754150390625
2020-10-23,61.58931350708008
2020-10-26,61.0450325012207
2020-10-27,61.074100494384766
2020-10-28,60.56612014770508
2020-10-29,60.74028015136719
2020-10-30,60.87089920043945
2020-11-02,61.015926361083984
2020-11-03,61.54065704345703
2020-11-04,62.116458892822266
2020-11-05,62.33507537841797
2020-11-06,62.116458892822266
2020-11-09,62.590145111083984
2020-11-10,62.502681732177734
2020-11-11,62.48082733154297
2020-11-12,62.05813217163086
2020-11-13,62.269493103027344
2020-11-16,62.61929702758789
2020-11-17,62.641178131103516
2020-11-18,62.52456283569336
2020-11-19,62.73590850830078
2020-11-20,62.61929702758789
2020-11-23,62.71406173706055
2020-11-24,62.90355682373047
2020-11-25,62.8743782043457
2020-11-27,62.976444244384766
2020-11-30,62.910850524902344
2020-12-01,63.07252883911133
2020-12-02,63.24817657470703
2020-12-03,63.28474426269531
2020-12-04,63.548152923583984
2020-12-07,63.51887130737305
2020-12-08,63.4676513671875
2020-12-09,63.37254333496094
2020-12-10,63.489627838134766
2020-12-11,63.42374801635742
2020-12-14,63.43839645385742
2020-12-15,63.63596725463867
2020-12-16,63.54081344604492
2020-12-17,63.6356315612793
2020-12-18,63.68704605102539
2020-12-21,63.45929718017578
2020-12-22,63.54011154174805
2020-12-23,63.82664489746094
2020-12-24,63.95886993408203
2020-12-28,64.03971099853516
2020-12-29,63.95886993408203
2020-12-30,64.09117126464844
2020-12-31,64.14261627197266
2021-01-04,64.01033020019531
2021-01-05,64.03235626220703
2021-01-06,63.91481399536133
2021-01-07,64.09849548339844
2021-01-08,64.1939926147461
2021-01-11,63.84867477416992
2021-01-12,63.92953872680664
2021-01-13,64.12053680419922
2021-01-14,64.1058120727539
2021-01-15,64.00299072265625
2021-01-19,64.1866455078125
2021-01-20,64.30418395996094
2021-01-21,64.26750946044922
2021-01-22,64.14261627197266
2021-01-25,64.15729522705078
2021-01-26,64.0617446899414
2021-01-27,63.87805938720703
2021-01-28,64.06912231445312
2021-01-29,63.90012741088867
2021-02-01,64.10511779785156
2021-02-02,64.25997924804688
2021-02-03,64.31163024902344
2021-02-04,64.4443588256836
2021-02-05,64.54015350341797
2021-02-08,64.73194122314453
2021-02-09,64.61396026611328
2021-02-10,64.5992202758789
2021-02-11,64.6286849975586
2021-02-12,64.73194122314453
2021-02-16,64.6286849975586
2021-02-17,64.6065673828125
2021-02-18,64.51807403564453
2021-02-19,64.52548217773438
2021-02-22,64.32637023925781
2021-02-23,64.48121643066406
2021-02-24,64.54756927490234
2021-02-25,63.93551254272461
2021-02-26,63.74380874633789
2021-03-01,64.45941925048828
2021-03-02,64.36322021484375
2021-03-03,64.15601348876953
2021-03-04,63.9117546081543
2021-03-05,64.10417938232422
2021-03-08,63.637935638427734
2021-03-09,63.72673034667969
2021-03-10,63.92657470703125
2021-03-11,64.16339874267578
2021-03-12,63.98581314086914
2021-03-15,63.99319076538086
2021-03-16,63.84518051147461
2021-03-17,63.93398666381836
2021-03-18,63.445533752441406
2021-03-19,63.68973159790039
2021-03-22,63.919185638427734
2021-03-23,63.98581314086914
2021-03-24,64.02278900146484
2021-03-25,64.13379669189453
2021-03-26,64.32618713378906
2021-03-29,64.36322021484375
2021-03-30,64.20780181884766
2021-03-31,64.51862335205078
2021-04-01,64.65526580810547
2021-04-05,64.68498992919922
2021-04-06,64.79635620117188
2021-04-07,64.77406311035156
2021-04-08,64.79635620117188
2021-04-09,64.7518081665039
2021-04-12,64.68498992919922
2021-04-13,64.7294921875
2021-04-14,64.69979858398438
2021-04-15,64.95973205566406
2021-04-16,64.82606506347656
2021-04-19,64.72209930419922
2021-04-20,64.6107177734375
2021-04-21,64.82606506347656
2021-04-22,64.70723724365234
2021-04-23,64.87800598144531
2021-04-26,64.84832000732422
2021-04-27,64.75922393798828
2021-04-28,64.88545227050781
2021-04-29,64.95973205566406
2021-04-30,64.93002319335938
2021-05-03,64.95532989501953
2021-05-04,64.91806030273438
2021-05-05,65.04476928710938
2021-05-06,65.02237701416016
2021-05-07,65.06709289550781
2021-05-10,64.91806030273438
2021-05-11,64.85102844238281
2021-05-12,64.53810119628906
2021-05-13,64.76908111572266
2021-05-14,64.9776840209961
2021-05-17,64.8584976196289
2021-05-18,64.70199584960938
2021-05-19,64.53064727783203
2021-05-20,64.80632781982422
2021-05-21,64.9031982421875
2021-05-24,64.9776840209961
2021-05-25,64.98517608642578
2021-05-26,65.00746154785156
2021-05-27,64.9776840209961
2021-05-28,64.95532989501953
2021-06-01,65.15044403076172
2021-06-02,65.23269653320312
2021-06-03,65.0981216430664
2021-06-04,65.24014282226562
2021-06-07,65.26260375976562
2021-06-08,65.30742645263672
2021-06-09,65.35977935791016
2021-06-10,65.47937774658203
2021-06-11,65.50179290771484
2021-06-14,65.44200134277344
2021-06-15,65.43452453613281
2021-06-16,65.34480285644531
2021-06-17,65.3896713256836
2021-06-18,65.35977935791016
2021-06-21,65.4868392944336
2021-06-22,65.53170776367188
2021-06-23,65.46442413330078
2021-06-24,65.666259765625
2021-06-25,65.73352813720703
2021-06-28,65.7260971069336
2021-06-29,65.80828857421875
2021-06-30,65.81578826904297
2021-07-01,65.94479370117188
2021-07-02,66.0497817993164
2021-07-06,66.01232147216797
2021-07-07,66.03482818603516
2021-07-08,65.89230346679688
2021-07-09,66.00479888916016
2021-07-12,65.98231506347656
2021-07-13,65.78730773925781
2021-07-14,65.89230346679688
2021-07-15,65.8472900390625
2021-07-16,65.7573013305664
2021-07-19,65.31471252441406
2021-07-20,65.64476776123047
2021-07-21,65.80228424072266
2021-07-22,65.83978271484375
2021-07-23,65.96730041503906
2021-07-26,65.86979675292969
2021-07-27,65.7797622680664
2021-07-28,65.83229064941406
2021-07-29,65.97483825683594
2021-07-30,65.88482666015625
2021-08-02,65.72151184082031
2021-08-03,65.79678344726562
2021-08-04,65.67637634277344
2021-08-05,65.82687377929688
2021-08-06,65.75161743164062
2021-08-09,65.6010971069336
2021-08-10,65.45061492919922
2021-08-11,65.55594635009766
2021-08-12,65.66883850097656
2021-08-13,65.81180572509766
2021-08-16,65.83435821533203
2021-08-17,65.68386840820312
2021-08-18,65.53340911865234
2021-08-19,65.52584075927734
2021-08-20,65.68386840820312
2021-08-23,65.88703918457031
2021-08-24,65.97736358642578
2021-08-25,66.0450668334961
2021-08-26,66.0074691772461
2021-08-27,66.18805694580078
2021-08-30,66.27084350585938
2021-08-31,66.28589630126953
2021-09-01,66.34247589111328
2021-09-02,66.425537109375
2021-09-03,66.43305969238281
2021-09-07,66.2594223022461
2021-09-08,66.33492279052734
2021-09-09,66.39532470703125
2021-09-10,66.29721069335938
2021-09-13,66.4632568359375
2021-09-14,66.43305969238281
2021-09-15,66.53120422363281
2021-09-16,66.508544921875
2021-09-17,66.425537109375
2021-09-20,66.19151306152344
2021-09-21,66.30474090576172
2021-09-22,66.425537109375
2021-09-23,66.45571899414062
2021-09-24,66.35759735107422
2021-09-27,66.29721069335938
2021-09-28,65.99524688720703
2021-09-29,66.11601257324219
2021-09-30,66.04052734375
2021-10-01,66.1988525390625
2021-10-04,65.96405792236328
2021-10-05,65.93377685546875
2021-10-06,65.8958740234375
2021-10-07,65.9034423828125
2021-10-08,65.70657348632812
2021-10-11,65.50209045410156
2021-10-12,65.62324523925781
2021-10-13,65.79745483398438
2021-10-14,66.16854858398438
2021-10-15,66.05493927001953
2021-10-18,66.0246353149414
2021-10-19,66.070068359375
2021-10-20,66.09280395507812
2021-10-21,65.92620849609375
2021-10-22,65.76716613769531
2021-10-25,65.88075256347656
2021-10-26,65.8958740234375
2021-10-27,65.8428726196289
2021-10-28,66.00949096679688
2021-10-29,65.83529663085938
2021-11-01,65.7646255493164
2021-11-02,65.92420959472656
2021-11-03,66.05337524414062
2021-11-04,66.22811889648438
2021-11-05,66.47882843017578
2021-11-08,66.39522552490234
2021-11-09,66.44843292236328
2021-11-10,66.0761489868164
2021-11-11,65.96220397949219
2021-11-12,65.98499298095703
2021-11-15,65.90899658203125
2021-11-16,65.93936157226562
2021-11-17,65.87103271484375
2021-11-18,65.81784057617188
2021-11-19,65.7646255493164
2021-11-22,65.513916015625
2021-11-23,65.42276763916016
2021-11-24,65.40756225585938
2021-11-26,64.9365234375
2021-11-29,65.3392105102539
2021-11-30,65.06566619873047
2021-12-01,65.0748062133789
2021-12-02,65.55506896972656
2021-12-03,65.55506896972656
2021-12-06,65.84471130371094
2021-12-07,66.19532012939453
2021-12-08,66.18011474609375
2021-12-09,65.8828125
2021-12-10,66.03529357910156
2021-12-13,66.03529357910156
2021-12-14,65.92095947265625
2021-12-15,66.17247772216797
2021-12-16,66.12354278564453
2021-12-17,66.06233215332031
2021-12-20,65.94761657714844
2021-12-21,66.29944610595703
2021-12-22,66.47535705566406
2021-12-23,66.6666030883789
2021-12-27,66.73541259765625
2021-12-28,66.70482635498047
2021-12-29,66.59774780273438
2021-12-30,66.56716918945312
2021-12-31,66.55187225341797
2022-01-03,66.52127075195312
2022-01-04,66.35301971435547
2022-01-05,65.84053039550781
2022-01-06,65.84818267822266
2022-01-07,65.67991638183594
2022-01-10,65.73345947265625
2022-01-11,66.03939819335938
2022-01-12,66.1464614868164
2022-01-13,65.90937805175781
2022-01-14,65.84818267822266
2022-01-18,65.52692413330078
2022-01-19,65.4657211303711
2022-01-20,65.34336853027344
2022-01-21,65.35102081298828
2022-01-24,65.28215789794922
2022-01-25,65.0909652709961
2022-01-26,64.8691635131836
2022-01-27,64.58609771728516
2022-01-28,64.76971435546875
2022-01-31,64.78499603271484
2022-02-01,65.04216003417969
2022-02-02,65.14192199707031
2022-02-03,64.55852508544922
2022-02-04,64.30521392822266
2022-02-07,64.25917053222656
2022-02-08,64.19010162353516
2022-02-09,64.52783203125
2022-02-10,63.675777435302734
2022-02-11,63.4531364440918
2022-02-14,63.34567642211914
2022-02-15,63.4531364440918
2022-02-16,63.80625915527344
2022-02-17,63.53757858276367
2022-02-18,63.62972640991211
2022-02-22,63.483821868896484
2022-02-23,63.36869430541992
2022-02-24,63.82160568237305
2022-02-25,64.18241119384766
2022-02-28,64.22846221923828
2022-03-01,64.0489273071289
2022-03-02,64.20307159423828
2022-03-03,64.01039123535156
2022-03-04,63.5943489074707
2022-03-07,63.03963088989258
2022-03-08,62.81619644165039
2022-03-09,63.34012985229492
2022-03-10,62.808494567871094
2022-03-11,62.353912353515625
2022-03-14,61.61425018310547
2022-03-15,62.0765495300293
2022-03-16,62.94717025756836
2022-03-17,63.378639221191406
2022-03-18,63.58667755126953
2022-03-21,62.854740142822266
2022-03-22,63.17833709716797
2022-03-23,62.97796630859375
2022-03-24,63.10896682739258
2022-03-25,62.654380798339844
2022-03-28,63.04732894897461
2022-03-29,63.825523376464844
2022-03-30,63.63288497924805
2022-03-31,63.40176010131836
2022-04-01,63.397125244140625
2022-04-04,63.876739501953125
2022-04-05,63.04899215698242
2022-04-06,62.55388259887695
2022-04-07,62.453338623046875
2022-04-08,62.074222564697266
2022-04-11,61.64875793457031
2022-04-12,62.12065887451172
2022-04-13,62.491981506347656
2022-04-14,62.074222564697266
2022-04-18,61.97367858886719
2022-04-19,61.91950225830078
2022-04-20,62.112918853759766
2022-04-21,61.687442779541016
2022-04-22,61.31610870361328
2022-04-25,61.83442687988281
2022-04-26,61.4708366394043
2022-04-27,61.16911315917969
2022-04-28,61.509517669677734
2022-04-29,60.75139236450195
2022-05-02,60.7552490234375
2022-05-03,61.073673248291016
2022-05-04,61.69495391845703
2022-05-05,60.59989929199219
2022-05-06,60.258182525634766
2022-05-09,59.62137985229492
2022-05-10,59.96310806274414
2022-05-11,59.6058464050293
2022-05-12,59.58257293701172
2022-05-13,59.65245056152344
2022-05-16,59.5670166015625
2022-05-17,59.51268768310547
2022-05-18,59.02341842651367
2022-05-19,59.419464111328125
2022-05-20,59.380638122558594
2022-05-23,59.61361312866211
2022-05-24,59.97087860107422
2022-05-25,60.879512786865234
2022-05-26,61.72604751586914
2022-05-27,62.27743148803711
2022-05-31,61.74155807495117
2022-06-01,61.51311492919922
2022-06-02,61.770389556884766
2022-06-03,61.31043243408203
2022-06-06,60.850460052490234
2022-06-07,60.99079513549805
2022-06-08,60.468414306640625
2022-06-09,59.985042572021484
2022-06-10,58.963741302490234
2022-06-13,56.991241455078125
2022-06-14,57.36548614501953
2022-06-15,58.48035430908203
2022-06-16,57.55257797241211
2022-06-17,57.731903076171875
2022-06-21,57.69289779663086
2022-06-22,57.677330017089844
2022-06-23,58.090553283691406
2022-06-24,58.50374221801758
2022-06-27,58.14512634277344
2022-06-28,57.505802154541016
2022-06-29,57.4200553894043
2022-06-30,57.38884735107422
2022-07-01,57.93629455566406
2022-07-05,57.88147735595703
2022-07-06,57.66218948364258
2022-07-07,58.60194778442383
2022-07-08,58.6489372253418
2022-07-11,58.320030212402344
2022-07-12,58.5549430847168
2022-07-13,58.4923210144043
2022-07-14,58.38265609741211
2022-07-15,59.12664031982422
2022-07-18,58.5549430847168
2022-07-19,59.33024978637695
2022-07-20,59.588680267333984
2022-07-21,60.29351043701172
2022-07-22,60.21519470214844
2022-07-25,60.19953536987305
2022-07-26,59.776649475097656
2022-07-27,60.43449020385742
2022-07-28,61.05314254760742
2022-07-29,61.23329544067383
2022-08-01,61.25213623046875
2022-08-02,60.9691047668457
2022-08-03,61.503726959228516
2022-08-04,61.668819427490234
2022-08-05,61.3543586730957
2022-08-08,61.40937423706055
2022-08-09,60.953407287597656
2022-08-10,61.865386962890625
2022-08-11,61.51161193847656
2022-08-12,62.06195831298828
2022-08-15,61.95184326171875
2022-08-16,61.660980224609375
2022-08-17,61.02414321899414
2022-08-18,61.11849594116211
2022-08-19,60.49738693237305
2022-08-22,59.813446044921875
2022-08-23,59.96281051635742
2022-08-24,60.03354263305664
2022-08-25,60.59960174560547
2022-08-26,59.60115051269531
2022-08-29,59.373138427734375
2022-08-30,58.917179107666016
2022-08-31,58.59481430053711
2022-09-01,58.749671936035156
2022-09-02,58.71015930175781
2022-09-06,58.55217361450195
2022-09-07,59.397544860839844
2022-09-08,59.65826416015625
2022-09-09,59.89527893066406
2022-09-12,60.07698440551758
2022-09-13,58.71015930175781
2022-09-14,58.797088623046875
2022-09-15,58.42573547363281
2022-09-16,58.62324905395508
2022-09-19,58.84449005126953
2022-09-20,58.24403762817383
2022-09-21,58.070213317871094
2022-09-22,57.722572326660156
2022-09-23,56.98779296875
2022-09-26,56.31623458862305
2022-09-27,56.19772720336914
2022-09-28,57.20114517211914
2022-09-29,56.663883209228516
2022-09-30,56.40315246582031
2022-10-03,57.14235305786133
2022-10-04,58.37297439575195
2022-10-05,58.14276123046875
2022-10-06,57.96808624267578
2022-10-07,57.26145553588867
2022-10-10,56.5627326965332
2022-10-11,56.73741912841797
2022-10-12,56.83268737792969
2022-10-13,56.9597282409668
2022-10-14,56.77712631225586
2022-10-17,57.475833892822266
2022-10-18,57.880775451660156
2022-10-19,57.324951171875
2022-10-20,57.007381439208984
2022-10-21,57.55520248413086
2022-10-24,57.59491729736328
2022-10-25,58.15068817138672
2022-10-26,58.30949020385742
2022-10-27,58.73823928833008
2022-10-28,59.19081497192383
2022-10-31,58.301551818847656
2022-11-01,58.652225494384766
2022-11-02,58.118228912353516
2022-11-03,57.70378112792969
2022-11-04,58.10231018066406
2022-11-07,58.094329833984375
2022-11-08,58.038536071777344
2022-11-09,57.34514236450195
2022-11-10,59.13044357299805
2022-11-11,59.33766555786133
2022-11-14,58.899314880371094
2022-11-15,59.417396545410156
2022-11-16,59.28984451293945
2022-11-17,59.0348014831543
2022-11-18,59.162322998046875
2022-11-21,59.138397216796875
2022-11-22,59.56879806518555
2022-11-23,59.90354537963867
2022-11-25,59.78399658203125
2022-11-28,59.15437698364258
2022-11-29,59.409420013427734
2022-11-30,60.30208969116211
2022-12-01,60.52536392211914
2022-12-02,60.47734451293945
2022-12-05,59.901058197021484
2022-12-06,59.6849479675293
2022-12-07,60.01311111450195
2022-12-08,60.0611572265625
2022-12-09,60.0611572265625
2022-12-12,60.29325866699219
2022-12-13,60.91755294799805
2022-12-14,60.57339096069336
2022-12-15,60.34489059448242
2022-12-16,60.023048400878906
2022-12-19,59.71730041503906
2022-12-20,59.56442642211914
2022-12-21,60.071327209472656
2022-12-22,59.7011833190918
2022-12-23,59.854068756103516
2022-12-27,59.23453903198242
2022-12-28,58.43800735473633
2022-12-29,59.194313049316406
2022-12-30,59.242584228515625
2023-01-03,59.35523986816406
2023-01-04,60.039146423339844
2023-01-05,59.91845703125
2023-01-06,60.77131652832031
2023-01-09,60.98856735229492
2023-01-10,60.91616439819336
2023-01-11,61.31843948364258
2023-01-12,61.66442108154297
2023-01-13,61.66442108154297
2023-01-17,61.45523452758789
2023-01-18,61.527652740478516
2023-01-19,61.16554641723633
2023-01-20,61.286285400390625
2023-01-23,61.27821350097656
2023-01-24,61.31843948364258
2023-01-25,61.31040573120117
2023-01-26,61.46328353881836
2023-01-27,61.27821350097656
2023-01-30,60.940284729003906
2023-01-31,61.41501235961914
2023-02-01,62.06018829345703
2023-02-02,62.41591262817383
2023-02-03,61.76105499267578
2023-02-06,61.364891052246094
2023-02-07,61.583160400390625
2023-02-08,61.324440002441406
2023-02-09,60.928260803222656
2023-02-10,60.459346771240234
2023-02-13,60.61297607421875
2023-02-14,60.629127502441406
2023-02-15,60.53211212158203
2023-02-16,60.047027587890625
2023-02-17,60.281471252441406
2023-02-21,59.35171890258789
2023-02-22,59.73978805541992
2023-02-23,60.32999801635742
2023-02-24,59.9661750793457
2023-02-27,60.37041091918945
2023-02-28,60.257225036621094
2023-03-01,60.08641815185547
2023-03-02,60.15962219238281
2023-03-03,60.77781677246094
2023-03-06,60.77781677246094
2023-03-07,60.34670639038086
2023-03-08,60.06201171875
2023-03-09,59.728519439697266
2023-03-10,59.73664093017578
2023-03-13,59.411277770996094
2023-03-14,59.842376708984375
2023-03-15,59.64717102050781
2023-03-16,60.03760528564453
2023-03-17,59.67970275878906
2023-03-20,59.51704025268555
2023-03-21,60.167755126953125
2023-03-22,60.22468566894531
2023-03-23,59.98880386352539
2023-03-24,59.866783142089844
2023-03-27,59.720359802246094
2023-03-28,59.687843322753906
2023-03-29,60.43618392944336
2023-03-30,60.7940788269043
2023-03-31,61.45293045043945
2023-04-03,61.40556335449219
2023-04-04,61.225799560546875
2023-04-05,60.88261413574219
2023-04-06,61.15222930908203
2023-04-10,61.095054626464844
2023-04-11,61.225799560546875
2023-04-12,61.209449768066406
2023-04-13,61.62617492675781
2023-04-14,61.511775970458984
2023-04-17,61.34834671020508
2023-04-18,61.38921356201172
2023-04-19,61.14408493041992
2023-04-20,61.08686828613281
2023-04-21,61.27480697631836
2023-04-24,61.44638442993164
2023-04-25,61.34834671020508
2023-04-26,61.11139678955078
2023-04-27,61.315670013427734
2023-04-28,61.5771369934082
2023-05-01,61.29483413696289
2023-05-02,61.23740768432617
2023-05-03,61.204559326171875
2023-05-04,61.024017333984375
2023-05-05,61.352272033691406
2023-05-08,61.17995071411133
2023-05-09,61.024017333984375
2023-05-10,61.39332580566406
2023-05-11,61.29483413696289
2023-05-12,61.0732421875
2023-05-15,61.056846618652344
2023-05-16,60.63010025024414
2023-05-17,60.794227600097656
2023-05-18,60.827083587646484
2023-05-19,60.892696380615234
2023-05-22,61.163543701171875
2023-05-23,60.84347152709961
2023-05-24,60.4167366027832
2023-05-25,60.37570571899414
2023-05-26,60.74497985839844
2023-05-30,61.007606506347656
2023-05-31,60.818870544433594
2023-06-01,61.18412780761719
2023-06-02,61.49748611450195
2023-06-05,61.4480094909668
2023-06-06,61.546974182128906
2023-06-07,61.20888900756836
2023-06-08,61.5964469909668
2023-06-09,61.61294937133789
2023-06-12,61.546974182128906
2023-06-13,61.62117385864258
2023-06-14,61.645904541015625
2023-06-15,61.94278335571289
2023-06-16,61.78610610961914
2023-06-20,61.62117385864258
2023-06-21,61.46451187133789
2023-06-22,61.283084869384766
2023-06-23,61.175899505615234
2023-06-26,61.20888900756836
2023-06-27,61.4150276184082
2023-06-28,61.76960754394531
2023-06-29,61.604698181152344
2023-06-30,61.90153503417969
2023-07-03,61.80453872680664
2023-07-05,61.61384582519531
2023-07-06,61.16620635986328
2023-07-07,61.224212646484375
2023-07-10,61.53093719482422
2023-07-11,61.86258316040039
2023-07-12,62.34340286254883
2023-07-13,62.716468811035156
2023-07-14,62.2605094909668
2023-07-17,62.37656021118164
2023-07-18,62.55064392089844
2023-07-19,62.600425720214844
2023-07-20,62.326839447021484
2023-07-21,62.48435592651367
2023-07-24,62.37656021118164
2023-07-25,62.33513641357422
2023-07-26,62.58384323120117
2023-07-27,62.08641815185547
2023-07-28,62.44291687011719
2023-07-31,62.5921516418457
2023-08-01,62.28224563598633
2023-08-02,62.01569366455078
2023-08-03,61.81578063964844
2023-08-04,62.18230056762695
2023-08-07,62.298919677734375
2023-08-08,62.43220520019531
2023-08-09,62.440528869628906
2023-08-10,62.42387390136719
2023-08-11,62.33222961425781
2023-08-14,62.323890686035156
2023-08-15,62.12399673461914
2023-08-16,61.93240737915039
2023-08-17,61.674190521240234
2023-08-18,61.715843200683594
2023-08-21,61.69916534423828
2023-08-22,61.732513427734375
2023-08-23,62.232269287109375
2023-08-24,61.8907585144043
2023-08-25,62.14897918701172
2023-08-28,62.38220977783203
2023-08-29,62.77370071411133
2023-08-30,62.74874496459961
2023-08-31,62.707096099853516
2023-09-01,62.8250846862793
2023-09-05,62.415008544921875
2023-09-06,62.26435089111328
2023-09-07,62.47358703613281
2023-09-08,62.448482513427734
2023-09-11,62.557273864746094
2023-09-12,62.45683670043945
2023-09-13,62.62422180175781
2023-09-14,62.69954299926758
2023-09-15,62.46521759033203
2023-09-18,62.50706100463867
2023-09-19,62.31455993652344
2023-09-20,62.26435089111328
2023-09-21,61.82081985473633
2023-09-22,61.929595947265625
2023-09-25,61.84592056274414
2023-09-26,61.57813262939453
2023-09-27,61.49443054199219
2023-09-28,61.7873420715332
2023-09-29,61.695281982421875
2023-10-02,61.32090759277344
2023-10-03,60.6983757019043
2023-10-04,61.0096435546875
2023-10-05,61.06853103637695
2023-10-06,61.152645111083984
2023-10-09,61.60694885253906
2023-10-10,61.59012222290039
2023-10-11,61.58169937133789
2023-10-12,61.25360107421875
2023-10-13,61.2031135559082
2023-10-16,61.186302185058594
2023-10-17,60.9002685546875
2023-10-18,60.605831146240234
2023-10-19,60.3870849609375
2023-10-20,60.51327133178711
2023-10-23,60.75725555419922
2023-10-24,61.06853103637695
2023-10-25,60.74042892456055
2023-10-26,60.950740814208984
2023-10-27,60.875022888183594
2023-10-30,60.89183807373047
2023-10-31,61.05171203613281
2023-11-01,61.63361740112305
2023-11-02,62.32716751098633
2023-11-03,62.936161041259766
2023-11-06,62.68242263793945
2023-11-07,62.69084930419922
2023-11-08,62.72470474243164
2023-11-09,62.335628509521484
2023-11-10,62.64012145996094
2023-11-13,62.58091735839844
2023-11-14,63.215267181396484
2023-11-15,63.01225662231445
2023-11-16,63.09684753417969
2023-11-17,63.24062728881836
2023-11-20,63.30829620361328
2023-11-21,63.392879486083984
2023-11-22,63.502845764160156
2023-11-24,63.435184478759766
2023-11-27,63.5281982421875
2023-11-28,63.80730438232422
2023-11-29,64.15412139892578
2023-11-30,64.03567504882812
2023-12-01,64.56587982177734
2023-12-04,64.4044418334961
2023-12-05,64.46392822265625
2023-12-06,64.47242736816406
2023-12-07,64.58285522460938
2023-12-08,64.45541381835938
2023-12-11,64.41292572021484
2023-12-12,64.55741119384766
2023-12-13,65.54296112060547
2023-12-14,65.83245086669922
2023-12-15,65.68730163574219
2023-12-18,65.72998046875
2023-12-19,65.91783905029297
2023-12-20,65.92639923095703
2023-12-21,66.2252426147461
2023-12-22,66.14837646484375
2023-12-26,66.2764663696289
2023-12-27,66.5496826171875
2023-12-28,66.33623504638672
2023-12-29,66.08007049560547
2024-01-02,65.85803985595703
2024-01-03,65.67875671386719
2024-01-04,65.42257690429688
2024-01-05,65.47383880615234
2024-01-08,65.84098815917969
2024-01-09,65.9434585571289
2024-01-10,66.06298828125
2024-01-11,66.2764663696289
2024-01-12,66.3447494506836
2024-01-16,65.92639923095703
2024-01-17,65.64459228515625
2024-01-18,65.78121185302734
2024-01-19,65.89220428466797
2024-01-22,65.9434585571289
2024-01-23,65.86658477783203
2024-01-24,65.83245086669922
2024-01-25,66.33623504638672
2024-01-26,66.28500366210938
2024-01-29,66.43016052246094
2024-01-30,66.3447494506836
2024-01-31,66.15692901611328
2024-02-01,66.53791046142578
2024-02-02,66.23759460449219
2024-02-05,65.92866516113281
2024-02-06,66.16893768310547
2024-02-07,66.28047180175781
2024-02-08,66.24617004394531
2024-02-09,66.38346099853516
2024-02-12,66.23759460449219
2024-02-13,65.70555114746094
2024-02-14,65.96298217773438
2024-02-15,66.1946792602539
2024-02-16,65.99730682373047
2024-02-20,66.13459014892578
2024-02-21,66.01447296142578
2024-02-22,66.33199310302734
2024-02-23,66.37487030029297
2024-02-26,66.16032409667969
2024-02-27,66.24617004394531
2024-02-28,66.23759460449219
2024-02-29,66.35769653320312
2024-03-01,66.60624694824219
2024-03-04,66.5889892578125
2024-03-05,66.5372085571289
2024-03-06,66.70118713378906
2024-03-07,66.77886962890625
2024-03-08,66.79612731933594
2024-03-11,66.78750610351562
2024-03-12,66.8479232788086
2024-03-13,66.87377166748047
2024-03-14,66.55448150634766
2024-03-15,66.51133728027344
2024-03-18,66.66666412353516
2024-03-19,66.93421173095703
2024-03-20,67.15857696533203
2024-03-21,67.12403869628906
2024-03-22,67.05501556396484
2024-03-25,66.95146179199219
2024-03-26,66.87377166748047
2024-03-27,67.22764587402344
2024-03-28,67.0809097290039
2024-04-01,66.80767822265625
2024-04-02,66.69490814208984
2024-04-03,66.7469711303711
2024-04-04,66.69490814208984
2024-04-05,66.63419342041016
2024-04-08,66.79032897949219
2024-04-09,66.92910766601562
2024-04-10,66.33927917480469
2024-04-11,66.278564453125
2024-04-12,66.24385833740234
2024-04-15,65.86221313476562
2024-04-16,65.64535522460938
2024-04-17,65.73210144042969
2024-04-18,65.78413391113281
2024-04-19,65.90557861328125
2024-04-22,66.26988220214844
2024-04-23,66.53878021240234
2024-04-24,66.39132690429688
2024-04-25,66.25253295898438
2024-04-26,66.46070861816406
2024-04-29,66.66020965576172
2024-04-30,66.17446899414062
2024-05-01,66.52325439453125
2024-05-02,66.93309020996094
2024-05-03,67.21212005615234
2024-05-06,67.29059600830078
2024-05-07,67.29930877685547
2024-05-08,67.14236450195312
2024-05-09,67.1598129272461
2024-05-10,67.05518341064453
2024-05-13,67.03771209716797
2024-05-14,67.14236450195312
2024-05-15,67.53474426269531
2024-05-16,67.37777709960938
2024-05-17,67.38651275634766
2024-05-20,67.42139434814453
2024-05-21,67.36907958984375
2024-05-22,67.22081756591797
2024-05-23,66.98539733886719
2024-05-24,67.22081756591797
2024-05-28,66.95053100585938
2024-05-29,66.74996948242188
2024-05-30,67.02029418945312
2024-05-31,67.25570678710938
2024-06-03,67.4642333984375
2024-06-04,67.42919158935547
2024-06-05,67.64820098876953
2024-06-06,67.5342788696289
2024-06-07,67.35908508300781
2024-06-10,67.42042541503906
2024-06-11,67.50802612304688
2024-06-12,67.77960968017578
2024-06-13,67.77085876464844
2024-06-14,67.50802612304688
2024-06-17,67.55182647705078
2024-06-18,67.76206970214844
2024-06-20,67.71829223632812
2024-06-21,67.79713439941406
2024-06-24,67.72704315185547
2024-06-25,67.81464385986328
2024-06-26,67.66571044921875
2024-06-27,67.74454498291016
2024-06-28,67.5781021118164
2024-07-01,67.56489562988281
2024-07-02,67.74983978271484
2024-07-03,67.98762512207031
2024-07-05,68.190185546875
2024-07-08,68.17256164550781
2024-07-09,68.09330749511719
2024-07-10,68.25182342529297
2024-07-11,68.49842071533203
2024-07-12,68.67455291748047
2024-07-15,68.683349609375
2024-07-16,68.94754791259766
2024-07-17,68.8682861328125
2024-07-18,68.72740173339844
2024-07-19,68.67455291748047
2024-07-22,68.92991638183594
2024-07-23,68.93873596191406
2024-07-24,68.71856689453125
2024-07-25,68.72740173339844
2024-07-26,68.94754791259766
2024-07-29,68.88590240478516
2024-07-30,68.92112731933594
2024-07-31,69.16770935058594
2024-08-01,69.01634979248047
2024-08-02,68.7861557006836
2024-08-05,68.36122131347656
2024-08-06,68.61795043945312
2024-08-07,68.75074768066406
2024-08-08,69.03404235839844
2024-08-09,69.02519226074219
2024-08-12,69.06944274902344
2024-08-13,69.38813781738281
2024-08-14,69.51209259033203
2024-08-15,69.57403564453125
2024-08-16,69.79537200927734
2024-08-19,69.91046905517578
2024-08-20,69.84848022460938
2024-08-21,70.00785064697266
2024-08-22,69.9193115234375
2024-08-23,70.2911376953125
2024-08-26,70.14949798583984
2024-08-27,70.19374084472656
2024-08-28,70.1583480834961
2024-08-29,70.22915649414062
2024-08-30,70.23802185058594
2024-09-03,69.98895263671875
2024-09-04,70.24689483642578
2024-09-05,70.4870834350586
2024-09-06,70.39813995361328
2024-09-09,70.56713104248047
2024-09-10,70.43372344970703
2024-09-11,70.54045867919922
2024-09-12,70.63831329345703
2024-09-13,70.8340072631836
2024-09-16,71.01191711425781
2024-09-17,71.02969360351562
2024-09-18,71.09197998046875
2024-09-19,71.30548095703125
2024-09-20,71.3944320678711
2024-09-23,71.260986328125
2024-09-24,71.26988220214844
2024-09-25,71.18983459472656
2024-09-26,71.30548095703125
2024-09-27,71.48335266113281
2024-09-30,71.42998504638672
2024-10-01,71.39424133300781
2024-10-02,71.40319061279297
2024-10-03,71.2333755493164
2024-10-04,71.15288543701172
2024-10-07,70.84896850585938
2024-10-08,71.018798828125
2024-10-09,70.97412872314453
2024-10-10,70.9383773803711
2024-10-11,71.12608337402344
2024-10-14,71.16182708740234
2024-10-15,71.14395141601562
2024-10-16,71.26910400390625
2024-10-17,71.16182708740234
2024-10-18,71.33168029785156
2024-10-21,71.0456314086914
2024-10-22,70.94731140136719
2024-10-23,70.73277282714844
2024-10-24,70.9383773803711
2024-10-25,70.86685180664062
2024-10-28,71.0456314086914
2024-10-29,71.06351470947266
2024-10-30,70.9383773803711
2024-10-31,70.74171447753906
2024-11-01,70.74620056152344
2024-11-04,70.94384765625
2024-11-05,71.14148712158203
2024-11-06,71.26725769042969
2024-11-07,71.57268524169922
2024-11-08,71.68949127197266
2024-11-11,71.60865020751953
2024-11-12,71.3211669921875
2024-11-13,71.339111328125
2024-11-14,71.1864013671875
2024-11-15,71.17740631103516
2024-11-18,71.31217193603516
2024-11-19,71.41997528076172
2024-11-20,71.40200805664062
2024-11-21,71.42896270751953
2024-11-22,71.4109878540039
2024-11-25,71.6805191040039
2024-11-26,71.5457763671875
2024-11-27,71.7613525390625
2024-11-29,71.90509033203125
2024-12-02,71.87890625
2024-12-03,71.87890625
2024-12-04,72.05038452148438
2024-12-05,71.98721313476562
2024-12-06,72.10455322265625
2024-12-09,72.01428985595703
2024-12-10,72.05038452148438
2024-12-11,72.06843566894531
2024-12-12,71.8698959350586
2024-12-13,71.66233825683594
2024-12-16,71.7977066040039
2024-12-17,71.644287109375
2024-12-18,70.90862274169922
2024-12-19,70.83606719970703
2024-12-20,71.28054809570312
2024-12-23,71.09007263183594
2024-12-24,71.31681823730469
2024-12-26,71.49825286865234
2024-12-27,71.2533187866211
2024-12-30,71.35311126708984
2024-12-31,71.34403991699219
2025-01-02,71.51639556884766
2025-01-03,71.62525177001953
2025-01-06,71.75225067138672
2025-01-07,71.51639556884766
2025-01-08,71.60710144042969
2025-01-10,71.23518371582031
2025-01-13,71.21704864501953
2025-01-14,71.3077392578125
2025-01-15,71.93366241455078
2025-01-16,72.01529693603516
2025-01-17,72.07880401611328
2025-01-21,72.269287109375
2025-01-22,72.16950988769531
2025-01-23,72.26022338867188
2025-01-24,72.34186553955078
2025-01-27,72.39627838134766
2025-01-28,72.36906433105469
2025-01-29,72.32371520996094
2025-01-30,72.45977783203125
2025-01-31,72.31463623046875
2025-02-03,72.2235336303711
2025-02-04,72.45132446289062
2025-02-05,72.64269256591797
2025-02-06,72.5333251953125
2025-02-07,72.30553436279297
2025-02-10,72.45132446289062
2025-02-11,72.42398071289062
2025-02-12,72.26908111572266
2025-02-13,72.59715270996094
2025-02-14,72.67914581298828
2025-02-18,72.61534881591797
2025-02-19,72.6700210571289
2025-02-20,72.71559143066406
2025-02-21,72.57890319824219
2025-02-24,72.6700210571289
2025-02-25,72.8522720336914
2025-02-26,72.95250701904297
2025-02-27,72.81582641601562
2025-02-28,73.01628875732422
2025-03-03,72.86431121826172
2025-03-04,72.85515594482422
2025-03-05,72.89178466796875
2025-03-06,72.61711883544922
2025-03-07,72.73613739013672
2025-03-10,72.46149444580078
2025-03-11,72.20516204833984
2025-03-12,72.28755950927734
2025-03-13,71.88472747802734
2025-03-14,72.21429443359375
2025-03-17,72.38826751708984
2025-03-18,72.26007843017578
2025-03-19,72.73613739013672
2025-03-20,72.63543701171875
2025-03-21,72.52558135986328
2025-03-24,72.73613739013672
2025-03-25,72.69951629638672
2025-03-26,72.40653991699219
2025-03-27,72.26924133300781
2025-03-28,72.14106750488281
2025-03-31,72.22345733642578
2025-04-01,72.39089965820312
2025-04-02,72.5380859375
2025-04-03,71.63653564453125
2025-04-04,70.61539459228516
2025-04-07,70.00823974609375
2025-04-08,69.68623352050781
2025-04-09,71.55374145507812
2025-04-10,70.38542175292969
2025-04-11,70.59699249267578
2025-04-14,70.94657897949219
2025-04-15,71.13976287841797
2025-04-16,71.13055419921875
2025-04-17,71.54454803466797
2025-04-21,71.12134552001953
2025-04-22,71.39734649658203
2025-04-23,71.7561264038086
2025-04-24,72.40009307861328
2025-04-25,72.46449279785156
2025-04-28,72.50127410888672
2025-04-29,72.69447326660156
2025-04-30,72.30809783935547
2025-05-01,72.4014892578125
2025-05-02,72.62340545654297
2025-05-05,72.59567260742188
2025-05-06,72.5401840209961
2025-05-07,72.60492706298828
2025-05-08,72.58642578125
2025-05-09,72.63264465332031
2025-05-12,73.35389709472656
2025-05-13,73.48336029052734
2025-05-14,73.21519470214844
2025-05-15,73.35389709472656
2025-05-16,73.43712615966797
2025-05-19,73.4001235961914
2025-05-20,73.36314392089844
2025-05-21,72.8730697631836
2025-05-22,73.02102661132812
2025-05-23,73.00253295898438
2025-05-27,73.44636535644531
2025-05-28,73.4001235961914
2025-05-29,73.51110076904297
2025-05-30,73.57582092285156
2025-06-02,73.56281280517578
2025-06-03,73.70217895507812
2025-06-04,73.84154510498047
2025-06-05,73.68358612060547
2025-06-06,73.67430114746094
2025-06-09,73.7114486694336
2025-06-10,73.88796997070312
2025-06-11,73.86939239501953
2025-06-12,73.95301818847656
2025-06-13,73.73004150390625
2025-06-16,73.8786849975586
2025-06-17,73.79507446289062
2025-06-18,73.90657043457031
2025-06-20,74.13883209228516
2025-06-23,74.27818298339844
2025-06-24,74.48257446289062
2025-06-25,74.4640121459961
2025-06-26,74.67768096923828
2025-06-27,74.64051818847656
2025-06-30,74.92852020263672
2025-07-01,74.8342514038086
2025-07-02,74.9742660522461
2025-07-03,75.02095031738281
2025-07-07,74.76891326904297
2025-07-08,74.66622161865234
2025-07-09,74.87158203125
2025-07-10,74.79690551757812
2025-07-11,74.70355987548828
2025-07-14,74.75955200195312
2025-07-15,74.53553009033203
2025-07-16,74.7315673828125
2025-07-17,74.80624389648438
2025-07-18,74.90892791748047
2025-07-21,75.0115966796875
2025-07-22,75.14228820800781
2025-07-23,75.17961883544922
2025-07-24,75.08628845214844
2025-07-25,75.13294982910156
2025-07-28,75.09561920166016
2025-07-29,75.14228820800781
2025-07-30,74.98359680175781
2025-07-31,75.03028106689453
2025-08-01,75.03401947021484
2025-08-04,75.28733825683594
2025-08-05,75.24978637695312
2025-08-06,75.3248519897461
2025-08-07,75.24978637695312
2025-08-08,75.2591781616211
2025-08-11,75.2591781616211
2025-08-12,75.42804718017578
2025-08-13,75.62505340576172
2025-08-14,75.42804718017578
2025-08-15,75.48434448242188
2025-08-18,75.42804718017578
2025-08-19,75.40927124023438
2025-08-20,75.38114166259766
2025-08-21,75.24040985107422
2025-08-22,75.8502197265625
2025-08-25,75.70012664794922
2025-08-26,75.86898803710938
2025-08-27,75.96280670166016
2025-08-28,76.00033569335938
2025-08-29,75.85960388183594
2025-09-02,75.77760314941406
2025-09-03,75.98497772216797
2025-09-04,76.19234466552734
2025-09-05,76.23007202148438
2025-09-08,76.23007202148438
2025-09-09,76.14522552490234
2025-09-10,76.20177459716797
2025-09-11,76.39030456542969
2025-09-12,76.31488800048828
2025-09-15,76.53169250488281
2025-09-16,76.47513580322266
2025-09-17,76.39974212646484
2025-09-18,76.56939697265625
2025-09-19,76.59768676757812
2025-09-22,76.65425109863281
2025-09-23,76.59768676757812
2025-09-24,76.49400329589844
2025-09-25,76.27719116210938
2025-09-26,76.42801666259766
2025-09-29,76.55997467041016
2025-09-30,76.53169250488281
2025-10-01,76.67471313476562
2025-10-02,76.64627838134766
2025-10-03,76.56104278564453
2025-10-06,76.58000183105469
2025-10-07,76.49476623535156
2025-10-08,76.38111877441406
2025-10-09,76.16327667236328
2025-10-10,75.71817016601562
2025-10-13,76.19171142578125
2025-10-14,76.27692413330078
2025-10-15,76.52317810058594
2025-10-16,76.24852752685547
2025-10-17,76.4474105834961
2025-10-20,76.59893035888672
2025-10-21,76.48527526855469
2025-10-22,76.4095230102539
2025-10-23,76.58000183105469
2025-10-24,76.78836059570312
2025-10-27,76.97776794433594
2025-10-28,76.90199279785156
2025-10-29,76.66523742675781
2025-10-30,76.52317810058594
2025-10-31,76.52317810058594
2025-11-03,76.28519439697266
2025-11-04,76.29471588134766
2025-11-05,76.3708724975586
2025-11-06,76.39942932128906
2025-11-07,76.46604919433594
2025-11-10,76.72306823730469
2025-11-11,76.80874633789062
2025-11-12,76.65642547607422
2025-11-13,76.34230041503906
2025-11-14,76.36134338378906
2025-11-17,76.23760223388672
2025-11-18,76.25665283203125
2025-11-19,76.29471588134766
2025-11-20,76.24712371826172
2025-11-21,76.50414276123047
2025-11-24,76.71354675292969
2025-11-25,76.98008728027344
2025-11-26,77.05623626708984
2025-11-28,77.09431457519531
2025-12-01,76.95565032958984
2025-12-02,77.0990982055664
2025-12-03,77.16604614257812
2025-12-04,77.2234115600586
2025-12-05,77.2234115600586
2025-12-08,77.03215789794922
2025-12-09,76.94607543945312
2025-12-10,77.20429992675781
2025-12-11,77.19473266601562
2025-12-12,77.05126953125
2025-12-15,77.08953094482422
2025-12-16,77.13734436035156
2025-12-17,77.04171752929688
2025-12-18,77.25211334228516
2025-12-19,77.2146224975586
2025-12-22,77.28189849853516
2025-12-23,77.33954620361328
2025-12-24,77.48368072509766
2025-12-26,77.44523620605469
2025-12-29,77.47405242919922
2025-12-30,77.55093383789062
2025-12-31,77.47405242919922
2026-01-02,77.51250457763672
2026-01-05,77.71427917480469
2026-01-06,77.73350524902344
2026-01-07,77.71427917480469
2026-01-08,77.77193450927734
2026-01-09,77.82958221435547
2026-01-12,77.8680191040039
2026-01-13,77.8680191040039
2026-01-14,77.8680191040039
2026-01-15,77.8680191040039
2026-01-16,77.91605377197266
2026-01-20,77.71427917480469
2026-01-21,77.94490051269531
2026-01-22,78.0025405883789
2026-01-23,77.96410369873047
2026-01-26,78.0025405883789
2026-01-27,77.99293518066406
2026-01-28,77.8680191040039
2026-01-29,77.85840606689453
2026-01-30,77.94490051269531
2026-02-02,77.99220275878906
2026-02-03,77.94392395019531
2026-02-04,77.84736633300781
2026-02-05,77.76045227050781
2026-02-06,78.03082275390625
2026-02-09,78.13704681396484
2026-02-10,78.05978393554688
2026-02-11,78.05014038085938
2026-02-12,78.01151275634766
2026-02-13,78.06944274902344
2026-02-17,78.03082275390625
2026-02-18,78.12739562988281
2026-02-19,78.15635681152344
2026-02-20,78.21428680419922
2026-02-23,78.08876037597656
2026-02-24,78.03082275390625
2026-02-25,78.13704681396484
2026-02-26,78.06944274902344
2026-02-27,77.94392395019531
2026-03-02,77.8992919921875
2026-03-03,77.74402618408203
2026-03-04,78.0157241821289
2026-03-05,77.70520782470703
2026-03-06,77.3267822265625
2026-03-09,77.79253387451172
2026-03-10,77.6664047241211
2026-03-11,77.49173736572266
2026-03-12,76.99687194824219
2026-03-13,76.85131072998047
2026-03-16,77.09390258789062
2026-03-17,77.44322204589844
2026-03-18,77.04537963867188
2026-03-19,77.29766845703125
2026-03-20,76.5796127319336
2026-03-23,77.08419799804688
2026-03-24,76.82220458984375
2026-03-25,77.0647964477539
2026-03-26,76.5796127319336
2026-03-27,76.38554382324219
2026-03-30,76.4728775024414
2026-03-31,77.20063781738281
2026-04-01,77.38980102539062
2026-04-02,77.5750503540039
2026-04-06,77.71156311035156
2026-04-07,77.73107147216797
2026-04-08,78.18934631347656
2026-04-09,78.277099609375
2026-04-10,77.96508026123047
2026-04-13,78.25759887695312
2026-04-14,78.49160766601562
2026-04-15,78.45259857177734
2026-04-16,78.34534454345703
2026-04-17,78.63787078857422
2026-04-20,78.56961059570312
2026-04-21,78.3648452758789
2026-04-22,78.49160766601562
2026-04-23,78.3648452758789
2026-04-24,78.47210693359375
2026-04-27,78.50135040283203
2026-04-28,78.39410400390625
2026-04-29,78.1308364868164
2026-04-30,78.37459564208984
2026-05-01,78.47163391113281
2026-05-04,78.216796875
2026-05-05,78.33441162109375
2026-05-06,78.56964874267578
2026-05-07,78.27560424804688
2026-05-08,78.55004119873047
2026-05-11,78.39322662353516
2026-05-12,78.28541564941406
2026-05-13,78.32461547851562
2026-05-14,78.26580047607422
2026-05-15,77.883544921875
2026-05-18,77.96195220947266
2026-05-19,77.77571868896484
2026-05-20,78.27560424804688
2026-05-21,78.31481170654297
2026-05-22,78.32461547851562
2026-05-26,78.5892562866211
2026-05-27,78.54024505615234
2026-05-28,78.63825988769531
2026-05-29,78.71666717529297
2026-06-01,78.65657806396484
2026-06-02,78.71569061279297
2026-06-03,78.49894714355469
2026-06-04,78.646728515625
2026-06-05,78.25265502929688
2026-06-08,78.36102294921875
2026-06-09,78.4398422241211
2026-06-10,78.29206848144531
2026-06-11,78.75509643554688
2026-06-12,78.75509643554688
2026-06-15,78.85360717773438
2026-06-16,78.84376525878906
2026-06-17,78.5482177734375
2026-06-18,78.82405853271484
2026-06-22,78.75509643554688
2026-06-23,78.6861343383789
2026-06-24,78.66642761230469
2026-06-25,78.69598388671875
2026-06-26,78.646728515625
2026-06-29,78.82405853271484
2026-06-30,78.7846450805664
2026-07-01,78.77375793457031
2026-07-02,78.89253234863281
2026-07-06,79.05089569091797
2026-07-07,78.94202423095703
2026-07-08,78.84304809570312
2026-07-09,78.93212127685547
2026-07-10,78.89253234863281
2026-07-13,78.70447540283203
2026-07-14,78.86283874511719
2026-07-15,78.99150848388672
2026-07-16,78.98161315917969
2026-07-17,78.83314514160156
2026-07-20,78.86283874511719
2026-07-21,78.83314514160156
2026-07-22,78.70447540283203
2026-07-23,78.4174575805664
2026-07-24,78.4174575805664
2026-07-27,78.45704650878906
2026-07-28,78.60549926757812
2026-07-29,78.42735290527344
2026-07-30,78.65499877929688
2026-07-31,78.6648941040039
2026-08-03,78.87772369384766
2026-08-04,79.11642456054688
2026-08-05,79.08657836914062
2026-08-06,79.02690887451172
2026-08-07,79.17609405517578
2026-08-10,79.04680633544922
2026-08-11,79.0766372680664
2026-08-12,79.17609405517578
2026-08-13,79.35511016845703
2026-08-14,79.27554321289062
2026-08-17,79.17609405517578
2026-08-18,79.09652709960938
2026-08-19,79.27554321289062
2026-08-20,79.12635803222656
2026-08-21,79.17609405517578
2026-08-24,79.26559448242188
2026-08-25,79.4843978881836
2026-08-26,79.46451568603516
2026-08-27,79.43467712402344
2026-08-28,79.30538177490234
2026-08-31,79.375
2026-09-01,79.0999984741211
2026-09-02,79.11000061035156
2026-09-03,79.20999908447266
2026-09-04,79.16000366210938
2026-09-08,79.12000274658203
2026-09-09,78.9800033569336
2026-09-10,78.62000274658203
2026-09-11,78.5999984741211
