date,value
2010-01-04,51.24469757080078
2010-01-05,51.068477630615234
2010-01-06,51.02043151855469
2010-01-07,51.396888732910156
2010-01-08,51.677215576171875
2010-01-11,51.46895980834961
2010-01-12,50.90830612182617
2010-01-13,51.565086364746094
2010-01-14,51.75731658935547
2010-01-15,51.00441360473633
2010-01-19,51.9415168762207
2010-01-20,51.18864822387695
2010-01-21,50.3476448059082
2010-01-22,49.44255065917969
2010-01-25,49.49863815307617
2010-01-26,49.01005554199219
2010-01-27,49.53065872192383
2010-01-28,48.68166732788086
2010-01-29,48.14503479003906
2010-02-01,48.713706970214844
2010-02-02,49.250343322753906
2010-02-03,48.921958923339844
2010-02-04,47.28800582885742
2010-02-05,47.472232818603516
2010-02-08,46.99966812133789
2010-02-09,47.648433685302734
2010-02-10,47.76057434082031
2010-02-11,48.52146911621094
2010-02-12,48.87388610839844
2010-02-16,49.6988639831543
2010-02-17,50.0352668762207
2010-02-18,50.44375228881836
2010-02-19,50.50782775878906
2010-02-22,50.660003662109375
2010-02-23,50.06729507446289
2010-02-24,50.49180603027344
2010-02-25,50.50782775878906
2010-02-26,50.29957580566406
2010-03-01,51.46895980834961
2010-03-02,51.861419677734375
2010-03-03,52.157779693603516
2010-03-04,52.29393768310547
2010-03-05,53.35920715332031
2010-03-08,53.45534133911133
2010-03-09,53.647552490234375
2010-03-10,54.104103088378906
2010-03-11,54.2642822265625
2010-03-12,54.24026107788086
2010-03-15,54.0560188293457
2010-03-16,54.52055740356445
2010-03-17,54.84095764160156
2010-03-18,54.67278289794922
2010-03-19,53.991943359375
2010-03-22,54.75286102294922
2010-03-23,55.449676513671875
2010-03-24,54.81694030761719
2010-03-25,54.4716796875
2010-03-26,54.44759750366211
2010-03-29,54.74469757080078
2010-03-30,54.9133186340332
2010-03-31,54.43959045410156
2010-04-01,54.94545364379883
2010-04-05,55.97320556640625
2010-04-06,56.30241012573242
2010-04-07,56.125762939453125
2010-04-08,56.06956100463867
2010-04-09,56.40681457519531
2010-04-12,56.63964080810547
2010-04-13,56.76811218261719
2010-04-14,57.98054504394531
2010-04-15,58.1572265625
2010-04-16,57.378326416015625
2010-04-19,57.09730911254883
2010-04-20,57.876163482666016
2010-04-21,58.27766036987305
2010-04-22,58.895904541015625
2010-04-23,59.522220611572266
2010-04-26,59.29740524291992
2010-04-27,57.94042205810547
2010-04-28,58.03676223754883
2010-04-29,59.265262603759766
2010-04-30,57.53091812133789
2010-05-03,58.82365798950195
2010-05-04,56.976871490478516
2010-05-05,56.14181137084961
2010-05-06,54.03811264038086
2010-05-07,52.480403900146484
2010-05-10,55.42720031738281
2010-05-11,55.79655075073242
2010-05-12,57.506832122802734
2010-05-13,56.95280075073242
2010-05-14,55.85273742675781
2010-05-17,55.95714569091797
2010-05-18,54.88119888305664
2010-05-19,54.230812072753906
2010-05-20,51.4847526550293
2010-05-21,52.24753189086914
2010-05-24,51.548980712890625
2010-05-25,51.54094696044922
2010-05-26,51.66943359375
2010-05-27,53.885562896728516
2010-05-28,53.19501495361328
2010-06-01,51.58110427856445
2010-06-02,53.05048751831055
2010-06-03,53.73300552368164
2010-06-04,51.035099029541016
2010-06-07,49.71828079223633
2010-06-08,49.694175720214844
2010-06-09,49.72631072998047
2010-06-10,51.44458770751953
2010-06-11,52.14315414428711
2010-06-14,52.472354888916016
2010-06-15,53.7891845703125
2010-06-16,53.5402717590332
2010-06-17,53.60450744628906
2010-06-18,53.636627197265625
2010-06-21,53.082603454589844
2010-06-22,51.9906005859375
2010-06-23,51.84607696533203
2010-06-24,51.01904296875
2010-06-25,51.89424133300781
2010-06-28,51.59715270996094
2010-06-29,49.64599609375
2010-06-30,49.0759162902832
2010-07-01,48.72263717651367
2010-07-02,48.19013214111328
2010-07-06,47.561763763427734
2010-07-07,49.22126770019531
2010-07-08,49.930206298828125
2010-07-09,50.703556060791016
2010-07-12,50.131595611572266
2010-07-13,51.718589782714844
2010-07-14,51.53333282470703
2010-07-15,51.057987213134766
2010-07-16,49.197105407714844
2010-07-19,49.40656280517578
2010-07-20,50.2363166809082
2010-07-21,49.33406066894531
2010-07-22,51.09023666381836
2010-07-23,52.346954345703125
2010-07-26,53.539222717285156
2010-07-27,53.34587097167969
2010-07-28,52.48392105102539
2010-07-29,52.346954345703125
2010-07-30,52.37916564941406
2010-08-02,53.28947067260742
2010-08-03,52.86252975463867
2010-08-04,53.41838073730469
2010-08-05,52.79003143310547
2010-08-06,52.475852966308594
2010-08-09,53.05587387084961
2010-08-10,52.05695343017578
2010-08-11,50.010746002197266
2010-08-12,49.76102828979492
2010-08-13,49.197105407714844
2010-08-16,49.59185028076172
2010-08-17,50.44575881958008
2010-08-18,50.59882354736328
2010-08-19,49.21320343017578
2010-08-20,49.26156234741211
2010-08-23,48.592918395996094
2010-08-24,48.03706741333008
2010-08-25,48.762088775634766
2010-08-26,48.39957809448242
2010-08-27,49.66434860229492
2010-08-30,48.5767936706543
2010-08-31,48.48014450073242
2010-09-01,50.357139587402344
2010-09-02,50.91300582885742
2010-09-03,51.82332992553711
2010-09-07,50.84050750732422
2010-09-08,51.13857650756836
2010-09-09,51.17078399658203
2010-09-10,51.331912994384766
2010-09-13,52.580570220947266
2010-09-14,52.355003356933594
2010-09-15,52.6530876159668
2010-09-16,52.31472396850586
2010-09-17,52.532222747802734
2010-09-20,53.99032211303711
2010-09-21,53.6761474609375
2010-09-22,53.03974914550781
2010-09-23,52.39769744873047
2010-09-24,54.10175323486328
2010-09-27,53.96446228027344
2010-09-28,54.49749755859375
2010-09-29,54.65092086791992
2010-09-30,54.51363754272461
2010-10-01,54.804378509521484
2010-10-04,54.0613899230957
2010-10-05,55.59585189819336
2010-10-06,55.41008758544922
2010-10-07,55.24857711791992
2010-10-08,55.95119094848633
2010-10-11,55.99964141845703
2010-10-12,56.14501190185547
2010-10-13,57.0010871887207
2010-10-14,56.960689544677734
2010-10-15,56.76686096191406
2010-10-18,57.24335479736328
2010-10-19,56.12886428833008
2010-10-20,56.70226287841797
2010-10-21,56.427677154541016
2010-10-22,56.79108810424805
2010-10-25,57.130271911621094
2010-10-26,57.08991241455078
2010-10-27,56.944557189941406
2010-10-28,56.59728240966797
2010-10-29,56.774940490722656
2010-11-01,56.38729476928711
2010-11-02,57.55829620361328
2010-11-03,57.784454345703125
2010-11-04,59.2462272644043
2010-11-05,59.57735061645508
2010-11-08,59.52888870239258
2010-11-09,58.737457275390625
2010-11-10,59.391605377197266
2010-11-11,59.157405853271484
2010-11-12,58.17212677001953
2010-11-15,58.18017578125
2010-11-16,57.049537658691406
2010-11-17,57.2029914855957
2010-11-18,58.31747055053711
2010-11-19,58.511329650878906
2010-11-22,58.79397201538086
2010-11-23,58.236717224121094
2010-11-24,59.545040130615234
2010-11-26,59.1331787109375
2010-11-29,59.22203063964844
2010-11-30,58.753570556640625
2010-12-01,60.07000732421875
2010-12-02,60.67572784423828
2010-12-03,61.1118049621582
2010-12-06,61.491397857666016
2010-12-07,61.84670639038086
2010-12-08,61.80635070800781
2010-12-09,62.016334533691406
2010-12-10,62.7916374206543
2010-12-13,62.468589782714844
2010-12-14,62.436283111572266
2010-12-15,62.24248504638672
2010-12-16,62.815860748291016
2010-12-17,63.009674072265625
2010-12-20,63.26003646850586
2010-12-21,63.96267318725586
2010-12-22,63.944026947021484
2010-12-23,63.86286544799805
2010-12-27,64.0575942993164
2010-12-28,63.87910842895508
2010-12-29,64.01703643798828
2010-12-30,63.895347595214844
2010-12-31,63.473480224609375
2011-01-03,64.57678985595703
2011-01-04,63.619510650634766
2011-01-05,64.3658676147461
2011-01-06,64.06571197509766
2011-01-07,63.70063400268555
2011-01-10,64.06571197509766
2011-01-11,64.3253173828125
2011-01-12,64.87696838378906
2011-01-13,64.85264587402344
2011-01-14,65.33935546875
2011-01-18,65.3880615234375
2011-01-19,63.70875930786133
2011-01-20,63.04351806640625
2011-01-21,62.621646881103516
2011-01-24,63.084075927734375
2011-01-25,63.181396484375
2011-01-26,64.18739318847656
2011-01-27,64.37399291992188
2011-01-28,62.80013656616211
2011-01-31,63.238224029541016
2011-02-01,64.69847869873047
2011-02-02,64.45512390136719
2011-02-03,64.68225860595703
2011-02-04,64.79582977294922
2011-02-07,65.43673706054688
2011-02-08,65.89918518066406
2011-02-09,65.60711669921875
2011-02-10,65.86670684814453
2011-02-11,66.58060455322266
2011-02-14,66.92132568359375
2011-02-15,66.54007720947266
2011-02-16,67.07550811767578
2011-02-17,67.54603576660156
2011-02-18,67.61907958984375
2011-02-22,65.88294219970703
2011-02-23,64.74715423583984
2011-02-24,65.16091918945312
2011-02-25,66.66987609863281
2011-02-28,66.74288177490234
2011-03-01,65.4043197631836
2011-03-02,65.68013763427734
2011-03-03,67.1728286743164
2011-03-04,66.88078308105469
2011-03-07,65.78558349609375
2011-03-08,66.85646057128906
2011-03-09,66.5887451171875
2011-03-10,64.87696838378906
2011-03-11,65.04733276367188
2011-03-14,64.69847869873047
2011-03-15,64.12248992919922
2011-03-16,63.48157501220703
2011-03-17,63.619510650634766
2011-03-18,64.4632568359375
2011-03-21,65.9559555053711
2011-03-22,65.60711669921875
2011-03-23,65.8099365234375
2011-03-24,66.26438903808594
2011-03-25,66.84159851074219
2011-03-28,66.69522857666016
2011-03-29,67.32122039794922
2011-03-30,68.19107818603516
2011-03-31,68.42683410644531
2011-04-01,68.7276611328125
2011-04-04,68.88211822509766
2011-04-05,69.25606536865234
2011-04-06,69.41051483154297
2011-04-07,68.99590301513672
2011-04-08,68.27237701416016
2011-04-11,67.66265106201172
2011-04-12,66.7765121459961
2011-04-13,66.86593627929688
2011-04-14,67.17488861083984
2011-04-15,67.89030456542969
2011-04-18,66.7684097290039
2011-04-19,66.78468322753906
2011-04-20,68.15042877197266
2011-04-21,68.65444946289062
2011-04-25,68.56505584716797
2011-04-26,69.24793243408203
2011-04-27,69.66253662109375
2011-04-28,69.9795913696289
2011-04-29,70.23164367675781
2011-05-02,69.41051483154297
2011-05-03,68.53252410888672
2011-05-04,67.64639282226562
2011-05-05,67.33748626708984
2011-05-06,67.69517517089844
2011-05-09,68.48375701904297
2011-05-10,69.53247833251953
2011-05-11,68.24803161621094
2011-05-12,68.84957122802734
2011-05-13,67.89030456542969
2011-05-16,66.89849090576172
2011-05-17,66.6871337890625
2011-05-18,67.71142578125
2011-05-19,67.85775756835938
2011-05-20,67.36188507080078
2011-05-23,66.15057373046875
2011-05-24,65.8335189819336
2011-05-25,66.6627197265625
2011-05-26,67.54071807861328
2011-05-27,68.00411987304688
2011-05-31,68.97149658203125
2011-06-01,66.75215911865234
2011-06-02,66.72773742675781
2011-06-03,65.75220489501953
2011-06-06,64.67098999023438
2011-06-07,64.82540893554688
2011-06-08,64.10191345214844
2011-06-09,64.44332122802734
2011-06-10,63.41088104248047
2011-06-13,63.231990814208984
2011-06-14,64.58966827392578
2011-06-15,63.43527603149414
2011-06-16,63.58161163330078
2011-06-17,63.597869873046875
2011-06-20,64.18317413330078
2011-06-21,65.5733642578125
2011-06-22,65.06932830810547
2011-06-23,65.32133483886719
2011-06-24,64.988037109375
2011-06-27,65.4920654296875
2011-06-28,66.50825500488281
2011-06-29,66.8253173828125
2011-06-30,67.31307220458984
2011-07-01,68.36178588867188
2011-07-05,68.52653503417969
2011-07-06,68.80377197265625
2011-07-07,69.83930969238281
2011-07-08,69.415283203125
2011-07-11,67.93943786621094
2011-07-12,67.55619049072266
2011-07-13,68.15956115722656
2011-07-14,67.0750961303711
2011-07-15,67.52359008789062
2011-07-18,66.4390869140625
2011-07-19,67.93943786621094
2011-07-20,67.8252944946289
2011-07-21,68.44498443603516
2011-07-22,68.53468322753906
2011-07-25,67.72743225097656
2011-07-26,67.21375274658203
2011-07-27,65.20783996582031
2011-07-28,65.10181427001953
2011-07-29,65.02025604248047
2011-08-01,64.59629821777344
2011-08-02,62.582237243652344
2011-08-03,62.998104095458984
2011-08-04,59.19829177856445
2011-08-05,58.1627311706543
2011-08-08,53.09907913208008
2011-08-09,56.63794708251953
2011-08-10,53.86556625366211
2011-08-11,56.5564079284668
2011-08-12,56.90703201293945
2011-08-15,58.51337432861328
2011-08-16,57.43706512451172
2011-08-17,57.45335388183594
2011-08-18,54.18357467651367
2011-08-19,53.22954177856445
2011-08-22,53.04201126098633
2011-08-23,55.60237503051758
2011-08-24,56.425933837890625
2011-08-25,55.039730072021484
2011-08-26,56.3525505065918
2011-08-29,59.018917083740234
2011-08-30,59.361392974853516
2011-08-31,59.23908233642578
2011-09-01,57.96704864501953
2011-09-02,55.82254409790039
2011-09-06,55.6676139831543
2011-09-07,57.77134323120117
2011-09-08,56.7112922668457
2011-09-09,55.039730072021484
2011-09-12,55.51268005371094
2011-09-13,56.40962219238281
2011-09-14,57.420711517333984
2011-09-15,58.22800827026367
2011-09-16,58.31767272949219
2011-09-19,57.273948669433594
2011-09-20,56.38514709472656
2011-09-21,54.29771423339844
2011-09-22,52.78108596801758
2011-09-23,53.321353912353516
2011-09-26,54.32815170288086
2011-09-27,55.49871826171875
2011-09-28,53.370445251464844
2011-09-29,54.29542922973633
2011-09-30,52.63374328613281
2011-10-03,49.92428970336914
2011-10-04,53.034854888916016
2011-10-05,53.76335906982422
2011-10-06,54.95846939086914
2011-10-07,53.61602783203125
2011-10-10,55.96529769897461
2011-10-11,56.35001754760742
2011-10-12,57.152225494384766
2011-10-13,57.103092193603516
2011-10-14,58.232704162597656
2011-10-17,56.464637756347656
2011-10-18,57.96261215209961
2011-10-19,56.83296203613281
2011-10-20,56.98847961425781
2011-10-21,58.22452926635742
2011-10-24,60.099037170410156
2011-10-25,58.41280746459961
2011-10-26,59.41963195800781
2011-10-27,62.55472946166992
2011-10-28,62.235511779785156
2011-10-31,60.581993103027344
2011-11-01,58.43735885620117
2011-11-02,59.878047943115234
2011-11-03,61.36782455444336
2011-11-04,61.06496047973633
2011-11-07,60.9421501159668
2011-11-08,61.83441162109375
2011-11-09,58.88759231567383
2011-11-10,59.3213996887207
2011-11-11,60.884883880615234
2011-11-14,60.009002685546875
2011-11-15,60.7702522277832
2011-11-16,59.78801345825195
2011-11-17,58.936676025390625
2011-11-18,58.92032241821289
2011-11-21,57.512386322021484
2011-11-22,57.029441833496094
2011-11-23,55.23678970336914
2011-11-25,54.53281784057617
2011-11-28,57.127662658691406
2011-11-29,57.02124786376953
2011-11-30,60.35279083251953
2011-12-01,59.91899108886719
2011-12-02,60.16450881958008
2011-12-05,61.1959228515625
2011-12-06,61.253211975097656
2011-12-07,61.130455017089844
2011-12-08,59.23138427734375
2011-12-09,61.01585006713867
2011-12-12,60.13999938964844
2011-12-13,58.88759231567383
2011-12-14,58.1508674621582
2011-12-15,58.69111251831055
2011-12-16,59.14951705932617
2011-12-19,58.126304626464844
2011-12-20,60.4592170715332
2011-12-21,60.704795837402344
2011-12-22,61.091392517089844
2011-12-23,61.321712493896484
2011-12-27,61.50270080566406
2011-12-28,60.38398742675781
2011-12-29,60.99269485473633
2011-12-30,60.66365051269531
2012-01-03,61.66718292236328
2012-01-04,61.32993698120117
2012-01-05,61.67539978027344
2012-01-06,61.51911926269531
2012-01-09,61.83171081542969
2012-01-10,62.736507415771484
2012-01-11,62.98329544067383
2012-01-12,63.17247009277344
2012-01-13,62.83522033691406
2012-01-17,62.81052017211914
2012-01-18,63.92921829223633
2012-01-19,64.32404327392578
2012-01-20,64.36520385742188
2012-01-23,64.28291320800781
2012-01-24,64.65309143066406
2012-01-25,65.20417022705078
2012-01-26,65.13017272949219
2012-01-27,65.57432556152344
2012-01-30,65.06436157226562
2012-01-31,64.9985580444336
2012-02-01,66.39688873291016
2012-02-02,66.7752685546875
2012-02-03,68.2312240600586
2012-02-06,68.00911712646484
2012-02-07,67.96797943115234
2012-02-08,68.11604309082031
2012-02-09,67.77877044677734
2012-02-10,66.84928131103516
2012-02-13,67.71297454833984
2012-02-14,67.40865325927734
2012-02-15,66.84928131103516
2012-02-16,68.10779571533203
2012-02-17,68.09957885742188
2012-02-21,67.6389389038086
2012-02-22,67.10429382324219
2012-02-23,68.10779571533203
2012-02-24,67.97618865966797
2012-02-27,67.86103820800781
2012-02-28,67.68009948730469
2012-02-29,66.66836547851562
2012-03-01,67.01382446289062
2012-03-02,66.01029205322266
2012-03-05,66.08428955078125
2012-03-06,64.76824951171875
2012-03-07,65.37691497802734
2012-03-08,66.22415161132812
2012-03-09,67.1207504272461
2012-03-12,66.98914337158203
2012-03-13,68.32168579101562
2012-03-14,67.76231384277344
2012-03-15,68.32989501953125
2012-03-16,68.27232360839844
2012-03-19,68.84811401367188
2012-03-20,68.2312240600586
2012-03-21,68.21472930908203
2012-03-22,67.55670928955078
2012-03-23,68.21759796142578
2012-03-26,69.63673400878906
2012-03-27,69.14988708496094
2012-03-28,68.7456283569336
2012-03-29,68.54762268066406
2012-03-30,68.3248519897461
2012-04-02,69.16641235351562
2012-04-03,68.70438385009766
2012-04-04,67.60702514648438
2012-04-05,67.31000518798828
2012-04-09,66.2043685913086
2012-04-10,64.64500427246094
2012-04-11,65.56083679199219
2012-04-12,66.50142669677734
2012-04-13,65.62684631347656
2012-04-16,65.73410034179688
2012-04-17,66.68294525146484
2012-04-18,66.17961883544922
2012-04-19,65.80009460449219
2012-04-20,66.17961883544922
2012-04-23,65.26380157470703
2012-04-24,65.75885009765625
2012-04-25,66.78192138671875
2012-04-26,67.44200897216797
2012-04-27,67.97005462646484
2012-04-30,67.21925354003906
2012-05-01,67.2852783203125
2012-05-02,67.46680450439453
2012-05-03,66.51791381835938
2012-05-04,65.25556182861328
2012-05-07,65.4288330078125
2012-05-08,65.38755798339844
2012-05-09,65.01630401611328
2012-05-10,65.26380157470703
2012-05-11,65.09880065917969
2012-05-14,64.23248291015625
2012-05-15,64.11692810058594
2012-05-16,63.654930114746094
2012-05-17,62.21101379394531
2012-05-18,61.62520217895508
2012-05-21,63.07733154296875
2012-05-22,62.69780349731445
2012-05-23,63.10208511352539
2012-05-24,63.23412322998047
2012-05-25,63.19284439086914
2012-05-29,64.1086654663086
2012-05-30,62.87932205200195
2012-05-31,62.79680633544922
2012-06-01,60.907379150390625
2012-06-04,60.76713943481445
2012-06-05,61.55095672607422
2012-06-06,63.06905746459961
2012-06-07,62.65654754638672
2012-06-08,63.50640869140625
2012-06-11,62.10372543334961
2012-06-12,62.887542724609375
2012-06-13,62.161495208740234
2012-06-14,62.87104415893555
2012-06-15,63.71265411376953
2012-06-18,63.78690719604492
2012-06-19,64.89253234863281
2012-06-20,64.79347229003906
2012-06-21,63.21759033203125
2012-06-22,63.93544387817383
2012-06-25,62.93708419799805
2012-06-26,63.183326721191406
2012-06-27,64.21153259277344
2012-06-28,64.1037368774414
2012-06-29,65.96940612792969
2012-07-02,66.73223114013672
2012-07-03,67.60286712646484
2012-07-05,67.52823638916016
2012-07-06,66.7736587524414
2012-07-09,66.51664733886719
2012-07-10,65.77867889404297
2012-07-11,65.5547866821289
2012-07-12,65.33092498779297
2012-07-13,66.14350128173828
2012-07-16,65.878173828125
2012-07-17,66.11035919189453
2012-07-18,66.51664733886719
2012-07-19,66.292724609375
2012-07-20,65.44699096679688
2012-07-23,64.40223693847656
2012-07-24,63.55647659301758
2012-07-25,63.69741439819336
2012-07-26,64.24468994140625
2012-07-27,65.77037048339844
2012-07-30,65.54649353027344
2012-07-31,64.96607208251953
2012-08-01,63.89646530151367
2012-08-02,63.664249420166016
2012-08-03,65.18164825439453
2012-08-06,65.68746948242188
2012-08-07,66.28447723388672
2012-08-08,66.18496704101562
2012-08-09,66.50006103515625
2012-08-10,66.26788330078125
2012-08-13,66.16010284423828
2012-08-14,66.00252532958984
2012-08-15,66.58297729492188
2012-08-16,67.27947998046875
2012-08-17,67.75212097167969
2012-08-20,67.60286712646484
2012-08-21,67.5614013671875
2012-08-22,67.2380142211914
2012-08-23,66.7654037475586
2012-08-24,66.94781494140625
2012-08-27,67.14682006835938
2012-08-28,67.45361328125
2012-08-29,67.66090393066406
2012-08-30,66.98925018310547
2012-08-31,67.2629165649414
2012-09-04,68.08377838134766
2012-09-05,68.10037994384766
2012-09-06,69.3524169921875
2012-09-07,69.86652374267578
2012-09-10,69.55142974853516
2012-09-11,69.70067596435547
2012-09-12,70.05718994140625
2012-09-13,70.9776382446289
2012-09-14,71.64097595214844
2012-09-17,71.30927276611328
2012-09-18,71.07709503173828
2012-09-19,70.95272064208984
2012-09-20,70.63764953613281
2012-09-21,70.89469909667969
2012-09-24,70.6633071899414
2012-09-25,69.64773559570312
2012-09-26,69.20655822753906
2012-09-27,69.95570373535156
2012-09-28,69.45630645751953
2012-10-01,69.68936920166016
2012-10-02,69.82254028320312
2012-10-03,69.6227798461914
2012-10-04,70.09725189208984
2012-10-05,70.0140151977539
2012-10-08,69.57283020019531
2012-10-09,68.757080078125
2012-10-10,68.64881896972656
2012-10-11,68.89856719970703
2012-10-12,68.34086608886719
2012-10-15,68.79035949707031
2012-10-16,69.2981185913086
2012-10-17,69.92243957519531
2012-10-18,69.53954315185547
2012-10-19,68.13275909423828
2012-10-22,68.1161117553711
2012-10-23,67.77481842041016
2012-10-24,67.5916976928711
2012-10-25,67.86637878417969
2012-10-26,67.54173278808594
2012-10-31,67.94964599609375
2012-11-01,68.66548156738281
2012-11-02,67.5833740234375
2012-11-05,68.03289031982422
2012-11-06,68.54065704345703
2012-11-07,66.8758316040039
2012-11-08,65.9351806640625
2012-11-09,66.07670593261719
2012-11-12,65.88525390625
2012-11-13,65.51067352294922
2012-11-14,64.29537963867188
2012-11-15,63.962398529052734
2012-11-16,64.49513244628906
2012-11-19,65.86026763916016
2012-11-20,65.976806640625
2012-11-21,66.32644653320312
2012-11-23,66.98405456542969
2012-11-26,67.20044708251953
2012-11-27,67.1172103881836
2012-11-28,67.68326568603516
2012-11-29,68.45740509033203
2012-11-30,68.32422637939453
2012-12-03,68.24929809570312
2012-12-04,68.33251953125
2012-12-05,68.24929809570312
2012-12-06,68.35751342773438
2012-12-07,68.40745544433594
2012-12-10,68.70711517333984
2012-12-11,69.43128967285156
2012-12-12,69.04010009765625
2012-12-13,68.5988998413086
2012-12-14,68.55730438232422
2012-12-17,69.52291870117188
2012-12-18,70.47183227539062
2012-12-19,70.62883758544922
2012-12-20,70.98147583007812
2012-12-21,70.68765258789062
2012-12-24,70.34336853027344
2012-12-26,69.83960723876953
2012-12-27,69.78921508789062
2012-12-28,69.2938232421875
2012-12-31,70.79674530029297
2013-01-02,72.8790283203125
2013-01-03,72.7110824584961
2013-01-04,73.24845886230469
2013-01-07,72.97138214111328
2013-01-08,72.92098999023438
2013-01-09,73.27362823486328
2013-01-10,73.44159698486328
2013-01-11,73.33241271972656
2013-01-14,73.37437438964844
2013-01-15,73.6934585571289
2013-01-16,73.47515106201172
2013-01-17,74.15524291992188
2013-01-18,74.36515808105469
2013-01-22,74.90251159667969
2013-01-23,74.72618865966797
2013-01-24,74.96968078613281
2013-01-25,75.51542663574219
2013-01-28,75.56578063964844
2013-01-29,75.60777282714844
2013-01-30,74.70101928710938
2013-01-31,75.21318054199219
2013-02-01,75.8764419555664
2013-02-04,74.96129608154297
2013-02-05,75.63298797607422
2013-02-06,75.95203399658203
2013-02-07,75.70014190673828
2013-02-08,76.2375259399414
2013-02-11,76.15353393554688
2013-02-12,76.48938751220703
2013-02-13,76.8084487915039
2013-02-14,77.00154113769531
2013-02-15,77.02676391601562
2013-02-19,77.70684814453125
2013-02-20,76.2626953125
2013-02-21,75.52379608154297
2013-02-22,76.43062591552734
2013-02-25,74.74296569824219
2013-02-26,75.03683471679688
2013-02-27,75.82609558105469
2013-02-28,75.96882629394531
2013-03-01,76.31307220458984
2013-03-04,76.51460266113281
2013-03-05,77.40460205078125
2013-03-06,77.6060791015625
2013-03-07,77.97550964355469
2013-03-08,78.69760131835938
2013-03-11,78.67240142822266
2013-03-12,78.51287078857422
2013-03-13,78.80675506591797
2013-03-14,79.59597778320312
2013-03-15,79.55402374267578
2013-03-18,79.1174087524414
2013-03-19,78.78157043457031
2013-03-20,79.51200103759766
2013-03-21,78.81514739990234
2013-03-22,79.05864715576172
2013-03-25,79.10407257080078
2013-03-26,79.35668182373047
2013-03-27,79.40721893310547
2013-03-28,79.50825500488281
2013-04-01,78.43895721435547
2013-04-02,77.9505844116211
2013-04-03,76.7297134399414
2013-04-04,77.38646697998047
2013-04-05,77.23490905761719
2013-04-08,77.87480163574219
2013-04-09,77.64745330810547
2013-04-10,79.05359649658203
2013-04-11,79.16301727294922
2013-04-12,78.84309387207031
2013-04-15,75.8708724975586
2013-04-16,77.18438720703125
2013-04-17,75.84561920166016
2013-04-18,75.42462158203125
2013-04-19,76.2918701171875
2013-04-22,76.51079559326172
2013-04-23,77.7232437133789
2013-04-24,78.12738800048828
2013-04-25,78.64099884033203
2013-04-26,78.22000122070312
2013-04-29,78.78414154052734
2013-04-30,79.23039245605469
2013-05-01,77.31068420410156
2013-05-02,78.53994750976562
2013-05-03,79.78607177734375
2013-05-06,80.29969787597656
2013-05-07,80.9564437866211
2013-05-08,81.19221496582031
2013-05-09,80.91433715820312
2013-05-10,81.52900695800781
2013-05-13,81.4700698852539
2013-05-14,82.51408386230469
2013-05-15,82.6825180053711
2013-05-16,82.47199249267578
2013-05-17,83.39820098876953
2013-05-20,83.53291320800781
2013-05-21,83.54978942871094
2013-05-22,82.32888793945312
2013-05-23,82.4299545288086
2013-05-24,82.41305541992188
2013-05-28,83.48240661621094
2013-05-29,82.70775604248047
2013-05-30,83.26348114013672
2013-05-31,82.34574127197266
2013-06-03,83.12873840332031
2013-06-04,82.24471282958984
2013-06-05,81.19221496582031
2013-06-06,82.05104064941406
2013-06-07,82.6825180053711
2013-06-10,83.18769836425781
2013-06-11,82.28680419921875
2013-06-12,81.4700698852539
2013-06-13,82.90985107421875
2013-06-14,82.26995086669922
2013-06-17,82.80880737304688
2013-06-18,83.78551483154297
2013-06-19,82.75828552246094
2013-06-20,80.56915283203125
2013-06-21,80.8049087524414
2013-06-24,79.7439956665039
2013-06-25,80.51017761230469
2013-06-26,80.88910675048828
2013-06-27,82.14363861083984
2013-06-28,81.67214965820312
2013-07-01,83.00244903564453
2013-07-02,82.94327545166016
2013-07-03,83.1124038696289
2013-07-05,84.2878646850586
2013-07-08,84.62615203857422
2013-07-09,85.41262817382812
2013-07-10,85.64937591552734
2013-07-11,86.65576934814453
2013-07-12,86.83333587646484
2013-07-15,87.5944595336914
2013-07-16,87.15469360351562
2013-07-17,87.49297332763672
2013-07-18,88.07647705078125
2013-07-19,88.21176147460938
2013-07-22,88.39784240722656
2013-07-23,88.3386459350586
2013-07-24,87.60289764404297
2013-07-25,88.40631103515625
2013-07-26,88.0511245727539
2013-07-29,87.43376922607422
2013-07-30,87.50989532470703
2013-07-31,87.66211700439453
2013-08-01,88.85452270507812
2013-08-02,88.93061828613281
2013-08-05,89.2350845336914
2013-08-06,88.3386459350586
2013-08-07,87.71284484863281
2013-08-08,88.07647705078125
2013-08-09,87.98345184326172
2013-08-12,88.44857788085938
2013-08-13,88.3301773071289
2013-08-14,87.98345184326172
2013-08-15,86.35131072998047
2013-08-16,85.98765563964844
2013-08-19,85.11663055419922
2013-08-20,86.34284210205078
2013-08-21,85.81857299804688
2013-08-22,87.02782440185547
2013-08-23,87.24774169921875
2013-08-26,87.25618743896484
2013-08-27,85.20967102050781
2013-08-28,85.37882232666016
2013-08-29,86.23291778564453
2013-08-30,84.8883056640625
2013-09-03,85.46334075927734
2013-09-04,86.21602630615234
2013-09-05,86.35131072998047
2013-09-06,86.58809661865234
2013-09-09,87.8989028930664
2013-09-10,88.76144409179688
2013-09-11,88.80372619628906
2013-09-12,88.152587890625
2013-09-13,88.63460540771484
2013-09-16,88.82913208007812
2013-09-17,89.7086181640625
2013-09-18,90.5627212524414
2013-09-19,90.46971130371094
2013-09-20,90.1399154663086
2013-09-23,90.1484146118164
2013-09-24,90.4476547241211
2013-09-25,90.27810668945312
2013-09-26,90.77839660644531
2013-09-27,90.37137603759766
2013-09-30,90.39681243896484
2013-10-01,91.44825744628906
2013-10-02,91.07513427734375
2013-10-03,90.1424331665039
2013-10-04,90.74446105957031
2013-10-07,89.68455505371094
2013-10-08,88.23461151123047
2013-10-09,87.87850189208984
2013-10-10,89.9982681274414
2013-10-11,91.30408477783203
2013-10-14,91.76195526123047
2013-10-15,90.8631820678711
2013-10-16,91.99089813232422
2013-10-17,92.7964096069336
2013-10-18,93.85633087158203
2013-10-21,93.66978454589844
2013-10-22,93.91568756103516
2013-10-23,93.60195922851562
2013-10-24,94.10220336914062
2013-10-25,94.18702697753906
2013-10-28,94.14460754394531
2013-10-29,94.41594696044922
2013-10-30,93.12713623046875
2013-10-31,92.5844497680664
2013-11-01,92.1859359741211
2013-11-04,93.24584197998047
2013-11-05,92.92362976074219
2013-11-06,92.52507019042969
2013-11-07,90.96490478515625
2013-11-08,92.61833953857422
2013-11-11,92.74556732177734
2013-11-12,92.82186889648438
2013-11-13,93.71216583251953
2013-11-14,93.61891174316406
2013-11-15,93.97503662109375
2013-11-18,93.31367492675781
2013-11-19,92.73709106445312
2013-11-20,92.70316314697266
2013-11-21,94.37356567382812
2013-11-22,94.83992004394531
2013-11-25,94.95862579345703
2013-11-26,95.66239929199219
2013-11-27,96.19659423828125
2013-11-29,96.24747467041016
2013-12-02,95.28085327148438
2013-12-03,94.8229751586914
2013-12-04,94.56858825683594
2013-12-05,94.63642120361328
2013-12-06,95.37411499023438
2013-12-09,95.34869384765625
2013-12-10,94.48377227783203
2013-12-11,92.93208312988281
2013-12-12,93.13558959960938
2013-12-13,93.44084930419922
2013-12-16,94.55160522460938
2013-12-17,94.41594696044922
2013-12-18,95.71324920654297
2013-12-19,95.00106048583984
2013-12-20,96.60358428955078
2013-12-23,97.6990737915039
2013-12-24,98.07360076904297
2013-12-26,98.08210754394531
2013-12-27,98.02254486083984
2013-12-30,97.96290588378906
2013-12-31,98.19276428222656
2014-01-02,97.1287841796875
2014-01-03,97.62246704101562
2014-01-06,96.83087158203125
2014-01-07,97.63948822021484
2014-01-08,97.76716613769531
2014-01-09,97.7927017211914
2014-01-10,98.32894134521484
2014-01-13,96.98408508300781
2014-01-14,98.17572021484375
2014-01-15,98.90776062011719
2014-01-16,99.02691650390625
2014-01-17,98.6779556274414
2014-01-21,99.26521301269531
2014-01-22,99.76744842529297
2014-01-23,99.09501647949219
2014-01-24,96.5669937133789
2014-01-27,95.15402221679688
2014-01-28,96.1584243774414
2014-01-29,94.7709732055664
2014-01-30,96.18395233154297
2014-01-31,95.46894836425781
2014-02-03,92.48129272460938
2014-02-04,93.1792984008789
2014-02-05,92.48129272460938
2014-02-06,93.21331024169922
2014-02-07,94.268798828125
2014-02-10,94.51566314697266
2014-02-11,95.35831451416016
2014-02-12,95.73282623291016
2014-02-13,96.95003509521484
2014-02-14,97.08619689941406
2014-02-18,98.0991439819336
2014-02-19,97.09473419189453
2014-02-20,98.14167785644531
2014-02-21,98.44810485839844
2014-02-24,99.17164611816406
2014-02-25,99.27375793457031
2014-02-26,99.88663482666016
2014-02-27,100.43138122558594
2014-02-28,100.03131103515625
2014-03-03,99.49503326416016
2014-03-04,101.9975814819336
2014-03-05,101.93797302246094
2014-03-06,101.92093658447266
2014-03-07,101.88687896728516
2014-03-10,101.54640197753906
2014-03-11,100.49095916748047
2014-03-12,100.79737091064453
2014-03-13,99.63126373291016
2014-03-14,100.04833221435547
2014-03-17,100.49095916748047
2014-03-18,101.9549789428711
2014-03-19,101.29108428955078
2014-03-20,101.42726135253906
2014-03-21,100.9591064453125
2014-03-24,99.81000518798828
2014-03-25,99.78612518310547
2014-03-26,97.87451934814453
2014-03-27,97.62704467773438
2014-03-28,97.53318786621094
2014-03-31,99.28257751464844
2014-04-01,100.58828735351562
2014-04-02,101.04055786132812
2014-04-03,100.0165023803711
2014-04-04,97.70384979248047
2014-04-07,96.27867126464844
2014-04-08,96.952880859375
2014-04-09,98.3524169921875
2014-04-10,95.5447998046875
2014-04-11,94.2220687866211
2014-04-14,94.486572265625
2014-04-15,94.85354614257812
2014-04-16,95.88619995117188
2014-04-17,96.36402893066406
2014-04-21,96.81633758544922
2014-04-22,97.81480407714844
2014-04-23,97.20032501220703
2014-04-24,96.952880859375
2014-04-25,95.2461166381836
2014-04-28,94.6914291381836
2014-04-29,94.93038177490234
2014-04-30,95.5618667602539
2014-05-01,95.52770233154297
2014-05-02,95.60453796386719
2014-05-05,95.48506927490234
2014-05-06,93.93189239501953
2014-05-07,93.99163055419922
2014-05-08,93.04437255859375
2014-05-09,93.89777374267578
2014-05-12,96.03121185302734
2014-05-13,95.09251403808594
2014-05-14,93.54789733886719
2014-05-15,92.9163589477539
2014-05-16,93.50520324707031
2014-05-19,94.51217651367188
2014-05-20,93.06997680664062
2014-05-21,93.54789733886719
2014-05-22,94.5207290649414
2014-05-23,95.5533218383789
2014-05-27,96.92727661132812
2014-05-28,96.42378234863281
2014-05-29,96.74803924560547
2014-05-30,96.31282806396484
2014-06-02,95.7922592163086
2014-06-03,95.5618667602539
2014-06-04,95.93737030029297
2014-06-05,97.95135498046875
2014-06-06,98.89006805419922
2014-06-09,99.76050567626953
2014-06-10,99.56420135498047
2014-06-11,99.0777816772461
2014-06-12,98.47188568115234
2014-06-13,98.64256286621094
2014-06-16,99.12049102783203
2014-06-17,99.82023620605469
2014-06-18,100.49441528320312
2014-06-19,100.57975769042969
2014-06-20,100.91255187988281
2014-06-23,100.71630096435547
2014-06-24,99.64102172851562
2014-06-25,100.48585510253906
2014-06-26,100.31521606445312
2014-06-27,100.98936462402344
2014-06-30,101.39047241210938
2014-07-01,102.42304229736328
2014-07-02,102.02814483642578
2014-07-03,102.64492797851562
2014-07-07,100.8887710571289
2014-07-08,99.66372680664062
2014-07-09,99.79230499267578
2014-07-10,98.72998809814453
2014-07-11,98.60150146484375
2014-07-14,99.10694122314453
2014-07-15,98.13034057617188
2014-07-16,97.8647689819336
2014-07-17,96.35704803466797
2014-07-18,97.856201171875
2014-07-21,97.46215057373047
2014-07-22,98.28453826904297
2014-07-23,98.40448760986328
2014-07-24,98.20744323730469
2014-07-25,97.3165283203125
2014-07-28,96.82821655273438
2014-07-29,97.09380340576172
2014-07-30,97.47929382324219
2014-07-31,95.25196838378906
2014-08-01,94.81507873535156
2014-08-04,95.65459442138672
2014-08-05,95.41473388671875
2014-08-06,95.71456909179688
2014-08-07,95.25196838378906
2014-08-08,96.17713928222656
2014-08-11,97.09380340576172
2014-08-12,96.42559814453125
2014-08-13,97.17943572998047
2014-08-14,97.3250732421875
2014-08-15,97.13661193847656
2014-08-18,98.55009460449219
2014-08-19,98.89276885986328
2014-08-20,98.4729995727539
2014-08-21,98.68717193603516
2014-08-22,98.69570922851562
2014-08-25,99.1583480834961
2014-08-26,100.05781555175781
2014-08-27,99.80939483642578
2014-08-28,99.29541015625
2014-08-29,99.85224151611328
2014-09-02,100.40048217773438
2014-09-03,99.76654815673828
2014-09-04,99.38109588623047
2014-09-05,99.6980209350586
2014-09-08,99.85224151611328
2014-09-09,98.67005157470703
2014-09-10,99.25257110595703
2014-09-11,99.89505767822266
2014-09-12,98.83281707763672
2014-09-15,97.75342559814453
2014-09-16,98.02752685546875
2014-09-17,98.28453826904297
2014-09-18,98.88420867919922
2014-09-19,97.63348388671875
2014-09-22,96.26283264160156
2014-09-23,95.36333465576172
2014-09-24,96.2266616821289
2014-09-25,94.60310363769531
2014-09-26,95.45354461669922
2014-09-29,95.37620544433594
2014-09-30,93.9330825805664
2014-10-01,92.60161590576172
2014-10-02,93.48638153076172
2014-10-03,94.19081115722656
2014-10-06,93.38330078125
2014-10-07,91.84564208984375
2014-10-08,93.6066665649414
2014-10-09,91.08116912841797
2014-10-10,89.97305297851562
2014-10-13,89.61224365234375
2014-10-14,90.66023254394531
2014-10-15,91.57078552246094
2014-10-16,92.60161590576172
2014-10-17,92.32670593261719
2014-10-20,93.40907287597656
2014-10-21,94.94670867919922
2014-10-22,93.5894775390625
2014-10-23,95.24739074707031
2014-10-24,95.41058349609375
2014-10-27,95.3590316772461
2014-10-28,98.07352447509766
2014-10-29,97.84158325195312
2014-10-30,98.67485046386719
2014-10-31,100.12657165527344
2014-11-03,99.95475006103516
2014-11-04,99.4908676147461
2014-11-05,99.67127990722656
2014-11-06,100.10079956054688
2014-11-07,100.25541687011719
2014-11-10,100.75363159179688
2014-11-11,100.82233428955078
2014-11-12,101.27763366699219
2014-11-13,100.41861724853516
2014-11-14,100.23824310302734
2014-11-17,99.40496826171875
2014-11-18,99.98052978515625
2014-11-19,98.91534423828125
2014-11-20,100.02348327636719
2014-11-21,100.14375305175781
2014-11-24,101.33773803710938
2014-11-25,101.41508483886719
2014-11-26,101.75010681152344
2014-11-28,100.23824310302734
2014-12-01,98.67485046386719
2014-12-02,99.86026000976562
2014-12-03,100.82233428955078
2014-12-04,100.34131622314453
2014-12-05,101.09724426269531
2014-12-08,99.83447265625
2014-12-09,101.5095443725586
2014-12-10,99.35343170166016
2014-12-11,99.74858093261719
2014-12-12,98.53738403320312
2014-12-15,97.54093933105469
2014-12-16,97.40348052978516
2014-12-17,100.41004180908203
2014-12-18,101.90470886230469
2014-12-19,102.1366195678711
2014-12-22,102.83245086669922
2014-12-23,102.96131134033203
2014-12-24,103.2587661743164
2014-12-26,103.93128967285156
2014-12-29,104.37100219726562
2014-12-30,103.75885009765625
2014-12-31,103.1380844116211
2015-01-02,102.54312133789062
2015-01-05,101.17220306396484
2015-01-06,99.4218978881836
2015-01-07,100.64624786376953
2015-01-08,102.35343170166016
2015-01-09,101.37053680419922
2015-01-12,101.03424072265625
2015-01-13,101.11183166503906
2015-01-14,100.70663452148438
2015-01-15,99.00807189941406
2015-01-16,100.62039184570312
2015-01-20,100.19793701171875
2015-01-21,99.87889862060547
2015-01-22,101.91370391845703
2015-01-23,101.8447265625
2015-01-26,102.82767486572266
2015-01-27,102.33619689941406
2015-01-28,100.61178588867188
2015-01-29,101.99993896484375
2015-01-30,99.75818634033203
2015-02-02,100.67212677001953
2015-02-03,102.47415161132812
2015-02-04,102.09475708007812
2015-02-05,103.41397857666016
2015-02-06,103.3018798828125
2015-02-09,102.48277282714844
2015-02-10,103.1380844116211
2015-02-11,102.99147033691406
2015-02-12,104.16407775878906
2015-02-13,104.78486633300781
2015-02-17,105.11254119873047
2015-02-18,105.224609375
2015-02-19,105.23323822021484
2015-02-20,105.51776885986328
2015-02-23,105.62123107910156
2015-02-24,105.75918579101562
2015-02-25,105.87992095947266
2015-02-26,106.26789855957031
2015-02-27,105.6902084350586
2015-03-02,106.45759582519531
2015-03-03,105.82816314697266
2015-03-04,105.50054931640625
2015-03-05,105.81092071533203
2015-03-06,104.47447967529297
2015-03-09,104.93146514892578
2015-03-10,103.724365234375
2015-03-11,104.36241912841797
2015-03-12,106.0954360961914
2015-03-13,105.71605682373047
2015-03-16,106.33685302734375
2015-03-17,106.62141418457031
2015-03-18,107.47500610351562
2015-03-19,107.68192291259766
2015-03-20,108.63037109375
2015-03-23,108.5355224609375
2015-03-24,108.50963592529297
2015-03-25,105.91768646240234
2015-03-26,105.78797149658203
2015-03-27,106.46255493164062
2015-03-30,107.90684509277344
2015-03-31,107.5609359741211
2015-04-01,107.6041259765625
2015-04-02,107.80308532714844
2015-04-06,108.27872467041016
2015-04-07,107.58686065673828
2015-04-08,108.51224517822266
2015-04-09,108.123046875
2015-04-10,108.64197540283203
2015-04-13,108.71116638183594
2015-04-14,108.68519592285156
2015-04-15,109.44627380371094
2015-04-16,109.38575744628906
2015-04-17,107.6128158569336
2015-04-20,108.66790771484375
2015-04-21,108.55549621582031
2015-04-22,108.71979522705078
2015-04-23,109.2127914428711
2015-04-24,108.84952545166016
2015-04-27,107.64741516113281
2015-04-28,108.24414825439453
2015-04-29,107.06794738769531
2015-04-30,104.80205535888672
2015-05-01,105.48528289794922
2015-05-04,105.86579895019531
2015-05-05,104.51665496826172
2015-05-06,104.8798599243164
2015-05-07,105.2777328491211
2015-05-08,106.06472778320312
2015-05-11,106.1252670288086
2015-05-12,105.93498992919922
2015-05-13,105.93498992919922
2015-05-14,107.05929565429688
2015-05-15,106.938232421875
2015-05-18,108.14904022216797
2015-05-19,108.00198364257812
2015-05-20,108.20089721679688
2015-05-21,108.07982635498047
2015-05-22,107.6128158569336
2015-05-26,106.58362579345703
2015-05-27,107.88955688476562
2015-05-28,107.79443359375
2015-05-29,107.14578247070312
2015-06-01,107.4830551147461
2015-06-02,107.69063568115234
2015-06-03,108.7630386352539
2015-06-04,107.67333221435547
2015-06-05,108.4516830444336
2015-06-08,107.95008850097656
2015-06-09,107.62144470214844
2015-06-10,108.96196746826172
2015-06-11,109.23870849609375
2015-06-12,108.91007232666016
2015-06-15,108.56413269042969
2015-06-16,109.3338623046875
2015-06-17,109.16952514648438
2015-06-18,110.63113403320312
2015-06-19,110.57923889160156
2015-06-22,111.34027862548828
2015-06-23,111.57380676269531
2015-06-24,110.63113403320312
2015-06-25,110.5705795288086
2015-06-26,110.26789093017578
2015-06-29,107.4830551147461
2015-06-30,107.98468017578125
2015-07-01,108.30467224121094
2015-07-02,107.50479888916016
2015-07-06,107.47003173828125
2015-07-07,107.59161376953125
2015-07-08,105.95015716552734
2015-07-09,106.33228302001953
2015-07-10,107.8087387084961
2015-07-13,109.024658203125
2015-07-14,109.63264465332031
2015-07-15,109.05072784423828
2015-07-16,109.7021255493164
2015-07-17,109.22445678710938
2015-07-20,108.63384246826172
2015-07-21,108.1214370727539
2015-07-22,108.52094268798828
2015-07-23,107.32240295410156
2015-07-24,105.59403991699219
2015-07-27,104.71685791015625
2015-07-28,105.61140441894531
2015-07-29,105.90670013427734
2015-07-30,106.2106704711914
2015-07-31,106.79258728027344
2015-08-03,106.2627944946289
2015-08-04,106.01091766357422
2015-08-05,106.25411987304688
2015-08-06,104.82109069824219
2015-08-07,104.11759185791016
2015-08-10,105.31610870361328
2015-08-11,104.41288757324219
2015-08-12,104.21310424804688
2015-08-13,103.8656997680664
2015-08-14,104.5344467163086
2015-08-17,105.63745880126953
2015-08-18,104.79500579833984
2015-08-19,103.70935821533203
2015-08-20,101.0864486694336
2015-08-21,99.9052505493164
2015-08-24,96.00563049316406
2015-08-25,95.26738739013672
2015-08-26,97.69055938720703
2015-08-27,99.436279296875
2015-08-28,100.41768646240234
2015-08-31,100.05290222167969
2015-09-01,97.18684387207031
2015-09-02,98.93255615234375
2015-09-03,98.7762222290039
2015-09-04,98.02925872802734
2015-09-08,100.27005767822266
2015-09-09,99.11492156982422
2015-09-10,99.56654357910156
2015-09-11,100.03556060791016
2015-09-14,99.57524871826172
2015-09-15,100.69559478759766
2015-09-16,101.56414031982422
2015-09-17,101.91154479980469
2015-09-18,100.5045394897461
2015-09-21,100.32215118408203
2015-09-22,98.80226135253906
2015-09-23,98.50696563720703
2015-09-24,98.34194946289062
2015-09-25,97.0476303100586
2015-09-28,94.33008575439453
2015-09-29,93.6594009399414
2015-09-30,95.11396026611328
2015-10-01,94.94850158691406
2015-10-02,96.35952758789062
2015-10-05,98.65899658203125
2015-10-06,97.97958374023438
2015-10-07,99.71292877197266
2015-10-08,100.61003875732422
2015-10-09,100.81037139892578
2015-10-12,100.66230010986328
2015-10-13,99.2861099243164
2015-10-14,98.31059265136719
2015-10-15,100.66230010986328
2015-10-16,100.53166198730469
2015-10-19,100.72329711914062
2015-10-20,100.58391571044922
2015-10-21,99.05094909667969
2015-10-22,99.92195129394531
2015-10-23,100.90618133544922
2015-10-26,100.21809387207031
2015-10-27,99.1206283569336
2015-10-28,102.01236724853516
2015-10-29,100.92361450195312
2015-10-30,100.46199035644531
2015-11-02,102.55239868164062
2015-11-03,103.08369445800781
2015-11-04,103.03144836425781
2015-11-05,103.10984802246094
2015-11-06,103.84148406982422
2015-11-09,102.6220703125
2015-11-10,102.92691802978516
2015-11-11,102.02980041503906
2015-11-12,100.07874298095703
2015-11-13,99.35580444335938
2015-11-16,100.20938110351562
2015-11-17,99.82612609863281
2015-11-18,101.51590728759766
2015-11-19,101.08911895751953
2015-11-20,101.7423324584961
2015-11-23,102.24752807617188
2015-11-24,102.99657440185547
2015-11-25,103.79790496826172
2015-11-27,104.18988800048828
2015-11-30,103.73697662353516
2015-12-01,104.42505645751953
2015-12-02,103.30146789550781
2015-12-03,101.55945587158203
2015-12-04,102.58722686767578
2015-12-07,101.04557037353516
2015-12-08,100.48810577392578
2015-12-09,99.364501953125
2015-12-10,99.69549560546875
2015-12-11,97.47441864013672
2015-12-14,96.7776107788086
2015-12-15,98.1712417602539
2015-12-16,99.66935729980469
2015-12-17,98.6067123413086
2015-12-18,97.09989166259766
2015-12-21,97.83151245117188
2015-12-22,98.72869873046875
2015-12-23,99.9742431640625
2015-12-24,100.16316986083984
2015-12-28,99.69955444335938
2015-12-29,100.77552795410156
2015-12-30,99.76079559326172
2015-12-31,98.51856994628906
2016-01-04,96.2353744506836
2016-01-05,96.44532012939453
2016-01-06,94.97566986083984
2016-01-07,92.43877410888672
2016-01-08,90.8466796875
2016-01-11,90.45301818847656
2016-01-12,90.72420501708984
2016-01-13,87.81117248535156
2016-01-14,89.0271224975586
2016-01-15,87.58370971679688
2016-01-19,86.40274810791016
2016-01-20,86.76142883300781
2016-01-21,86.56023406982422
2016-01-22,88.67719268798828
2016-01-25,86.70893859863281
2016-01-26,88.44103240966797
2016-01-27,87.22505950927734
2016-01-28,87.20756530761719
2016-01-29,90.06813049316406
2016-02-01,89.65699005126953
2016-02-02,87.72369384765625
2016-02-03,87.8374252319336
2016-02-04,88.17858123779297
2016-02-05,85.76416778564453
2016-02-08,84.35577392578125
2016-02-09,83.787109375
2016-02-10,83.83087921142578
2016-02-11,82.92109680175781
2016-02-12,84.4957275390625
2016-02-16,86.49898529052734
2016-02-17,87.85491943359375
2016-02-18,87.43500518798828
2016-02-19,87.87237548828125
2016-02-22,88.8521728515625
2016-02-23,88.03860473632812
2016-02-24,88.88714599609375
2016-02-25,89.70072174072266
2016-02-26,90.26931762695312
2016-02-29,89.8669204711914
2016-03-01,91.8001937866211
2016-03-02,92.7449722290039
2016-03-03,93.71600341796875
2016-03-04,94.23210906982422
2016-03-07,95.25564575195312
2016-03-08,92.95491790771484
2016-03-09,93.42730712890625
2016-03-10,92.66624450683594
2016-03-11,94.65200805664062
2016-03-14,94.4070816040039
2016-03-15,92.9374008178711
2016-03-16,93.59349822998047
2016-03-17,95.02816772460938
2016-03-18,95.88545989990234
2016-03-21,95.65801239013672
2016-03-22,95.54429626464844
2016-03-23,93.77802276611328
2016-03-24,94.0588150024414
2016-03-28,94.17289733886719
2016-03-29,96.78759002685547
2016-03-30,96.79634857177734
2016-03-31,97.06836700439453
2016-04-01,97.49830627441406
2016-04-04,96.68228912353516
2016-04-05,95.5855484008789
2016-04-06,96.66474914550781
2016-04-07,95.35740661621094
2016-04-08,95.73470306396484
2016-04-11,95.43635559082031
2016-04-12,96.46295166015625
2016-04-13,98.54242706298828
2016-04-14,98.4195785522461
2016-04-15,98.665283203125
2016-04-18,99.41105651855469
2016-04-19,99.49002838134766
2016-04-20,99.63919067382812
2016-04-21,99.1390609741211
2016-04-22,100.12175750732422
2016-04-25,99.41105651855469
2016-04-26,100.38499450683594
2016-04-27,100.73596954345703
2016-04-28,99.58654022216797
2016-04-29,98.69156646728516
2016-05-02,99.56898498535156
2016-05-03,97.9369888305664
2016-05-04,97.1297836303711
2016-05-05,96.74372100830078
2016-05-06,97.31404876708984
2016-05-09,97.59478759765625
2016-05-10,98.57752227783203
2016-05-11,97.35792541503906
2016-05-12,96.8402099609375
2016-05-13,96.19972229003906
2016-05-16,97.41930389404297
2016-05-17,95.87505340576172
2016-05-18,96.37518310546875
2016-05-19,95.60309600830078
2016-05-20,97.20874786376953
2016-05-23,97.09468078613281
2016-05-24,99.0951919555664
2016-05-25,99.67430114746094
2016-05-26,99.56023406982422
2016-05-27,100.55170440673828
2016-05-31,100.90267944335938
2016-06-01,101.58702850341797
2016-06-02,102.3679428100586
2016-06-03,101.75374603271484
2016-06-06,102.85053253173828
2016-06-07,103.14884185791016
2016-06-08,103.91219329833984
2016-06-09,103.24535369873047
2016-06-10,101.84149169921875
2016-06-13,100.73596954345703
2016-06-14,100.44644165039062
2016-06-15,100.51659393310547
2016-06-16,100.50782012939453
2016-06-17,100.0779037475586
2016-06-20,101.16590118408203
2016-06-21,100.97283935546875
2016-06-22,100.5780258178711
2016-06-23,102.49954223632812
2016-06-24,98.60382843017578
2016-06-27,95.36617279052734
2016-06-28,96.8402099609375
2016-06-29,99.04254913330078
2016-06-30,100.8851089477539
2016-07-01,101.24481964111328
2016-07-05,99.75323486328125
2016-07-06,100.4775619506836
2016-07-07,100.68930053710938
2016-07-08,103.03602600097656
2016-07-11,104.22708129882812
2016-07-12,105.62096405029297
2016-07-13,105.20633697509766
2016-07-14,105.31219482421875
2016-07-15,105.60333251953125
2016-07-18,105.77976989746094
2016-07-19,105.25043487548828
2016-07-20,105.93860626220703
2016-07-21,105.43571472167969
2016-07-22,106.22089385986328
2016-07-25,106.0621109008789
2016-07-26,106.57381439208984
2016-07-27,106.87374877929688
2016-07-28,106.6002426147461
2016-07-29,106.81199645996094
2016-08-01,106.90022277832031
2016-08-02,105.40925598144531
2016-08-03,106.2650146484375
2016-08-04,106.362060546875
2016-08-05,107.89717102050781
2016-08-08,107.84423065185547
2016-08-09,107.95890045166016
2016-08-10,107.18254089355469
2016-08-11,107.69424438476562
2016-08-12,107.80008697509766
2016-08-15,108.86759185791016
2016-08-16,107.98538208007812
2016-08-17,107.66777801513672
2016-08-18,108.4617691040039
2016-08-19,108.4617691040039
2016-08-22,108.70882415771484
2016-08-23,109.46752166748047
2016-08-24,108.57646942138672
2016-08-25,108.78822326660156
2016-08-26,108.56763458251953
2016-08-29,109.13227844238281
2016-08-30,109.3351821899414
2016-08-31,108.71762084960938
2016-09-01,108.79701232910156
2016-09-02,109.8469009399414
2016-09-06,109.95274353027344
2016-09-07,110.64088439941406
2016-09-08,110.42032623291016
2016-09-09,106.97077941894531
2016-09-12,108.4617691040039
2016-09-13,106.37971496582031
2016-09-14,106.3973388671875
2016-09-15,107.66777801513672
2016-09-16,107.50896453857422
2016-09-19,108.22357940673828
2016-09-20,107.76480102539062
2016-09-21,109.32638549804688
2016-09-22,110.89672088623047
2016-09-23,110.1115493774414
2016-09-26,109.01809692382812
2016-09-27,109.46043395996094
2016-09-28,110.3008804321289
2016-09-29,108.69076538085938
2016-09-30,109.88508605957031
2016-10-03,109.5400390625
2016-10-04,109.00040435791016
2016-10-05,109.65506744384766
2016-10-06,109.5400390625
2016-10-07,108.66422271728516
2016-10-10,109.96467590332031
2016-10-11,107.95648956298828
2016-10-12,107.86799621582031
2016-10-13,106.97449493408203
2016-10-14,106.54100799560547
2016-10-17,106.41715240478516
2016-10-18,107.02759552001953
2016-10-19,107.478759765625
2016-10-20,107.16028594970703
2016-10-21,107.1072006225586
2016-10-24,107.78840637207031
2016-10-25,106.98336029052734
2016-10-26,105.9217529296875
2016-10-27,104.70972442626953
2016-10-28,104.41783142089844
2016-10-31,104.83360290527344
2016-11-01,103.55083465576172
2016-11-02,102.2326431274414
2016-11-03,101.73725128173828
2016-11-04,102.39189147949219
2016-11-07,104.89550018310547
2016-11-08,105.16978454589844
2016-11-09,108.40767669677734
2016-11-10,110.1416244506836
2016-11-11,112.67178344726562
2016-11-14,114.25536346435547
2016-11-15,114.60923767089844
2016-11-16,114.60037231445312
2016-11-17,115.27274322509766
2016-11-18,115.88318634033203
2016-11-21,116.42281341552734
2016-11-22,117.48442840576172
2016-11-23,118.21868133544922
2016-11-25,118.60794067382812
2016-11-28,117.0686264038086
2016-11-29,117.00667572021484
2016-11-30,116.43162536621094
2016-12-01,115.86546325683594
2016-12-02,115.80354309082031
2016-12-05,117.79402160644531
2016-12-06,119.06797790527344
2016-12-07,120.22688293457031
2016-12-08,122.1200942993164
2016-12-09,122.35899353027344
2016-12-12,121.06735229492188
2016-12-13,121.07613372802734
2016-12-14,119.5633773803711
2016-12-15,120.45687866210938
2016-12-16,120.23574829101562
2016-12-19,121.02312469482422
2016-12-20,122.04930114746094
2016-12-21,121.25308990478516
2016-12-22,120.20758056640625
2016-12-23,120.84711456298828
2016-12-27,121.38905334472656
2016-12-28,120.14537048339844
2016-12-29,120.25199127197266
2016-12-30,119.7900619506836
2017-01-03,120.3852310180664
2017-01-04,122.39283752441406
2017-01-05,120.98040771484375
2017-01-06,120.53620910644531
2017-01-09,119.7456283569336
2017-01-10,120.89154815673828
2017-01-11,121.10477447509766
2017-01-12,120.1720199584961
2017-01-13,121.04254913330078
2017-01-17,119.39918518066406
2017-01-18,119.7900619506836
2017-01-19,118.81291198730469
2017-01-20,119.42582702636719
2017-01-23,118.9283676147461
2017-01-24,120.74940490722656
2017-01-25,121.88648986816406
2017-01-26,121.39790344238281
2017-01-27,120.98040771484375
2017-01-30,119.29257202148438
2017-01-31,120.1275863647461
2017-02-01,120.05652618408203
2017-02-02,119.75450897216797
2017-02-03,121.58444213867188
2017-02-06,120.66946411132812
2017-02-07,120.13648986816406
2017-02-08,119.92330932617188
2017-02-09,121.61115264892578
2017-02-10,122.53497314453125
2017-02-13,122.85478973388672
2017-02-14,123.26337432861328
2017-02-15,124.000732421875
2017-02-16,123.65425872802734
2017-02-17,123.57429504394531
2017-02-21,124.5425796508789
2017-02-22,123.99178314208984
2017-02-23,123.25447082519531
2017-02-24,123.16567993164062
2017-02-27,124.3648910522461
2017-02-28,122.44612121582031
2017-03-01,124.6846694946289
2017-03-02,123.25447082519531
2017-03-03,123.16567993164062
2017-03-06,122.32179260253906
2017-03-07,121.52229309082031
2017-03-08,120.7228012084961
2017-03-09,120.24310302734375
2017-03-10,120.77606964111328
2017-03-13,121.06033325195312
2017-03-14,120.48294830322266
2017-03-15,122.34840393066406
2017-03-16,122.50826263427734
2017-03-17,122.99685668945312
2017-03-20,122.4638671875
2017-03-21,119.00831604003906
2017-03-22,119.03498077392578
2017-03-23,119.72791290283203
2017-03-24,119.81430053710938
2017-03-27,120.03701782226562
2017-03-28,120.97240447998047
2017-03-29,121.36438751220703
2017-03-30,122.28201293945312
2017-03-31,122.47804260253906
2017-04-03,121.18621063232422
2017-04-04,121.04368591308594
2017-04-05,119.67176055908203
2017-04-06,120.78532409667969
2017-04-07,120.73190307617188
2017-04-10,120.99916076660156
2017-04-11,121.96134185791016
2017-04-12,120.30426788330078
2017-04-13,119.12834930419922
2017-04-17,120.5269775390625
2017-04-18,120.55374145507812
2017-04-19,120.97240447998047
2017-04-20,122.51364135742188
2017-04-21,122.23747253417969
2017-04-24,123.76084899902344
2017-04-25,124.96357727050781
2017-04-26,125.60497283935547
2017-04-27,125.56934356689453
2017-04-28,123.88555145263672
2017-05-01,124.59829711914062
2017-05-02,123.96577453613281
2017-05-03,123.19956970214844
2017-05-04,123.03034973144531
2017-05-05,123.8232421875
2017-05-08,123.30651092529297
2017-05-09,123.25305938720703
2017-05-10,124.01918029785156
2017-05-11,123.15507507324219
2017-05-12,122.50471496582031
2017-05-15,123.45795440673828
2017-05-16,123.50247955322266
2017-05-17,120.17062377929688
2017-05-18,120.6072006225586
2017-05-19,121.18621063232422
2017-05-22,122.00582885742188
2017-05-23,122.40670776367188
2017-05-24,122.48692321777344
2017-05-25,122.56710052490234
2017-05-26,122.53144073486328
2017-05-30,121.5693130493164
2017-05-31,121.44459533691406
2017-06-01,123.78759765625
2017-06-02,124.58937072753906
2017-06-05,123.8143310546875
2017-06-06,123.6985092163086
2017-06-07,123.8143310546875
2017-06-08,125.50702667236328
2017-06-09,126.15738677978516
2017-06-12,125.95243835449219
2017-06-13,126.5938720703125
2017-06-14,125.84548950195312
2017-06-15,125.20405578613281
2017-06-16,124.89228820800781
2017-06-19,125.81878662109375
2017-06-20,124.54478454589844
2017-06-21,124.2330551147461
2017-06-22,124.70524597167969
2017-06-23,125.53372955322266
2017-06-26,125.68517303466797
2017-06-27,124.5804672241211
2017-06-28,126.48697662353516
2017-06-29,125.73861694335938
2017-06-30,125.54267883300781
2017-07-03,126.5938720703125
2017-07-05,126.1395034790039
2017-07-06,124.4923324584961
2017-07-07,125.70020294189453
2017-07-10,125.15446472167969
2017-07-11,125.52124786376953
2017-07-12,126.48757934570312
2017-07-13,126.594970703125
2017-07-14,126.80964660644531
2017-07-17,127.10486602783203
2017-07-18,126.77386474609375
2017-07-19,128.03546142578125
2017-07-20,128.12489318847656
2017-07-21,127.54332733154297
2017-07-24,127.72229766845703
2017-07-25,128.88543701171875
2017-07-26,128.1696319580078
2017-07-27,127.35542297363281
2017-07-28,127.01548767089844
2017-07-31,126.61280822753906
2017-08-01,126.85440063476562
2017-08-02,125.46759033203125
2017-08-03,124.84124755859375
2017-08-04,125.44971466064453
2017-08-07,125.6554946899414
2017-08-08,125.26178741455078
2017-08-09,124.17916107177734
2017-08-10,121.9244384765625
2017-08-11,122.10337829589844
2017-08-14,123.95548248291016
2017-08-15,122.93549346923828
2017-08-16,122.97132110595703
2017-08-17,120.72550964355469
2017-08-18,120.7165756225586
2017-08-21,120.63604736328125
2017-08-22,121.94234466552734
2017-08-23,121.7455062866211
2017-08-24,122.12129211425781
2017-08-25,122.47026062011719
2017-08-28,122.98918151855469
2017-08-29,123.01602172851562
2017-08-30,123.80337524414062
2017-08-31,125.02023315429688
2017-09-01,125.72706604003906
2017-09-05,124.51912689208984
2017-09-06,124.77865600585938
2017-09-07,124.4654541015625
2017-09-08,124.56388854980469
2017-09-11,125.87017059326172
2017-09-12,126.63966369628906
2017-09-13,127.01548767089844
2017-09-14,126.89913940429688
2017-09-15,127.41805267333984
2017-09-18,128.28594970703125
2017-09-19,128.28594970703125
2017-09-20,128.697509765625
2017-09-21,128.56336975097656
2017-09-22,129.109130859375
2017-09-25,129.2880859375
2017-09-26,129.69972229003906
2017-09-27,132.23794555664062
2017-09-28,132.5877685546875
2017-09-29,132.90162658691406
2017-10-02,134.53396606445312
2017-10-03,134.82997131347656
2017-10-04,134.3994598388672
2017-10-05,134.76715087890625
2017-10-06,134.578857421875
2017-10-09,134.02273559570312
2017-10-10,134.408447265625
2017-10-11,134.3097381591797
2017-10-12,134.21107482910156
2017-10-13,133.9689483642578
2017-10-16,133.8523712158203
2017-10-17,133.46665954589844
2017-10-18,134.1034698486328
2017-10-19,133.8971710205078
2017-10-20,134.5160675048828
2017-10-23,133.5115203857422
2017-10-24,133.78955078125
2017-10-25,133.14382934570312
2017-10-26,133.42184448242188
2017-10-27,134.3456268310547
2017-10-30,132.92857360839844
2017-10-31,133.87025451660156
2017-11-01,132.98236083984375
2017-11-02,133.3769989013672
2017-11-03,133.28733825683594
2017-11-06,133.43978881835938
2017-11-07,131.8433074951172
2017-11-08,132.022705078125
2017-11-09,131.55630493164062
2017-11-10,131.4575958251953
2017-11-13,131.49354553222656
2017-11-14,131.13478088378906
2017-11-15,130.61456298828125
2017-11-16,132.5338897705078
2017-11-17,133.14382934570312
2017-11-20,134.11244201660156
2017-11-21,135.51162719726562
2017-11-22,135.33224487304688
2017-11-24,135.38604736328125
2017-11-27,134.97348022460938
2017-11-28,137.09913635253906
2017-11-29,137.55650329589844
2017-11-30,137.80763244628906
2017-12-01,137.24261474609375
2017-12-04,136.7313232421875
2017-12-05,135.36805725097656
2017-12-06,134.73129272460938
2017-12-07,135.67308044433594
2017-12-08,135.79859924316406
2017-12-11,135.74478149414062
2017-12-12,135.32322692871094
2017-12-13,136.1304168701172
2017-12-14,134.6237030029297
2017-12-15,136.5430450439453
2017-12-18,138.39059448242188
2017-12-19,137.29644775390625
2017-12-20,137.5654754638672
2017-12-21,138.16778564453125
2017-12-22,137.91571044921875
2017-12-26,137.9967041015625
2017-12-27,137.86170959472656
2017-12-28,138.40185546875
2017-12-29,137.25851440429688
2018-01-02,138.55494689941406
2018-01-03,138.69895935058594
2018-01-04,139.06809997558594
2018-01-05,139.35617065429688
2018-01-08,139.57225036621094
2018-01-09,139.38314819335938
2018-01-10,139.40121459960938
2018-01-11,141.79592895507812
2018-01-12,142.39012145996094
2018-01-16,140.57156372070312
2018-01-17,141.9040069580078
2018-01-18,140.931640625
2018-01-19,142.78627014160156
2018-01-22,143.55152893066406
2018-01-23,144.0106658935547
2018-01-24,143.1193389892578
2018-01-25,143.1734161376953
2018-01-26,143.68655395507812
2018-01-29,142.8762969970703
2018-01-30,141.50787353515625
2018-01-31,140.7695770263672
2018-02-01,141.2107696533203
2018-02-02,138.4918975830078
2018-02-05,133.17111206054688
2018-02-06,134.76466369628906
2018-02-07,134.89971923828125
2018-02-08,130.93850708007812
2018-02-09,132.13580322265625
2018-02-12,133.38723754882812
2018-02-13,133.67529296875
2018-02-14,136.0791473388672
2018-02-15,137.56454467773438
2018-02-16,138.0507354736328
2018-02-20,136.9163818359375
2018-02-21,137.0604705810547
2018-02-22,136.8443603515625
2018-02-23,138.62689208984375
2018-02-26,139.53622436523438
2018-02-27,137.52862548828125
2018-02-28,135.35887145996094
2018-03-01,134.99879455566406
2018-03-02,137.15945434570312
2018-03-05,138.38388061523438
2018-03-06,139.87832641601562
2018-03-07,141.11172485351562
2018-03-08,140.82362365722656
2018-03-09,143.07435607910156
2018-03-12,143.3264617919922
2018-03-13,142.6602325439453
2018-03-14,141.98501586914062
2018-03-15,141.27378845214844
2018-03-16,142.06605529785156
2018-03-19,140.69764709472656
2018-03-20,140.6615753173828
2018-03-21,141.48085021972656
2018-03-22,138.37847900390625
2018-03-23,135.40069580078125
2018-03-26,138.36050415039062
2018-03-27,135.68040466308594
2018-03-28,135.6353302001953
2018-03-29,137.0068817138672
2018-04-02,133.66815185546875
2018-04-03,135.58116149902344
2018-04-04,137.30467224121094
2018-04-05,138.44168090820312
2018-04-06,135.68040466308594
2018-04-09,135.8428497314453
2018-04-10,138.4055633544922
2018-04-11,138.70338439941406
2018-04-12,139.65084838867188
2018-04-13,138.919921875
2018-04-16,140.20126342773438
2018-04-17,141.726318359375
2018-04-18,142.10528564453125
2018-04-19,141.12173461914062
2018-04-20,140.3637237548828
2018-04-23,140.15614318847656
2018-04-24,139.35308837890625
2018-04-25,139.14549255371094
2018-04-26,139.78622436523438
2018-04-27,139.58770751953125
2018-04-30,138.35145568847656
2018-05-01,139.02822875976562
2018-05-02,139.5515899658203
2018-05-03,138.7936248779297
2018-05-04,140.52615356445312
2018-05-07,141.71728515625
2018-05-08,142.421142578125
2018-05-09,143.18814086914062
2018-05-10,143.95516967773438
2018-05-11,144.23486328125
2018-05-14,143.68446350097656
2018-05-15,143.7115478515625
2018-05-16,145.2095184326172
2018-05-17,145.877197265625
2018-05-18,146.0667266845703
2018-05-21,147.0322265625
2018-05-22,145.96742248535156
2018-05-23,146.1569366455078
2018-05-24,146.21107482910156
2018-05-25,145.94940185546875
2018-05-29,145.75088500976562
2018-05-30,148.0609588623047
2018-05-31,146.8788299560547
2018-06-01,147.84439086914062
2018-06-04,148.6295166015625
2018-06-05,149.5498809814453
2018-06-06,150.63270568847656
2018-06-07,149.81158447265625
2018-06-08,150.26275634765625
2018-06-11,150.48831176757812
2018-06-12,151.17413330078125
2018-06-13,150.57855224609375
2018-06-14,151.38168334960938
2018-06-15,151.42686462402344
2018-06-18,152.13966369628906
2018-06-19,152.148681640625
2018-06-20,153.3759002685547
2018-06-21,151.941162109375
2018-06-22,151.435791015625
2018-06-25,148.96334838867188
2018-06-26,149.82960510253906
2018-06-27,147.42929077148438
2018-06-28,147.8804473876953
2018-06-29,147.78118896484375
2018-07-02,148.80087280273438
2018-07-03,149.39404296875
2018-07-05,151.09669494628906
2018-07-06,152.3735809326172
2018-07-09,153.33364868164062
2018-07-10,152.63629150390625
2018-07-11,151.34117126464844
2018-07-12,152.07472229003906
2018-07-13,151.62196350097656
2018-07-16,151.03326416015625
2018-07-17,151.70347595214844
2018-07-18,152.1291046142578
2018-07-19,153.20677185058594
2018-07-20,152.58193969726562
2018-07-23,152.77210998535156
2018-07-24,151.1419677734375
2018-07-25,151.6944122314453
2018-07-26,152.50942993164062
2018-07-27,149.665771484375
2018-07-30,148.70584106445312
2018-07-31,150.2181854248047
2018-08-01,150.1185760498047
2018-08-02,151.21438598632812
2018-08-03,150.68914794921875
2018-08-06,151.5313720703125
2018-08-07,151.89364624023438
2018-08-08,151.75779724121094
2018-08-09,152.147216796875
2018-08-10,151.7216033935547
2018-08-13,150.83404541015625
2018-08-14,152.3282928466797
2018-08-15,150.41746520996094
2018-08-16,151.8121337890625
2018-08-17,152.46417236328125
2018-08-20,152.88987731933594
2018-08-21,154.64675903320312
2018-08-22,155.0271759033203
2018-08-23,154.55621337890625
2018-08-24,155.3984375
2018-08-27,155.62481689453125
2018-08-28,155.769775390625
2018-08-29,156.22259521484375
2018-08-30,156.09579467773438
2018-08-31,156.69354248046875
2018-09-04,155.99620056152344
2018-09-05,155.57957458496094
2018-09-06,154.52908325195312
2018-09-07,154.4475860595703
2018-09-10,154.6377410888672
2018-09-11,154.89129638671875
2018-09-12,154.52001953125
2018-09-13,154.55621337890625
2018-09-14,155.20828247070312
2018-09-17,153.5599822998047
2018-09-18,154.20297241210938
2018-09-19,153.6414794921875
2018-09-20,155.0633544921875
2018-09-21,154.32073974609375
2018-09-24,153.7501983642578
2018-09-25,153.9856414794922
2018-09-26,152.5781707763672
2018-09-27,152.58731079101562
2018-09-28,153.0503692626953
2018-10-01,151.03457641601562
2018-10-02,149.4000701904297
2018-10-03,150.70762634277344
2018-10-04,148.59185791015625
2018-10-05,147.24803161621094
2018-10-08,146.93930053710938
2018-10-09,146.36720275878906
2018-10-10,142.1629638671875
2018-10-11,139.4479522705078
2018-10-12,139.47515869140625
2018-10-15,139.99269104003906
2018-10-16,144.05172729492188
2018-10-17,143.4342041015625
2018-10-18,140.7464141845703
2018-10-19,139.2572021484375
2018-10-22,138.95755004882812
2018-10-23,137.7135772705078
2018-10-24,132.5286865234375
2018-10-25,135.39810180664062
2018-10-26,133.91795349121094
2018-10-29,133.18238830566406
2018-10-30,135.96102905273438
2018-10-31,136.23345947265625
2018-11-01,139.37522888183594
2018-11-02,139.83837890625
2018-11-05,139.7294464111328
2018-11-06,140.4195098876953
2018-11-07,142.93472290039062
2018-11-08,142.5534210205078
2018-11-09,139.91104125976562
2018-11-12,137.1414794921875
2018-11-13,136.70562744140625
2018-11-14,135.70680236816406
2018-11-15,137.64088439941406
2018-11-16,137.96780395507812
2018-11-19,135.1710205078125
2018-11-20,132.56495666503906
2018-11-21,134.4173583984375
2018-11-23,134.2902374267578
2018-11-26,136.03369140625
2018-11-27,134.90771484375
2018-11-28,138.240234375
2018-11-29,137.86790466308594
2018-11-30,138.58526611328125
2018-12-03,139.91104125976562
2018-12-04,133.9542694091797
2018-12-06,133.66371154785156
2018-12-07,130.776123046875
2018-12-10,130.39474487304688
2018-12-11,130.2584991455078
2018-12-12,131.5025634765625
2018-12-13,129.64105224609375
2018-12-14,127.67972564697266
2018-12-17,124.83621978759766
2018-12-18,124.68135833740234
2018-12-19,122.08474731445312
2018-12-20,120.07125091552734
2018-12-21,116.9553451538086
2018-12-24,114.6867904663086
2018-12-26,120.19878387451172
2018-12-27,120.6999282836914
2018-12-28,121.0461196899414
2018-12-31,121.99366760253906
2019-01-02,122.68605041503906
2019-01-03,120.49036407470703
2019-01-04,124.9910888671875
2019-01-07,127.17767333984375
2019-01-08,129.12742614746094
2019-01-09,130.19337463378906
2019-01-10,130.8675537109375
2019-01-11,130.90402221679688
2019-01-14,129.60118103027344
2019-01-15,130.69447326660156
2019-01-16,131.6693572998047
2019-01-17,132.86282348632812
2019-01-18,134.2294921875
2019-01-22,132.10658264160156
2019-01-23,131.7421875
2019-01-24,132.53482055664062
2019-01-25,134.23858642578125
2019-01-28,133.51881408691406
2019-01-29,133.19993591308594
2019-01-30,134.65769958496094
2019-01-31,135.8056640625
2019-02-01,135.91497802734375
2019-02-04,137.5366668701172
2019-02-05,137.68251037597656
2019-02-06,137.50933837890625
2019-02-07,136.3795928955078
2019-02-08,136.52542114257812
2019-02-11,137.6642608642578
2019-02-12,139.3861846923828
2019-02-13,139.77792358398438
2019-02-14,140.0968017578125
2019-02-15,142.32894897460938
2019-02-19,142.72068786621094
2019-02-20,143.39491271972656
2019-02-21,142.84825134277344
2019-02-22,144.0873260498047
2019-02-25,144.12376403808594
2019-02-26,143.1307373046875
2019-02-27,143.33116149902344
2019-02-28,142.83912658691406
2019-03-01,144.16934204101562
2019-03-04,142.86648559570312
2019-03-05,142.201416015625
2019-03-06,139.4134979248047
2019-03-07,138.192626953125
2019-03-08,138.15621948242188
2019-03-11,140.57057189941406
2019-03-12,140.64344787597656
2019-03-13,141.19923400878906
2019-03-14,140.62521362304688
2019-03-15,140.998779296875
2019-03-18,141.90077209472656
2019-03-19,141.1810302734375
2019-03-20,140.00439453125
2019-03-21,141.8405303955078
2019-03-22,136.67919921875
2019-03-25,137.28211975097656
2019-03-26,138.7255096435547
2019-03-27,138.18653869628906
2019-03-28,139.4197540283203
2019-03-29,139.84910583496094
2019-04-01,141.37466430664062
2019-04-02,141.0092315673828
2019-04-03,141.74009704589844
2019-04-04,142.434326171875
2019-04-05,143.76808166503906
2019-04-08,143.53057861328125
2019-04-09,141.77659606933594
2019-04-10,143.7041015625
2019-04-11,143.52145385742188
2019-04-12,144.04209899902344
2019-04-15,143.5762176513672
2019-04-16,143.9141845703125
2019-04-17,142.59878540039062
2019-04-18,142.1785125732422
2019-04-22,141.80401611328125
2019-04-23,143.94163513183594
2019-04-24,144.38922119140625
2019-04-25,143.1925506591797
2019-04-26,144.5811004638672
2019-04-29,145.2753143310547
2019-04-30,144.599365234375
2019-05-01,143.22906494140625
2019-05-02,143.89596557617188
2019-05-03,146.64561462402344
2019-05-06,146.81004333496094
2019-05-07,143.90509033203125
2019-05-08,143.2017059326172
2019-05-09,142.68093872070312
2019-05-10,143.0737762451172
2019-05-13,138.51536560058594
2019-05-14,140.26014709472656
2019-05-15,140.71694946289062
2019-05-16,141.59388732910156
2019-05-17,139.6207275390625
2019-05-20,138.6523895263672
2019-05-21,140.51596069335938
2019-05-22,139.33753967285156
2019-05-23,136.46908569335938
2019-05-24,137.74803161621094
2019-05-28,136.6518096923828
2019-05-29,135.5099334716797
2019-05-30,135.13540649414062
2019-05-31,133.2444305419922
2019-06-03,133.71034240722656
2019-06-04,137.1725311279297
2019-06-05,137.19989013671875
2019-06-06,136.8437042236328
2019-06-07,137.81198120117188
2019-06-10,138.62503051757812
2019-06-11,138.21389770507812
2019-06-12,138.36923217773438
2019-06-13,139.83082580566406
2019-06-14,138.606689453125
2019-06-17,139.5628662109375
2019-06-18,141.1855010986328
2019-06-19,141.689697265625
2019-06-20,142.35888671875
2019-06-21,141.1304931640625
2019-06-24,139.4162139892578
2019-06-25,138.56362915039062
2019-06-26,138.2427978515625
2019-06-27,140.83714294433594
2019-06-28,142.55137634277344
2019-07-01,143.10147094726562
2019-07-02,142.23052978515625
2019-07-03,143.24810791015625
2019-07-05,143.6331329345703
2019-07-08,142.26719665527344
2019-07-09,142.4597625732422
2019-07-10,142.707275390625
2019-07-11,142.0105743408203
2019-07-12,143.11058044433594
2019-07-15,142.35888671875
2019-07-16,142.31309509277344
2019-07-17,141.2954864501953
2019-07-18,141.8272247314453
2019-07-19,141.01132202148438
2019-07-22,140.88296508789062
2019-07-23,141.81802368164062
2019-07-24,144.1648712158203
2019-07-25,142.4230499267578
2019-07-26,144.10987854003906
2019-07-29,143.14730834960938
2019-07-30,144.69651794433594
2019-07-31,143.52313232421875
2019-08-01,141.4421844482422
2019-08-02,139.8745574951172
2019-08-05,135.6759796142578
2019-08-06,136.92266845703125
2019-08-07,136.8860321044922
2019-08-08,139.83790588378906
2019-08-09,138.0777587890625
2019-08-12,136.29013061523438
2019-08-13,137.75694274902344
2019-08-14,133.9066619873047
2019-08-15,133.37493896484375
2019-08-16,136.2534942626953
2019-08-19,137.62863159179688
2019-08-20,136.73019409179688
2019-08-21,137.8577423095703
2019-08-22,137.5369110107422
2019-08-23,133.31993103027344
2019-08-26,134.7866668701172
2019-08-27,132.78822326660156
2019-08-28,134.33755493164062
2019-08-29,136.69351196289062
2019-08-30,136.4459686279297
2019-09-03,134.447509765625
2019-09-04,135.5292510986328
2019-09-05,138.05029296875
2019-09-06,137.41773986816406
2019-09-09,139.26036071777344
2019-09-10,141.03880310058594
2019-09-11,143.92649841308594
2019-09-12,143.963134765625
2019-09-13,144.21067810058594
2019-09-16,144.7515411376953
2019-09-17,144.3756866455078
2019-09-18,143.48646545410156
2019-09-19,142.78977966308594
2019-09-20,142.4872589111328
2019-09-23,142.37722778320312
2019-09-24,140.2282257080078
2019-09-25,141.76455688476562
2019-09-26,140.18223571777344
2019-09-27,139.0598602294922
2019-09-30,139.22547912597656
2019-10-01,136.49325561523438
2019-10-02,135.46287536621094
2019-10-03,135.9136505126953
2019-10-04,137.2015380859375
2019-10-07,136.96241760253906
2019-10-08,134.73609924316406
2019-10-09,135.3525390625
2019-10-10,135.89523315429688
2019-10-11,138.19512939453125
2019-10-14,137.6891326904297
2019-10-15,139.27146911621094
2019-10-16,139.41867065429688
2019-10-17,141.0653839111328
2019-10-18,140.3938446044922
2019-10-21,141.70932006835938
2019-10-22,141.86573791503906
2019-10-23,142.04052734375
2019-10-24,141.83819580078125
2019-10-25,142.59246826171875
2019-10-28,143.82521057128906
2019-10-29,144.29441833496094
2019-10-30,143.81602478027344
2019-10-31,143.0064697265625
2019-11-01,145.44436645507812
2019-11-04,146.22633361816406
2019-11-05,146.41030883789062
2019-11-06,145.56396484375
2019-11-07,145.9503173828125
2019-11-08,146.34591674804688
2019-11-11,146.06993103027344
2019-11-12,146.11590576171875
2019-11-13,145.49032592773438
2019-11-14,145.44436645507812
2019-11-15,146.1986846923828
2019-11-18,145.8307342529297
2019-11-19,146.37347412109375
2019-11-20,145.821533203125
2019-11-21,145.1039581298828
2019-11-22,145.55474853515625
2019-11-25,148.64576721191406
2019-11-26,148.7469940185547
2019-11-27,149.7957305908203
2019-11-29,148.82058715820312
2019-12-02,147.3670654296875
2019-12-03,146.8979034423828
2019-12-04,147.9098663330078
2019-12-05,148.05699157714844
2019-12-06,149.78652954101562
2019-12-09,149.50132751464844
2019-12-10,149.5933074951172
2019-12-11,149.54734802246094
2019-12-12,150.8352508544922
2019-12-13,150.25570678710938
2019-12-16,151.31475830078125
2019-12-17,152.07188415527344
2019-12-18,152.36732482910156
2019-12-19,153.02291870117188
2019-12-20,153.2445068359375
2019-12-23,153.5491943359375
2019-12-24,153.90005493164062
2019-12-26,153.90005493164062
2019-12-27,153.1429443359375
2019-12-30,152.7551727294922
2019-12-31,152.96749877929688
2020-01-02,153.06906127929688
2020-01-03,152.46893310546875
2020-01-06,152.67205810546875
2020-01-07,152.16424560546875
2020-01-08,152.6350860595703
2020-01-09,152.8197784423828
2020-01-10,152.24734497070312
2020-01-13,153.23529052734375
2020-01-14,153.79852294921875
2020-01-15,154.53717041015625
2020-01-16,156.5315704345703
2020-01-17,156.10678100585938
2020-01-21,154.81417846679688
2020-01-22,154.71261596679688
2020-01-23,154.61106872558594
2020-01-24,152.70895385742188
2020-01-27,150.97311401367188
2020-01-28,152.22886657714844
2020-01-29,151.36093139648438
2020-01-30,151.36093139648438
2020-01-31,148.22158813476562
2020-02-03,149.87442016601562
2020-02-04,152.13650512695312
2020-02-05,154.48175048828125
2020-02-06,154.13087463378906
2020-02-07,152.2380828857422
2020-02-10,153.09677124023438
2020-02-11,154.15859985351562
2020-02-12,155.2204132080078
2020-02-13,155.62669372558594
2020-02-14,155.0265655517578
2020-02-18,154.69412231445312
2020-02-19,155.4882049560547
2020-02-20,155.86676025390625
2020-02-21,154.287841796875
2020-02-24,149.64353942871094
2020-02-25,144.3251190185547
2020-02-26,142.65394592285156
2020-02-27,137.6310577392578
2020-02-28,135.1103515625
2020-03-02,139.4499969482422
2020-03-03,136.60617065429688
2020-03-04,140.49337768554688
2020-03-05,136.02444458007812
2020-03-06,133.328369140625
2020-03-09,120.36485290527344
2020-03-10,124.12279510498047
2020-03-11,116.22835540771484
2020-03-12,103.38487243652344
2020-03-13,110.30979919433594
2020-03-16,95.67509460449219
2020-03-17,100.0609130859375
2020-03-18,92.30496215820312
2020-03-19,95.90591430664062
2020-03-20,93.62531280517578
2020-03-23,92.24031066894531
2020-03-24,100.67951965332031
2020-03-25,101.93082427978516
2020-03-26,108.27081298828125
2020-03-27,104.33148956298828
2020-03-30,106.63020324707031
2020-03-31,106.09259033203125
2020-04-01,98.86280822753906
2020-04-02,99.79896545410156
2020-04-03,96.97196197509766
2020-04-06,104.39637756347656
2020-04-07,104.66516876220703
2020-04-08,109.43871307373047
2020-04-09,114.6756591796875
2020-04-13,111.57056427001953
2020-04-14,113.83219146728516
2020-04-15,109.18843078613281
2020-04-16,108.36351776123047
2020-04-17,113.13700103759766
2020-04-20,111.80229187011719
2020-04-21,109.1328353881836
2020-04-22,110.45828247070312
2020-04-23,111.54275512695312
2020-04-24,113.46145629882812
2020-04-27,117.95687103271484
2020-04-28,119.671630859375
2020-04-29,125.55741882324219
2020-04-30,120.7839126586914
2020-05-01,115.99185180664062
2020-05-04,116.49238586425781
2020-05-05,117.3914794921875
2020-05-06,116.52947235107422
2020-05-07,118.12372589111328
2020-05-08,122.68401336669922
2020-05-11,122.07227325439453
2020-05-12,117.68809509277344
2020-05-13,113.748779296875
2020-05-14,114.11954498291016
2020-05-15,115.93624114990234
2020-05-18,122.98066711425781
2020-05-19,120.55217742919922
2020-05-20,124.20419311523438
2020-05-21,124.42660522460938
2020-05-22,125.02910614013672
2020-05-26,128.63467407226562
2020-05-27,132.6296844482422
2020-05-28,129.48745727539062
2020-05-29,128.7459716796875
2020-06-01,129.97874450683594
2020-06-02,131.05389404296875
2020-06-03,134.21463012695312
2020-06-04,134.02001953125
2020-06-05,139.20135498046875
2020-06-08,141.8986358642578
2020-06-09,139.27552795410156
2020-06-10,135.4937744140625
2020-06-11,125.15886688232422
2020-06-12,128.16200256347656
2020-06-15,131.12510681152344
2020-06-16,134.2779083251953
2020-06-17,131.8505401611328
2020-06-18,131.8040008544922
2020-06-19,131.12510681152344
2020-06-22,132.43643188476562
2020-06-23,132.99447631835938
2020-06-24,128.67910766601562
2020-06-25,130.6228790283203
2020-06-26,127.10735321044922
2020-06-29,131.26458740234375
2020-06-30,133.16184997558594
2020-07-01,131.89698791503906
2020-07-02,132.43643188476562
2020-07-06,133.3943634033203
2020-07-07,131.03207397460938
2020-07-08,132.00863647460938
2020-07-09,129.33941650390625
2020-07-10,131.42274475097656
2020-07-13,129.75791931152344
2020-07-14,131.90631103515625
2020-07-15,136.74246215820312
2020-07-16,135.93336486816406
2020-07-17,136.33323669433594
2020-07-20,135.74737548828125
2020-07-21,137.67250061035156
2020-07-22,137.74691772460938
2020-07-23,137.8864288330078
2020-07-24,135.85899353027344
2020-07-27,137.27259826660156
2020-07-28,135.9054718017578
2020-07-29,138.90017700195312
2020-07-30,138.3514404296875
2020-07-31,137.0493927001953
2020-08-03,139.28146362304688
2020-08-04,140.2393798828125
2020-08-05,143.02947998046875
2020-08-06,142.97369384765625
2020-08-07,145.24295043945312
2020-08-10,146.74960327148438
2020-08-11,145.9032745361328
2020-08-12,146.49855041503906
2020-08-13,146.19163513183594
2020-08-14,146.09857177734375
2020-08-17,146.8518524169922
2020-08-18,145.44757080078125
2020-08-19,145.45687866210938
2020-08-20,144.86166381835938
2020-08-21,143.79212951660156
2020-08-24,145.29876708984375
2020-08-25,145.45687866210938
2020-08-26,144.54544067382812
2020-08-27,144.89886474609375
2020-08-28,146.1265106201172
2020-08-31,144.5546875
2020-09-01,146.21022033691406
2020-09-02,147.372802734375
2020-09-03,143.02015686035156
2020-09-04,142.10870361328125
2020-09-08,139.37442016601562
2020-09-09,141.48561096191406
2020-09-10,139.64419555664062
2020-09-11,138.71414184570312
2020-09-14,142.36915588378906
2020-09-15,142.63890075683594
2020-09-16,143.9874267578125
2020-09-17,142.9364776611328
2020-09-18,142.56446838378906
2020-09-21,137.57017517089844
2020-09-22,138.6304473876953
2020-09-23,134.5002899169922
2020-09-24,134.5002899169922
2020-09-25,136.68487548828125
2020-09-28,140.05506896972656
2020-09-29,139.42027282714844
2020-09-30,139.84031677246094
2020-10-01,142.07159423828125
2020-10-02,142.69708251953125
2020-10-05,146.63677978515625
2020-10-06,146.2167205810547
2020-10-07,149.4095458984375
2020-10-08,151.10862731933594
2020-10-09,151.89276123046875
2020-10-12,152.9104461669922
2020-10-13,151.89276123046875
2020-10-14,150.3897705078125
2020-10-15,151.93954467773438
2020-10-16,151.5660858154297
2020-10-19,149.75489807128906
2020-10-20,150.0816650390625
2020-10-21,148.79331970214844
2020-10-22,151.3607177734375
2020-10-23,152.23825073242188
2020-10-26,148.95204162597656
2020-10-27,147.67303466796875
2020-10-28,143.1265106201172
2020-10-29,144.83499145507812
2020-10-30,142.921142578125
2020-11-02,145.46983337402344
2020-11-03,149.5962371826172
2020-11-04,149.76426696777344
2020-11-05,153.95602416992188
2020-11-06,152.7516632080078
2020-11-09,158.287841796875
2020-11-10,161.2285614013672
2020-11-11,161.16322326660156
2020-11-12,158.6892547607422
2020-11-13,161.97544860839844
2020-11-16,165.8311004638672
2020-11-17,166.60598754882812
2020-11-18,164.2720489501953
2020-11-19,165.53236389160156
2020-11-20,165.70973205566406
2020-11-23,168.8092041015625
2020-11-24,171.9833984375
2020-11-25,171.3951873779297
2020-11-27,172.12339782714844
2020-11-30,168.99595642089844
2020-12-01,170.56431579589844
2020-12-02,170.74172973632812
2020-12-03,171.70330810546875
2020-12-04,175.6990203857422
2020-12-07,175.86708068847656
2020-12-08,178.12631225585938
2020-12-09,176.82864379882812
2020-12-10,178.53709411621094
2020-12-11,177.65951538085938
2020-12-14,177.867431640625
2020-12-15,182.31573486328125
2020-12-16,181.66021728515625
2020-12-17,183.82350158691406
2020-12-18,182.93382263183594
2020-12-21,182.84022521972656
2020-12-22,184.91920471191406
2020-12-23,186.4924774169922
2020-12-24,186.37071228027344
2020-12-28,185.677734375
2020-12-29,182.08160400390625
2020-12-30,183.9358673095703
2020-12-31,183.60809326171875
2021-01-04,181.21067810058594
2021-01-05,184.0108184814453
2021-01-06,191.5401611328125
2021-01-07,194.94898986816406
2021-01-08,194.527587890625
2021-01-11,194.35899353027344
2021-01-12,197.84271240234375
2021-01-13,196.42864990234375
2021-01-14,200.3525390625
2021-01-15,197.36512756347656
2021-01-19,199.8936309814453
2021-01-20,200.77392578125
2021-01-21,199.03207397460938
2021-01-22,201.34521484375
2021-01-25,201.1485137939453
2021-01-26,199.75318908691406
2021-01-27,196.09149169921875
2021-01-28,195.4640655517578
2021-01-29,192.5047607421875
2021-02-01,197.23403930664062
2021-02-02,200.04345703125
2021-02-03,200.64283752441406
2021-02-04,204.7353057861328
2021-02-05,207.57286071777344
2021-02-08,212.8734130859375
2021-02-09,213.87542724609375
2021-02-10,212.47073364257812
2021-02-11,212.2272186279297
2021-02-12,212.8265838623047
2021-02-16,211.4873504638672
2021-02-17,209.82977294921875
2021-02-18,206.5802001953125
2021-02-19,210.8880615234375
2021-02-22,209.52078247070312
2021-02-23,207.6758575439453
2021-02-24,212.58303833007812
2021-02-25,204.7259063720703
2021-02-26,204.44500732421875
2021-03-01,211.71212768554688
2021-03-02,207.63844299316406
2021-03-03,205.3908233642578
2021-03-04,199.65017700195312
2021-03-05,203.8831329345703
2021-03-08,204.84768676757812
2021-03-09,209.15553283691406
2021-03-10,212.7891387939453
2021-03-11,217.47157287597656
2021-03-12,218.7545623779297
2021-03-15,219.5318603515625
2021-03-16,215.8607635498047
2021-03-17,217.55587768554688
2021-03-18,210.9348602294922
2021-03-19,212.52691650390625
2021-03-22,210.92550659179688
2021-03-23,203.27439880371094
2021-03-24,198.57318115234375
2021-03-25,203.2813720703125
2021-03-26,206.9874267578125
2021-03-29,201.16090393066406
2021-03-30,204.54795837402344
2021-03-31,207.29710388183594
2021-04-01,209.92416381835938
2021-04-05,211.07821655273438
2021-04-06,210.4589385986328
2021-04-07,207.06246948242188
2021-04-08,208.8170166015625
2021-04-09,208.84518432617188
2021-04-12,208.02890014648438
2021-04-13,207.48468017578125
2021-04-14,209.53013610839844
2021-04-15,210.440185546875
2021-04-16,210.77793884277344
2021-04-19,208.0382843017578
2021-04-20,203.77862548828125
2021-04-21,208.76072692871094
2021-04-22,207.8975372314453
2021-04-23,211.81939697265625
2021-04-26,214.0243682861328
2021-04-27,214.34332275390625
2021-04-28,214.70924377441406
2021-04-29,213.91172790527344
2021-04-30,211.00314331054688
2021-05-03,212.0352325439453
2021-05-04,209.50193786621094
2021-05-05,208.66688537597656
2021-05-06,208.84518432617188
2021-05-07,211.47227478027344
2021-05-10,206.0961151123047
2021-05-11,205.43931579589844
2021-05-12,198.76834106445312
2021-05-13,202.4275360107422
2021-05-14,207.3721466064453
2021-05-17,207.65359497070312
2021-05-18,206.0773162841797
2021-05-19,204.49169921875
2021-05-20,205.85214233398438
2021-05-21,206.38694763183594
2021-05-24,207.72862243652344
2021-05-25,205.7207794189453
2021-05-26,209.55824279785156
2021-05-27,211.71620178222656
2021-05-28,211.57546997070312
2021-06-01,213.97740173339844
2021-06-02,214.23069763183594
2021-06-03,212.43865966796875
2021-06-04,213.358154296875
2021-06-07,216.21978759765625
2021-06-08,218.5091552734375
2021-06-09,217.0548553466797
2021-06-10,215.4452362060547
2021-06-11,217.71922302246094
2021-06-14,217.08021545410156
2021-06-15,216.4600830078125
2021-06-16,215.99960327148438
2021-06-17,213.57528686523438
2021-06-18,208.7266387939453
2021-06-21,213.19003295898438
2021-06-22,214.1578826904297
2021-06-23,214.8626251220703
2021-06-24,217.89773559570312
2021-06-25,218.2642364501953
2021-06-28,216.5352325439453
2021-06-29,215.50164794921875
2021-06-30,215.52980041503906
2021-07-01,217.4279022216797
2021-07-02,215.3606414794922
2021-07-06,212.23155212402344
2021-07-07,210.25830078125
2021-07-08,208.3225860595703
2021-07-09,212.72023010253906
2021-07-12,212.8987274169922
2021-07-13,208.88641357421875
2021-07-14,205.6633758544922
2021-07-15,204.4982147216797
2021-07-16,201.97988891601562
2021-07-19,198.95419311523438
2021-07-20,205.12777709960938
2021-07-21,208.66091918945312
2021-07-22,205.34384155273438
2021-07-23,206.30233764648438
2021-07-26,206.90370178222656
2021-07-27,204.48876953125
2021-07-28,207.4956817626953
2021-07-29,209.09310913085938
2021-07-30,207.7118377685547
2021-08-02,206.67820739746094
2021-08-03,207.53326416015625
2021-08-04,204.94920349121094
2021-08-05,208.63270568847656
2021-08-06,209.91064453125
2021-08-09,208.75485229492188
2021-08-10,209.1682891845703
2021-08-11,210.19256591796875
2021-08-12,209.6945037841797
2021-08-13,207.78700256347656
2021-08-16,205.851318359375
2021-08-17,203.3424072265625
2021-08-18,201.56640625
2021-08-19,199.15151977539062
2021-08-20,202.5155487060547
2021-08-23,206.36810302734375
2021-08-24,208.3977813720703
2021-08-25,209.13070678710938
2021-08-26,206.9131317138672
2021-08-27,212.7484130859375
2021-08-30,211.87452697753906
2021-08-31,212.2879180908203
2021-09-01,213.7162322998047
2021-09-02,215.20091247558594
2021-09-03,214.2048797607422
2021-09-07,212.72964477539062
2021-09-08,210.4086151123047
2021-09-09,210.30528259277344
2021-09-10,208.24742126464844
2021-09-13,209.43141174316406
2021-09-14,206.76275634765625
2021-09-15,208.63270568847656
2021-09-16,208.78305053710938
2021-09-17,209.0555419921875
2021-09-20,204.08473205566406
2021-09-21,204.39483642578125
2021-09-22,207.5708465576172
2021-09-23,211.24493408203125
2021-09-24,210.22605895996094
2021-09-27,213.4212188720703
2021-09-28,208.56732177734375
2021-09-29,208.1243133544922
2021-09-30,206.17333984375
2021-10-01,209.50039672851562
2021-10-04,207.59645080566406
2021-10-05,208.31285095214844
2021-10-06,207.22894287109375
2021-10-07,210.4240264892578
2021-10-08,208.84063720703125
2021-10-11,207.64361572265625
2021-10-12,208.78404235839844
2021-10-13,209.77371215820312
2021-10-14,212.8839874267578
2021-10-15,212.2147979736328
2021-10-18,212.09226989746094
2021-10-19,212.8839874267578
2021-10-20,214.2977294921875
2021-10-21,214.84437561035156
2021-10-22,214.33543395996094
2021-10-25,216.37123107910156
2021-10-26,214.74069213867188
2021-10-27,210.79161071777344
2021-10-28,214.99522399902344
2021-10-29,214.93862915039062
2021-11-01,220.50888061523438
2021-11-02,220.97068786621094
2021-11-03,224.91973876953125
2021-11-04,224.83499145507812
2021-11-05,227.9075164794922
2021-11-08,228.61439514160156
2021-11-09,227.2854461669922
2021-11-10,223.7039337158203
2021-11-11,225.50411987304688
2021-11-12,225.7303466796875
2021-11-15,224.83499145507812
2021-11-16,225.24964904785156
2021-11-17,222.2996063232422
2021-11-18,221.3571014404297
2021-11-19,219.3401336669922
2021-11-22,218.4070281982422
2021-11-23,218.03005981445312
2021-11-24,218.26565551757812
2021-11-26,210.03759765625
2021-11-29,209.9056396484375
2021-11-30,205.6266632080078
2021-12-01,200.9989776611328
2021-12-02,206.6068878173828
2021-12-03,202.36561584472656
2021-12-06,206.42779541015625
2021-12-07,211.21571350097656
2021-12-08,212.65774536132812
2021-12-09,207.84156799316406
2021-12-10,207.26663208007812
2021-12-13,204.23768615722656
2021-12-14,202.4792938232422
2021-12-15,205.69351196289062
2021-12-16,201.5338897705078
2021-12-17,203.38682556152344
2021-12-20,200.5317840576172
2021-12-21,206.26075744628906
2021-12-22,208.2460479736328
2021-12-23,209.90989685058594
2021-12-27,211.8762664794922
2021-12-28,210.58108520507812
2021-12-29,210.80799865722656
2021-12-30,210.7512664794922
2021-12-31,210.29745483398438
2022-01-03,213.0106964111328
2022-01-04,212.6892547607422
2022-01-05,205.48556518554688
2022-01-06,206.6577911376953
2022-01-07,204.26605224609375
2022-01-10,203.5570068359375
2022-01-11,205.7218780517578
2022-01-12,204.1903839111328
2022-01-13,202.31854248046875
2022-01-14,202.60215759277344
2022-01-18,196.47613525390625
2022-01-19,193.28082275390625
2022-01-20,189.78298950195312
2022-01-21,186.22840881347656
2022-01-24,190.52037048339844
2022-01-25,187.97731018066406
2022-01-26,185.2641143798828
2022-01-27,181.05718994140625
2022-01-28,184.5834503173828
2022-01-31,190.2462158203125
2022-02-01,192.2503662109375
2022-02-02,190.3407440185547
2022-02-03,186.7388458251953
2022-02-04,187.54244995117188
2022-02-07,188.46893310546875
2022-02-08,191.68316650390625
2022-02-09,195.3228759765625
2022-02-10,192.32598876953125
2022-02-11,190.37855529785156
2022-02-14,189.716796875
2022-02-15,194.80288696289062
2022-02-16,195.20938110351562
2022-02-17,190.2083740234375
2022-02-18,188.5728759765625
2022-02-22,185.91635131835938
2022-02-23,182.43743896484375
2022-02-24,187.22100830078125
2022-02-25,191.43739318847656
2022-02-28,192.21258544921875
2022-03-01,188.59181213378906
2022-03-02,193.08230590820312
2022-03-03,190.79452514648438
2022-03-04,187.8071746826172
2022-03-07,183.13699340820312
2022-03-08,184.1485595703125
2022-03-09,189.338623046875
2022-03-10,188.998291015625
2022-03-11,185.98257446289062
2022-03-14,182.1821746826172
2022-03-15,185.08447265625
2022-03-16,190.90792846679688
2022-03-17,193.90476989746094
2022-03-18,195.94674682617188
2022-03-21,194.2167510986328
2022-03-22,196.1642608642578
2022-03-23,192.76087951660156
2022-03-24,194.97740173339844
2022-03-25,195.2426300048828
2022-03-28,195.30889892578125
2022-03-29,200.53762817382812
2022-03-30,196.51190185546875
2022-03-31,194.43746948242188
2022-04-01,196.61610412597656
2022-04-04,196.93817138671875
2022-04-05,192.2777862548828
2022-04-06,189.5498046875
2022-04-07,188.93409729003906
2022-04-08,187.42796325683594
2022-04-11,186.16815185546875
2022-04-12,186.7554473876953
2022-04-13,190.3075408935547
2022-04-14,188.4604949951172
2022-04-18,187.191162109375
2022-04-19,190.9232635498047
2022-04-20,191.65264892578125
2022-04-21,187.36167907714844
2022-04-22,182.51185607910156
2022-04-25,183.6201171875
2022-04-26,177.83258056640625
2022-04-27,177.09371948242188
2022-04-28,180.39955139160156
2022-04-29,175.18980407714844
2022-05-02,177.02740478515625
2022-05-03,178.54298400878906
2022-05-04,183.3075714111328
2022-05-05,175.87181091308594
2022-05-06,172.94488525390625
2022-05-09,165.67019653320312
2022-05-10,165.71751403808594
2022-05-11,161.59707641601562
2022-05-12,163.49159240722656
2022-05-13,168.6728973388672
2022-05-16,167.8677215576172
2022-05-17,173.00172424316406
2022-05-18,166.939453125
2022-05-19,167.21414184570312
2022-05-20,166.7878875732422
2022-05-23,168.80551147460938
2022-05-24,166.3048095703125
2022-05-25,169.2980499267578
2022-05-26,173.07748413085938
2022-05-27,177.7378387451172
2022-05-31,175.53077697753906
2022-06-01,174.5362091064453
2022-06-02,178.7987518310547
2022-06-03,177.18844604492188
2022-06-06,177.95567321777344
2022-06-07,180.82583618164062
2022-06-08,178.03147888183594
2022-06-09,174.34088134765625
2022-06-10,169.61123657226562
2022-06-13,161.64306640625
2022-06-14,160.86428833007812
2022-06-15,163.2195587158203
2022-06-16,155.6597900390625
2022-06-17,156.87542724609375
2022-06-21,159.68663024902344
2022-06-22,159.38272094726562
2022-06-23,161.29165649414062
2022-06-24,166.2872314453125
2022-06-27,166.90451049804688
2022-06-28,163.7704315185547
2022-06-29,162.10842895507812
2022-06-30,160.8452606201172
2022-07-01,162.79220581054688
2022-07-05,164.140869140625
2022-07-06,162.92518615722656
2022-07-07,166.7810821533203
2022-07-08,166.7620391845703
2022-07-11,163.40951538085938
2022-07-12,162.84921264648438
2022-07-13,162.7067413330078
2022-07-14,161.0352325439453
2022-07-15,164.3877410888672
2022-07-18,163.9224090576172
2022-07-19,169.70620727539062
2022-07-20,172.36541748046875
2022-07-21,173.24867248535156
2022-07-22,170.4849853515625
2022-07-25,171.36822509765625
2022-07-26,170.31405639648438
2022-07-27,174.18890380859375
2022-07-28,176.5821990966797
2022-07-29,177.8358612060547
2022-08-01,177.7693634033203
2022-08-02,177.59841918945312
2022-08-03,180.2101593017578
2022-08-04,179.83029174804688
2022-08-05,181.20736694335938
2022-08-08,183.12582397460938
2022-08-09,180.6280517578125
2022-08-10,185.7850341796875
2022-08-11,186.47833251953125
2022-08-12,190.28671264648438
2022-08-15,190.96102905273438
2022-08-16,190.88504028320312
2022-08-17,187.6750030517578
2022-08-18,188.91912841796875
2022-08-19,184.8638153076172
2022-08-22,181.05538940429688
2022-08-23,181.34983825683594
2022-08-24,182.73643493652344
2022-08-25,185.57606506347656
2022-08-26,179.47885131835938
2022-08-29,177.82635498046875
2022-08-30,175.3380584716797
2022-08-31,174.27439880371094
2022-09-01,172.3749542236328
2022-09-02,171.03585815429688
2022-09-06,169.34530639648438
2022-09-07,173.0302276611328
2022-09-08,174.4738311767578
2022-09-09,177.97830200195312
2022-09-12,180.13417053222656
2022-09-13,173.0872039794922
2022-09-14,173.76156616210938
2022-09-15,172.49842834472656
2022-09-16,169.9911346435547
2022-09-19,171.44422912597656
2022-09-20,169.10791015625
2022-09-21,166.5246124267578
2022-09-22,162.773193359375
2022-09-23,158.89834594726562
2022-09-26,156.7227325439453
2022-09-27,157.25729370117188
2022-09-28,162.2310028076172
2022-09-29,158.5937957763672
2022-09-30,157.43869018554688
2022-10-03,161.61048889160156
2022-10-04,168.01609802246094
2022-10-05,166.7750701904297
2022-10-06,165.83950805664062
2022-10-07,160.9613494873047
2022-10-10,160.06398010253906
2022-10-11,160.11167907714844
2022-10-12,159.67257690429688
2022-10-13,163.62474060058594
2022-10-14,159.24295043945312
2022-10-17,164.32164001464844
2022-10-18,166.2690887451172
2022-10-19,163.44337463378906
2022-10-20,161.36228942871094
2022-10-21,164.8657989501953
2022-10-24,165.5722198486328
2022-10-25,170.08767700195312
2022-10-26,170.927734375
2022-10-27,170.9658966064453
2022-10-28,174.85130310058594
2022-10-31,175.0135955810547
2022-11-01,175.25225830078125
2022-11-02,169.43850708007812
2022-11-03,168.30247497558594
2022-11-04,170.5745086669922
2022-11-07,171.34780883789062
2022-11-08,171.41458129882812
2022-11-09,166.70823669433594
2022-11-10,176.97056579589844
2022-11-11,178.42161560058594
2022-11-14,176.42640686035156
2022-11-15,179.04214477539062
2022-11-16,175.89186096191406
2022-11-17,174.25941467285156
2022-11-18,175.3858642578125
2022-11-21,174.46942138671875
2022-11-22,176.3309783935547
2022-11-23,176.78916931152344
2022-11-25,177.16151428222656
2022-11-28,173.59115600585938
2022-11-29,174.0970916748047
2022-11-30,178.87030029296875
2022-12-01,178.47891235351562
2022-12-02,179.5194854736328
2022-12-05,174.57443237304688
2022-12-06,171.90147399902344
2022-12-07,171.39549255371094
2022-12-08,172.63650512695312
2022-12-09,170.5172576904297
2022-12-12,172.52198791503906
2022-12-13,173.950927734375
2022-12-14,172.80966186523438
2022-12-15,168.48440551757812
2022-12-16,167.22804260253906
2022-12-19,164.96469116210938
2022-12-20,165.83746337890625
2022-12-21,168.69537353515625
2022-12-22,166.4896240234375
2022-12-23,167.2472381591797
2022-12-27,166.12515258789062
2022-12-28,163.54531860351562
2022-12-29,167.68841552734375
2022-12-30,167.21844482421875
2023-01-03,166.29776000976562
2023-01-04,168.3693084716797
2023-01-05,166.56629943847656
2023-01-06,170.3065643310547
2023-01-09,170.5942840576172
2023-01-10,173.11654663085938
2023-01-11,175.2744140625
2023-01-12,178.2187042236328
2023-01-13,179.38868713378906
2023-01-17,179.16815185546875
2023-01-18,176.27182006835938
2023-01-19,174.58389282226562
2023-01-20,177.46102905273438
2023-01-23,179.65725708007812
2023-01-24,179.27362060546875
2023-01-25,179.7723388671875
2023-01-26,180.83685302734375
2023-01-27,181.81507873535156
2023-01-30,179.28323364257812
2023-01-31,183.63726806640625
2023-02-01,186.5239715576172
2023-02-02,190.19712829589844
2023-02-03,188.9215545654297
2023-02-06,186.18832397460938
2023-02-07,187.56932067871094
2023-02-08,184.82647705078125
2023-02-09,182.1507568359375
2023-02-10,182.51515197753906
2023-02-13,184.7113800048828
2023-02-14,184.6250762939453
2023-02-15,186.49522399902344
2023-02-16,184.7113800048828
2023-02-17,185.21966552734375
2023-02-21,179.75311279296875
2023-02-22,180.24224853515625
2023-02-23,181.52735900878906
2023-02-24,179.82984924316406
2023-02-27,180.46282958984375
2023-02-28,180.47238159179688
2023-03-01,180.70262145996094
2023-03-02,181.13414001464844
2023-03-03,183.6564483642578
2023-03-06,180.97113037109375
2023-03-07,178.87081909179688
2023-03-08,178.95713806152344
2023-03-09,173.97972106933594
2023-03-10,168.9639129638672
2023-03-13,166.2114715576172
2023-03-14,169.29002380371094
2023-03-15,166.4991912841797
2023-03-16,168.77210998535156
2023-03-17,164.21664428710938
2023-03-20,166.34571838378906
2023-03-21,169.4146728515625
2023-03-22,164.60989379882812
2023-03-23,163.8792724609375
2023-03-24,165.36166381835938
2023-03-27,167.20016479492188
2023-03-28,166.9595184326172
2023-03-29,168.8557891845703
2023-03-30,168.62478637695312
2023-03-31,171.72427368164062
2023-04-03,171.80133056640625
2023-04-04,168.78843688964844
2023-04-05,167.13278198242188
2023-04-06,167.383056640625
2023-04-10,169.1734619140625
2023-04-11,170.51144409179688
2023-04-12,169.26007080078125
2023-04-13,171.50289916992188
2023-04-14,169.9049835205078
2023-04-17,172.090087890625
2023-04-18,171.35855102539062
2023-04-19,171.5799102783203
2023-04-20,170.69435119628906
2023-04-21,170.91571044921875
2023-04-24,170.8002471923828
2023-04-25,166.58412170410156
2023-04-26,164.9766082763672
2023-04-27,167.180908203125
2023-04-28,168.64402770996094
2023-05-01,168.74032592773438
2023-05-02,165.27499389648438
2023-05-03,165.88143920898438
2023-05-04,164.02366638183594
2023-05-05,167.922119140625
2023-05-08,167.5370635986328
2023-05-09,167.03652954101562
2023-05-10,167.88363647460938
2023-05-11,166.59375
2023-05-12,166.25685119628906
2023-05-15,168.2879180908203
2023-05-16,165.8333282470703
2023-05-17,169.52963256835938
2023-05-18,170.55960083007812
2023-05-19,169.52000427246094
2023-05-22,171.5895233154297
2023-05-23,170.7809600830078
2023-05-24,168.9713134765625
2023-05-25,167.65255737304688
2023-05-26,169.5584716796875
2023-05-30,168.93284606933594
2023-05-31,167.26756286621094
2023-06-01,169.0771942138672
2023-06-02,175.20883178710938
2023-06-05,172.86016845703125
2023-06-06,177.4131622314453
2023-06-07,180.73265075683594
2023-06-08,180.05694580078125
2023-06-09,178.59942626953125
2023-06-12,179.34271240234375
2023-06-13,181.39865112304688
2023-06-14,179.44886779785156
2023-06-15,180.92567443847656
2023-06-16,179.4778289794922
2023-06-20,178.69595336914062
2023-06-21,178.28091430664062
2023-06-22,176.95855712890625
2023-06-23,174.29444885253906
2023-06-26,174.46817016601562
2023-06-27,176.98748779296875
2023-06-28,177.85618591308594
2023-06-29,179.90252685546875
2023-06-30,180.7615966796875
2023-07-03,181.12835693359375
2023-07-05,179.3234100341797
2023-07-06,176.42764282226562
2023-07-07,178.29055786132812
2023-07-10,181.34071350097656
2023-07-11,183.20367431640625
2023-07-12,185.20175170898438
2023-07-13,186.69784545898438
2023-07-14,184.87353515625
2023-07-17,186.85227966308594
2023-07-18,189.15924072265625
2023-07-19,189.96038818359375
2023-07-20,188.30014038085938
2023-07-21,187.70172119140625
2023-07-24,188.16502380371094
2023-07-25,188.14572143554688
2023-07-26,189.6322021484375
2023-07-27,187.1804656982422
2023-07-28,189.6032257080078
2023-07-31,191.8040313720703
2023-08-01,190.92562866210938
2023-08-02,188.32913208007812
2023-08-03,187.79823303222656
2023-08-04,187.4217987060547
2023-08-07,187.54727172851562
2023-08-08,186.3696746826172
2023-08-09,184.91213989257812
2023-08-10,184.09169006347656
2023-08-11,184.35232543945312
2023-08-14,184.03378295898438
2023-08-15,181.60134887695312
2023-08-16,179.38128662109375
2023-08-17,177.26736450195312
2023-08-18,178.23263549804688
2023-08-21,177.9720458984375
2023-08-22,177.44117736816406
2023-08-23,179.3330078125
2023-08-24,176.85235595703125
2023-08-25,177.60525512695312
2023-08-28,179.188232421875
2023-08-29,181.688232421875
2023-08-30,182.37355041503906
2023-08-31,182.05503845214844
2023-09-01,184.21717834472656
2023-09-05,180.3369140625
2023-09-06,179.6612091064453
2023-09-07,177.92376708984375
2023-09-08,177.5280303955078
2023-09-11,177.95274353027344
2023-09-12,177.7789764404297
2023-09-13,176.61102294921875
2023-09-14,179.10137939453125
2023-09-15,177.22879028320312
2023-09-18,176.0511932373047
2023-09-19,175.36587524414062
2023-09-20,173.60911560058594
2023-09-21,170.9160919189453
2023-09-22,170.5299835205078
2023-09-25,171.29254150390625
2023-09-26,169.0901641845703
2023-09-27,170.67092895507812
2023-09-28,172.21282958984375
2023-09-29,171.39825439453125
2023-10-02,168.8089599609375
2023-10-03,165.9674835205078
2023-10-04,166.0450897216797
2023-10-05,166.17117309570312
2023-10-06,167.7712860107422
2023-10-09,168.7410430908203
2023-10-10,170.65150451660156
2023-10-11,170.36056518554688
2023-10-12,166.5105438232422
2023-10-13,165.12380981445312
2023-10-16,167.79066467285156
2023-10-17,169.662353515625
2023-10-18,166.17117309570312
2023-10-19,163.52366638183594
2023-10-20,161.4095458984375
2023-10-23,160.0421142578125
2023-10-24,161.4386444091797
2023-10-25,158.77175903320312
2023-10-26,159.17906188964844
2023-10-27,157.30738830566406
2023-10-30,158.18020629882812
2023-10-31,159.5475616455078
2023-11-01,160.45916748046875
2023-11-02,164.73583984375
2023-11-03,169.21624755859375
2023-11-06,167.1021270751953
2023-11-07,166.5105438232422
2023-11-08,164.73583984375
2023-11-09,162.18536376953125
2023-11-10,163.9988250732422
2023-11-13,164.0570068359375
2023-11-14,173.06625366210938
2023-11-15,173.3668975830078
2023-11-16,170.5642547607422
2023-11-17,172.9013671875
2023-11-20,173.9099578857422
2023-11-21,171.66978454589844
2023-11-22,172.74624633789062
2023-11-24,173.9099578857422
2023-11-27,173.3280792236328
2023-11-28,172.658935546875
2023-11-29,173.57052612304688
2023-11-30,174.22998046875
2023-12-01,179.32130432128906
2023-12-04,181.241455078125
2023-12-05,178.8170166015625
2023-12-06,178.4969940185547
2023-12-07,179.78680419921875
2023-12-08,181.15415954589844
2023-12-11,181.5323944091797
2023-12-12,181.34814453125
2023-12-13,187.48683166503906
2023-12-14,192.70423889160156
2023-12-15,191.08468627929688
2023-12-18,191.15257263183594
2023-12-19,194.8571319580078
2023-12-20,191.04556274414062
2023-12-21,194.2965087890625
2023-12-22,196.10687255859375
2023-12-26,198.65701293945312
2023-12-27,199.35781860351562
2023-12-28,198.5985870361328
2023-12-29,195.35739135742188
2024-01-02,194.19915771484375
2024-01-03,189.02101135253906
2024-01-04,188.65118408203125
2024-01-05,188.09634399414062
2024-01-08,191.4835662841797
2024-01-09,189.7704620361328
2024-01-10,189.87753295898438
2024-01-11,188.3883514404297
2024-01-12,188.07688903808594
2024-01-16,185.7506103515625
2024-01-17,184.42689514160156
2024-01-18,185.5170440673828
2024-01-19,187.2982177734375
2024-01-22,191.29859924316406
2024-01-23,190.7438201904297
2024-01-24,189.17674255371094
2024-01-25,190.7438201904297
2024-01-26,190.75355529785156
2024-01-29,194.09207153320312
2024-01-30,192.43739318847656
2024-01-31,187.73622131347656
2024-02-01,190.2279510498047
2024-02-02,189.22540283203125
2024-02-05,186.8212890625
2024-02-06,188.50514221191406
2024-02-07,188.06715393066406
2024-02-08,190.9189910888672
2024-02-09,194.02394104003906
2024-02-12,197.5474090576172
2024-02-13,189.4200897216797
2024-02-14,193.8195343017578
2024-02-15,198.98794555664062
2024-02-16,196.28208923339844
2024-02-20,193.57620239257812
2024-02-21,192.6613006591797
2024-02-22,194.12127685546875
2024-02-23,194.5592803955078
2024-02-26,195.78567504882812
2024-02-27,198.5596466064453
2024-02-28,196.9244842529297
2024-02-29,198.29685974121094
2024-03-01,200.3992462158203
2024-03-04,200.21432495117188
2024-03-05,198.29685974121094
2024-03-06,199.77633666992188
2024-03-07,201.4407501220703
2024-03-08,201.31419372558594
2024-03-11,199.7179412841797
2024-03-12,199.44540405273438
2024-03-13,200.22410583496094
2024-03-14,196.64222717285156
2024-03-15,197.01205444335938
2024-03-18,195.8830108642578
2024-03-19,196.71034240722656
2024-03-20,200.60366821289062
2024-03-21,202.90855407714844
2024-03-22,200.10797119140625
2024-03-25,200.56658935546875
2024-03-26,200.20553588867188
2024-03-27,204.56739807128906
2024-03-28,205.21142578125
2024-04-01,203.27932739257812
2024-04-02,199.54200744628906
2024-04-03,200.84954833984375
2024-04-04,198.8394317626953
2024-04-05,199.50296020507812
2024-04-08,200.5958709716797
2024-04-09,201.38626098632812
2024-04-10,196.06813049316406
2024-04-11,197.3952178955078
2024-04-12,193.88233947753906
2024-04-15,191.04273986816406
2024-04-16,190.3401641845703
2024-04-17,188.33001708984375
2024-04-18,188.1739044189453
2024-04-19,188.46661376953125
2024-04-22,190.57437133789062
2024-04-23,193.76524353027344
2024-04-24,192.8967742919922
2024-04-25,191.72581481933594
2024-04-26,193.56031799316406
2024-04-29,195.12161254882812
2024-04-30,191.1598358154297
2024-05-01,191.5599365234375
2024-05-02,195.0825653076172
2024-05-03,197.0146484375
2024-05-06,199.56149291992188
2024-05-07,200.01034545898438
2024-05-08,198.8491668701172
2024-05-09,200.87884521484375
2024-05-10,199.36636352539062
2024-05-13,199.78594970703125
2024-05-14,201.8546600341797
2024-05-15,204.37222290039062
2024-05-16,202.8987579345703
2024-05-17,203.0451202392578
2024-05-20,203.49398803710938
2024-05-21,203.29885864257812
2024-05-22,201.5814208984375
2024-05-23,198.2734832763672
2024-05-24,200.4690399169922
2024-05-28,200.19577026367188
2024-05-29,197.23912048339844
2024-05-30,199.1126251220703
2024-05-31,200.791015625
2024-06-03,199.65907287597656
2024-06-04,197.0830078125
2024-06-05,200.09820556640625
2024-06-06,198.6637725830078
2024-06-07,196.3316192626953
2024-06-10,197.00491333007812
2024-06-11,196.33168029785156
2024-06-12,199.34556579589844
2024-06-13,197.60377502441406
2024-06-14,194.46270751953125
2024-06-17,196.09683227539062
2024-06-18,196.4393310546875
2024-06-20,195.60755920410156
2024-06-21,196.04791259765625
2024-06-24,196.8992462158203
2024-06-25,196.25341796875
2024-06-26,195.7347869873047
2024-06-27,197.72119140625
2024-06-28,198.5333709716797
2024-07-01,196.869873046875
2024-07-02,197.54505920410156
2024-07-03,197.4961395263672
2024-07-05,196.55674743652344
2024-07-08,197.93646240234375
2024-07-09,197.07534790039062
2024-07-10,199.00306701660156
2024-07-11,206.1560821533203
2024-07-12,208.56329345703125
2024-07-15,212.52630615234375
2024-07-16,219.77719116210938
2024-07-17,217.47764587402344
2024-07-18,213.26998901367188
2024-07-19,212.18380737304688
2024-07-22,215.5597381591797
2024-07-23,217.84951782226562
2024-07-24,213.17214965820312
2024-07-25,215.833740234375
2024-07-26,219.40536499023438
2024-07-29,216.96881103515625
2024-07-30,217.79078674316406
2024-07-31,219.0531005859375
2024-08-01,211.92941284179688
2024-08-02,204.43386840820312
2024-08-05,197.8582000732422
2024-08-06,200.01092529296875
2024-08-07,197.6428985595703
2024-08-08,202.4474639892578
2024-08-09,202.0267333984375
2024-08-12,200.20664978027344
2024-08-13,203.5042724609375
2024-08-14,202.24197387695312
2024-08-15,207.48690795898438
2024-08-16,208.03489685058594
2024-08-19,210.5790252685547
2024-08-20,208.12294006347656
2024-08-21,210.83346557617188
2024-08-22,208.9742431640625
2024-08-23,215.6478271484375
2024-08-26,215.71630859375
2024-08-27,214.0430145263672
2024-08-28,212.5947723388672
2024-08-29,214.11151123046875
2024-08-30,215.354248046875
2024-09-03,208.76876831054688
2024-09-04,208.41650390625
2024-09-05,207.37925720214844
2024-09-06,203.435791015625
2024-09-09,204.0033416748047
2024-09-10,203.8369903564453
2024-09-11,204.43386840820312
2024-09-12,207.06613159179688
2024-09-13,212.17404174804688
2024-09-16,212.937255859375
2024-09-17,214.69863891601562
2024-09-18,214.73777770996094
2024-09-19,219.16073608398438
2024-09-20,216.81227111816406
2024-09-23,216.01963806152344
2024-09-24,216.38169860839844
2024-09-25,213.74246215820312
2024-09-26,214.8814239501953
2024-09-27,216.3345947265625
2024-09-30,216.88442993164062
2024-10-01,213.93882751464844
2024-10-02,213.64425659179688
2024-10-03,212.21075439453125
2024-10-04,215.1759796142578
2024-10-07,213.48715209960938
2024-10-08,213.6344757080078
2024-10-09,214.10572814941406
2024-10-10,212.91769409179688
2024-10-11,217.24771118164062
2024-10-14,218.84817504882812
2024-10-15,219.02488708496094
2024-10-16,222.62835693359375
2024-10-17,222.0195770263672
2024-10-18,221.55812072753906
2024-10-21,218.07249450683594
2024-10-22,217.24771118164062
2024-10-23,215.2643585205078
2024-10-24,215.73565673828125
2024-10-25,214.9207000732422
2024-10-28,218.4259490966797
2024-10-29,217.71902465820312
2024-10-30,217.42445373535156
2024-10-31,213.81118774414062
2024-11-01,215.00904846191406
2024-11-04,216.09893798828125
2024-11-05,220.16383361816406
2024-11-06,232.9182891845703
2024-11-07,232.09352111816406
2024-11-08,233.802001953125
2024-11-11,237.31707763671875
2024-11-12,233.1539764404297
2024-11-13,230.8465576171875
2024-11-14,227.7340545654297
2024-11-15,224.3367919921875
2024-11-18,224.77862548828125
2024-11-19,226.44781494140625
2024-11-20,226.74234008789062
2024-11-21,230.188720703125
2024-11-22,234.44020080566406
2024-11-25,238.00437927246094
2024-11-26,236.2566680908203
2024-11-27,236.58065795898438
2024-11-29,237.4839630126953
2024-12-02,237.36614990234375
2024-12-03,235.67733764648438
2024-12-04,236.52174377441406
2024-12-05,233.7626953125
2024-12-06,234.59727478027344
2024-12-09,233.41905212402344
2024-12-10,232.40773010253906
2024-12-11,233.45834350585938
2024-12-12,230.4243621826172
2024-12-13,228.8435516357422
2024-12-16,230.188720703125
2024-12-17,227.55345153808594
2024-12-18,217.4791259765625
2024-12-19,216.51405334472656
2024-12-20,218.54269409179688
2024-12-23,218.0404510498047
2024-12-24,219.99032592773438
2024-12-26,222.24546813964844
2024-12-27,219.0055389404297
2024-12-30,217.32156372070312
2024-12-31,217.59732055664062
2025-01-02,217.7745819091797
2025-01-03,221.01449584960938
2025-01-06,221.10311889648438
2025-01-07,219.3305206298828
2025-01-08,218.33590698242188
2025-01-10,213.5301513671875
2025-01-13,213.94375610351562
2025-01-14,216.37619018554688
2025-01-15,220.6304168701172
2025-01-16,221.07359313964844
2025-01-17,222.02880859375
2025-01-21,226.2929229736328
2025-01-22,224.8157501220703
2025-01-23,225.8399200439453
2025-01-24,225.2096710205078
2025-01-27,223.05300903320312
2025-01-28,223.29917907714844
2025-01-29,222.78707885742188
2025-01-30,225.05209350585938
2025-01-31,223.03329467773438
2025-02-03,220.4236297607422
2025-02-04,223.4764404296875
2025-02-05,225.90884399414062
2025-02-06,225.17025756835938
2025-02-07,222.5606231689453
2025-02-10,223.56509399414062
2025-02-11,222.26515197753906
2025-02-12,220.21681213378906
2025-02-13,222.698486328125
2025-02-14,222.53106689453125
2025-02-18,223.752197265625
2025-02-19,222.9840545654297
2025-02-20,220.8470916748047
2025-02-21,214.4853973388672
2025-02-24,212.9392852783203
2025-02-25,212.1317901611328
2025-02-26,212.39764404296875
2025-02-27,209.15773010253906
2025-02-28,211.38331604003906
2025-03-03,205.60267639160156
2025-03-04,203.27859497070312
2025-03-05,205.29739379882812
2025-03-06,202.1559295654297
2025-03-07,202.81573486328125
2025-03-10,197.71456909179688
2025-03-11,197.69488525390625
2025-03-12,198.03955078125
2025-03-13,195.08522033691406
2025-03-14,199.8022918701172
2025-03-17,202.32334899902344
2025-03-18,200.56651306152344
2025-03-19,203.6853790283203
2025-03-20,202.39244079589844
2025-03-21,201.13894653320312
2025-03-24,206.14300537109375
2025-03-25,204.9980926513672
2025-03-26,202.91554260253906
2025-03-27,201.94827270507812
2025-03-28,197.84239196777344
2025-03-31,196.89491271972656
2025-04-01,196.9146270751953
2025-04-02,200.02365112304688
2025-04-03,187.18289184570312
2025-04-04,178.83294677734375
2025-04-07,177.21429443359375
2025-04-08,172.5458221435547
2025-04-09,187.2125244140625
2025-04-10,179.34619140625
2025-04-11,181.9617156982422
2025-04-14,184.10348510742188
2025-04-15,184.3304901123047
2025-04-16,182.56378173828125
2025-04-17,184.05413818359375
2025-04-21,180.36279296875
2025-04-22,185.03125
2025-04-23,187.7751007080078
2025-04-24,191.53553771972656
2025-04-25,191.59475708007812
2025-04-28,192.40408325195312
2025-04-29,193.5391082763672
2025-04-30,192.3251190185547
2025-05-01,193.51939392089844
2025-05-02,197.8719940185547
2025-05-05,196.35205078125
2025-05-06,194.21029663085938
2025-05-07,194.851806640625
2025-05-08,198.56289672851562
2025-05-09,198.19772338867188
2025-05-12,205.16587829589844
2025-05-13,205.91600036621094
2025-05-14,204.09005737304688
2025-05-15,205.4224853515625
2025-05-16,207.12013244628906
2025-05-19,206.25157165527344
2025-05-20,206.36013793945312
2025-05-21,200.56651306152344
2025-05-22,200.55662536621094
2025-05-23,199.92494201660156
2025-05-27,204.9980926513672
2025-05-28,202.83657836914062
2025-05-29,203.4386444091797
2025-05-30,202.40231323242188
2025-06-02,203.0339813232422
2025-06-03,206.310791015625
2025-06-04,205.7284698486328
2025-06-05,205.81727600097656
2025-06-06,209.14344787597656
2025-06-09,210.58447265625
2025-06-10,211.71949768066406
2025-06-11,210.8509521484375
2025-06-12,210.01202392578125
2025-06-13,206.172607421875
2025-06-16,208.60336303710938
2025-06-17,206.4062042236328
2025-06-18,207.494873046875
2025-06-20,207.05941772460938
2025-06-23,209.59307861328125
2025-06-24,212.26531982421875
2025-06-25,209.79103088378906
2025-06-26,213.19566345214844
2025-06-27,213.26495361328125
2025-06-30,213.57174682617188
2025-07-01,215.76893615722656
2025-07-02,218.75787353515625
2025-07-03,220.7868194580078
2025-07-07,217.4712677001953
2025-07-08,218.9756317138672
2025-07-09,221.35096740722656
2025-07-10,222.48915100097656
2025-07-11,219.42100524902344
2025-07-14,220.89569091796875
2025-07-15,216.57061767578125
2025-07-16,218.7480010986328
2025-07-17,221.61819458007812
2025-07-18,220.04452514648438
2025-07-21,219.15377807617188
2025-07-22,220.97488403320312
2025-07-23,224.3498077392578
2025-07-24,221.2519989013672
2025-07-25,222.07347106933594
2025-07-28,221.81613159179688
2025-07-29,220.4008331298828
2025-07-30,219.28245544433594
2025-07-31,217.13475036621094
2025-08-01,212.71070861816406
2025-08-04,217.4712677001953
2025-08-05,218.5797576904297
2025-08-06,218.292724609375
2025-08-07,217.5801239013672
2025-08-08,218.05519104003906
2025-08-11,218.00570678710938
2025-08-12,224.47848510742188
2025-08-13,228.84317016601562
2025-08-14,225.89378356933594
2025-08-15,224.79519653320312
2025-08-18,225.61666870117188
2025-08-19,223.8846435546875
2025-08-20,223.09288024902344
2025-08-21,223.64712524414062
2025-08-22,232.41603088378906
2025-08-25,229.971435546875
2025-08-26,231.8717041015625
2025-08-27,233.51461791992188
2025-08-28,233.79176330566406
2025-08-29,232.75254821777344
2025-09-02,231.49560546875
2025-09-03,231.26795959472656
2025-09-04,234.15794372558594
2025-09-05,235.32582092285156
2025-09-08,235.80088806152344
2025-09-09,234.415283203125
2025-09-10,233.99957275390625
2025-09-11,238.32467651367188
2025-09-12,235.88995361328125
2025-09-15,236.88958740234375
2025-09-16,236.49951171875
2025-09-17,237.10494995117188
2025-09-18,243.010498046875
2025-09-19,241.16436767578125
2025-09-22,242.56385803222656
2025-09-23,242.01795959472656
2025-09-24,239.79470825195312
2025-09-25,237.501953125
2025-09-26,239.53663635253906
2025-09-29,239.81454467773438
2025-09-30,240.1520233154297
2025-10-01,240.67803955078125
2025-10-02,242.19662475585938
2025-10-03,243.9930877685547
2025-10-06,244.96575927734375
2025-10-07,242.3355712890625
2025-10-08,244.87644958496094
2025-10-09,243.29832458496094
2025-10-10,236.01315307617188
2025-10-13,242.5836944580078
2025-10-14,246.04762268066406
2025-10-15,248.45947265625
2025-10-16,243.22885131835938
2025-10-17,241.5911865234375
2025-10-20,246.3056640625
2025-10-21,245.14443969726562
2025-10-22,241.52169799804688
2025-10-23,244.5786895751953
2025-10-24,247.56617736816406
2025-10-27,248.4296875
2025-10-28,247.09970092773438
2025-10-29,244.9955291748047
2025-10-30,243.02041625976562
2025-10-31,244.3900909423828
2025-11-03,243.60601806640625
2025-11-04,239.39768981933594
2025-11-05,242.8516845703125
2025-11-06,238.55404663085938
2025-11-07,239.80462646484375
2025-11-10,242.20652770996094
2025-11-11,242.4149932861328
2025-11-12,241.81944274902344
2025-11-13,235.0206298828125
2025-11-14,235.70547485351562
2025-11-17,231.020751953125
2025-11-18,231.72544860839844
2025-11-19,231.6857452392578
2025-11-20,227.3980255126953
2025-11-21,233.83953857421875
2025-11-24,238.10739135742188
2025-11-25,243.29832458496094
2025-11-26,245.4521026611328
2025-11-28,246.8912811279297
2025-12-01,243.78466796875
2025-12-02,243.33802795410156
2025-12-03,247.7646942138672
2025-12-04,249.93832397460938
2025-12-05,248.89617919921875
2025-12-08,248.99542236328125
2025-12-09,249.51153564453125
2025-12-10,252.90597534179688
2025-12-11,255.87364196777344
2025-12-12,251.95315551757812
2025-12-15,250.04750061035156
2025-12-16,248.8644256591797
2025-12-17,246.2154541015625
2025-12-18,247.6793670654297
2025-12-19,249.750732421875
2025-12-22,252.52919006347656
2025-12-23,251.035400390625
2025-12-24,251.6627960205078
2025-12-26,250.37814331054688
2025-12-29,248.8445281982422
2025-12-30,247.00218200683594
2025-12-31,245.1399383544922
2026-01-02,247.7490692138672
2026-01-05,251.68270874023438
2026-01-06,255.01881408691406
2026-01-07,254.4213104248047
2026-01-08,257.1997375488281
2026-01-09,259.1516418457031
2026-01-12,260.4163513183594
2026-01-13,260.2669982910156
2026-01-14,262.099365234375
2026-01-15,264.4097595214844
2026-01-16,264.6587219238281
2026-01-20,261.49188232421875
2026-01-21,266.6802978515625
2026-01-22,268.6720275878906
2026-01-23,263.712646484375
2026-01-26,262.8861083984375
2026-01-27,263.63299560546875
2026-01-28,262.2088928222656
2026-01-29,262.27862548828125
2026-01-30,258.57403564453125
2026-02-02,261.0935363769531
2026-02-03,261.6910705566406
2026-02-04,259.4404296875
2026-02-05,254.76986694335938
2026-02-06,263.9217834472656
2026-02-09,265.7740783691406
2026-02-10,265.0570373535156
2026-02-11,263.8520812988281
2026-02-12,258.4645080566406
2026-02-13,261.8703308105469
2026-02-17,261.95001220703125
2026-02-18,262.89605712890625
2026-02-19,263.5035095214844
2026-02-20,263.51348876953125
2026-02-23,259.4105224609375
2026-02-24,262.23876953125
2026-02-25,263.48358154296875
2026-02-26,264.88775634765625
2026-02-27,260.3267517089844
2026-03-02,262.716796875
2026-03-03,258.16571044921875
2026-03-04,260.67529296875
2026-03-05,255.69601440429688
2026-03-06,249.850341796875
2026-03-09,252.5690155029297
2026-03-10,252.31008911132812
2026-03-11,251.80223083496094
2026-03-12,246.384765625
2026-03-13,245.56814575195312
2026-03-16,247.8885040283203
2026-03-17,249.45677185058594
2026-03-18,245.43634033203125
2026-03-19,247.04251098632812
2026-03-20,241.64535522460938
2026-03-23,246.86293029785156
2026-03-24,248.18978881835938
2026-03-25,251.2225799560547
2026-03-26,246.85296630859375
2026-03-27,242.5232696533203
2026-03-30,239.04153442382812
2026-03-31,247.41163635253906
2026-04-01,248.96792602539062
2026-04-02,250.69381713867188
2026-04-06,251.76129150390625
2026-04-07,252.3099822998047
2026-04-08,259.85205078125
2026-04-09,261.3385009765625
2026-04-10,260.6800537109375
2026-04-13,264.4411315917969
2026-04-14,268.0824890136719
2026-04-15,268.75091552734375
2026-04-16,269.3095703125
2026-04-17,275.125732421875
2026-04-20,276.6920166015625
2026-04-21,273.8587646484375
2026-04-22,275.8240661621094
2026-04-23,274.8663330078125
2026-04-24,275.99365234375
2026-04-27,276.4825134277344
2026-04-28,273.2601623535156
2026-04-29,271.4344787597656
2026-04-30,277.310546875
2026-05-01,278.617431640625
2026-05-04,277.22076416015625
2026-05-05,281.8896484375
2026-05-06,286.11956787109375
2026-05-07,281.5903625488281
2026-05-08,283.495849609375
2026-05-11,284.6530456542969
2026-05-12,281.8996276855469
2026-05-13,281.9993896484375
2026-05-14,283.7751770019531
2026-05-15,276.94140625
2026-05-18,275.3152770996094
2026-05-19,272.3523254394531
2026-05-20,279.2060241699219
2026-05-21,281.8197937011719
2026-05-22,284.4435729980469
2026-05-26,289.82080078125
2026-05-27,289.6811218261719
2026-05-28,291.3371887207031
2026-05-29,289.740966796875
2026-06-01,288.29443359375
2026-06-02,290.9680480957031
2026-06-03,286.9875183105469
2026-06-04,291.3172302246094
2026-06-05,280.9817810058594
2026-06-08,283.4359436035156
2026-06-09,284.3437805175781
2026-06-10,281.3808288574219
2026-06-11,289.72100830078125
2026-06-12,292.2550048828125
2026-06-15,294.6400146484375
2026-06-16,292.0799865722656
2026-06-17,289.8800048828125
2026-06-18,295.5899963378906
2026-06-22,298.17999267578125
2026-06-23,295.32000732421875
2026-06-24,296.69000244140625
2026-06-25,298.9100036621094
2026-06-26,299.8299865722656
2026-06-29,298.9700012207031
2026-06-30,300.45001220703125
2026-07-01,299.32000732421875
2026-07-02,297.5799865722656
2026-07-06,298.8999938964844
2026-07-07,296.19000244140625
2026-07-08,293.4800109863281
2026-07-09,297.239990234375
2026-07-10,295.989990234375
2026-07-13,293.4800109863281
2026-07-14,294.510009765625
2026-07-15,295.7699890136719
2026-07-16,295.5899963378906
2026-07-17,294.0400085449219
2026-07-20,292.30999755859375
2026-07-21,296.5400085449219
2026-07-22,293.7900085449219
2026-07-23,292.0899963378906
2026-07-24,291.1700134277344
2026-07-27,292.9100036621094
2026-07-28,293.3699951171875
2026-07-29,288.57000732421875
2026-07-30,292.5899963378906
2026-07-31,291.20001220703125
2026-08-03,296.2200012207031
2026-08-04,301.7099914550781
2026-08-05,299.7699890136719
2026-08-06,298.25
2026-08-07,301.55999755859375
2026-08-10,299.9800109863281
2026-08-11,300.989990234375
2026-08-12,302.7099914550781
2026-08-13,303.5
2026-08-14,305.0899963378906
2026-08-17,304.05999755859375
2026-08-18,300.2300109863281
2026-08-19,301.7200012207031
2026-08-20,297.6700134277344
2026-08-21,299.9599914550781
2026-08-24,297.9700012207031
2026-08-25,299.2300109863281
2026-08-26,298.92999267578125
2026-08-27,299.80999755859375
2026-08-28,295.75
2026-08-31,293.92999267578125
2026-09-01,290.57000732421875
2026-09-02,294.010009765625
2026-09-03,295.19000244140625
2026-09-04,296.010009765625
2026-09-08,294.6700134277344
2026-09-09,290.6400146484375
2026-09-10,287.70001220703125
2026-09-11,288.8900146484375
