date,value
2010-01-04,56.746028900146484
2010-01-05,57.01707077026367
2010-01-06,56.84905242919922
2010-01-07,56.919471740722656
2010-01-08,57.044151306152344
2010-01-11,57.10371780395508
2010-01-12,57.212135314941406
2010-01-13,56.97365951538086
2010-01-14,57.17961883544922
2010-01-15,57.15793991088867
2010-01-19,57.206756591796875
2010-01-20,57.16879653930664
2010-01-21,57.32054138183594
2010-01-22,57.23386764526367
2010-01-25,57.228424072265625
2010-01-26,57.076656341552734
2010-01-27,56.870704650878906
2010-01-28,56.78937530517578
2010-01-29,57.152557373046875
2010-02-01,56.89781188964844
2010-02-02,57.07742691040039
2010-02-03,57.01753234863281
2010-02-04,57.012115478515625
2010-02-05,56.83792495727539
2010-02-08,56.89236068725586
2010-02-09,56.76171875
2010-02-10,56.3208122253418
2010-02-11,56.451454162597656
2010-02-12,56.51673889160156
2010-02-16,56.73994064331055
2010-02-17,56.549415588378906
2010-02-18,56.51132583618164
2010-02-19,56.71272659301758
2010-02-22,56.74538040161133
2010-02-23,56.88146209716797
2010-02-24,57.126434326171875
2010-02-25,57.06653594970703
2010-02-26,57.44208526611328
2010-03-01,57.51593017578125
2010-03-02,57.63616943359375
2010-03-03,57.756473541259766
2010-03-04,57.78376770019531
2010-03-05,57.712677001953125
2010-03-08,57.8056526184082
2010-03-09,57.75095748901367
2010-03-10,57.8056526184082
2010-03-11,57.78376770019531
2010-03-12,57.90400695800781
2010-03-15,57.893070220947266
2010-03-16,58.16095733642578
2010-03-17,58.37409591674805
2010-03-18,58.259361267089844
2010-03-19,58.21559524536133
2010-03-22,58.308502197265625
2010-03-23,58.2702522277832
2010-03-24,57.83843231201172
2010-03-25,57.63068771362305
2010-03-26,57.8056526184082
2010-03-29,57.756473541259766
2010-03-30,57.78922653198242
2010-03-31,57.816490173339844
2010-04-01,57.94229507446289
2010-04-05,57.40968704223633
2010-04-06,57.54700469970703
2010-04-07,57.83797836303711
2010-04-08,57.72815704345703
2010-04-09,57.766571044921875
2010-04-12,57.931312561035156
2010-04-13,58.139949798583984
2010-04-14,58.09052658081055
2010-04-15,58.189353942871094
2010-04-16,58.326602935791016
2010-04-19,58.178367614746094
2010-04-20,58.3046875
2010-04-21,58.50783920288086
2010-04-22,58.3760871887207
2010-04-23,58.3651008605957
2010-04-26,58.39252471923828
2010-04-27,58.43092727661133
2010-04-28,58.52978515625
2010-04-29,58.67804718017578
2010-04-30,58.91963195800781
2010-05-03,58.93728256225586
2010-05-04,59.0089225769043
2010-05-05,58.75534439086914
2010-05-06,57.78490447998047
2010-05-07,57.97233963012695
2010-05-10,58.336219787597656
2010-05-11,58.396915435791016
2010-05-12,58.37483215332031
2010-05-13,58.545780181884766
2010-05-14,58.52924728393555
2010-05-17,58.62849426269531
2010-05-18,58.815956115722656
2010-05-19,58.8490104675293
2010-05-20,58.716732025146484
2010-05-21,58.61748123168945
2010-05-24,58.77186584472656
2010-05-25,58.49062728881836
2010-05-26,58.52924728393555
2010-05-27,58.22599792480469
2010-05-28,58.148826599121094
2010-06-01,58.10060501098633
2010-06-02,58.305519104003906
2010-06-03,58.11723327636719
2010-06-04,58.471622467041016
2010-06-07,58.71523666381836
2010-06-08,58.71523666381836
2010-06-09,58.73737716674805
2010-06-10,58.493717193603516
2010-06-11,58.70967102050781
2010-06-14,58.59892654418945
2010-06-15,58.52695846557617
2010-06-16,58.5878791809082
2010-06-17,58.97549057006836
2010-06-18,58.96990966796875
2010-06-21,59.11943817138672
2010-06-22,59.407352447509766
2010-06-23,59.65653610229492
2010-06-24,59.41845703125
2010-06-25,59.51809310913086
2010-06-28,59.84475326538086
2010-06-29,59.81712341308594
2010-06-30,60.055198669433594
2010-07-01,60.12190628051758
2010-07-02,59.949581146240234
2010-07-06,60.19974136352539
2010-07-07,60.2386589050293
2010-07-08,60.08855056762695
2010-07-09,60.01626968383789
2010-07-12,60.08855056762695
2010-07-13,60.12190628051758
2010-07-14,60.38877868652344
2010-07-15,60.49440002441406
2010-07-16,60.600032806396484
2010-07-19,60.588958740234375
2010-07-20,60.6556396484375
2010-07-21,60.95027542114258
2010-07-22,60.87245178222656
2010-07-23,60.95027542114258
2010-07-26,61.005916595458984
2010-07-27,60.80019760131836
2010-07-28,61.017051696777344
2010-07-29,61.03925323486328
2010-07-30,61.322776794433594
2010-08-02,61.19274139404297
2010-08-03,61.34342956542969
2010-08-04,61.15371322631836
2010-08-05,61.26529312133789
2010-08-06,61.617000579833984
2010-08-09,61.817901611328125
2010-08-10,61.73977279663086
2010-08-11,61.734153747558594
2010-08-12,61.516475677490234
2010-08-13,61.756500244140625
2010-08-16,62.43745040893555
2010-08-17,62.3370361328125
2010-08-18,62.392818450927734
2010-08-19,62.45980453491211
2010-08-20,62.57145690917969
2010-08-23,62.705421447753906
2010-08-24,62.85053634643555
2010-08-25,62.96776580810547
2010-08-26,63.023536682128906
2010-08-27,62.454219818115234
2010-08-30,62.8616943359375
2010-08-31,63.073795318603516
2010-09-01,62.599796295166016
2010-09-02,62.521339416503906
2010-09-03,62.05076217651367
2010-09-07,62.510215759277344
2010-09-08,62.386905670166016
2010-09-09,62.06192398071289
2010-09-10,62.10676956176758
2010-09-13,62.19086456298828
2010-09-14,62.482120513916016
2010-09-15,62.38132095336914
2010-09-16,62.1851806640625
2010-09-17,62.386905670166016
2010-09-20,62.46528625488281
2010-09-21,62.941558837890625
2010-09-22,62.90237045288086
2010-09-23,62.9471549987793
2010-09-24,62.80706787109375
2010-09-27,63.13209533691406
2010-09-28,63.24414825439453
2010-09-29,63.182498931884766
2010-09-30,63.36173629760742
2010-10-01,63.05469512939453
2010-10-04,63.15591812133789
2010-10-05,63.285316467285156
2010-10-06,63.69584274291992
2010-10-07,63.67899703979492
2010-10-08,63.61713409423828
2010-10-11,63.67338180541992
2010-10-12,63.57777786254883
2010-10-13,63.54403305053711
2010-10-14,63.032203674316406
2010-10-15,62.632835388183594
2010-10-18,63.0659294128418
2010-10-19,63.071563720703125
2010-10-20,63.184059143066406
2010-10-21,63.015323638916016
2010-10-22,63.09410095214844
2010-10-25,63.31904983520508
2010-10-26,62.981544494628906
2010-10-27,62.81848907470703
2010-10-28,63.071563720703125
2010-10-29,63.195316314697266
2010-11-01,63.17381286621094
2010-11-02,63.467430114746094
2010-11-03,63.258541107177734
2010-11-04,63.85701370239258
2010-11-05,63.65378952026367
2010-11-08,63.68767547607422
2010-11-09,63.2133674621582
2010-11-10,63.077850341796875
2010-11-11,62.80115509033203
2010-11-12,62.3608283996582
2010-11-15,61.677616119384766
2010-11-16,62.00514602661133
2010-11-17,62.00514602661133
2010-11-18,62.0502815246582
2010-11-19,62.26481628417969
2010-11-22,62.609230041503906
2010-11-23,62.643104553222656
2010-11-24,62.12938690185547
2010-11-26,62.2083740234375
2010-11-29,62.27048110961914
2010-11-30,62.174495697021484
2010-12-01,62.03622055053711
2010-12-02,61.90015411376953
2010-12-03,61.7244758605957
2010-12-06,62.155189514160156
2010-12-07,61.577083587646484
2010-12-08,61.180362701416016
2010-12-09,61.32771301269531
2010-12-10,61.044288635253906
2010-12-13,61.27098846435547
2010-12-14,60.89694595336914
2010-12-15,60.51716232299805
2010-12-16,60.811893463134766
2010-12-17,61.367366790771484
2010-12-20,61.32771301269531
2010-12-21,61.45805740356445
2010-12-22,61.407039642333984
2010-12-23,61.435386657714844
2010-12-27,61.554386138916016
2010-12-28,61.06389236450195
2010-12-29,61.52482223510742
2010-12-30,61.553306579589844
2010-12-31,61.70694351196289
2011-01-03,61.945926666259766
2011-01-04,62.025535583496094
2011-01-05,61.570335388183594
2011-01-06,61.66140365600586
2011-01-07,61.974327087402344
2011-01-10,62.082523345947266
2011-01-11,62.05403518676758
2011-01-12,62.01420593261719
2011-01-13,62.28166198730469
2011-01-14,61.98576736450195
2011-01-18,61.9516487121582
2011-01-19,61.90607833862305
2011-01-20,61.63865280151367
2011-01-21,61.72967529296875
2011-01-24,61.758094787597656
2011-01-25,62.06541442871094
2011-01-26,61.71830749511719
2011-01-27,61.82071304321289
2011-01-28,61.90034484863281
2011-01-31,61.72967529296875
2011-02-01,61.64797592163086
2011-02-02,61.528011322021484
2011-02-03,61.37950897216797
2011-02-04,61.19093322753906
2011-02-07,61.25951385498047
2011-02-08,61.03666687011719
2011-02-09,61.43090057373047
2011-02-10,61.128108978271484
2011-02-11,61.465152740478516
2011-02-14,61.50517272949219
2011-02-15,61.64231872558594
2011-02-16,61.56798553466797
2011-02-17,61.6822509765625
2011-02-18,61.77363586425781
2011-02-22,61.94504165649414
2011-02-23,61.870765686035156
2011-02-24,61.939327239990234
2011-02-25,62.2307243347168
2011-02-28,62.396400451660156
2011-03-01,62.39753341674805
2011-03-02,62.06484603881836
2011-03-03,61.80099105834961
2011-03-04,62.03619384765625
2011-03-07,61.88130569458008
2011-03-08,61.80099105834961
2011-03-09,62.12220001220703
2011-03-10,62.37458801269531
2011-03-11,62.317230224609375
2011-03-14,62.386070251464844
2011-03-15,62.38032531738281
2011-03-16,62.75312042236328
2011-03-17,62.712928771972656
2011-03-18,62.75312042236328
2011-03-21,62.552371978759766
2011-03-22,62.667118072509766
2011-03-23,62.6269416809082
2011-03-24,62.4204216003418
2011-03-25,62.328704833984375
2011-03-28,62.351600646972656
2011-03-29,62.04764175415039
2011-03-30,62.2598762512207
2011-03-31,62.05912399291992
2011-04-01,62.35223388671875
2011-04-04,62.496177673339844
2011-04-05,62.530704498291016
2011-04-06,62.32917404174805
2011-04-07,62.237037658691406
2011-04-08,62.20246887207031
2011-04-11,62.208251953125
2011-04-12,62.427120208740234
2011-04-13,62.53647994995117
2011-04-14,62.38098907470703
2011-04-15,62.70925521850586
2011-04-18,62.795650482177734
2011-04-19,62.92805099487305
2011-04-20,62.95683288574219
2011-04-21,63.01445007324219
2011-04-25,63.07781219482422
2011-04-26,63.37142562866211
2011-04-27,63.29084777832031
2011-04-28,63.492435455322266
2011-04-29,63.61332702636719
2011-05-02,63.76188659667969
2011-05-03,63.733009338378906
2011-05-04,63.825496673583984
2011-05-05,64.04513549804688
2011-05-06,64.04513549804688
2011-05-09,64.10868835449219
2011-05-10,63.848594665527344
2011-05-11,63.95268630981445
2011-05-12,63.802371978759766
2011-05-13,63.993125915527344
2011-05-16,64.1780776977539
2011-05-17,64.26480865478516
2011-05-18,64.10293579101562
2011-05-19,64.21280670166016
2011-05-20,64.16654968261719
2011-05-23,64.12605285644531
2011-05-24,64.2070083618164
2011-05-25,64.07984924316406
2011-05-26,64.35730743408203
2011-05-27,64.4266586303711
2011-05-31,64.42093658447266
2011-06-01,64.74297332763672
2011-06-02,64.1568603515625
2011-06-03,64.29608917236328
2011-06-06,64.1859130859375
2011-06-07,64.40640258789062
2011-06-08,64.44705200195312
2011-06-09,64.2729263305664
2011-06-10,64.197509765625
2011-06-13,64.26713562011719
2011-06-14,64.07559204101562
2011-06-15,64.42958068847656
2011-06-16,64.3077392578125
2011-06-17,64.33092498779297
2011-06-20,64.3425521850586
2011-06-21,64.32512664794922
2011-06-22,64.41217803955078
2011-06-23,64.58045196533203
2011-06-24,64.6153335571289
2011-06-27,64.40640258789062
2011-06-28,63.95955276489258
2011-06-29,63.814449310302734
2011-06-30,63.907291412353516
2011-07-01,63.91086959838867
2011-07-05,64.1380386352539
2011-07-06,64.27200317382812
2011-07-07,64.28946685791016
2011-07-08,64.7031021118164
2011-07-11,64.91864013671875
2011-07-12,64.97106170654297
2011-07-13,65.13420867919922
2011-07-14,64.73226165771484
2011-07-15,64.87787628173828
2011-07-18,64.62738800048828
2011-07-19,64.94196319580078
2011-07-20,64.79044342041016
2011-07-21,64.69145202636719
2011-07-22,64.95358276367188
2011-07-25,64.64484405517578
2011-07-26,64.93024444580078
2011-07-27,64.7380142211914
2011-07-28,64.87787628173828
2011-07-29,65.46040344238281
2011-08-01,65.65392303466797
2011-08-02,66.20361328125
2011-08-03,66.18018341064453
2011-08-04,66.65968322753906
2011-08-05,65.83523559570312
2011-08-08,65.20952606201172
2011-08-09,65.79426574707031
2011-08-10,66.38485717773438
2011-08-11,65.02239990234375
2011-08-12,65.76504516601562
2011-08-15,65.88782501220703
2011-08-16,66.12757873535156
2011-08-17,66.308837890625
2011-08-18,66.39656829833984
2011-08-19,66.31470489501953
2011-08-22,66.069091796875
2011-08-23,65.31480407714844
2011-08-24,64.5429458618164
2011-08-25,64.89965057373047
2011-08-26,64.92891693115234
2011-08-29,65.13936614990234
2011-08-30,65.48435974121094
2011-08-31,65.68318939208984
2011-09-01,65.73193359375
2011-09-02,66.1368408203125
2011-09-06,66.52420043945312
2011-09-07,66.65328979492188
2011-09-08,66.59464263916016
2011-09-09,66.66509246826172
2011-09-12,66.26011657714844
2011-09-13,66.24833679199219
2011-09-14,66.2190170288086
2011-09-15,65.99011993408203
2011-09-16,65.99011993408203
2011-09-19,66.35397338867188
2011-09-20,66.3833236694336
2011-09-21,66.5359878540039
2011-09-22,66.66509246826172
2011-09-23,66.2542495727539
2011-09-26,66.13096618652344
2011-09-27,65.919677734375
2011-09-28,65.65558624267578
2011-09-29,65.5851821899414
2011-09-30,65.913818359375
2011-10-03,66.03634643554688
2011-10-04,65.45904541015625
2011-10-05,65.73002624511719
2011-10-06,65.46495819091797
2011-10-07,65.40603637695312
2011-10-10,65.52973937988281
2011-10-11,65.70648956298828
2011-10-12,65.80659484863281
2011-10-13,65.86553192138672
2011-10-14,65.82427978515625
2011-10-17,65.77713775634766
2011-10-18,66.00691223144531
2011-10-19,66.17776489257812
2011-10-20,66.32501983642578
2011-10-21,66.5429916381836
2011-10-24,66.8846206665039
2011-10-25,67.21450805664062
2011-10-26,67.16743469238281
2011-10-27,67.1556167602539
2011-10-28,67.41483306884766
2011-10-31,67.5679931640625
2011-11-01,67.90611267089844
2011-11-02,68.15440368652344
2011-11-03,68.18984985351562
2011-11-04,68.32587432861328
2011-11-07,68.05386352539062
2011-11-08,67.63420867919922
2011-11-09,67.45687103271484
2011-11-10,67.119873046875
2011-11-11,67.00164031982422
2011-11-14,66.9957046508789
2011-11-15,66.93071746826172
2011-11-16,66.71788024902344
2011-11-17,66.19178009033203
2011-11-18,66.29815673828125
2011-11-21,66.02626037597656
2011-11-22,65.85478973388672
2011-11-23,65.5178451538086
2011-11-25,65.25775909423828
2011-11-28,65.28730010986328
2011-11-29,65.13953399658203
2011-11-30,65.43510437011719
2011-12-01,65.5869369506836
2011-12-02,66.14459991455078
2011-12-05,66.63699340820312
2011-12-06,66.28102111816406
2011-12-07,66.69632720947266
2011-12-08,66.47089385986328
2011-12-09,66.21575164794922
2011-12-12,66.2216796875
2011-12-13,66.4471435546875
2011-12-14,66.55982971191406
2011-12-15,66.66659545898438
2011-12-16,67.04032897949219
2011-12-19,67.27764892578125
2011-12-20,67.23016357421875
2011-12-21,66.94548034667969
2011-12-22,67.29540252685547
2011-12-23,67.08780670166016
2011-12-27,67.34255981445312
2011-12-28,67.4675521850586
2011-12-29,67.43185424804688
2011-12-30,67.71758270263672
2012-01-03,67.66401672363281
2012-01-04,67.71758270263672
2012-01-05,67.42589569091797
2012-01-06,67.68782043457031
2012-01-09,67.58663177490234
2012-01-10,67.77713775634766
2012-01-11,67.76521301269531
2012-01-12,67.91999053955078
2012-01-13,68.16407012939453
2012-01-17,68.37242126464844
2012-01-18,68.2354736328125
2012-01-19,68.2176284790039
2012-01-20,68.04499816894531
2012-01-23,67.94380950927734
2012-01-24,68.18787384033203
2012-01-25,68.41999816894531
2012-01-26,68.95576477050781
2012-01-27,69.05697631835938
2012-01-30,68.96768951416016
2012-01-31,69.17005920410156
2012-02-01,69.4454116821289
2012-02-02,69.58882141113281
2012-02-03,69.48723602294922
2012-02-06,69.66636657714844
2012-02-07,69.5350112915039
2012-02-08,69.6066665649414
2012-02-09,69.38565063476562
2012-02-10,69.32002258300781
2012-02-13,69.55886840820312
2012-02-14,69.61260986328125
2012-02-15,69.51705169677734
2012-02-16,69.39761352539062
2012-02-17,69.29012298583984
2012-02-21,69.1766357421875
2012-02-22,69.6066665649414
2012-02-23,69.70223999023438
2012-02-24,69.75603485107422
2012-02-27,70.01282501220703
2012-02-28,70.23382568359375
2012-02-29,70.29951477050781
2012-03-01,70.13351440429688
2012-03-02,70.15750122070312
2012-03-05,70.0316162109375
2012-03-06,69.92371368408203
2012-03-07,69.89373779296875
2012-03-08,69.9057388305664
2012-03-09,69.86979675292969
2012-03-12,69.73193359375
2012-03-13,69.54013061523438
2012-03-14,68.71310424804688
2012-03-15,68.56321716308594
2012-03-16,68.66513061523438
2012-03-19,68.56922912597656
2012-03-20,68.52725219726562
2012-03-21,68.83895111083984
2012-03-22,68.72505187988281
2012-03-23,68.77896118164062
2012-03-26,68.9288101196289
2012-03-27,69.46224212646484
2012-03-28,69.33039855957031
2012-03-29,69.4682388305664
2012-03-30,69.30045318603516
2012-04-02,69.47903442382812
2012-04-03,68.81751251220703
2012-04-04,68.9498291015625
2012-04-05,69.06412506103516
2012-04-09,69.51506805419922
2012-04-10,69.47303771972656
2012-04-11,69.4008560180664
2012-04-12,69.43095397949219
2012-04-13,69.76168060302734
2012-04-16,69.76168060302734
2012-04-17,69.85189056396484
2012-04-18,69.8398666381836
2012-04-19,69.88800811767578
2012-04-20,69.86994934082031
2012-04-23,69.88199615478516
2012-04-24,69.75569152832031
2012-04-25,69.87598419189453
2012-04-26,69.99020385742188
2012-04-27,70.09244537353516
2012-04-30,70.05036163330078
2012-05-01,69.91704559326172
2012-05-02,70.14634704589844
2012-05-03,70.18855285644531
2012-05-04,70.26699829101562
2012-05-07,70.3876953125
2012-05-08,70.56263732910156
2012-05-09,70.44197845458984
2012-05-10,70.29718017578125
2012-05-11,70.50836181640625
2012-05-14,70.52645874023438
2012-05-15,70.43597412109375
2012-05-16,70.4721450805664
2012-05-17,69.94715881347656
2012-05-18,69.6756591796875
2012-05-21,69.75410461425781
2012-05-22,69.56704711914062
2012-05-23,69.73601531982422
2012-05-24,69.7480697631836
2012-05-25,69.92304229736328
2012-05-29,70.025634765625
2012-05-30,70.08597564697266
2012-05-31,70.58079528808594
2012-06-01,71.0142822265625
2012-06-04,70.47541046142578
2012-06-05,70.32405853271484
2012-06-06,70.11819458007812
2012-06-07,70.26349639892578
2012-06-08,70.52388763427734
2012-06-11,70.51172637939453
2012-06-12,70.3058853149414
2012-06-13,70.56016540527344
2012-06-14,70.47541046142578
2012-06-15,70.7659683227539
2012-06-18,70.73578643798828
2012-06-19,70.66917419433594
2012-06-20,70.69944763183594
2012-06-21,70.80841827392578
2012-06-22,70.75389862060547
2012-06-25,70.935546875
2012-06-26,71.00817108154297
2012-06-27,71.10511779785156
2012-06-28,71.21406555175781
2012-06-29,71.19586944580078
2012-07-02,71.57378387451172
2012-07-03,71.6344985961914
2012-07-05,71.81674194335938
2012-07-06,71.99897766113281
2012-07-09,72.0476303100586
2012-07-10,72.02931213378906
2012-07-11,72.15087127685547
2012-07-12,72.51537322998047
2012-07-13,72.53964233398438
2012-07-16,72.74015045166016
2012-07-17,72.74015045166016
2012-07-18,73.14105987548828
2012-07-19,73.26862335205078
2012-07-20,73.32330322265625
2012-07-23,73.08638000488281
2012-07-24,73.20183563232422
2012-07-25,73.34153747558594
2012-07-26,73.4569320678711
2012-07-27,73.11071014404297
2012-07-30,73.29901885986328
2012-07-31,73.67566680908203
2012-08-01,73.5933837890625
2012-08-02,73.64215087890625
2012-08-03,73.46540069580078
2012-08-06,73.56293487548828
2012-08-07,73.17898559570312
2012-08-08,72.9718017578125
2012-08-09,72.92303466796875
2012-08-10,73.13021850585938
2012-08-13,72.97785949707031
2012-08-14,72.64879608154297
2012-08-15,72.30745697021484
2012-08-16,72.09419250488281
2012-08-17,72.19170379638672
2012-08-20,72.39282989501953
2012-08-21,72.51472473144531
2012-08-22,72.92913055419922
2012-08-23,72.9839096069336
2012-08-24,73.06317138671875
2012-08-27,73.15462493896484
2012-08-28,73.2582015991211
2012-08-29,73.10586547851562
2012-08-30,73.13021850585938
2012-08-31,73.63605499267578
2012-09-04,73.46179962158203
2012-09-05,73.49236297607422
2012-09-06,73.16837310791016
2012-09-07,73.32117462158203
2012-09-10,73.3150634765625
2012-09-11,73.37622833251953
2012-09-12,73.2294921875
2012-09-13,73.62079620361328
2012-09-14,73.18053436279297
2012-09-17,73.43121337890625
2012-09-18,73.65744018554688
2012-09-19,73.77973937988281
2012-09-20,73.71855926513672
2012-09-21,73.85309600830078
2012-09-24,73.9631118774414
2012-09-25,74.10987854003906
2012-09-26,74.31773376464844
2012-09-27,74.28103637695312
2012-09-28,74.44609832763672
2012-10-01,74.64476776123047
2012-10-02,74.6693344116211
2012-10-03,74.71842956542969
2012-10-04,74.65708923339844
2012-10-05,74.5405502319336
2012-10-08,74.73681640625
2012-10-09,74.81653594970703
2012-10-10,74.95144653320312
2012-10-11,75.19681549072266
2012-10-12,75.28263854980469
2012-10-15,75.51570892333984
2012-10-16,75.46662139892578
2012-10-17,75.31947326660156
2012-10-18,75.17842102050781
2012-10-19,75.31332397460938
2012-10-22,75.13546752929688
2012-10-23,75.26425170898438
2012-10-24,75.06185150146484
2012-10-25,74.84720611572266
2012-10-26,75.2152099609375
2012-10-31,75.4482192993164
2012-11-01,75.11707305908203
2012-11-02,74.9698715209961
2012-11-05,75.00666046142578
2012-11-06,74.64476776123047
2012-11-07,74.79818725585938
2012-11-08,74.72454833984375
2012-11-09,74.5405502319336
2012-11-12,74.55284118652344
2012-11-13,74.58348846435547
2012-11-14,74.73681640625
2012-11-15,74.5896224975586
2012-11-16,74.61412048339844
2012-11-19,74.84720611572266
2012-11-20,74.61412048339844
2012-11-21,74.6693344116211
2012-11-23,74.69999694824219
2012-11-26,74.82270812988281
2012-11-27,74.86560821533203
2012-11-28,74.85332489013672
2012-11-29,74.90850830078125
2012-11-30,74.90242767333984
2012-12-03,74.98546600341797
2012-12-04,75.05314636230469
2012-12-05,75.2068862915039
2012-12-06,75.19461059570312
2012-12-07,75.01618957519531
2012-12-10,75.0838851928711
2012-12-11,74.80706024169922
2012-12-12,74.57943725585938
2012-12-13,74.46251678466797
2012-12-14,74.51793670654297
2012-12-17,74.27798461914062
2012-12-18,74.09342956542969
2012-12-19,74.38259887695312
2012-12-20,74.4564437866211
2012-12-21,74.58554077148438
2012-12-24,74.53636932373047
2012-12-26,74.64249420166016
2012-12-27,74.8831787109375
2012-12-28,75.04969024658203
2012-12-31,74.65482330322266
2013-01-02,74.82762908935547
2013-01-03,74.42035675048828
2013-01-04,74.3833236694336
2013-01-07,74.50676727294922
2013-01-08,74.57467651367188
2013-01-09,74.54994201660156
2013-01-10,74.58698272705078
2013-01-11,74.72269439697266
2013-01-14,74.57467651367188
2013-01-15,74.51287078857422
2013-01-16,74.51287078857422
2013-01-17,74.3833236694336
2013-01-18,74.4573745727539
2013-01-22,74.4573745727539
2013-01-23,74.54994201660156
2013-01-24,74.445068359375
2013-01-25,74.10568237304688
2013-01-28,74.04391479492188
2013-01-29,73.87735748291016
2013-01-30,73.6305160522461
2013-01-31,73.68608856201172
2013-02-01,73.49482727050781
2013-02-04,73.742431640625
2013-02-05,73.59386444091797
2013-02-06,73.78573608398438
2013-02-07,73.81051635742188
2013-02-08,73.97140502929688
2013-02-11,73.9343032836914
2013-02-12,73.85997009277344
2013-02-13,73.68672180175781
2013-02-14,73.89093780517578
2013-02-15,73.85997009277344
2013-02-19,73.84144592285156
2013-02-20,73.96527099609375
2013-02-21,74.08283233642578
2013-02-22,74.13233947753906
2013-02-25,74.57183837890625
2013-02-26,74.47895812988281
2013-02-27,74.45421600341797
2013-02-28,74.47895812988281
2013-03-01,74.64910125732422
2013-03-04,74.5932388305664
2013-03-05,74.46904754638672
2013-03-06,74.2517318725586
2013-03-07,74.00959014892578
2013-03-08,73.748779296875
2013-03-11,73.79844665527344
2013-03-12,73.94747924804688
2013-03-13,73.87924194335938
2013-03-14,73.91024780273438
2013-03-15,74.00959014892578
2013-03-18,74.18962860107422
2013-03-19,74.31383514404297
2013-03-20,74.0965347290039
2013-03-21,74.1710433959961
2013-03-22,74.17721557617188
2013-03-25,74.17721557617188
2013-03-26,74.2269058227539
2013-03-27,74.48768615722656
2013-03-28,74.4441909790039
2013-04-01,74.33711242675781
2013-04-02,74.33082580566406
2013-04-03,74.62979125976562
2013-04-04,75.02838897705078
2013-04-05,75.25879669189453
2013-04-08,75.32731628417969
2013-04-09,75.40208435058594
2013-04-10,75.20281982421875
2013-04-11,75.2525863647461
2013-04-12,75.62628173828125
2013-04-15,75.65119171142578
2013-04-16,75.51420593261719
2013-04-17,75.62002563476562
2013-04-18,75.68856048583984
2013-04-19,75.8006591796875
2013-04-22,75.82560729980469
2013-04-23,75.92523956298828
2013-04-24,75.95638275146484
2013-04-25,75.9127426147461
2013-04-26,76.18678283691406
2013-04-29,76.19300842285156
2013-04-30,76.06224060058594
2013-05-01,76.40080261230469
2013-05-02,76.40080261230469
2013-05-03,75.68247985839844
2013-05-06,75.66996002197266
2013-05-07,75.61376953125
2013-05-08,75.68247985839844
2013-05-09,75.52005004882812
2013-05-10,75.1264877319336
2013-05-13,74.93290710449219
2013-05-14,74.73297882080078
2013-05-15,74.99536895751953
2013-05-16,75.3388671875
2013-05-17,75.01406860351562
2013-05-20,74.9266586303711
2013-05-21,75.20771026611328
2013-05-22,74.6142807006836
2013-05-23,74.6892318725586
2013-05-24,74.63927459716797
2013-05-28,73.92098236083984
2013-05-29,73.88971710205078
2013-05-30,73.98342895507812
2013-05-31,73.61486053466797
2013-06-03,73.4212646484375
2013-06-04,73.13299560546875
2013-06-05,73.02648162841797
2013-06-06,73.33977508544922
2013-06-07,73.05157470703125
2013-06-10,72.82600402832031
2013-06-11,72.68818664550781
2013-06-12,72.43755340576172
2013-06-13,73.2145004272461
2013-06-14,73.16436004638672
2013-06-17,73.057861328125
2013-06-18,72.91372680664062
2013-06-19,71.8799057006836
2013-06-20,70.88993072509766
2013-06-21,70.3072280883789
2013-06-24,69.84980010986328
2013-06-25,70.08167266845703
2013-06-26,70.6142349243164
2013-06-27,71.25330352783203
2013-06-28,71.20948028564453
2013-07-01,71.39361572265625
2013-07-02,71.6198959350586
2013-07-03,71.41248321533203
2013-07-05,70.50732421875
2013-07-08,71.08567810058594
2013-07-09,71.14846801757812
2013-07-10,70.94109344482422
2013-07-11,71.7770767211914
2013-07-12,71.57593536376953
2013-07-15,72.03477478027344
2013-07-16,71.92789459228516
2013-07-17,72.19822692871094
2013-07-18,72.00965881347656
2013-07-19,72.40564727783203
2013-07-22,72.56908416748047
2013-07-23,72.45591735839844
2013-07-24,72.10392761230469
2013-07-25,72.01593017578125
2013-07-26,72.09135437011719
2013-07-29,71.971923828125
2013-07-30,71.99082946777344
2013-07-31,71.9970932006836
2013-08-01,71.42333984375
2013-08-02,71.77637481689453
2013-08-05,71.50530242919922
2013-08-06,71.54940795898438
2013-08-07,71.70704650878906
2013-08-08,71.85833740234375
2013-08-09,71.85833740234375
2013-08-12,71.820556640625
2013-08-13,71.3097915649414
2013-08-14,71.19003295898438
2013-08-15,70.68561553955078
2013-08-16,70.3325424194336
2013-08-19,69.94792938232422
2013-08-20,70.37670135498047
2013-08-21,69.95426177978516
2013-08-22,70.27582550048828
2013-08-23,70.74869537353516
2013-08-26,70.89372253417969
2013-08-27,71.19635009765625
2013-08-28,71.20892333984375
2013-08-29,71.27826690673828
2013-08-30,71.27826690673828
2013-09-03,70.99748992919922
2013-09-04,70.73809051513672
2013-09-05,70.15616607666016
2013-09-06,70.25740051269531
2013-09-09,70.44078826904297
2013-09-10,70.13084411621094
2013-09-11,70.45976257324219
2013-09-12,70.40918731689453
2013-09-13,70.45344543457031
2013-09-16,70.53571319580078
2013-09-17,70.7254409790039
2013-09-18,71.76286315917969
2013-09-19,71.3073959350586
2013-09-20,71.37066650390625
2013-09-23,71.79451751708984
2013-09-24,71.9779281616211
2013-09-25,72.19930267333984
2013-09-26,72.02220916748047
2013-09-27,71.9652099609375
2013-09-30,71.80712890625
2013-10-01,71.7347640991211
2013-10-02,71.9505386352539
2013-10-03,71.98863983154297
2013-10-04,71.91879272460938
2013-10-07,72.04570770263672
2013-10-08,72.03302764892578
2013-10-09,71.88070678710938
2013-10-10,71.98226165771484
2013-10-11,72.07745361328125
2013-10-14,71.85535430908203
2013-10-15,71.86803436279297
2013-10-16,72.40108489990234
2013-10-17,72.93415832519531
2013-10-18,73.029296875
2013-10-21,72.83897399902344
2013-10-22,73.283203125
2013-10-23,73.26414489746094
2013-10-24,73.18798065185547
2013-10-25,73.18163299560547
2013-10-28,73.25148010253906
2013-10-29,73.35297393798828
2013-10-30,73.20703887939453
2013-10-31,73.10550689697266
2013-11-01,72.90809631347656
2013-11-04,72.92723846435547
2013-11-05,72.61526489257812
2013-11-06,72.69798278808594
2013-11-07,72.84446716308594
2013-11-08,72.13136291503906
2013-11-11,72.0103530883789
2013-11-12,72.06135559082031
2013-11-13,72.22688293457031
2013-11-14,72.62159729003906
2013-11-15,72.62159729003906
2013-11-18,72.94630432128906
2013-11-19,72.69163513183594
2013-11-20,72.37968444824219
2013-11-21,72.51974487304688
2013-11-22,72.77438354492188
2013-11-25,72.90177917480469
2013-11-26,73.0481948852539
2013-11-27,73.06092071533203
2013-11-29,73.00362396240234
2013-12-02,72.65744018554688
2013-12-03,72.84265899658203
2013-12-04,72.60628509521484
2013-12-05,72.44661712646484
2013-12-06,72.59993743896484
2013-12-09,72.70849609375
2013-12-10,73.00235748291016
2013-12-11,72.79795837402344
2013-12-12,72.67658233642578
2013-12-13,72.87456512451172
2013-12-16,72.93208312988281
2013-12-17,73.14926147460938
2013-12-18,73.14926147460938
2013-12-19,73.04069519042969
2013-12-20,73.37921905517578
2013-12-23,73.26425170898438
2013-12-24,73.24506378173828
2013-12-26,73.1925048828125
2013-12-27,73.12846374511719
2013-12-30,73.3462905883789
2013-12-31,73.1605224609375
2014-01-02,73.30144500732422
2014-01-03,73.41033935546875
2014-01-06,73.57056427001953
2014-01-07,73.51288604736328
2014-01-08,73.19890594482422
2014-01-09,73.36553192138672
2014-01-10,73.76274108886719
2014-01-13,73.90369415283203
2014-01-14,73.68587493896484
2014-01-15,73.70511627197266
2014-01-16,73.87806701660156
2014-01-17,73.96133422851562
2014-01-21,73.85887145996094
2014-01-22,73.67948913574219
2014-01-23,73.96133422851562
2014-01-24,73.91014099121094
2014-01-27,73.7691879272461
2014-01-28,74.1279525756836
2014-01-29,74.27528381347656
2014-01-30,74.31372833251953
2014-01-31,74.53800964355469
2014-02-03,75.01866149902344
2014-02-04,74.6587905883789
2014-02-05,74.42102813720703
2014-02-06,74.3503646850586
2014-02-07,74.5816879272461
2014-02-10,74.61382293701172
2014-02-11,74.45964813232422
2014-02-12,74.23466491699219
2014-02-13,74.54313659667969
2014-02-14,74.68452453613281
2014-02-18,74.8387222290039
2014-02-19,74.7551498413086
2014-02-20,74.6587905883789
2014-02-21,74.73591613769531
2014-02-24,74.77442932128906
2014-02-25,75.06362915039062
2014-02-26,75.307861328125
2014-02-27,75.43637084960938
2014-02-28,75.39138793945312
2014-03-03,75.58856964111328
2014-03-04,75.1825180053711
2014-03-05,75.14385986328125
2014-03-06,74.91830444335938
2014-03-07,74.64759826660156
2014-03-10,74.53162384033203
2014-03-11,74.55736541748047
2014-03-12,74.82156372070312
2014-03-13,75.08587646484375
2014-03-14,75.00208282470703
2014-03-17,74.90542602539062
2014-03-18,75.13742065429688
2014-03-19,74.5960464477539
2014-03-20,74.69921112060547
2014-03-21,74.95697021484375
2014-03-24,75.0987548828125
2014-03-25,75.12455749511719
2014-03-26,75.41461181640625
2014-03-27,75.43394470214844
2014-03-28,75.37586212158203
2014-03-31,75.36946105957031
2014-04-01,75.18201446533203
2014-04-02,75.07860565185547
2014-04-03,75.22077941894531
2014-04-04,75.51810455322266
2014-04-07,75.6991195678711
2014-04-08,75.89949798583984
2014-04-09,75.964111328125
2014-04-10,76.06755065917969
2014-04-11,76.1192855834961
2014-04-14,76.17098999023438
2014-04-15,76.33258819580078
2014-04-16,76.36490631103516
2014-04-17,75.92536163330078
2014-04-21,76.02873992919922
2014-04-22,76.06755065917969
2014-04-23,76.23560333251953
2014-04-24,76.24852752685547
2014-04-25,76.23560333251953
2014-04-28,76.14513397216797
2014-04-29,76.15807342529297
2014-04-30,76.37134552001953
2014-05-01,76.69160461425781
2014-05-02,76.8536605834961
2014-05-05,76.65921783447266
2014-05-06,76.78887176513672
2014-05-07,76.80179595947266
2014-05-08,76.82127380371094
2014-05-09,76.73700714111328
2014-05-12,76.54249572753906
2014-05-13,76.8277587890625
2014-05-14,77.21023559570312
2014-05-15,77.34636688232422
2014-05-16,77.255615234375
2014-05-19,77.18429565429688
2014-05-20,77.18429565429688
2014-05-21,77.0416488647461
2014-05-22,77.01575469970703
2014-05-23,77.10006713867188
2014-05-27,77.3722915649414
2014-05-28,77.7418212890625
2014-05-29,77.51493072509766
2014-05-30,77.52790832519531
2014-06-02,77.09749603271484
2014-06-03,76.7464599609375
2014-06-04,76.70747375488281
2014-06-05,76.86997985839844
2014-06-06,77.03252410888672
2014-06-09,76.87647247314453
2014-06-10,76.73345184326172
2014-06-11,76.79198455810547
2014-06-12,77.03900909423828
2014-06-13,77.02600860595703
2014-06-16,77.01947784423828
2014-06-17,76.75945281982422
2014-06-18,77.20153045654297
2014-06-19,76.9284896850586
2014-06-20,77.07798767089844
2014-06-23,77.07149505615234
2014-06-24,77.39654541015625
2014-06-25,77.4745864868164
2014-06-26,77.61759185791016
2014-06-27,77.60462951660156
2014-06-30,77.53312683105469
2014-07-01,77.23322296142578
2014-07-02,76.95943450927734
2014-07-03,76.88116455078125
2014-07-07,77.01808166503906
2014-07-08,77.304931640625
2014-07-09,77.42879486083984
2014-07-10,77.37010955810547
2014-07-11,77.61135864257812
2014-07-14,77.44834899902344
2014-07-15,77.36363983154297
2014-07-16,77.54615020751953
2014-07-17,77.83952331542969
2014-07-18,77.73519134521484
2014-07-21,77.73519134521484
2014-07-22,77.7938461303711
2014-07-23,77.88520050048828
2014-07-24,77.5787353515625
2014-07-25,77.87864685058594
2014-07-28,77.7873306274414
2014-07-29,77.85910034179688
2014-07-30,77.5004653930664
2014-07-31,77.2853775024414
2014-08-01,77.68352508544922
2014-08-04,77.70313262939453
2014-08-05,77.78157043457031
2014-08-06,77.644287109375
2014-08-07,77.84701538085938
2014-08-08,77.82735443115234
2014-08-11,77.86006164550781
2014-08-12,77.82083892822266
2014-08-13,77.97773742675781
2014-08-14,78.06273651123047
2014-08-15,78.33734893798828
2014-08-18,78.16081237792969
2014-08-19,78.10855102539062
2014-08-20,77.93197631835938
2014-08-21,78.19999694824219
2014-08-22,78.298095703125
2014-08-25,78.42232513427734
2014-08-26,78.47457122802734
2014-08-27,78.60537719726562
2014-08-28,78.77538299560547
2014-08-29,78.83419799804688
2014-09-02,78.45919799804688
2014-09-03,78.5640869140625
2014-09-04,78.00677490234375
2014-09-05,78.01994323730469
2014-09-08,77.88878631591797
2014-09-09,77.67899322509766
2014-09-10,77.55442810058594
2014-09-11,77.49540710449219
2014-09-12,77.1217041015625
2014-09-15,77.14141845703125
2014-09-16,77.12822723388672
2014-09-17,76.9184799194336
2014-09-18,77.05613708496094
2014-09-19,77.35775756835938
2014-09-22,77.42984771728516
2014-09-23,77.55442810058594
2014-09-24,77.37085723876953
2014-09-25,77.60032653808594
2014-09-26,77.42984771728516
2014-09-29,77.39708709716797
2014-09-30,77.50850677490234
2014-10-01,77.97863006591797
2014-10-02,77.9720687866211
2014-10-03,78.19564056396484
2014-10-06,78.23506927490234
2014-10-07,78.51778411865234
2014-10-08,78.91885375976562
2014-10-09,78.59010314941406
2014-10-10,78.65584564208984
2014-10-13,78.85966491699219
2014-10-14,79.03717041015625
2014-10-15,79.09639739990234
2014-10-16,78.91885375976562
2014-10-17,78.88593292236328
2014-10-20,79.03058624267578
2014-10-21,78.98458099365234
2014-10-22,78.8531265258789
2014-10-23,78.70187377929688
2014-10-24,78.73479461669922
2014-10-27,78.83341217041016
2014-10-28,78.57035064697266
2014-10-29,78.42572784423828
2014-10-30,78.47830200195312
2014-10-31,78.46515655517578
2014-11-03,78.31025695800781
2014-11-04,78.42227935791016
2014-11-05,78.27722930908203
2014-11-06,78.03988647460938
2014-11-07,78.53441619873047
2014-11-10,78.1388168334961
2014-11-11,78.13218688964844
2014-11-12,78.12560272216797
2014-11-13,78.03988647460938
2014-11-14,78.1388168334961
2014-11-17,77.95421600341797
2014-11-18,78.0201416015625
2014-11-19,77.60472106933594
2014-11-20,77.90145874023438
2014-11-21,78.23771667480469
2014-11-24,78.36298370361328
2014-11-25,78.69926452636719
2014-11-26,78.96957397460938
2014-11-28,79.18055725097656
2014-12-01,78.9061508178711
2014-12-02,78.37724304199219
2014-12-03,78.45659637451172
2014-12-04,78.58222198486328
2014-12-05,78.25818634033203
2014-12-08,78.62847137451172
2014-12-09,78.69461059570312
2014-12-10,78.66814422607422
2014-12-11,78.58879852294922
2014-12-12,78.71443939208984
2014-12-15,78.89952850341797
2014-12-16,78.87310028076172
2014-12-17,78.89293670654297
2014-12-18,78.97230529785156
2014-12-19,78.93256378173828
2014-12-22,79.18387603759766
2014-12-23,78.58222198486328
2014-12-24,78.83549499511719
2014-12-26,78.89512634277344
2014-12-29,79.04762268066406
2014-12-30,79.1138916015625
2014-12-31,79.16691589355469
2015-01-02,79.44537353515625
2015-01-05,79.77024841308594
2015-01-06,80.09513092041016
2015-01-07,80.20115661621094
2015-01-08,79.94264221191406
2015-01-09,80.15479278564453
2015-01-12,80.3072738647461
2015-01-13,80.38015747070312
2015-01-14,80.51945495605469
2015-01-15,80.93708038330078
2015-01-16,80.48625946044922
2015-01-20,80.67192077636719
2015-01-21,80.6387710571289
2015-01-22,80.59896087646484
2015-01-23,81.0697021484375
2015-01-26,81.04981231689453
2015-01-27,81.10946655273438
2015-01-28,81.65972900390625
2015-01-29,81.46746826171875
2015-01-30,82.13714599609375
2015-02-02,82.21359252929688
2015-02-03,81.54879760742188
2015-02-04,81.66179656982422
2015-02-05,81.40253448486328
2015-02-06,80.55160522460938
2015-02-09,80.60476684570312
2015-02-10,80.38542938232422
2015-02-11,80.43860626220703
2015-02-12,80.64463806152344
2015-02-13,80.32557678222656
2015-02-17,79.95331573486328
2015-02-18,80.2391586303711
2015-02-19,80.22589111328125
2015-02-20,80.3455581665039
2015-02-23,80.61807250976562
2015-02-24,81.14324188232422
2015-02-25,81.21640014648438
2015-02-26,80.77762603759766
2015-02-27,80.9704360961914
2015-03-02,80.26851654052734
2015-03-03,80.22185516357422
2015-03-04,80.16854858398438
2015-03-05,80.27518463134766
2015-03-06,79.42200469970703
2015-03-09,79.7419204711914
2015-03-10,79.86859130859375
2015-03-11,80.27518463134766
2015-03-12,80.19523620605469
2015-03-13,79.96854400634766
2015-03-16,80.0485610961914
2015-03-17,80.18186950683594
2015-03-18,81.16838836669922
2015-03-19,80.75511169433594
2015-03-20,80.98174285888672
2015-03-23,81.16838836669922
2015-03-24,81.2883529663086
2015-03-25,81.02174377441406
2015-03-26,80.52181243896484
2015-03-27,80.84175872802734
2015-03-30,80.98174285888672
2015-03-31,81.12841033935547
2015-04-01,81.3616714477539
2015-04-02,81.22798919677734
2015-04-06,81.33497619628906
2015-04-07,81.62904357910156
2015-04-08,81.602294921875
2015-04-09,81.18787384033203
2015-04-10,81.30150604248047
2015-04-13,81.2747802734375
2015-04-14,81.46196746826172
2015-04-15,81.51536560058594
2015-04-16,81.46861267089844
2015-04-17,81.68915557861328
2015-04-20,81.49532318115234
2015-04-21,81.47522735595703
2015-04-22,80.94721221923828
2015-04-23,81.15446472167969
2015-04-24,81.30812072753906
2015-04-27,81.24800872802734
2015-04-28,80.76679992675781
2015-04-29,80.09843444824219
2015-04-30,80.16525268554688
2015-05-01,79.72290802001953
2015-05-04,79.46826934814453
2015-05-05,79.33419036865234
2015-05-06,78.99237060546875
2015-05-07,79.307373046875
2015-05-08,79.76311492919922
2015-05-11,78.95890808105469
2015-05-12,78.8448715209961
2015-05-13,78.77115631103516
2015-05-14,79.03926086425781
2015-05-15,79.58882904052734
2015-05-18,78.97894287109375
2015-05-19,78.55670928955078
2015-05-20,78.65058135986328
2015-05-21,79.0259017944336
2015-05-22,78.97227478027344
2015-05-26,79.32080841064453
2015-05-27,79.4012222290039
2015-05-28,79.23363494873047
2015-05-29,79.26715850830078
2015-06-01,78.82290649414062
2015-06-02,78.41966247558594
2015-06-03,77.91555786132812
2015-06-04,78.31884765625
2015-06-05,77.92229461669922
2015-06-08,77.8685302734375
2015-06-09,77.5190200805664
2015-06-10,77.31070709228516
2015-06-11,77.99620819091797
2015-06-12,77.86180114746094
2015-06-15,77.84835052490234
2015-06-16,78.04328155517578
2015-06-17,78.03655242919922
2015-06-18,77.89541625976562
2015-06-19,78.31209564208984
2015-06-22,77.69380187988281
2015-06-23,77.5190200805664
2015-06-24,77.73413848876953
2015-06-25,77.6064224243164
2015-06-26,77.25019073486328
2015-06-29,77.92229461669922
2015-06-30,77.77445983886719
2015-07-01,77.5250473022461
2015-07-02,77.82164001464844
2015-07-06,78.13164520263672
2015-07-07,78.45516967773438
2015-07-08,78.56301879882812
2015-07-09,78.04405212402344
2015-07-10,77.54530334472656
2015-07-13,77.37675476074219
2015-07-14,77.4441909790039
2015-07-15,77.64636993408203
2015-07-16,77.7677001953125
2015-07-17,77.82164001464844
2015-07-20,77.63965606689453
2015-07-21,77.8013916015625
2015-07-22,77.90250396728516
2015-07-23,78.13164520263672
2015-07-24,78.09797668457031
2015-07-27,78.10466766357422
2015-07-28,78.04405212402344
2015-07-29,77.97669219970703
2015-07-30,78.01710510253906
2015-07-31,78.42150115966797
2015-08-03,78.60401916503906
2015-08-04,78.2052001953125
2015-08-05,77.90105438232422
2015-08-06,78.04974365234375
2015-08-07,78.32010650634766
2015-08-10,78.00923156738281
2015-08-11,78.3336410522461
2015-08-12,78.21195983886719
2015-08-13,77.94157409667969
2015-08-14,78.01593780517578
2015-08-17,78.26603698730469
2015-08-18,77.96861267089844
2015-08-19,78.34715270996094
2015-08-20,78.39447021484375
2015-08-21,78.41474151611328
2015-08-24,78.198486328125
2015-08-25,77.79962921142578
2015-08-26,77.75232696533203
2015-08-27,77.8266830444336
2015-08-28,77.96861267089844
2015-08-31,77.77259826660156
2015-09-01,78.24375915527344
2015-09-02,78.12850189208984
2015-09-03,78.50133514404297
2015-09-04,78.67760467529297
2015-09-08,78.31153106689453
2015-09-09,78.48103332519531
2015-09-10,78.32508087158203
2015-09-11,78.37930297851562
2015-09-14,78.37254333496094
2015-09-15,77.78278350830078
2015-09-16,77.92512512207031
2015-09-17,78.56913757324219
2015-09-18,78.80641174316406
2015-09-21,78.40641784667969
2015-09-22,78.74536895751953
2015-09-23,78.69793701171875
2015-09-24,78.71147918701172
2015-09-25,78.47418975830078
2015-09-28,78.60979461669922
2015-09-29,78.71147918701172
2015-09-30,78.69793701171875
2015-10-01,78.68025970458984
2015-10-02,79.02702331542969
2015-10-05,78.81617736816406
2015-10-06,78.9725570678711
2015-10-07,79.2513427734375
2015-10-08,78.9386215209961
2015-10-09,78.9725570678711
2015-10-12,79.29210662841797
2015-10-13,79.23090362548828
2015-10-14,79.543701171875
2015-10-15,79.50968170166016
2015-10-16,79.536865234375
2015-10-19,79.53012084960938
2015-10-20,79.38053894042969
2015-10-21,79.77482604980469
2015-10-22,79.9448013305664
2015-10-23,79.65245056152344
2015-10-26,79.79523468017578
2015-10-27,79.81562042236328
2015-10-28,79.50289154052734
2015-10-29,78.94540405273438
2015-10-30,79.14936828613281
2015-11-02,78.80915069580078
2015-11-03,78.8159408569336
2015-11-04,78.727294921875
2015-11-05,78.74783325195312
2015-11-06,78.23641204833984
2015-11-09,78.10688781738281
2015-11-10,78.30464172363281
2015-11-11,78.29777526855469
2015-11-12,78.27053833007812
2015-11-13,78.50232696533203
2015-11-16,78.51598358154297
2015-11-17,78.59778594970703
2015-11-18,78.61827087402344
2015-11-19,78.85008239746094
2015-11-20,78.8364028930664
2015-11-23,78.86367797851562
2015-11-24,78.89093017578125
2015-11-25,78.9659194946289
2015-11-27,78.99322509765625
2015-11-30,79.02729797363281
2015-12-01,79.6214599609375
2015-12-02,79.4300537109375
2015-12-03,78.37712097167969
2015-12-04,78.80097198486328
2015-12-07,78.937744140625
2015-12-08,78.835205078125
2015-12-09,78.81465911865234
2015-12-10,78.63008117675781
2015-12-11,78.76681518554688
2015-12-14,78.1856689453125
2015-12-15,78.1925048828125
2015-12-16,78.17880249023438
2015-12-17,78.26770782470703
2015-12-18,78.26770782470703
2015-12-21,78.3224105834961
2015-12-22,78.21977996826172
2015-12-23,78.28823852539062
2015-12-24,78.54327392578125
2015-12-28,78.44725036621094
2015-12-29,78.04273223876953
2015-12-30,78.04273223876953
2015-12-31,78.17301940917969
2016-01-04,78.13187408447266
2016-01-05,78.17301940917969
2016-01-06,78.4815902709961
2016-01-07,78.54327392578125
2016-01-08,78.60494995117188
2016-01-11,78.35128784179688
2016-01-12,78.52957153320312
2016-01-13,78.76950073242188
2016-01-14,78.37873840332031
2016-01-15,78.26213073730469
2016-01-19,77.91244506835938
2016-01-20,78.02902221679688
2016-01-21,77.80277252197266
2016-01-22,77.85074615478516
2016-01-25,77.76847076416016
2016-01-26,77.9878921508789
2016-01-27,77.77528381347656
2016-01-28,77.8644790649414
2016-01-29,78.26900482177734
2016-02-01,78.0194091796875
2016-02-02,78.16381072998047
2016-02-03,77.97120666503906
2016-02-04,78.00557708740234
2016-02-05,77.99185180664062
2016-02-08,78.3976058959961
2016-02-09,78.12939453125
2016-02-10,78.22572326660156
2016-02-11,78.48702239990234
2016-02-12,78.046875
2016-02-16,77.67549896240234
2016-02-17,77.6548843383789
2016-02-18,78.28756713867188
2016-02-19,78.23257446289062
2016-02-22,78.39070892333984
2016-02-23,78.54893493652344
2016-02-24,78.62457275390625
2016-02-25,79.06464385986328
2016-02-26,79.03714752197266
2016-02-29,79.09217071533203
2016-03-01,78.6611557006836
2016-03-02,78.81977081298828
2016-03-03,79.19219207763672
2016-03-04,79.17838287353516
2016-03-07,79.2680435180664
2016-03-08,79.68875122070312
2016-03-09,79.59912872314453
2016-03-10,79.93016052246094
2016-03-11,80.15782165527344
2016-03-14,80.39226531982422
2016-03-15,80.36466979980469
2016-03-16,80.75091552734375
2016-03-17,80.999267578125
2016-03-18,81.18541717529297
2016-03-21,81.08888244628906
2016-03-22,80.93712615966797
2016-03-23,81.34408569335938
2016-03-24,81.3095932006836
2016-03-28,81.35784149169922
2016-03-29,81.72342681884766
2016-03-30,81.62689971923828
2016-03-31,81.95101928710938
2016-04-01,82.21524810791016
2016-04-04,82.2221450805664
2016-04-05,82.48493957519531
2016-04-06,82.41581726074219
2016-04-07,82.63714599609375
2016-04-08,82.45036315917969
2016-04-11,82.44345092773438
2016-04-12,82.11842346191406
2016-04-13,82.40201568603516
2016-04-14,82.34664916992188
2016-04-15,82.69245147705078
2016-04-18,82.78236389160156
2016-04-19,82.93452453613281
2016-04-20,82.70626068115234
2016-04-21,82.67172241210938
2016-04-22,82.76162719726562
2016-04-25,82.56798553466797
2016-04-26,82.53337097167969
2016-04-27,83.05905151367188
2016-04-28,83.13514709472656
2016-04-29,83.22500610351562
2016-05-02,83.11750793457031
2016-05-03,83.26319885253906
2016-05-04,83.12446594238281
2016-05-05,83.2908706665039
2016-05-06,83.1106185913086
2016-05-09,83.0273666381836
2016-05-10,83.16606903076172
2016-05-11,83.25621795654297
2016-05-12,83.08283233642578
2016-05-13,83.23542022705078
2016-05-16,82.95802307128906
2016-05-17,82.9302749633789
2016-05-18,82.22288513183594
2016-05-19,82.41707611083984
2016-05-20,82.47254180908203
2016-05-23,82.47254180908203
2016-05-24,82.33385467529297
2016-05-25,82.47949981689453
2016-05-26,82.7153091430664
2016-05-27,82.65290069580078
2016-05-31,82.79851531982422
2016-06-01,82.85690307617188
2016-06-02,83.02387237548828
2016-06-03,83.69145965576172
2016-06-06,83.48979949951172
2016-06-07,83.61498260498047
2016-06-08,83.89318084716797
2016-06-09,84.01140594482422
2016-06-10,84.1087875366211
2016-06-13,83.98357391357422
2016-06-14,83.79579162597656
2016-06-15,84.1087875366211
2016-06-16,84.23396301269531
2016-06-17,83.98357391357422
2016-06-20,83.87928009033203
2016-06-21,83.80278015136719
2016-06-22,83.95579528808594
2016-06-23,83.87226104736328
2016-06-24,84.2686996459961
2016-06-27,84.6233901977539
2016-06-28,85.0893783569336
2016-06-29,85.0615463256836
2016-06-30,85.36060333251953
2016-07-01,85.80756378173828
2016-07-05,86.1004638671875
2016-07-06,86.25386810302734
2016-07-07,86.26781463623047
2016-07-08,86.7490005493164
2016-07-11,86.52586364746094
2016-07-12,86.03766632080078
2016-07-13,86.37239074707031
2016-07-14,86.16322326660156
2016-07-15,85.8354721069336
2016-07-18,85.8354721069336
2016-07-19,85.98888397216797
2016-07-20,85.9609603881836
2016-07-21,86.05864715576172
2016-07-22,86.00982666015625
2016-07-25,85.9609603881836
2016-07-26,85.87733459472656
2016-07-27,86.23297882080078
2016-07-28,86.14925384521484
2016-07-29,86.46308898925781
2016-08-01,85.97577667236328
2016-08-02,85.49334716796875
2016-08-03,85.605224609375
2016-08-04,85.96881866455078
2016-08-05,85.61919403076172
2016-08-08,85.67509460449219
2016-08-09,86.17857360839844
2016-08-10,86.42320251464844
2016-08-11,86.13655853271484
2016-08-12,86.52812957763672
2016-08-15,86.26241302490234
2016-08-16,86.10858917236328
2016-08-17,86.3462905883789
2016-08-18,86.55606079101562
2016-08-19,86.29736328125
2016-08-22,86.59101104736328
2016-08-23,86.68892669677734
2016-08-24,86.63290405273438
2016-08-25,86.54905700683594
2016-08-26,86.27638244628906
2016-08-29,86.76577758789062
2016-08-30,86.6539535522461
2016-08-31,86.61898040771484
2016-09-01,86.61896514892578
2016-09-02,86.46478271484375
2016-09-06,86.76615905761719
2016-09-07,86.6469955444336
2016-09-08,86.03719329833984
2016-09-09,85.39228820800781
2016-09-12,85.3992919921875
2016-09-13,85.11892700195312
2016-09-14,85.17498779296875
2016-09-15,85.2311019897461
2016-09-16,85.32919311523438
2016-09-19,85.30111694335938
2016-09-20,85.413330078125
2016-09-21,85.84793090820312
2016-09-22,86.19842529296875
2016-09-23,86.13529968261719
2016-09-26,86.26850891113281
2016-09-27,86.478759765625
2016-09-28,86.53488159179688
2016-09-29,86.49981689453125
2016-09-30,86.3456039428711
2016-10-03,86.10102081298828
2016-10-04,85.70048522949219
2016-10-05,85.60904693603516
2016-10-06,85.61607360839844
2016-10-07,85.8199234008789
2016-10-10,85.8199234008789
2016-10-11,85.55284881591797
2016-10-12,85.66527557373047
2016-10-13,85.8761215209961
2016-10-14,85.47552490234375
2016-10-17,85.75665283203125
2016-10-18,85.96748352050781
2016-10-19,86.0799331665039
2016-10-20,86.05184936523438
2016-10-21,86.10102081298828
2016-10-24,85.85507202148438
2016-10-25,85.79180145263672
2016-10-26,85.43335723876953
2016-10-27,85.0468521118164
2016-10-28,84.94841766357422
2016-10-31,85.0257339477539
2016-11-01,84.91864013671875
2016-11-02,85.04549407958984
2016-11-03,84.87635803222656
2016-11-04,85.1300277709961
2016-11-07,85.07366180419922
2016-11-08,84.88339233398438
2016-11-09,83.63610076904297
2016-11-10,83.56562042236328
2016-11-11,83.20629119873047
2016-11-14,82.7764663696289
2016-11-15,83.0301742553711
2016-11-16,83.1498794555664
2016-11-17,82.62142944335938
2016-11-18,82.15634155273438
2016-11-21,82.24090576171875
2016-11-22,82.45230102539062
2016-11-23,82.14927673339844
2016-11-25,82.15634155273438
2016-11-28,82.5298080444336
2016-11-29,82.64256286621094
2016-11-30,82.33251190185547
2016-12-01,81.87113189697266
2016-12-02,82.24557495117188
2016-12-05,82.42225646972656
2016-12-06,82.41519927978516
2016-12-07,82.76142120361328
2016-12-08,82.42225646972656
2016-12-09,82.10429382324219
2016-12-12,82.02658081054688
2016-12-13,82.21028900146484
2016-12-14,81.68743133544922
2016-12-15,81.74391174316406
2016-12-16,81.68033599853516
2016-12-19,82.0760498046875
2016-12-20,82.02658081054688
2016-12-21,82.28804779052734
2016-12-22,82.29366302490234
2016-12-23,82.42121124267578
2016-12-27,82.27242279052734
2016-12-28,82.57707977294922
2016-12-29,82.89590454101562
2016-12-30,83.02342224121094
2017-01-03,83.09429168701172
2017-01-04,83.37771606445312
2017-01-05,83.82405090332031
2017-01-06,83.38477325439453
2017-01-09,83.54772186279297
2017-01-10,83.4981460571289
2017-01-11,83.62565612792969
2017-01-12,83.61859130859375
2017-01-13,83.44852447509766
2017-01-17,83.80989074707031
2017-01-18,83.25724029541016
2017-01-19,82.97383117675781
2017-01-20,83.12259674072266
2017-01-23,83.50519561767578
2017-01-24,83.25724029541016
2017-01-25,82.93842315673828
2017-01-26,83.03755950927734
2017-01-27,83.13677215576172
2017-01-30,82.99507141113281
2017-01-31,83.14387512207031
2017-02-01,83.04157257080078
2017-02-02,83.06291961669922
2017-02-03,83.15525817871094
2017-02-06,83.4180908203125
2017-02-07,83.56021118164062
2017-02-08,83.85145568847656
2017-02-09,83.51757049560547
2017-02-10,83.49626922607422
2017-02-13,83.46070098876953
2017-02-14,83.26177978515625
2017-02-15,83.19786834716797
2017-02-16,83.43232727050781
2017-02-17,83.64543914794922
2017-02-21,83.68096923828125
2017-02-22,83.74488067626953
2017-02-23,83.9580307006836
2017-02-24,84.38420104980469
2017-02-27,84.18534088134766
2017-02-28,84.24219512939453
2017-03-01,83.74425506591797
2017-03-02,83.61604309082031
2017-03-03,83.70150756835938
2017-03-06,83.55191802978516
2017-03-07,83.13878631591797
2017-03-08,82.88229370117188
2017-03-09,82.43352508544922
2017-03-10,82.6401138305664
2017-03-13,82.36226654052734
2017-03-14,82.43352508544922
2017-03-15,83.14586639404297
2017-03-16,83.02479553222656
2017-03-17,83.21711730957031
2017-03-20,83.4094467163086
2017-03-21,83.61604309082031
2017-03-22,83.8297348022461
2017-03-23,83.77274322509766
2017-03-24,83.85823822021484
2017-03-27,84.03633117675781
2017-03-28,83.85823822021484
2017-03-29,84.12891387939453
2017-03-30,83.90809631347656
2017-03-31,83.99356842041016
2017-04-03,84.37073516845703
2017-04-04,84.14932250976562
2017-04-05,84.25645446777344
2017-04-06,84.33500671386719
2017-04-07,84.12789916992188
2017-04-10,84.28499603271484
2017-04-11,84.6778793334961
2017-04-12,84.95645904541016
2017-04-13,85.09927368164062
2017-04-17,84.93502807617188
2017-04-18,85.43497467041016
2017-04-19,85.17781066894531
2017-04-20,85.05641174316406
2017-04-21,85.05641174316406
2017-04-24,84.94216918945312
2017-04-25,84.60643768310547
2017-04-26,84.81358337402344
2017-04-27,84.89215850830078
2017-04-28,84.9921875
2017-05-01,84.7286376953125
2017-05-02,84.9792709350586
2017-05-03,84.936279296875
2017-05-04,84.77155303955078
2017-05-05,84.80020141601562
2017-05-08,84.64979553222656
2017-05-09,84.66410827636719
2017-05-10,84.77871704101562
2017-05-11,84.82171630859375
2017-05-12,85.25142669677734
2017-05-15,85.2442398071289
2017-05-16,85.36602783203125
2017-05-17,85.88885498046875
2017-05-18,85.87452697753906
2017-05-19,85.92469787597656
2017-05-22,85.8530502319336
2017-05-23,85.58802795410156
2017-05-24,85.7241439819336
2017-05-25,85.75991821289062
2017-05-26,85.82438659667969
2017-05-30,86.02494812011719
2017-05-31,86.1252212524414
2017-06-01,86.14387512207031
2017-06-02,86.5459976196289
2017-06-05,86.30189514160156
2017-06-06,86.5531997680664
2017-06-07,86.44548797607422
2017-06-08,86.29466247558594
2017-06-09,86.20854187011719
2017-06-12,86.23005676269531
2017-06-13,86.32339477539062
2017-06-14,86.91230010986328
2017-06-15,86.70396423339844
2017-06-16,86.7757797241211
2017-06-19,86.66814422607422
2017-06-20,86.8619613647461
2017-06-21,86.905029296875
2017-06-22,86.97686767578125
2017-06-23,87.01996612548828
2017-06-26,87.17793273925781
2017-06-27,86.78294372558594
2017-06-28,86.87635803222656
2017-06-29,86.61066436767578
2017-06-30,86.53887176513672
2017-07-03,86.35163116455078
2017-07-05,86.49566650390625
2017-07-06,86.27238464355469
2017-07-07,86.20038604736328
2017-07-10,86.34442901611328
2017-07-11,86.38046264648438
2017-07-12,86.76201629638672
2017-07-13,86.6108169555664
2017-07-14,86.81243133544922
2017-07-17,86.89163208007812
2017-07-18,87.26606750488281
2017-07-19,87.23726654052734
2017-07-20,87.3164291381836
2017-07-21,87.5180435180664
2017-07-24,87.4172592163086
2017-07-25,86.89887237548828
2017-07-26,87.18682861328125
2017-07-27,86.97083282470703
2017-07-28,87.20124816894531
2017-07-31,87.20124816894531
2017-08-01,87.51744842529297
2017-08-02,87.38031005859375
2017-08-03,87.50303649902344
2017-08-04,87.16371154785156
2017-08-07,87.18534851074219
2017-08-08,86.76667785644531
2017-08-09,86.85327911376953
2017-08-10,86.82440948486328
2017-08-11,86.98320770263672
2017-08-14,86.92545318603516
2017-08-15,86.82440948486328
2017-08-16,87.06986236572266
2017-08-17,87.15650939941406
2017-08-18,87.09873962402344
2017-08-21,87.22145080566406
2017-08-22,87.13484191894531
2017-08-23,87.4669189453125
2017-08-24,87.30089569091797
2017-08-25,87.50303649902344
2017-08-28,87.50303649902344
2017-08-29,87.5679931640625
2017-08-30,87.64014434814453
2017-08-31,87.791748046875
2017-09-01,87.4443588256836
2017-09-05,87.98717498779297
2017-09-06,87.67597961425781
2017-09-07,88.01615905761719
2017-09-08,87.75558471679688
2017-09-11,87.48774719238281
2017-09-12,87.39369201660156
2017-09-13,87.3067855834961
2017-09-14,87.52398681640625
2017-09-15,87.5963134765625
2017-09-18,87.50947570800781
2017-09-19,87.56012725830078
2017-09-20,87.45155334472656
2017-09-21,87.45155334472656
2017-09-22,87.56741333007812
2017-09-25,87.89312744140625
2017-09-26,87.8786392211914
2017-09-27,87.53839874267578
2017-09-28,87.668701171875
2017-09-29,87.74833679199219
2017-10-02,87.83036041259766
2017-10-03,88.02633666992188
2017-10-04,87.97550964355469
2017-10-05,87.85215759277344
2017-10-06,87.77957153320312
2017-10-09,87.85215759277344
2017-10-10,87.91017150878906
2017-10-11,87.86666107177734
2017-10-12,87.88839721679688
2017-10-13,88.23677825927734
2017-10-16,88.11338806152344
2017-10-17,88.09889221191406
2017-10-18,87.96825408935547
2017-10-19,88.09889221191406
2017-10-20,87.85935974121094
2017-10-23,87.94646453857422
2017-10-24,87.72872924804688
2017-10-25,87.49647521972656
2017-10-26,87.48926544189453
2017-10-27,87.75055694580078
2017-10-30,88.04082489013672
2017-10-31,87.91746520996094
2017-11-01,88.05643463134766
2017-11-02,88.04183959960938
2017-11-03,88.1437759399414
2017-11-06,88.16558074951172
2017-11-07,88.09280395507812
2017-11-08,87.97638702392578
2017-11-09,87.74353790283203
2017-11-10,87.241455078125
2017-11-13,87.25597381591797
2017-11-14,87.27783203125
2017-11-15,87.64894104003906
2017-11-16,87.54707336425781
2017-11-17,87.65624237060547
2017-11-20,87.65624237060547
2017-11-21,87.9472885131836
2017-11-22,88.28929901123047
2017-11-24,88.18742370605469
2017-11-27,88.136474609375
2017-11-28,88.26017761230469
2017-11-29,87.91094207763672
2017-11-30,87.8089828491211
2017-12-01,88.0804672241211
2017-12-04,88.21907043457031
2017-12-05,88.3868637084961
2017-12-06,88.55470275878906
2017-12-07,88.37963104248047
2017-12-08,88.27015686035156
2017-12-11,88.33580780029297
2017-12-12,88.27015686035156
2017-12-13,88.57662200927734
2017-12-14,88.73706817626953
2017-12-15,88.8611831665039
2017-12-18,88.59849548339844
2017-12-19,88.1461410522461
2017-12-20,87.9126205444336
2017-12-21,88.14952850341797
2017-12-22,88.21530151367188
2017-12-26,88.33232879638672
2017-12-27,88.82218170166016
2017-12-28,88.76368713378906
2017-12-29,88.88070678710938
2018-01-02,88.2884750366211
2018-01-03,88.4493179321289
2018-01-04,88.42005157470703
2018-01-05,88.39080047607422
2018-01-08,88.38348388671875
2018-01-09,88.06177520751953
2018-01-10,88.12027740478516
2018-01-11,88.33232879638672
2018-01-12,88.34690856933594
2018-01-16,88.42736053466797
2018-01-17,88.18609619140625
2018-01-18,87.8424301147461
2018-01-19,87.57190704345703
2018-01-22,87.49150085449219
2018-01-23,87.87168884277344
2018-01-24,87.81314849853516
2018-01-25,88.25919342041016
2018-01-26,88.14221954345703
2018-01-29,87.90827941894531
2018-01-30,87.60848236083984
2018-01-31,87.79122924804688
2018-02-01,87.4034194946289
2018-02-02,86.95624542236328
2018-02-05,87.00756072998047
2018-02-06,86.83159637451172
2018-02-07,86.58965301513672
2018-02-08,86.21574401855469
2018-02-09,85.93720245361328
2018-02-12,85.93720245361328
2018-02-13,85.90786743164062
2018-02-14,85.59260559082031
2018-02-15,85.9958267211914
2018-02-16,86.25241088867188
2018-02-20,85.88585662841797
2018-02-21,85.4166030883789
2018-02-22,85.5339584350586
2018-02-23,85.92984008789062
2018-02-26,86.039794921875
2018-02-27,85.66592407226562
2018-02-28,85.82721710205078
2018-03-01,85.7389907836914
2018-03-02,85.46695709228516
2018-03-05,85.43753814697266
2018-03-06,85.51106262207031
2018-03-07,85.48168182373047
2018-03-08,85.6507339477539
2018-03-09,85.34930419921875
2018-03-12,85.4596176147461
2018-03-13,85.46695709228516
2018-03-14,85.6580810546875
2018-03-15,85.74633026123047
2018-03-16,85.84190368652344
2018-03-19,85.55516815185547
2018-03-20,85.25379180908203
2018-03-21,85.2022933959961
2018-03-22,85.34930419921875
2018-03-23,85.07730102539062
2018-03-26,85.37874603271484
2018-03-27,85.68751525878906
2018-03-28,85.91546630859375
2018-03-29,86.30511474609375
2018-04-02,86.25865173339844
2018-04-03,86.03003692626953
2018-04-04,86.03003692626953
2018-04-05,86.05956268310547
2018-04-06,86.31765747070312
2018-04-09,86.3618392944336
2018-04-10,86.38396453857422
2018-04-11,86.4429931640625
2018-04-12,86.20703125
2018-04-13,86.23651123046875
2018-04-16,86.24391174316406
2018-04-17,86.25129699707031
2018-04-18,85.80885314941406
2018-04-19,85.48446655273438
2018-04-20,85.13792419433594
2018-04-23,85.10106658935547
2018-04-24,84.850341796875
2018-04-25,84.58493041992188
2018-04-26,84.83562469482422
2018-04-27,85.0273208618164
2018-04-30,84.9535903930664
2018-05-01,84.72362518310547
2018-05-02,84.65705108642578
2018-05-03,84.67184448242188
2018-05-04,84.79016876220703
2018-05-07,84.69403839111328
2018-05-08,84.66445922851562
2018-05-09,84.64969635009766
2018-05-10,85.07855224609375
2018-05-11,85.2264633178711
2018-05-14,85.0711669921875
2018-05-15,84.4278564453125
2018-05-16,84.31692504882812
2018-05-17,84.15424346923828
2018-05-18,84.50177764892578
2018-05-21,84.55354309082031
2018-05-22,84.46484375
2018-05-23,84.82716369628906
2018-05-24,85.06377410888672
2018-05-25,85.31517791748047
2018-05-29,85.7662353515625
2018-05-30,85.43348693847656
2018-05-31,85.39651489257812
2018-06-01,85.23259735107422
2018-06-04,85.03977966308594
2018-06-05,85.09903717041016
2018-06-06,84.78755187988281
2018-06-07,85.06940460205078
2018-06-08,84.928466796875
2018-06-11,84.84685516357422
2018-06-12,84.85430145263672
2018-06-13,84.7727279663086
2018-06-14,85.15843200683594
2018-06-15,85.03977966308594
2018-06-18,84.95069885253906
2018-06-19,84.99520874023438
2018-06-20,84.5204849243164
2018-06-21,84.45376586914062
2018-06-22,84.5576171875
2018-06-25,84.47602844238281
2018-06-26,84.75786590576172
2018-06-27,85.0471420288086
2018-06-28,84.93586730957031
2018-06-29,84.98040771484375
2018-07-02,84.99156188964844
2018-07-03,85.30400848388672
2018-07-05,85.57183837890625
2018-07-06,85.69087219238281
2018-07-09,85.75042724609375
2018-07-10,85.65369415283203
2018-07-11,85.82479858398438
2018-07-12,86.01080322265625
2018-07-13,86.07772827148438
2018-07-16,85.9364242553711
2018-07-17,85.87689208984375
2018-07-18,85.86201477050781
2018-07-19,85.99592590332031
2018-07-20,85.7429428100586
2018-07-23,85.40078735351562
2018-07-24,85.6685562133789
2018-07-25,85.78018188476562
2018-07-26,85.86201477050781
2018-07-27,85.97358703613281
2018-07-30,85.85457611083984
2018-07-31,86.1224136352539
2018-08-01,85.81868743896484
2018-08-02,85.92320251464844
2018-08-03,86.19176483154297
2018-08-06,86.27386474609375
2018-08-07,86.00524139404297
2018-08-08,85.8709487915039
2018-08-09,85.93809509277344
2018-08-10,86.07987213134766
2018-08-13,86.0574722290039
2018-08-14,86.16939544677734
2018-08-15,86.34848022460938
2018-08-16,86.46043395996094
2018-08-17,86.53506469726562
2018-08-20,86.7589111328125
2018-08-21,86.54251098632812
2018-08-22,86.53506469726562
2018-08-23,86.56487274169922
2018-08-24,86.73648071289062
2018-08-27,86.60218811035156
2018-08-28,86.27386474609375
2018-08-29,86.18436431884766
2018-08-30,86.26638793945312
2018-08-31,86.1395492553711
2018-09-04,85.98087310791016
2018-09-05,85.92849731445312
2018-09-06,86.16798400878906
2018-09-07,85.80873107910156
2018-09-10,86.09317016601562
2018-09-11,85.89855194091797
2018-09-12,86.07071685791016
2018-09-13,86.25030517578125
2018-09-14,86.14555358886719
2018-09-17,86.09317016601562
2018-09-18,85.74137115478516
2018-09-19,85.61414337158203
2018-09-20,85.83871459960938
2018-09-21,85.8536605834961
2018-09-24,85.6590347290039
2018-09-25,85.6590347290039
2018-09-26,85.96591186523438
2018-09-27,86.07819366455078
2018-09-28,86.01828002929688
2018-10-01,85.89972686767578
2018-10-02,85.97476959228516
2018-10-03,85.47174835205078
2018-10-04,85.1189193725586
2018-10-05,84.78858947753906
2018-10-08,84.6985092163086
2018-10-09,84.93872833251953
2018-10-10,84.70598602294922
2018-10-11,85.05888366699219
2018-10-12,85.07386779785156
2018-10-15,84.91621398925781
2018-10-16,85.1339340209961
2018-10-17,84.7135009765625
2018-10-18,84.7135009765625
2018-10-19,84.60842895507812
2018-10-22,84.5033187866211
2018-10-23,84.62344360351562
2018-10-24,84.74357604980469
2018-10-25,84.63844299316406
2018-10-26,84.78108978271484
2018-10-29,84.6834716796875
2018-10-30,84.4958267211914
2018-10-31,84.25556945800781
2018-11-01,84.51094055175781
2018-11-02,84.17195129394531
2018-11-05,84.3226318359375
2018-11-06,84.46572875976562
2018-11-07,84.6841812133789
2018-11-08,84.43556213378906
2018-11-09,84.49585723876953
2018-11-12,84.48831176757812
2018-11-13,84.37532806396484
2018-11-14,84.14938354492188
2018-11-15,83.99115753173828
2018-11-16,84.15689086914062
2018-11-19,84.07405853271484
2018-11-20,83.87071228027344
2018-11-21,84.0514144897461
2018-11-23,84.08911895751953
2018-11-26,84.12675476074219
2018-11-27,84.02135467529297
2018-11-28,84.24727630615234
2018-11-29,84.0062484741211
2018-11-30,83.95354461669922
2018-12-03,84.26557159423828
2018-12-04,84.28071594238281
2018-12-06,84.53759765625
2018-12-07,84.54515838623047
2018-12-10,84.80208587646484
2018-12-11,84.95318603515625
2018-12-12,85.04387664794922
2018-12-13,85.27057647705078
2018-12-14,85.17989349365234
2018-12-17,85.27057647705078
2018-12-18,85.57524108886719
2018-12-19,85.50703430175781
2018-12-20,85.2265853881836
2018-12-21,85.14322662353516
2018-12-24,84.94611358642578
2018-12-26,84.87792205810547
2018-12-27,84.87792205810547
2018-12-28,85.2796401977539
2018-12-31,85.51461029052734
2019-01-02,85.77991485595703
2019-01-03,85.81784057617188
2019-01-04,85.76473236083984
2019-01-07,85.77233123779297
2019-01-08,85.96183776855469
2019-01-09,86.28775024414062
2019-01-10,86.06035614013672
2019-01-11,86.21955108642578
2019-01-14,85.99215698242188
2019-01-15,86.04524230957031
2019-01-16,86.21195220947266
2019-01-17,86.38629150390625
2019-01-18,86.53787231445312
2019-01-22,86.68190002441406
2019-01-23,86.9017333984375
2019-01-24,87.12908935546875
2019-01-25,87.20486450195312
2019-01-28,87.18977355957031
2019-01-29,87.37923431396484
2019-01-30,87.78094482421875
2019-01-31,88.39494323730469
2019-02-01,88.18431854248047
2019-02-04,88.06270599365234
2019-02-05,88.4200210571289
2019-02-06,88.25274658203125
2019-02-07,88.237548828125
2019-02-08,88.45799255371094
2019-02-11,88.2603988647461
2019-02-12,88.38198852539062
2019-02-13,88.15392303466797
2019-02-14,88.25274658203125
2019-02-15,88.35916137695312
2019-02-19,88.41239166259766
2019-02-20,88.3364028930664
2019-02-21,88.08547973632812
2019-02-22,88.48085021972656
2019-02-25,88.45040893554688
2019-02-26,88.58731079101562
2019-02-27,88.3364028930664
2019-02-28,88.21475219726562
2019-03-01,88.0606689453125
2019-03-04,88.25897216796875
2019-03-05,88.28949737548828
2019-03-06,88.37337493896484
2019-03-07,88.66317749023438
2019-03-08,88.77758026123047
2019-03-11,88.87670135498047
2019-03-12,89.12075805664062
2019-03-13,88.97586059570312
2019-03-14,88.8004379272461
2019-03-15,89.12075805664062
2019-03-18,89.07499694824219
2019-03-19,89.09026336669922
2019-03-20,89.69271087646484
2019-03-21,89.86050415039062
2019-03-22,90.40959167480469
2019-03-25,90.59261322021484
2019-03-26,90.63070678710938
2019-03-27,90.75279235839844
2019-03-28,90.86715698242188
2019-03-29,90.79850769042969
2019-04-01,90.46043395996094
2019-04-02,90.58279418945312
2019-04-03,90.39160919189453
2019-04-04,90.53695678710938
2019-04-05,90.68225860595703
2019-04-08,90.55225372314453
2019-04-09,90.7434310913086
2019-04-10,91.18712615966797
2019-04-11,91.0953140258789
2019-04-12,91.041748046875
2019-04-15,90.89643859863281
2019-04-16,90.64399719238281
2019-04-17,90.62870025634766
2019-04-18,90.70518493652344
2019-04-22,90.55987548828125
2019-04-23,90.93470001220703
2019-04-24,91.24066162109375
2019-04-25,91.19473266601562
2019-04-26,91.5160140991211
2019-04-29,91.15652465820312
2019-04-30,91.19473266601562
2019-05-01,91.16558837890625
2019-05-02,90.83570861816406
2019-05-03,91.24231719970703
2019-05-06,91.36506652832031
2019-05-07,91.35739135742188
2019-05-08,91.05052947998047
2019-05-09,91.1349105834961
2019-05-10,91.1886215209961
2019-05-13,91.24231719970703
2019-05-14,91.37274932861328
2019-05-15,91.62590789794922
2019-05-16,91.48014068603516
2019-05-17,91.48782348632812
2019-05-20,91.27302551269531
2019-05-21,91.3497085571289
2019-05-22,91.46479034423828
2019-05-23,91.66429138183594
2019-05-24,91.85611724853516
2019-05-28,91.9174575805664
2019-05-29,91.955810546875
2019-05-30,92.48519897460938
2019-05-31,92.70000457763672
2019-06-03,92.98548126220703
2019-06-04,93.01629638671875
2019-06-05,92.95472717285156
2019-06-06,93.1317138671875
2019-06-07,93.54725646972656
2019-06-10,93.20867156982422
2019-06-11,93.2933578491211
2019-06-12,93.43182373046875
2019-06-13,93.67041015625
2019-06-14,93.70890045166016
2019-06-17,93.75505828857422
2019-06-18,94.37837982177734
2019-06-19,94.97865295410156
2019-06-20,95.49424743652344
2019-06-21,95.14794158935547
2019-06-24,95.38650512695312
2019-06-25,95.10176086425781
2019-06-26,94.90938568115234
2019-06-27,95.4634780883789
2019-06-28,95.70972442626953
2019-07-01,95.89111328125
2019-07-02,96.15348052978516
2019-07-03,96.41587829589844
2019-07-05,95.56696319580078
2019-07-08,95.43575286865234
2019-07-09,95.23509979248047
2019-07-10,95.4511947631836
2019-07-11,94.8877944946289
2019-07-12,94.98039245605469
2019-07-15,95.14248657226562
2019-07-16,94.94184875488281
2019-07-17,95.4434585571289
2019-07-18,95.66728210449219
2019-07-19,95.52064514160156
2019-07-22,95.81388092041016
2019-07-23,95.86792755126953
2019-07-24,96.13805389404297
2019-07-25,95.82936096191406
2019-07-26,95.96050262451172
2019-07-29,95.8987808227539
2019-07-30,95.86792755126953
2019-07-31,95.95280456542969
2019-08-01,96.73297119140625
2019-08-02,96.83354949951172
2019-08-05,96.90323638916016
2019-08-06,97.50684356689453
2019-08-07,97.49136352539062
2019-08-08,97.75452423095703
2019-08-09,97.46820068359375
2019-08-12,98.07955932617188
2019-08-13,98.002197265625
2019-08-14,98.28852081298828
2019-08-15,98.76834869384766
2019-08-16,98.94636535644531
2019-08-19,98.62133026123047
2019-08-20,99.19400787353516
2019-08-21,99.37203979492188
2019-08-22,99.00828552246094
2019-08-23,99.37203979492188
2019-08-26,99.37977600097656
2019-08-27,99.91376495361328
2019-08-28,99.91376495361328
2019-08-29,99.69711303710938
2019-08-30,99.68157958984375
2019-09-03,99.58769989013672
2019-09-04,99.77395629882812
2019-09-05,99.04450988769531
2019-09-06,99.4014663696289
2019-09-09,98.67198944091797
2019-09-10,97.84162139892578
2019-09-11,97.76405334472656
2019-09-12,97.6321029663086
2019-09-13,96.75521850585938
2019-09-16,97.24409484863281
2019-09-17,97.49243927001953
2019-09-18,97.73301696777344
2019-09-19,98.01233673095703
2019-09-20,98.68750762939453
2019-09-23,98.61763000488281
2019-09-24,98.9280776977539
2019-09-25,98.36931610107422
2019-09-26,98.57887268066406
2019-09-27,98.60212707519531
2019-09-30,98.9280776977539
2019-10-01,99.04170227050781
2019-10-02,99.00276947021484
2019-10-03,99.39183807373047
2019-10-04,99.80419158935547
2019-10-07,99.29845428466797
2019-10-08,99.21285247802734
2019-10-09,99.25174713134766
2019-10-10,98.6681900024414
2019-10-11,98.48924255371094
2019-10-14,98.81600952148438
2019-10-15,98.55149841308594
2019-10-16,98.66045379638672
2019-10-17,98.80046081542969
2019-10-18,98.92497253417969
2019-10-21,98.6993179321289
2019-10-22,98.87051391601562
2019-10-23,98.92497253417969
2019-10-24,99.14283752441406
2019-10-25,98.97167205810547
2019-10-28,98.67599487304688
2019-10-29,98.4192123413086
2019-10-30,98.76936340332031
2019-10-31,99.36843872070312
2019-11-01,99.46598815917969
2019-11-04,98.99789428710938
2019-11-05,98.42835235595703
2019-11-06,98.98228454589844
2019-11-07,98.20986938476562
2019-11-08,98.0772705078125
2019-11-11,98.1084213256836
2019-11-12,98.20208740234375
2019-11-13,98.4361343383789
2019-11-14,98.95109558105469
2019-11-15,98.96666717529297
2019-11-18,99.07589721679688
2019-11-19,99.27095031738281
2019-11-20,99.411376953125
2019-11-21,99.17730712890625
2019-11-22,99.4504165649414
2019-11-25,99.79368591308594
2019-11-26,100.05111694335938
2019-11-27,100.0433120727539
2019-11-29,99.84046173095703
2019-12-02,99.40707397460938
2019-12-03,100.17374420166016
2019-12-04,100.0407485961914
2019-12-05,99.93120574951172
2019-12-06,99.87648010253906
2019-12-09,99.86082458496094
2019-12-10,99.86082458496094
2019-12-11,100.25196838378906
2019-12-12,99.7904281616211
2019-12-13,100.43970489501953
2019-12-16,100.2128677368164
2019-12-17,100.13463592529297
2019-12-18,100.064208984375
2019-12-19,100.16303253173828
2019-12-20,100.13166809082031
2019-12-23,100.1787338256836
2019-12-24,100.28069305419922
2019-12-26,100.46109771728516
2019-12-27,100.60228729248047
2019-12-30,100.78268432617188
2019-12-31,100.36701202392578
2020-01-02,100.57874298095703
2020-01-03,100.92391204833984
2020-01-06,100.58660125732422
2020-01-07,100.3277587890625
2020-01-08,100.18656158447266
2020-01-09,100.6650619506836
2020-01-10,100.94741821289062
2020-01-13,100.70423126220703
2020-01-14,100.82976531982422
2020-01-15,101.04936218261719
2020-01-16,101.19056701660156
2020-01-17,101.1749038696289
2020-01-21,101.66116333007812
2020-01-22,101.71607208251953
2020-01-23,101.84942626953125
2020-01-24,102.02200317382812
2020-01-27,102.21809387207031
2020-01-28,102.16319274902344
2020-01-29,102.49256896972656
2020-01-30,102.55536651611328
2020-01-31,102.82200622558594
2020-02-03,102.74103546142578
2020-02-04,102.4894027709961
2020-02-05,102.42650604248047
2020-02-06,102.3792724609375
2020-02-07,102.77252960205078
2020-02-10,103.01626586914062
2020-02-11,102.8668441772461
2020-02-12,102.81969451904297
2020-02-13,102.74889373779297
2020-02-14,103.00056457519531
2020-02-18,103.19713592529297
2020-02-19,103.05559539794922
2020-02-20,103.40164184570312
2020-02-21,103.60604095458984
2020-02-24,103.62177276611328
2020-02-25,103.72406005859375
2020-02-26,103.33869934082031
2020-02-27,102.78821563720703
2020-02-28,103.94416809082031
2020-03-02,103.84092712402344
2020-03-03,105.02364349365234
2020-03-04,105.17347717285156
2020-03-05,105.13400268554688
2020-03-06,105.8672866821289
2020-03-09,103.29691314697266
2020-03-10,100.97090148925781
2020-03-11,97.65148162841797
2020-03-12,92.99164581298828
2020-03-13,97.02072143554688
2020-03-16,95.64089965820312
2020-03-17,91.72217559814453
2020-03-18,87.13334655761719
2020-03-19,82.82831573486328
2020-03-20,84.16082763671875
2020-03-23,90.38182830810547
2020-03-24,92.23471069335938
2020-03-25,96.6501235961914
2020-03-26,96.7289810180664
2020-03-27,96.53185272216797
2020-03-30,97.70664978027344
2020-03-31,97.38339233398438
2020-04-01,95.968505859375
2020-04-02,96.221435546875
2020-04-03,95.72344970703125
2020-04-06,97.61262512207031
2020-04-07,97.76280975341797
2020-04-08,99.52552795410156
2020-04-09,104.2049789428711
2020-04-13,103.19319152832031
2020-04-14,102.68729400634766
2020-04-15,103.37496948242188
2020-04-16,102.86119842529297
2020-04-17,103.20110321044922
2020-04-20,102.61614227294922
2020-04-21,102.25254821777344
2020-04-22,102.31578826904297
2020-04-23,102.75056457519531
2020-04-24,102.67941284179688
2020-04-27,101.84941101074219
2020-04-28,102.12608337402344
2020-04-29,102.79796600341797
2020-04-30,102.10238647460938
2020-05-01,101.6982421875
2020-05-04,101.85672760009766
2020-05-05,101.72201538085938
2020-05-06,100.58094787597656
2020-05-07,100.85031127929688
2020-05-08,100.36698150634766
2020-05-11,99.4874038696289
2020-05-12,100.44621276855469
2020-05-13,100.67601776123047
2020-05-14,101.50809478759766
2020-05-15,101.86463165283203
2020-05-18,102.4430923461914
2020-05-19,102.52230834960938
2020-05-20,103.6475830078125
2020-05-21,103.56835174560547
2020-05-22,103.56835174560547
2020-05-26,103.42567443847656
2020-05-27,103.85360717773438
2020-05-28,103.94075012207031
2020-05-29,104.61429595947266
2020-06-01,104.56822967529297
2020-06-02,104.90189361572266
2020-06-03,104.83834838867188
2020-06-04,104.52062225341797
2020-06-05,105.06072998046875
2020-06-08,105.41027069091797
2020-06-09,105.1878433227539
2020-06-10,105.87895965576172
2020-06-11,104.61591339111328
2020-06-12,105.1242904663086
2020-06-15,106.61768341064453
2020-06-16,106.32374572753906
2020-06-17,106.11721801757812
2020-06-18,106.35552215576172
2020-06-19,106.43497467041016
2020-06-22,106.33169555664062
2020-06-23,106.13314056396484
2020-06-24,105.83920288085938
2020-06-25,105.9504165649414
2020-06-26,106.04576110839844
2020-06-29,106.53824615478516
2020-06-30,106.84009552001953
2020-07-01,107.2620620727539
2020-07-02,107.52481079101562
2020-07-06,107.80348205566406
2020-07-07,107.94679260253906
2020-07-08,107.77165985107422
2020-07-09,108.37671661376953
2020-07-10,108.17768859863281
2020-07-13,107.89102935791016
2020-07-14,108.52003479003906
2020-07-15,108.7349853515625
2020-07-16,109.03756713867188
2020-07-17,109.33214569091797
2020-07-20,109.63471984863281
2020-07-21,109.77799224853516
2020-07-22,110.13626098632812
2020-07-23,110.21589660644531
2020-07-24,109.96907806396484
2020-07-27,109.63471984863281
2020-07-28,109.52326965332031
2020-07-29,110.12039184570312
2020-07-30,110.0009765625
2020-07-31,110.15222930908203
2020-08-03,110.29985809326172
2020-08-04,110.70677947998047
2020-08-05,110.5551528930664
2020-08-06,111.02592468261719
2020-08-07,110.71471405029297
2020-08-10,110.47537231445312
2020-08-11,109.78118896484375
2020-08-12,109.50989532470703
2020-08-13,108.52053833007812
2020-08-14,108.04181671142578
2020-08-17,108.26522827148438
2020-08-18,108.576416015625
2020-08-19,108.28913879394531
2020-08-20,108.67213439941406
2020-08-21,108.87162017822266
2020-08-24,108.68014526367188
2020-08-25,108.2093734741211
2020-08-26,108.24922943115234
2020-08-27,107.3875503540039
2020-08-28,107.71466064453125
2020-08-31,108.19338989257812
2020-09-01,108.87704467773438
2020-09-02,109.30887603759766
2020-09-03,109.06898498535156
2020-09-04,107.90955352783203
2020-09-08,108.01348114013672
2020-09-09,108.0854721069336
2020-09-10,108.16543579101562
2020-09-11,108.24536895751953
2020-09-14,108.51724243164062
2020-09-15,108.6372299194336
2020-09-16,108.70917510986328
2020-09-17,108.7331771850586
2020-09-18,108.53323364257812
2020-09-21,108.42930603027344
2020-09-22,108.4932632446289
2020-09-23,107.70962524414062
2020-09-24,107.43772888183594
2020-09-25,107.32583618164062
2020-09-28,107.86956024169922
2020-09-29,107.73365020751953
2020-09-30,107.71763610839844
2020-10-01,108.01736450195312
2020-10-02,108.03336334228516
2020-10-05,107.67272186279297
2020-10-06,107.58463287353516
2020-10-07,107.61664581298828
2020-10-08,107.88108825683594
2020-10-09,108.12953186035156
2020-10-12,108.75460052490234
2020-10-13,108.65047454833984
2020-10-14,108.75460052490234
2020-10-15,108.64241027832031
2020-10-16,108.45809936523438
2020-10-19,108.2497329711914
2020-10-20,108.02534484863281
2020-10-21,107.8490982055664
2020-10-22,107.608642578125
2020-10-23,107.88108825683594
2020-10-26,108.10549926757812
2020-10-27,108.54625701904297
2020-10-28,108.00935363769531
2020-10-29,107.72882843017578
2020-10-30,107.16790771484375
2020-11-02,107.58790588378906
2020-11-03,107.69231414794922
2020-11-04,109.30645751953125
2020-11-05,109.71607971191406
2020-11-06,109.3707046508789
2020-11-09,108.5435791015625
2020-11-10,108.2624740600586
2020-11-11,108.46321868896484
2020-11-12,108.89690399169922
2020-11-13,109.02537536621094
2020-11-16,109.3787612915039
2020-11-17,109.73210144042969
2020-11-18,109.9649658203125
2020-11-19,110.5753402709961
2020-11-20,110.47898864746094
2020-11-23,110.61550903320312
2020-11-24,110.3665542602539
2020-11-25,110.43077087402344
2020-11-27,110.82428741455078
2020-11-30,111.20977783203125
2020-12-01,110.7881088256836
2020-12-02,110.41793823242188
2020-12-03,110.85247802734375
2020-12-04,110.24093627929688
2020-12-07,110.33744049072266
2020-12-08,110.20872497558594
2020-12-09,109.8063735961914
2020-12-10,110.35360717773438
2020-12-11,110.46626281738281
2020-12-14,110.3857650756836
2020-12-15,110.60307312011719
2020-12-16,110.51451110839844
2020-12-17,110.67576599121094
2020-12-18,110.59515380859375
2020-12-21,110.3774642944336
2020-12-22,110.68384552001953
2020-12-23,110.70805358886719
2020-12-24,111.08702087402344
2020-12-28,111.1595687866211
2020-12-29,111.20793914794922
2020-12-30,111.35308837890625
2020-12-31,111.37728118896484
2021-01-04,110.81285858154297
2021-01-05,110.45805358886719
2021-01-06,109.56307220458984
2021-01-07,109.54695129394531
2021-01-08,109.46629333496094
2021-01-11,108.99864959716797
2021-01-12,109.23250579833984
2021-01-13,110.07913208007812
2021-01-14,109.60340881347656
2021-01-15,109.772705078125
2021-01-19,109.96623992919922
2021-01-20,109.93397521972656
2021-01-21,109.49851989746094
2021-01-22,109.41791534423828
2021-01-25,109.8855972290039
2021-01-26,109.87757110595703
2021-01-27,109.68405151367188
2021-01-28,109.50662994384766
2021-01-29,109.33728790283203
2021-02-01,109.5530014038086
2021-02-02,109.26216125488281
2021-02-03,109.00363159179688
2021-02-04,109.18943786621094
2021-02-05,108.8985824584961
2021-02-08,109.36719512939453
2021-02-09,109.1975326538086
2021-02-10,109.4560775756836
2021-02-11,109.16525268554688
2021-02-12,108.80973815917969
2021-02-16,108.042236328125
2021-02-17,108.58348846435547
2021-02-18,108.37345123291016
2021-02-19,107.5897445678711
2021-02-22,106.919189453125
2021-02-23,107.0
2021-02-24,107.16159057617188
2021-02-25,105.46495056152344
2021-02-26,106.86263275146484
2021-03-01,106.96712493896484
2021-03-02,106.84565734863281
2021-03-03,106.05229949951172
2021-03-04,105.18604278564453
2021-03-05,105.0484390258789
2021-03-08,104.06884765625
2021-03-09,104.8541488647461
2021-03-10,105.34796905517578
2021-03-11,105.41273498535156
2021-03-12,104.19839477539062
2021-03-15,104.55460357666016
2021-03-16,104.4817123413086
2021-03-17,104.57889556884766
2021-03-18,103.97978973388672
2021-03-19,104.13363647460938
2021-03-22,104.50603485107422
2021-03-23,104.81365203857422
2021-03-24,105.12937927246094
2021-03-25,105.00794982910156
2021-03-26,104.93508911132812
2021-03-29,104.68411254882812
2021-03-30,105.00794982910156
2021-03-31,105.283203125
2021-04-01,105.94347381591797
2021-04-05,105.42434692382812
2021-04-06,106.13005065917969
2021-04-07,105.91915130615234
2021-04-08,106.30846405029297
2021-04-09,106.08946990966797
2021-04-12,106.06512451171875
2021-04-13,106.53561401367188
2021-04-14,106.38958740234375
2021-04-15,107.04661560058594
2021-04-16,106.31659698486328
2021-04-19,106.04080963134766
2021-04-20,106.24359893798828
2021-04-21,106.60858917236328
2021-04-22,106.71405029296875
2021-04-23,106.80330657958984
2021-04-26,106.7546157836914
2021-04-27,106.27605438232422
2021-04-28,106.29228210449219
2021-04-29,106.16249084472656
2021-04-30,106.3814697265625
2021-05-03,106.63751983642578
2021-05-04,106.70249938964844
2021-05-05,106.83258819580078
2021-05-06,107.03572082519531
2021-05-07,107.07635498046875
2021-05-10,106.49935150146484
2021-05-11,106.10921478271484
2021-05-12,105.5322036743164
2021-05-13,105.93042755126953
2021-05-14,106.50747680664062
2021-05-17,106.38557434082031
2021-05-18,106.03610229492188
2021-05-19,105.84915924072266
2021-05-20,106.5724868774414
2021-05-21,106.6456298828125
2021-05-24,106.938232421875
2021-05-25,107.3364486694336
2021-05-26,107.27957916259766
2021-05-27,106.9544906616211
2021-05-28,107.04386901855469
2021-06-01,107.0577163696289
2021-06-02,107.22869110107422
2021-06-03,106.80526733398438
2021-06-04,107.56258392333984
2021-06-07,107.47303009033203
2021-06-08,107.880126953125
2021-06-09,108.27101135253906
2021-06-10,108.75961303710938
2021-06-11,108.84923553466797
2021-06-14,108.45014953613281
2021-06-15,108.53160858154297
2021-06-16,108.22217559814453
2021-06-17,108.82476806640625
2021-06-18,109.39478302001953
2021-06-21,108.75961303710938
2021-06-22,108.93875122070312
2021-06-23,108.76777648925781
2021-06-24,108.97948455810547
2021-06-25,108.69450378417969
2021-06-28,109.15864562988281
2021-06-29,109.28892517089844
2021-06-30,109.41106414794922
2021-07-01,109.3155746459961
2021-07-02,109.6256332397461
2021-07-06,110.02540588378906
2021-07-07,110.40069580078125
2021-07-08,110.45777893066406
2021-07-09,109.99278259277344
2021-07-12,109.93565368652344
2021-07-13,109.52777099609375
2021-07-14,110.03355407714844
2021-07-15,110.27017974853516
2021-07-16,110.11512756347656
2021-07-19,110.90653991699219
2021-07-20,110.75154876708984
2021-07-21,110.35993957519531
2021-07-22,110.8167953491211
2021-07-23,110.76786041259766
2021-07-26,110.52308654785156
2021-07-27,110.99623107910156
2021-07-28,111.19206237792969
2021-07-29,110.87384796142578
2021-07-30,110.96363067626953
2021-08-02,111.28482055664062
2021-08-03,111.39925384521484
2021-08-04,111.42378234863281
2021-08-05,110.96611022949219
2021-08-06,110.05887603759766
2021-08-09,109.58482360839844
2021-08-10,109.33965301513672
2021-08-11,109.51123809814453
2021-08-12,109.6666030883789
2021-08-13,110.40213775634766
2021-08-16,110.467529296875
2021-08-17,110.2713851928711
2021-08-18,110.19786071777344
2021-08-19,110.45120239257812
2021-08-20,110.52474212646484
2021-08-23,110.60648345947266
2021-08-24,110.35309600830078
2021-08-25,110.06704711914062
2021-08-26,110.03433227539062
2021-08-27,110.64735412597656
2021-08-30,110.8353271484375
2021-08-31,110.5819320678711
2021-09-01,110.72441864013672
2021-09-02,110.9208984375
2021-09-03,110.51970672607422
2021-09-07,109.99578094482422
2021-09-08,110.34776306152344
2021-09-09,111.06828308105469
2021-09-10,110.7490234375
2021-09-13,111.0191421508789
2021-09-14,111.35484313964844
2021-09-15,111.22386169433594
2021-09-16,111.06828308105469
2021-09-17,110.82269287109375
2021-09-20,111.16651916503906
2021-09-21,111.15837097167969
2021-09-22,111.46944427490234
2021-09-23,110.69983673095703
2021-09-24,110.4624252319336
2021-09-27,110.40511322021484
2021-09-28,109.22615814208984
2021-09-29,109.20158386230469
2021-09-30,108.9150161743164
2021-10-01,109.70662689208984
2021-10-04,109.5261459350586
2021-10-05,109.07498168945312
2021-10-06,109.10778045654297
2021-10-07,108.62382507324219
2021-10-08,108.12342834472656
2021-10-11,107.91839599609375
2021-10-12,108.60737609863281
2021-10-13,109.15702819824219
2021-10-14,109.67382049560547
2021-10-15,109.28008270263672
2021-10-18,109.18982696533203
2021-10-19,108.59101104736328
2021-10-20,108.32850646972656
2021-10-21,108.09883117675781
2021-10-22,108.5335693359375
2021-10-25,108.58281707763672
2021-10-26,109.05037689208984
2021-10-27,109.71482849121094
2021-10-28,109.55076599121094
2021-10-29,109.49331665039062
2021-11-01,109.29772186279297
2021-11-02,109.7168960571289
2021-11-03,109.4375
2021-11-04,110.0127944946289
2021-11-05,110.81829833984375
2021-11-08,110.56349182128906
2021-11-09,110.85935974121094
2021-11-10,109.72512817382812
2021-11-11,109.41278839111328
2021-11-12,109.29772186279297
2021-11-15,108.46759796142578
2021-11-16,108.28678131103516
2021-11-17,108.7223892211914
2021-11-18,108.96896362304688
2021-11-19,109.37994384765625
2021-11-22,108.426513671875
2021-11-23,107.65389251708984
2021-11-24,108.17172241210938
2021-11-26,109.05115509033203
2021-11-29,109.1251220703125
2021-11-30,109.36347961425781
2021-12-01,109.3791275024414
2021-12-02,109.63441467285156
2021-12-03,110.54833984375
2021-12-06,109.98844909667969
2021-12-07,110.03782653808594
2021-12-08,109.30499267578125
2021-12-09,109.21446990966797
2021-12-10,109.33794403076172
2021-12-13,109.83200073242188
2021-12-14,109.33794403076172
2021-12-15,109.47794342041016
2021-12-16,109.474609375
2021-12-17,109.7303466796875
2021-12-20,109.25189971923828
2021-12-21,109.46636199951172
2021-12-22,109.63963317871094
2021-12-23,109.474609375
2021-12-27,109.79637145996094
2021-12-28,109.6561279296875
2021-12-29,109.05390167236328
2021-12-30,109.49112701416016
2021-12-31,109.3261489868164
2022-01-03,108.1629409790039
2022-01-04,108.25365447998047
2022-01-05,107.61841583251953
2022-01-06,107.47815704345703
2022-01-07,107.01619720458984
2022-01-10,106.91719818115234
2022-01-11,107.23896026611328
2022-01-12,107.16472625732422
2022-01-13,107.50291442871094
2022-01-14,106.5542221069336
2022-01-18,105.53949737548828
2022-01-19,105.70448303222656
2022-01-20,105.64674377441406
2022-01-21,106.3396987915039
2022-01-24,106.00971984863281
2022-01-25,105.71270751953125
2022-01-26,104.99500274658203
2022-01-27,105.23424530029297
2022-01-28,105.34974670410156
2022-01-31,105.39926147460938
2022-02-01,105.574462890625
2022-02-02,105.58271026611328
2022-02-03,104.73140716552734
2022-02-04,103.68995666503906
2022-02-07,103.88007354736328
2022-02-08,103.4916000366211
2022-02-09,103.83869934082031
2022-02-10,102.4253158569336
2022-02-11,103.18572998046875
2022-02-14,102.26831817626953
2022-02-15,101.75582122802734
2022-02-16,101.90460968017578
2022-02-17,101.97900390625
2022-02-18,102.22695922851562
2022-02-22,102.09471130371094
2022-02-23,101.16897583007812
2022-02-24,101.64839935302734
2022-02-25,102.06167602539062
2022-02-28,103.15270233154297
2022-03-01,103.5055160522461
2022-03-02,101.93185424804688
2022-03-03,102.30460357666016
2022-03-04,102.4039535522461
2022-03-07,101.16160583496094
2022-03-08,100.55699920654297
2022-03-09,100.73091888427734
2022-03-10,99.57966613769531
2022-03-11,99.53822326660156
2022-03-14,98.09708404541016
2022-03-15,98.86737823486328
2022-03-16,99.71216583251953
2022-03-17,100.68950653076172
2022-03-18,100.88827514648438
2022-03-21,99.48857879638672
2022-03-22,99.24836730957031
2022-03-23,99.52999114990234
2022-03-24,99.57140350341797
2022-03-25,98.7845458984375
2022-03-28,99.33116912841797
2022-03-29,100.16773223876953
2022-03-30,100.39962768554688
2022-03-31,100.16773223876953
2022-04-01,100.50383758544922
2022-04-04,100.8524398803711
2022-04-05,99.08452606201172
2022-04-06,98.50357055664062
2022-04-07,98.04705810546875
2022-04-08,97.27516174316406
2022-04-11,96.32899475097656
2022-04-12,96.3953857421875
2022-04-13,96.89338684082031
2022-04-14,95.76460266113281
2022-04-18,95.0342025756836
2022-04-19,94.2789077758789
2022-04-20,95.25829315185547
2022-04-21,94.24573516845703
2022-04-22,94.13780212402344
2022-04-25,95.18357849121094
2022-04-26,95.13380432128906
2022-04-27,94.2208023071289
2022-04-28,94.50299835205078
2022-04-29,93.45721435546875
2022-05-02,92.90319061279297
2022-05-03,93.50213623046875
2022-05-04,94.41718292236328
2022-05-05,92.96975708007812
2022-05-06,92.17945861816406
2022-05-09,92.50389099121094
2022-05-10,92.89485931396484
2022-05-11,93.32745361328125
2022-05-12,93.36904907226562
2022-05-13,92.87822723388672
2022-05-16,93.00299835205078
2022-05-17,92.47061157226562
2022-05-18,92.81169891357422
2022-05-19,93.06122589111328
2022-05-20,93.51875305175781
2022-05-23,93.18603515625
2022-05-24,94.40886688232422
2022-05-25,95.38217163085938
2022-05-26,95.40711212158203
2022-05-27,95.90623474121094
2022-05-31,95.19918060302734
2022-06-01,94.64378356933594
2022-06-02,94.68547821044922
2022-06-03,94.38531494140625
2022-06-06,93.71818542480469
2022-06-07,94.21849822998047
2022-06-08,93.67650604248047
2022-06-09,93.05943298339844
2022-06-10,92.15888977050781
2022-06-13,90.03253173828125
2022-06-14,89.56555938720703
2022-06-15,90.96642303466797
2022-06-16,91.0665054321289
2022-06-17,91.24994659423828
2022-06-21,90.33271026611328
2022-06-22,90.9914779663086
2022-06-23,91.69193267822266
2022-06-24,91.8003158569336
2022-06-27,90.95809936523438
2022-06-28,90.93309020996094
2022-06-29,91.47510528564453
2022-06-30,91.75030517578125
2022-07-01,92.90998077392578
2022-07-05,92.88490295410156
2022-07-06,92.4250259399414
2022-07-07,92.4166488647461
2022-07-08,92.26615142822266
2022-07-11,92.52534484863281
2022-07-12,92.65914916992188
2022-07-13,93.35311889648438
2022-07-14,92.75946807861328
2022-07-15,93.50360870361328
2022-07-18,92.85144805908203
2022-07-19,93.11064910888672
2022-07-20,93.01032257080078
2022-07-21,94.2812271118164
2022-07-22,95.0086441040039
2022-07-25,94.20597076416016
2022-07-26,94.18927001953125
2022-07-27,94.81632995605469
2022-07-28,95.60230255126953
2022-07-29,95.82803344726562
2022-08-01,96.0174560546875
2022-08-02,94.84405517578125
2022-08-03,95.8749771118164
2022-08-04,96.02587127685547
2022-08-05,94.72674560546875
2022-08-08,95.10388946533203
2022-08-09,94.67642974853516
2022-08-10,95.57324981689453
2022-08-11,94.65129089355469
2022-08-12,95.749267578125
2022-08-15,95.68223571777344
2022-08-16,95.31343841552734
2022-08-17,94.41663360595703
2022-08-18,94.65965270996094
2022-08-19,93.53655242919922
2022-08-22,92.90796661376953
2022-08-23,93.00856018066406
2022-08-24,92.73194122314453
2022-08-25,93.68742370605469
2022-08-26,93.12586212158203
2022-08-29,92.43860626220703
2022-08-30,92.55596923828125
2022-08-31,91.58370208740234
2022-09-01,91.03234100341797
2022-09-02,91.0995864868164
2022-09-06,89.86408996582031
2022-09-07,91.09117889404297
2022-09-08,90.88105773925781
2022-09-09,91.09117889404297
2022-09-12,90.88947296142578
2022-09-13,90.23389434814453
2022-09-14,90.66253662109375
2022-09-15,90.22549438476562
2022-09-16,90.0153579711914
2022-09-19,90.16663360595703
2022-09-20,89.26734161376953
2022-09-21,89.60353088378906
2022-09-22,88.34280395507812
2022-09-23,88.0906753540039
2022-09-26,86.56098937988281
2022-09-27,85.25826263427734
2022-09-28,86.97281646728516
2022-09-29,86.32565307617188
2022-09-30,86.10711669921875
2022-10-03,87.70005798339844
2022-10-04,88.1048355102539
2022-10-05,87.43865966796875
2022-10-06,87.23628234863281
2022-10-07,86.36772155761719
2022-10-10,85.5918960571289
2022-10-11,85.41480255126953
2022-10-12,85.31364440917969
2022-10-13,85.46540069580078
2022-10-14,84.64744567871094
2022-10-17,85.05220031738281
2022-10-18,85.55818176269531
2022-10-19,84.38603973388672
2022-10-20,83.65235900878906
2022-10-21,83.88848114013672
2022-10-24,83.84632110595703
2022-10-25,84.9678726196289
2022-10-26,85.35578155517578
2022-10-27,85.75212097167969
2022-10-28,85.92920684814453
2022-10-31,85.46540069580078
2022-11-01,86.0803451538086
2022-11-02,85.66586303710938
2022-11-03,85.36136627197266
2022-11-04,85.5305404663086
2022-11-07,85.21759796142578
2022-11-08,85.5728530883789
2022-11-09,85.35286712646484
2022-11-10,88.21180725097656
2022-11-11,88.44865417480469
2022-11-14,88.00035858154297
2022-11-15,89.22679901123047
2022-11-16,89.98805236816406
2022-11-17,89.50594329833984
2022-11-18,89.49747467041016
2022-11-21,89.36216735839844
2022-11-22,90.15725708007812
2022-11-23,91.06230163574219
2022-11-25,91.15531158447266
2022-11-28,90.49557495117188
2022-11-29,90.04727935791016
2022-11-30,91.14685821533203
2022-12-01,92.28729248046875
2022-12-02,92.84732818603516
2022-12-05,92.05818176269531
2022-12-06,92.33821868896484
2022-12-07,93.36493682861328
2022-12-08,93.06796264648438
2022-12-09,92.37216186523438
2022-12-12,92.25333404541016
2022-12-13,93.05948638916016
2022-12-14,93.14432525634766
2022-12-15,93.22264099121094
2022-12-16,92.8226318359375
2022-12-19,91.88639068603516
2022-12-20,90.80545806884766
2022-12-21,91.42679595947266
2022-12-22,91.40123748779297
2022-12-23,91.1203842163086
2022-12-27,89.94583892822266
2022-12-28,89.66496276855469
2022-12-29,90.30330657958984
2022-12-30,89.73306274414062
2023-01-03,90.35438537597656
2023-01-04,91.00973510742188
2023-01-05,90.94163513183594
2023-01-06,92.43107604980469
2023-01-09,92.79707336425781
2023-01-10,92.48218536376953
2023-01-11,93.27366638183594
2023-01-12,94.32910919189453
2023-01-13,94.022705078125
2023-01-17,93.68223571777344
2023-01-18,94.78018188476562
2023-01-19,94.58441162109375
2023-01-20,94.09075927734375
2023-01-23,93.81842041015625
2023-01-24,94.31204986572266
2023-01-25,94.3546142578125
2023-01-26,94.32056427001953
2023-01-27,94.04823303222656
2023-01-30,93.69074249267578
2023-01-31,94.3631362915039
2023-02-01,95.32103729248047
2023-02-02,95.4576187133789
2023-02-03,94.37338256835938
2023-02-06,93.64769744873047
2023-02-07,93.3403549194336
2023-02-08,93.43424987792969
2023-02-09,92.64881134033203
2023-02-10,91.99996185302734
2023-02-13,92.34146881103516
2023-02-14,92.11092376708984
2023-02-15,91.76091766357422
2023-02-16,91.02664947509766
2023-02-17,91.38525390625
2023-02-21,90.08756256103516
2023-02-22,90.34370422363281
2023-02-23,91.05230712890625
2023-02-24,90.36927795410156
2023-02-27,90.39490509033203
2023-02-28,90.42906951904297
2023-03-01,89.86528778076172
2023-03-02,89.94242095947266
2023-03-03,90.96194458007812
2023-03-06,90.71348571777344
2023-03-07,90.45646667480469
2023-03-08,90.31082916259766
2023-03-09,90.22515106201172
2023-03-10,91.51885223388672
2023-03-13,91.59599304199219
2023-03-14,91.32181549072266
2023-03-15,92.19569396972656
2023-03-16,92.0586166381836
2023-03-17,92.52124786376953
2023-03-20,92.24708557128906
2023-03-21,92.69263458251953
2023-03-22,93.23235321044922
2023-03-23,93.49796295166016
2023-03-24,93.78926849365234
2023-03-27,92.66692352294922
2023-03-28,92.51268768310547
2023-03-29,92.9410629272461
2023-03-30,93.06959533691406
2023-03-31,93.90921783447266
2023-04-03,94.47642517089844
2023-04-04,94.59672546386719
2023-04-05,94.90614318847656
2023-04-06,94.8202133178711
2023-04-10,94.38188934326172
2023-04-11,94.3561019897461
2023-04-12,94.15843963623047
2023-04-13,94.32176208496094
2023-04-14,94.01234436035156
2023-04-17,93.4193344116211
2023-04-18,93.72872161865234
2023-04-19,93.26466369628906
2023-04-20,93.61701965332031
2023-04-21,93.6771469116211
2023-04-24,94.08971405029297
2023-04-25,94.50221252441406
2023-04-26,94.08971405029297
2023-04-27,93.74591064453125
2023-04-28,94.47642517089844
2023-05-01,92.95179748535156
2023-05-02,94.07284545898438
2023-05-03,94.22806549072266
2023-05-04,93.9693832397461
2023-05-05,93.59857940673828
2023-05-08,92.92594146728516
2023-05-09,92.89144134521484
2023-05-10,93.62444305419922
2023-05-11,93.98661804199219
2023-05-12,93.40885925292969
2023-05-15,92.90867614746094
2023-05-16,92.44300842285156
2023-05-17,92.43438720703125
2023-05-18,92.04633331298828
2023-05-19,91.93424224853516
2023-05-22,91.89974212646484
2023-05-23,92.08944702148438
2023-05-24,91.72727966308594
2023-05-25,91.42545318603516
2023-05-26,91.81351470947266
2023-05-30,92.50338745117188
2023-05-31,92.80522155761719
2023-06-01,93.08985900878906
2023-06-02,92.83895874023438
2023-06-05,92.63996887207031
2023-06-06,92.82164001464844
2023-06-07,91.9911117553711
2023-06-08,92.60536193847656
2023-06-09,92.36312103271484
2023-06-12,92.65727996826172
2023-06-13,92.24199676513672
2023-06-14,92.52749633789062
2023-06-15,93.33208465576172
2023-06-16,93.1677017211914
2023-06-20,93.50511932373047
2023-06-21,93.40128326416016
2023-06-22,92.91680145263672
2023-06-23,93.17637634277344
2023-06-26,93.28018188476562
2023-06-27,93.17637634277344
2023-06-28,93.58296203613281
2023-06-29,92.87356567382812
2023-06-30,93.5570068359375
2023-07-03,93.29491424560547
2023-07-05,92.6265869140625
2023-07-06,91.68921661376953
2023-07-07,91.60238647460938
2023-07-10,92.07978057861328
2023-07-11,92.51374053955078
2023-07-12,93.3296127319336
2023-07-13,93.9892578125
2023-07-14,93.26017761230469
2023-07-17,93.41643524169922
2023-07-18,93.65074920654297
2023-07-19,94.18021392822266
2023-07-20,93.5466079711914
2023-07-21,93.71150970458984
2023-07-24,93.59869384765625
2023-07-25,93.45111846923828
2023-07-26,93.88510131835938
2023-07-27,92.7394027709961
2023-07-28,93.34698486328125
2023-07-31,93.60736083984375
2023-08-01,92.67461395263672
2023-08-02,92.10851287841797
2023-08-03,91.28113555908203
2023-08-04,92.2304458618164
2023-08-07,92.00399017333984
2023-08-08,92.36980438232422
2023-08-09,92.45686340332031
2023-08-10,91.8037109375
2023-08-11,91.49016571044922
2023-08-14,91.455322265625
2023-08-15,90.9762954711914
2023-08-16,90.5669937133789
2023-08-17,90.32311248779297
2023-08-18,90.66279602050781
2023-08-21,90.12283325195312
2023-08-22,90.40149688720703
2023-08-23,91.67304229736328
2023-08-24,91.35954284667969
2023-08-25,91.41178131103516
2023-08-28,91.69916534423828
2023-08-29,92.43077087402344
2023-08-30,92.30010986328125
2023-08-31,92.45686340332031
2023-09-01,91.7987289428711
2023-09-05,91.14321899414062
2023-09-06,91.05582427978516
2023-09-07,91.45785522460938
2023-09-08,91.52777862548828
2023-09-11,91.35299682617188
2023-09-12,91.3267822265625
2023-09-13,91.52777862548828
2023-09-14,91.36173248291016
2023-09-15,91.22190856933594
2023-09-18,91.39667510986328
2023-09-19,91.0907974243164
2023-09-20,91.12572479248047
2023-09-21,90.20800018310547
2023-09-22,90.75867462158203
2023-09-25,89.87590026855469
2023-09-26,89.62242126464844
2023-09-27,89.20288848876953
2023-09-28,89.36019134521484
2023-09-29,89.16793060302734
2023-10-02,88.35101318359375
2023-10-03,87.33316040039062
2023-10-04,88.0965805053711
2023-10-05,87.99125671386719
2023-10-06,87.72802734375
2023-10-09,88.81610107421875
2023-10-10,88.85118103027344
2023-10-11,89.39518737792969
2023-10-12,88.4650650024414
2023-10-13,88.9564437866211
2023-10-16,88.34224700927734
2023-10-17,87.64027404785156
2023-10-18,86.93830108642578
2023-10-19,86.23634338378906
2023-10-20,86.57856750488281
2023-10-23,87.25418853759766
2023-10-24,87.74556732177734
2023-10-25,86.94708251953125
2023-10-26,87.57884979248047
2023-10-27,87.40337371826172
2023-10-30,87.14010620117188
2023-10-31,87.01726531982422
2023-11-01,88.2625732421875
2023-11-02,89.31058502197266
2023-11-03,89.75096893310547
2023-11-06,89.27536010742188
2023-11-07,89.98875427246094
2023-11-08,90.44666290283203
2023-11-09,89.53075408935547
2023-11-10,89.97990417480469
2023-11-13,89.98875427246094
2023-11-14,91.39785766601562
2023-11-15,90.92225646972656
2023-11-16,91.6707992553711
2023-11-17,91.93504333496094
2023-11-20,92.304931640625
2023-11-21,92.33133697509766
2023-11-22,92.70124816894531
2023-11-24,92.22566986083984
2023-11-27,92.97425079345703
2023-11-28,93.3441390991211
2023-11-29,94.10151672363281
2023-11-30,93.60835266113281
2023-12-01,94.73541259765625
2023-12-04,94.3022689819336
2023-12-05,95.05362701416016
2023-12-06,95.40724182128906
2023-12-07,95.41607666015625
2023-12-08,94.90338897705078
2023-12-11,94.8768539428711
2023-12-12,95.41607666015625
2023-12-13,97.01605987548828
2023-12-14,98.04784393310547
2023-12-15,97.90589141845703
2023-12-18,97.49779510498047
2023-12-19,97.62200164794922
2023-12-20,97.87928771972656
2023-12-21,97.8437728881836
2023-12-22,97.67523956298828
2023-12-26,97.87928771972656
2023-12-27,98.79305267333984
2023-12-28,98.53575134277344
2023-12-29,98.17203521728516
2024-01-02,97.50665283203125
2024-01-03,97.28488159179688
2024-01-04,96.74372863769531
2024-01-05,96.39773559570312
2024-01-08,97.134033203125
2024-01-09,97.30260467529297
2024-01-10,97.17841339111328
2024-01-11,97.7639389038086
2024-01-12,97.97685241699219
2024-01-16,96.98323822021484
2024-01-17,96.7791976928711
2024-01-18,96.59288024902344
2024-01-19,96.69049835205078
2024-01-22,96.95662689208984
2024-01-23,96.6017837524414
2024-01-24,96.41548919677734
2024-01-25,97.05419921875
2024-01-26,96.7791976928711
2024-01-29,97.17841339111328
2024-01-30,97.48890686035156
2024-01-31,97.7373275756836
2024-02-01,98.4931869506836
2024-02-02,97.593994140625
2024-02-05,96.65918731689453
2024-02-06,97.20227813720703
2024-02-07,96.9173583984375
2024-02-08,96.4188003540039
2024-02-09,96.29418182373047
2024-02-12,96.30306243896484
2024-02-13,95.24362182617188
2024-02-14,95.68877410888672
2024-02-15,96.03597259521484
2024-02-16,95.68877410888672
2024-02-20,96.00926971435547
2024-02-21,95.76887512207031
2024-02-22,95.92023468017578
2024-02-23,96.20513153076172
2024-02-26,95.90242767333984
2024-02-27,95.76887512207031
2024-02-28,95.75997161865234
2024-02-29,95.8490219116211
2024-03-01,96.43250274658203
2024-03-04,96.25379943847656
2024-03-05,96.78101348876953
2024-03-06,97.04010009765625
2024-03-07,97.28138732910156
2024-03-08,97.41542053222656
2024-03-11,97.43329620361328
2024-03-12,97.12054443359375
2024-03-13,97.02223205566406
2024-03-14,96.30741119384766
2024-03-15,96.3342056274414
2024-03-18,96.17337036132812
2024-03-19,96.45037078857422
2024-03-20,96.62907409667969
2024-03-21,96.7720718383789
2024-03-22,97.1026611328125
2024-03-25,96.7720718383789
2024-03-26,96.74526977539062
2024-03-27,97.41542053222656
2024-03-28,97.32605743408203
2024-04-01,96.39412689208984
2024-04-02,96.2506332397461
2024-04-03,96.31340026855469
2024-04-04,96.4210433959961
2024-04-05,95.9994888305664
2024-04-08,95.99052429199219
2024-04-09,96.48381805419922
2024-04-10,95.11152648925781
2024-04-11,94.91417694091797
2024-04-12,95.12944793701172
2024-04-15,94.08001708984375
2024-04-16,93.7660903930664
2024-04-17,94.27734375
2024-04-18,94.08899688720703
2024-04-19,94.18768310546875
2024-04-22,94.42085266113281
2024-04-23,94.5822982788086
2024-04-24,94.2145767211914
2024-04-25,93.9365234375
2024-04-26,94.29529571533203
2024-04-29,94.68994903564453
2024-04-30,94.16971588134766
2024-05-01,94.56146240234375
2024-05-02,95.14678955078125
2024-05-03,95.8131332397461
2024-05-06,96.08328247070312
2024-05-07,96.12831115722656
2024-05-08,95.88517761230469
2024-05-09,96.03826904296875
2024-05-10,95.73210144042969
2024-05-13,95.76811218261719
2024-05-14,96.04724884033203
2024-05-15,96.90272521972656
2024-05-16,96.7496566772461
2024-05-17,96.52454376220703
2024-05-20,96.4795150756836
2024-05-21,96.6416015625
2024-05-22,96.49750518798828
2024-05-23,96.07427978515625
2024-05-24,96.3354263305664
2024-05-28,95.75909423828125
2024-05-29,95.24581909179688
2024-05-30,95.8311538696289
2024-05-31,96.2543716430664
2024-06-03,96.91876220703125
2024-06-04,97.29840850830078
2024-06-05,97.62380981445312
2024-06-06,97.56053924560547
2024-06-07,96.68374633789062
2024-06-10,96.48487854003906
2024-06-11,96.90068054199219
2024-06-12,97.49727630615234
2024-06-13,97.9582748413086
2024-06-14,98.03963470458984
2024-06-17,97.57862854003906
2024-06-18,98.03057861328125
2024-06-20,97.7051773071289
2024-06-21,97.73228454589844
2024-06-24,97.83173370361328
2024-06-25,97.79557800292969
2024-06-26,97.26226043701172
2024-06-27,97.45207977294922
2024-06-28,96.82837677001953
2024-07-01,96.25328063964844
2024-07-02,96.87010955810547
2024-07-03,97.58672332763672
2024-07-05,98.09468841552734
2024-07-08,98.08561706542969
2024-07-09,97.90419006347656
2024-07-10,98.14006042480469
2024-07-11,98.66615295410156
2024-07-12,99.02899932861328
2024-07-15,98.48474884033203
2024-07-16,99.05622100830078
2024-07-17,99.10157775878906
2024-07-18,98.67523956298828
2024-07-19,98.3123779296875
2024-07-22,98.25798034667969
2024-07-23,98.18540954589844
2024-07-24,97.58672332763672
2024-07-25,97.97677612304688
2024-07-26,98.52101135253906
2024-07-29,98.72962951660156
2024-07-30,98.8113021850586
2024-07-31,99.3827896118164
2024-08-01,99.71234130859375
2024-08-02,100.6864242553711
2024-08-05,100.4315414428711
2024-08-06,99.77606964111328
2024-08-07,99.32087707519531
2024-08-08,99.36639404296875
2024-08-09,99.87620544433594
2024-08-12,100.08560180664062
2024-08-13,100.78657531738281
2024-08-14,101.23265838623047
2024-08-15,100.9231185913086
2024-08-16,101.22354125976562
2024-08-19,101.46024322509766
2024-08-20,101.7242431640625
2024-08-21,101.95182800292969
2024-08-22,101.53305053710938
2024-08-23,102.11570739746094
2024-08-26,101.9882583618164
2024-08-27,101.90631866455078
2024-08-28,101.69692993164062
2024-08-29,101.52396392822266
2024-08-30,101.24175262451172
2024-09-03,101.54783630371094
2024-09-04,102.17830657958984
2024-09-05,102.68081665039062
2024-09-06,102.6351547241211
2024-09-09,102.86356353759766
2024-09-10,103.14680480957031
2024-09-11,103.19248962402344
2024-09-12,103.119384765625
2024-09-13,103.43917846679688
2024-09-16,103.89601135253906
2024-09-17,103.9051742553711
2024-09-18,103.47572326660156
2024-09-19,103.56710052490234
2024-09-20,103.65846252441406
2024-09-23,103.51228332519531
2024-09-24,103.68588256835938
2024-09-25,103.07371520996094
2024-09-26,103.07371520996094
2024-09-27,103.48487091064453
2024-09-30,103.22903442382812
2024-10-01,103.72514343261719
2024-10-02,103.49588775634766
2024-10-03,102.82646179199219
2024-10-04,102.26707458496094
2024-10-07,101.74436950683594
2024-10-08,101.94612884521484
2024-10-09,101.74436950683594
2024-10-10,101.63433074951172
2024-10-11,101.61597442626953
2024-10-14,101.6251449584961
2024-10-15,102.12034606933594
2024-10-16,102.44129943847656
2024-10-17,101.68016815185547
2024-10-18,101.56095886230469
2024-10-21,100.52472686767578
2024-10-22,100.51554107666016
2024-10-23,100.1762466430664
2024-10-24,100.47887420654297
2024-10-25,100.24043273925781
2024-10-28,100.15791320800781
2024-10-29,100.27711486816406
2024-10-30,100.14875030517578
2024-10-31,99.94699096679688
2024-11-01,99.39942169189453
2024-11-04,100.1356430053711
2024-11-05,100.61420440673828
2024-11-06,99.56507873535156
2024-11-07,100.74302673339844
2024-11-08,101.09272766113281
2024-11-11,100.89946746826172
2024-11-12,99.9884033203125
2024-11-13,99.611083984375
2024-11-14,99.58348083496094
2024-11-15,99.62948608398438
2024-11-18,99.81353759765625
2024-11-19,100.02521514892578
2024-11-20,99.78596496582031
2024-11-21,99.66629791259766
2024-11-22,99.75833892822266
2024-11-25,101.0007095336914
2024-11-26,100.74302673339844
2024-11-27,101.11115264892578
2024-11-29,101.7369384765625
2024-12-02,101.89669036865234
2024-12-03,101.5365219116211
2024-12-04,102.02598571777344
2024-12-05,101.9982681274414
2024-12-06,102.22913360595703
2024-12-09,101.97057342529297
2024-12-10,101.81359100341797
2024-12-11,101.5365219116211
2024-12-12,100.96399688720703
2024-12-13,100.40066528320312
2024-12-16,100.5299301147461
2024-12-17,100.53919219970703
2024-12-18,99.2927017211914
2024-12-19,98.75517272949219
2024-12-20,99.14441680908203
2024-12-23,98.85710906982422
2024-12-24,99.16295623779297
2024-12-26,99.25563049316406
2024-12-27,98.8386001586914
2024-12-30,99.264892578125
2024-12-31,99.01465606689453
2025-01-02,99.02392578125
2025-01-03,98.79225158691406
2025-01-06,98.54203033447266
2025-01-07,98.08790588378906
2025-01-08,98.24547576904297
2025-01-10,97.68014526367188
2025-01-13,97.402099609375
2025-01-14,97.51331329345703
2025-01-15,98.68106079101562
2025-01-16,98.87565612792969
2025-01-17,98.95904541015625
2025-01-21,99.53366088867188
2025-01-22,99.21856689453125
2025-01-23,99.07955932617188
2025-01-24,99.27417755126953
2025-01-27,99.9599380493164
2025-01-28,99.82093048095703
2025-01-29,99.69119262695312
2025-01-30,99.91361999511719
2025-01-31,99.58926391601562
2025-02-03,99.74647521972656
2025-02-04,99.9417724609375
2025-02-05,100.63937377929688
2025-02-06,100.4533462524414
2025-02-07,100.01618957519531
2025-02-10,100.0440902709961
2025-02-11,99.82085418701172
2025-02-12,99.28137969970703
2025-02-13,100.05339050292969
2025-02-14,100.44403839111328
2025-02-18,100.0347900390625
2025-02-19,100.09058380126953
2025-02-20,100.33242797851562
2025-02-21,100.68586730957031
2025-02-24,100.94630432128906
2025-02-25,101.71830749511719
2025-02-26,101.9322280883789
2025-02-27,101.50437927246094
2025-02-28,101.95083618164062
2025-03-03,102.27294921875
2025-03-04,101.93683624267578
2025-03-05,101.61006164550781
2025-03-06,101.2926025390625
2025-03-07,101.13389587402344
2025-03-10,101.47935485839844
2025-03-11,100.81644439697266
2025-03-12,100.51768493652344
2025-03-13,100.83512115478516
2025-03-14,100.78842163085938
2025-03-17,100.99384307861328
2025-03-18,101.23661041259766
2025-03-19,101.8341293334961
2025-03-20,101.68475341796875
2025-03-21,101.54468536376953
2025-03-24,101.10588073730469
2025-03-25,101.2085952758789
2025-03-26,100.79776000976562
2025-03-27,100.67639923095703
2025-03-28,101.28327941894531
2025-03-31,101.47935485839844
2025-04-01,101.84204864501953
2025-04-02,102.07637786865234
2025-04-03,102.06700134277344
2025-04-04,101.95451354980469
2025-04-07,99.9675521850586
2025-04-08,98.70225524902344
2025-04-09,100.35182189941406
2025-04-10,98.64600372314453
2025-04-11,98.62728881835938
2025-04-14,99.23649597167969
2025-04-15,99.7707290649414
2025-04-16,100.19249725341797
2025-04-17,100.05189514160156
2025-04-21,98.97405242919922
2025-04-22,99.2177505493164
2025-04-23,99.65824890136719
2025-04-24,100.67986297607422
2025-04-25,101.21409606933594
2025-04-28,101.44841003417969
2025-04-29,101.68270874023438
2025-04-30,101.20471954345703
2025-05-01,100.84901428222656
2025-05-02,100.60436248779297
2025-05-05,100.46319580078125
2025-05-06,100.66080474853516
2025-05-07,100.86784362792969
2025-05-08,100.35969543457031
2025-05-09,100.3220443725586
2025-05-12,100.30323791503906
2025-05-13,100.3879165649414
2025-05-14,99.8797607421875
2025-05-15,100.59494018554688
2025-05-16,100.78314208984375
2025-05-19,100.79255676269531
2025-05-20,100.54788208007812
2025-05-21,99.4280776977539
2025-05-22,99.93623352050781
2025-05-23,100.0114974975586
2025-05-27,100.91488647460938
2025-05-28,100.67021942138672
2025-05-29,101.12191009521484
2025-05-30,101.41361999511719
2025-06-02,101.12650299072266
2025-06-03,101.1737289428711
2025-06-04,101.91043853759766
2025-06-05,101.59873962402344
2025-06-06,100.98482513427734
2025-06-09,101.28707122802734
2025-06-10,101.53264617919922
2025-06-11,101.853759765625
2025-06-12,102.42045593261719
2025-06-13,101.80654907226562
2025-06-16,101.62709045410156
2025-06-17,101.97654724121094
2025-06-18,102.0521240234375
2025-06-20,102.1371078491211
2025-06-23,102.39213562011719
2025-06-24,102.87378692626953
2025-06-25,102.75103759765625
2025-06-26,103.12882995605469
2025-06-27,102.95881652832031
2025-06-30,103.52552032470703
2025-07-01,103.650634765625
2025-07-02,103.63168334960938
2025-07-03,103.38520812988281
2025-07-07,102.76903533935547
2025-07-08,102.47514343261719
2025-07-09,103.06289672851562
2025-07-10,103.08184814453125
2025-07-11,102.45620727539062
2025-07-14,102.42776489257812
2025-07-15,102.05805206298828
2025-07-16,102.21920776367188
2025-07-17,102.46569061279297
2025-07-18,102.6552734375
2025-07-21,103.05342864990234
2025-07-22,103.29989624023438
2025-07-23,103.13874816894531
2025-07-24,102.987060546875
2025-07-25,103.31885528564453
2025-07-28,103.11029052734375
2025-07-29,103.7928237915039
2025-07-30,103.40418243408203
2025-07-31,103.43260955810547
2025-08-01,104.35017395019531
2025-08-04,104.5310287475586
2025-08-05,104.607177734375
2025-08-06,104.57862091064453
2025-08-07,104.47391510009766
2025-08-08,104.1407699584961
2025-08-11,104.30259704589844
2025-08-12,104.39777374267578
2025-08-13,104.94984436035156
2025-08-14,104.58812713623047
2025-08-15,104.45487976074219
2025-08-18,104.2645034790039
2025-08-19,104.42633819580078
2025-08-20,104.47391510009766
2025-08-21,104.07414245605469
2025-08-22,104.89270782470703
2025-08-25,104.61669158935547
2025-08-26,104.69282531738281
2025-08-27,104.73091888427734
2025-08-28,104.89270782470703
2025-08-29,104.51200103759766
2025-09-02,104.16239166259766
2025-09-03,104.78325653076172
2025-09-04,105.49964904785156
2025-09-05,106.18737030029297
2025-09-08,106.55989074707031
2025-09-09,106.36885070800781
2025-09-10,106.68407440185547
2025-09-11,107.18077850341797
2025-09-12,106.98973083496094
2025-09-15,107.32404327392578
2025-09-16,107.22852325439453
2025-09-17,107.0374755859375
2025-09-18,106.81780242919922
2025-09-19,106.73181915283203
2025-09-22,106.49303436279297
2025-09-23,106.70317840576172
2025-09-24,106.27335357666016
2025-09-25,106.08230590820312
2025-09-26,106.22557830810547
2025-09-29,106.57899475097656
2025-09-30,106.47393798828125
2025-10-01,106.90150451660156
2025-10-02,107.07405853271484
2025-10-03,106.93985748291016
2025-10-06,106.59473419189453
2025-10-07,106.79605102539062
2025-10-08,106.66182708740234
2025-10-09,106.450927734375
2025-10-10,106.74810028076172
2025-10-13,107.1124038696289
2025-10-14,107.46712493896484
2025-10-15,107.46712493896484
2025-10-16,107.77388000488281
2025-10-17,107.56298065185547
2025-10-20,107.888916015625
2025-10-21,107.9081039428711
2025-10-22,108.01355743408203
2025-10-23,107.87934875488281
2025-10-24,108.06149291992188
2025-10-27,108.24365234375
2025-10-28,108.25321197509766
2025-10-29,107.6396713256836
2025-10-30,107.0644760131836
2025-10-31,106.6330795288086
2025-11-03,106.34635162353516
2025-11-04,106.49066162109375
2025-11-05,106.17314910888672
2025-11-06,106.73120880126953
2025-11-07,106.51954650878906
2025-11-10,106.57726287841797
2025-11-11,107.0006103515625
2025-11-12,106.894775390625
2025-11-13,106.36558532714844
2025-11-14,106.07695007324219
2025-11-17,106.14430236816406
2025-11-18,106.19241333007812
2025-11-19,106.20201873779297
2025-11-20,106.34635162353516
2025-11-21,106.7215805053711
2025-11-24,107.14493560791016
2025-11-25,107.44319915771484
2025-11-26,107.8088150024414
2025-11-28,107.62600708007812
2025-12-01,107.04946899414062
2025-12-02,107.11707305908203
2025-12-03,107.3584976196289
2025-12-04,107.16535949707031
2025-12-05,107.05912780761719
2025-12-08,106.83702087402344
2025-12-09,106.70181274414062
2025-12-10,107.1943359375
2025-12-11,107.0398178100586
2025-12-12,106.39279174804688
2025-12-15,106.51834106445312
2025-12-16,106.75975799560547
2025-12-17,106.64387512207031
2025-12-18,107.04946899414062
2025-12-19,106.77413177490234
2025-12-22,106.7547378540039
2025-12-23,106.86138916015625
2025-12-24,107.27828216552734
2025-12-26,107.26858520507812
2025-12-29,107.41400909423828
2025-12-30,107.28797149658203
2025-12-31,106.8322982788086
2026-01-02,106.80320739746094
2026-01-05,107.10376739501953
2026-01-06,107.10376739501953
2026-01-07,107.18132019042969
2026-01-08,106.88076782226562
2026-01-09,107.26858520507812
2026-01-12,107.14254760742188
2026-01-13,107.3752212524414
2026-01-14,107.64669036865234
2026-01-15,107.5109634399414
2026-01-16,107.20072174072266
2026-01-20,106.5511474609375
2026-01-21,107.19102478027344
2026-01-22,107.39461517333984
2026-01-23,107.46249389648438
2026-01-26,107.54975128173828
2026-01-27,107.43340301513672
2026-01-28,107.27828216552734
2026-01-29,107.30736541748047
2026-01-30,107.20072174072266
2026-02-02,107.10145568847656
2026-02-03,107.1501235961914
2026-02-04,107.01387786865234
2026-02-05,107.5296401977539
2026-02-06,107.58802032470703
2026-02-09,107.58802032470703
2026-02-10,107.84103393554688
2026-02-11,107.7242431640625
2026-02-12,108.23028564453125
2026-02-13,108.59032440185547
2026-02-17,108.69737243652344
2026-02-18,108.59032440185547
2026-02-19,108.67790985107422
2026-02-20,108.59032440185547
2026-02-23,108.70710754394531
2026-02-24,108.67790985107422
2026-02-25,108.64871978759766
2026-02-26,108.71684265136719
2026-02-27,108.67790985107422
2026-03-02,108.30978393554688
2026-03-03,108.2609634399414
2026-03-04,108.35859680175781
2026-03-05,107.92896270751953
2026-03-06,107.56767272949219
2026-03-09,108.2121353149414
2026-03-10,107.47002410888672
2026-03-11,106.59120178222656
2026-03-12,106.01509094238281
2026-03-13,105.62449645996094
2026-03-16,106.13226318359375
2026-03-17,106.72791290283203
2026-03-18,106.15179443359375
2026-03-19,106.62049102783203
2026-03-20,105.31201934814453
2026-03-23,106.00531768798828
2026-03-24,105.79048919677734
2026-03-25,106.17132568359375
2026-03-26,105.34131622314453
2026-03-27,105.08744049072266
2026-03-30,105.76119995117188
2026-03-31,106.4251937866211
2026-04-01,106.5389404296875
2026-04-02,106.98995208740234
2026-04-06,106.8232650756836
2026-04-07,106.94093322753906
2026-04-08,107.35272979736328
2026-04-09,107.35272979736328
2026-04-10,107.06838989257812
2026-04-13,107.48019409179688
2026-04-14,107.83316040039062
2026-04-15,107.7939453125
2026-04-16,107.29389953613281
2026-04-17,107.89199829101562
2026-04-20,107.88218688964844
2026-04-21,107.47039031982422
2026-04-22,107.6762924194336
2026-04-23,107.38213348388672
2026-04-24,107.46057891845703
2026-04-27,107.1566390991211
2026-04-28,107.2056655883789
2026-04-29,106.60757446289062
2026-04-30,106.72521209716797
2026-05-01,106.89747619628906
2026-05-04,106.55297088623047
2026-05-05,106.94670104980469
2026-05-06,107.47823333740234
2026-05-07,107.03528594970703
2026-05-08,107.48807525634766
2026-05-11,107.2223129272461
2026-05-12,106.85810852050781
2026-05-13,106.91716766357422
2026-05-14,106.8482666015625
2026-05-15,106.16908264160156
2026-05-18,105.97221374511719
2026-05-19,105.44068145751953
2026-05-20,106.25767517089844
2026-05-21,106.47422790527344
2026-05-22,106.67108917236328
2026-05-26,107.07466125488281
2026-05-27,107.2223129272461
2026-05-28,107.54713439941406
2026-05-29,107.64556884765625
2026-06-01,107.6287612915039
2026-06-02,107.61888885498047
2026-06-03,107.32246398925781
2026-06-04,107.54972076416016
2026-06-05,106.87784576416016
2026-06-08,106.76915740966797
2026-06-09,107.11498260498047
2026-06-10,106.86796569824219
2026-06-11,107.77696990966797
2026-06-12,107.70780944824219
2026-06-15,107.68804931640625
2026-06-16,107.81649780273438
2026-06-17,107.47067260742188
2026-06-18,107.76709747314453
2026-06-22,107.48056030273438
2026-06-23,107.6090087890625
2026-06-24,108.10303497314453
2026-06-25,108.19196319580078
2026-06-26,108.19196319580078
2026-06-29,108.38957214355469
2026-06-30,107.76709747314453
2026-07-01,107.54102325439453
2026-07-02,107.71949768066406
2026-07-06,107.74923706054688
2026-07-07,106.96593475341797
2026-07-08,106.7577133178711
2026-07-09,106.79737091064453
2026-07-10,106.54949188232422
2026-07-13,106.05372619628906
2026-07-14,106.3016128540039
2026-07-15,106.6684799194336
2026-07-16,106.58915710449219
2026-07-17,106.64865112304688
2026-07-20,106.24211883544922
2026-07-21,105.94466400146484
2026-07-22,105.76618194580078
2026-07-23,105.35966491699219
2026-07-24,105.32991790771484
2026-07-27,105.6075439453125
2026-07-28,105.92483520507812
2026-07-29,105.32000732421875
2026-07-30,105.5083999633789
2026-07-31,105.34974670410156
2026-08-03,105.66641998291016
2026-08-04,106.31370544433594
2026-08-05,106.29378509521484
2026-08-06,105.91537475585938
2026-08-07,106.10458374023438
2026-08-10,105.51704406738281
2026-08-11,105.54692077636719
2026-08-12,105.67638397216797
2026-08-13,106.10458374023438
2026-08-14,105.67638397216797
2026-08-17,105.25813293457031
2026-08-18,105.39754486083984
2026-08-19,106.12449645996094
2026-08-20,105.61663055419922
2026-08-21,105.47721099853516
2026-08-24,105.73612976074219
2026-08-25,106.41328430175781
2026-08-26,106.3336181640625
2026-08-27,106.28382873535156
2026-08-28,105.9054183959961
2026-08-31,105.76599884033203
2026-09-01,105.22000122070312
2026-09-02,105.3499984741211
2026-09-03,105.5
2026-09-04,105.4800033569336
2026-09-08,105.4800033569336
2026-09-09,105.30999755859375
2026-09-10,104.36000061035156
2026-09-11,104.31999969482422
