date,value
2012-05-18,37.89719772338867
2012-05-21,33.733760833740234
2012-05-22,30.73013687133789
2012-05-23,31.721437454223633
2012-05-24,32.74246597290039
2012-05-25,31.632217407226562
2012-05-29,28.588945388793945
2012-05-30,27.944602966308594
2012-05-31,29.342329025268555
2012-06-01,27.478694915771484
2012-06-04,26.665830612182617
2012-06-05,25.64480209350586
2012-06-06,26.576614379882812
2012-06-07,26.080968856811523
2012-06-08,26.864089965820312
2012-06-11,26.77487564086914
2012-06-12,27.161479949951172
2012-06-13,27.032611846923828
2012-06-14,28.043731689453125
2012-06-15,29.748760223388672
2012-06-18,31.136571884155273
2012-06-19,31.632217407226562
2012-06-20,31.32491683959961
2012-06-21,31.562828063964844
2012-06-22,32.76229476928711
2012-06-25,31.780914306640625
2012-06-26,32.81186294555664
2012-06-27,31.949434280395508
2012-06-28,31.087005615234375
2012-06-29,30.82927131652832
2012-07-02,30.50214195251465
2012-07-03,30.92840003967285
2012-07-05,31.196046829223633
2012-07-06,31.453784942626953
2012-07-09,31.889955520629883
2012-07-10,31.196046829223633
2012-07-11,30.700401306152344
2012-07-12,30.54179573059082
2012-07-13,30.452577590942383
2012-07-16,28.004077911376953
2012-07-17,27.845474243164062
2012-07-18,28.85659408569336
2012-07-19,28.74755096435547
2012-07-20,28.509639739990234
2012-07-23,28.499727249145508
2012-07-24,28.20233917236328
2012-07-25,29.084590911865234
2012-07-26,26.616268157958984
2012-07-27,23.503604888916016
2012-07-30,22.948476791381836
2012-07-31,21.521011352539062
2012-08-01,20.69823455810547
2012-08-02,19.865550994873047
2012-08-03,20.906408309936523
2012-08-06,21.729183197021484
2012-08-07,20.539627075195312
2012-08-08,20.539627075195312
2012-08-09,20.827102661132812
2012-08-10,21.62013816833496
2012-08-13,21.411972045898438
2012-08-14,20.202587127685547
2012-08-15,21.015451431274414
2012-08-16,19.697031021118164
2012-08-17,18.884164810180664
2012-08-20,19.835811614990234
2012-08-21,18.993209838867188
2012-08-22,19.27077293395996
2012-08-23,19.27077293395996
2012-08-24,19.24103355407715
2012-08-27,18.98329734802246
2012-08-28,19.171642303466797
2012-08-29,18.933731079101562
2012-08-30,18.923818588256836
2012-08-31,17.902788162231445
2012-09-04,17.57565689086914
2012-09-05,18.418258666992188
2012-09-06,18.79494857788086
2012-09-07,18.814775466918945
2012-09-10,18.646255493164062
2012-09-11,19.260860443115234
2012-09-12,20.747800827026367
2012-09-13,20.52971649169922
2012-09-14,21.80848503112793
2012-09-17,21.332664489746094
2012-09-18,21.67961883544922
2012-09-19,23.08725929260254
2012-09-20,22.39335060119629
2012-09-21,22.661001205444336
2012-09-24,20.609024047851562
2012-09-25,20.103458404541016
2012-09-26,20.440500259399414
2012-09-27,20.143108367919922
2012-09-28,21.471445083618164
2012-10-01,21.79857635498047
2012-10-02,22.07613754272461
2012-10-03,21.63996696472168
2012-10-04,21.758926391601562
2012-10-05,20.727977752685547
2012-10-08,20.222414016723633
2012-10-09,20.053892135620117
2012-10-10,19.469030380249023
2012-10-11,19.578075408935547
2012-10-12,19.350078582763672
2012-10-15,19.350078582763672
2012-10-16,19.310420989990234
2012-10-17,19.706939697265625
2012-10-18,18.814775466918945
2012-10-19,18.834604263305664
2012-10-22,19.151817321777344
2012-10-23,19.330251693725586
2012-10-24,23.027780532836914
2012-10-25,22.363611221313477
2012-10-26,21.749008178710938
2012-10-31,20.926237106323242
2012-11-01,21.02536392211914
2012-11-02,20.995624542236328
2012-11-05,21.06501579284668
2012-11-06,20.985713958740234
2012-11-07,20.291805267333984
2012-11-08,19.81598472595215
2012-11-09,19.042774200439453
2012-11-12,19.895292282104492
2012-11-13,19.687114715576172
2012-11-14,22.165355682373047
2012-11-15,21.977005004882812
2012-11-16,23.354907989501953
2012-11-19,22.720476150512695
2012-11-20,22.898910522460938
2012-11-21,24.10828971862793
2012-11-23,23.79107666015625
2012-11-26,25.714189529418945
2012-11-27,25.922361373901367
2012-11-28,26.13053321838379
2012-11-29,27.082176208496094
2012-11-30,27.756254196166992
2012-12-03,26.804615020751953
2012-12-04,27.22095489501953
2012-12-05,27.468782424926758
2012-12-06,26.73522186279297
2012-12-07,27.250696182250977
2012-12-10,27.5976505279541
2012-12-11,27.736434936523438
2012-12-12,27.339914321899414
2012-12-13,27.99416732788086
2012-12-14,26.576614379882812
2012-12-17,26.51713752746582
2012-12-18,27.468782424926758
2012-12-19,27.1713924407959
2012-12-20,27.121826171875
2012-12-21,26.031404495239258
2012-12-24,26.695571899414062
2012-12-26,26.27922821044922
2012-12-27,25.823230743408203
2012-12-28,25.684452056884766
2012-12-31,26.38827133178711
2013-01-02,27.756254196166992
2013-01-03,27.528255462646484
2013-01-04,28.509639739990234
2013-01-07,29.163894653320312
2013-01-08,28.807029724121094
2013-01-09,30.323711395263672
2013-01-10,31.027530670166016
2013-01-11,31.44386863708496
2013-01-14,30.680578231811523
2013-01-15,29.837976455688477
2013-01-16,29.590150833129883
2013-01-17,29.87763023376465
2013-01-18,29.401805877685547
2013-01-22,30.46249008178711
2013-01-23,30.551706314086914
2013-01-24,30.8094425201416
2013-01-25,31.265439987182617
2013-01-28,32.18734359741211
2013-01-29,30.52197265625
2013-01-30,30.968050003051758
2013-01-31,30.710315704345703
2013-02-01,29.4711971282959
2013-02-04,27.86530303955078
2013-02-05,28.390682220458984
2013-02-06,28.797115325927734
2013-02-07,28.400598526000977
2013-02-08,28.301467895507812
2013-02-11,28.013992309570312
2013-02-12,27.131742477416992
2013-02-13,27.66703987121582
2013-02-14,28.25190544128418
2013-02-15,28.073469161987305
2013-02-19,28.678163528442383
2013-02-20,28.212251663208008
2013-02-21,27.042524337768555
2013-02-22,26.893829345703125
2013-02-25,27.032611846923828
2013-02-26,27.151565551757812
2013-02-27,26.636093139648438
2013-02-28,27.012784957885742
2013-03-01,27.53817367553711
2013-03-04,27.478694915771484
2013-03-05,27.28043556213379
2013-03-06,27.211042404174805
2013-03-07,28.331207275390625
2013-03-08,27.716602325439453
2013-03-11,27.895034790039062
2013-03-12,27.587736129760742
2013-03-13,26.844268798828125
2013-03-14,26.804615020751953
2013-03-15,26.41800880432129
2013-03-18,26.2593994140625
2013-03-19,26.318878173828125
2013-03-20,25.6348876953125
2013-03-21,25.515933990478516
2013-03-22,25.506017684936523
2013-03-25,24.911239624023438
2013-03-26,24.990541458129883
2013-03-27,25.862884521484375
2013-03-28,25.357322692871094
2013-04-01,25.307758331298828
2013-04-02,25.198719024658203
2013-04-03,26.0214900970459
2013-04-04,26.8343505859375
2013-04-05,27.151565551757812
2013-04-08,26.616268157958984
2013-04-09,26.35853385925293
2013-04-10,27.329999923706055
2013-04-11,27.77608299255371
2013-04-12,27.161479949951172
2013-04-15,26.289140701293945
2013-04-16,26.68565559387207
2013-04-17,26.398183822631836
2013-04-18,25.46636390686035
2013-04-19,25.506017684936523
2013-04-22,25.743927001953125
2013-04-23,25.753841400146484
2013-04-24,25.882709503173828
2013-04-25,25.91244888305664
2013-04-26,26.616268157958984
2013-04-29,26.745134353637695
2013-04-30,27.528255462646484
2013-05-01,27.191221237182617
2013-05-02,28.717811584472656
2013-05-03,28.063556671142578
2013-05-06,27.329999923706055
2013-05-07,26.655920028686523
2013-05-08,26.8839168548584
2013-05-09,26.804615020751953
2013-05-10,26.44774627685547
2013-05-13,26.58653450012207
2013-05-14,26.8343505859375
2013-05-15,26.36844253540039
2013-05-16,25.902536392211914
2013-05-17,26.0214900970459
2013-05-20,25.535757064819336
2013-05-21,25.436626434326172
2013-05-22,24.940980911254883
2013-05-23,24.84185028076172
2013-05-24,24.098379135131836
2013-05-28,23.890207290649414
2013-05-29,23.116994857788086
2013-05-30,24.336292266845703
2013-05-31,24.13803482055664
2013-06-03,23.642385482788086
2013-06-04,23.315256118774414
2013-06-05,22.700653076171875
2013-06-06,22.77004051208496
2013-06-07,23.08725929260254
2013-06-10,24.118206024169922
2013-06-11,23.820819854736328
2013-06-12,23.563079833984375
2013-06-13,23.523426055908203
2013-06-14,23.424301147460938
2013-06-17,23.81090545654297
2013-06-18,23.999250411987305
2013-06-19,24.098379135131836
2013-06-20,23.69194793701172
2013-06-21,24.316465377807617
2013-06-24,23.731599807739258
2013-06-25,24.03890037536621
2013-06-26,23.949682235717773
2013-06-27,24.445335388183594
2013-06-28,24.663415908813477
2013-07-01,24.59402847290039
2013-07-02,24.197507858276367
2013-07-03,24.306550979614258
2013-07-05,24.15785789489746
2013-07-08,24.49489402770996
2013-07-09,25.258193969726562
2013-07-10,25.57540512084961
2013-07-11,25.5853214263916
2013-07-12,25.684452056884766
2013-07-15,26.051231384277344
2013-07-16,26.09088134765625
2013-07-17,26.41800880432129
2013-07-18,25.95210075378418
2013-07-19,25.654708862304688
2013-07-22,25.823230743408203
2013-07-23,25.902536392211914
2013-07-24,26.27922821044922
2013-07-25,34.06089401245117
2013-07-26,33.71393966674805
2013-07-29,35.12157440185547
2013-07-30,37.302433013916016
2013-07-31,36.479652404785156
2013-08-01,37.16364288330078
2013-08-02,37.71876907348633
2013-08-05,38.84884262084961
2013-08-06,38.21441650390625
2013-08-07,38.53163146972656
2013-08-08,38.204505920410156
2013-08-09,38.164852142333984
2013-08-12,37.88728713989258
2013-08-13,36.69773483276367
2013-08-14,36.330963134765625
2013-08-15,36.24174118041992
2013-08-16,36.75722122192383
2013-08-19,37.48086166381836
2013-08-20,38.07563400268555
2013-08-21,37.986419677734375
2013-08-22,38.21441650390625
2013-08-23,40.19700241088867
2013-08-26,40.980133056640625
2013-08-27,39.29492950439453
2013-08-28,40.19700241088867
2013-08-29,40.9206428527832
2013-08-30,40.930564880371094
2013-09-03,41.50551986694336
2013-09-04,41.41630172729492
2013-09-05,42.28863525390625
2013-09-06,43.567405700683594
2013-09-09,43.65662384033203
2013-09-10,43.22045135498047
2013-09-11,44.64791488647461
2013-09-12,44.360443115234375
2013-09-13,43.92427062988281
2013-09-16,42.13994216918945
2013-09-17,44.67766189575195
2013-09-18,44.83626174926758
2013-09-19,45.57973861694336
2013-09-20,47.07659912109375
2013-09-23,46.779197692871094
2013-09-24,48.028236389160156
2013-09-25,49.029441833496094
2013-09-26,49.951351165771484
2013-09-27,50.79395294189453
2013-09-30,49.79274368286133
2013-10-01,49.981082916259766
2013-10-02,49.84230422973633
2013-10-03,48.75188446044922
2013-10-04,50.59568405151367
2013-10-07,50.08021545410156
2013-10-08,46.729644775390625
2013-10-09,46.36286544799805
2013-10-10,48.62301254272461
2013-10-11,48.6824951171875
2013-10-14,49.07900619506836
2013-10-15,49.0691032409668
2013-10-16,50.694820404052734
2013-10-17,51.7555046081543
2013-10-18,53.748008728027344
2013-10-21,53.381229400634766
2013-10-22,52.22141647338867
2013-10-23,51.448204040527344
2013-10-24,51.9934196472168
2013-10-25,51.497772216796875
2013-10-28,49.79274368286133
2013-10-29,48.969970703125
2013-10-30,48.5833625793457
2013-10-31,49.77291488647461
2013-11-01,49.316925048828125
2013-11-04,47.80024337768555
2013-11-05,49.67378616333008
2013-11-06,48.69240188598633
2013-11-07,47.14598846435547
2013-11-08,47.11624526977539
2013-11-11,45.797821044921875
2013-11-12,46.20425796508789
2013-11-13,48.28596878051758
2013-11-14,48.563533782958984
2013-11-15,48.5833625793457
2013-11-18,45.4310417175293
2013-11-19,45.9564323425293
2013-11-20,46.02582550048828
2013-11-21,46.29347229003906
2013-11-22,45.82756042480469
2013-11-25,44.429832458496094
2013-11-26,45.49052429199219
2013-11-27,46.08530044555664
2013-11-29,46.600772857666016
2013-12-02,46.65034103393555
2013-12-03,46.323211669921875
2013-12-04,48.19675827026367
2013-12-05,47.91919708251953
2013-12-06,47.522682189941406
2013-12-09,48.41484451293945
2013-12-10,49.81256103515625
2013-12-11,48.95014190673828
2013-12-12,51.37881851196289
2013-12-13,52.855838775634766
2013-12-16,53.34157943725586
2013-12-17,54.382442474365234
2013-12-18,55.08625793457031
2013-12-19,54.570777893066406
2013-12-20,54.64017105102539
2013-12-23,57.26710510253906
2013-12-24,57.4554443359375
2013-12-26,57.227455139160156
2013-12-27,54.95738983154297
2013-12-30,53.24244689941406
2013-12-31,54.17426681518555
2014-01-02,54.233741760253906
2014-01-03,54.08504867553711
2014-01-06,56.702064514160156
2014-01-07,57.41579818725586
2014-01-08,57.72310256958008
2014-01-09,56.72189712524414
2014-01-10,57.43562316894531
2014-01-13,55.42329406738281
2014-01-14,57.23737335205078
2014-01-15,57.09858322143555
2014-01-16,56.6921501159668
2014-01-17,55.80990219116211
2014-01-21,58.00065612792969
2014-01-22,57.00936508178711
2014-01-23,56.13702392578125
2014-01-24,53.97600555419922
2014-01-27,53.083839416503906
2014-01-28,54.65999984741211
2014-01-29,53.06401062011719
2014-01-30,60.54829025268555
2014-01-31,62.02531814575195
2014-02-03,60.944801330566406
2014-02-04,62.20375061035156
2014-02-05,61.648624420166016
2014-02-06,61.6188850402832
2014-02-07,63.76008224487305
2014-02-10,62.996788024902344
2014-02-11,64.28548431396484
2014-02-12,63.888946533203125
2014-02-13,66.74388885498047
2014-02-14,66.5059585571289
2014-02-18,66.71414184570312
2014-02-19,67.46752166748047
2014-02-20,69.02386474609375
2014-02-21,67.992919921875
2014-02-24,70.16384887695312
2014-02-25,69.24195098876953
2014-02-26,68.65708923339844
2014-02-27,68.3398666381836
2014-02-28,67.86405944824219
2014-03-03,66.82320404052734
2014-03-04,68.20110321044922
2014-03-05,70.94696807861328
2014-03-06,70.22332000732422
2014-03-07,69.1923828125
2014-03-10,71.40296936035156
2014-03-11,69.48977661132812
2014-03-12,70.26297760009766
2014-03-13,68.2308349609375
2014-03-14,67.13048553466797
2014-03-17,68.14160919189453
2014-03-18,68.58769226074219
2014-03-19,67.64595794677734
2014-03-20,66.38701629638672
2014-03-21,66.6546859741211
2014-03-24,63.54199981689453
2014-03-25,64.32512664794922
2014-03-26,59.864295959472656
2014-03-27,60.43925094604492
2014-03-28,59.48759841918945
2014-03-31,59.715606689453125
2014-04-01,62.07488250732422
2014-04-02,62.17401123046875
2014-04-03,58.97212600708008
2014-04-04,56.255985260009766
2014-04-07,56.45424270629883
2014-04-08,57.683448791503906
2014-04-09,61.8667106628418
2014-04-10,58.64500427246094
2014-04-11,58.020484924316406
2014-04-14,58.377357482910156
2014-04-15,58.57561492919922
2014-04-16,59.20013427734375
2014-04-17,58.42691421508789
2014-04-21,60.7068977355957
2014-04-22,62.481319427490234
2014-04-23,60.82585144042969
2014-04-24,60.34011459350586
2014-04-25,57.20762634277344
2014-04-28,55.65129470825195
2014-04-29,57.643798828125
2014-04-30,59.25960159301758
2014-05-01,60.61768341064453
2014-05-02,59.933692932128906
2014-05-05,60.68707275390625
2014-05-06,58.020484924316406
2014-05-07,56.89041519165039
2014-05-08,56.26589584350586
2014-05-09,56.74171829223633
2014-05-12,59.309173583984375
2014-05-13,59.309173583984375
2014-05-14,58.71438980102539
2014-05-15,57.41579818725586
2014-05-16,57.51492691040039
2014-05-19,58.6945686340332
2014-05-20,58.050228118896484
2014-05-21,59.96343231201172
2014-05-22,59.993160247802734
2014-05-23,60.81594467163086
2014-05-27,62.92740249633789
2014-05-28,62.95713424682617
2014-05-29,63.27436065673828
2014-05-30,62.748966217041016
2014-06-02,62.530879974365234
2014-06-03,62.32271194458008
2014-06-04,62.78861999511719
2014-06-05,62.639923095703125
2014-06-06,61.955928802490234
2014-06-09,62.33262252807617
2014-06-10,65.19747924804688
2014-06-11,65.2073745727539
2014-06-12,63.7303466796875
2014-06-13,63.93851852416992
2014-06-16,63.63121795654297
2014-06-17,63.839385986328125
2014-06-18,65.0289535522461
2014-06-19,63.779911041259766
2014-06-20,63.93851852416992
2014-06-23,64.80095672607422
2014-06-24,65.14789581298828
2014-06-25,66.85292053222656
2014-06-26,66.54561614990234
2014-06-27,67.01155090332031
2014-06-30,66.7042465209961
2014-07-01,67.46752166748047
2014-07-02,65.87154388427734
2014-07-03,65.71295166015625
2014-07-07,64.72164154052734
2014-07-08,62.21366500854492
2014-07-09,64.40442657470703
2014-07-10,64.30531311035156
2014-07-11,65.76250457763672
2014-07-14,67.30892944335938
2014-07-15,66.58527374267578
2014-07-16,67.07101440429688
2014-07-17,65.83189392089844
2014-07-18,67.82439422607422
2014-07-21,68.79586029052734
2014-07-22,68.6669921875
2014-07-23,70.6694107055664
2014-07-24,74.32728576660156
2014-07-25,74.53546905517578
2014-07-28,74.267822265625
2014-07-29,73.06835174560547
2014-07-30,74.02989959716797
2014-07-31,72.017578125
2014-08-01,71.7301025390625
2014-08-04,72.87008666992188
2014-08-05,72.0572280883789
2014-08-06,71.83912658691406
2014-08-07,72.53305053710938
2014-08-08,72.42401123046875
2014-08-11,72.80069732666016
2014-08-12,72.19599914550781
2014-08-13,73.12781524658203
2014-08-14,73.65321350097656
2014-08-15,72.98904418945312
2014-08-18,73.9406967163086
2014-08-19,74.63460540771484
2014-08-20,74.15876007080078
2014-08-21,73.92086791992188
2014-08-22,73.92086791992188
2014-08-25,74.366943359375
2014-08-26,75.29875183105469
2014-08-27,73.98033142089844
2014-08-28,73.21703338623047
2014-08-29,74.1686782836914
2014-09-02,76.01249694824219
2014-09-03,75.16988372802734
2014-09-04,75.28884887695312
2014-09-05,76.58743286132812
2014-09-08,77.21195220947266
2014-09-09,76.0025863647461
2014-09-10,76.75596618652344
2014-09-11,77.24168395996094
2014-09-12,76.80552673339844
2014-09-15,73.93077850341797
2014-09-16,75.41771697998047
2014-09-17,75.7646713256836
2014-09-18,76.32970428466797
2014-09-19,77.2317886352539
2014-09-22,76.13143920898438
2014-09-23,77.60848236083984
2014-09-24,77.85629272460938
2014-09-25,76.54779815673828
2014-09-26,78.10411834716797
2014-09-29,78.31230163574219
2014-09-30,78.3519515991211
2014-10-01,75.88363647460938
2014-10-02,76.40901184082031
2014-10-03,76.76587677001953
2014-10-06,76.88483428955078
2014-10-07,75.62588500976562
2014-10-08,76.84517669677734
2014-10-09,75.24919891357422
2014-10-10,72.27532196044922
2014-10-13,72.35460662841797
2014-10-14,72.94937896728516
2014-10-15,72.57269287109375
2014-10-16,71.99773406982422
2014-10-17,75.28884887695312
2014-10-20,76.28013610839844
2014-10-21,78.00499725341797
2014-10-22,77.68778228759766
2014-10-23,79.34324645996094
2014-10-24,79.96774291992188
2014-10-27,79.58116912841797
2014-10-28,80.0668716430664
2014-10-29,75.19963836669922
2014-10-30,73.46485137939453
2014-10-31,74.33720397949219
2014-11-03,73.23686981201172
2014-11-04,75.10049438476562
2014-11-05,74.1786117553711
2014-11-06,74.60486602783203
2014-11-07,74.94188690185547
2014-11-10,74.34711456298828
2014-11-11,73.96050262451172
2014-11-12,74.06954193115234
2014-11-13,73.60364532470703
2014-11-14,74.22816467285156
2014-11-17,73.5937271118164
2014-11-18,73.69287109375
2014-11-19,72.691650390625
2014-11-20,72.95930480957031
2014-11-21,73.10798645019531
2014-11-24,73.36573791503906
2014-11-25,74.97164154052734
2014-11-26,76.9443130493164
2014-11-28,77.02361297607422
2014-12-01,74.44624328613281
2014-12-02,74.80310821533203
2014-12-03,74.22816467285156
2014-12-04,74.58502197265625
2014-12-05,75.69527435302734
2014-12-08,75.85388946533203
2014-12-09,76.17109680175781
2014-12-10,75.516845703125
2014-12-11,77.0533447265625
2014-12-12,77.1524887084961
2014-12-15,76.31978607177734
2014-12-16,74.0398178100586
2014-12-17,75.44745635986328
2014-12-18,77.7175064086914
2014-12-19,79.18462371826172
2014-12-22,80.74095153808594
2014-12-23,79.90827941894531
2014-12-24,80.0668716430664
2014-12-26,80.07679748535156
2014-12-29,79.32341003417969
2014-12-30,78.53038024902344
2014-12-31,77.3408203125
2015-01-02,77.76707458496094
2015-01-05,76.51805877685547
2015-01-06,75.48711395263672
2015-01-07,75.48711395263672
2015-01-08,77.49944305419922
2015-01-09,77.06326293945312
2015-01-12,76.0521469116211
2015-01-13,75.78446960449219
2015-01-14,75.61595916748047
2015-01-15,73.4053955078125
2015-01-16,74.52554321289062
2015-01-20,75.5763168334961
2015-01-21,76.07196807861328
2015-01-22,76.97405242919922
2015-01-23,77.1524887084961
2015-01-26,76.82534790039062
2015-01-27,75.1203384399414
2015-01-28,75.5763168334961
2015-01-29,77.32100677490234
2015-01-30,75.24919891357422
2015-02-02,74.33720397949219
2015-02-03,74.74363708496094
2015-02-04,74.97164154052734
2015-02-05,74.95181274414062
2015-02-06,73.82173919677734
2015-02-09,73.7919921875
2015-02-10,74.53546905517578
2015-02-11,75.8439712524414
2015-02-12,75.56641387939453
2015-02-13,75.08068084716797
2015-02-17,74.94188690185547
2015-02-18,76.04222106933594
2015-02-19,78.72864532470703
2015-02-20,79.2044677734375
2015-02-23,78.15367889404297
2015-02-24,77.76707458496094
2015-02-25,78.86741638183594
2015-02-26,79.71002197265625
2015-02-27,78.28256225585938
2015-03-02,79.05577087402344
2015-03-03,78.90706634521484
2015-03-04,80.19575500488281
2015-03-05,80.50305938720703
2015-03-06,79.31349182128906
2015-03-09,78.74845886230469
2015-03-10,76.87491607666016
2015-03-11,76.89473724365234
2015-03-12,78.24290466308594
2015-03-13,77.37055969238281
2015-03-16,77.39038848876953
2015-03-17,78.66915130615234
2015-03-18,80.2056655883789
2015-03-19,82.02964782714844
2015-03-20,83.07051849365234
2015-03-23,83.69503021240234
2015-03-24,84.5673599243164
2015-03-25,82.19816589355469
2015-03-26,82.2873764038086
2015-03-27,82.57486724853516
2015-03-30,82.47573852539062
2015-03-31,81.50425720214844
2015-04-01,80.95905303955078
2015-04-02,80.85002136230469
2015-04-06,81.72235107421875
2015-04-07,81.6033935546875
2015-04-08,81.5637435913086
2015-04-09,81.45470428466797
2015-04-10,81.3258285522461
2015-04-13,82.2873764038086
2015-04-14,82.79293823242188
2015-04-15,81.98999786376953
2015-04-16,81.59347534179688
2015-04-17,80.07679748535156
2015-04-20,82.3666763305664
2015-04-21,82.8920669555664
2015-04-22,83.8932876586914
2015-04-23,81.69261169433594
2015-04-24,80.82025909423828
2015-04-27,81.19696044921875
2015-04-28,79.97766876220703
2015-04-29,79.76949310302734
2015-04-30,78.08429718017578
2015-05-01,78.30238342285156
2015-05-04,78.12395477294922
2015-05-05,76.88483428955078
2015-05-06,77.42012786865234
2015-05-07,77.74725341796875
2015-05-08,77.82656860351562
2015-05-11,77.33092498779297
2015-05-12,76.78571319580078
2015-05-13,77.75717163085938
2015-05-14,80.66166687011719
2015-05-15,79.71993255615234
2015-05-18,80.17593383789062
2015-05-19,79.9281005859375
2015-05-20,79.84880065917969
2015-05-21,79.77940368652344
2015-05-22,79.8388900756836
2015-05-26,78.63941955566406
2015-05-27,79.84880065917969
2015-05-28,79.45227813720703
2015-05-29,78.5006332397461
2015-06-01,79.59105682373047
2015-06-02,79.7397689819336
2015-06-03,81.72235107421875
2015-06-04,81.33573913574219
2015-06-05,81.42496490478516
2015-06-08,79.96774291992188
2015-06-09,79.96774291992188
2015-06-10,81.44479370117188
2015-06-11,81.1176528930664
2015-06-12,80.82025909423828
2015-06-15,80.00741577148438
2015-06-16,80.3543701171875
2015-06-17,81.0780029296875
2015-06-18,82.1882553100586
2015-06-19,81.791748046875
2015-06-22,84.00233459472656
2015-06-23,87.11499786376953
2015-06-24,88.08645629882812
2015-06-25,87.214111328125
2015-06-26,87.24385833740234
2015-06-29,85.05309295654297
2015-06-30,85.02335357666016
2015-07-01,86.1534423828125
2015-07-02,86.5301284790039
2015-07-06,86.78785705566406
2015-07-07,86.46073150634766
2015-07-08,84.90441131591797
2015-07-09,85.13241577148438
2015-07-10,87.18437957763672
2015-07-13,89.31565856933594
2015-07-14,88.89933013916016
2015-07-15,88.97863006591797
2015-07-16,90.05912780761719
2015-07-17,94.1432876586914
2015-07-20,97.05768585205078
2015-07-21,97.53350067138672
2015-07-22,96.19525909423828
2015-07-23,94.60918426513672
2015-07-24,96.10602569580078
2015-07-27,93.35025024414062
2015-07-28,94.46049499511719
2015-07-29,96.14568328857422
2015-07-30,94.38119506835938
2015-07-31,93.19163513183594
2015-08-03,93.32050323486328
2015-08-04,93.24119567871094
2015-08-05,95.6004867553711
2015-08-06,94.29197692871094
2015-08-07,93.47911834716797
2015-08-10,93.33042907714844
2015-08-11,92.80503845214844
2015-08-12,93.37006378173828
2015-08-13,92.61668395996094
2015-08-14,93.59806823730469
2015-08-17,93.1123275756836
2015-08-18,94.34152221679688
2015-08-19,94.48031616210938
2015-08-20,89.77165985107422
2015-08-21,85.31082916259766
2015-08-24,81.37539672851562
2015-08-25,82.2774658203125
2015-08-26,86.43099212646484
2015-08-27,88.94888305664062
2015-08-28,90.21773529052734
2015-08-31,88.65149688720703
2015-09-01,86.47064208984375
2015-09-02,89.10749053955078
2015-09-03,87.38264465332031
2015-09-04,87.49166870117188
2015-09-08,88.75061798095703
2015-09-09,89.6527099609375
2015-09-10,91.1792984008789
2015-09-11,91.24868774414062
2015-09-14,91.50641632080078
2015-09-15,92.09130096435547
2015-09-16,92.6364974975586
2015-09-17,93.51876068115234
2015-09-18,93.57823944091797
2015-09-21,94.7182388305664
2015-09-22,92.15077209472656
2015-09-23,93.1519775390625
2015-09-24,93.5881576538086
2015-09-25,91.9624252319336
2015-09-28,88.43341064453125
2015-09-29,85.91551971435547
2015-09-30,89.11740112304688
2015-10-01,90.15826416015625
2015-10-02,91.26850891113281
2015-10-05,93.19163513183594
2015-10-06,91.9921646118164
2015-10-07,91.59564208984375
2015-10-08,91.66503143310547
2015-10-09,92.4283447265625
2015-10-12,93.43946075439453
2015-10-13,93.3006820678711
2015-10-14,93.25111389160156
2015-10-15,95.12466430664062
2015-10-16,96.69091033935547
2015-10-19,97.61280059814453
2015-10-20,96.15560150146484
2015-10-21,96.26465606689453
2015-10-22,98.80236053466797
2015-10-23,101.3004379272461
2015-10-26,102.8666763305664
2015-10-27,102.79727172851562
2015-10-28,103.29292297363281
2015-10-29,103.96701049804688
2015-10-30,101.08232879638672
2015-11-02,102.4106674194336
2015-11-03,101.68702697753906
2015-11-04,103.03519439697266
2015-11-05,107.81324005126953
2015-11-06,106.16767883300781
2015-11-09,105.56299591064453
2015-11-10,106.97061920166016
2015-11-11,108.06105041503906
2015-11-12,107.07965850830078
2015-11-13,103.04511260986328
2015-11-16,103.13432312011719
2015-11-17,104.2148208618164
2015-11-18,106.83185577392578
2015-11-19,105.33499145507812
2015-11-20,106.38577270507812
2015-11-23,106.01898193359375
2015-11-24,104.81951904296875
2015-11-25,104.49239349365234
2015-11-27,104.53204345703125
2015-11-30,103.33257293701172
2015-12-01,106.18751525878906
2015-12-02,105.14664459228516
2015-12-03,103.47135925292969
2015-12-04,105.25569915771484
2015-12-07,104.6906509399414
2015-12-08,105.56299591064453
2015-12-09,103.68944549560547
2015-12-10,104.50230407714844
2015-12-11,101.23103332519531
2015-12-14,103.7489242553711
2015-12-15,103.63988494873047
2015-12-16,105.86038208007812
2015-12-17,105.29533386230469
2015-12-18,103.13432312011719
2015-12-21,103.85796356201172
2015-12-22,104.59152221679688
2015-12-23,103.71916961669922
2015-12-24,104.10578918457031
2015-12-28,105.00786590576172
2015-12-29,106.3262939453125
2015-12-30,105.29533386230469
2015-12-31,103.7489242553711
2016-01-04,101.33016204833984
2016-01-05,101.83573150634766
2016-01-06,102.07363891601562
2016-01-07,97.06759643554688
2016-01-08,96.48272705078125
2016-01-11,96.66117095947266
2016-01-12,98.50497436523438
2016-01-13,94.60918426513672
2016-01-14,97.51367950439453
2016-01-15,94.1432876586914
2016-01-19,94.43075561523438
2016-01-20,93.5286865234375
2016-01-21,93.34033966064453
2016-01-22,97.0874252319336
2016-01-25,96.16552734375
2016-01-26,96.49264526367188
2016-01-27,93.62779235839844
2016-01-28,108.16018676757812
2016-01-29,111.23319244384766
2016-02-01,114.08811950683594
2016-02-02,113.61231231689453
2016-02-03,111.70901489257812
2016-02-04,109.52816772460938
2016-02-05,103.16405487060547
2016-02-08,98.88166046142578
2016-02-09,98.67349243164062
2016-02-10,100.12078857421875
2016-02-11,101.02286529541016
2016-02-12,101.12200164794922
2016-02-16,100.72547912597656
2016-02-17,104.28421783447266
2016-02-18,102.56929779052734
2016-02-19,103.65972137451172
2016-02-22,106.22715759277344
2016-02-23,104.5419692993164
2016-02-24,105.9495849609375
2016-02-25,107.12924194335938
2016-02-26,106.98053741455078
2016-02-29,105.98924255371094
2016-03-01,108.86400604248047
2016-03-02,108.99287414550781
2016-03-03,108.62609100341797
2016-03-04,107.44644927978516
2016-03-07,104.80960845947266
2016-03-08,105.00786590576172
2016-03-09,106.57411193847656
2016-03-10,106.38577270507812
2016-03-11,108.45758819580078
2016-03-14,108.93340301513672
2016-03-15,109.70660400390625
2016-03-16,111.20345306396484
2016-03-17,110.05355072021484
2016-03-18,110.47980499267578
2016-03-21,110.87632751464844
2016-03-22,111.27284240722656
2016-03-23,111.56033325195312
2016-03-24,112.0658950805664
2016-03-28,112.70030975341797
2016-03-29,115.12899017333984
2016-03-30,113.7015151977539
2016-03-31,113.10674285888672
2016-04-01,115.0496826171875
2016-04-04,111.57022857666016
2016-04-05,111.24310302734375
2016-04-06,112.72014617919922
2016-04-07,112.6507568359375
2016-04-08,109.66695404052734
2016-04-11,108.0412368774414
2016-04-12,109.6471176147461
2016-04-13,109.54800415039062
2016-04-14,109.87512969970703
2016-04-15,108.6855697631836
2016-04-18,109.488525390625
2016-04-19,111.31251525878906
2016-04-20,111.44136810302734
2016-04-21,112.4524917602539
2016-04-22,109.59754943847656
2016-04-25,109.14155578613281
2016-04-26,107.81324005126953
2016-04-27,107.94210052490234
2016-04-28,115.71385192871094
2016-04-29,116.55644989013672
2016-05-02,117.53783416748047
2016-05-03,116.40775299072266
2016-05-04,117.03226470947266
2016-05-05,116.7844467163086
2016-05-06,118.44982147216797
2016-05-09,118.20198822021484
2016-05-10,119.4510269165039
2016-05-11,118.47956848144531
2016-05-12,119.23294067382812
2016-05-13,118.76703643798828
2016-05-16,117.63694763183594
2016-05-17,116.32844543457031
2016-05-18,116.62584686279297
2016-05-19,115.79314422607422
2016-05-20,116.32844543457031
2016-05-23,114.9604721069336
2016-05-24,116.67540740966797
2016-05-25,116.8637466430664
2016-05-26,118.43000030517578
2016-05-27,118.34077453613281
2016-05-31,117.77574157714844
2016-06-01,117.7459945678711
2016-06-02,117.89469909667969
2016-06-03,117.43871307373047
2016-06-06,117.75592041015625
2016-06-07,116.73487854003906
2016-06-08,117.3593978881836
2016-06-09,117.5279312133789
2016-06-10,115.60481262207031
2016-06-13,112.95804595947266
2016-06-14,113.93943786621094
2016-06-15,113.6023941040039
2016-06-16,113.39421081542969
2016-06-17,112.0361557006836
2016-06-20,112.38310241699219
2016-06-21,113.3843002319336
2016-06-22,112.91840362548828
2016-06-23,114.07820129394531
2016-06-24,111.10433197021484
2016-06-27,108.02140045166016
2016-06-28,111.71893310546875
2016-06-29,113.1662368774414
2016-06-30,113.2851791381836
2016-07-01,113.19597625732422
2016-07-05,113.20587158203125
2016-07-06,115.68411254882812
2016-07-07,114.84151458740234
2016-07-08,116.21941375732422
2016-07-11,116.84394073486328
2016-07-12,116.90340423583984
2016-07-13,115.76341247558594
2016-07-14,116.26897430419922
2016-07-15,115.84272003173828
2016-07-18,118.33086395263672
2016-07-19,119.5600814819336
2016-07-20,120.8586654663086
2016-07-21,119.5600814819336
2016-07-22,119.9466781616211
2016-07-25,120.57119750976562
2016-07-26,120.16476440429688
2016-07-27,122.26630401611328
2016-07-28,123.91185760498047
2016-07-29,122.861083984375
2016-08-01,123.22785186767578
2016-08-02,122.01847076416016
2016-08-03,121.44354248046875
2016-08-04,123.27743530273438
2016-08-05,124.06055450439453
2016-08-08,124.16960144042969
2016-08-09,123.97132873535156
2016-08-10,123.79290771484375
2016-08-11,123.81272888183594
2016-08-12,123.79290771484375
2016-08-15,122.82142639160156
2016-08-16,122.2266616821289
2016-08-17,123.2873306274414
2016-08-18,122.83135223388672
2016-08-19,122.48439025878906
2016-08-22,123.06925964355469
2016-08-23,123.2873306274414
2016-08-24,122.40509033203125
2016-08-25,122.81151580810547
2016-08-26,123.87220001220703
2016-08-29,125.4384536743164
2016-08-30,124.74453735351562
2016-08-31,125.02210235595703
2016-09-01,125.07167053222656
2016-09-02,125.4087142944336
2016-09-06,128.6006622314453
2016-09-07,129.90919494628906
2016-09-08,129.135986328125
2016-09-09,125.99357604980469
2016-09-12,127.56971740722656
2016-09-13,126.10262298583984
2016-09-14,126.65773010253906
2016-09-15,127.23270416259766
2016-09-16,127.9464111328125
2016-09-19,127.53007507324219
2016-09-20,127.5201644897461
2016-09-21,128.80885314941406
2016-09-22,128.94764709472656
2016-09-23,126.8460922241211
2016-09-26,126.20174407958984
2016-09-27,127.56971740722656
2016-09-28,128.1050262451172
2016-09-29,126.97496032714844
2016-09-30,127.15339660644531
2016-10-03,127.6490478515625
2016-10-04,127.0740966796875
2016-10-05,127.35163116455078
2016-10-06,127.6192855834961
2016-10-07,127.86713409423828
2016-10-10,129.10623168945312
2016-10-11,127.75807189941406
2016-10-12,127.92658996582031
2016-10-13,126.70731353759766
2016-10-14,126.76677703857422
2016-10-17,126.42974853515625
2016-10-18,127.45077514648438
2016-10-19,128.9773712158203
2016-10-20,128.8683319091797
2016-10-21,130.92031860351562
2016-10-24,132.1197967529297
2016-10-25,131.13836669921875
2016-10-26,129.8992919921875
2016-10-27,128.56101989746094
2016-10-28,130.1470947265625
2016-10-31,129.84971618652344
2016-11-01,128.3726806640625
2016-11-02,126.0629653930664
2016-11-03,118.95538330078125
2016-11-04,119.69886016845703
2016-11-07,121.08667755126953
2016-11-08,123.1386489868164
2016-11-09,122.10770416259766
2016-11-10,119.74842071533203
2016-11-11,117.9839096069336
2016-11-14,114.07820129394531
2016-11-15,116.17974853515625
2016-11-16,115.3272476196289
2016-11-17,116.76461791992188
2016-11-18,116.00131225585938
2016-11-21,120.70996856689453
2016-11-22,120.41258239746094
2016-11-23,119.78807067871094
2016-11-25,119.33208465576172
2016-11-28,119.36181640625
2016-11-29,119.81781005859375
2016-11-30,117.3891372680664
2016-12-01,114.09803771972656
2016-12-02,114.39542388916016
2016-12-05,116.40775299072266
2016-12-06,116.28880310058594
2016-12-07,116.92322540283203
2016-12-08,117.8748779296875
2016-12-09,118.63816833496094
2016-12-12,116.74478912353516
2016-12-13,119.26268768310547
2016-12-14,119.1635513305664
2016-12-15,119.52042388916016
2016-12-16,118.8265151977539
2016-12-19,118.20198822021484
2016-12-20,118.05331420898438
2016-12-21,118.00373840332031
2016-12-22,116.37801361083984
2016-12-23,116.24913787841797
2016-12-27,116.98271179199219
2016-12-28,115.9021987915039
2016-12-29,115.337158203125
2016-12-30,114.0484848022461
2017-01-03,115.84272003173828
2017-01-04,117.65679168701172
2017-01-05,119.61954498291016
2017-01-06,122.33570098876953
2017-01-09,123.81272888183594
2017-01-10,123.26751708984375
2017-01-11,124.99236297607422
2017-01-12,125.51776123046875
2017-01-13,127.22278594970703
2017-01-17,126.75688171386719
2017-01-18,126.80643463134766
2017-01-19,126.43965911865234
2017-01-20,125.93409729003906
2017-01-23,127.8076400756836
2017-01-24,128.24378967285156
2017-01-25,130.33543395996094
2017-01-26,131.62411499023438
2017-01-27,131.02935791015625
2017-01-30,129.83978271484375
2017-01-31,129.18556213378906
2017-02-01,132.0701904296875
2017-02-02,129.70101928710938
2017-02-03,129.83978271484375
2017-02-06,130.910400390625
2017-02-07,130.6923065185547
2017-02-08,133.03176879882812
2017-02-09,132.9722900390625
2017-02-10,133.0218505859375
2017-02-13,132.8831024169922
2017-02-14,132.684814453125
2017-02-15,132.2783966064453
2017-02-16,132.67489624023438
2017-02-17,132.3675994873047
2017-02-21,132.5559539794922
2017-02-22,134.93504333496094
2017-02-23,134.18167114257812
2017-02-24,134.26097106933594
2017-02-27,135.2225341796875
2017-02-28,134.36012268066406
2017-03-01,136.2237548828125
2017-03-02,135.5695037841797
2017-03-03,135.9759063720703
2017-03-06,136.2237548828125
2017-03-07,136.10479736328125
2017-03-08,136.52110290527344
2017-03-09,137.03659057617188
2017-03-10,137.58181762695312
2017-03-13,138.384765625
2017-03-14,138.10723876953125
2017-03-15,138.5037384033203
2017-03-16,138.7713623046875
2017-03-17,138.6226806640625
2017-03-20,138.72181701660156
2017-03-21,137.3042449951172
2017-03-22,138.37484741210938
2017-03-23,138.31536865234375
2017-03-24,139.1183319091797
2017-03-27,139.09849548339844
2017-03-28,140.5259552001953
2017-03-29,141.408203125
2017-03-30,141.17031860351562
2017-03-31,140.8134307861328
2017-04-03,141.0414581298828
2017-04-04,140.49623107910156
2017-04-05,140.61514282226562
2017-04-06,139.9410858154297
2017-04-07,139.55447387695312
2017-04-10,139.8122100830078
2017-04-11,138.70196533203125
2017-04-12,138.36495971679688
2017-04-13,138.17657470703125
2017-04-17,140.18890380859375
2017-04-18,139.73294067382812
2017-04-19,141.031494140625
2017-04-20,142.54818725585938
2017-04-21,142.4292449951172
2017-04-24,144.20364379882812
2017-04-25,145.21481323242188
2017-04-26,145.2841796875
2017-04-27,146.4142608642578
2017-04-28,148.94204711914062
2017-05-01,151.13282775878906
2017-05-02,151.45005798339844
2017-05-03,150.47857666015625
2017-05-04,149.53683471679688
2017-05-05,148.9321746826172
2017-05-08,149.74501037597656
2017-05-09,149.1700439453125
2017-05-10,148.98171997070312
2017-05-11,148.73388671875
2017-05-12,149.02137756347656
2017-05-15,148.88258361816406
2017-05-16,148.4761199951172
2017-05-17,143.5890655517578
2017-05-18,146.37460327148438
2017-05-19,146.77110290527344
2017-05-22,146.94955444335938
2017-05-23,146.7810516357422
2017-05-24,148.73388671875
2017-05-25,150.63717651367188
2017-05-26,150.80569458007812
2017-05-30,151.0535125732422
2017-05-31,150.14154052734375
2017-06-01,150.21090698242188
2017-06-02,152.27281188964844
2017-06-05,152.29266357421875
2017-06-06,151.47976684570312
2017-06-07,151.78707885742188
2017-06-08,153.36325073242188
2017-06-09,148.29769897460938
2017-06-12,147.14781188964844
2017-06-13,149.36827087402344
2017-06-14,148.94204711914062
2017-06-15,148.49595642089844
2017-06-16,149.3286590576172
2017-06-19,151.53924560546875
2017-06-20,150.92466735839844
2017-06-21,152.5701904296875
2017-06-22,152.06463623046875
2017-06-23,153.7200927734375
2017-06-26,152.2530059814453
2017-06-27,149.2692108154297
2017-06-28,151.906005859375
2017-06-29,149.72515869140625
2017-06-30,149.6656951904297
2017-07-03,147.1378936767578
2017-07-05,149.03125
2017-07-06,147.52450561523438
2017-07-07,150.12168884277344
2017-07-10,152.1637725830078
2017-07-11,153.91836547851562
2017-07-12,157.51675415039062
2017-07-13,157.87362670898438
2017-07-14,158.57745361328125
2017-07-17,158.33953857421875
2017-07-18,161.4422607421875
2017-07-19,162.7111053466797
2017-07-20,163.0977325439453
2017-07-21,162.9986114501953
2017-07-24,164.554931640625
2017-07-25,163.84121704101562
2017-07-26,164.16835021972656
2017-07-27,168.956298828125
2017-07-28,170.94879150390625
2017-07-31,167.7766571044922
2017-08-01,168.38134765625
2017-08-02,167.8262176513672
2017-08-03,167.12240600585938
2017-08-04,168.1434326171875
2017-08-07,170.4828643798828
2017-08-08,169.7394256591797
2017-08-09,169.68983459472656
2017-08-10,165.9427490234375
2017-08-11,166.6168212890625
2017-08-14,169.26361083984375
2017-08-15,169.5114288330078
2017-08-16,168.52012634277344
2017-08-17,165.45703125
2017-08-18,165.9526824951172
2017-08-21,166.31947326660156
2017-08-22,168.16323852539062
2017-08-23,167.24136352539062
2017-08-24,166.27980041503906
2017-08-25,164.8721923828125
2017-08-28,165.7841339111328
2017-08-29,166.58712768554688
2017-08-30,168.44081115722656
2017-08-31,170.4729766845703
2017-09-01,170.52255249023438
2017-09-05,169.23388671875
2017-09-06,170.59193420410156
2017-09-07,171.7021942138672
2017-09-08,169.4618682861328
2017-09-11,171.9995880126953
2017-09-12,171.45437622070312
2017-09-13,171.54359436035156
2017-09-14,169.47177124023438
2017-09-15,170.14584350585938
2017-09-18,168.53004455566406
2017-09-19,171.01820373535156
2017-09-20,170.67124938964844
2017-09-21,169.6204833984375
2017-09-22,169.05540466308594
2017-09-25,161.4521942138672
2017-09-26,162.78053283691406
2017-09-27,166.22030639648438
2017-09-28,167.26116943359375
2017-09-29,169.382568359375
2017-10-02,167.99473571777344
2017-10-03,168.48048400878906
2017-10-04,166.95387268066406
2017-10-05,169.74932861328125
2017-10-06,170.730712890625
2017-10-09,170.99835205078125
2017-10-10,170.09629821777344
2017-10-11,171.2362518310547
2017-10-12,171.04794311523438
2017-10-13,172.22756958007812
2017-10-16,173.0008087158203
2017-10-17,174.57691955566406
2017-10-18,174.49765014648438
2017-10-19,173.04042053222656
2017-10-20,173.45677185058594
2017-10-23,169.7790985107422
2017-10-24,170.30445861816406
2017-10-25,169.11489868164062
2017-10-26,169.14466857910156
2017-10-27,176.33154296875
2017-10-30,178.30421447753906
2017-10-31,178.4925537109375
2017-11-01,181.0699005126953
2017-11-02,177.3624725341797
2017-11-03,177.3624725341797
2017-11-06,178.6016082763672
2017-11-07,178.680908203125
2017-11-08,177.99688720703125
2017-11-09,177.73916625976562
2017-11-10,176.906494140625
2017-11-13,177.21377563476562
2017-11-14,176.5198974609375
2017-11-15,176.4009246826172
2017-11-16,178.0266571044922
2017-11-17,177.4417724609375
2017-11-20,177.1840362548828
2017-11-21,180.27688598632812
2017-11-22,179.29551696777344
2017-11-24,181.18887329101562
2017-11-27,181.43670654296875
2017-11-28,180.8319854736328
2017-11-29,173.60549926757812
2017-11-30,175.63763427734375
2017-12-01,173.57571411132812
2017-12-04,169.97732543945312
2017-12-05,171.3255157470703
2017-12-06,174.52737426757812
2017-12-07,178.57183837890625
2017-12-08,177.4417724609375
2017-12-11,177.4814453125
2017-12-12,175.4195556640625
2017-12-13,176.7478790283203
2017-12-14,176.83709716796875
2017-12-15,178.61148071289062
2017-12-18,179.2459259033203
2017-12-19,177.94732666015625
2017-12-20,176.34146118164062
2017-12-21,175.90524291992188
2017-12-22,175.65744018554688
2017-12-26,174.4580078125
2017-12-27,176.0737762451172
2017-12-28,176.3711700439453
2017-12-29,174.9239044189453
2018-01-02,179.84071350097656
2018-01-03,183.06240844726562
2018-01-04,182.7253875732422
2018-01-05,185.2234649658203
2018-01-08,186.64100646972656
2018-01-09,186.23455810546875
2018-01-10,186.204833984375
2018-01-11,186.13543701171875
2018-01-12,177.80853271484375
2018-01-16,176.83709716796875
2018-01-17,176.053955078125
2018-01-18,178.23480224609375
2018-01-19,179.71185302734375
2018-01-22,183.75631713867188
2018-01-23,187.70167541503906
2018-01-24,184.9260711669922
2018-01-25,185.8479766845703
2018-01-26,188.3460235595703
2018-01-29,184.36102294921875
2018-01-30,185.49111938476562
2018-01-31,185.26309204101562
2018-02-01,191.40911865234375
2018-02-02,188.62359619140625
2018-02-05,179.68211364746094
2018-02-06,183.69686889648438
2018-02-07,178.61148071289062
2018-02-08,170.08639526367188
2018-02-09,174.57691955566406
2018-02-12,174.87432861328125
2018-02-13,171.6427001953125
2018-02-14,177.95726013183594
2018-02-15,178.39341735839844
2018-02-16,175.8160400390625
2018-02-20,174.47779846191406
2018-02-21,176.3612823486328
2018-02-22,177.431884765625
2018-02-23,181.6944122314453
2018-02-26,183.32015991210938
2018-02-27,179.88035583496094
2018-02-28,176.7677001953125
2018-03-01,174.40841674804688
2018-03-02,175.0824737548828
2018-03-05,178.82960510253906
2018-03-06,178.21498107910156
2018-03-07,182.11077880859375
2018-03-08,180.752685546875
2018-03-09,183.6175537109375
2018-03-12,183.15164184570312
2018-03-13,180.2967071533203
2018-03-14,182.5865936279297
2018-03-15,182.2594757080078
2018-03-16,183.478759765625
2018-03-19,171.05783081054688
2018-03-20,166.6862335205078
2018-03-21,167.9154510498047
2018-03-22,163.45460510253906
2018-03-23,158.0025177001953
2018-03-26,158.66665649414062
2018-03-27,150.89491271972656
2018-03-28,151.6978759765625
2018-03-29,158.39898681640625
2018-04-02,154.0373077392578
2018-04-03,154.7510528564453
2018-04-04,153.7498321533203
2018-04-05,157.95294189453125
2018-04-06,155.83154296875
2018-04-09,156.55519104003906
2018-04-10,163.60328674316406
2018-04-11,164.8721923828125
2018-04-12,162.4434814453125
2018-04-13,163.0878448486328
2018-04-16,163.3951416015625
2018-04-17,167.1917724609375
2018-04-18,164.91180419921875
2018-04-19,166.63665771484375
2018-04-20,164.83250427246094
2018-04-23,164.39633178710938
2018-04-24,158.2998809814453
2018-04-25,158.2998809814453
2018-04-26,172.6439208984375
2018-04-27,172.07888793945312
2018-04-30,170.50270080566406
2018-05-01,172.34652709960938
2018-05-02,174.5372772216797
2018-05-03,172.50514221191406
2018-05-04,175.07260131835938
2018-05-07,176.42076110839844
2018-05-08,177.3624725341797
2018-05-09,181.0699005126953
2018-05-10,183.91493225097656
2018-05-11,185.36221313476562
2018-05-14,185.01527404785156
2018-05-15,182.71546936035156
2018-05-16,181.605224609375
2018-05-17,182.1603240966797
2018-05-18,181.08973693847656
2018-05-21,182.88400268554688
2018-05-22,182.1999969482422
2018-05-23,185.2729949951172
2018-05-24,184.31146240234375
2018-05-25,183.31024169921875
2018-05-29,184.12313842773438
2018-05-30,186.0363006591797
2018-05-31,190.1105499267578
2018-06-01,192.3013153076172
2018-06-04,191.5974578857422
2018-06-05,191.26040649414062
2018-06-06,189.6743621826172
2018-06-07,186.54188537597656
2018-06-08,187.45384216308594
2018-06-11,189.87261962890625
2018-06-12,190.72512817382812
2018-06-13,190.73507690429688
2018-06-14,195.09674072265625
2018-06-15,194.14511108398438
2018-06-18,196.58367919921875
2018-06-19,195.7708282470703
2018-06-20,200.2415771484375
2018-06-21,199.7459259033203
2018-06-22,199.98382568359375
2018-06-25,194.6407470703125
2018-06-26,197.2677001953125
2018-06-27,194.13519287109375
2018-06-28,194.5218048095703
2018-06-29,192.62841796875
2018-07-02,195.64195251464844
2018-07-03,191.05226135253906
2018-07-05,196.7224884033203
2018-07-06,201.4608612060547
2018-07-09,202.95773315429688
2018-07-10,201.76815795898438
2018-07-11,200.77685546875
2018-07-12,205.1187286376953
2018-07-13,205.51527404785156
2018-07-16,205.42601013183594
2018-07-17,208.16201782226562
2018-07-18,207.53749084472656
2018-07-19,206.27853393554688
2018-07-20,208.1124267578125
2018-07-23,209.07400512695312
2018-07-24,212.80128479003906
2018-07-25,215.60665893554688
2018-07-26,174.72561645507812
2018-07-27,173.3675537109375
2018-07-30,169.5709228515625
2018-07-31,171.07765197753906
2018-08-01,170.15577697753906
2018-08-02,174.83468627929688
2018-08-03,176.23240661621094
2018-08-06,184.0735321044922
2018-08-07,182.20989990234375
2018-08-08,183.56797790527344
2018-08-09,181.49618530273438
2018-08-10,178.69081115722656
2018-08-13,178.48265075683594
2018-08-14,179.53341674804688
2018-08-15,177.96717834472656
2018-08-16,173.17922973632812
2018-08-17,172.28701782226562
2018-08-20,170.99835205078125
2018-08-21,171.11732482910156
2018-08-22,172.12843322753906
2018-08-23,171.39488220214844
2018-08-24,173.12965393066406
2018-08-27,175.91522216796875
2018-08-28,174.72561645507812
2018-08-29,174.36875915527344
2018-08-30,176.0936279296875
2018-08-31,174.20022583007812
2018-09-04,169.67001342773438
2018-09-05,165.72467041015625
2018-09-06,161.1151580810547
2018-09-07,161.62069702148438
2018-09-10,162.75079345703125
2018-09-11,164.4954833984375
2018-09-12,160.5897674560547
2018-09-13,159.95533752441406
2018-09-14,160.906982421875
2018-09-17,159.18211364746094
2018-09-18,158.90455627441406
2018-09-19,161.64051818847656
2018-09-20,164.5747528076172
2018-09-21,161.51168823242188
2018-09-24,163.97007751464844
2018-09-25,163.47442626953125
2018-09-26,165.49668884277344
2018-09-27,167.37022399902344
2018-09-28,163.02835083007812
2018-10-01,161.0259552001953
2018-10-02,157.94300842285156
2018-10-03,161.0160369873047
2018-10-04,157.46717834472656
2018-10-05,155.96043395996094
2018-10-08,155.88111877441406
2018-10-09,156.5254364013672
2018-10-10,150.06222534179688
2018-10-11,152.0150604248047
2018-10-12,152.4016876220703
2018-10-15,152.18357849121094
2018-10-16,157.3977813720703
2018-10-17,158.0322265625
2018-10-18,153.57142639160156
2018-10-19,152.70899963378906
2018-10-22,153.43263244628906
2018-10-23,153.04600524902344
2018-10-24,144.76870727539062
2018-10-25,149.63597106933594
2018-10-26,144.10452270507812
2018-10-29,140.8531036376953
2018-10-30,144.94715881347656
2018-10-31,150.46864318847656
2018-11-01,150.4290008544922
2018-11-02,149.04119873046875
2018-11-05,147.3857421875
2018-11-06,148.63473510742188
2018-11-07,150.21090698242188
2018-11-08,146.58279418945312
2018-11-09,143.69810485839844
2018-11-12,140.31777954101562
2018-11-13,140.9224853515625
2018-11-14,142.96453857421875
2018-11-15,142.59776306152344
2018-11-16,138.31536865234375
2018-11-19,130.4048309326172
2018-11-20,131.2771759033203
2018-11-21,133.6464080810547
2018-11-23,130.58328247070312
2018-11-26,135.19281005859375
2018-11-27,133.82481384277344
2018-11-28,135.5695037841797
2018-11-29,137.4727783203125
2018-11-30,139.38595581054688
2018-12-03,139.8617706298828
2018-12-04,136.7292938232422
2018-12-06,138.4145050048828
2018-12-07,136.2237548828125
2018-12-10,140.61514282226562
2018-12-11,140.84317016601562
2018-12-12,143.24212646484375
2018-12-13,143.74766540527344
2018-12-14,142.80593872070312
2018-12-17,138.96963500976562
2018-12-18,142.40943908691406
2018-12-19,132.08013916015625
2018-12-20,132.2387237548828
2018-12-21,123.86229705810547
2018-12-24,122.98003387451172
2018-12-26,133.0119171142578
2018-12-27,133.3489990234375
2018-12-28,132.04046630859375
2018-12-31,129.94883728027344
2019-01-02,134.4989013671875
2019-01-03,130.5931854248047
2019-01-04,136.74911499023438
2019-01-07,136.84825134277344
2019-01-08,141.2892303466797
2019-01-09,142.9744415283203
2019-01-10,142.94471740722656
2019-01-11,142.54818725585938
2019-01-14,144.1243438720703
2019-01-15,147.65338134765625
2019-01-16,146.25563049316406
2019-01-17,147.00904846191406
2019-01-18,148.73388671875
2019-01-22,146.28538513183594
2019-01-23,143.04383850097656
2019-01-24,144.5605010986328
2019-01-25,147.7128448486328
2019-01-28,146.18624877929688
2019-01-29,142.93479919433594
2019-01-30,149.11056518554688
2019-01-31,165.2389678955078
2019-02-01,164.2675018310547
2019-02-04,167.7766571044922
2019-02-05,169.67001342773438
2019-02-06,169.00588989257812
2019-02-07,164.93162536621094
2019-02-08,165.87338256835938
2019-02-11,164.34678649902344
2019-02-12,163.60328674316406
2019-02-13,162.6417694091797
2019-02-14,162.5227813720703
2019-02-15,161.08538818359375
2019-02-19,160.8772430419922
2019-02-20,161.14486694335938
2019-02-21,158.64682006835938
2019-02-22,160.48072814941406
2019-02-25,163.18695068359375
2019-02-26,162.7012481689453
2019-02-27,161.3927001953125
2019-02-28,160.0445556640625
2019-03-01,160.8673553466797
2019-03-04,165.9130096435547
2019-03-05,169.76913452148438
2019-03-06,171.00828552246094
2019-03-07,167.65771484375
2019-03-08,168.1236114501953
2019-03-11,170.57211303710938
2019-03-12,170.4234161376953
2019-03-13,171.8607940673828
2019-03-14,168.68865966796875
2019-03-15,164.53514099121094
2019-03-18,159.07308959960938
2019-03-19,160.1635284423828
2019-03-20,163.99981689453125
2019-03-21,164.63427734375
2019-03-22,162.90940856933594
2019-03-25,164.8424072265625
2019-03-26,166.22030639648438
2019-03-27,164.42608642578125
2019-03-28,164.10887145996094
2019-03-29,165.2389678955078
2019-04-01,167.2314453125
2019-04-02,172.68357849121094
2019-04-03,172.02931213378906
2019-04-04,174.4877166748047
2019-04-05,174.19033813476562
2019-04-08,173.40721130371094
2019-04-09,176.03411865234375
2019-04-10,176.27206420898438
2019-04-11,175.9647674560547
2019-04-12,177.54090881347656
2019-04-15,178.0861053466797
2019-04-16,177.31289672851562
2019-04-17,177.22369384765625
2019-04-18,176.72804260253906
2019-04-22,179.86053466796875
2019-04-23,182.18016052246094
2019-04-24,180.99063110351562
2019-04-25,191.57765197753906
2019-04-26,189.8230438232422
2019-04-29,193.08444213867188
2019-04-30,191.7164306640625
2019-05-01,191.3496551513672
2019-05-02,190.85400390625
2019-05-03,193.76840209960938
2019-05-06,192.1922607421875
2019-05-07,188.1180419921875
2019-05-08,187.89004516601562
2019-05-09,187.00775146484375
2019-05-10,186.70050048828125
2019-05-13,179.95965576171875
2019-05-14,179.15673828125
2019-05-15,184.64849853515625
2019-05-16,185.36221313476562
2019-05-17,183.6869354248047
2019-05-20,181.12939453125
2019-05-21,183.2111053466797
2019-05-22,183.70675659179688
2019-05-23,179.29551696777344
2019-05-24,179.4838409423828
2019-05-28,182.70555114746094
2019-05-29,180.60400390625
2019-05-30,181.41688537597656
2019-05-31,175.92507934570312
2019-06-03,162.7210693359375
2019-06-04,166.0419158935547
2019-06-05,166.7060546875
2019-06-06,166.86468505859375
2019-06-07,171.84097290039062
2019-06-10,173.29815673828125
2019-06-11,176.5496063232422
2019-06-12,173.51625061035156
2019-06-13,175.92507934570312
2019-06-14,179.75149536132812
2019-06-17,187.3646240234375
2019-06-18,186.829345703125
2019-06-19,185.8479766845703
2019-06-20,187.88011169433594
2019-06-21,189.4761199951172
2019-06-24,190.9233856201172
2019-06-25,187.19613647460938
2019-06-26,186.0264129638672
2019-06-27,187.85037231445312
2019-06-28,191.31993103027344
2019-07-01,191.31993103027344
2019-07-02,193.30250549316406
2019-07-03,195.48333740234375
2019-07-05,194.69033813476562
2019-07-08,194.05589294433594
2019-07-09,197.47584533691406
2019-07-10,200.9652099609375
2019-07-11,199.47825622558594
2019-07-12,203.08656311035156
2019-07-15,202.13494873046875
2019-07-16,202.0655517578125
2019-07-17,200.04331970214844
2019-07-18,199.03221130371094
2019-07-19,196.6332550048828
2019-07-22,200.55882263183594
2019-07-23,200.59840393066406
2019-07-24,202.87840270996094
2019-07-25,198.96279907226562
2019-07-26,198.0111541748047
2019-07-29,194.23434448242188
2019-07-30,195.32473754882812
2019-07-31,192.5391845703125
2019-08-01,191.05226135253906
2019-08-02,187.3745880126953
2019-08-05,180.1479949951172
2019-08-06,182.90380859375
2019-08-07,183.53823852539062
2019-08-08,188.504638671875
2019-08-09,186.21475219726562
2019-08-12,183.75631713867188
2019-08-13,186.80950927734375
2019-08-14,178.14559936523438
2019-08-15,181.0005340576172
2019-08-16,182.10086059570312
2019-08-19,184.5493621826172
2019-08-20,182.20989990234375
2019-08-21,181.95217895507812
2019-08-22,180.45529174804688
2019-08-23,176.2026824951172
2019-08-26,178.78994750976562
2019-08-27,179.7217559814453
2019-08-28,180.17771911621094
2019-08-29,183.95462036132812
2019-08-30,184.05372619628906
2019-09-03,180.80227661132812
2019-09-04,185.5109405517578
2019-09-05,189.2382049560547
2019-09-06,185.8578643798828
2019-09-09,187.11679077148438
2019-09-10,184.5493621826172
2019-09-11,186.84918212890625
2019-09-12,185.83804321289062
2019-09-13,185.56051635742188
2019-09-16,184.5989227294922
2019-09-17,186.4427490234375
2019-09-18,186.50222778320312
2019-09-19,188.48480224609375
2019-09-20,188.27664184570312
2019-09-23,185.19371032714844
2019-09-24,179.70191955566406
2019-09-25,181.2086944580078
2019-09-26,178.54212951660156
2019-09-27,175.55833435058594
2019-09-30,176.52976989746094
2019-10-01,174.279541015625
2019-10-02,173.08009338378906
2019-10-03,177.81846618652344
2019-10-04,178.87918090820312
2019-10-07,178.1158447265625
2019-10-08,176.2026824951172
2019-10-09,178.28440856933594
2019-10-10,178.4628143310547
2019-10-11,182.5865936279297
2019-10-14,181.6845245361328
2019-10-15,187.24571228027344
2019-10-16,187.89993286132812
2019-10-17,188.7326202392578
2019-10-18,184.23216247558594
2019-10-21,188.10812377929688
2019-10-22,180.752685546875
2019-10-23,184.52952575683594
2019-10-24,184.75755310058594
2019-10-25,186.25439453125
2019-10-28,187.75125122070312
2019-10-29,187.6620330810547
2019-10-30,186.61126708984375
2019-10-31,189.98165893554688
2019-11-01,191.93450927734375
2019-11-04,193.02496337890625
2019-11-05,192.62841796875
2019-11-06,189.88255310058594
2019-11-07,188.76239013671875
2019-11-08,189.17872619628906
2019-11-11,187.95941162109375
2019-11-12,192.77711486816406
2019-11-13,191.5082550048828
2019-11-14,191.46861267089844
2019-11-15,193.4016571044922
2019-11-18,195.68161010742188
2019-11-19,197.58489990234375
2019-11-20,195.79063415527344
2019-11-21,196.20697021484375
2019-11-22,197.08926391601562
2019-11-25,198.05079650878906
2019-11-26,197.2379150390625
2019-11-27,200.2415771484375
2019-11-29,199.88470458984375
2019-12-02,197.9615936279297
2019-12-03,197.08926391601562
2019-12-04,196.98019409179688
2019-12-05,197.62457275390625
2019-12-06,199.29983520507812
2019-12-09,199.58731079101562
2019-12-10,199.12139892578125
2019-12-11,200.49929809570312
2019-12-12,195.0372772216797
2019-12-13,192.4202423095703
2019-12-16,196.19708251953125
2019-12-17,196.66299438476562
2019-12-18,200.7372283935547
2019-12-19,204.26620483398438
2019-12-20,204.504150390625
2019-12-23,204.38519287109375
2019-12-24,203.33441162109375
2019-12-26,205.98114013671875
2019-12-27,206.28848266601562
2019-12-30,202.6305694580078
2019-12-31,203.4632568359375
2020-01-02,207.95384216308594
2020-01-03,206.85348510742188
2020-01-06,210.74929809570312
2020-01-07,211.20529174804688
2020-01-08,213.3465118408203
2020-01-09,216.399658203125
2020-01-10,216.16177368164062
2020-01-13,219.97825622558594
2020-01-14,217.15306091308594
2020-01-15,219.22483825683594
2020-01-16,219.83944702148438
2020-01-17,220.20623779296875
2020-01-21,219.5123291015625
2020-01-22,219.3933868408203
2020-01-23,217.8469696044922
2020-01-24,216.0428009033203
2020-01-27,212.99951171875
2020-01-28,215.89410400390625
2020-01-29,221.28675842285156
2020-01-30,207.70599365234375
2020-01-31,200.15232849121094
2020-02-03,202.41250610351562
2020-02-04,208.00340270996094
2020-02-05,208.28094482421875
2020-02-06,209.01449584960938
2020-02-07,210.48162841796875
2020-02-10,211.20529174804688
2020-02-11,205.3863983154297
2020-02-12,208.92532348632812
2020-02-13,211.2845916748047
2020-02-14,212.3155517578125
2020-02-18,215.90402221679688
2020-02-19,215.59671020507812
2020-02-20,212.71205139160156
2020-02-21,208.35037231445312
2020-02-24,198.97271728515625
2020-02-25,195.05709838867188
2020-02-26,195.48333740234375
2020-02-27,188.09820556640625
2020-02-28,190.79452514648438
2020-03-02,194.72998046875
2020-03-03,184.27178955078125
2020-03-04,190.09072875976562
2020-03-05,183.5580596923828
2020-03-06,179.51358032226562
2020-03-09,168.02447509765625
2020-03-10,176.63880920410156
2020-03-11,168.758056640625
2020-03-12,153.12533569335938
2020-03-13,168.79766845703125
2020-03-16,144.73895263671875
2020-03-17,148.11927795410156
2020-03-18,145.6807098388672
2020-03-19,151.7969970703125
2020-03-20,148.4265899658203
2020-03-23,146.810791015625
2020-03-24,159.57862854003906
2020-03-25,154.85018920898438
2020-03-26,161.91810607910156
2020-03-27,155.4251251220703
2020-03-30,164.50537109375
2020-03-31,165.34800720214844
2020-04-01,158.210693359375
2020-04-02,156.8129425048828
2020-04-03,152.8378448486328
2020-04-06,164.10887145996094
2020-04-07,167.36033630371094
2020-04-08,172.76287841796875
2020-04-09,173.66494750976562
2020-04-13,173.26844787597656
2020-04-14,176.61900329589844
2020-04-15,175.429443359375
2020-04-16,174.71572875976562
2020-04-17,177.67970275878906
2020-04-20,176.68836975097656
2020-04-21,169.31317138671875
2020-04-22,180.69322204589844
2020-04-23,183.5184326171875
2020-04-24,188.41542053222656
2020-04-27,185.8677978515625
2020-04-28,181.31776428222656
2020-04-29,192.4995574951172
2020-04-30,202.92796325683594
2020-05-01,200.5092010498047
2020-05-04,203.47317504882812
2020-05-05,205.26742553710938
2020-05-06,206.6552276611328
2020-05-07,209.42095947265625
2020-05-08,210.50144958496094
2020-05-11,211.32423400878906
2020-05-12,208.2710723876953
2020-05-13,203.3145751953125
2020-05-14,205.00970458984375
2020-05-15,209.0442657470703
2020-05-18,211.33413696289062
2020-05-19,214.99203491210938
2020-05-20,227.9680938720703
2020-05-21,229.375732421875
2020-05-22,232.86509704589844
2020-05-26,230.1786651611328
2020-05-27,227.14529418945312
2020-05-28,223.4973602294922
2020-05-29,223.13055419921875
2020-06-01,229.89120483398438
2020-06-02,230.6941375732422
2020-06-03,228.15640258789062
2020-06-04,224.32009887695312
2020-06-05,228.76112365722656
2020-06-08,229.3856201171875
2020-06-09,236.5923309326172
2020-06-10,234.6692352294922
2020-06-11,222.476318359375
2020-06-12,226.59017944335938
2020-06-15,230.47605895996094
2020-06-16,233.5986328125
2020-06-17,233.47970581054688
2020-06-18,233.8861083984375
2020-06-19,236.71133422851562
2020-06-22,237.1375732421875
2020-06-23,240.13124084472656
2020-06-24,231.98281860351562
2020-06-25,233.62835693359375
2020-06-26,214.19900512695312
2020-06-29,218.7193145751953
2020-06-30,225.0933380126953
2020-07-01,235.4821319580078
2020-07-02,231.38804626464844
2020-07-06,238.18833923339844
2020-07-07,238.76327514648438
2020-07-08,241.45962524414062
2020-07-09,242.37158203125
2020-07-10,242.93663024902344
2020-07-13,236.91946411132812
2020-07-14,237.6431121826172
2020-07-15,238.18833923339844
2020-07-16,238.8326873779297
2020-07-17,239.9231414794922
2020-07-20,243.2835693359375
2020-07-21,239.64553833007812
2020-07-22,237.78189086914062
2020-07-23,230.5751953125
2020-07-24,228.70164489746094
2020-07-27,231.4673614501953
2020-07-28,228.11676025390625
2020-07-29,231.2592010498047
2020-07-30,232.4586639404297
2020-07-31,251.46176147460938
2020-08-03,249.76666259765625
2020-08-04,247.6551971435547
2020-08-05,246.95135498046875
2020-08-06,262.9707336425781
2020-08-07,266.10321044921875
2020-08-10,260.7105407714844
2020-08-11,253.90036010742188
2020-08-12,257.6276550292969
2020-08-13,259.0252990722656
2020-08-14,258.9658508300781
2020-08-17,258.8865661621094
2020-08-18,260.0563049316406
2020-08-19,260.3041076660156
2020-08-20,266.668212890625
2020-08-21,264.6856689453125
2020-08-24,269.02752685546875
2020-08-25,278.37542724609375
2020-08-26,301.2644348144531
2020-08-27,290.6674499511719
2020-08-28,291.10369873046875
2020-08-31,290.647705078125
2020-09-01,292.8681335449219
2020-09-02,299.86669921875
2020-09-03,288.5857849121094
2020-09-04,280.2688293457031
2020-09-08,268.79949951171875
2020-09-09,271.3372497558594
2020-09-10,265.7562561035156
2020-09-11,264.2891540527344
2020-09-14,263.8331604003906
2020-09-15,270.04852294921875
2020-09-16,261.22601318359375
2020-09-17,252.60174560546875
2020-09-18,250.33169555664062
2020-09-21,245.9898223876953
2020-09-22,252.5323486328125
2020-09-23,246.85226440429688
2020-09-24,247.3577880859375
2020-09-25,252.60174560546875
2020-09-28,254.58438110351562
2020-09-29,259.5111389160156
2020-09-30,259.6200866699219
2020-10-01,264.3089294433594
2020-10-02,257.6772155761719
2020-10-05,262.34619140625
2020-10-06,256.4083251953125
2020-10-07,255.87306213378906
2020-10-08,261.4639587402344
2020-10-09,262.1479797363281
2020-10-12,273.3495788574219
2020-10-13,273.7361755371094
2020-10-14,269.4537658691406
2020-10-15,264.39813232421875
2020-10-16,263.61505126953125
2020-10-19,259.12445068359375
2020-10-20,265.2308349609375
2020-10-21,276.30364990234375
2020-10-22,275.6989440917969
2020-10-23,282.3108825683594
2020-10-26,274.69769287109375
2020-10-27,280.823974609375
2020-10-28,265.3399353027344
2020-10-29,278.38531494140625
2020-10-30,260.8196105957031
2020-11-02,259.0848388671875
2020-11-03,262.990478515625
2020-11-04,284.8783264160156
2020-11-05,292.1147766113281
2020-11-06,290.8558654785156
2020-11-09,276.34326171875
2020-11-10,270.0585021972656
2020-11-11,274.07318115234375
2020-11-12,272.68536376953125
2020-11-13,274.53912353515625
2020-11-16,276.5316162109375
2020-11-17,272.6061096191406
2020-11-18,269.6024475097656
2020-11-19,270.56402587890625
2020-11-20,267.3522033691406
2020-11-23,266.0932922363281
2020-11-24,274.5093994140625
2020-11-25,273.19097900390625
2020-11-27,275.3916320800781
2020-11-30,274.5589904785156
2020-12-01,284.0555419921875
2020-12-02,285.0171203613281
2020-12-03,279.396484375
2020-12-04,277.2651672363281
2020-12-07,283.093994140625
2020-12-08,280.93292236328125
2020-12-09,275.50067138671875
2020-12-10,274.7076110839844
2020-12-11,271.168701171875
2020-12-14,271.8031311035156
2020-12-15,273.15130615234375
2020-12-16,273.2702331542969
2020-12-17,272.09063720703125
2020-12-18,273.99383544921875
2020-12-21,270.4153137207031
2020-12-22,264.76495361328125
2020-12-23,265.7760314941406
2020-12-24,265.0722351074219
2020-12-28,274.58868408203125
2020-12-29,274.37060546875
2020-12-30,269.50335693359375
2020-12-31,270.7821044921875
2021-01-04,266.59881591796875
2021-01-05,268.6111755371094
2021-01-06,261.017822265625
2021-01-07,266.4005432128906
2021-01-08,265.24078369140625
2021-01-11,254.60414123535156
2021-01-12,248.9042205810547
2021-01-13,249.44944763183594
2021-01-14,243.50169372558594
2021-01-15,249.171875
2021-01-19,258.8271179199219
2021-01-20,265.1515808105469
2021-01-21,270.4945983886719
2021-01-22,272.11041259765625
2021-01-25,275.5899353027344
2021-01-26,279.5947265625
2021-01-27,269.77099609375
2021-01-28,262.6931457519531
2021-01-29,256.0811767578125
2021-02-01,259.72918701171875
2021-02-02,264.7550048828125
2021-02-03,264.3288269042969
2021-02-04,264.1701965332031
2021-02-05,265.7662048339844
2021-02-08,264.2593688964844
2021-02-09,267.1044616699219
2021-02-10,269.50335693359375
2021-02-11,268.0362243652344
2021-02-12,268.145263671875
2021-02-16,271.5850524902344
2021-02-17,271.1885681152344
2021-02-18,267.0449523925781
2021-02-19,259.28314208984375
2021-02-22,258.06378173828125
2021-02-23,263.54559326171875
2021-02-24,262.00909423828125
2021-02-25,252.47288513183594
2021-02-26,255.37733459472656
2021-03-01,262.60394287109375
2021-03-02,256.745361328125
2021-03-03,253.18661499023438
2021-03-04,255.397216796875
2021-03-05,261.9794006347656
2021-03-08,253.08749389648438
2021-03-09,263.4266357421875
2021-03-10,262.593994140625
2021-03-11,271.4958801269531
2021-03-12,266.06353759765625
2021-03-15,271.3669738769531
2021-03-16,276.8487854003906
2021-03-17,281.53765869140625
2021-03-18,276.1945495605469
2021-03-19,287.5845031738281
2021-03-22,290.9847106933594
2021-03-23,288.1000671386719
2021-03-24,279.6839599609375
2021-03-25,276.3134765625
2021-03-26,280.5562744140625
2021-03-29,288.28839111328125
2021-03-30,285.4929504394531
2021-03-31,291.96612548828125
2021-04-01,296.0601806640625
2021-04-05,306.220947265625
2021-04-06,303.593994140625
2021-04-07,310.3645324707031
2021-04-08,310.2951354980469
2021-04-09,309.739990234375
2021-04-12,308.8280334472656
2021-04-13,307.0635070800781
2021-04-14,300.1839599609375
2021-04-15,305.140380859375
2021-04-16,303.5146484375
2021-04-19,299.6089782714844
2021-04-20,300.015380859375
2021-04-21,298.8456726074219
2021-04-22,293.9387512207031
2021-04-23,298.5086364746094
2021-04-26,300.4019775390625
2021-04-27,300.9274597167969
2021-04-28,304.4266662597656
2021-04-29,326.6416015625
2021-04-30,322.2500915527344
2021-05-03,319.7718811035156
2021-05-04,315.5886535644531
2021-05-05,312.2777404785156
2021-05-06,317.23419189453125
2021-05-07,316.3023376464844
2021-05-10,303.3065185546875
2021-05-11,303.8616027832031
2021-05-12,299.916259765625
2021-05-13,302.6026611328125
2021-05-14,313.1897277832031
2021-05-17,312.7138671875
2021-05-18,307.26171875
2021-05-19,310.8601989746094
2021-05-20,315.83648681640625
2021-05-21,313.4771728515625
2021-05-24,321.8040466308594
2021-05-25,324.9365234375
2021-05-26,324.8077087402344
2021-05-27,329.8533630371094
2021-05-28,325.8683776855469
2021-06-01,326.264892578125
2021-06-02,326.28466796875
2021-06-03,323.20184326171875
2021-06-04,327.4742431640625
2021-06-07,333.6500549316406
2021-06-08,330.7752380371094
2021-06-09,327.3751220703125
2021-06-10,329.56591796875
2021-06-11,328.3763732910156
2021-06-14,333.8383483886719
2021-06-15,333.81854248046875
2021-06-16,328.1978759765625
2021-06-17,333.5806884765625
2021-06-18,326.790283203125
2021-06-21,329.39739990234375
2021-06-22,336.0787658691406
2021-06-23,337.62506103515625
2021-06-24,340.1925964355469
2021-06-25,338.3983154296875
2021-06-28,352.54412841796875
2021-06-29,348.8267517089844
2021-06-30,344.6831359863281
2021-07-01,351.3050231933594
2021-07-02,351.61236572265625
2021-07-06,349.7090148925781
2021-07-07,347.4389343261719
2021-07-08,342.64105224609375
2021-07-09,347.36956787109375
2021-07-12,350.085693359375
2021-07-13,349.0250244140625
2021-07-14,344.6038513183594
2021-07-15,341.46142578125
2021-07-16,338.1901550292969
2021-07-19,334.0168762207031
2021-07-20,338.6858215332031
2021-07-21,343.216064453125
2021-07-22,348.1328430175781
2021-07-23,366.5709228515625
2021-07-26,369.2176818847656
2021-07-27,364.6081848144531
2021-07-28,370.0305480957031
2021-07-29,355.2007751464844
2021-07-30,353.19830322265625
2021-08-02,348.8862609863281
2021-08-03,348.1823425292969
2021-08-04,355.7955322265625
2021-08-05,359.810302734375
2021-08-06,360.3456726074219
2021-08-09,358.4621276855469
2021-08-10,357.986328125
2021-08-11,356.82647705078125
2021-08-12,359.49310302734375
2021-08-13,360.0184631347656
2021-08-16,363.3690490722656
2021-08-17,355.3297119140625
2021-08-18,352.3558044433594
2021-08-19,352.02862548828125
2021-08-20,356.24163818359375
2021-08-23,360.1869812011719
2021-08-24,362.3282165527344
2021-08-25,365.18316650390625
2021-08-26,361.2080078125
2021-08-27,369.3861999511719
2021-08-30,377.3462829589844
2021-08-31,376.077392578125
2021-09-01,378.72418212890625
2021-09-02,372.0131530761719
2021-09-03,372.984619140625
2021-09-07,378.85302734375
2021-09-08,374.2832336425781
2021-09-09,374.7095031738281
2021-09-10,375.3934020996094
2021-09-13,373.23248291015625
2021-09-14,373.2522277832031
2021-09-15,370.66497802734375
2021-09-16,369.8124694824219
2021-09-17,361.5450439453125
2021-09-20,352.60357666015625
2021-09-21,354.3680725097656
2021-09-22,340.2223205566406
2021-09-23,342.9483642578125
2021-09-24,349.8874816894531
2021-09-27,350.50201416015625
2021-09-28,337.6846008300781
2021-09-29,336.65362548828125
2021-09-30,336.4356384277344
2021-10-01,340.0240478515625
2021-10-04,323.39013671875
2021-10-05,330.0614929199219
2021-10-06,330.7356262207031
2021-10-07,326.3541259765625
2021-10-08,327.17681884765625
2021-10-11,322.616943359375
2021-10-12,320.9515075683594
2021-10-13,321.7148742675781
2021-10-14,325.6700744628906
2021-10-15,321.9329528808594
2021-10-18,332.42083740234375
2021-10-19,337.0303955078125
2021-10-20,337.8135070800781
2021-10-21,338.90386962890625
2021-10-22,321.7842102050781
2021-10-25,325.82867431640625
2021-10-26,313.06085205078125
2021-10-27,309.5021057128906
2021-10-28,314.16119384765625
2021-10-29,320.7532958984375
2021-11-01,327.1075134277344
2021-11-02,325.2239990234375
2021-11-03,328.7332458496094
2021-11-04,332.9263610839844
2021-11-05,338.1604309082031
2021-11-08,335.67230224609375
2021-11-09,332.4505920410156
2021-11-10,324.787841796875
2021-11-11,324.886962890625
2021-11-12,337.9225158691406
2021-11-15,344.534423828125
2021-11-16,339.9744567871094
2021-11-17,337.80352783203125
2021-11-18,335.74169921875
2021-11-19,342.2940979003906
2021-11-22,338.0414733886719
2021-11-23,334.31414794921875
2021-11-24,338.091064453125
2021-11-26,330.22015380859375
2021-11-29,335.0874328613281
2021-11-30,321.63555908203125
2021-12-01,307.8962097167969
2021-12-02,307.6880798339844
2021-12-03,304.16888427734375
2021-12-06,315.1029052734375
2021-12-07,319.9998779296875
2021-12-08,327.68243408203125
2021-12-09,326.9488525390625
2021-12-10,326.87945556640625
2021-12-13,331.57818603515625
2021-12-14,330.8347473144531
2021-12-15,338.6858215332031
2021-12-16,331.9846496582031
2021-12-17,330.8843078613281
2021-12-20,322.616943359375
2021-12-21,331.2907409667969
2021-12-22,327.57342529296875
2021-12-23,332.3216552734375
2021-12-27,343.1664733886719
2021-12-28,343.2060852050781
2021-12-29,339.95465087890625
2021-12-30,341.3622741699219
2021-12-31,333.42205810546875
2022-01-03,335.59295654296875
2022-01-04,333.6004333496094
2022-01-05,321.3480224609375
2022-01-06,329.56591796875
2022-01-07,328.9017028808594
2022-01-10,325.21405029296875
2022-01-11,331.4592590332031
2022-01-12,330.3589172363281
2022-01-13,323.637939453125
2022-01-14,329.0107421875
2022-01-18,315.3804016113281
2022-01-19,316.8078918457031
2022-01-20,313.8043518066406
2022-01-21,300.5308837890625
2022-01-24,306.0226135253906
2022-01-25,297.537109375
2022-01-26,292.06524658203125
2022-01-27,292.07513427734375
2022-01-28,299.0835266113281
2022-01-31,310.53302001953125
2022-02-01,316.22308349609375
2022-02-02,320.188232421875
2022-02-03,235.69024658203125
2022-02-04,235.02610778808594
2022-02-07,222.9521484375
2022-02-08,218.26329040527344
2022-02-09,229.98040771484375
2022-02-10,226.0846405029297
2022-02-11,217.63877868652344
2022-02-14,215.8048858642578
2022-02-15,219.07618713378906
2022-02-16,214.6549835205078
2022-02-17,205.90187072753906
2022-02-18,204.3653564453125
2022-02-22,200.32086181640625
2022-02-23,196.7224884033203
2022-02-24,205.79281616210938
2022-02-25,208.6477508544922
2022-02-28,209.1929473876953
2022-03-01,201.71859741210938
2022-03-02,206.29837036132812
2022-03-03,201.20310974121094
2022-03-04,198.31845092773438
2022-03-07,185.83804321289062
2022-03-08,188.6334991455078
2022-03-09,196.77203369140625
2022-03-10,193.51068115234375
2022-03-11,185.97682189941406
2022-03-14,185.00537109375
2022-03-15,190.35836791992188
2022-03-16,201.8573455810547
2022-03-17,206.03073120117188
2022-03-18,214.6054229736328
2022-03-21,209.64895629882812
2022-03-22,214.76402282714844
2022-03-23,211.60182189941406
2022-03-24,217.6586151123047
2022-03-25,219.88902282714844
2022-03-28,221.6436309814453
2022-03-29,227.85902404785156
2022-03-30,225.8665313720703
2022-03-31,220.42433166503906
2022-04-01,222.89266967773438
2022-04-04,231.8539581298828
2022-04-05,229.82177734375
2022-04-06,221.35614013671875
2022-04-07,221.00921630859375
2022-04-08,220.3945770263672
2022-04-11,214.57569885253906
2022-04-12,212.27589416503906
2022-04-13,213.11851501464844
2022-04-14,208.35037231445312
2022-04-18,208.93521118164062
2022-04-19,215.41827392578125
2022-04-20,198.6753387451172
2022-04-21,186.43283081054688
2022-04-22,182.50729370117188
2022-04-25,185.36221313476562
2022-04-26,179.37478637695312
2022-04-27,173.42706298828125
2022-04-28,203.93910217285156
2022-04-29,198.72488403320312
2022-05-02,209.29208374023438
2022-05-03,210.18426513671875
2022-05-04,221.46522521972656
2022-05-05,206.46688842773438
2022-05-06,201.9961700439453
2022-05-09,194.50196838378906
2022-05-10,195.9293975830078
2022-05-11,187.09698486328125
2022-05-12,189.5752410888672
2022-05-13,196.89100646972656
2022-05-16,198.29864501953125
2022-05-17,200.85617065429688
2022-05-18,190.56655883789062
2022-05-19,189.62478637695312
2022-05-20,191.855224609375
2022-05-23,194.5218048095703
2022-05-24,179.70191955566406
2022-05-25,182.229736328125
2022-05-26,189.9618377685547
2022-05-27,193.43138122558594
2022-05-31,191.954345703125
2022-06-01,186.99789428710938
2022-06-02,197.12889099121094
2022-06-03,189.1192626953125
2022-06-06,192.55905151367188
2022-06-07,193.9468231201172
2022-06-08,194.92822265625
2022-06-09,182.3982391357422
2022-06-10,174.04164123535156
2022-06-13,162.83009338378906
2022-06-14,162.3047332763672
2022-06-15,167.8758087158203
2022-06-16,159.46963500976562
2022-06-17,162.3146209716797
2022-06-21,155.682861328125
2022-06-22,154.49334716796875
2022-06-23,157.3680419921875
2022-06-24,168.67874145507812
2022-06-27,168.01458740234375
2022-06-28,159.28125
2022-06-29,162.5128631591797
2022-06-30,159.84628295898438
2022-07-01,158.63693237304688
2022-07-05,166.7258758544922
2022-07-06,168.29212951660156
2022-07-07,170.69110107421875
2022-07-08,169.39247131347656
2022-07-11,161.46209716796875
2022-07-12,161.84873962402344
2022-07-13,162.06678771972656
2022-07-14,156.67417907714844
2022-07-15,163.26625061035156
2022-07-18,165.7742462158203
2022-07-19,174.2498016357422
2022-07-20,181.49618530273438
2022-07-21,181.57546997070312
2022-07-22,167.79647827148438
2022-07-25,165.1992645263672
2022-07-26,157.76458740234375
2022-07-27,168.10379028320312
2022-07-28,159.32090759277344
2022-07-29,157.71502685546875
2022-08-01,158.5377960205078
2022-08-02,158.79551696777344
2022-08-03,167.33058166503906
2022-08-04,169.08517456054688
2022-08-05,165.6553192138672
2022-08-08,168.7679443359375
2022-08-09,167.06289672851562
2022-08-10,176.78750610351562
2022-08-11,175.94493103027344
2022-08-12,178.92872619628906
2022-08-15,179.3153533935547
2022-08-16,177.90771484375
2022-08-17,173.32791137695312
2022-08-18,173.13954162597656
2022-08-19,166.49789428710938
2022-08-22,161.63064575195312
2022-08-23,159.70751953125
2022-08-24,161.83877563476562
2022-08-25,167.3107452392578
2022-08-26,160.3717041015625
2022-08-29,157.7843780517578
2022-08-30,155.79188537597656
2022-08-31,161.51168823242188
2022-09-01,163.9205322265625
2022-09-02,158.92440795898438
2022-09-06,157.15988159179688
2022-09-07,158.99378967285156
2022-09-08,160.6492462158203
2022-09-09,167.67752075195312
2022-09-12,167.48916625976562
2022-09-13,151.7969970703125
2022-09-14,150.15142822265625
2022-09-15,148.24813842773438
2022-09-16,145.01654052734375
2022-09-19,146.73147583007812
2022-09-20,144.81826782226562
2022-09-21,140.88282775878906
2022-09-22,141.5767364501953
2022-09-23,139.18771362304688
2022-09-26,135.18287658691406
2022-09-27,133.23001098632812
2022-09-28,140.3772430419922
2022-09-29,135.2225341796875
2022-09-30,134.4989013671875
2022-10-03,137.4033966064453
2022-10-04,139.058837890625
2022-10-05,137.77017211914062
2022-10-06,137.85939025878906
2022-10-07,132.28831481933594
2022-10-10,132.62533569335938
2022-10-11,127.4210205078125
2022-10-12,126.39009094238281
2022-10-13,129.1558074951172
2022-10-14,125.65653991699219
2022-10-17,132.87313842773438
2022-10-18,131.64395141601562
2022-10-19,132.0701904296875
2022-10-20,130.385009765625
2022-10-21,128.87823486328125
2022-10-24,128.5907745361328
2022-10-25,136.31295776367188
2022-10-26,128.68992614746094
2022-10-27,97.0874252319336
2022-10-28,98.33645629882812
2022-10-31,92.34903717041016
2022-11-01,94.37126922607422
2022-11-02,89.7518310546875
2022-11-03,88.13603210449219
2022-11-04,89.99966430664062
2022-11-07,95.87804412841797
2022-11-08,95.63020324707031
2022-11-09,100.58668518066406
2022-11-10,110.89616394042969
2022-11-11,112.0361557006836
2022-11-14,113.22569274902344
2022-11-15,116.0608139038086
2022-11-16,112.24433135986328
2022-11-17,110.47980499267578
2022-11-18,111.07459259033203
2022-11-21,108.90365600585938
2022-11-22,110.46990203857422
2022-11-23,111.262939453125
2022-11-25,110.44017028808594
2022-11-28,107.83305358886719
2022-11-29,108.50714111328125
2022-11-30,117.07191467285156
2022-12-01,119.39155578613281
2022-12-02,122.41500091552734
2022-12-05,121.36421966552734
2022-12-06,113.1265640258789
2022-12-07,112.93822479248047
2022-12-08,114.3260498046875
2022-12-09,114.8910903930664
2022-12-12,113.71144104003906
2022-12-13,119.10406494140625
2022-12-14,120.53153991699219
2022-12-15,115.13890075683594
2022-12-16,118.39034271240234
2022-12-19,113.48343658447266
2022-12-20,116.07070922851562
2022-12-21,118.71746826171875
2022-12-22,116.10045623779297
2022-12-23,117.01246643066406
2022-12-27,115.86254119873047
2022-12-28,114.61351013183594
2022-12-29,119.21311950683594
2022-12-30,119.29241180419922
2023-01-03,123.65412139892578
2023-01-04,126.26123046875
2023-01-05,125.83496856689453
2023-01-06,128.88816833496094
2023-01-09,128.34292602539062
2023-01-10,131.83229064941406
2023-01-11,131.73316955566406
2023-01-12,135.5199432373047
2023-01-13,135.78756713867188
2023-01-17,134.18167114257812
2023-01-18,131.86207580566406
2023-01-19,134.9647674560547
2023-01-20,138.15673828125
2023-01-23,142.02281188964844
2023-01-24,141.89393615722656
2023-01-25,140.2682342529297
2023-01-26,146.0177459716797
2023-01-27,150.41909790039062
2023-01-30,145.77981567382812
2023-01-31,147.67320251464844
2023-02-01,151.78707885742188
2023-02-02,187.12677001953125
2023-02-03,184.90623474121094
2023-02-06,184.4403533935547
2023-02-07,189.95191955566406
2023-02-08,181.83322143554688
2023-02-09,176.3711700439453
2023-02-10,172.63400268554688
2023-02-13,177.86802673339844
2023-02-14,177.9175567626953
2023-02-15,175.61782836914062
2023-02-16,170.93890380859375
2023-02-17,171.37506103515625
2023-02-21,170.58204650878906
2023-02-22,169.63035583496094
2023-02-23,170.54237365722656
2023-02-24,168.90675354003906
2023-02-27,168.06410217285156
2023-02-28,173.4171142578125
2023-03-01,171.91033935546875
2023-03-02,173.01068115234375
2023-03-03,183.6373748779297
2023-03-06,183.29039001464844
2023-03-07,182.90380859375
2023-03-08,183.3598175048828
2023-03-09,180.10838317871094
2023-03-10,177.94732666015625
2023-03-13,179.32522583007812
2023-03-14,192.3310546875
2023-03-15,196.02854919433594
2023-03-16,203.1460418701172
2023-03-17,193.90719604492188
2023-03-20,196.08804321289062
2023-03-21,200.4001922607422
2023-03-22,198.07064819335938
2023-03-23,202.501708984375
2023-03-24,204.21664428710938
2023-03-27,201.07424926757812
2023-03-28,198.93304443359375
2023-03-29,203.56239318847656
2023-03-30,206.03073120117188
2023-03-31,210.09506225585938
2023-04-03,211.2152099609375
2023-04-04,212.850830078125
2023-04-05,209.6390380859375
2023-04-06,214.2188262939453
2023-04-10,212.88055419921875
2023-04-11,211.98843383789062
2023-04-12,212.13710021972656
2023-04-13,218.4318389892578
2023-04-14,219.56190490722656
2023-04-17,216.9547882080078
2023-04-18,215.99325561523438
2023-04-19,213.82229614257812
2023-04-20,211.2152099609375
2023-04-21,211.03680419921875
2023-04-24,210.9376220703125
2023-04-25,205.74325561523438
2023-04-26,207.57716369628906
2023-04-27,236.4833221435547
2023-04-28,238.2279815673828
2023-05-01,241.06307983398438
2023-05-02,237.15740966796875
2023-05-03,234.9666290283203
2023-05-04,231.48721313476562
2023-05-05,230.75363159179688
2023-05-08,231.23936462402344
2023-05-09,231.3385009765625
2023-05-10,231.05099487304688
2023-05-11,233.73741149902344
2023-05-12,231.774658203125
2023-05-15,236.7806854248047
2023-05-16,236.7410430908203
2023-05-17,240.3791046142578
2023-05-18,244.7011260986328
2023-05-19,243.50169372558594
2023-05-22,246.15835571289062
2023-05-23,244.59210205078125
2023-05-24,247.04061889648438
2023-05-25,250.49029541015625
2023-05-26,259.7589416503906
2023-05-30,260.2347412109375
2023-05-31,262.41558837890625
2023-06-01,270.2368469238281
2023-06-02,270.2368469238281
2023-06-05,269.02752685546875
2023-06-06,268.7599182128906
2023-06-07,261.3052978515625
2023-06-08,262.2767333984375
2023-06-09,262.6435241699219
2023-06-12,268.6904602050781
2023-06-13,268.9580993652344
2023-06-14,270.970458984375
2023-06-15,279.3766174316406
2023-06-16,278.5538024902344
2023-06-20,281.85491943359375
2023-06-21,279.18829345703125
2023-06-22,282.4001159667969
2023-06-23,286.21661376953125
2023-06-26,276.0458679199219
2023-06-27,284.5511474609375
2023-06-28,282.8065490722656
2023-06-29,279.07928466796875
2023-06-30,284.4817810058594
2023-07-03,283.53009033203125
2023-07-05,291.8074951171875
2023-07-06,289.44818115234375
2023-07-07,288.00091552734375
2023-07-10,291.539794921875
2023-07-11,295.693359375
2023-07-12,306.64715576171875
2023-07-13,310.68170166015625
2023-07-14,306.1812438964844
2023-07-17,307.916015625
2023-07-18,309.33349609375
2023-07-19,313.2591247558594
2023-07-20,299.8865661621094
2023-07-21,291.6984558105469
2023-07-24,289.0715026855469
2023-07-25,291.9066162109375
2023-07-26,295.97088623046875
2023-07-27,308.9964904785156
2023-07-28,322.64666748046875
2023-07-31,315.8265075683594
2023-08-01,319.9007263183594
2023-08-02,311.5738830566406
2023-08-03,310.4636535644531
2023-08-04,308.0250549316406
2023-08-07,313.8043518066406
2023-08-08,309.91845703125
2023-08-09,302.5531005859375
2023-08-10,303.0784912109375
2023-08-11,299.01416015625
2023-08-14,303.52459716796875
2023-08-15,299.3215026855469
2023-08-16,291.72821044921875
2023-08-17,282.60821533203125
2023-08-18,280.7842712402344
2023-08-21,287.37640380859375
2023-08-22,285.09637451171875
2023-08-23,291.6785583496094
2023-08-24,284.2537841796875
2023-08-25,283.0146789550781
2023-08-28,287.73321533203125
2023-08-29,295.39593505859375
2023-08-30,292.5310974121094
2023-08-31,293.314208984375
2023-09-01,293.79998779296875
2023-09-05,297.537109375
2023-09-06,296.5657043457031
2023-09-07,296.0700378417969
2023-09-08,295.2968444824219
2023-09-11,304.88262939453125
2023-09-12,299.0340576171875
2023-09-13,302.4044494628906
2023-09-14,309.00640869140625
2023-09-15,297.69573974609375
2023-09-18,299.916259765625
2023-09-19,302.4143371582031
2023-09-20,297.06134033203125
2023-09-21,293.1556396484375
2023-09-22,296.47650146484375
2023-09-25,298.211181640625
2023-09-26,296.3575134277344
2023-09-27,295.14813232421875
2023-09-28,301.31396484375
2023-09-29,297.5966491699219
2023-10-02,304.14910888671875
2023-10-03,298.3203430175781
2023-10-04,302.9198913574219
2023-10-05,302.1368103027344
2023-10-06,312.68414306640625
2023-10-09,315.5886535644531
2023-10-10,319.038330078125
2023-10-11,324.9663391113281
2023-10-12,321.3381652832031
2023-10-13,311.95062255859375
2023-10-16,318.3543701171875
2023-10-17,321.1795349121094
2023-10-18,314.2107238769531
2023-10-19,310.0869140625
2023-10-20,305.9631652832031
2023-10-23,311.2765197753906
2023-10-24,309.82916259765625
2023-10-25,296.92254638671875
2023-10-26,285.83990478515625
2023-10-27,294.1469421386719
2023-10-30,300.0252990722656
2023-10-31,298.64739990234375
2023-11-01,309.1353454589844
2023-11-02,308.163818359375
2023-11-03,311.86138916015625
2023-11-06,313.0508728027344
2023-11-07,316.044677734375
2023-11-08,316.99627685546875
2023-11-09,317.7595520019531
2023-11-10,325.9079895019531
2023-11-13,326.3243408203125
2023-11-14,333.38238525390625
2023-11-15,329.8137512207031
2023-11-16,331.28082275390625
2023-11-17,332.1234436035156
2023-11-20,337.010498046875
2023-11-21,334.04656982421875
2023-11-22,338.5172424316406
2023-11-24,335.28570556640625
2023-11-27,331.78643798828125
2023-11-28,336.0390625
2023-11-29,329.3081359863281
2023-11-30,324.30206298828125
2023-12-01,321.9924011230469
2023-12-04,317.23419189453125
2023-12-05,315.5192565917969
2023-12-06,314.68658447265625
2023-12-07,323.74700927734375
2023-12-08,329.8533630371094
2023-12-11,322.44842529296875
2023-12-12,331.3106384277344
2023-12-13,331.8260192871094
2023-12-14,330.26971435546875
2023-12-15,332.0044860839844
2023-12-18,341.6200256347656
2023-12-19,347.31005859375
2023-12-20,346.2394714355469
2023-12-21,351.00762939453125
2023-12-22,350.313720703125
2023-12-26,351.74114990234375
2023-12-27,354.7149963378906
2023-12-28,355.2007751464844
2023-12-29,350.87872314453125
2024-01-02,343.2755126953125
2024-01-03,341.47137451171875
2024-01-04,344.0982360839844
2024-01-05,348.8862609863281
2024-01-08,355.537841796875
2024-01-09,354.3185729980469
2024-01-10,367.2450256347656
2024-01-11,366.4520263671875
2024-01-12,371.22998046875
2024-01-16,364.2612609863281
2024-01-17,365.1632385253906
2024-01-18,372.8557434082031
2024-01-19,380.1120300292969
2024-01-22,378.4565734863281
2024-01-23,381.8467712402344
2024-01-24,387.2989196777344
2024-01-25,389.7572937011719
2024-01-26,390.7089538574219
2024-01-29,397.529052734375
2024-01-30,396.577392578125
2024-01-31,386.7437744140625
2024-02-01,391.3433532714844
2024-02-02,470.8551025390625
2024-02-05,455.4107971191406
2024-02-06,450.7616271972656
2024-02-07,465.5021667480469
2024-02-08,465.9085693359375
2024-02-09,464.03497314453125
2024-02-12,464.81817626953125
2024-02-13,456.11456298828125
2024-02-14,469.1600341796875
2024-02-15,479.81646728515625
2024-02-16,469.1996765136719
2024-02-20,467.64337158203125
2024-02-21,464.4480285644531
2024-02-22,482.40948486328125
2024-02-23,480.3255615234375
2024-02-26,478.0531005859375
2024-02-27,483.3223876953125
2024-02-28,480.3156433105469
2024-02-29,486.37884521484375
2024-03-01,498.4557189941406
2024-03-04,494.3771667480469
2024-03-05,486.46820068359375
2024-03-06,492.2932434082031
2024-03-07,508.2700500488281
2024-03-08,502.07781982421875
2024-03-11,479.888916015625
2024-03-12,495.92523193359375
2024-03-13,491.7772521972656
2024-03-14,488.0658264160156
2024-03-15,480.3950500488281
2024-03-18,493.17645263671875
2024-03-19,492.4420471191406
2024-03-20,501.65106201171875
2024-03-21,503.87396240234375
2024-03-22,505.679931640625
2024-03-25,499.1701965332031
2024-03-26,492.09478759765625
2024-03-27,490.0802917480469
2024-03-28,481.8636474609375
2024-04-01,487.5895080566406
2024-04-02,493.5634765625
2024-04-03,502.8616943359375
2024-04-04,507.009765625
2024-04-05,523.3040771484375
2024-04-08,515.2759399414062
2024-04-09,512.9440307617188
2024-04-10,515.8515014648438
2024-04-11,519.1560668945312
2024-04-12,507.98223876953125
2024-04-15,496.4015808105469
2024-04-16,495.9351806640625
2024-04-17,490.3879699707031
2024-04-18,497.95953369140625
2024-04-19,477.3882141113281
2024-04-22,478.04315185546875
2024-04-23,492.30322265625
2024-04-24,489.7230529785156
2024-04-25,438.0019836425781
2024-04-26,439.8973693847656
2024-04-29,429.30902099609375
2024-04-30,426.8778076171875
2024-05-01,435.8287658691406
2024-05-02,438.2996520996094
2024-05-03,448.5009765625
2024-05-06,462.1159973144531
2024-05-07,464.6564025878906
2024-05-08,468.9830322265625
2024-05-09,471.7814636230469
2024-05-10,472.55548095703125
2024-05-13,464.4281311035156
2024-05-14,468.2387390136719
2024-05-15,477.8546142578125
2024-05-16,469.60821533203125
2024-05-17,468.29833984375
2024-05-20,465.2518005371094
2024-05-21,461.0740661621094
2024-05-22,464.19989013671875
2024-05-23,462.2152404785156
2024-05-24,474.56005859375
2024-05-28,476.2470397949219
2024-05-29,470.72955322265625
2024-05-30,463.4754638671875
2024-05-31,463.2571716308594
2024-06-03,473.8356018066406
2024-06-04,473.33941650390625
2024-06-05,491.2711486816406
2024-06-06,489.9811096191406
2024-06-07,489.18719482421875
2024-06-10,498.75341796875
2024-06-11,503.586181640625
2024-06-12,504.9456787109375
2024-06-13,500.24200439453125
2024-06-14,500.7982177734375
2024-06-17,503.25177001953125
2024-06-18,496.1593017578125
2024-06-20,498.35467529296875
2024-06-21,491.4808044433594
2024-06-24,495.583251953125
2024-06-25,507.1952819824219
2024-06-26,509.698486328125
2024-06-27,516.0955200195312
2024-06-28,500.8577880859375
2024-07-01,501.3147277832031
2024-07-02,506.1025695800781
2024-07-03,506.55950927734375
2024-07-05,536.309814453125
2024-07-08,525.7905883789062
2024-07-09,526.4658813476562
2024-07-10,531.1245727539062
2024-07-11,509.28131103515625
2024-07-12,495.5434875488281
2024-07-15,492.8515625
2024-07-16,486.5240478515625
2024-07-17,458.909423828125
2024-07-18,472.677001953125
2024-07-19,473.6107482910156
2024-07-22,484.14996337890625
2024-07-23,485.4313659667969
2024-07-24,458.1941833496094
2024-07-25,450.3866271972656
2024-07-26,462.5946960449219
2024-07-29,462.6046142578125
2024-07-30,460.1014404296875
2024-07-31,471.6637878417969
2024-08-01,494.4209899902344
2024-08-02,484.8850402832031
2024-08-05,472.5578308105469
2024-08-06,490.7953796386719
2024-08-07,485.6598205566406
2024-08-08,506.2317810058594
2024-08-09,514.3175048828125
2024-08-12,512.509521484375
2024-08-13,525.015625
2024-08-14,523.24755859375
2024-08-15,533.7470092773438
2024-08-16,523.903076171875
2024-08-19,525.7506713867188
2024-08-20,523.2176513671875
2024-08-21,531.5914916992188
2024-08-22,528.383056640625
2024-08-23,524.4791870117188
2024-08-26,517.6450805664062
2024-08-27,515.6386108398438
2024-08-28,513.3341064453125
2024-08-29,514.7644653320312
2024-08-30,517.8338012695312
2024-09-03,508.3475036621094
2024-09-04,509.321044921875
2024-09-05,513.4134521484375
2024-09-06,496.9341735839844
2024-09-09,501.4240417480469
2024-09-10,501.4240417480469
2024-09-11,508.4170837402344
2024-09-12,522.0952758789062
2024-09-13,521.121826171875
2024-09-16,530.2294311523438
2024-09-17,533.2520751953125
2024-09-18,534.8726196289062
2024-09-19,555.9017333984375
2024-09-20,558.1388549804688
2024-09-23,561.1813354492188
2024-09-24,560.1074829101562
2024-09-25,565.0590209960938
2024-09-26,564.591796875
2024-09-27,564.1144409179688
2024-09-30,569.1654052734375
2024-10-01,573.17236328125
2024-10-02,569.5332641601562
2024-10-03,579.4363403320312
2024-10-04,592.5308837890625
2024-10-07,581.434814453125
2024-10-08,589.4984130859375
2024-10-09,587.132080078125
2024-10-10,580.4902954101562
2024-10-11,586.5751953125
2024-10-14,587.0425415039062
2024-10-15,582.9163208007812
2024-10-16,573.4904174804688
2024-10-17,573.629638671875
2024-10-18,573.17236328125
2024-10-21,571.8698120117188
2024-10-22,578.6806030273438
2024-10-23,560.4655151367188
2024-10-24,564.5320434570312
2024-10-25,569.9707641601562
2024-10-28,574.8526611328125
2024-10-29,589.8862915039062
2024-10-30,588.4146728515625
2024-10-31,564.333251953125
2024-11-01,563.91552734375
2024-11-04,557.47265625
2024-11-05,569.1553955078125
2024-11-06,568.7775268554688
2024-11-07,588.3152465820312
2024-11-08,585.9686889648438
2024-11-11,579.833984375
2024-11-12,581.474609375
2024-11-13,576.6821899414062
2024-11-14,573.8583984375
2024-11-15,550.9104614257812
2024-11-18,551.2285766601562
2024-11-19,557.88037109375
2024-11-20,562.2849731445312
2024-11-21,559.868896484375
2024-11-22,555.94140625
2024-11-25,561.8773193359375
2024-11-26,570.259033203125
2024-11-27,565.9439697265625
2024-11-29,571.0346069335938
2024-12-02,589.4387817382812
2024-12-03,610.1396484375
2024-12-04,610.2688598632812
2024-12-05,605.4466552734375
2024-12-06,620.2017822265625
2024-12-09,610.0601806640625
2024-12-10,615.7771606445312
2024-12-11,629.060791015625
2024-12-12,627.1815795898438
2024-12-13,616.8013305664062
2024-12-16,621.1697387695312
2024-12-17,616.3933715820312
2024-12-18,594.2528076171875
2024-12-19,592.6406860351562
2024-12-20,582.3713989257812
2024-12-23,596.8995971679688
2024-12-24,604.7608032226562
2024-12-26,600.3824462890625
2024-12-27,596.8599853515625
2024-12-30,588.3319702148438
2024-12-31,582.6302490234375
2025-01-02,596.2926635742188
2025-01-03,601.6561279296875
2025-01-06,627.1004638671875
2025-01-07,614.8509521484375
2025-01-08,607.7161865234375
2025-01-10,612.8308715820312
2025-01-13,605.3380126953125
2025-01-14,591.3272705078125
2025-01-15,614.084716796875
2025-01-16,608.2933959960938
2025-01-17,609.756103515625
2025-01-21,613.427978515625
2025-01-22,620.4334106445312
2025-01-23,633.3197021484375
2025-01-24,644.3053588867188
2025-01-27,656.6343994140625
2025-01-28,671.0133666992188
2025-01-29,673.1627197265625
2025-01-30,683.6210327148438
2025-01-31,685.7903442382812
2025-02-03,694.0296020507812
2025-02-04,700.7264404296875
2025-02-05,701.4031372070312
2025-02-06,708.4880981445312
2025-02-07,711.0057373046875
2025-02-10,713.8714599609375
2025-02-11,716.2597045898438
2025-02-12,721.8123168945312
2025-02-13,724.9766235351562
2025-02-14,733.0467529296875
2025-02-18,712.8466186523438
2025-02-19,700.3086547851562
2025-02-20,691.4225463867188
2025-02-21,680.1879272460938
2025-02-24,664.8439331054688
2025-02-25,654.26611328125
2025-02-26,670.3864135742188
2025-02-27,655.0025024414062
2025-02-28,664.91357421875
2025-03-03,651.8281860351562
2025-03-04,636.852294921875
2025-03-05,653.2411499023438
2025-03-06,624.841552734375
2025-03-07,622.5826416015625
2025-03-10,595.048828125
2025-03-11,602.7308959960938
2025-03-12,616.5126342773438
2025-03-13,587.7349853515625
2025-03-14,605.1494750976562
2025-03-17,602.4603271484375
2025-03-18,580.01123046875
2025-03-19,581.7044067382812
2025-03-20,583.6365966796875
2025-03-21,593.84521484375
2025-03-24,616.3540649414062
2025-03-25,623.7839965820312
2025-03-26,608.5158081054688
2025-03-27,600.149658203125
2025-03-28,574.4139404296875
2025-03-31,574.035400390625
2025-04-01,583.6365966796875
2025-04-02,581.5748901367188
2025-04-03,529.475830078125
2025-04-04,502.69439697265625
2025-04-07,514.1678466796875
2025-04-08,508.3912658691406
2025-04-09,583.4075317382812
2025-04-10,544.0867309570312
2025-04-11,541.377685546875
2025-04-14,529.33642578125
2025-04-15,519.4166259765625
2025-04-16,500.2840881347656
2025-04-17,499.45745849609375
2025-04-21,482.7052917480469
2025-04-22,498.26226806640625
2025-04-23,518.1717529296875
2025-04-24,530.999755859375
2025-04-25,545.0628051757812
2025-04-28,547.5228881835938
2025-04-29,552.203857421875
2025-04-30,546.7858276367188
2025-05-01,569.9022216796875
2025-05-02,594.6121826171875
2025-05-05,596.8531494140625
2025-05-06,584.9412841796875
2025-05-07,594.4030151367188
2025-05-08,595.5982055664062
2025-05-09,590.1004028320312
2025-05-12,636.8511352539062
2025-05-13,653.3841552734375
2025-05-14,656.7007446289062
2025-05-15,641.2831420898438
2025-05-16,637.7574462890625
2025-05-19,637.8471069335938
2025-05-20,634.5304565429688
2025-05-21,632.9369506835938
2025-05-22,634.0026245117188
2025-05-23,624.5309448242188
2025-05-27,639.7294311523438
2025-05-28,640.9844360351562
2025-05-29,642.4484252929688
2025-05-30,644.8786010742188
2025-06-02,668.1942138671875
2025-06-03,664.1604614257812
2025-06-04,685.1753540039062
2025-06-05,681.8588256835938
2025-06-06,694.8960571289062
2025-06-09,691.2608032226562
2025-06-10,699.567138671875
2025-06-11,691.3404541015625
2025-06-12,690.5635375976562
2025-06-13,680.1158447265625
2025-06-16,699.8262939453125
2025-06-17,694.9522705078125
2025-06-18,693.4970703125
2025-06-20,680.120849609375
2025-06-23,696.248046875
2025-06-24,709.8734130859375
2025-06-25,706.3648681640625
2025-06-26,723.718017578125
2025-06-27,731.2334594726562
2025-06-30,735.6788330078125
2025-07-01,716.8704223632812
2025-07-02,711.2388916015625
2025-07-03,716.6610717773438
2025-07-07,716.0032348632812
2025-07-08,718.315673828125
2025-07-09,730.3861694335938
2025-07-10,724.8642578125
2025-07-11,715.166015625
2025-07-14,718.5648193359375
2025-07-15,708.0692749023438
2025-07-16,700.6136474609375
2025-07-17,699.1185913085938
2025-07-18,701.9793090820312
2025-07-21,710.6408081054688
2025-07-22,702.5075073242188
2025-07-23,711.2489013671875
2025-07-24,712.4649047851562
2025-07-25,710.3517456054688
2025-07-28,715.28564453125
2025-07-29,697.7132568359375
2025-07-30,692.9389038085938
2025-07-31,770.913330078125
2025-08-01,747.5598754882812
2025-08-04,773.8338012695312
2025-08-05,760.9658813476562
2025-08-06,769.468017578125
2025-08-07,759.3412475585938
2025-08-08,766.786865234375
2025-08-11,763.3681030273438
2025-08-12,787.419189453125
2025-08-13,777.5316162109375
2025-08-14,779.5748901367188
2025-08-15,782.664794921875
2025-08-18,764.8631591796875
2025-08-19,749.0250854492188
2025-08-20,745.27734375
2025-08-21,736.6854858398438
2025-08-22,752.32421875
2025-08-25,750.8390502929688
2025-08-26,751.636474609375
2025-08-27,744.9384155273438
2025-08-28,748.6563110351562
2025-08-29,736.286865234375
2025-09-02,732.70849609375
2025-09-03,734.6422119140625
2025-09-04,746.204345703125
2025-09-05,749.9918823242188
2025-09-08,749.8423461914062
2025-09-09,763.1985473632812
2025-09-10,749.5233764648438
2025-09-11,748.4469604492188
2025-09-12,753.1216430664062
2025-09-15,762.2018432617188
2025-09-16,776.4551391601562
2025-09-17,773.1858520507812
2025-09-18,777.7011108398438
2025-09-19,775.837158203125
2025-09-22,763.175048828125
2025-09-23,753.4404907226562
2025-09-24,758.6867065429688
2025-09-25,746.9672241210938
2025-09-26,741.8206787109375
2025-09-29,741.4716186523438
2025-09-30,732.4749755859375
2025-10-01,715.4791870117188
2025-10-02,725.1640014648438
2025-10-03,708.7167358398438
2025-10-06,713.8035278320312
2025-10-07,711.230224609375
2025-10-08,715.9779663085938
2025-10-09,731.6072387695312
2025-10-10,703.4703979492188
2025-10-13,713.8433837890625
2025-10-14,706.8117065429688
2025-10-15,715.6885986328125
2025-10-16,710.2228393554688
2025-10-17,715.0602416992188
2025-10-20,730.2706298828125
2025-10-21,731.367919921875
2025-10-22,731.5075073242188
2025-10-23,732.095947265625
2025-10-24,736.444580078125
2025-10-27,748.872314453125
2025-10-28,749.4906616210938
2025-10-29,749.7200317382812
2025-10-30,664.7410888671875
2025-10-31,646.6681518554688
2025-11-03,636.0557250976562
2025-11-04,625.6926879882812
2025-11-05,634.30029296875
2025-11-06,617.3344116210938
2025-11-07,620.0972900390625
2025-11-10,630.1212158203125
2025-11-11,625.4533081054688
2025-11-12,607.43017578125
2025-11-13,608.3079223632812
2025-11-14,607.8790283203125
2025-11-17,600.4483642578125
2025-11-18,596.1395874023438
2025-11-19,588.7886962890625
2025-11-20,587.6217041015625
2025-11-21,592.70849609375
2025-11-24,611.4596557617188
2025-11-25,634.5695190429688
2025-11-26,631.9663696289062
2025-11-28,646.2691650390625
2025-12-01,639.2074584960938
2025-12-02,645.4213256835938
2025-12-03,637.9407958984375
2025-12-04,659.81396484375
2025-12-05,671.673095703125
2025-12-08,665.0702514648438
2025-12-09,655.2557983398438
2025-12-10,648.4435424804688
2025-12-11,651.016845703125
2025-12-12,642.5587158203125
2025-12-15,646.3570556640625
2025-12-16,655.9798583984375
2025-12-17,648.343505859375
2025-12-18,663.2669067382812
2025-12-19,657.5969848632812
2025-12-22,660.3220825195312
2025-12-23,663.7559814453125
2025-12-24,666.3613891601562
2025-12-26,662.10888671875
2025-12-29,657.5171508789062
2025-12-30,664.7642211914062
2025-12-31,658.9146728515625
2026-01-02,649.2518920898438
2026-01-05,657.616943359375
2026-01-06,659.4437255859375
2026-01-07,647.5349731445312
2026-01-08,644.9096069335938
2026-01-09,651.8970947265625
2026-01-12,640.826904296875
2026-01-13,629.96630859375
2026-01-14,614.4240112304688
2026-01-15,619.694580078125
2026-01-16,619.1455688476562
2026-01-20,603.0443115234375
2026-01-21,611.8685913085938
2026-01-22,646.476806640625
2026-01-23,657.5870361328125
2026-01-26,671.1627807617188
2026-01-27,671.7716674804688
2026-01-28,667.5392456054688
2026-01-29,736.995361328125
2026-01-30,715.2241821289062
2026-02-02,705.152099609375
2026-02-03,690.4683227539062
2026-02-04,667.7987670898438
2026-02-05,669.0166015625
2026-02-06,660.2822265625
2026-02-09,676.0140991210938
2026-02-10,669.5256958007812
2026-02-11,667.4993286132812
2026-02-12,648.6529541015625
2026-02-13,638.630859375
2026-02-17,638.151611328125
2026-02-18,642.0746459960938
2026-02-19,643.6318969726562
2026-02-20,654.4924926757812
2026-02-23,636.1152954101562
2026-02-24,638.16162109375
2026-02-25,652.5260620117188
2026-02-26,655.8401489257812
2026-02-27,647.02587890625
2026-03-02,652.396240234375
2026-03-03,653.91357421875
2026-03-04,666.541015625
2026-03-05,659.393798828125
2026-03-06,643.7117309570312
2026-03-09,646.2373046875
2026-03-10,652.9053344726562
2026-03-11,653.6939086914062
2026-03-12,637.0436401367188
2026-03-13,612.6171875
2026-03-16,626.8690185546875
2026-03-17,622.0834350585938
2026-03-18,615.1099243164062
2026-03-19,606.1382446289062
2026-03-20,593.1102905273438
2026-03-23,603.5006713867188
2026-03-24,592.3709716796875
2026-03-25,594.3391723632812
2026-03-26,547.032958984375
2026-03-27,525.233154296875
2026-03-30,535.8833618164062
2026-03-31,571.6002197265625
2026-04-01,578.6936645507812
2026-04-02,573.9281005859375
2026-04-06,572.4894409179688
2026-04-07,574.5175170898438
2026-04-08,611.8529052734375
2026-04-09,627.8081665039062
2026-04-10,629.2767333984375
2026-04-13,633.9425048828125
2026-04-14,661.8765258789062
2026-04-15,670.9581909179688
2026-04-16,676.2432250976562
2026-04-17,687.9124145507812
2026-04-20,670.2887573242188
2026-04-21,668.220703125
2026-04-22,674.09521484375
2026-04-23,658.5396728515625
2026-04-24,674.4049682617188
2026-04-27,677.9916381835938
2026-04-28,670.7183837890625
2026-04-29,668.5004272460938
2026-04-30,611.3433837890625
2026-05-01,608.1863403320312
2026-05-04,609.8447875976562
2026-05-05,604.3998413085938
2026-05-06,612.3125
2026-05-07,616.2388305664062
2026-05-08,609.0654907226562
2026-05-11,598.3054809570312
2026-05-12,602.441650390625
2026-05-13,616.0590209960938
2026-05-14,617.8573608398438
2026-05-15,613.6612548828125
2026-05-18,610.64404296875
2026-05-19,602.052001953125
2026-05-20,604.499755859375
2026-05-21,606.8175659179688
2026-05-22,609.6949462890625
2026-05-26,611.7730102539062
2026-05-27,634.6718139648438
2026-05-28,634.7017211914062
2026-05-29,631.92431640625
2026-06-01,599.9139404296875
2026-06-02,597.0765991210938
2026-06-03,622.4031372070312
2026-06-04,626.9888916015625
2026-06-05,592.450927734375
2026-06-08,584.8479614257812
2026-06-09,584.0487060546875
2026-06-10,570.4512939453125
2026-06-11,567.9036254882812
2026-06-12,566.4549560546875
2026-06-15,593.47998046875
2026-06-16,600.2100219726562
2026-06-17,567.5800170898438
2026-06-18,577.219970703125
2026-06-22,563.8499755859375
2026-06-23,562.2000122070312
2026-06-24,557.6699829101562
2026-06-25,542.8699951171875
2026-06-26,550.25
2026-06-29,562.5999755859375
2026-06-30,563.2899780273438
2026-07-01,612.9099731445312
2026-07-02,582.9000244140625
2026-07-06,600.2899780273438
2026-07-07,615.5800170898438
2026-07-08,603.1199951171875
2026-07-09,631.47998046875
2026-07-10,669.2100219726562
2026-07-13,656.72998046875
2026-07-14,661.0399780273438
2026-07-15,681.3099975585938
2026-07-16,664.5399780273438
2026-07-17,646.010009765625
2026-07-20,645.8499755859375
2026-07-21,643.8099975585938
2026-07-22,627.1699829101562
2026-07-23,606.0999755859375
2026-07-24,595.1900024414062
2026-07-27,593.8699951171875
2026-07-28,593.4099731445312
2026-07-29,585.6099853515625
2026-07-30,539.030029296875
2026-07-31,556.7100219726562
2026-08-03,590.239990234375
2026-08-04,587.9400024414062
2026-08-05,588.77001953125
2026-08-06,589.9000244140625
2026-08-07,592.0999755859375
2026-08-10,594.9199829101562
2026-08-11,599.1199951171875
2026-08-12,578.8499755859375
2026-08-13,594.969970703125
2026-08-14,589.8499755859375
2026-08-17,568.969970703125
2026-08-18,543.6699829101562
2026-08-19,546.030029296875
2026-08-20,545.8300170898438
2026-08-21,549.9000244140625
2026-08-24,559.02001953125
2026-08-25,570.0499877929688
2026-08-26,576.1400146484375
2026-08-27,571.0999755859375
2026-08-28,578.02001953125
2026-08-31,572.3400268554688
2026-09-01,578.5399780273438
2026-09-02,592.8499755859375
2026-09-03,610.6799926757812
2026-09-04,616.77001953125
2026-09-08,613.47998046875
2026-09-09,653.6900024414062
2026-09-10,644.3800048828125
2026-09-11,648.030029296875
