date,value
2010-01-04,22.984233856201172
2010-01-05,22.991657257080078
2010-01-06,22.85056495666504
2010-01-07,22.612930297851562
2010-01-08,22.768875122070312
2010-01-11,22.4792537689209
2010-01-12,22.330724716186523
2010-01-13,22.538660049438477
2010-01-14,22.991657257080078
2010-01-15,22.917409896850586
2010-01-19,23.095630645751953
2010-01-20,22.71689224243164
2010-01-21,22.286169052124023
2010-01-22,21.506420135498047
2010-01-25,21.77376365661621
2010-01-26,21.907438278198242
2010-01-27,22.033681869506836
2010-01-28,21.654935836791992
2010-01-29,20.92716407775879
2010-02-01,21.097965240478516
2010-02-02,21.13510513305664
2010-02-03,21.2613468170166
2010-02-04,20.674671173095703
2010-02-05,20.808345794677734
2010-02-08,20.585561752319336
2010-02-09,20.80092430114746
2010-02-10,20.78606605529785
2010-02-11,20.882610321044922
2010-02-12,20.74151039123535
2010-02-16,21.151865005493164
2010-02-17,21.3309268951416
2010-02-18,21.61444664001465
2010-02-19,21.465229034423828
2010-02-22,21.435382843017578
2010-02-23,21.136934280395508
2010-02-24,21.360769271850586
2010-02-25,21.338394165039062
2010-02-26,21.39061737060547
2010-03-01,21.651748657226562
2010-03-02,21.23394012451172
2010-03-03,21.23394012451172
2010-03-04,21.360769271850586
2010-03-05,21.3309268951416
2010-03-08,21.360769271850586
2010-03-09,21.48760223388672
2010-03-10,21.61444664001465
2010-03-11,21.771129608154297
2010-03-12,21.83827781677246
2010-03-15,21.853195190429688
2010-03-16,21.91288185119629
2010-03-17,22.10687828063965
2010-03-18,22.09193992614746
2010-03-19,22.077022552490234
2010-03-22,22.084487915039062
2010-03-23,22.293394088745117
2010-03-24,22.121795654296875
2010-03-25,22.390384674072266
2010-03-26,22.129257202148438
2010-03-29,22.077022552490234
2010-03-30,22.211320877075195
2010-03-31,21.853195190429688
2010-04-01,21.756200790405273
2010-04-05,21.83827781677246
2010-04-06,21.875587463378906
2010-04-07,21.897968292236328
2010-04-08,22.323232650756836
2010-04-09,22.636592864990234
2010-04-12,22.621671676635742
2010-04-13,22.71867561340332
2010-04-14,22.994726181030273
2010-04-15,23.03203582763672
2010-04-16,22.8828125
2010-04-19,23.158870697021484
2010-04-20,23.397619247436523
2010-04-21,23.375232696533203
2010-04-22,23.420000076293945
2010-04-23,23.099170684814453
2010-04-26,23.21109390258789
2010-04-27,23.01711082458496
2010-04-28,23.061874389648438
2010-04-29,23.129018783569336
2010-04-30,22.78582000732422
2010-05-03,23.024574279785156
2010-05-04,22.47991180419922
2010-05-05,22.271015167236328
2010-05-06,21.62190055847168
2010-05-07,21.047409057617188
2010-05-10,21.59206199645996
2010-05-11,21.547292709350586
2010-05-12,21.965110778808594
2010-05-13,21.815887451171875
2010-05-14,21.5846004486084
2010-05-17,21.59206199645996
2010-05-18,21.434682846069336
2010-05-19,21.16486358642578
2010-05-20,20.31797218322754
2010-05-21,20.115617752075195
2010-05-24,19.688426971435547
2010-05-25,19.538524627685547
2010-05-26,18.744096755981445
2010-05-27,19.486068725585938
2010-05-28,19.3361759185791
2010-06-01,19.403627395629883
2010-06-02,19.8308162689209
2010-06-03,20.130605697631836
2010-06-04,19.328676223754883
2010-06-07,18.953950881958008
2010-06-08,18.81904411315918
2010-06-09,18.57921600341797
2010-06-10,18.736602783203125
2010-06-11,19.231243133544922
2010-06-14,19.111343383789062
2010-06-15,19.920759201049805
2010-06-16,19.72589683532715
2010-06-17,19.76337242126465
2010-06-18,19.815826416015625
2010-06-21,19.448583602905273
2010-06-22,19.313688278198242
2010-06-23,18.96893310546875
2010-06-24,18.736602783203125
2010-06-25,18.38435935974121
2010-06-28,18.21947479248047
2010-06-29,17.47001075744629
2010-06-30,17.245174407958984
2010-07-01,17.357585906982422
2010-07-02,17.440031051635742
2010-07-06,17.852230072021484
2010-07-07,18.21197509765625
2010-07-08,18.294414520263672
2010-07-09,18.189489364624023
2010-07-12,18.609195709228516
2010-07-13,18.834030151367188
2010-07-14,19.066362380981445
2010-07-15,19.11882781982422
2010-07-16,18.65416717529297
2010-07-19,18.90897560119629
2010-07-20,19.096342086791992
2010-07-21,18.8265438079834
2010-07-22,19.366151809692383
2010-07-23,19.343671798706055
2010-07-26,19.56102180480957
2010-07-27,19.605981826782227
2010-07-28,19.448583602905273
2010-07-29,19.508548736572266
2010-07-30,19.343671798706055
2010-08-02,19.733394622802734
2010-08-03,19.605981826782227
2010-08-04,19.283716201782227
2010-08-05,19.013904571533203
2010-08-06,19.1488094329834
2010-08-09,19.19378089904785
2010-08-10,18.789066314697266
2010-08-11,18.631669998168945
2010-08-12,18.354381561279297
2010-08-13,18.286922454833984
2010-08-16,18.361873626708984
2010-08-17,18.618043899536133
2010-08-18,18.700923919677734
2010-08-19,18.414613723754883
2010-08-20,18.256383895874023
2010-08-23,18.294057846069336
2010-08-24,18.11322784423828
2010-08-25,18.158435821533203
2010-08-26,17.94746208190918
2010-08-27,18.03034782409668
2010-08-30,17.811847686767578
2010-08-31,17.683748245239258
2010-09-01,18.007741928100586
2010-09-02,18.037879943847656
2010-09-03,18.301584243774414
2010-09-07,18.052949905395508
2010-09-08,18.03034782409668
2010-09-09,18.090627670288086
2010-09-10,17.970069885253906
2010-09-13,18.919435501098633
2010-09-14,18.859155654907227
2010-09-15,18.926963806152344
2010-09-16,19.085189819335938
2010-09-17,19.002315521240234
2010-09-20,19.160541534423828
2010-09-21,18.94957733154297
2010-09-22,18.542709350585938
2010-09-23,18.407075881958008
2010-09-24,18.670793533325195
2010-09-27,18.633119583129883
2010-09-28,18.595441818237305
2010-09-29,18.459823608398438
2010-09-30,18.452287673950195
2010-10-01,18.369407653808594
2010-10-04,18.015275955200195
2010-10-05,18.346803665161133
2010-10-06,18.407075881958008
2010-10-07,18.482418060302734
2010-10-08,18.512557983398438
2010-10-11,18.527631759643555
2010-10-12,18.70846176147461
2010-10-13,19.092731475830078
2010-10-14,19.00984764099121
2010-10-15,19.243425369262695
2010-10-18,19.45439338684082
2010-10-19,18.911897659301758
2010-10-20,19.070125579833984
2010-10-21,19.152999877929688
2010-10-22,19.12286949157715
2010-10-25,18.97970199584961
2010-10-26,19.514665603637695
2010-10-27,19.627689361572266
2010-10-28,19.800979614257812
2010-10-29,20.09483528137207
2010-11-01,20.305797576904297
2010-11-02,20.637331008911133
2010-11-03,20.366085052490234
2010-11-04,20.44896125793457
2010-11-05,20.230457305908203
2010-11-08,20.200319290161133
2010-11-09,20.305797576904297
2010-11-10,20.298274993896484
2010-11-11,20.102367401123047
2010-11-12,19.793453216552734
2010-11-15,19.740713119506836
2010-11-16,19.566343307495117
2010-11-17,19.384401321411133
2010-11-18,19.589086532592773
2010-11-19,19.475374221801758
2010-11-22,19.505699157714844
2010-11-23,19.04326629638672
2010-11-24,19.232786178588867
2010-11-26,19.141822814941406
2010-11-29,19.187292098999023
2010-11-30,19.149385452270508
2010-12-01,19.740713119506836
2010-12-02,20.385080337524414
2010-12-03,20.483640670776367
2010-12-06,20.347190856933594
2010-12-07,20.36992835998535
2010-12-08,20.64282989501953
2010-12-09,20.529125213623047
2010-12-10,20.726226806640625
2010-12-13,20.658002853393555
2010-12-14,20.938491821289062
2010-12-15,21.112852096557617
2010-12-16,21.218984603881836
2010-12-17,21.150754928588867
2010-12-20,21.08253288269043
2010-12-21,21.279630661010742
2010-12-22,21.37060546875
2010-12-23,21.45399284362793
2010-12-27,21.279630661010742
2010-12-28,21.234146118164062
2010-12-29,21.203819274902344
2010-12-30,21.112852096557617
2010-12-31,21.158336639404297
2011-01-03,21.211406707763672
2011-01-04,21.2947940826416
2011-01-05,21.226564407348633
2011-01-06,21.848194122314453
2011-01-07,21.681411743164062
2011-01-10,21.393346786499023
2011-01-11,21.309953689575195
2011-01-12,21.643524169921875
2011-01-13,21.37060546875
2011-01-14,21.45399284362793
2011-01-18,21.726905822753906
2011-01-19,21.582870483398438
2011-01-20,21.49189567565918
2011-01-21,21.24173355102539
2011-01-24,21.514638900756836
2011-01-25,21.567707061767578
2011-01-26,21.817874908447266
2011-01-27,21.886112213134766
2011-01-28,21.03704261779785
2011-01-31,21.021883010864258
2011-02-01,21.218984603881836
2011-02-02,21.181074142456055
2011-02-03,20.961238861083984
2011-02-04,21.05220603942871
2011-02-07,21.37818717956543
2011-02-08,21.438833236694336
2011-02-09,21.203819274902344
2011-02-10,20.847522735595703
2011-02-11,20.658002853393555
2011-02-14,20.64282989501953
2011-02-15,20.558956146240234
2011-02-16,20.604711532592773
2011-02-17,20.74959373474121
2011-02-18,20.635215759277344
2011-02-22,20.276798248291016
2011-02-23,20.276798248291016
2011-02-24,20.4140625
2011-02-25,20.246301651000977
2011-02-28,20.269174575805664
2011-03-01,19.948888778686523
2011-03-02,19.887880325317383
2011-03-03,19.979394912719727
2011-03-04,19.78875732421875
2011-03-07,19.613361358642578
2011-03-08,19.758249282836914
2011-03-09,19.742996215820312
2011-03-10,19.376970291137695
2011-03-11,19.582866668701172
2011-03-14,19.59048080444336
2011-03-15,19.361719131469727
2011-03-16,18.9041690826416
2011-03-17,18.896547317504883
2011-03-18,18.911788940429688
2011-03-21,19.31595802307129
2011-03-22,19.2930850982666
2011-03-23,19.476097106933594
2011-03-24,19.68199348449707
2011-03-25,19.53710174560547
2011-03-28,19.376970291137695
2011-03-29,19.437971115112305
2011-03-30,19.529481887817383
2011-03-31,19.361719131469727
2011-04-01,19.430347442626953
2011-04-04,19.48372459411621
2011-04-05,19.659120559692383
2011-04-06,19.941268920898438
2011-04-07,19.979394912719727
2011-04-08,19.880264282226562
2011-04-11,19.811630249023438
2011-04-12,19.552364349365234
2011-04-13,19.54473114013672
2011-04-14,19.38458824157715
2011-04-15,19.346466064453125
2011-04-18,19.12531852722168
2011-04-19,19.178693771362305
2011-04-20,19.643863677978516
2011-04-21,19.46084976196289
2011-04-25,19.529481887817383
2011-04-26,19.971771240234375
2011-04-27,20.116661071777344
2011-04-28,20.368309020996094
2011-04-29,19.76587677001953
2011-05-02,19.567604064941406
2011-05-03,19.68199348449707
2011-05-04,19.872634887695312
2011-05-05,19.666736602783203
2011-05-06,19.72775650024414
2011-05-09,19.697237014770508
2011-05-10,19.575227737426758
2011-05-11,19.338836669921875
2011-05-12,19.308330535888672
2011-05-13,19.087186813354492
2011-05-16,18.736398696899414
2011-05-17,18.820837020874023
2011-05-18,18.951324462890625
2011-05-19,18.974349975585938
2011-05-20,18.797809600830078
2011-05-23,18.55219268798828
2011-05-24,18.53683853149414
2011-05-25,18.56753921508789
2011-05-26,18.935970306396484
2011-05-27,19.005048751831055
2011-05-31,19.196945190429688
2011-06-01,18.75175666809082
2011-06-02,18.5905704498291
2011-06-03,18.35262107849121
2011-06-06,18.429372787475586
2011-06-07,18.46775245666504
2011-06-08,18.375638961791992
2011-06-09,18.3909912109375
2011-06-10,18.19910430908203
2011-06-13,18.45240592956543
2011-06-14,18.5905704498291
2011-06-15,18.222135543823242
2011-06-16,18.421707153320312
2011-06-17,18.621261596679688
2011-06-20,18.78246307373047
2011-06-21,19.005048751831055
2011-06-22,18.92061996459961
2011-06-23,18.90526580810547
2011-06-24,18.65196990966797
2011-06-27,19.342790603637695
2011-06-28,19.803333282470703
2011-06-29,19.665164947509766
2011-06-30,19.95684051513672
2011-07-01,19.972196578979492
2011-07-05,19.9798641204834
2011-07-06,20.210142135620117
2011-07-07,20.547870635986328
2011-07-08,20.66300392150879
2011-07-11,20.44040870666504
2011-07-12,20.371326446533203
2011-07-13,20.44040870666504
2011-07-14,20.31760025024414
2011-07-15,20.555545806884766
2011-07-18,20.409709930419922
2011-07-19,21.138904571533203
2011-07-20,20.77046775817871
2011-07-21,20.801166534423828
2011-07-22,21.131227493286133
2011-07-25,21.42289924621582
2011-07-26,21.553390502929688
2011-07-27,20.977718353271484
2011-07-28,21.277061462402344
2011-07-29,21.03143882751465
2011-08-01,20.931652069091797
2011-08-02,20.57090187072754
2011-08-03,20.66300392150879
2011-08-04,19.91079330444336
2011-08-05,19.71122169494629
2011-08-08,18.790128707885742
2011-08-09,19.634458541870117
2011-08-10,18.57521629333496
2011-08-11,19.335111618041992
2011-08-12,19.266035079956055
2011-08-15,19.580739974975586
2011-08-16,19.580734252929688
2011-08-17,19.50349235534668
2011-08-18,19.05548667907715
2011-08-19,18.576595306396484
2011-08-22,18.522525787353516
2011-08-23,19.094112396240234
2011-08-24,19.23314094543457
2011-08-25,18.978246688842773
2011-08-26,19.50349235534668
2011-08-29,19.959217071533203
2011-08-30,20.26045799255371
2011-08-31,20.54625129699707
2011-09-01,20.24500846862793
2011-09-02,19.92832374572754
2011-09-06,19.70432472229004
2011-09-07,20.082799911499023
2011-09-08,20.25273323059082
2011-09-09,19.88197135925293
2011-09-12,19.997831344604492
2011-09-13,20.11370086669922
2011-09-14,20.469009399414062
2011-09-15,20.847496032714844
2011-09-16,20.947900772094727
2011-09-19,21.01742172241211
2011-09-20,20.839767456054688
2011-09-21,20.075077056884766
2011-09-22,19.356727600097656
2011-09-23,19.356727600097656
2011-09-26,19.650253295898438
2011-09-27,19.82790756225586
2011-09-28,19.758386611938477
2011-09-29,19.657978057861328
2011-09-30,19.225425720214844
2011-10-03,18.947357177734375
2011-10-04,19.5730037689209
2011-10-05,19.997831344604492
2011-10-06,20.345428466796875
2011-10-07,20.275903701782227
2011-10-10,20.80887222290039
2011-10-11,20.855220794677734
2011-10-12,20.824317932128906
2011-10-13,20.994245529174805
2011-10-14,21.063766479492188
2011-10-17,20.839767456054688
2011-10-18,21.094669342041016
2011-10-19,20.955636978149414
2011-10-20,20.88611602783203
2011-10-21,20.978805541992188
2011-10-24,21.001981735229492
2011-10-25,20.708454132080078
2011-10-26,20.53852653503418
2011-10-27,21.04832649230957
2011-10-28,20.839767456054688
2011-10-31,20.569421768188477
2011-11-01,20.075077056884766
2011-11-02,20.090524673461914
2011-11-03,20.49217987060547
2011-11-04,20.275903701782227
2011-11-07,20.70073699951172
2011-11-08,20.978805541992188
2011-11-09,20.237285614013672
2011-11-10,20.299081802368164
2011-11-11,20.78570556640625
2011-11-14,20.66983985900879
2011-11-15,20.809921264648438
2011-11-16,20.288501739501953
2011-11-17,19.87603759765625
2011-11-18,19.68926429748535
2011-11-21,19.455791473388672
2011-11-22,19.292369842529297
2011-11-23,19.0433349609375
2011-11-25,18.91103744506836
2011-11-28,19.354631423950195
2011-11-29,19.33127784729004
2011-11-30,19.907169342041016
2011-12-01,19.6737003326416
2011-12-02,19.627012252807617
2011-12-05,20.000558853149414
2011-12-06,19.96942901611328
2011-12-07,19.922739028930664
2011-12-08,19.767087936401367
2011-12-09,20.000558853149414
2011-12-12,19.852693557739258
2011-12-13,20.04724884033203
2011-12-14,19.91495132446289
2011-12-15,19.8916072845459
2011-12-16,20.234027862548828
2011-12-19,19.86825942993164
2011-12-20,20.25737190246582
2011-12-21,20.04724884033203
2011-12-22,20.086162567138672
2011-12-23,20.25737190246582
2011-12-27,20.265155792236328
2011-12-28,20.093944549560547
2011-12-29,20.249595642089844
2011-12-30,20.20289421081543
2012-01-03,20.833267211914062
2012-01-04,21.323558807373047
2012-01-05,21.541454315185547
2012-01-06,21.876094818115234
2012-01-09,21.588153839111328
2012-01-10,21.665977478027344
2012-01-11,21.572589874267578
2012-01-12,21.790489196777344
2012-01-13,21.985050201416016
2012-01-17,21.992835998535156
2012-01-18,21.9694881439209
2012-01-19,21.883882522583008
2012-01-20,23.121267318725586
2012-01-23,23.136829376220703
2012-01-24,22.833316802978516
2012-01-25,23.004531860351562
2012-01-26,22.957841873168945
2012-01-27,22.74771499633789
2012-01-30,23.043447494506836
2012-01-31,22.98118019104004
2012-02-01,23.261348724365234
2012-02-02,23.30805206298828
2012-02-03,23.533737182617188
2012-02-06,23.502601623535156
2012-02-07,23.61933708190918
2012-02-08,23.86058807373047
2012-02-09,23.946191787719727
2012-02-10,23.736072540283203
2012-02-13,23.798328399658203
2012-02-14,23.696495056152344
2012-02-15,23.539823532104492
2012-02-16,24.511186599731445
2012-02-17,24.47985076904297
2012-02-21,24.62868309020996
2012-02-22,24.49551773071289
2012-02-23,24.573848724365234
2012-02-24,24.66002082824707
2012-02-27,24.558185577392578
2012-02-28,24.96552848815918
2012-02-29,24.863689422607422
2012-03-01,25.294538497924805
2012-03-02,25.130043029785156
2012-03-05,24.91069221496582
2012-03-06,24.72269630432129
2012-03-07,24.94202995300293
2012-03-08,25.075199127197266
2012-03-09,25.05953598022461
2012-03-12,25.098703384399414
2012-03-13,25.592212677001953
2012-03-14,25.670551300048828
2012-03-15,25.733217239379883
2012-03-16,25.537378311157227
2012-03-19,25.224037170410156
2012-03-20,25.05953598022461
2012-03-21,24.99686622619629
2012-03-22,25.067365646362305
2012-03-23,25.075199127197266
2012-03-26,25.529544830322266
2012-03-27,25.47471809387207
2012-03-28,25.216196060180664
2012-03-29,25.161367416381836
2012-03-30,25.271032333374023
2012-04-02,25.294538497924805
2012-04-03,25.02035903930664
2012-04-04,24.44851303100586
2012-04-05,24.691356658935547
2012-04-09,24.362356185913086
2012-04-10,23.868831634521484
2012-04-11,23.774829864501953
2012-04-12,24.268341064453125
2012-04-13,24.135169982910156
2012-04-16,24.3466739654541
2012-04-17,24.62868309020996
2012-04-18,24.3936767578125
2012-04-19,24.29184341430664
2012-04-20,25.396377563476562
2012-04-23,25.161367416381836
2012-04-24,25.004701614379883
2012-04-25,25.224037170410156
2012-04-26,25.15353012084961
2012-04-27,25.05169677734375
2012-04-30,25.083038330078125
2012-05-01,25.075199127197266
2012-05-02,24.91069221496582
2012-05-03,24.879356384277344
2012-05-04,24.268341064453125
2012-05-07,24.009838104248047
2012-05-08,23.892335891723633
2012-05-09,24.09600830078125
2012-05-10,24.080341339111328
2012-05-11,24.409351348876953
2012-05-14,24.033340454101562
2012-05-15,23.82044792175293
2012-05-16,23.576013565063477
2012-05-17,23.434078216552734
2012-05-18,23.07925796508789
2012-05-21,23.457735061645508
2012-05-22,23.46561622619629
2012-05-23,22.953096389770508
2012-05-24,22.921560287475586
2012-05-25,22.91366958618164
2012-05-29,23.307918548583984
2012-05-30,23.134449005126953
2012-05-31,23.016176223754883
2012-06-01,22.432695388793945
2012-06-04,22.511545181274414
2012-06-05,22.480005264282227
2012-06-06,23.1423397064209
2012-06-07,23.0477237701416
2012-06-08,23.378883361816406
2012-06-11,22.78751564025879
2012-06-12,23.095027923583984
2012-06-13,22.968868255615234
2012-06-14,23.134449005126953
2012-06-15,23.670631408691406
2012-06-18,23.52869415283203
2012-06-19,24.206804275512695
2012-06-20,24.38816261291504
2012-06-21,23.765241622924805
2012-06-22,24.206804275512695
2012-06-25,23.552350997924805
2012-06-26,23.670631408691406
2012-06-27,23.78890037536621
2012-06-28,23.583900451660156
2012-06-29,24.12006950378418
2012-07-02,24.096416473388672
2012-07-03,24.254117965698242
2012-07-05,24.206804275512695
2012-07-06,23.804677963256836
2012-07-09,23.654857635498047
2012-07-10,23.449851989746094
2012-07-11,23.102901458740234
2012-07-12,22.57461166381836
2012-07-13,23.173877716064453
2012-07-16,23.213302612304688
2012-07-17,23.386768341064453
2012-07-18,24.009679794311523
2012-07-19,24.183151245117188
2012-07-20,23.749481201171875
2012-07-23,23.087139129638672
2012-07-24,22.984638214111328
2012-07-25,22.732324600219727
2012-07-26,22.992521286010742
2012-07-27,23.46561622619629
2012-07-30,23.371002197265625
2012-07-31,23.23695182800293
2012-08-01,23.18964385986328
2012-08-02,23.016176223754883
2012-08-03,23.457735061645508
2012-08-06,23.61543846130371
2012-08-07,23.859872817993164
2012-08-08,23.915056228637695
2012-08-09,24.049108505249023
2012-08-10,23.98602867126465
2012-08-13,23.962371826171875
2012-08-14,23.914752960205078
2012-08-15,23.970312118530273
2012-08-16,24.430662155151367
2012-08-17,24.525917053222656
2012-08-20,24.398916244506836
2012-08-21,24.446537017822266
2012-08-22,24.24017906188965
2012-08-23,24.01793098449707
2012-08-24,24.25604820251465
2012-08-27,24.359233856201172
2012-08-28,24.31160545349121
2012-08-29,24.327484130859375
2012-08-30,24.0655574798584
2012-08-31,24.462417602539062
2012-09-04,24.121112823486328
2012-09-05,24.121112823486328
2012-09-06,24.883089065551758
2012-09-07,24.565601348876953
2012-09-10,24.383041381835938
2012-09-11,24.438615798950195
2012-09-12,24.430662155151367
2012-09-13,24.557661056518555
2012-09-14,24.77196502685547
2012-09-17,24.77196502685547
2012-09-18,24.748151779174805
2012-09-19,24.644968032836914
2012-09-20,24.962459564208984
2012-09-21,24.756086349487305
2012-09-24,24.430662155151367
2012-09-25,24.121112823486328
2012-09-26,23.946500778198242
2012-09-27,23.938560485839844
2012-09-28,23.621074676513672
2012-10-01,23.406768798828125
2012-10-02,23.54170036315918
2012-10-03,23.70044708251953
2012-10-04,23.835378646850586
2012-10-05,23.692506790161133
2012-10-08,23.636953353881836
2012-10-09,23.24008560180664
2012-10-10,23.001976013183594
2012-10-11,22.978164672851562
2012-10-12,23.176589965820312
2012-10-15,23.422643661499023
2012-10-16,23.406768798828125
2012-10-17,23.486148834228516
2012-10-18,23.414710998535156
2012-10-19,22.732107162475586
2012-10-22,22.224124908447266
2012-10-23,22.263816833496094
2012-10-24,22.144752502441406
2012-10-25,22.12887954711914
2012-10-26,22.39080810546875
2012-10-31,22.652742385864258
2012-11-01,23.43058204650879
2012-11-02,23.414710998535156
2012-11-05,23.517885208129883
2012-11-06,23.70044708251953
2012-11-07,23.081348419189453
2012-11-08,22.86703872680664
2012-11-09,22.882917404174805
2012-11-12,22.39874839782715
2012-11-13,21.678525924682617
2012-11-14,21.47847557067871
2012-11-15,21.334421157836914
2012-11-16,21.222393035888672
2012-11-19,21.39044761657715
2012-11-20,21.374435424804688
2012-11-21,21.56649398803711
2012-11-23,22.16667366027832
2012-11-26,21.91860580444336
2012-11-27,21.670530319213867
2012-11-28,21.894594192504883
2012-11-29,21.56649398803711
2012-11-30,21.30241584777832
2012-12-03,21.150371551513672
2012-12-04,21.102359771728516
2012-12-05,21.342424392700195
2012-12-06,21.39044761657715
2012-12-07,21.174375534057617
2012-12-10,21.558490753173828
2012-12-11,21.862579345703125
2012-12-12,21.798561096191406
2012-12-13,21.694543838500977
2012-12-14,21.4544620513916
2012-12-17,21.68653106689453
2012-12-18,22.054636001586914
2012-12-19,21.854589462280273
2012-12-20,22.15066909790039
2012-12-21,21.96661376953125
2012-12-24,21.654518127441406
2012-12-26,21.494464874267578
2012-12-27,21.574504852294922
2012-12-28,21.246400833129883
2012-12-31,21.374435424804688
2013-01-02,22.102657318115234
2013-01-03,21.80656623840332
2013-01-04,21.398452758789062
2013-01-07,21.358434677124023
2013-01-08,21.246400833129883
2013-01-09,21.366439819335938
2013-01-10,21.174375534057617
2013-01-11,21.470470428466797
2013-01-14,21.518484115600586
2013-01-15,21.774564743041992
2013-01-16,21.63851547241211
2013-01-17,21.80656623840332
2013-01-18,21.80656623840332
2013-01-22,21.726543426513672
2013-01-23,22.094655990600586
2013-01-24,22.110658645629883
2013-01-25,22.31072235107422
2013-01-28,22.334728240966797
2013-01-29,22.41474723815918
2013-01-30,22.286706924438477
2013-01-31,21.96661376953125
2013-02-01,22.35073471069336
2013-02-04,21.958608627319336
2013-02-05,22.00662612915039
2013-02-06,21.87858009338379
2013-02-07,21.830575942993164
2013-02-08,22.046640396118164
2013-02-11,22.294710159301758
2013-02-12,22.31072235107422
2013-02-13,22.430761337280273
2013-02-14,22.438758850097656
2013-02-15,22.41474723815918
2013-02-19,22.63260841369629
2013-02-20,22.487369537353516
2013-02-21,22.180763244628906
2013-02-22,22.39861488342285
2013-02-25,22.08394432067871
2013-02-26,22.08394432067871
2013-02-27,22.4389591217041
2013-02-28,22.43088150024414
2013-03-01,22.551923751831055
2013-03-04,22.713293075561523
2013-03-05,22.87466049194336
2013-03-06,22.664880752563477
2013-03-07,22.705223083496094
2013-03-08,22.59226417541504
2013-03-11,22.487369537353516
2013-03-12,22.51964569091797
2013-03-13,22.527706146240234
2013-03-14,22.705223083496094
2013-03-15,22.624540328979492
2013-03-18,22.672941207885742
2013-03-19,22.737499237060547
2013-03-20,22.8504638671875
2013-03-21,22.681015014648438
2013-03-22,22.793977737426758
2013-03-25,22.72136116027832
2013-03-26,22.72136116027832
2013-03-27,22.89080238342285
2013-03-28,23.084457397460938
2013-04-01,23.084457397460938
2013-04-02,23.237756729125977
2013-04-03,23.044105529785156
2013-04-04,23.07638168334961
2013-04-05,23.157066345214844
2013-04-08,23.068313598632812
2013-04-09,23.89131736755371
2013-04-10,24.431917190551758
2013-04-11,23.350711822509766
2013-04-12,23.229692459106445
2013-04-15,23.149002075195312
2013-04-16,23.374923706054688
2013-04-17,23.261966705322266
2013-04-18,23.229692459106445
2013-04-19,24.02041244506836
2013-04-22,24.875699996948242
2013-04-23,24.690113067626953
2013-04-24,25.62607765197754
2013-04-25,25.771320343017578
2013-04-26,25.650285720825195
2013-04-29,26.311914443969727
2013-04-30,26.7072696685791
2013-05-01,26.400671005249023
2013-05-02,26.755695343017578
2013-05-03,27.021957397460938
2013-05-06,27.231740951538086
2013-05-07,26.8767147064209
2013-05-08,26.618526458740234
2013-05-09,26.352256774902344
2013-05-10,26.37646484375
2013-05-13,26.650800704956055
2013-05-14,27.243938446044922
2013-05-15,27.503950119018555
2013-05-16,27.690837860107422
2013-05-17,28.33271598815918
2013-05-20,28.503353118896484
2013-05-21,28.316478729248047
2013-05-22,28.1214656829834
2013-05-23,27.747713088989258
2013-05-24,27.8452205657959
2013-05-28,28.454607009887695
2013-05-29,28.340858459472656
2013-05-30,28.462724685668945
2013-05-31,28.357101440429688
2013-06-03,28.91773796081543
2013-06-04,28.430225372314453
2013-06-05,28.259597778320312
2013-06-06,28.40585708618164
2013-06-07,28.98274040222168
2013-06-10,28.82024574279785
2013-06-11,28.308353424072266
2013-06-12,28.4383602142334
2013-06-13,28.21084976196289
2013-06-14,27.950847625732422
2013-06-17,28.4383602142334
2013-06-18,28.42210578918457
2013-06-19,28.105222702026367
2013-06-20,27.211442947387695
2013-06-21,27.03269386291504
2013-06-24,27.398326873779297
2013-06-25,27.35769271850586
2013-06-26,27.91020965576172
2013-06-27,28.129596710205078
2013-06-28,28.064592361450195
2013-07-01,27.918331146240234
2013-07-02,27.577083587646484
2013-07-03,27.633949279785156
2013-07-05,27.79646873474121
2013-07-08,27.893970489501953
2013-07-09,27.91020965576172
2013-07-10,28.19460105895996
2013-07-11,28.998998641967773
2013-07-12,28.98274040222168
2013-07-15,29.389022827148438
2013-07-16,29.470247268676758
2013-07-17,29.039628982543945
2013-07-18,28.795873641967773
2013-07-19,25.51326560974121
2013-07-22,26.0089054107666
2013-07-23,25.854524612426758
2013-07-24,25.96827507019043
2013-07-25,25.505142211914062
2013-07-26,25.6920166015625
2013-07-29,25.62701416015625
2013-07-30,25.878896713256836
2013-07-31,25.870777130126953
2013-08-01,25.732650756835938
2013-08-02,25.911401748657227
2013-08-05,25.757020950317383
2013-08-06,25.659526824951172
2013-08-07,26.049535751342773
2013-08-08,26.723934173583984
2013-08-09,26.56955337524414
2013-08-12,26.70767593383789
2013-08-13,26.3721981048584
2013-08-14,26.470388412475586
2013-08-15,26.012170791625977
2013-08-16,26.020343780517578
2013-08-19,25.68486213684082
2013-08-20,25.87306785583496
2013-08-21,25.864879608154297
2013-08-22,26.503116607666016
2013-08-23,28.43418312072754
2013-08-26,27.943239212036133
2013-08-27,27.21499252319336
2013-08-28,27.01861000061035
2013-08-29,27.45228385925293
2013-08-30,27.329551696777344
2013-09-03,26.085803985595703
2013-09-04,25.529399871826172
2013-09-05,25.553939819335938
2013-09-06,25.488483428955078
2013-09-09,25.905794143676758
2013-09-10,26.503116607666016
2013-09-11,26.78950309753418
2013-09-12,26.74858856201172
2013-09-13,27.026798248291016
2013-09-16,26.83859634399414
2013-09-17,26.944971084594727
2013-09-18,27.264095306396484
2013-09-19,27.525928497314453
2013-09-20,26.830408096313477
2013-09-23,26.78950309753418
2013-09-24,26.552207946777344
2013-09-25,26.60130500793457
2013-09-26,26.814044952392578
2013-09-27,27.223182678222656
2013-09-30,27.231355667114258
2013-10-01,27.47683334350586
2013-10-02,27.755033493041992
2013-10-03,27.70594024658203
2013-10-04,27.72231101989746
2013-10-07,27.247722625732422
2013-10-08,27.01042366027832
2013-10-09,27.059524536132812
2013-10-10,27.62411880493164
2013-10-11,27.926870346069336
2013-10-14,28.188705444335938
2013-10-15,28.221446990966797
2013-10-16,28.344175338745117
2013-10-17,28.573287963867188
2013-10-18,28.606016159057617
2013-10-21,28.63056182861328
2013-10-22,28.29508399963379
2013-10-23,27.62411880493164
2013-10-24,27.591384887695312
2013-10-25,29.236061096191406
2013-10-28,29.105144500732422
2013-10-29,29.06423568725586
2013-10-30,29.08060646057129
2013-10-31,28.9742431640625
2013-11-01,29.072404861450195
2013-11-04,29.40791130065918
2013-11-05,29.980682373046875
2013-11-06,31.24077606201172
2013-11-07,30.684371948242188
2013-11-08,30.91347885131836
2013-11-11,30.758010864257812
2013-11-12,30.569820404052734
2013-11-13,31.22441864013672
2013-11-14,31.109865188598633
2013-11-15,30.96259880065918
2013-11-18,30.438907623291016
2013-11-19,30.290494918823242
2013-11-20,30.570819854736328
2013-11-21,30.834638595581055
2013-11-22,30.97479820251465
2013-11-25,31.032495498657227
2013-11-26,30.793418884277344
2013-11-27,30.999542236328125
2013-11-29,31.436492919921875
2013-12-02,31.700313568115234
2013-12-03,31.584877014160156
2013-12-04,32.104305267333984
2013-12-05,31.329307556152344
2013-12-06,31.62611961364746
2013-12-09,31.914669036865234
2013-12-10,31.42000389099121
2013-12-11,31.007781982421875
2013-12-12,30.686229705810547
2013-12-13,30.249269485473633
2013-12-16,30.41417121887207
2013-12-17,30.10910987854004
2013-12-18,30.1585750579834
2013-12-19,29.886505126953125
2013-12-20,30.339962005615234
2013-12-23,30.191558837890625
2013-12-24,30.570819854736328
2013-12-26,30.867610931396484
2013-12-27,30.743938446044922
2013-12-30,30.743938446044922
2013-12-31,30.842884063720703
2014-01-02,30.636768341064453
2014-01-03,30.43065643310547
2014-01-06,29.787580490112305
2014-01-07,30.01842498779297
2014-01-08,29.48253059387207
2014-01-09,29.292888641357422
2014-01-10,29.7133731842041
2014-01-13,28.839447021484375
2014-01-14,29.499021530151367
2014-01-15,30.306989669799805
2014-01-16,30.41417121887207
2014-01-17,29.993698120117188
2014-01-21,29.820556640625
2014-01-22,29.62268829345703
2014-01-23,29.729860305786133
2014-01-24,30.348207473754883
2014-01-27,29.70513343811035
2014-01-28,29.903005599975586
2014-01-29,30.224544525146484
2014-01-30,30.389436721801758
2014-01-31,31.197416305541992
2014-02-03,30.076139450073242
2014-02-04,29.968952178955078
2014-02-05,29.531999588012695
2014-02-06,29.828805923461914
2014-02-07,30.142093658447266
2014-02-10,30.339962005615234
2014-02-11,30.645002365112305
2014-02-12,30.892351150512695
2014-02-13,31.007781982421875
2014-02-14,31.016016006469727
2014-02-18,31.082469940185547
2014-02-19,31.1572265625
2014-02-20,31.356576919555664
2014-02-21,31.547637939453125
2014-02-24,31.306734085083008
2014-02-25,31.182140350341797
2014-02-26,31.12400245666504
2014-02-27,31.447948455810547
2014-02-28,31.821720123291016
2014-03-03,31.381492614746094
2014-03-04,31.904796600341797
2014-03-05,31.655611038208008
2014-03-06,31.688827514648438
2014-03-07,31.48117446899414
2014-03-10,31.41472053527832
2014-03-11,31.580852508544922
2014-03-12,31.788509368896484
2014-03-13,31.472864151000977
2014-03-14,31.315040588378906
2014-03-17,31.605764389038086
2014-03-18,32.85173034667969
2014-03-19,32.61915588378906
2014-03-20,33.49962615966797
2014-03-21,33.3583984375
2014-03-24,33.64083480834961
2014-03-25,33.5079345703125
2014-03-26,33.05107498168945
2014-03-27,32.69389724731445
2014-03-28,33.47470474243164
2014-03-31,34.04784393310547
2014-04-01,34.405025482177734
2014-04-02,34.34687042236328
2014-04-03,34.06446075439453
2014-04-04,33.117530822753906
2014-04-07,33.059391021728516
2014-04-08,33.07599639892578
2014-04-09,33.61592102050781
2014-04-10,32.69389724731445
2014-04-11,32.569305419921875
2014-04-14,32.544376373291016
2014-04-15,33.01784896850586
2014-04-16,33.557762145996094
2014-04-17,33.23381805419922
2014-04-21,33.175682067871094
2014-04-22,33.21720886230469
2014-04-23,32.968017578125
2014-04-24,33.109222412109375
2014-04-25,33.1507568359375
2014-04-28,33.94816970825195
2014-04-29,33.649139404296875
2014-04-30,33.557762145996094
2014-05-01,33.22551727294922
2014-05-02,32.968017578125
2014-05-05,32.75205993652344
2014-05-06,32.4447135925293
2014-05-07,32.74372863769531
2014-05-08,32.926483154296875
2014-05-09,32.843414306640625
2014-05-12,33.200592041015625
2014-05-13,33.811248779296875
2014-05-14,33.66067886352539
2014-05-15,33.12530517578125
2014-05-16,33.31770324707031
2014-05-19,33.250770568847656
2014-05-20,33.19223403930664
2014-05-21,33.752685546875
2014-05-22,33.54355239868164
2014-05-23,33.56029510498047
2014-05-27,33.618831634521484
2014-05-28,33.4682731628418
2014-05-29,33.74432373046875
2014-05-30,34.246212005615234
2014-06-02,34.12074279785156
2014-06-03,33.7025032043457
2014-06-04,33.72758483886719
2014-06-05,34.47206115722656
2014-06-06,34.69793701171875
2014-06-09,34.522254943847656
2014-06-10,34.388423919677734
2014-06-11,34.179290771484375
2014-06-12,33.9450798034668
2014-06-13,34.48879623413086
2014-06-16,34.71464538574219
2014-06-17,34.86522674560547
2014-06-18,34.84012222290039
2014-06-19,34.723018646240234
2014-06-20,34.86522674560547
2014-06-23,35.12453842163086
2014-06-24,34.92378234863281
2014-06-25,35.15800476074219
2014-06-26,34.89868927001953
2014-06-27,35.342041015625
2014-06-30,34.881961822509766
2014-07-01,35.02416229248047
2014-07-02,35.049251556396484
2014-07-03,34.965614318847656
2014-07-07,35.12453842163086
2014-07-08,34.948883056640625
2014-07-09,34.85685729980469
2014-07-10,34.87358474731445
2014-07-11,35.20820999145508
2014-07-14,35.249996185302734
2014-07-15,35.50933074951172
2014-07-16,36.87282943725586
2014-07-17,37.24924850463867
2014-07-18,37.383079528808594
2014-07-21,37.50856018066406
2014-07-22,37.50019454956055
2014-07-23,37.533653259277344
2014-07-24,37.1405029296875
2014-07-25,37.224143981933594
2014-07-28,36.78081512451172
2014-07-29,36.7138786315918
2014-07-30,36.4545783996582
2014-07-31,36.10325241088867
2014-08-01,35.8522834777832
2014-08-04,36.27889633178711
2014-08-05,36.03632354736328
2014-08-06,35.751930236816406
2014-08-07,36.161800384521484
2014-08-08,36.13668441772461
2014-08-11,36.13668441772461
2014-08-12,36.40438461303711
2014-08-13,36.87282943725586
2014-08-14,37.03175735473633
2014-08-15,37.46672439575195
2014-08-18,37.734397888183594
2014-08-19,38.155277252197266
2014-08-20,37.83540725708008
2014-08-21,38.062686920166016
2014-08-22,38.00376892089844
2014-08-25,38.02060317993164
2014-08-26,37.885921478271484
2014-08-27,37.7680778503418
2014-08-28,37.77650451660156
2014-08-29,38.23944091796875
2014-09-02,37.9532585144043
2014-09-03,37.843841552734375
2014-09-04,38.09634780883789
2014-09-05,38.64348220825195
2014-09-08,39.114837646484375
2014-09-09,39.35893249511719
2014-09-10,39.4262809753418
2014-09-11,39.560951232910156
2014-09-12,39.30842590332031
2014-09-15,38.92123794555664
2014-09-16,39.35893249511719
2014-09-17,39.15692901611328
2014-09-18,39.291595458984375
2014-09-19,39.9986572265625
2014-09-22,39.611454010009766
2014-09-23,39.19059753417969
2014-09-24,39.6282958984375
2014-09-25,38.752899169921875
2014-09-26,39.0643310546875
2014-09-29,39.08958053588867
2014-09-30,39.02225112915039
2014-10-01,38.63505172729492
2014-10-02,38.517215728759766
2014-10-03,38.79498291015625
2014-10-06,38.79498291015625
2014-10-07,38.32362365722656
2014-10-08,39.375762939453125
2014-10-09,38.59296798706055
2014-10-10,37.06104278564453
2014-10-13,36.74117660522461
2014-10-14,36.80851745605469
2014-10-15,36.37924575805664
2014-10-16,35.9752082824707
2014-10-17,36.724342346191406
2014-10-20,37.103126525878906
2014-10-21,37.77650451660156
2014-10-22,37.355628967285156
2014-10-23,37.894344329833984
2014-10-24,38.82863998413086
2014-10-27,38.64348220825195
2014-10-28,39.13166809082031
2014-10-29,39.2411003112793
2014-10-30,38.76129150390625
2014-10-31,39.51886749267578
2014-11-03,39.93130874633789
2014-11-04,40.040740966796875
2014-11-05,40.284828186035156
2014-11-06,40.991886138916016
2014-11-07,40.97505187988281
2014-11-10,41.15180587768555
2014-11-11,41.134971618652344
2014-11-12,41.0592041015625
2014-11-13,41.75784683227539
2014-11-14,41.73259353637695
2014-11-17,41.6315803527832
2014-11-18,41.284297943115234
2014-11-19,40.843849182128906
2014-11-20,41.25041961669922
2014-11-21,40.64055252075195
2014-11-24,40.31022262573242
2014-11-25,40.20857620239258
2014-11-26,40.445743560791016
2014-11-28,40.49656295776367
2014-12-01,41.18265914916992
2014-12-02,41.04713439941406
2014-12-03,40.72524642944336
2014-12-04,41.36899948120117
2014-12-05,41.01326370239258
2014-12-08,40.403385162353516
2014-12-09,40.31022262573242
2014-12-10,39.72576904296875
2014-12-11,39.954471588134766
2014-12-12,39.76813507080078
2014-12-15,39.53093338012695
2014-12-16,38.25191879272461
2014-12-17,38.74319839477539
2014-12-18,40.250938415527344
2014-12-19,40.3695068359375
2014-12-22,40.64055252075195
2014-12-23,41.03866195678711
2014-12-24,40.77608871459961
2014-12-26,40.555850982666016
2014-12-29,40.19163513183594
2014-12-30,39.82740783691406
2014-12-31,39.344600677490234
2015-01-02,39.607177734375
2015-01-05,39.24296188354492
2015-01-06,38.66697311401367
2015-01-07,39.15825653076172
2015-01-08,40.31022262573242
2015-01-09,39.97140121459961
2015-01-12,39.471656799316406
2015-01-13,39.268375396728516
2015-01-14,38.929561614990234
2015-01-15,38.52297592163086
2015-01-16,39.166717529296875
2015-01-20,39.293785095214844
2015-01-21,38.89567184448242
2015-01-22,39.920597076416016
2015-01-23,39.96293640136719
2015-01-26,39.81893539428711
2015-01-27,36.13434982299805
2015-01-28,34.88922882080078
2015-01-29,35.58378219604492
2015-01-30,34.220054626464844
2015-02-02,34.9654541015625
2015-02-03,35.23649597167969
2015-02-04,35.43980026245117
2015-02-05,35.956478118896484
2015-02-06,35.92259979248047
2015-02-09,35.88024139404297
2015-02-10,36.083518981933594
2015-02-11,35.89718246459961
2015-02-12,36.49857711791992
2015-02-13,37.159271240234375
2015-02-17,37.176326751708984
2015-02-18,37.133663177490234
2015-02-19,37.10807418823242
2015-02-20,37.415164947509766
2015-02-23,37.66258239746094
2015-02-24,37.61139678955078
2015-02-25,37.52606964111328
2015-02-26,37.585784912109375
2015-02-27,37.40665817260742
2015-03-02,37.4322395324707
2015-03-03,36.920406341552734
2015-03-04,36.73273849487305
2015-03-05,36.7753791809082
2015-03-06,36.13560485839844
2015-03-09,36.553592681884766
2015-03-10,35.85407638549805
2015-03-11,35.81141662597656
2015-03-12,34.99249267578125
2015-03-13,35.2995719909668
2015-03-16,35.4531364440918
2015-03-17,35.572566986083984
2015-03-18,36.25502014160156
2015-03-19,36.07587432861328
2015-03-20,36.57917404174805
2015-03-23,36.5621223449707
2015-03-24,36.59624099731445
2015-03-25,35.367835998535156
2015-03-26,35.15455627441406
2015-03-27,34.94983673095703
2015-03-30,34.94129943847656
2015-03-31,34.685394287109375
2015-04-01,34.736572265625
2015-04-02,34.36976623535156
2015-04-06,35.444618225097656
2015-04-07,35.427555084228516
2015-04-08,35.33371353149414
2015-04-09,35.38489532470703
2015-04-10,35.589630126953125
2015-04-13,35.623756408691406
2015-04-14,35.529911041259766
2015-04-15,36.050270080566406
2015-04-16,35.96497344970703
2015-04-17,35.50431442260742
2015-04-20,36.604774475097656
2015-04-21,36.37443923950195
2015-04-22,36.67301559448242
2015-04-23,36.97159194946289
2015-04-24,40.835941314697266
2015-04-27,40.97243881225586
2015-04-28,41.936378479003906
2015-04-29,41.851078033447266
2015-04-30,41.49280548095703
2015-05-01,41.50986862182617
2015-05-04,41.151580810546875
2015-05-05,40.605628967285156
2015-05-06,39.479583740234375
2015-05-07,39.83785629272461
2015-05-08,40.733585357666016
2015-05-11,40.40940856933594
2015-05-12,40.39234924316406
2015-05-13,40.631202697753906
2015-05-14,41.56104278564453
2015-05-15,41.2027702331543
2015-05-18,40.95537567138672
2015-05-19,40.85234069824219
2015-05-20,40.85234069824219
2015-05-21,40.714969635009766
2015-05-22,40.268489837646484
2015-05-26,40.00232696533203
2015-05-27,40.87811279296875
2015-05-28,40.740718841552734
2015-05-29,40.234130859375
2015-06-01,40.551822662353516
2015-06-02,40.28564453125
2015-06-03,40.225555419921875
2015-06-04,39.80484390258789
2015-06-05,39.61594772338867
2015-06-08,39.26393127441406
2015-06-09,39.19522476196289
2015-06-10,40.01949691772461
2015-06-11,39.873531341552734
2015-06-12,39.469993591308594
2015-06-15,39.049259185791016
2015-06-16,39.34978485107422
2015-06-17,39.469993591308594
2015-06-18,40.11393356323242
2015-06-19,39.58161544799805
2015-06-22,39.6932258605957
2015-06-23,39.41847610473633
2015-06-24,39.18665313720703
2015-06-25,39.19522476196289
2015-06-26,38.86037063598633
2015-06-29,38.096221923828125
2015-06-30,37.90734100341797
2015-07-01,38.164913177490234
2015-07-02,38.12199020385742
2015-07-06,38.1133918762207
2015-07-07,38.0361213684082
2015-07-08,37.984615325927734
2015-07-09,38.22502136230469
2015-07-10,38.302284240722656
2015-07-13,39.100799560546875
2015-07-14,39.169471740722656
2015-07-15,39.289669036865234
2015-07-16,40.062416076660156
2015-07-17,40.02809143066406
2015-07-20,40.28564453125
2015-07-21,40.594749450683594
2015-07-22,39.100799560546875
2015-07-23,39.59019470214844
2015-07-24,39.44422912597656
2015-07-27,38.93764877319336
2015-07-28,38.9290771484375
2015-07-29,39.7447395324707
2015-07-30,40.25130844116211
2015-07-31,40.096763610839844
2015-08-03,40.19122314453125
2015-08-04,40.817989349365234
2015-08-05,40.85234069824219
2015-08-06,40.02809143066406
2015-08-07,40.1311149597168
2015-08-10,40.637699127197266
2015-08-11,39.8477783203125
2015-08-12,40.1311149597168
2015-08-13,40.122520446777344
2015-08-14,40.35434341430664
2015-08-17,40.62910842895508
2015-08-18,40.85380172729492
2015-08-19,40.28339385986328
2015-08-20,39.46234130859375
2015-08-21,37.223907470703125
2015-08-24,36.02256774902344
2015-08-25,34.97681427001953
2015-08-26,36.91276931762695
2015-08-27,37.94124221801758
2015-08-28,37.96717834472656
2015-08-31,37.61281204223633
2015-09-01,36.14357376098633
2015-09-02,37.47453308105469
2015-09-03,37.59552764892578
2015-09-04,36.82633972167969
2015-09-08,37.932586669921875
2015-09-09,37.223907470703125
2015-09-10,37.414031982421875
2015-09-11,37.578250885009766
2015-09-14,37.19797134399414
2015-09-15,38.01036834716797
2015-09-16,38.286949157714844
2015-09-17,38.24373245239258
2015-09-18,37.578250885009766
2015-09-21,38.12274169921875
2015-09-22,37.94124221801758
2015-09-23,37.915313720703125
2015-09-24,37.949886322021484
2015-09-25,37.97581100463867
2015-09-28,37.414031982421875
2015-09-29,37.54368209838867
2015-09-30,38.25236511230469
2015-10-01,38.55485916137695
2015-10-02,39.384552001953125
2015-10-05,40.30067443847656
2015-10-06,40.404396057128906
2015-10-07,40.447608947753906
2015-10-08,41.009376525878906
2015-10-09,40.71551513671875
2015-10-12,40.62044906616211
2015-10-13,40.5254020690918
2015-10-14,40.34389114379883
2015-10-15,40.62909698486328
2015-10-16,41.06122970581055
2015-10-19,41.156307220458984
2015-10-20,41.28594207763672
2015-10-21,40.793304443359375
2015-10-22,41.510658264160156
2015-10-23,45.693702697753906
2015-10-26,46.886375427246094
2015-10-27,46.40238571166992
2015-10-28,46.65303039550781
2015-10-29,46.1171875
2015-10-30,45.49491500854492
2015-11-02,46.013484954833984
2015-11-03,46.799957275390625
2015-11-04,47.01600646972656
2015-11-05,46.998741149902344
2015-11-06,47.46543502807617
2015-11-09,46.80860137939453
2015-11-10,46.246822357177734
2015-11-11,46.367820739746094
2015-11-12,46.082603454589844
2015-11-13,45.66777038574219
2015-11-16,46.47154235839844
2015-11-17,46.088687896728516
2015-11-18,46.854366302490234
2015-11-19,46.932674407958984
2015-11-20,47.15019989013672
2015-11-23,47.15019989013672
2015-11-24,47.20242691040039
2015-11-25,46.71515655517578
2015-11-27,46.923988342285156
2015-11-30,47.28940963745117
2015-12-01,48.04640197753906
2015-12-02,48.03769302368164
2015-12-03,47.15890884399414
2015-12-04,48.646759033203125
2015-12-07,48.559757232666016
2015-12-08,48.54235076904297
2015-12-09,47.83758544921875
2015-12-10,48.08991622924805
2015-12-11,47.03710174560547
2015-12-14,47.97679901123047
2015-12-15,48.02900695800781
2015-12-16,48.838191986083984
2015-12-17,48.46404266357422
2015-12-18,47.0980110168457
2015-12-21,47.70706558227539
2015-12-22,48.15951156616211
2015-12-23,48.56844711303711
2015-12-24,48.437950134277344
2015-12-28,48.68156051635742
2015-12-29,49.20362854003906
2015-12-30,48.99481201171875
2015-12-31,48.27260971069336
2016-01-04,47.68095779418945
2016-01-05,47.89848709106445
2016-01-06,47.028404235839844
2016-01-07,45.39263153076172
2016-01-08,45.53184127807617
2016-01-11,45.505733489990234
2016-01-12,45.923377990722656
2016-01-13,44.93147277832031
2016-01-14,46.21049880981445
2016-01-15,44.365928649902344
2016-01-19,43.99177169799805
2016-01-20,44.1919059753418
2016-01-21,43.92217254638672
2016-01-22,45.49702835083008
2016-01-25,45.061988830566406
2016-01-26,45.39263153076172
2016-01-27,44.5660514831543
2016-01-28,45.296913146972656
2016-01-29,47.93328857421875
2016-02-01,47.60264205932617
2016-02-02,46.11479949951172
2016-02-03,45.38392639160156
2016-02-04,45.244712829589844
2016-02-05,43.643733978271484
2016-02-08,42.99116897583008
2016-02-09,42.87806701660156
2016-02-10,43.25218963623047
2016-02-11,43.23479080200195
2016-02-12,43.9395751953125
2016-02-16,44.7720832824707
2016-02-17,45.9376220703125
2016-02-18,45.736061096191406
2016-02-19,45.41181564331055
2016-02-22,46.13917922973633
2016-02-23,44.850975036621094
2016-02-24,45.008705139160156
2016-02-25,45.65718460083008
2016-02-26,44.95612335205078
2016-02-29,44.58806228637695
2016-03-01,46.077842712402344
2016-03-02,46.402076721191406
2016-03-03,45.876277923583984
2016-03-04,45.59584045410156
2016-03-07,44.71950149536133
2016-03-08,45.26285171508789
2016-03-09,46.30567932128906
2016-03-10,45.61338806152344
2016-03-11,46.50724411010742
2016-03-14,46.59487533569336
2016-03-15,46.962947845458984
2016-03-16,47.62894821166992
2016-03-17,47.900630950927734
2016-03-18,46.87528991699219
2016-03-21,47.19954299926758
2016-03-22,47.383575439453125
2016-03-23,47.29594802856445
2016-03-24,47.506263732910156
2016-03-28,46.91913604736328
2016-03-29,47.94443130493164
2016-03-30,48.242393493652344
2016-03-31,48.40013885498047
2016-04-01,48.69809341430664
2016-04-04,48.57538604736328
2016-04-05,47.8129768371582
2016-04-06,48.303741455078125
2016-04-07,47.72534942626953
2016-04-08,47.69028854370117
2016-04-11,47.593902587890625
2016-04-12,47.89185333251953
2016-04-13,48.50529479980469
2016-04-14,48.5140495300293
2016-04-15,48.76819610595703
2016-04-18,49.478031158447266
2016-04-19,49.41667175292969
2016-04-20,48.71561050415039
2016-04-21,48.88212203979492
2016-04-22,45.37676239013672
2016-04-25,45.66597366333008
2016-04-26,45.078819274902344
2016-04-27,44.640655517578125
2016-04-28,43.729251861572266
2016-04-29,43.70296859741211
2016-05-02,44.3514518737793
2016-05-03,43.624088287353516
2016-05-04,43.70296859741211
2016-05-05,43.764305114746094
2016-05-06,44.158653259277344
2016-05-09,43.87824249267578
2016-05-10,44.71073532104492
2016-05-11,44.73704528808594
2016-05-12,45.14015197753906
2016-05-13,44.76333236694336
2016-05-16,45.42058563232422
2016-05-17,44.573402404785156
2016-05-18,44.83815383911133
2016-05-19,44.405738830566406
2016-05-20,44.67049026489258
2016-05-23,44.14982604980469
2016-05-24,45.52648162841797
2016-05-25,45.994178771972656
2016-05-26,45.791221618652344
2016-05-27,46.17068862915039
2016-05-31,46.770751953125
2016-06-01,46.63839340209961
2016-06-02,46.31187057495117
2016-06-03,45.70296859741211
2016-06-06,46.00301742553711
2016-06-07,45.97654342651367
2016-06-08,45.92359161376953
2016-06-09,45.552940368652344
2016-06-10,45.42940902709961
2016-06-13,44.246891021728516
2016-06-14,43.973331451416016
2016-06-15,43.84980010986328
2016-06-16,44.46751022338867
2016-06-17,44.23808288574219
2016-06-20,44.18513107299805
2016-06-21,45.17350387573242
2016-06-22,44.99700927734375
2016-06-23,45.80887985229492
2016-06-24,43.973331451416016
2016-06-27,42.73788833618164
2016-06-28,43.629173278808594
2016-06-29,44.59988021850586
2016-06-30,45.15584182739258
2016-07-01,45.14701461791992
2016-07-05,45.15584182739258
2016-07-06,45.34116744995117
2016-07-07,45.34116744995117
2016-07-08,46.15302658081055
2016-07-11,46.40894317626953
2016-07-12,46.956085205078125
2016-07-13,47.220821380615234
2016-07-14,47.42377853393555
2016-07-15,47.38848876953125
2016-07-18,47.617919921875
2016-07-19,46.85018539428711
2016-07-20,49.3387336730957
2016-07-21,49.241668701171875
2016-07-22,49.921173095703125
2016-07-25,50.0623664855957
2016-07-26,50.088829040527344
2016-07-27,49.585819244384766
2016-07-28,49.60347366333008
2016-07-29,50.01824951171875
2016-08-01,49.929996490478516
2016-08-02,49.929996490478516
2016-08-03,50.27415466308594
2016-08-04,50.64479064941406
2016-08-05,51.147796630859375
2016-08-08,51.23603439331055
2016-08-09,51.359588623046875
2016-08-10,51.20074462890625
2016-08-11,51.44784164428711
2016-08-12,51.130149841308594
2016-08-15,51.28899002075195
2016-08-16,51.00483322143555
2016-08-17,51.111392974853516
2016-08-18,51.14691925048828
2016-08-19,51.1646614074707
2016-08-22,51.209083557128906
2016-08-23,51.40442657470703
2016-08-24,51.45770263671875
2016-08-25,51.653053283691406
2016-08-26,51.528751373291016
2016-08-29,51.59090805053711
2016-08-30,51.40442657470703
2016-08-31,51.02259826660156
2016-09-01,51.13803482055664
2016-09-02,51.209083557128906
2016-09-06,51.155792236328125
2016-09-07,51.20018768310547
2016-09-08,50.99596405029297
2016-09-09,49.91264343261719
2016-09-12,50.65853500366211
2016-09-13,50.1967887878418
2016-09-14,49.95704650878906
2016-09-15,50.78285217285156
2016-09-16,50.83612060546875
2016-09-19,50.55197525024414
2016-09-20,50.445430755615234
2016-09-21,51.28898239135742
2016-09-22,51.34225845336914
2016-09-23,50.99596405029297
2016-09-26,50.52533721923828
2016-09-27,51.45770263671875
2016-09-28,51.528751373291016
2016-09-29,50.969322204589844
2016-09-30,51.14691925048828
2016-10-03,50.9870719909668
2016-10-04,50.82725143432617
2016-10-05,51.18242645263672
2016-10-06,51.27122497558594
2016-10-07,51.32448959350586
2016-10-10,51.53761291503906
2016-10-11,50.78285217285156
2016-10-12,50.71179962158203
2016-10-13,50.5430908203125
2016-10-14,50.9870719909668
2016-10-17,50.80948257446289
2016-10-18,51.20018768310547
2016-10-19,51.08476257324219
2016-10-20,50.83612060546875
2016-10-21,52.97611999511719
2016-10-24,54.1660041809082
2016-10-25,54.1571159362793
2016-10-26,53.837459564208984
2016-10-27,53.36683654785156
2016-10-28,53.162593841552734
2016-10-31,53.20699691772461
2016-11-01,53.100440979003906
2016-11-02,52.77189636230469
2016-11-03,52.57655334472656
2016-11-04,52.13255310058594
2016-11-07,53.650978088378906
2016-11-08,53.69538879394531
2016-11-09,53.42898941040039
2016-11-10,52.12369155883789
2016-11-11,52.407833099365234
2016-11-14,51.608665466308594
2016-11-15,52.627777099609375
2016-11-16,53.3250732421875
2016-11-17,54.21009826660156
2016-11-18,53.95085144042969
2016-11-21,54.406768798828125
2016-11-22,54.639198303222656
2016-11-23,53.99554443359375
2016-11-25,54.11176681518555
2016-11-28,54.18327331542969
2016-11-29,54.61238479614258
2016-11-30,53.870384216308594
2016-12-01,52.922794342041016
2016-12-02,52.96748352050781
2016-12-05,53.83462905883789
2016-12-06,53.5932731628418
2016-12-07,54.86269760131836
2016-12-08,54.54084777832031
2016-12-09,55.399070739746094
2016-12-12,55.5778694152832
2016-12-13,56.30199432373047
2016-12-14,56.03379440307617
2016-12-15,55.94438934326172
2016-12-16,55.69407272338867
2016-12-19,56.874114990234375
2016-12-20,56.8026008605957
2016-12-21,56.8026008605957
2016-12-22,56.81154251098633
2016-12-23,56.53440856933594
2016-12-27,56.570167541503906
2016-12-28,56.3109130859375
2016-12-29,56.23047637939453
2016-12-30,55.55105972290039
2017-01-03,55.94438934326172
2017-01-04,55.69407272338867
2017-01-05,55.69407272338867
2017-01-06,56.17681121826172
2017-01-09,55.99803161621094
2017-01-10,55.98015213012695
2017-01-11,56.48970031738281
2017-01-12,55.97121047973633
2017-01-13,56.05165481567383
2017-01-17,55.89970016479492
2017-01-18,55.87287902832031
2017-01-19,55.69407272338867
2017-01-20,56.08743667602539
2017-01-23,56.28410339355469
2017-01-24,56.78472137451172
2017-01-25,56.92774200439453
2017-01-26,57.4551887512207
2017-01-27,58.80508804321289
2017-01-30,58.2239990234375
2017-01-31,57.7949104309082
2017-02-01,56.83836364746094
2017-02-02,56.471832275390625
2017-02-03,56.92774200439453
2017-02-06,56.891990661621094
2017-02-07,56.70426940917969
2017-02-08,56.623802185058594
2017-02-09,57.2674674987793
2017-02-10,57.21381759643555
2017-02-13,57.857479095458984
2017-02-14,58.073333740234375
2017-02-15,58.037349700927734
2017-02-16,58.02835464477539
2017-02-17,58.11830139160156
2017-02-21,58.00138473510742
2017-02-22,57.88446044921875
2017-02-23,58.11830139160156
2017-02-24,58.11830139160156
2017-02-27,57.76755142211914
2017-02-28,57.54268264770508
2017-03-01,58.40610122680664
2017-03-02,57.56968307495117
2017-03-03,57.78553009033203
2017-03-06,57.80350875854492
2017-03-07,57.92043685913086
2017-03-08,58.45106887817383
2017-03-09,58.21723556518555
2017-03-10,58.39710998535156
2017-03-13,58.19923400878906
2017-03-14,57.92943572998047
2017-03-15,58.235225677490234
2017-03-16,58.13629150390625
2017-03-17,58.34314727783203
2017-03-20,58.39710998535156
2017-03-21,57.749549865722656
2017-03-22,58.48704147338867
2017-03-23,58.34314727783203
2017-03-24,58.442073822021484
2017-03-27,58.55000305175781
2017-03-28,58.720890045166016
2017-03-29,58.88277816772461
2017-03-30,59.0986328125
2017-03-31,59.23353958129883
2017-04-03,58.954734802246094
2017-04-04,59.11661911010742
2017-04-05,58.96371841430664
2017-04-06,59.11661911010742
2017-04-07,59.071651458740234
2017-04-10,58.936737060546875
2017-04-11,58.89177322387695
2017-04-12,58.666927337646484
2017-04-13,58.41508865356445
2017-04-17,58.89177322387695
2017-04-18,58.81084060668945
2017-04-19,58.49604415893555
2017-04-20,58.90977096557617
2017-04-21,59.719207763671875
2017-04-24,60.73552322387695
2017-04-25,61.08626937866211
2017-04-26,61.00532531738281
2017-04-27,61.40106964111328
2017-04-28,61.57194519042969
2017-05-01,62.426361083984375
2017-05-02,62.327430725097656
2017-05-03,62.12954330444336
2017-05-04,61.8867301940918
2017-05-05,62.0576171875
2017-05-08,62.00365447998047
2017-05-09,62.093589782714844
2017-05-10,62.33640670776367
2017-05-11,61.57194519042969
2017-05-12,61.49999237060547
2017-05-15,61.544979095458984
2017-05-16,62.78423309326172
2017-05-17,61.03840637207031
2017-05-18,61.24646759033203
2017-05-19,61.22837829589844
2017-05-22,61.91583251953125
2017-05-23,62.123870849609375
2017-05-24,62.20526123046875
2017-05-25,62.974159240722656
2017-05-26,63.28167724609375
2017-05-30,63.688724517822266
2017-05-31,63.17314529418945
2017-06-01,63.408294677734375
2017-06-02,64.90985107421875
2017-06-05,65.38018798828125
2017-06-06,65.59732055664062
2017-06-07,65.47975158691406
2017-06-08,65.08170318603516
2017-06-09,63.60732650756836
2017-06-12,63.118858337402344
2017-06-13,63.90582275390625
2017-06-14,63.562068939208984
2017-06-15,63.227394104003906
2017-06-16,63.3178825378418
2017-06-19,64.10482025146484
2017-06-20,63.2364501953125
2017-06-21,63.562068939208984
2017-06-22,63.55303955078125
2017-06-23,64.41233825683594
2017-06-26,63.79727554321289
2017-06-27,62.6032829284668
2017-06-28,63.136966705322266
2017-06-29,61.95201873779297
2017-06-30,62.34999084472656
2017-07-03,61.66255187988281
2017-07-05,62.48567581176758
2017-07-06,62.02437973022461
2017-07-07,62.82941436767578
2017-07-10,63.299774169921875
2017-07-11,63.30881881713867
2017-07-12,64.35810089111328
2017-07-13,64.91890716552734
2017-07-14,65.8324966430664
2017-07-17,66.34805297851562
2017-07-18,66.3028793334961
2017-07-19,66.80941009521484
2017-07-20,67.1350326538086
2017-07-21,66.74607849121094
2017-07-24,66.57421112060547
2017-07-25,67.10789489746094
2017-07-26,66.98123931884766
2017-07-27,66.17620849609375
2017-07-28,66.06764221191406
2017-07-31,65.7601318359375
2017-08-01,65.65157318115234
2017-08-02,65.36213684082031
2017-08-03,65.26262664794922
2017-08-04,65.74203491210938
2017-08-07,65.48875427246094
2017-08-08,65.84152221679688
2017-08-09,65.55207824707031
2017-08-10,64.59326171875
2017-08-11,65.5792236328125
2017-08-14,66.56517028808594
2017-08-15,66.5833511352539
2017-08-16,66.974365234375
2017-08-17,65.8376693725586
2017-08-18,65.91951751708984
2017-08-21,65.61033630371094
2017-08-22,66.52881622314453
2017-08-23,66.1286849975586
2017-08-24,66.10139465332031
2017-08-25,66.2196044921875
2017-08-28,66.22869873046875
2017-08-29,66.42875671386719
2017-08-30,67.3017349243164
2017-08-31,67.99286651611328
2017-09-01,67.23808288574219
2017-09-05,66.93800354003906
2017-09-06,66.7470474243164
2017-09-07,67.60184478759766
2017-09-08,67.27445983886719
2017-09-11,67.98375701904297
2017-09-12,67.91101837158203
2017-09-13,68.39298248291016
2017-09-14,67.99286651611328
2017-09-15,68.48389434814453
2017-09-18,68.34751892089844
2017-09-19,68.60212707519531
2017-09-20,68.1474380493164
2017-09-21,67.48363494873047
2017-09-22,67.66549682617188
2017-09-25,66.6197280883789
2017-09-26,66.6197280883789
2017-09-27,67.15625762939453
2017-09-28,67.1744384765625
2017-09-29,67.73823547363281
2017-10-02,67.84736633300781
2017-10-03,67.52908325195312
2017-10-04,67.92011260986328
2017-10-05,69.08409881591797
2017-10-06,69.11137390136719
2017-10-09,69.37509155273438
2017-10-10,69.37509155273438
2017-10-11,69.49329376220703
2017-10-12,70.12984466552734
2017-10-13,70.46633911132812
2017-10-16,70.61182403564453
2017-10-17,70.55725860595703
2017-10-18,70.57546997070312
2017-10-19,70.84825897216797
2017-10-20,71.66666412353516
2017-10-23,71.68486785888672
2017-10-24,71.712158203125
2017-10-25,71.50298309326172
2017-10-26,71.62120819091797
2017-10-27,76.21345520019531
2017-10-30,76.28620910644531
2017-10-31,75.64058685302734
2017-11-01,75.64058685302734
2017-11-02,76.43172454833984
2017-11-03,76.51358032226562
2017-11-06,76.81364440917969
2017-11-07,76.63177490234375
2017-11-08,76.8955078125
2017-11-09,76.46810913085938
2017-11-10,76.2680435180664
2017-11-13,76.3226089477539
2017-11-14,76.43172454833984
2017-11-15,75.8376693725586
2017-11-16,76.03874206542969
2017-11-17,75.30760192871094
2017-11-20,75.4264144897461
2017-11-21,76.51399230957031
2017-11-22,75.95649719238281
2017-11-24,76.09358215332031
2017-11-27,76.65107727050781
2017-11-28,77.57411193847656
2017-11-29,76.16669464111328
2017-11-30,76.92523956298828
2017-12-01,77.00748443603516
2017-12-04,74.10121154785156
2017-12-05,74.56732177734375
2017-12-06,75.65489959716797
2017-12-07,75.38984680175781
2017-12-08,76.91612243652344
2017-12-11,77.8940200805664
2017-12-12,78.21387481689453
2017-12-13,78.00367736816406
2017-12-14,77.40047454833984
2017-12-15,79.37455749511719
2017-12-18,78.94500732421875
2017-12-19,78.44237518310547
2017-12-20,78.15902709960938
2017-12-21,78.1407699584961
2017-12-22,78.14990234375
2017-12-26,78.04939270019531
2017-12-27,78.33268737792969
2017-12-28,78.34182739257812
2017-12-29,78.1773452758789
2018-01-02,78.5520248413086
2018-01-03,78.9176025390625
2018-01-04,79.61219787597656
2018-01-05,80.5992202758789
2018-01-08,80.68148803710938
2018-01-09,80.62666320800781
2018-01-10,80.26107788085938
2018-01-11,80.49871826171875
2018-01-12,81.88786315917969
2018-01-16,80.74546813964844
2018-01-17,82.38138580322266
2018-01-18,82.34483337402344
2018-01-19,82.2534408569336
2018-01-22,83.72486114501953
2018-01-23,83.98987579345703
2018-01-24,83.91678619384766
2018-01-25,84.38287353515625
2018-01-26,85.96395874023438
2018-01-29,85.83601379394531
2018-01-30,84.757568359375
2018-01-31,86.83221435546875
2018-02-01,86.14678192138672
2018-02-02,83.88021850585938
2018-02-05,80.4255599975586
2018-02-06,83.46894836425781
2018-02-07,81.89703369140625
2018-02-08,77.69293212890625
2018-02-09,80.59007263183594
2018-02-12,81.45832824707031
2018-02-13,82.09808349609375
2018-02-14,83.3835678100586
2018-02-15,85.08228302001953
2018-02-16,84.47626495361328
2018-02-20,85.13737487792969
2018-02-21,84.0079574584961
2018-02-22,84.22834777832031
2018-02-23,86.36779022216797
2018-02-26,87.6165542602539
2018-02-27,86.496337890625
2018-02-28,86.1015396118164
2018-03-01,85.2567367553711
2018-03-02,85.44037628173828
2018-03-05,85.98213195800781
2018-03-06,85.68830871582031
2018-03-07,86.18412780761719
2018-03-08,86.70751953125
2018-03-09,88.64498901367188
2018-03-12,88.85617065429688
2018-03-13,86.68916320800781
2018-03-14,86.17497253417969
2018-03-15,86.47796630859375
2018-03-16,86.8636245727539
2018-03-19,85.29347229003906
2018-03-20,85.51385498046875
2018-03-21,84.91703033447266
2018-03-22,82.44700622558594
2018-03-23,80.05043029785156
2018-03-26,86.11071014404297
2018-03-27,82.15314483642578
2018-03-28,82.07968139648438
2018-03-29,83.80594635009766
2018-04-02,81.28083801269531
2018-04-03,82.37355041503906
2018-04-04,84.77931213378906
2018-04-05,84.8251724243164
2018-04-06,82.85101318359375
2018-04-09,83.34683990478516
2018-04-10,85.28428649902344
2018-04-11,84.34774017333984
2018-04-12,85.92705535888672
2018-04-13,85.46794891357422
2018-04-16,86.46878051757812
2018-04-17,88.21343231201172
2018-04-18,88.55316162109375
2018-04-19,88.25015258789062
2018-04-20,87.2309341430664
2018-04-23,87.55229187011719
2018-04-24,85.50467681884766
2018-04-25,84.76090240478516
2018-04-26,86.55146789550781
2018-04-27,87.98388671875
2018-04-30,85.87194061279297
2018-05-01,87.2309341430664
2018-05-02,85.86276245117188
2018-05-03,86.376953125
2018-05-04,87.37783813476562
2018-05-07,88.35115051269531
2018-05-08,87.97466278076172
2018-05-09,89.01229095458984
2018-05-10,89.90293884277344
2018-05-11,89.71013641357422
2018-05-14,90.01312255859375
2018-05-15,89.36121368408203
2018-05-16,89.59173583984375
2018-05-17,88.69721221923828
2018-05-18,88.86322021484375
2018-05-21,90.00672912597656
2018-05-22,89.91449737548828
2018-05-23,90.9842758178711
2018-05-24,90.6614761352539
2018-05-25,90.70760345458984
2018-05-29,90.3848648071289
2018-05-30,91.25170135498047
2018-05-31,91.15023803710938
2018-06-01,92.94854736328125
2018-06-04,93.76009368896484
2018-06-05,94.2396469116211
2018-06-06,94.51627349853516
2018-06-07,93.03155517578125
2018-06-08,93.72320556640625
2018-06-11,93.18833923339844
2018-06-12,93.42809295654297
2018-06-13,93.00386047363281
2018-06-14,93.52953338623047
2018-06-15,92.33989715576172
2018-06-18,93.01309204101562
2018-06-19,93.01309204101562
2018-06-20,93.94452667236328
2018-06-21,93.27132415771484
2018-06-22,92.59812927246094
2018-06-25,90.7352523803711
2018-06-26,91.37159729003906
2018-06-27,89.95140075683594
2018-06-28,90.95659637451172
2018-06-29,90.93814849853516
2018-07-02,92.22923278808594
2018-07-03,91.34391784667969
2018-07-05,91.9986801147461
2018-07-06,93.2897720336914
2018-07-09,93.92609405517578
2018-07-10,94.17508697509766
2018-07-11,94.04598236083984
2018-07-12,96.08405303955078
2018-07-13,97.22754669189453
2018-07-16,96.74799346923828
2018-07-17,97.70707702636719
2018-07-18,96.9416732788086
2018-07-19,96.27770233154297
2018-07-20,98.00221252441406
2018-07-23,99.5699691772461
2018-07-24,99.28407287597656
2018-07-25,102.20744323730469
2018-07-26,101.09159851074219
2018-07-27,99.3025131225586
2018-07-30,97.17223358154297
2018-07-31,97.82698822021484
2018-08-01,98.01140594482422
2018-08-02,99.20108032226562
2018-08-03,99.63448333740234
2018-08-06,99.7175064086914
2018-08-07,100.4091567993164
2018-08-08,100.9716796875
2018-08-09,101.13768768310547
2018-08-10,100.51980590820312
2018-08-13,99.79126739501953
2018-08-14,101.0362777709961
2018-08-15,99.6661605834961
2018-08-16,99.64762878417969
2018-08-17,99.59208679199219
2018-08-20,98.9347915649414
2018-08-21,98.1108627319336
2018-08-22,99.1106948852539
2018-08-23,99.57354736328125
2018-08-24,100.35118103027344
2018-08-27,101.46212005615234
2018-08-28,102.07308197021484
2018-08-29,103.70240020751953
2018-08-30,103.63761138916016
2018-08-31,103.98936462402344
2018-09-04,103.41541290283203
2018-09-05,100.43453216552734
2018-09-06,100.6659164428711
2018-09-07,100.17530059814453
2018-09-10,101.2584228515625
2018-09-11,102.98030853271484
2018-09-12,103.41541290283203
2018-09-13,104.52632141113281
2018-09-14,104.95216369628906
2018-09-17,103.81349182128906
2018-09-18,104.80403900146484
2018-09-19,103.40617370605469
2018-09-20,105.1373291015625
2018-09-21,105.7761001586914
2018-09-24,106.15564727783203
2018-09-25,105.95195770263672
2018-09-26,105.51687622070312
2018-09-27,105.91493225097656
2018-09-28,105.87794494628906
2018-10-01,107.02584075927734
2018-10-02,106.59999084472656
2018-10-03,106.61852264404297
2018-10-04,104.41522979736328
2018-10-05,103.8042221069336
2018-10-08,102.61930847167969
2018-10-09,103.92459869384766
2018-10-10,98.27751159667969
2018-10-11,98.04608917236328
2018-10-12,101.43431854248047
2018-10-15,99.610595703125
2018-10-16,102.75812530517578
2018-10-17,102.48965454101562
2018-10-18,100.44376373291016
2018-10-19,100.59188842773438
2018-10-22,101.4898452758789
2018-10-23,100.073486328125
2018-10-24,94.7226333618164
2018-10-25,100.25861358642578
2018-10-26,99.01810455322266
2018-10-29,96.13903045654297
2018-10-30,96.02796173095703
2018-10-31,98.87923431396484
2018-11-01,98.05532836914062
2018-11-02,98.27751159667969
2018-11-05,99.52728271484375
2018-11-06,99.72168731689453
2018-11-07,103.64686584472656
2018-11-08,103.45246124267578
2018-11-09,101.43431854248047
2018-11-12,98.9347915649414
2018-11-13,98.99960327148438
2018-11-14,97.5956802368164
2018-11-15,99.74341583251953
2018-11-16,100.68244934082031
2018-11-19,97.27025604248047
2018-11-20,94.56470489501953
2018-11-21,95.8663558959961
2018-11-23,95.82916259765625
2018-11-26,98.99029541015625
2018-11-27,99.61323547363281
2018-11-28,103.31364440917969
2018-11-29,102.448974609375
2018-11-30,103.09978485107422
2018-12-03,104.2154769897461
2018-12-04,100.89627075195312
2018-12-06,101.51921844482422
2018-12-07,97.45619201660156
2018-12-10,100.03160858154297
2018-12-11,100.96137237548828
2018-12-12,101.41696166992188
2018-12-13,101.7609634399414
2018-12-14,98.58120727539062
2018-12-17,95.66179656982422
2018-12-18,96.66593933105469
2018-12-19,96.40560150146484
2018-12-20,94.37874603271484
2018-12-21,91.32916259765625
2018-12-24,87.5172119140625
2018-12-26,93.49549102783203
2018-12-27,94.07194519042969
2018-12-28,93.33744049072266
2018-12-31,94.43452453613281
2019-01-02,94.0161361694336
2019-01-03,90.55746459960938
2019-01-04,94.76925659179688
2019-01-07,94.89009857177734
2019-01-08,95.57813262939453
2019-01-09,96.94486999511719
2019-01-10,96.32192993164062
2019-01-11,95.57813262939453
2019-01-14,94.88080596923828
2019-01-15,97.63288116455078
2019-01-16,97.97689819335938
2019-01-17,98.66492462158203
2019-01-18,100.14318084716797
2019-01-22,98.25581359863281
2019-01-23,99.21344757080078
2019-01-24,98.73926544189453
2019-01-25,99.64111328125
2019-01-28,97.69795989990234
2019-01-29,95.70829772949219
2019-01-30,98.9066390991211
2019-01-31,97.09364318847656
2019-02-01,95.55953216552734
2019-02-04,98.31159973144531
2019-02-05,99.6875991821289
2019-02-06,98.58120727539062
2019-02-07,97.87460327148438
2019-02-08,98.24652099609375
2019-02-11,97.85600280761719
2019-02-12,99.38079833984375
2019-02-13,99.3064193725586
2019-02-14,99.39009094238281
2019-02-15,100.61737823486328
2019-02-19,100.5708999633789
2019-02-20,100.04800415039062
2019-02-21,102.158203125
2019-02-22,103.61479187011719
2019-02-25,104.19369506835938
2019-02-26,104.91265869140625
2019-02-27,104.73523712158203
2019-02-28,104.60454559326172
2019-03-01,105.07139587402344
2019-03-04,104.81930541992188
2019-03-05,104.29642486572266
2019-03-06,104.34310150146484
2019-03-07,103.07325744628906
2019-03-08,103.1852798461914
2019-03-11,105.35151672363281
2019-03-12,106.08915710449219
2019-03-13,106.91083526611328
2019-03-14,106.9948501586914
2019-03-15,108.22735595703125
2019-03-18,109.77734375
2019-03-19,109.85205078125
2019-03-20,109.73065948486328
2019-03-21,112.25170135498047
2019-03-22,109.29182434082031
2019-03-25,109.86137390136719
2019-03-26,110.09481048583984
2019-03-27,109.0303726196289
2019-03-28,109.17977142333984
2019-03-29,110.12283325195312
2019-04-01,111.1312255859375
2019-04-02,111.28996276855469
2019-04-03,112.01826477050781
2019-04-04,111.44869232177734
2019-04-05,111.94355773925781
2019-04-08,111.98091888427734
2019-04-09,111.3740005493164
2019-04-10,112.22370147705078
2019-04-11,112.35443115234375
2019-04-12,112.93331146240234
2019-04-15,113.02667236328125
2019-04-16,112.76522827148438
2019-04-17,113.69895935058594
2019-04-18,115.19290161132812
2019-04-22,115.55708312988281
2019-04-23,117.12572479248047
2019-04-24,116.72420501708984
2019-04-25,120.58980560302734
2019-04-26,121.28076934814453
2019-04-29,121.16870880126953
2019-04-30,121.94371032714844
2019-05-01,119.40397644042969
2019-05-02,117.84467315673828
2019-05-03,120.35638427734375
2019-05-06,119.65611267089844
2019-05-07,117.20040893554688
2019-05-08,117.19107055664062
2019-05-09,117.18175506591797
2019-05-10,118.70370483398438
2019-05-13,115.17423248291016
2019-05-14,116.4627914428711
2019-05-15,118.10282897949219
2019-05-16,120.83001708984375
2019-05-17,120.02404022216797
2019-05-20,118.290283203125
2019-05-21,118.92756652832031
2019-05-22,119.64916229248047
2019-05-23,118.25277709960938
2019-05-24,118.30900573730469
2019-05-28,118.23403930664062
2019-05-29,117.09070587158203
2019-05-30,117.83104705810547
2019-05-31,115.90984344482422
2019-06-03,112.31106567382812
2019-06-04,115.42252349853516
2019-06-05,117.92475128173828
2019-06-06,119.78974151611328
2019-06-07,123.14482116699219
2019-06-10,124.26943969726562
2019-06-11,123.80085754394531
2019-06-12,123.22918701171875
2019-06-13,124.00701904296875
2019-06-14,124.12886047363281
2019-06-17,124.50375366210938
2019-06-18,126.66862487792969
2019-06-19,127.16532135009766
2019-06-20,128.34616088867188
2019-06-21,128.3648681640625
2019-06-24,129.12399291992188
2019-06-25,125.04727172851562
2019-06-26,125.51589965820312
2019-06-27,125.72203063964844
2019-06-28,125.54401397705078
2019-07-01,127.15589904785156
2019-07-02,127.99937438964844
2019-07-03,128.82412719726562
2019-07-05,128.44920349121094
2019-07-08,128.35557556152344
2019-07-09,127.88694763183594
2019-07-10,129.1896209716797
2019-07-11,129.70506286621094
2019-07-12,130.17364501953125
2019-07-15,130.17364501953125
2019-07-16,128.468017578125
2019-07-17,127.70891571044922
2019-07-18,127.84944152832031
2019-07-19,128.036865234375
2019-07-22,129.73313903808594
2019-07-23,130.53912353515625
2019-07-24,131.87930297851562
2019-07-25,131.382568359375
2019-07-26,132.4603271484375
2019-07-29,132.1697998046875
2019-07-30,131.53256225585938
2019-07-31,127.70891571044922
2019-08-01,129.38641357421875
2019-08-02,128.29931640625
2019-08-05,123.9039535522461
2019-08-06,126.2281494140625
2019-08-07,126.78103637695312
2019-08-08,130.16429138183594
2019-08-09,129.05841064453125
2019-08-12,127.25902557373047
2019-08-13,129.89251708984375
2019-08-14,125.98087310791016
2019-08-15,125.6987533569336
2019-08-16,128.00250244140625
2019-08-19,130.14637756347656
2019-08-20,129.06503295898438
2019-08-21,130.503662109375
2019-08-22,129.55393981933594
2019-08-23,125.42609405517578
2019-08-26,127.36309814453125
2019-08-27,127.63578796386719
2019-08-28,127.4665298461914
2019-08-29,129.87368774414062
2019-08-30,129.62918090820312
2019-09-03,127.9178695678711
2019-09-04,129.41294860839844
2019-09-05,131.68846130371094
2019-09-06,130.7952117919922
2019-09-09,129.30953979492188
2019-09-10,127.95548248291016
2019-09-11,127.99309539794922
2019-09-12,129.30953979492188
2019-09-13,129.12144470214844
2019-09-16,128.19056701660156
2019-09-17,129.18727111816406
2019-09-18,130.24981689453125
2019-09-19,132.64761352539062
2019-09-20,131.1148681640625
2019-09-23,130.8328094482422
2019-09-24,129.17788696289062
2019-09-25,131.03964233398438
2019-09-26,131.20889282226562
2019-09-27,129.5069580078125
2019-09-30,130.72938537597656
2019-10-01,128.8863983154297
2019-10-02,126.61087036132812
2019-10-03,128.14352416992188
2019-10-04,129.87368774414062
2019-10-07,128.93336486816406
2019-10-08,127.56996154785156
2019-10-09,129.98654174804688
2019-10-10,130.7952117919922
2019-10-11,131.34056091308594
2019-10-14,131.2183074951172
2019-10-15,133.11769104003906
2019-10-16,132.02694702148438
2019-10-17,131.34994506835938
2019-10-18,129.2060546875
2019-10-21,130.1651153564453
2019-10-22,128.22813415527344
2019-10-23,129.04620361328125
2019-10-24,131.58505249023438
2019-10-25,132.32786560058594
2019-10-28,135.58126831054688
2019-10-29,134.30250549316406
2019-10-30,135.97625732421875
2019-10-31,134.81024169921875
2019-11-01,135.13938903808594
2019-11-04,135.9197998046875
2019-11-05,135.835205078125
2019-11-06,135.4590301513672
2019-11-07,135.64710998535156
2019-11-08,137.24560546875
2019-11-11,137.38665771484375
2019-11-12,138.2893524169922
2019-11-13,138.51504516601562
2019-11-14,139.22023010253906
2019-11-15,141.01620483398438
2019-11-18,141.3641357421875
2019-11-19,141.41110229492188
2019-11-20,141.16580200195312
2019-11-21,141.03375244140625
2019-11-22,141.1375274658203
2019-11-25,142.68482971191406
2019-11-26,143.4396514892578
2019-11-27,143.71327209472656
2019-11-29,142.82638549804688
2019-12-02,141.09979248046875
2019-12-03,140.8733367919922
2019-12-04,141.38284301757812
2019-12-05,141.45823669433594
2019-12-06,143.17544555664062
2019-12-09,142.8074951171875
2019-12-10,142.59051513671875
2019-12-11,143.1282958984375
2019-12-12,144.58128356933594
2019-12-13,145.79837036132812
2019-12-16,146.74188232421875
2019-12-17,145.94932556152344
2019-12-18,145.64743041992188
2019-12-19,146.9116973876953
2019-12-20,148.51565551757812
2019-12-23,148.51565551757812
2019-12-24,148.48739624023438
2019-12-26,149.70443725585938
2019-12-27,149.97808837890625
2019-12-30,148.68548583984375
2019-12-31,148.789306640625
2020-01-02,151.54429626464844
2020-01-03,149.65728759765625
2020-01-06,150.04408264160156
2020-01-07,148.67604064941406
2020-01-08,151.04417419433594
2020-01-09,152.93121337890625
2020-01-10,152.2235565185547
2020-01-13,154.0540008544922
2020-01-14,152.96893310546875
2020-01-15,153.9596405029297
2020-01-16,156.7806854248047
2020-01-17,157.65814208984375
2020-01-21,157.0919952392578
2020-01-22,156.3372344970703
2020-01-23,157.29962158203125
2020-01-24,155.71446228027344
2020-01-27,153.11050415039062
2020-01-28,156.11080932617188
2020-01-29,158.5449676513672
2020-01-30,163.0171356201172
2020-01-31,160.61122131347656
2020-02-03,164.5267791748047
2020-02-04,169.94244384765625
2020-02-05,169.73484802246094
2020-02-06,173.25408935546875
2020-02-07,173.49945068359375
2020-02-10,178.03759765625
2020-02-11,174.01834106445312
2020-02-12,174.2730712890625
2020-02-13,173.3295440673828
2020-02-14,174.87692260742188
2020-02-18,176.6506805419922
2020-02-19,177.1804962158203
2020-02-20,174.47471618652344
2020-02-21,168.95909118652344
2020-02-24,161.6743927001953
2020-02-25,159.00643920898438
2020-02-26,160.9931640625
2020-02-27,149.6497802734375
2020-02-28,153.27320861816406
2020-03-02,163.47189331054688
2020-03-03,155.638427734375
2020-03-04,161.35272216796875
2020-03-05,157.3035125732422
2020-03-06,152.85699462890625
2020-03-09,142.49746704101562
2020-03-10,152.24197387695312
2020-03-11,145.34512329101562
2020-03-12,131.5608367919922
2020-03-13,150.2647247314453
2020-03-16,128.11712646484375
2020-03-17,138.6658935546875
2020-03-18,132.82861328125
2020-03-19,135.01402282714844
2020-03-20,129.9430694580078
2020-03-23,128.64695739746094
2020-03-24,140.34043884277344
2020-03-25,138.99697875976562
2020-03-26,147.69142150878906
2020-03-27,141.62709045410156
2020-03-30,151.58920288085938
2020-03-31,149.20510864257812
2020-04-01,143.90713500976562
2020-04-02,146.8872528076172
2020-04-03,145.53433227539062
2020-04-06,156.35743713378906
2020-04-07,154.6734161376953
2020-04-08,156.22496032714844
2020-04-09,156.23443603515625
2020-04-13,156.58447265625
2020-04-14,164.3328094482422
2020-04-15,162.6110076904297
2020-04-16,167.49267578125
2020-04-17,168.96856689453125
2020-04-20,165.61949157714844
2020-04-21,158.76992797851562
2020-04-22,164.16253662109375
2020-04-23,162.17578125
2020-04-24,165.13699340820312
2020-04-27,164.66395568847656
2020-04-28,160.652587890625
2020-04-29,167.86166381835938
2020-04-30,169.5457000732422
2020-05-01,165.1558837890625
2020-05-04,169.1956329345703
2020-05-05,171.01206970214844
2020-05-06,172.69613647460938
2020-05-07,173.69895935058594
2020-05-08,174.7206573486328
2020-05-11,176.66958618164062
2020-05-12,172.66769409179688
2020-05-13,170.0565643310547
2020-05-14,170.79449462890625
2020-05-15,173.28268432617188
2020-05-18,174.93829345703125
2020-05-19,173.72732543945312
2020-05-20,176.1370391845703
2020-05-21,174.02142333984375
2020-05-22,174.09730529785156
2020-05-26,172.2567901611328
2020-05-27,172.48451232910156
2020-05-28,172.09555053710938
2020-05-29,173.8506622314453
2020-06-01,173.4522247314453
2020-06-02,175.425537109375
2020-06-03,175.85244750976562
2020-06-04,173.53756713867188
2020-06-05,177.59803771972656
2020-06-08,178.69857788085938
2020-06-09,180.06471252441406
2020-06-10,186.7435760498047
2020-06-11,176.7157745361328
2020-06-12,178.1103515625
2020-06-15,179.2488250732422
2020-06-16,183.64129638671875
2020-06-17,184.2769317626953
2020-06-18,186.25027465820312
2020-06-19,185.14027404785156
2020-06-22,190.2823028564453
2020-06-23,191.5535430908203
2020-06-24,187.69227600097656
2020-06-25,190.06410217285156
2020-06-26,186.259765625
2020-06-29,188.2615203857422
2020-06-30,193.07150268554688
2020-07-01,194.200439453125
2020-07-02,195.680419921875
2020-07-06,199.89268493652344
2020-07-07,197.5683135986328
2020-07-08,201.9134063720703
2020-07-09,203.32701110839844
2020-07-10,202.71034240722656
2020-07-13,196.44886779785156
2020-07-14,197.66323852539062
2020-07-15,197.36912536621094
2020-07-16,193.46043395996094
2020-07-17,192.47381591796875
2020-07-20,200.7465057373047
2020-07-21,198.04269409179688
2020-07-22,200.88877868652344
2020-07-23,192.1512451171875
2020-07-24,190.97483825683594
2020-07-27,193.39405822753906
2020-07-28,191.65789794921875
2020-07-29,193.59327697753906
2020-07-30,193.4414825439453
2020-07-31,194.49456787109375
2020-08-03,205.43309020996094
2020-08-04,202.3498077392578
2020-08-05,202.01776123046875
2020-08-06,205.25291442871094
2020-08-07,201.58139038085938
2020-08-10,197.5683135986328
2020-08-11,192.94815063476562
2020-08-12,198.4601287841797
2020-08-13,197.99520874023438
2020-08-14,198.18496704101562
2020-08-17,199.4942169189453
2020-08-18,200.6421356201172
2020-08-19,199.42489624023438
2020-08-20,204.06573486328125
2020-08-21,202.58218383789062
2020-08-24,203.2193603515625
2020-08-25,205.86314392089844
2020-08-26,210.3138427734375
2020-08-27,215.47779846191406
2020-08-28,217.693603515625
2020-08-31,214.47923278808594
2020-09-01,216.1339569091797
2020-09-02,220.29937744140625
2020-09-03,206.6524658203125
2020-09-04,203.7519073486328
2020-09-08,192.72982788085938
2020-09-09,200.93698120117188
2020-09-10,195.3070526123047
2020-09-11,194.03274536132812
2020-09-14,195.3450927734375
2020-09-15,198.5499725341797
2020-09-16,195.00271606445312
2020-09-17,192.96759033203125
2020-09-18,190.57107543945312
2020-09-21,192.61570739746094
2020-09-22,197.25657653808594
2020-09-23,190.7613067626953
2020-09-24,193.23388671875
2020-09-25,197.6370086669922
2020-09-28,199.17764282226562
2020-09-29,197.10443115234375
2020-09-30,200.0240478515625
2020-10-01,202.04962158203125
2020-10-02,196.0868682861328
2020-10-05,200.07159423828125
2020-10-06,195.82058715820312
2020-10-07,199.54852294921875
2020-10-08,200.2617645263672
2020-10-09,205.23550415039062
2020-10-12,210.55162048339844
2020-10-13,211.94009399414062
2020-10-14,210.0380096435547
2020-10-15,208.89686584472656
2020-10-16,208.89686584472656
2020-10-19,203.72344970703125
2020-10-20,204.13232421875
2020-10-21,204.27500915527344
2020-10-22,204.36056518554688
2020-10-23,205.6348876953125
2020-10-26,199.78628540039062
2020-10-27,202.80091857910156
2020-10-28,192.74887084960938
2020-10-29,194.68890380859375
2020-10-30,192.5491485595703
2020-11-02,192.41600036621094
2020-11-03,196.31507873535156
2020-11-04,205.787109375
2020-11-05,212.34896850585938
2020-11-06,212.75790405273438
2020-11-09,207.68911743164062
2020-11-10,200.6707000732422
2020-11-11,205.93923950195312
2020-11-12,204.88365173339844
2020-11-13,205.90118408203125
2020-11-16,206.58590698242188
2020-11-17,203.95166015625
2020-11-18,201.2628173828125
2020-11-19,202.5404510498047
2020-11-20,200.60487365722656
2020-11-23,200.3379364013672
2020-11-24,203.9134979248047
2020-11-25,203.9230194091797
2020-11-27,205.21978759765625
2020-11-30,204.11378479003906
2020-12-01,206.15423583984375
2020-12-02,205.35325622558594
2020-12-03,204.27586364746094
2020-12-04,204.39024353027344
2020-12-07,204.32347106933594
2020-12-08,205.96348571777344
2020-12-09,201.94931030273438
2020-12-10,200.72886657714844
2020-12-11,203.34141540527344
2020-12-14,204.23768615722656
2020-12-15,204.17098999023438
2020-12-16,209.0814666748047
2020-12-17,209.21490478515625
2020-12-18,208.4235076904297
2020-12-21,212.23748779296875
2020-12-22,213.52467346191406
2020-12-23,210.74049377441406
2020-12-24,212.3900146484375
2020-12-28,214.49725341796875
2020-12-29,213.72491455078125
2020-12-30,211.36978149414062
2020-12-31,212.0753631591797
2021-01-04,207.56536865234375
2021-01-05,207.76559448242188
2021-01-06,202.37841796875
2021-01-07,208.137451171875
2021-01-08,209.40560913085938
2021-01-11,207.3746795654297
2021-01-12,204.93370056152344
2021-01-13,206.27816772460938
2021-01-14,203.11256408691406
2021-01-15,202.75978088378906
2021-01-19,206.37355041503906
2021-01-20,213.90606689453125
2021-01-21,214.5067901611328
2021-01-22,215.44122314453125
2021-01-25,218.8546905517578
2021-01-26,221.5244903564453
2021-01-27,222.0679473876953
2021-01-28,227.81753540039062
2021-01-29,221.17173767089844
2021-02-01,228.50401306152344
2021-02-02,228.37057495117188
2021-02-03,231.69825744628906
2021-02-04,230.7542724609375
2021-02-05,230.93540954589844
2021-02-08,231.19290161132812
2021-02-09,232.432373046875
2021-02-10,231.52659606933594
2021-02-11,233.11895751953125
2021-02-12,233.5956573486328
2021-02-16,232.3656768798828
2021-02-17,233.37869262695312
2021-02-18,232.98683166503906
2021-02-19,230.29180908203125
2021-02-22,224.1180877685547
2021-02-23,222.9330291748047
2021-02-24,224.15631103515625
2021-02-25,218.84271240234375
2021-02-26,222.0824737548828
2021-03-01,226.4404296875
2021-03-02,223.5064697265625
2021-03-03,217.47605895996094
2021-03-04,216.6828155517578
2021-03-05,221.33706665039062
2021-03-08,217.31362915039062
2021-03-09,223.42042541503906
2021-03-10,222.12066650390625
2021-03-11,226.6219940185547
2021-03-12,225.30316162109375
2021-03-15,224.40475463867188
2021-03-16,227.17628479003906
2021-03-17,226.53594970703125
2021-03-18,220.49600219726562
2021-03-19,220.14244079589844
2021-03-22,225.53250122070312
2021-03-23,227.05206298828125
2021-03-24,225.02601623535156
2021-03-25,222.0442657470703
2021-03-26,226.00083923339844
2021-03-29,224.81570434570312
2021-03-30,221.57598876953125
2021-03-31,225.322265625
2021-04-01,231.6106719970703
2021-04-05,238.0329132080078
2021-04-06,236.8765106201172
2021-04-07,238.82608032226562
2021-04-08,242.02767944335938
2021-04-09,244.51242065429688
2021-04-12,244.5697784423828
2021-04-13,247.0354461669922
2021-04-14,244.26397705078125
2021-04-15,248.000732421875
2021-04-16,249.18569946289062
2021-04-19,247.27442932128906
2021-04-20,246.815673828125
2021-04-21,249.0328369140625
2021-04-22,245.77395629882812
2021-04-23,249.5775909423828
2021-04-26,249.95985412597656
2021-04-27,250.36123657226562
2021-04-28,243.2796173095703
2021-04-29,241.32046508789062
2021-04-30,241.0050506591797
2021-05-03,240.6992645263672
2021-05-04,236.80958557128906
2021-05-05,235.548095703125
2021-05-06,238.66363525390625
2021-05-07,241.2726593017578
2021-05-10,236.2266387939453
2021-05-11,235.3187255859375
2021-05-12,228.40908813476562
2021-05-13,232.2605438232422
2021-05-14,237.15367126464844
2021-05-17,234.31524658203125
2021-05-18,232.30833435058594
2021-05-19,232.88304138183594
2021-05-20,236.10154724121094
2021-05-21,234.8467559814453
2021-05-24,240.2205352783203
2021-05-25,241.12094116210938
2021-05-26,240.90061950683594
2021-05-27,238.81240844726562
2021-05-28,239.16683959960938
2021-06-01,236.9828338623047
2021-06-02,236.88705444335938
2021-06-03,235.36399841308594
2021-06-04,240.23011779785156
2021-06-07,243.12295532226562
2021-06-08,241.93519592285156
2021-06-09,242.9121856689453
2021-06-10,246.40850830078125
2021-06-11,247.03115844726562
2021-06-14,248.94691467285156
2021-06-15,247.48133850097656
2021-06-16,246.5426483154297
2021-06-17,249.9143829345703
2021-06-18,248.50631713867188
2021-06-21,251.57156372070312
2021-06-22,254.3303680419922
2021-06-23,254.10040283203125
2021-06-24,255.46060180664062
2021-06-25,253.8609161376953
2021-06-28,257.4051208496094
2021-06-29,259.9722900390625
2021-06-30,259.4933776855469
2021-07-01,260.1638488769531
2021-07-02,265.9591064453125
2021-07-06,265.96868896484375
2021-07-07,268.1430969238281
2021-07-08,265.7388610839844
2021-07-09,266.2369079589844
2021-07-12,265.6429748535156
2021-07-13,269.14892578125
2021-07-14,270.614501953125
2021-07-15,269.19683837890625
2021-07-16,268.9285888671875
2021-07-19,265.3460693359375
2021-07-20,267.5587463378906
2021-07-21,269.55126953125
2021-07-22,274.0916748046875
2021-07-23,277.4730224609375
2021-07-26,276.8790283203125
2021-07-27,274.474853515625
2021-07-28,274.1682434082031
2021-07-29,274.4364929199219
2021-07-30,272.9134826660156
2021-08-02,272.8272705078125
2021-08-03,275.0303649902344
2021-08-04,274.446044921875
2021-08-05,277.3293151855469
2021-08-06,277.27178955078125
2021-08-09,276.1894226074219
2021-08-10,274.3789978027344
2021-08-11,274.8676452636719
2021-08-12,277.6070861816406
2021-08-13,280.5191345214844
2021-08-16,282.1954040527344
2021-08-17,280.7393798828125
2021-08-18,279.021484375
2021-08-19,284.8182067871094
2021-08-20,292.1025085449219
2021-08-23,292.3808898925781
2021-08-24,290.43267822265625
2021-08-25,289.8472900390625
2021-08-26,287.04486083984375
2021-08-27,287.6495056152344
2021-08-30,291.36358642578125
2021-08-31,289.7225341796875
2021-09-01,289.6744689941406
2021-09-02,289.02191162109375
2021-09-03,289.0123291015625
2021-09-07,288.0909729003906
2021-09-08,288.11968994140625
2021-09-09,285.27899169921875
2021-09-10,283.8008728027344
2021-09-13,285.0294189453125
2021-09-14,287.7167053222656
2021-09-15,292.54400634765625
2021-09-16,292.927978515625
2021-09-17,287.7934875488281
2021-09-20,282.44775390625
2021-09-21,282.92755126953125
2021-09-22,286.5553894042969
2021-09-23,287.4959411621094
2021-09-24,287.2943115234375
2021-09-27,282.322998046875
2021-09-28,272.1018371582031
2021-09-29,272.5625915527344
2021-09-30,270.5663146972656
2021-10-01,277.4571838378906
2021-10-04,271.7083740234375
2021-10-05,277.130859375
2021-10-06,281.3056945800781
2021-10-07,282.9756164550781
2021-10-08,282.9756164550781
2021-10-11,282.3805847167969
2021-10-12,281.0849304199219
2021-10-13,284.3768005371094
2021-10-14,290.55743408203125
2021-10-15,291.95855712890625
2021-10-18,294.9145812988281
2021-10-19,295.8167724609375
2021-10-20,295.0296630859375
2021-10-21,298.24481201171875
2021-10-22,296.70928955078125
2021-10-25,295.72076416015625
2021-10-26,297.6210021972656
2021-10-27,310.1551513671875
2021-10-28,311.2875671386719
2021-10-29,318.26470947265625
2021-11-01,316.1053771972656
2021-11-02,319.7138977050781
2021-11-03,320.54901123046875
2021-11-04,322.8906555175781
2021-11-05,322.5260009765625
2021-11-08,323.41845703125
2021-11-09,322.4203796386719
2021-11-10,317.47772216796875
2021-11-11,319.0420837402344
2021-11-12,323.1592712402344
2021-11-15,322.53558349609375
2021-11-16,325.8370361328125
2021-11-17,326.0581970214844
2021-11-18,328.1253662109375
2021-11-19,329.8945007324219
2021-11-22,326.7408142089844
2021-11-23,324.67364501953125
2021-11-24,324.8947448730469
2021-11-26,316.981689453125
2021-11-29,323.6640625
2021-11-30,317.8567199707031
2021-12-01,317.3663024902344
2021-12-02,316.79901123046875
2021-12-03,310.5686340332031
2021-12-06,313.6261291503906
2021-12-07,322.0199279785156
2021-12-08,322.06805419921875
2021-12-09,320.27001953125
2021-12-10,329.346435546875
2021-12-13,326.32733154296875
2021-12-14,315.6933898925781
2021-12-15,321.76031494140625
2021-12-16,312.3858947753906
2021-12-17,311.328125
2021-12-20,307.58807373046875
2021-12-21,314.6838073730469
2021-12-22,320.3662414550781
2021-12-23,321.7987976074219
2021-12-27,329.2599182128906
2021-12-28,328.1061096191406
2021-12-29,328.77923583984375
2021-12-30,326.2504577636719
2021-12-31,323.3660583496094
2022-01-03,321.8564453125
2022-01-04,316.3375244140625
2022-01-05,304.1940002441406
2022-01-06,301.79034423828125
2022-01-07,301.9441223144531
2022-01-10,302.1653137207031
2022-01-11,302.84796142578125
2022-01-12,306.01123046875
2022-01-13,293.0600280761719
2022-01-14,298.2521057128906
2022-01-18,290.9928894042969
2022-01-19,291.6466064453125
2022-01-20,289.98333740234375
2022-01-21,284.6278991699219
2022-01-24,284.9546813964844
2022-01-25,277.3782958984375
2022-01-26,285.28167724609375
2022-01-27,288.2910461425781
2022-01-28,296.38677978515625
2022-01-31,299.0019226074219
2022-02-01,296.8675231933594
2022-02-02,301.38653564453125
2022-02-03,289.6468200683594
2022-02-04,294.1561279296875
2022-02-07,289.3583984375
2022-02-08,292.8292541503906
2022-02-09,299.2231750488281
2022-02-10,290.73321533203125
2022-02-11,283.6759948730469
2022-02-14,283.6375427246094
2022-02-15,288.8968811035156
2022-02-16,288.5595397949219
2022-02-17,280.1099853515625
2022-02-18,277.41229248046875
2022-02-22,277.2099304199219
2022-02-23,270.03204345703125
2022-02-24,283.8289489746094
2022-02-25,286.4495849609375
2022-02-28,287.87554931640625
2022-03-01,284.17584228515625
2022-03-02,289.22442626953125
2022-03-03,285.1104431152344
2022-03-04,279.271728515625
2022-03-07,268.7217712402344
2022-03-08,265.7735595703125
2022-03-09,277.9614562988281
2022-03-10,275.1577453613281
2022-03-11,269.83941650390625
2022-03-14,266.3419494628906
2022-03-15,276.66070556640625
2022-03-16,283.63629150390625
2022-03-17,284.43603515625
2022-03-18,289.4556579589844
2022-03-21,288.2320861816406
2022-03-22,292.95306396484375
2022-03-23,288.54998779296875
2022-03-24,292.99151611328125
2022-03-25,292.5869445800781
2022-03-28,299.3504943847656
2022-03-29,303.8884582519531
2022-03-30,302.3949890136719
2022-03-31,297.0478210449219
2022-04-01,298.1172180175781
2022-04-04,303.4645080566406
2022-04-05,299.52386474609375
2022-04-06,288.5595397949219
2022-04-07,290.3612976074219
2022-04-08,286.1220397949219
2022-04-11,274.83984375
2022-04-12,271.7566833496094
2022-04-13,277.1135559082031
2022-04-14,269.60809326171875
2022-04-18,270.27294921875
2022-04-19,274.8783264160156
2022-04-20,275.8996276855469
2022-04-21,270.5523681640625
2022-04-22,264.0200500488281
2022-04-25,270.4656982421875
2022-04-26,260.34918212890625
2022-04-27,272.87432861328125
2022-04-28,279.0502014160156
2022-04-29,267.3825378417969
2022-05-02,274.07861328125
2022-05-03,271.4869079589844
2022-05-04,279.38739013671875
2022-05-05,267.2187805175781
2022-05-06,264.6944885253906
2022-05-09,254.9152374267578
2022-05-10,259.6554260253906
2022-05-11,251.03240966796875
2022-05-12,246.02236938476562
2022-05-13,251.5815887451172
2022-05-16,251.9477081298828
2022-05-17,257.0733947753906
2022-05-18,245.36892700195312
2022-05-19,244.46115112304688
2022-05-20,243.90101623535156
2022-05-23,251.7136688232422
2022-05-24,250.71896362304688
2022-05-25,253.51953125
2022-05-26,256.7837219238281
2022-05-27,263.87200927734375
2022-05-31,262.54901123046875
2022-06-01,263.0801086425781
2022-06-02,265.1660461425781
2022-06-03,260.762451171875
2022-06-06,259.5359802246094
2022-06-07,263.1573486328125
2022-06-08,261.1390380859375
2022-06-09,255.71168518066406
2022-06-10,244.31626892089844
2022-06-13,233.95416259765625
2022-06-14,236.10769653320312
2022-06-15,243.12844848632812
2022-06-16,236.57130432128906
2022-06-17,239.1593475341797
2022-06-21,245.04058837890625
2022-06-22,244.45147705078125
2022-06-23,249.98501586914062
2022-06-24,258.52191162109375
2022-06-27,255.808349609375
2022-06-28,247.6866455078125
2022-06-29,251.33706665039062
2022-06-30,248.02462768554688
2022-07-01,250.68035888671875
2022-07-05,253.8382110595703
2022-07-06,257.0830383300781
2022-07-07,259.19793701171875
2022-07-08,258.4833068847656
2022-07-11,255.44131469726562
2022-07-12,244.97299194335938
2022-07-13,244.0555419921875
2022-07-14,245.36892700195312
2022-07-15,247.9184112548828
2022-07-18,245.53309631347656
2022-07-19,250.632080078125
2022-07-20,253.2781219482422
2022-07-21,255.76004028320312
2022-07-22,251.43365478515625
2022-07-25,249.9560546875
2022-07-26,243.26364135742188
2022-07-27,259.5262756347656
2022-07-28,266.9333190917969
2022-07-29,271.1148376464844
2022-08-01,268.478515625
2022-08-02,265.3979187011719
2022-08-03,272.78564453125
2022-08-04,273.9250793457031
2022-08-05,273.2105407714844
2022-08-08,270.7093200683594
2022-08-09,272.62139892578125
2022-08-10,279.2462463378906
2022-08-11,277.1795654296875
2022-08-12,281.9019470214844
2022-08-15,283.4084167480469
2022-08-16,282.67449951171875
2022-08-17,281.9293212890625
2022-08-18,280.81640625
2022-08-19,276.926025390625
2022-08-22,268.7967224121094
2022-08-23,267.5289611816406
2022-08-24,266.89990234375
2022-08-25,269.8612976074219
2022-08-26,259.4481506347656
2022-08-29,256.68035888671875
2022-08-30,254.49319458007812
2022-08-31,253.0415496826172
2022-09-01,252.0060272216797
2022-09-02,247.805908203125
2022-09-06,245.08651733398438
2022-09-07,249.7704620361328
2022-09-08,250.1865997314453
2022-09-09,255.9351348876953
2022-09-12,258.05450439453125
2022-09-13,243.86712646484375
2022-09-14,244.08969116210938
2022-09-15,237.47018432617188
2022-09-16,236.85079956054688
2022-09-19,236.637939453125
2022-09-20,234.6346435546875
2022-09-21,231.24742126464844
2022-09-22,233.2120361328125
2022-09-23,230.25064086914062
2022-09-26,229.79580688476562
2022-09-27,228.78932189941406
2022-09-28,233.29908752441406
2022-09-29,229.8441619873047
2022-09-30,225.3924560546875
2022-10-03,232.979736328125
2022-10-04,240.85733032226562
2022-10-05,241.1670684814453
2022-10-06,238.834716796875
2022-10-07,226.6892852783203
2022-10-10,221.86013793945312
2022-10-11,218.14390563964844
2022-10-12,218.4729461669922
2022-10-13,226.6892852783203
2022-10-14,221.19236755371094
2022-10-17,229.8732452392578
2022-10-18,230.81195068359375
2022-10-19,228.8570556640625
2022-10-20,228.53770446777344
2022-10-21,234.31527709960938
2022-10-24,239.27989196777344
2022-10-25,242.57998657226562
2022-10-26,223.8634033203125
2022-10-27,219.4407196044922
2022-10-28,228.26673889160156
2022-10-31,224.64727783203125
2022-11-01,220.81495666503906
2022-11-02,213.00509643554688
2022-11-03,207.3436737060547
2022-11-04,214.25347900390625
2022-11-07,220.52462768554688
2022-11-08,221.49237060546875
2022-11-09,217.27293395996094
2022-11-10,235.14755249023438
2022-11-11,239.1444091796875
2022-11-14,233.7636260986328
2022-11-15,234.1701202392578
2022-11-16,234.59710693359375
2022-11-17,234.548583984375
2022-11-18,234.1021728515625
2022-11-21,234.90765380859375
2022-11-22,237.79974365234375
2022-11-23,240.2744903564453
2022-11-25,240.18716430664062
2022-11-28,234.62619018554688
2022-11-29,233.23841857910156
2022-11-30,247.61141967773438
2022-12-01,247.17469787597656
2022-12-02,247.4949493408203
2022-12-05,242.81715393066406
2022-12-06,237.88706970214844
2022-12-07,237.15921020507812
2022-12-08,240.0997772216797
2022-12-09,238.17825317382812
2022-12-12,245.0590057373047
2022-12-13,249.33889770507812
2022-12-14,249.63003540039062
2022-12-15,241.6623077392578
2022-12-16,237.4697723388672
2022-12-19,233.35487365722656
2022-12-20,234.66505432128906
2022-12-21,237.2174530029297
2022-12-22,231.16160583496094
2022-12-23,231.68563842773438
2022-12-27,229.96786499023438
2022-12-28,227.60955810546875
2022-12-29,233.89833068847656
2022-12-30,232.7434844970703
2023-01-03,232.51052856445312
2023-01-04,222.33981323242188
2023-01-05,215.7501220703125
2023-01-06,218.2928466796875
2023-01-09,220.41822814941406
2023-01-10,222.09719848632812
2023-01-11,228.81298828125
2023-01-12,231.47213745117188
2023-01-13,232.17086791992188
2023-01-17,233.2578125
2023-01-18,228.851806640625
2023-01-19,225.0863037109375
2023-01-20,233.13165283203125
2023-01-23,235.4220428466797
2023-01-24,234.89794921875
2023-01-25,233.51019287109375
2023-01-26,240.68211364746094
2023-01-27,240.83738708496094
2023-01-30,235.54820251464844
2023-01-31,240.49771118164062
2023-02-01,245.2919158935547
2023-02-02,256.7922668457031
2023-02-03,250.72671508789062
2023-02-06,249.1933135986328
2023-02-07,259.6648864746094
2023-02-08,258.85943603515625
2023-02-09,255.8412628173828
2023-02-10,255.33656311035156
2023-02-13,263.3139953613281
2023-02-14,264.1389465332031
2023-02-15,262.02764892578125
2023-02-16,255.0517578125
2023-02-17,251.072509765625
2023-02-21,245.82850646972656
2023-02-22,244.6998748779297
2023-02-23,247.8716278076172
2023-02-24,242.47189331054688
2023-02-27,243.38645935058594
2023-02-28,242.66647338867188
2023-03-01,239.60177612304688
2023-03-02,244.3107452392578
2023-03-03,248.37753295898438
2023-03-06,249.9147491455078
2023-03-07,247.26840209960938
2023-03-08,246.8306427001953
2023-03-09,245.48797607421875
2023-03-10,241.85894775390625
2023-03-13,247.04466247558594
2023-03-14,253.72860717773438
2023-03-15,258.2527160644531
2023-03-16,268.7214050292969
2023-03-17,271.8639221191406
2023-03-20,264.85888671875
2023-03-21,266.366943359375
2023-03-22,264.91729736328125
2023-03-23,270.1418151855469
2023-03-24,272.97308349609375
2023-03-27,268.896484375
2023-03-28,267.77764892578125
2023-03-29,272.9146423339844
2023-03-30,276.3587646484375
2023-03-31,280.4936828613281
2023-04-03,279.4527587890625
2023-04-04,279.404052734375
2023-04-05,276.6409912109375
2023-04-06,283.704345703125
2023-04-10,281.55419921875
2023-04-11,275.1717834472656
2023-04-12,275.8140563964844
2023-04-13,281.9920654296875
2023-04-14,278.39227294921875
2023-04-17,280.98016357421875
2023-04-18,280.5618591308594
2023-04-19,280.63970947265625
2023-04-20,278.3630676269531
2023-04-21,278.0225524902344
2023-04-24,274.14056396484375
2023-04-25,267.96246337890625
2023-04-26,287.3722229003906
2023-04-27,296.576171875
2023-04-28,298.9403991699219
2023-05-01,297.2863464355469
2023-05-02,297.1405029296875
2023-05-03,296.1578369140625
2023-05-04,297.1405029296875
2023-05-05,302.23858642578125
2023-05-08,300.292724609375
2023-05-09,298.6873779296875
2023-05-10,303.8536376953125
2023-05-11,301.7131042480469
2023-05-12,300.6040954589844
2023-05-15,301.080810546875
2023-05-16,303.29901123046875
2023-05-17,306.1656799316406
2023-05-18,310.5729064941406
2023-05-19,310.3974609375
2023-05-22,313.1665344238281
2023-05-23,307.3942565917969
2023-05-24,306.0194091796875
2023-05-25,317.78826904296875
2023-05-26,324.58447265625
2023-05-30,322.9462890625
2023-05-31,320.1966552734375
2023-06-01,324.2821350097656
2023-06-02,327.03179931640625
2023-06-05,327.55828857421875
2023-06-06,325.35467529296875
2023-06-07,315.31170654296875
2023-06-08,317.144775390625
2023-06-09,318.6366271972656
2023-06-12,323.5703430175781
2023-06-13,325.94952392578125
2023-06-14,328.9233703613281
2023-06-15,339.4149169921875
2023-06-16,333.78887939453125
2023-06-20,329.6155700683594
2023-06-21,325.2377014160156
2023-06-22,331.2342224121094
2023-06-23,326.6612854003906
2023-06-26,320.4014892578125
2023-06-27,326.22247314453125
2023-06-28,327.4706115722656
2023-06-29,326.6904602050781
2023-06-30,332.0435485839844
2023-07-03,329.55718994140625
2023-07-05,329.7131652832031
2023-07-06,332.7552795410156
2023-07-07,328.80633544921875
2023-07-10,323.55084228515625
2023-07-11,324.17486572265625
2023-07-12,328.7868347167969
2023-07-13,334.1106872558594
2023-07-14,336.62628173828125
2023-07-17,337.1040954589844
2023-07-18,350.5207214355469
2023-07-19,346.2207336425781
2023-07-20,338.2156066894531
2023-07-21,335.1929626464844
2023-07-24,336.49951171875
2023-07-25,342.2230529785156
2023-07-26,329.3426818847656
2023-07-27,322.468505859375
2023-07-28,329.92767333984375
2023-07-31,327.5387878417969
2023-08-01,327.9482727050781
2023-08-02,319.3288879394531
2023-08-03,318.5098876953125
2023-08-04,319.6018981933594
2023-08-07,321.87371826171875
2023-08-08,317.9150695800781
2023-08-09,314.19036865234375
2023-08-10,314.87286376953125
2023-08-11,313.00079345703125
2023-08-14,315.9552001953125
2023-08-15,313.8296203613281
2023-08-16,313.06744384765625
2023-08-17,309.62799072265625
2023-08-18,309.2371520996094
2023-08-21,314.5135498046875
2023-08-22,315.08026123046875
2023-08-23,319.5163879394531
2023-08-24,312.6473083496094
2023-08-25,315.58843994140625
2023-08-28,316.2919006347656
2023-08-29,320.8941650390625
2023-08-30,321.26544189453125
2023-08-31,320.25897216796875
2023-09-01,321.1383972167969
2023-09-05,325.9165344238281
2023-09-06,325.2618713378906
2023-09-07,322.35986328125
2023-09-08,326.6199951171875
2023-09-11,330.2060546875
2023-09-12,324.17718505859375
2023-09-13,328.36907958984375
2023-09-14,330.9486389160156
2023-09-15,322.6627197265625
2023-09-18,321.529296875
2023-09-19,321.1287536621094
2023-09-20,313.4289245605469
2023-09-21,312.2174072265625
2023-09-22,309.7550048828125
2023-09-25,310.27288818359375
2023-09-26,304.9964904785156
2023-09-27,305.6316223144531
2023-09-28,306.46221923828125
2023-09-29,308.5239562988281
2023-10-02,314.43536376953125
2023-10-03,306.2178955078125
2023-10-04,311.6604309082031
2023-10-05,312.0513000488281
2023-10-06,319.7705078125
2023-10-09,322.2718505859375
2023-10-10,320.8746032714844
2023-10-11,324.8123779296875
2023-10-12,323.5811767578125
2023-10-13,320.2297058105469
2023-10-16,325.02734375
2023-10-17,324.46063232421875
2023-10-18,322.55523681640625
2023-10-19,323.737548828125
2023-10-20,319.1939697265625
2023-10-23,321.7833251953125
2023-10-24,322.9656066894531
2023-10-25,332.8735656738281
2023-10-26,320.3861083984375
2023-10-27,322.2621154785156
2023-10-30,329.5904846191406
2023-10-31,330.3721618652344
2023-11-01,338.1499938964844
2023-11-02,340.3484802246094
2023-11-03,344.7259521484375
2023-11-06,348.37060546875
2023-11-07,352.279052734375
2023-11-08,354.8879699707031
2023-11-09,352.4354248046875
2023-11-10,361.20989990234375
2023-11-13,358.288330078125
2023-11-14,361.796142578125
2023-11-15,361.9430236816406
2023-11-16,368.3071594238281
2023-11-17,362.1192321777344
2023-11-20,369.5505676269531
2023-11-21,365.2719421386719
2023-11-22,369.9520568847656
2023-11-24,369.5408020019531
2023-11-27,370.6960754394531
2023-11-28,374.7006530761719
2023-11-29,370.9311218261719
2023-11-30,370.9898986816406
2023-12-01,366.681884765625
2023-12-04,361.4241027832031
2023-12-05,364.73345947265625
2023-12-06,361.0912170410156
2023-12-07,363.1962585449219
2023-12-08,366.4077453613281
2023-12-11,363.5389709472656
2023-12-12,366.5545959472656
2023-12-13,366.54473876953125
2023-12-14,358.28118896484375
2023-12-15,362.9808654785156
2023-12-18,364.8606872558594
2023-12-19,365.4579772949219
2023-12-20,362.8731384277344
2023-12-21,365.73211669921875
2023-12-22,366.7503356933594
2023-12-26,366.8287658691406
2023-12-27,366.2510681152344
2023-12-28,367.4357604980469
2023-12-29,368.1798400878906
2024-01-02,363.11798095703125
2024-01-03,362.8536071777344
2024-01-04,360.2491455078125
2024-01-05,360.0632019042969
2024-01-08,366.85809326171875
2024-01-09,367.9351501464844
2024-01-10,374.7691650390625
2024-01-11,376.59033203125
2024-01-12,380.3500061035156
2024-01-16,382.1124267578125
2024-01-17,381.32916259765625
2024-01-18,385.63720703125
2024-01-19,390.3368225097656
2024-01-22,388.22198486328125
2024-01-23,390.5619812011719
2024-01-24,394.1454772949219
2024-01-25,396.4072265625
2024-01-26,395.4868469238281
2024-01-29,401.1559143066406
2024-01-30,400.04949951171875
2024-01-31,389.2696228027344
2024-02-01,395.3399963378906
2024-02-02,402.62451171875
2024-02-05,397.17095947265625
2024-02-06,397.01422119140625
2024-02-07,405.3953552246094
2024-02-08,405.4541320800781
2024-02-09,411.75946044921875
2024-02-12,406.580078125
2024-02-13,397.8269348144531
2024-02-14,401.672119140625
2024-02-15,398.7980651855469
2024-02-16,396.3457946777344
2024-02-20,395.1000061035156
2024-02-21,394.50164794921875
2024-02-22,403.7908935546875
2024-02-23,402.50592041015625
2024-02-26,399.7593688964844
2024-02-27,399.7005310058594
2024-02-28,399.93585205078125
2024-02-29,405.742919921875
2024-03-01,407.5674133300781
2024-03-04,406.9984436035156
2024-03-05,394.9626770019531
2024-03-06,394.4133605957031
2024-03-07,401.32879638671875
2024-03-08,398.4645690917969
2024-03-11,396.7969970703125
2024-03-12,407.35150146484375
2024-03-13,407.17498779296875
2024-03-14,417.1017761230469
2024-03-15,408.46978759765625
2024-03-18,409.35260009765625
2024-03-19,413.3645324707031
2024-03-20,417.11163330078125
2024-03-21,421.17254638671875
2024-03-22,420.5545959472656
2024-03-25,414.7868347167969
2024-03-26,413.59991455078125
2024-03-27,413.3841552734375
2024-03-28,412.68768310546875
2024-04-01,416.4642028808594
2024-04-02,413.3939514160156
2024-04-03,412.4228820800781
2024-04-04,409.90191650390625
2024-04-05,417.39605712890625
2024-04-08,416.4838562011719
2024-04-09,418.1415710449219
2024-04-10,415.1792297363281
2024-04-11,419.7600402832031
2024-04-12,413.84515380859375
2024-04-15,405.742919921875
2024-04-16,406.6648864746094
2024-04-17,403.9773254394531
2024-04-18,396.5517883300781
2024-04-19,391.5000915527344
2024-04-22,393.304931640625
2024-04-23,399.7887878417969
2024-04-24,401.2503356933594
2024-04-25,391.4216003417969
2024-04-26,398.5626525878906
2024-04-29,394.5703430175781
2024-04-30,381.8970031738281
2024-05-01,387.3999328613281
2024-05-02,390.2445373535156
2024-05-03,398.8960876464844
2024-05-06,405.644775390625
2024-05-07,401.5249938964844
2024-05-08,402.7020263671875
2024-05-09,404.4480895996094
2024-05-10,406.8218688964844
2024-05-13,405.8213195800781
2024-05-14,408.60711669921875
2024-05-15,415.75115966796875
2024-05-16,413.6973876953125
2024-05-17,412.930908203125
2024-05-20,417.9720153808594
2024-05-21,421.60797119140625
2024-05-22,423.06231689453125
2024-05-23,419.60333251953125
2024-05-24,422.7085266113281
2024-05-28,422.86578369140625
2024-05-29,421.7357177734375
2024-05-30,407.4869079589844
2024-05-31,407.9389343261719
2024-06-03,406.3567199707031
2024-06-04,408.8626708984375
2024-06-05,416.66510009765625
2024-06-06,417.1662292480469
2024-06-07,416.5078430175781
2024-06-10,420.458251953125
2024-06-11,425.1848449707031
2024-06-12,433.4197082519531
2024-06-13,433.93072509765625
2024-06-14,434.9035949707031
2024-06-17,440.60308837890625
2024-06-18,438.6082458496094
2024-06-20,437.9793395996094
2024-06-21,441.9886474609375
2024-06-24,439.9152526855469
2024-06-25,443.1383972167969
2024-06-26,444.3274841308594
2024-06-27,445.0054931640625
2024-06-28,439.2077331542969
2024-07-01,448.81829833984375
2024-07-02,451.3241271972656
2024-07-03,452.7882995605469
2024-07-05,459.460693359375
2024-07-08,458.1636047363281
2024-07-09,451.5796203613281
2024-07-10,458.1733703613281
2024-07-11,446.8235168457031
2024-07-12,445.69342041015625
2024-07-15,446.0962829589844
2024-07-16,441.7331848144531
2024-07-17,435.8370666503906
2024-07-18,432.7416687011719
2024-07-19,429.5381774902344
2024-07-22,435.26715087890625
2024-07-23,437.1440734863281
2024-07-24,421.4703369140625
2024-07-25,411.15228271484375
2024-07-26,417.90325927734375
2024-07-29,419.3379821777344
2024-07-30,415.593994140625
2024-07-31,411.1031799316406
2024-08-01,409.8845520019531
2024-08-02,401.4139099121094
2024-08-05,388.3050231933594
2024-08-06,392.687744140625
2024-08-07,391.52813720703125
2024-08-08,395.71441650390625
2024-08-09,398.9866943359375
2024-08-12,399.7630615234375
2024-08-13,406.8383483886719
2024-08-14,409.63897705078125
2024-08-15,414.482421875
2024-08-16,411.9622497558594
2024-08-19,414.9746398925781
2024-08-20,418.1938171386719
2024-08-21,417.5440673828125
2024-08-22,409.08758544921875
2024-08-23,410.30841064453125
2024-08-26,407.0596923828125
2024-08-27,407.40423583984375
2024-08-28,404.2146301269531
2024-08-29,406.6954650878906
2024-08-30,410.6529541015625
2024-09-03,403.0726623535156
2024-09-04,402.5410461425781
2024-09-05,402.03900146484375
2024-09-06,395.4530944824219
2024-09-09,399.4105224609375
2024-09-10,407.7586364746094
2024-09-11,416.46112060546875
2024-09-12,420.359619140625
2024-09-13,423.8937683105469
2024-09-16,424.6321105957031
2024-09-17,428.3828430175781
2024-09-18,424.1103515625
2024-09-19,431.86773681640625
2024-09-20,428.5009460449219
2024-09-23,426.76837158203125
2024-09-24,422.495849609375
2024-09-25,425.3901062011719
2024-09-26,424.60260009765625
2024-09-27,421.3637390136719
2024-09-30,423.6082763671875
2024-10-01,414.1476745605469
2024-10-02,410.64312744140625
2024-10-03,410.062255859375
2024-10-04,409.5896911621094
2024-10-07,403.1711730957031
2024-10-08,408.26068115234375
2024-10-09,410.96795654296875
2024-10-10,409.3731384277344
2024-10-11,409.8457336425781
2024-10-14,412.6218566894531
2024-10-15,412.22802734375
2024-10-16,409.6488037109375
2024-10-17,410.23944091796875
2024-10-18,411.65704345703125
2024-10-21,412.2674255371094
2024-10-22,420.8616638183594
2024-10-23,417.9969177246094
2024-10-24,418.1249084472656
2024-10-25,421.49169921875
2024-10-28,419.9559631347656
2024-10-29,425.232666015625
2024-10-30,425.8035888671875
2024-10-31,400.0307312011719
2024-11-01,403.9881896972656
2024-11-04,402.1078796386719
2024-11-05,405.0612487792969
2024-11-06,413.6456604003906
2024-11-07,418.8139953613281
2024-11-08,415.9689636230469
2024-11-11,411.5093994140625
2024-11-12,416.4513244628906
2024-11-13,418.5876770019531
2024-11-14,420.2513122558594
2024-11-15,408.5462341308594
2024-11-18,409.2944030761719
2024-11-19,411.2928466796875
2024-11-20,409.0285949707031
2024-11-21,407.2629089355469
2024-11-22,411.3367614746094
2024-11-25,413.1025390625
2024-11-26,422.1775817871094
2024-11-27,417.2454833984375
2024-11-29,417.70904541015625
2024-12-02,425.126953125
2024-12-03,425.343994140625
2024-12-04,431.4794921875
2024-12-05,436.60882568359375
2024-12-06,437.54595947265625
2024-12-09,439.9626770019531
2024-12-10,437.3091735839844
2024-12-11,442.892333984375
2024-12-12,443.4545593261719
2024-12-13,441.1956787109375
2024-12-16,445.4570007324219
2024-12-17,448.2880859375
2024-12-18,431.4499206542969
2024-12-19,431.0948181152344
2024-12-20,430.670654296875
2024-12-23,429.3389587402344
2024-12-24,433.3634948730469
2024-12-26,432.16009521484375
2024-12-27,424.68304443359375
2024-12-30,419.0604553222656
2024-12-31,415.77569580078125
2025-01-02,412.8953857421875
2025-01-03,417.6005859375
2025-01-06,422.0394592285156
2025-01-07,416.63385009765625
2025-01-08,418.7941589355469
2025-01-10,413.26031494140625
2025-01-13,411.5242614746094
2025-01-14,410.02490234375
2025-01-15,420.5203857421875
2025-01-16,418.8138122558594
2025-01-17,423.2034606933594
2025-01-21,422.6806335449219
2025-01-22,440.1402893066406
2025-01-23,440.6433410644531
2025-01-24,438.0293273925781
2025-01-27,428.6583251953125
2025-01-28,441.1266784667969
2025-01-29,436.32281494140625
2025-01-30,409.3540954589844
2025-01-31,409.4231872558594
2025-02-03,405.3393859863281
2025-02-04,406.7696533203125
2025-02-05,407.6772155761719
2025-02-06,410.1728210449219
2025-02-07,404.1852722167969
2025-02-10,406.6217346191406
2025-02-11,405.852294921875
2025-02-12,403.4848937988281
2025-02-13,404.9645080566406
2025-02-14,402.8831481933594
2025-02-18,404.07672119140625
2025-02-19,409.1371154785156
2025-02-20,411.3016662597656
2025-02-21,403.4736022949219
2025-02-24,399.31243896484375
2025-02-25,393.2832336425781
2025-02-26,395.09197998046875
2025-02-27,387.97552490234375
2025-02-28,392.3837585449219
2025-03-03,383.98236083984375
2025-03-04,384.1009521484375
2025-03-05,396.36700439453125
2025-03-06,392.28497314453125
2025-03-07,388.7464599609375
2025-03-10,375.7490234375
2025-03-11,376.0356750488281
2025-03-12,378.8229675292969
2025-03-13,374.3751220703125
2025-03-14,384.0515441894531
2025-03-17,384.19000244140625
2025-03-18,379.0700378417969
2025-03-19,383.3201599121094
2025-03-20,382.3515625
2025-03-21,386.72027587890625
2025-03-24,388.51910400390625
2025-03-25,390.57501220703125
2025-03-26,385.4452209472656
2025-03-27,386.048095703125
2025-03-28,374.40484619140625
2025-03-31,371.0343933105469
2025-04-01,377.7554931640625
2025-04-02,377.7060546875
2025-04-03,368.78082275390625
2025-04-04,355.664794921875
2025-04-07,353.7077941894531
2025-04-08,350.446044921875
2025-04-09,385.9591369628906
2025-04-10,376.9252014160156
2025-04-11,383.9428405761719
2025-04-14,383.31024169921875
2025-04-15,381.25439453125
2025-04-16,367.2982177734375
2025-04-17,363.5126647949219
2025-04-21,354.9531555175781
2025-04-22,362.5638427734375
2025-04-23,370.0460205078125
2025-04-24,382.8061828613281
2025-04-25,387.3034362792969
2025-04-28,386.6214294433594
2025-04-29,389.46795654296875
2025-04-30,390.673828125
2025-05-01,420.464111328125
2025-05-02,430.2294921875
2025-05-05,431.1091613769531
2025-05-06,428.2823486328125
2025-05-07,428.3218994140625
2025-05-08,433.0859375
2025-05-09,433.63946533203125
2025-05-12,444.04730224609375
2025-05-13,443.9287109375
2025-05-14,447.6846008300781
2025-05-15,448.6946105957031
2025-05-16,449.82342529296875
2025-05-19,454.37841796875
2025-05-20,453.6852722167969
2025-05-21,448.14013671875
2025-05-22,450.40765380859375
2025-05-23,445.7734680175781
2025-05-27,456.1806335449219
2025-05-28,452.8831481933594
2025-05-29,454.1902770996094
2025-05-30,455.8537902832031
2025-06-02,457.44805908203125
2025-06-03,458.43829345703125
2025-06-04,459.3294677734375
2025-06-05,463.1021728515625
2025-06-06,465.7757568359375
2025-06-09,468.12255859375
2025-06-10,466.3104553222656
2025-06-11,467.99383544921875
2025-06-12,474.1826477050781
2025-06-13,470.3109130859375
2025-06-16,474.4499816894531
2025-06-17,473.3607482910156
2025-06-18,475.5392761230469
2025-06-20,472.7270202636719
2025-06-23,481.24285888671875
2025-06-24,485.3125915527344
2025-06-25,487.45147705078125
2025-06-26,492.5808410644531
2025-06-27,491.0855407714844
2025-06-30,492.5411682128906
2025-07-01,487.233642578125
2025-07-02,486.28302001953125
2025-07-03,493.9571533203125
2025-07-07,492.84814453125
2025-07-08,491.7589111328125
2025-07-09,498.58148193359375
2025-07-10,496.5713806152344
2025-07-11,498.39337158203125
2025-07-14,498.09625244140625
2025-07-15,500.8688659667969
2025-07-16,500.6708068847656
2025-07-17,506.6913146972656
2025-07-18,505.05743408203125
2025-07-21,505.0673828125
2025-07-22,500.32421875
2025-07-23,500.9183654785156
2025-07-24,505.87933349609375
2025-07-25,508.681640625
2025-07-28,507.48345947265625
2025-07-29,507.5527648925781
2025-07-30,508.21624755859375
2025-07-31,528.2778930664062
2025-08-01,518.9797973632812
2025-08-04,530.39697265625
2025-08-05,522.5841674804688
2025-08-06,519.8016967773438
2025-08-07,515.7418212890625
2025-08-08,516.9299926757812
2025-08-11,516.6627197265625
2025-08-12,524.0595703125
2025-08-13,515.4844360351562
2025-08-14,517.3657836914062
2025-08-15,515.0783081054688
2025-08-18,512.0385131835938
2025-08-19,504.7801513671875
2025-08-20,500.7698669433594
2025-08-21,500.1251220703125
2025-08-22,503.09075927734375
2025-08-25,500.14495849609375
2025-08-26,497.94305419921875
2025-08-27,502.604736328125
2025-08-28,505.4810485839844
2025-08-29,502.5551452636719
2025-09-02,500.9979248046875
2025-09-03,501.2260437011719
2025-09-04,503.82470703125
2025-09-05,490.9605712890625
2025-09-08,494.13446044921875
2025-09-09,494.34271240234375
2025-09-10,496.2867126464844
2025-09-11,496.9214782714844
2025-09-12,505.7389221191406
2025-09-15,511.1543884277344
2025-09-16,504.885986328125
2025-09-17,505.8579406738281
2025-09-18,504.30078125
2025-09-19,513.703369140625
2025-09-22,510.2518615722656
2025-09-23,505.0744323730469
2025-09-24,505.98687744140625
2025-09-25,502.8923645019531
2025-09-26,507.28619384765625
2025-09-29,510.4005432128906
2025-09-30,513.7233276367188
2025-10-01,515.4688720703125
2025-10-02,511.53125
2025-10-03,513.1281127929688
2025-10-06,524.256591796875
2025-10-07,519.7040405273438
2025-10-08,520.5669555664062
2025-10-09,518.1369018554688
2025-10-10,506.7903137207031
2025-10-13,509.8551025390625
2025-10-14,509.3789978027344
2025-10-15,509.24017333984375
2025-10-16,507.4349670410156
2025-10-17,509.388916015625
2025-10-20,512.5726928710938
2025-10-21,513.4356079101562
2025-10-22,516.2920532226562
2025-10-23,516.3119506835938
2025-10-24,519.3370971679688
2025-10-27,527.1825561523438
2025-10-28,537.6463623046875
2025-10-29,537.130615234375
2025-10-30,521.4695434570312
2025-10-31,513.5844116210938
2025-11-03,512.810791015625
2025-11-04,510.1327819824219
2025-11-05,503.02130126953125
2025-11-06,493.04339599609375
2025-11-07,492.76568603515625
2025-11-10,501.8708190917969
2025-11-11,504.5289001464844
2025-11-12,506.96881103515625
2025-11-13,499.1828918457031
2025-11-14,506.0166320800781
2025-11-17,503.3486022949219
2025-11-18,489.7604064941406
2025-11-19,483.1448669433594
2025-11-20,475.4139099121094
2025-11-21,469.1436462402344
2025-11-24,471.0118408203125
2025-11-25,473.9829406738281
2025-11-26,482.4393005371094
2025-11-28,488.9082946777344
2025-12-01,483.6714782714844
2025-12-02,486.91094970703125
2025-12-03,474.7182922363281
2025-12-04,477.8086853027344
2025-12-05,480.11407470703125
2025-12-08,487.9245300292969
2025-12-09,488.9181823730469
2025-12-10,475.5430603027344
2025-12-11,480.422119140625
2025-12-12,475.51324462890625
2025-12-15,471.82666015625
2025-12-16,473.38677978515625
2025-12-17,473.1184387207031
2025-12-18,480.92889404296875
2025-12-19,482.8566589355469
2025-12-22,481.8630065917969
2025-12-23,483.78082275390625
2025-12-24,484.94342041015625
2025-12-26,484.6354064941406
2025-12-29,484.02923583984375
2025-12-30,484.4068603515625
2025-12-31,480.5711669921875
2026-01-02,469.95849609375
2026-01-05,469.86907958984375
2026-01-06,475.493408203125
2026-01-07,480.422119140625
2026-01-08,475.09588623046875
2026-01-09,476.2585144042969
2026-01-12,474.1717529296875
2026-01-13,467.70281982421875
2026-01-14,456.4840087890625
2026-01-15,453.7811584472656
2026-01-16,456.9609680175781
2026-01-20,451.65460205078125
2026-01-21,441.3102111816406
2026-01-22,448.2959289550781
2026-01-23,463.0125732421875
2026-01-26,467.31524658203125
2026-01-27,477.55035400390625
2026-01-28,478.59368896484375
2026-01-29,430.76715087890625
2026-01-30,427.5773620605469
2026-02-02,420.7010192871094
2026-02-03,408.6176452636719
2026-02-04,411.5788879394531
2026-02-05,391.188232421875
2026-02-06,398.61114501953125
2026-02-09,410.9925842285156
2026-02-10,410.6646728515625
2026-02-11,401.82073974609375
2026-02-12,399.30670166015625
2026-02-13,398.7900085449219
2026-02-17,394.3581237792969
2026-02-18,397.0808410644531
2026-02-19,396.8517761230469
2026-02-20,395.6267395019531
2026-02-23,382.918212890625
2026-02-24,387.4299621582031
2026-02-25,398.9831237792969
2026-02-26,400.0986022949219
2026-02-27,391.15484619140625
2026-03-02,396.9413757324219
2026-03-03,402.2996826171875
2026-03-04,403.5645751953125
2026-03-05,409.0224304199219
2026-03-06,407.30938720703125
2026-03-09,407.757568359375
2026-03-10,404.122314453125
2026-03-11,403.245849609375
2026-03-12,400.238037109375
2026-03-13,393.9534912109375
2026-03-16,398.33575439453125
2026-03-17,397.79791259765625
2026-03-18,390.2087097167969
2026-03-19,387.4498596191406
2026-03-20,380.3287353515625
2026-03-23,381.4541931152344
2026-03-24,371.2355651855469
2026-03-25,369.5424499511719
2026-03-26,364.492919921875
2026-03-27,355.33001708984375
2026-03-30,357.51116943359375
2026-03-31,368.67596435546875
2026-04-01,367.8791809082031
2026-04-02,371.9526672363281
2026-04-06,371.375
2026-04-07,370.78741455078125
2026-04-08,372.81915283203125
2026-04-09,371.56427001953125
2026-04-10,369.3731384277344
2026-04-13,382.8186340332031
2026-04-14,391.5233459472656
2026-04-15,409.5602722167969
2026-04-16,418.56378173828125
2026-04-17,421.0835876464844
2026-04-20,416.38262939453125
2026-04-21,422.44805908203125
2026-04-22,431.1726989746094
2026-04-23,414.07196044921875
2026-04-24,422.90618896484375
2026-04-27,423.1053771972656
2026-04-28,427.5174865722656
2026-04-29,422.7467956542969
2026-04-30,406.1341552734375
2026-05-01,412.76727294921875
2026-05-04,411.9505615234375
2026-05-05,409.7196350097656
2026-05-06,412.2891845703125
2026-05-07,419.07171630859375
2026-05-08,413.44451904296875
2026-05-11,410.99444580078125
2026-05-12,406.1241760253906
2026-05-13,403.57452392578125
2026-05-14,407.7774963378906
2026-05-15,420.2170715332031
2026-05-18,421.83056640625
2026-05-19,415.7352600097656
2026-05-20,419.36053466796875
2026-05-21,418.3025207519531
2026-05-22,417.7835388183594
2026-05-26,415.248291015625
2026-05-27,411.8946228027344
2026-05-28,426.18768310546875
2026-05-29,449.3940124511719
2026-06-01,459.6546936035156
2026-06-02,440.48077392578125
2026-06-03,426.53704833984375
2026-06-04,427.2456970214844
2026-06-05,415.8870849609375
2026-06-08,410.9663391113281
2026-06-09,402.6520080566406
2026-06-10,396.61334228515625
2026-06-11,389.6065673828125
2026-06-12,390.00579833984375
2026-06-15,399.0088806152344
2026-06-16,393.0899963378906
2026-06-17,378.1980285644531
2026-06-18,378.6871032714844
2026-06-22,366.6497802734375
2026-06-23,373.23736572265625
2026-06-24,364.7733154296875
2026-06-25,352.1670227050781
2026-06-26,372.2691955566406
2026-06-29,367.8774719238281
2026-06-30,372.319091796875
2026-07-01,383.5579528808594
2026-07-02,389.7562561035156
2026-07-06,386.0133056640625
2026-07-07,388.109375
2026-07-08,382.6197204589844
2026-07-09,383.6377868652344
2026-07-10,384.37640380859375
2026-07-13,390.2553405761719
2026-07-14,384.20672607421875
2026-07-15,394.8866271972656
2026-07-16,400.3463439941406
2026-07-17,393.08001708984375
2026-07-20,401.53411865234375
2026-07-21,397.00262451171875
2026-07-22,389.6065673828125
2026-07-23,380.8630065917969
2026-07-24,380.9828186035156
2026-07-27,388.368896484375
2026-07-28,392.61090087890625
2026-07-29,389.8061828613281
2026-07-30,450.2524108886719
2026-07-31,463.8468017578125
2026-08-03,486.73370361328125
2026-08-04,491.884033203125
2026-08-05,486.5440673828125
2026-08-06,498.9207458496094
2026-08-07,499.0505065917969
2026-08-10,505.109130859375
2026-08-11,502.86334228515625
2026-08-12,491.5047302246094
2026-08-13,495.9463806152344
2026-08-14,494.4691467285156
2026-08-17,479.44744873046875
2026-08-18,480.72503662109375
2026-08-19,483.3999938964844
2026-08-20,481.1499938964844
2026-08-21,483.239990234375
2026-08-24,487.30999755859375
2026-08-25,491.7099914550781
2026-08-26,496.3699951171875
2026-08-27,505.05999755859375
2026-08-28,513.530029296875
2026-08-31,507.2900085449219
2026-09-01,501.0199890136719
2026-09-02,496.82000732421875
2026-09-03,510.1199951171875
2026-09-04,499.70001220703125
2026-09-08,493.95001220703125
2026-09-09,491.6499938964844
2026-09-10,492.44000244140625
2026-09-11,495.6300048828125
