date,value
2010-01-04,0.42281731963157654
2010-01-05,0.42899149656295776
2010-01-06,0.43173569440841675
2010-01-07,0.42327457666397095
2010-01-08,0.42418941855430603
2010-01-11,0.4182438254356384
2010-01-12,0.4040661156177521
2010-01-13,0.40955427289009094
2010-01-14,0.4031514823436737
2010-01-15,0.3912604749202728
2010-01-19,0.3985779881477356
2010-01-20,0.39697733521461487
2010-01-21,0.38988831639289856
2010-01-22,0.3763965964317322
2010-01-25,0.3827994465827942
2010-01-26,0.3706797957420349
2010-01-27,0.3807414174079895
2010-01-28,0.36793577671051025
2010-01-29,0.3519285023212433
2010-02-01,0.3789120018482208
2010-02-02,0.3827994465827942
2010-02-03,0.3860008120536804
2010-02-04,0.36359092593193054
2010-02-05,0.3709084391593933
2010-02-08,0.37022241950035095
2010-02-09,0.3672497570514679
2010-02-10,0.3743384778499603
2010-02-11,0.39148905873298645
2010-02-12,0.39674854278564453
2010-02-16,0.4040661156177521
2010-02-17,0.40795356035232544
2010-02-18,0.3811986744403839
2010-02-19,0.379140704870224
2010-02-22,0.37982669472694397
2010-02-23,0.3706797957420349
2010-02-24,0.37845471501350403
2010-02-25,0.37502455711364746
2010-02-26,0.3704512119293213
2010-03-01,0.38531482219696045
2010-03-02,0.38508617877960205
2010-03-03,0.38028401136398315
2010-03-04,0.3809700608253479
2010-03-05,0.39263245463371277
2010-03-08,0.3869156241416931
2010-03-09,0.4013220965862274
2010-03-10,0.4022367298603058
2010-03-11,0.39308980107307434
2010-03-12,0.39446189999580383
2010-03-15,0.3924036920070648
2010-03-16,0.40612414479255676
2010-03-17,0.4138990044593811
2010-03-18,0.39926397800445557
2010-03-19,0.39446189999580383
2010-03-22,0.40086469054222107
2010-03-23,0.409096896648407
2010-03-24,0.3953765034675598
2010-03-25,0.3965199291706085
2010-03-26,0.3965199291706085
2010-03-29,0.40155068039894104
2010-03-30,0.4031514823436737
2010-03-31,0.3978919982910156
2010-04-01,0.3937758803367615
2010-04-05,0.39972126483917236
2010-04-06,0.38988831639289856
2010-04-07,0.3924036920070648
2010-04-08,0.3860008120536804
2010-04-09,0.3885163962841034
2010-04-12,0.3956051766872406
2010-04-13,0.4038374125957489
2010-04-14,0.40886831283569336
2010-04-15,0.4118410050868988
2010-04-16,0.3901170492172241
2010-04-19,0.38828766345977783
2010-04-20,0.3896596431732178
2010-04-21,0.3795980215072632
2010-04-22,0.3811986744403839
2010-04-23,0.3759392201900482
2010-04-26,0.3795980215072632
2010-04-27,0.368850439786911
2010-04-28,0.3695363998413086
2010-04-29,0.3807414174079895
2010-04-30,0.359246164560318
2010-05-03,0.35535866022109985
2010-05-04,0.33729344606399536
2010-05-05,0.33157655596733093
2010-05-06,0.32471638917922974
2010-05-07,0.31922826170921326
2010-05-10,0.33294862508773804
2010-05-11,0.3292897641658783
2010-05-12,0.3356926143169403
2010-05-13,0.3350066542625427
2010-05-14,0.29636088013648987
2010-05-17,0.2970468997955322
2010-05-18,0.28721386194229126
2010-05-19,0.29178738594055176
2010-05-20,0.284927099943161
2010-05-21,0.2911013066768646
2010-05-24,0.2826404869556427
2010-05-25,0.29018670320510864
2010-05-26,0.2915585935115814
2010-05-27,0.3087092638015747
2010-05-28,0.300476998090744
2010-06-01,0.28767141699790955
2010-06-02,0.29087260365486145
2010-06-03,0.29041531682014465
2010-06-04,0.27669501304626465
2010-06-07,0.26297450065612793
2010-06-08,0.2556569576263428
2010-06-09,0.24948272109031677
2010-06-10,0.25954434275627136
2010-06-11,0.26548993587493896
2010-06-14,0.2597731351852417
2010-06-15,0.27257880568504333
2010-06-16,0.26914870738983154
2010-06-17,0.2794390618801117
2010-06-18,0.2812684178352356
2010-06-21,0.2746368944644928
2010-06-22,0.26434656977653503
2010-06-23,0.2673192620277405
2010-06-24,0.25405627489089966
2010-06-25,0.25337013602256775
2010-06-28,0.25382760167121887
2010-06-29,0.23964983224868774
2010-06-30,0.2334757000207901
2010-07-01,0.2373630404472351
2010-07-02,0.23439039289951324
2010-07-06,0.23187488317489624
2010-07-07,0.24307993054389954
2010-07-08,0.23576237261295319
2010-07-09,0.23667703568935394
2010-07-12,0.2410217970609665
2010-07-13,0.2497115135192871
2010-07-14,0.25222691893577576
2010-07-15,0.2451379895210266
2010-07-16,0.22981685400009155
2010-07-19,0.23919250071048737
2010-07-20,0.2451379895210266
2010-07-21,0.23713436722755432
2010-07-22,0.2410217970609665
2010-07-23,0.23690581321716309
2010-07-26,0.24125054478645325
2010-07-27,0.23919250071048737
2010-07-28,0.23164628446102142
2010-07-29,0.20877888798713684
2010-07-30,0.21015095710754395
2010-08-02,0.20992226898670197
2010-08-03,0.20443415641784668
2010-08-04,0.21312367916107178
2010-08-05,0.21586784720420837
2010-08-06,0.21838320791721344
2010-08-09,0.22044123709201813
2010-08-10,0.21129438281059265
2010-08-11,0.20306207239627838
2010-08-12,0.20489150285720825
2010-08-13,0.2147243469953537
2010-08-16,0.209236279129982
2010-08-17,0.21198037266731262
2010-08-18,0.21312367916107178
2010-08-19,0.22592943906784058
2010-08-20,0.22798749804496765
2010-08-23,0.22455741465091705
2010-08-24,0.22227062284946442
2010-08-25,0.22684410214424133
2010-08-26,0.22410011291503906
2010-08-27,0.23141761124134064
2010-08-30,0.22044123709201813
2010-08-31,0.21335238218307495
2010-09-01,0.21495310962200165
2010-09-02,0.218840554356575
2010-09-03,0.22638678550720215
2010-09-07,0.22844479978084564
2010-09-08,0.23599107563495636
2010-09-09,0.23278960585594177
2010-09-10,0.2302742451429367
2010-09-13,0.24330860376358032
2010-09-14,0.2410217970609665
2010-09-15,0.24147920310497284
2010-09-16,0.2417079210281372
2010-09-17,0.24125054478645325
2010-09-20,0.2449093908071518
2010-09-21,0.2581723928451538
2010-09-22,0.2604590356349945
2010-09-23,0.2657185196876526
2010-09-24,0.2803536355495453
2010-09-27,0.2744081914424896
2010-09-28,0.27372220158576965
2010-09-29,0.2716641128063202
2010-09-30,0.26709064841270447
2010-10-01,0.25954434275627136
2010-10-04,0.2570289969444275
2010-10-05,0.2588582932949066
2010-10-06,0.24650999903678894
2010-10-07,0.24468067288398743
2010-10-08,0.24833941459655762
2010-10-11,0.2471960186958313
2010-10-12,0.2519981861114502
2010-10-13,0.2593158781528473
2010-10-14,0.2551996111869812
2010-10-15,0.2581723928451538
2010-10-18,0.2597731351852417
2010-10-19,0.2581723928451538
2010-10-20,0.2581723928451538
2010-10-21,0.2535988688468933
2010-10-22,0.2698347270488739
2010-10-25,0.27235016226768494
2010-10-26,0.2714354991912842
2010-10-27,0.2753228545188904
2010-10-28,0.2755516469478607
2010-10-29,0.2748655676841736
2010-11-01,0.2753228545188904
2010-11-02,0.2810397744178772
2010-11-03,0.28309789299964905
2010-11-04,0.2835550606250763
2010-11-05,0.2883572280406952
2010-11-08,0.28950074315071106
2010-11-09,0.2878998816013336
2010-11-10,0.2913300693035126
2010-11-11,0.2883572280406952
2010-11-12,0.30322110652923584
2010-11-15,0.2995622456073761
2010-11-16,0.29064399003982544
2010-11-17,0.2954462170600891
2010-11-18,0.30459311604499817
2010-11-19,0.314426064491272
2010-11-22,0.31465473771095276
2010-11-23,0.30733722448349
2010-11-24,0.31488341093063354
2010-11-26,0.3109959065914154
2010-11-29,0.314426064491272
2010-11-30,0.3112247586250305
2010-12-01,0.3249451816082001
2010-12-02,0.32883256673812866
2010-12-03,0.33820807933807373
2010-12-06,0.3318052887916565
2010-12-07,0.34255293011665344
2010-12-08,0.3455256223678589
2010-12-09,0.33980879187583923
2010-12-10,0.3418668210506439
2010-12-13,0.3331773579120636
2010-12-14,0.33363470435142517
2010-12-15,0.3263171315193176
2010-12-16,0.3267744183540344
2010-12-17,0.32860374450683594
2010-12-20,0.3272317945957184
2010-12-21,0.3400375545024872
2010-12-22,0.34369632601737976
2010-12-23,0.3411809206008911
2010-12-27,0.3430103659629822
2010-12-28,0.34163832664489746
2010-12-29,0.34163832664489746
2010-12-30,0.342781662940979
2010-12-31,0.35215720534324646
2011-01-03,0.3617613613605499
2011-01-04,0.3606182336807251
2011-01-05,0.38828766345977783
2011-01-06,0.44202592968940735
2011-01-07,0.4543742835521698
2011-01-10,0.47175320982933044
2011-01-11,0.4644359052181244
2011-01-12,0.5339524745941162
2011-01-13,0.534867525100708
2011-01-14,0.5394407510757446
2011-01-18,0.5268638730049133
2011-01-19,0.5124574303627014
2011-01-20,0.5129148364067078
2011-01-21,0.5081125497817993
2011-01-24,0.5655094981193542
2011-01-25,0.5481303334236145
2011-01-26,0.5611647963523865
2011-01-27,0.559563934803009
2011-01-28,0.5433282256126404
2011-01-31,0.5469869375228882
2011-02-01,0.559563934803009
2011-02-02,0.5849470496177673
2011-02-03,0.5739706158638
2011-02-04,0.5870047807693481
2011-02-07,0.5625368356704712
2011-02-08,0.5458436608314514
2011-02-09,0.5325804352760315
2011-02-10,0.5218331813812256
2011-02-11,0.5366966128349304
2011-02-14,0.5284646153450012
2011-02-15,0.5156586766242981
2011-02-16,0.534638524055481
2011-02-17,0.5872336030006409
2011-02-18,0.5860902070999146
2011-02-22,0.5307512283325195
2011-02-23,0.5055971145629883
2011-02-24,0.5179453492164612
2011-02-25,0.5286931395530701
2011-02-28,0.5181741118431091
2011-03-01,0.4950779378414154
2011-03-02,0.4744974970817566
2011-03-03,0.47724172472953796
2011-03-04,0.4747260808944702
2011-03-07,0.4680946171283722
2011-03-08,0.4470566213130951
2011-03-09,0.43768110871315
2011-03-10,0.4097830057144165
2011-03-11,0.4127556085586548
2011-03-14,0.41618579626083374
2011-03-15,0.4038374125957489
2011-03-16,0.40086469054222107
2011-03-17,0.4084109663963318
2011-03-18,0.40292274951934814
2011-03-21,0.40612414479255676
2011-03-22,0.39903524518013
2011-03-23,0.4072675108909607
2011-03-24,0.43973931670188904
2011-03-25,0.4260188043117523
2011-03-28,0.44179728627204895
2011-03-29,0.43836715817451477
2011-03-30,0.4219026565551758
2011-03-31,0.42213135957717896
2011-04-01,0.41618579626083374
2011-04-04,0.4013220965862274
2011-04-05,0.40200796723365784
2011-04-06,0.39926397800445557
2011-04-07,0.4138990044593811
2011-04-08,0.4013220965862274
2011-04-11,0.3960625231266022
2011-04-12,0.39720582962036133
2011-04-13,0.40612414479255676
2011-04-14,0.42327457666397095
2011-04-15,0.42784807085990906
2011-04-18,0.4136703610420227
2011-04-19,0.4120696783065796
2011-04-20,0.42464667558670044
2011-04-21,0.42350342869758606
2011-04-25,0.4301348924636841
2011-04-26,0.4413398206233978
2011-04-27,0.4413398206233978
2011-04-28,0.44614192843437195
2011-04-29,0.45734691619873047
2011-05-02,0.4511728882789612
2011-05-03,0.4296775162220001
2011-05-04,0.4264761805534363
2011-05-05,0.4267047643661499
2011-05-06,0.44179728627204895
2011-05-09,0.451630175113678
2011-05-10,0.4523161053657532
2011-05-11,0.4543742835521698
2011-05-12,0.4687807857990265
2011-05-13,0.4175577759742737
2011-05-16,0.40475210547447205
2011-05-17,0.4031514823436737
2011-05-18,0.41252708435058594
2011-05-19,0.40658146142959595
2011-05-20,0.4136703610420227
2011-05-23,0.4132130742073059
2011-05-24,0.4148136377334595
2011-05-25,0.41984453797340393
2011-05-26,0.43036356568336487
2011-05-27,0.4459134340286255
2011-05-31,0.45826172828674316
2011-06-01,0.43768110871315
2011-06-02,0.43562301993370056
2011-06-03,0.42213135957717896
2011-06-06,0.4132130742073059
2011-06-07,0.4129844605922699
2011-06-08,0.4017793536186218
2011-06-09,0.39720582962036133
2011-06-10,0.39148905873298645
2011-06-13,0.38874495029449463
2011-06-14,0.39194628596305847
2011-06-15,0.3834854066371918
2011-06-16,0.37022241950035095
2011-06-17,0.36153268814086914
2011-06-20,0.35718804597854614
2011-06-21,0.36496272683143616
2011-06-22,0.3599320650100708
2011-06-23,0.3706797957420349
2011-06-24,0.3599320650100708
2011-06-27,0.35238590836524963
2011-06-28,0.3544439375400543
2011-06-29,0.3599320650100708
2011-06-30,0.3645055890083313
2011-07-01,0.36930766701698303
2011-07-05,0.36313337087631226
2011-07-06,0.3583314120769501
2011-07-07,0.3597034811973572
2011-07-08,0.35284316539764404
2011-07-11,0.34049490094184875
2011-07-12,0.33592143654823303
2011-07-13,0.33523544669151306
2011-07-14,0.3219723403453827
2011-07-15,0.32242968678474426
2011-07-18,0.3155694603919983
2011-07-19,0.3251737952232361
2011-07-20,0.3210575580596924
2011-07-21,0.33615002036094666
2011-07-22,0.3430103659629822
2011-07-25,0.337522029876709
2011-07-26,0.3292897641658783
2011-07-27,0.31694141030311584
2011-07-28,0.3162553608417511
2011-07-29,0.3162553608417511
2011-08-01,0.3331773579120636
2011-08-02,0.32974720001220703
2011-08-03,0.3386653661727905
2011-08-04,0.30642256140708923
2011-08-05,0.2961321771144867
2011-08-08,0.2728075087070465
2011-08-09,0.29567497968673706
2011-08-10,0.2821829617023468
2011-08-11,0.30665120482444763
2011-08-12,0.2945314049720764
2011-08-15,0.3057365417480469
2011-08-16,0.2970468997955322
2011-08-17,0.2929307520389557
2011-08-18,0.27303627133369446
2011-08-19,0.2682340145111084
2011-08-22,0.27303627133369446
2011-08-23,0.30253496766090393
2011-08-24,0.29819029569625854
2011-08-25,0.28538450598716736
2011-08-26,0.2975042760372162
2011-08-29,0.3055078089237213
2011-08-30,0.31282538175582886
2011-08-31,0.304364413022995
2011-09-01,0.30367833375930786
2011-09-02,0.2954462170600891
2011-09-06,0.30139172077178955
2011-09-07,0.3258596658706665
2011-09-08,0.3242590129375458
2011-09-09,0.31739887595176697
2011-09-12,0.3249451816082001
2011-09-13,0.33226263523101807
2011-09-14,0.34941309690475464
2011-09-15,0.3544439375400543
2011-09-16,0.3535291850566864
2011-09-19,0.3462117314338684
2011-09-20,0.33729344606399536
2011-09-21,0.3308906555175781
2011-09-22,0.30893784761428833
2011-09-23,0.3153407573699951
2011-09-26,0.3160267770290375
2011-09-27,0.3164842426776886
2011-09-28,0.30687984824180603
2011-09-29,0.2993336319923401
2011-09-30,0.2860705852508545
2011-10-03,0.2700634002685547
2011-10-04,0.29498884081840515
2011-10-05,0.3055078089237213
2011-10-06,0.31762751936912537
2011-10-07,0.3235730230808258
2011-10-10,0.3379794657230377
2011-10-11,0.33432072401046753
2011-10-12,0.33409208059310913
2011-10-13,0.3535291850566864
2011-10-14,0.359474778175354
2011-10-17,0.34163832664489746
2011-10-18,0.35398659110069275
2011-10-19,0.3468976616859436
2011-10-20,0.3295184373855591
2011-10-21,0.33111923933029175
2011-10-24,0.343467652797699
2011-10-25,0.3304332494735718
2011-10-26,0.33432072401046753
2011-10-27,0.3487270474433899
2011-10-28,0.35673069953918457
2011-10-31,0.3384368121623993
2011-11-01,0.3215149939060211
2011-11-02,0.3160267770290375
2011-11-03,0.3350066542625427
2011-11-04,0.3388941287994385
2011-11-07,0.337064653635025
2011-11-08,0.34483978152275085
2011-11-09,0.32746046781539917
2011-11-10,0.3308906555175781
2011-11-11,0.34255293011665344
2011-11-14,0.33592143654823303
2011-11-15,0.3402661979198456
2011-11-16,0.33340591192245483
2011-11-17,0.3215149939060211
2011-11-18,0.3185422718524933
2011-11-21,0.33454930782318115
2011-11-22,0.34483978152275085
2011-11-23,0.330204576253891
2011-11-25,0.3210575580596924
2011-11-28,0.3391227722167969
2011-11-29,0.34095221757888794
2011-11-30,0.3574165999889374
2011-12-01,0.3617613613605499
2011-12-02,0.359474778175354
2011-12-05,0.35398659110069275
2011-12-06,0.34895578026771545
2011-12-07,0.3468976616859436
2011-12-08,0.33592143654823303
2011-12-09,0.34072354435920715
2011-12-12,0.33226263523101807
2011-12-13,0.3231157064437866
2011-12-14,0.3105386793613434
2011-12-15,0.30779439210891724
2011-12-16,0.30893784761428833
2011-12-19,0.30093440413475037
2011-12-20,0.31785616278648376
2011-12-21,0.3137401342391968
2011-12-22,0.3272317945957184
2011-12-23,0.3240303695201874
2011-12-27,0.3215149939060211
2011-12-28,0.31351152062416077
2011-12-29,0.31945669651031494
2011-12-30,0.31694141030311584
2012-01-03,0.3210575580596924
2012-01-04,0.32471638917922974
2012-01-05,0.336378812789917
2012-01-06,0.33249127864837646
2012-01-09,0.33249127864837646
2012-01-10,0.33111923933029175
2012-01-11,0.3244878053665161
2012-01-12,0.32242968678474426
2012-01-13,0.313968688249588
2012-01-17,0.3091665506362915
2012-01-18,0.3196854889392853
2012-01-19,0.3281465768814087
2012-01-20,0.3251737952232361
2012-01-23,0.33409208059310913
2012-01-24,0.34163832664489746
2012-01-25,0.3395802080631256
2012-01-26,0.336378812789917
2012-01-27,0.34095221757888794
2012-01-30,0.3384368121623993
2012-01-31,0.33775079250335693
2012-02-01,0.3414095938205719
2012-02-02,0.35421523451805115
2012-02-03,0.3617613613605499
2012-02-06,0.35901740193367004
2012-02-07,0.3599320650100708
2012-02-08,0.372966468334198
2012-02-09,0.372737854719162
2012-02-10,0.36359092593193054
2012-02-13,0.36930766701698303
2012-02-14,0.3713657855987549
2012-02-15,0.3697650730609894
2012-02-16,0.376167893409729
2012-02-17,0.36244750022888184
2012-02-21,0.36427685618400574
2012-02-22,0.3617613613605499
2012-02-23,0.36381953954696655
2012-02-24,0.36107540130615234
2012-02-27,0.3537578880786896
2012-02-28,0.3505565822124481
2012-02-29,0.3464403450489044
2012-03-01,0.3487270474433899
2012-03-02,0.3516998589038849
2012-03-05,0.33980879187583923
2012-03-06,0.3366071879863739
2012-03-07,0.3386653661727905
2012-03-08,0.33980879187583923
2012-03-09,0.3388941287994385
2012-03-12,0.33363470435142517
2012-03-13,0.33820807933807373
2012-03-14,0.32860374450683594
2012-03-15,0.33340591192245483
2012-03-16,0.33386340737342834
2012-03-19,0.3347780108451843
2012-03-20,0.3292897641658783
2012-03-21,0.33066192269325256
2012-03-22,0.330204576253891
2012-03-23,0.33271992206573486
2012-03-26,0.3366071879863739
2012-03-27,0.3388941287994385
2012-03-28,0.34666892886161804
2012-03-29,0.3482697010040283
2012-03-30,0.35215720534324646
2012-04-02,0.3505565822124481
2012-04-03,0.34483978152275085
2012-04-04,0.3350066542625427
2012-04-05,0.33454930782318115
2012-04-09,0.330204576253891
2012-04-10,0.3238016366958618
2012-04-11,0.32791775465011597
2012-04-12,0.3356926143169403
2012-04-13,0.3238016366958618
2012-04-16,0.31991419196128845
2012-04-17,0.3206002116203308
2012-04-18,0.31717023253440857
2012-04-19,0.31236809492111206
2012-04-20,0.3061937391757965
2012-04-23,0.30253496766090393
2012-04-24,0.2931593656539917
2012-04-25,0.2991049289703369
2012-04-26,0.2993336319923401
2012-04-27,0.29681822657585144
2012-04-30,0.29727551341056824
2012-05-01,0.30253496766090393
2012-05-02,0.29384544491767883
2012-05-03,0.28881463408470154
2012-05-04,0.2803536355495453
2012-05-07,0.2851558327674866
2012-05-08,0.284927099943161
2012-05-09,0.2860705852508545
2012-05-10,0.2840123176574707
2012-05-11,0.3020778000354767
2012-05-14,0.30024823546409607
2012-05-15,0.29727551341056824
2012-05-16,0.2913300693035126
2012-05-17,0.2892720103263855
2012-05-18,0.2762375771999359
2012-05-21,0.2810397744178772
2012-05-22,0.2776096761226654
2012-05-23,0.284469872713089
2012-05-24,0.2769235074520111
2012-05-25,0.2835550606250763
2012-05-29,0.29087260365486145
2012-05-30,0.28744256496429443
2012-05-31,0.28424128890037537
2012-06-01,0.2739509046077728
2012-06-04,0.2682340145111084
2012-06-05,0.2760089337825775
2012-06-06,0.28332650661468506
2012-06-07,0.2718927562236786
2012-06-08,0.277152419090271
2012-06-11,0.2803536355495453
2012-06-12,0.2860705852508545
2012-06-13,0.27852433919906616
2012-06-14,0.2750941812992096
2012-06-15,0.2810397744178772
2012-06-18,0.2835550606250763
2012-06-19,0.30276378989219666
2012-06-20,0.3075658679008484
2012-06-21,0.29361680150032043
2012-06-22,0.29727551341056824
2012-06-25,0.2878998816013336
2012-06-26,0.2911013066768646
2012-06-27,0.300476998090744
2012-06-28,0.30276378989219666
2012-06-29,0.3160267770290375
2012-07-02,0.3075658679008484
2012-07-03,0.3155694603919983
2012-07-05,0.31236809492111206
2012-07-06,0.30642256140708923
2012-07-09,0.30230632424354553
2012-07-10,0.2931593656539917
2012-07-11,0.2883572280406952
2012-07-12,0.2835550606250763
2012-07-13,0.28721386194229126
2012-07-16,0.2881286144256592
2012-07-17,0.2828691601753235
2012-07-18,0.29864755272865295
2012-07-19,0.30162036418914795
2012-07-20,0.2929307520389557
2012-07-23,0.29681822657585144
2012-07-24,0.29361680150032043
2012-07-25,0.2993336319923401
2012-07-26,0.30070561170578003
2012-07-27,0.3082517981529236
2012-07-30,0.30482184886932373
2012-07-31,0.3096238672733307
2012-08-01,0.3061937391757965
2012-08-02,0.30733722448349
2012-08-03,0.3137401342391968
2012-08-06,0.32037147879600525
2012-08-07,0.3235730230808258
2012-08-08,0.3254023492336273
2012-08-09,0.336378812789917
2012-08-10,0.33432072401046753
2012-08-13,0.3386653661727905
2012-08-14,0.33363470435142517
2012-08-15,0.33111923933029175
2012-08-16,0.3379794657230377
2012-08-17,0.3350066542625427
2012-08-20,0.3350066542625427
2012-08-21,0.33409208059310913
2012-08-22,0.3347780108451843
2012-08-23,0.3272317945957184
2012-08-24,0.33386340737342834
2012-08-27,0.3281465768814087
2012-08-28,0.3267744183540344
2012-08-29,0.32746046781539917
2012-08-30,0.3212862014770508
2012-08-31,0.320828914642334
2012-09-04,0.30367833375930786
2012-09-05,0.30459311604499817
2012-09-06,0.313968688249588
2012-09-07,0.30642256140708923
2012-09-10,0.30367833375930786
2012-09-11,0.30733722448349
2012-09-12,0.3107672333717346
2012-09-13,0.31282538175582886
2012-09-14,0.3164842426776886
2012-09-17,0.30779439210891724
2012-09-18,0.3098525106906891
2012-09-19,0.31351152062416077
2012-09-20,0.3112247586250305
2012-09-21,0.31259670853614807
2012-09-24,0.31236809492111206
2012-09-25,0.30665120482444763
2012-09-26,0.30139172077178955
2012-09-27,0.30367833375930786
2012-09-28,0.30505043268203735
2012-10-01,0.30001959204673767
2012-10-02,0.3011629581451416
2012-10-03,0.29819029569625854
2012-10-04,0.31145331263542175
2012-10-05,0.30413588881492615
2012-10-08,0.3011629581451416
2012-10-09,0.294760137796402
2012-10-10,0.28972920775413513
2012-10-11,0.2913300693035126
2012-10-12,0.28881463408470154
2012-10-15,0.29247352480888367
2012-10-16,0.30093440413475037
2012-10-17,0.29864755272865295
2012-10-18,0.29407426714897156
2012-10-19,0.2769235074520111
2012-10-22,0.27372220158576965
2012-10-23,0.2819543480873108
2012-10-24,0.2782956063747406
2012-10-25,0.27852433919906616
2012-10-26,0.2755516469478607
2012-10-31,0.2739509046077728
2012-11-01,0.2869853079319
2012-11-02,0.2856132388114929
2012-11-05,0.297732949256897
2012-11-06,0.2975042760372162
2012-11-07,0.2883572280406952
2012-11-08,0.2899579107761383
2012-11-09,0.2787528336048126
2012-11-12,0.27257880568504333
2012-11-13,0.27052074670791626
2012-11-14,0.26388928294181824
2012-11-15,0.265032559633255
2012-11-16,0.26023057103157043
2012-11-19,0.2675480246543884
2012-11-20,0.2644408941268921
2012-11-21,0.27203598618507385
2012-11-23,0.2738771438598633
2012-11-26,0.27871018648147583
2012-11-27,0.27986085414886475
2012-11-28,0.28216254711151123
2012-11-29,0.27709922194480896
2012-11-30,0.2754881978034973
2012-12-03,0.27042481303215027
2012-12-04,0.27848005294799805
2012-12-05,0.2752578854560852
2012-12-06,0.27571824193000793
2012-12-07,0.2752578854560852
2012-12-10,0.28446391224861145
2012-12-11,0.29113832116127014
2012-12-12,0.2881462872028351
2012-12-13,0.2883763909339905
2012-12-14,0.2897574305534363
2012-12-17,0.28860658407211304
2012-12-18,0.2890670597553253
2012-12-19,0.29113832116127014
2012-12-20,0.2909080982208252
2012-12-21,0.28423386812210083
2012-12-24,0.28193235397338867
2012-12-26,0.2817022502422333
2012-12-27,0.27986085414886475
2012-12-28,0.27848005294799805
2012-12-31,0.28216254711151123
2013-01-02,0.292749285697937
2013-01-03,0.29297932982444763
2013-01-04,0.3026456832885742
2013-01-07,0.2938999831676483
2013-01-08,0.28745585680007935
2013-01-09,0.281011700630188
2013-01-10,0.28147196769714355
2013-01-11,0.281011700630188
2013-01-14,0.28078150749206543
2013-01-15,0.27571824193000793
2013-01-16,0.2782498598098755
2013-01-17,0.28193235397338867
2013-01-18,0.2800910472869873
2013-01-22,0.27871018648147583
2013-01-23,0.27917054295539856
2013-01-24,0.28055140376091003
2013-01-25,0.2856147289276123
2013-01-28,0.29021769762039185
2013-01-29,0.28400352597236633
2013-01-30,0.28354325890541077
2013-01-31,0.28216254711151123
2013-02-01,0.28469419479370117
2013-02-04,0.27986085414886475
2013-02-05,0.2863052189350128
2013-02-06,0.28400352597236633
2013-02-07,0.2828528583049774
2013-02-08,0.28469419479370117
2013-02-11,0.2879161536693573
2013-02-12,0.28607505559921265
2013-02-13,0.28469419479370117
2013-02-14,0.29297932982444763
2013-02-15,0.29297932982444763
2013-02-19,0.2890670597553253
2013-02-20,0.2849242091178894
2013-02-21,0.2828528583049774
2013-02-22,0.2881462872028351
2013-02-25,0.2830831706523895
2013-02-26,0.28644078969955444
2013-02-27,0.29176652431488037
2013-02-28,0.2931559383869171
2013-03-01,0.2943136990070343
2013-03-04,0.2931559383869171
2013-03-05,0.296397864818573
2013-03-06,0.29616624116897583
2013-03-07,0.29547154903411865
2013-03-08,0.29686081409454346
2013-03-11,0.2940821349620819
2013-03-12,0.2950083613395691
2013-03-13,0.2950083613395691
2013-03-14,0.29523998498916626
2013-03-15,0.29269281029701233
2013-03-18,0.290608674287796
2013-03-19,0.2887563109397888
2013-03-20,0.292229562997818
2013-03-21,0.28759846091270447
2013-03-22,0.28898781538009644
2013-03-25,0.28736692667007446
2013-03-26,0.289451003074646
2013-03-27,0.2929244041442871
2013-03-28,0.29709258675575256
2013-04-01,0.28736692667007446
2013-04-02,0.28435665369033813
2013-04-03,0.280883252620697
2013-04-04,0.28366202116012573
2013-04-05,0.28852465748786926
2013-04-08,0.2878301441669464
2013-04-09,0.2924612760543823
2013-04-10,0.29709258675575256
2013-04-11,0.2957030236721039
2013-04-12,0.30311301350593567
2013-04-15,0.29686081409454346
2013-04-16,0.30010277032852173
2013-04-17,0.29616624116897583
2013-04-18,0.2903771698474884
2013-04-19,0.29107195138931274
2013-04-22,0.29153504967689514
2013-04-23,0.2991766035556793
2013-04-24,0.30936509370803833
2013-04-25,0.3119123876094818
2013-04-26,0.31052300333976746
2013-04-29,0.31422799825668335
2013-04-30,0.31885915994644165
2013-05-01,0.3160804510116577
2013-05-02,0.31978556513786316
2013-05-03,0.32117483019828796
2013-05-06,0.3202485144138336
2013-05-07,0.3160804510116577
2013-05-08,0.32186946272850037
2013-05-09,0.3221009075641632
2013-05-10,0.3366893231868744
2013-05-13,0.3297426402568817
2013-05-14,0.3346053957939148
2013-05-15,0.3403943181037903
2013-05-16,0.33877357840538025
2013-05-17,0.3443307876586914
2013-05-20,0.343636155128479
2013-05-21,0.3472435474395752
2013-05-22,0.33514145016670227
2013-05-23,0.34049442410469055
2013-05-24,0.33839961886405945
2013-05-28,0.33816686272621155
2013-05-29,0.33607217669487
2013-05-30,0.34049442410469055
2013-05-31,0.3367704451084137
2013-06-03,0.33630505204200745
2013-06-04,0.3367704451084137
2013-06-05,0.32955560088157654
2013-06-06,0.3316501975059509
2013-06-07,0.33630505204200745
2013-06-10,0.33607217669487
2013-06-11,0.3297884166240692
2013-06-12,0.3269954323768616
2013-06-13,0.3344430923461914
2013-06-14,0.3339775800704956
2013-06-17,0.3372360169887543
2013-06-18,0.33514145016670227
2013-06-19,0.3453816771507263
2013-06-20,0.33607217669487
2013-06-21,0.3356068432331085
2013-06-24,0.3286247253417969
2013-06-25,0.3309520184993744
2013-06-26,0.3290901780128479
2013-06-27,0.32606449723243713
2013-06-28,0.32676276564598083
2013-07-01,0.32815924286842346
2013-07-02,0.3279263973236084
2013-07-03,0.32885730266571045
2013-07-05,0.3314175605773926
2013-07-08,0.3297884166240692
2013-07-09,0.3314175605773926
2013-07-10,0.33583950996398926
2013-07-11,0.34049442410469055
2013-07-12,0.34072694182395935
2013-07-15,0.34002870321273804
2013-07-16,0.34189072251319885
2013-07-17,0.34002870321273804
2013-07-18,0.33863234519958496
2013-07-19,0.3314175605773926
2013-07-22,0.3311847150325775
2013-07-23,0.3307192921638489
2013-07-24,0.3307192921638489
2013-07-25,0.3318829834461212
2013-07-26,0.3304865062236786
2013-07-29,0.3297884166240692
2013-07-30,0.3353739082813263
2013-07-31,0.33607217669487
2013-08-01,0.34072694182395935
2013-08-02,0.3435196876525879
2013-08-05,0.34514904022216797
2013-08-06,0.34002870321273804
2013-08-07,0.3397960364818573
2013-08-08,0.3421233594417572
2013-08-09,0.3372360169887543
2013-08-12,0.3344430923461914
2013-08-13,0.3356068432331085
2013-08-14,0.34980371594429016
2013-08-15,0.3521311581134796
2013-08-16,0.3535274863243103
2013-08-19,0.34794187545776367
2013-08-20,0.34969621896743774
2013-08-21,0.3480587899684906
2013-08-22,0.3499301075935364
2013-08-23,0.3499301075935364
2013-08-26,0.3506317734718323
2013-08-27,0.346187561750412
2013-08-28,0.346187561750412
2013-08-29,0.3454858660697937
2013-08-30,0.34501802921295166
2013-09-03,0.3452518582344055
2013-09-04,0.34852665662765503
2013-09-05,0.34946227073669434
2013-09-06,0.3480587899684906
2013-09-09,0.3539066016674042
2013-09-10,0.36139172315597534
2013-09-11,0.36747339367866516
2013-09-12,0.3672393560409546
2013-09-13,0.36957862973213196
2013-09-16,0.3698124289512634
2013-09-17,0.3709820806980133
2013-09-18,0.3742566704750061
2013-09-19,0.3726193606853485
2013-09-20,0.3693446218967438
2013-09-23,0.36583614349365234
2013-09-24,0.3672393560409546
2013-09-25,0.3677072823047638
2013-09-26,0.36653777956962585
2013-09-27,0.36443254351615906
2013-09-30,0.36396464705467224
2013-10-01,0.3637307584285736
2013-10-02,0.3634969890117645
2013-10-03,0.35975438356399536
2013-10-04,0.3646664321422577
2013-10-07,0.3646664321422577
2013-10-08,0.36162567138671875
2013-10-09,0.35601192712783813
2013-10-10,0.3599882423877716
2013-10-11,0.3569473624229431
2013-10-14,0.36232730746269226
2013-10-15,0.3604559600353241
2013-10-16,0.3649003505706787
2013-10-17,0.3656020760536194
2013-10-18,0.3698124289512634
2013-10-21,0.3707481324672699
2013-10-22,0.3688768744468689
2013-10-23,0.36256125569343567
2013-10-24,0.3599882423877716
2013-10-25,0.3564797639846802
2013-10-28,0.35577794909477234
2013-10-29,0.35624563694000244
2013-10-30,0.35601192712783813
2013-10-31,0.35530999302864075
2013-11-01,0.3569473624229431
2013-11-04,0.34665530920028687
2013-11-05,0.346187561750412
2013-11-06,0.34852665662765503
2013-11-07,0.34033969044685364
2013-11-08,0.36396464705467224
2013-11-11,0.3670055568218231
2013-11-12,0.3677072823047638
2013-11-13,0.3777654469013214
2013-11-14,0.3794028162956238
2013-11-15,0.3782332241535187
2013-11-18,0.36911073327064514
2013-11-19,0.36311379075050354
2013-11-20,0.357704758644104
2013-11-21,0.36052682995796204
2013-11-22,0.3569991886615753
2013-11-25,0.36475998163223267
2013-11-26,0.36781734228134155
2013-11-27,0.369228333234787
2013-11-29,0.366876482963562
2013-12-02,0.37040427327156067
2013-12-03,0.37016910314559937
2013-12-04,0.37534284591674805
2013-12-05,0.369228333234787
2013-12-06,0.36381933093070984
2013-12-09,0.357704758644104
2013-12-10,0.365935742855072
2013-12-11,0.3624081611633301
2013-12-12,0.35535290837287903
2013-12-13,0.35323625802993774
2013-12-16,0.35370662808418274
2013-12-17,0.35535290837287903
2013-12-18,0.36029163002967834
2013-12-19,0.36170265078544617
2013-12-20,0.3689931631088257
2013-12-23,0.3711097836494446
2013-12-24,0.3720504939556122
2013-12-26,0.3685227930545807
2013-12-27,0.3706393539905548
2013-12-30,0.37557825446128845
2013-12-31,0.3767540454864502
2014-01-02,0.3729912042617798
2014-01-03,0.3685227930545807
2014-01-06,0.37346160411834717
2014-01-07,0.37957602739334106
2014-01-08,0.3847500681877136
2014-01-09,0.37040427327156067
2014-01-10,0.36993399262428284
2014-01-13,0.3612323999404907
2014-01-14,0.3725208342075348
2014-01-15,0.3765188455581665
2014-01-16,0.3776947259902954
2014-01-17,0.3760485053062439
2014-01-21,0.3774595558643341
2014-01-22,0.3769891858100891
2014-01-23,0.37557825446128845
2014-01-24,0.365935742855072
2014-01-27,0.36358416080474854
2014-01-28,0.36711186170578003
2014-01-29,0.36358416080474854
2014-01-30,0.36969879269599915
2014-01-31,0.369228333234787
2014-02-03,0.36428961157798767
2014-02-04,0.36640626192092896
2014-02-05,0.36311379075050354
2014-02-06,0.36781734228134155
2014-02-07,0.3732263445854187
2014-02-10,0.3744021952152252
2014-02-11,0.3821631371974945
2014-02-12,0.39580342173576355
2014-02-13,0.40826788544654846
2014-02-14,0.42120251059532166
2014-02-18,0.42096737027168274
2014-02-19,0.4266115725040436
2014-02-20,0.4416629672050476
2014-02-21,0.4383704662322998
2014-02-24,0.4447202980518341
2014-02-25,0.4427121877670288
2014-02-26,0.44200339913368225
2014-02-27,0.4370424151420593
2014-02-28,0.43420761823654175
2014-03-03,0.4320814609527588
2014-03-04,0.43657007813453674
2014-03-05,0.4403497874736786
2014-03-06,0.43420761823654175
2014-03-07,0.43373510241508484
2014-03-10,0.4273567199707031
2014-03-11,0.43160900473594666
2014-03-12,0.4327901601791382
2014-03-13,0.41908830404281616
2014-03-14,0.42097824811935425
2014-03-17,0.42097824811935425
2014-03-18,0.4309002757072449
2014-03-19,0.4384598433971405
2014-03-20,0.4386961758136749
2014-03-21,0.4379875063896179
2014-03-24,0.43586137890815735
2014-03-25,0.43586137890815735
2014-03-26,0.42593929171562195
2014-03-27,0.4202694594860077
2014-03-28,0.4228679835796356
2014-03-31,0.4231043756008148
2014-04-01,0.4405859708786011
2014-04-02,0.4377511441707611
2014-04-03,0.44247591495513916
2014-04-04,0.4287741482257843
2014-04-07,0.4301915764808655
2014-04-08,0.4455471634864807
2014-04-09,0.44507458806037903
2014-04-10,0.43420761823654175
2014-04-11,0.42806532979011536
2014-04-14,0.4327901601791382
2014-04-15,0.43586137890815735
2014-04-16,0.4368061423301697
2014-04-17,0.4384598433971405
2014-04-21,0.44200339913368225
2014-04-22,0.4457833468914032
2014-04-23,0.45098063349723816
2014-04-24,0.4549965560436249
2014-04-25,0.44247591495513916
2014-04-28,0.4405859708786011
2014-04-29,0.4415309727191925
2014-04-30,0.4363338053226471
2014-05-01,0.4386961758136749
2014-05-02,0.4353887438774109
2014-05-05,0.4401136338710785
2014-05-06,0.43113642930984497
2014-05-07,0.43160900473594666
2014-05-08,0.4370424151420593
2014-05-09,0.4264116883277893
2014-05-12,0.4389324188232422
2014-05-13,0.4318450689315796
2014-05-14,0.4275929927825928
2014-05-15,0.425230473279953
2014-05-16,0.42428556084632874
2014-05-19,0.4379875063896179
2014-05-20,0.43288490176200867
2014-05-21,0.43288490176200867
2014-05-22,0.4347834289073944
2014-05-23,0.43881797790527344
2014-05-27,0.44664981961250305
2014-05-28,0.45044705271720886
2014-05-29,0.44973519444465637
2014-05-30,0.45092177391052246
2014-06-02,0.44949784874916077
2014-06-03,0.44759923219680786
2014-06-04,0.4480738341808319
2014-06-05,0.44997256994247437
2014-06-06,0.4516338109970093
2014-06-09,0.4521084427833557
2014-06-10,0.4544815421104431
2014-06-11,0.4604148864746094
2014-06-12,0.4632628858089447
2014-06-13,0.46373748779296875
2014-06-16,0.46231353282928467
2014-06-17,0.4653986990451813
2014-06-18,0.4649241268634796
2014-06-19,0.4542444050312042
2014-06-20,0.44926056265830994
2014-06-23,0.4440392255783081
2014-06-24,0.4371568262577057
2014-06-25,0.44166600704193115
2014-06-26,0.43573275208473206
2014-06-27,0.43620744347572327
2014-06-30,0.44000473618507385
2014-07-01,0.44498854875564575
2014-07-02,0.4433273673057556
2014-07-03,0.4473618268966675
2014-07-07,0.4438019394874573
2014-07-08,0.4402420222759247
2014-07-09,0.45353230834007263
2014-07-10,0.4511590600013733
2014-07-11,0.4521084427833557
2014-07-14,0.4578041136264801
2014-07-15,0.45970290899276733
2014-07-16,0.4592282176017761
2014-07-17,0.45804157853126526
2014-07-18,0.43763142824172974
2014-07-21,0.4402420222759247
2014-07-22,0.4383433759212494
2014-07-23,0.42908769845962524
2014-07-24,0.4297996461391449
2014-07-25,0.4222051799297333
2014-07-28,0.4205438196659088
2014-07-29,0.42196783423423767
2014-07-30,0.42908769845962524
2014-07-31,0.4153226315975189
2014-08-01,0.41983187198638916
2014-08-04,0.4188826084136963
2014-08-05,0.4191199839115143
2014-08-06,0.4186452627182007
2014-08-07,0.41437336802482605
2014-08-08,0.45092177391052246
2014-08-11,0.44854840636253357
2014-08-12,0.44854840636253357
2014-08-13,0.4511590600013733
2014-08-14,0.446175217628479
2014-08-15,0.45187103748321533
2014-08-18,0.45804157853126526
2014-08-19,0.4617364704608917
2014-08-20,0.4588759243488312
2014-08-21,0.45458510518074036
2014-08-22,0.45482343435287476
2014-08-25,0.4555386006832123
2014-08-26,0.4636433720588684
2014-08-27,0.4583991467952728
2014-08-28,0.46221306920051575
2014-08-29,0.4636433720588684
2014-09-02,0.46483537554740906
2014-09-03,0.4691261053085327
2014-09-04,0.47746920585632324
2014-09-05,0.4760390520095825
2014-09-08,0.4717482030391693
2014-09-09,0.465788871049881
2014-09-10,0.4674574136734009
2014-09-11,0.4626900255680084
2014-09-12,0.4557769298553467
2014-09-15,0.44957923889160156
2014-09-16,0.4562537670135498
2014-09-17,0.45649197697639465
2014-09-18,0.4634050130844116
2014-09-19,0.45482343435287476
2014-09-22,0.4502943456172943
2014-09-23,0.4483872652053833
2014-09-24,0.45100951194763184
2014-09-25,0.4412359595298767
2014-09-26,0.442189484834671
2014-09-29,0.44147422909736633
2014-09-30,0.4398057162761688
2014-10-01,0.43551504611968994
2014-10-02,0.4336080253124237
2014-10-03,0.43456146121025085
2014-10-06,0.43193915486335754
2014-10-07,0.4274100363254547
2014-10-08,0.4352765679359436
2014-10-09,0.4269333481788635
2014-10-10,0.4016653001308441
2014-10-13,0.4002351462841034
2014-10-14,0.4095318913459778
2014-10-15,0.4157295525074005
2014-10-16,0.4159679412841797
2014-10-17,0.4152528941631317
2014-10-20,0.418828547000885
2014-10-21,0.4367068409919739
2014-10-22,0.42645666003227234
2014-10-23,0.4359917938709259
2014-10-24,0.4405209422111511
2014-10-27,0.4407590925693512
2014-10-28,0.4512478709220886
2014-10-29,0.4483872652053833
2014-10-30,0.44552677869796753
2014-10-31,0.465788871049881
2014-11-03,0.47365519404411316
2014-11-04,0.4798531234264374
2014-11-05,0.4798531234264374
2014-11-06,0.4819985032081604
2014-11-07,0.4717482030391693
2014-11-10,0.47723105549812317
2014-11-11,0.4715098738670349
2014-11-12,0.4684109687805176
2014-11-13,0.4660271108150482
2014-11-14,0.4717482030391693
2014-11-17,0.4696029722690582
2014-11-18,0.4808066189289093
2014-11-19,0.479011207818985
2014-11-20,0.4869108498096466
2014-11-21,0.48954400420188904
2014-11-24,0.49265626072883606
2014-11-25,0.4924168586730957
2014-11-26,0.5007953643798828
2014-11-28,0.5019921660423279
2014-12-01,0.49265626072883606
2014-12-02,0.49337440729141235
2014-12-03,0.5060619115829468
2014-12-04,0.5015134215354919
2014-12-05,0.5043861269950867
2014-12-08,0.49792248010635376
2014-12-09,0.496246874332428
2014-12-10,0.48523518443107605
2014-12-11,0.48499584197998047
2014-12-12,0.4699144959449768
2014-12-15,0.468478262424469
2014-12-16,0.4632117450237274
2014-12-17,0.4821232259273529
2014-12-18,0.4840383529663086
2014-12-19,0.48882603645324707
2014-12-22,0.4974440038204193
2014-12-23,0.49433183670043945
2014-12-24,0.4924168586730957
2014-12-26,0.4928954839706421
2014-12-29,0.492177277803421
2014-12-30,0.4876289963722229
2014-12-31,0.4799688160419464
2015-01-02,0.48188385367393494
2015-01-05,0.47374454140663147
2015-01-06,0.4593815505504608
2015-01-07,0.4581845998764038
2015-01-08,0.47542041540145874
2015-01-09,0.4773354232311249
2015-01-12,0.4713508188724518
2015-01-13,0.4706326425075531
2015-01-14,0.4725477993488312
2015-01-15,0.4691963791847229
2015-01-16,0.4778141975402832
2015-01-20,0.47925063967704773
2015-01-21,0.4859534204006195
2015-01-22,0.49433183670043945
2015-01-23,0.4957681894302368
2015-01-26,0.49361374974250793
2015-01-27,0.4699144959449768
2015-01-28,0.46225422620773315
2015-01-29,0.47350525856018066
2015-01-30,0.45962095260620117
2015-02-02,0.4696751534938812
2015-02-03,0.4814049005508423
2015-02-04,0.48260197043418884
2015-02-05,0.4905017018318176
2015-02-06,0.48834726214408875
2015-02-09,0.4878685772418976
2015-02-10,0.5015134215354919
2015-02-11,0.4981619417667389
2015-02-12,0.5338305830955505
2015-02-13,0.5340698957443237
2015-02-17,0.5357456207275391
2015-02-18,0.5295217633247375
2015-02-19,0.5309579372406006
2015-02-20,0.5347882509231567
2015-02-23,0.5304793119430542
2015-02-24,0.5361263751983643
2015-02-25,0.532041072845459
2015-02-26,0.53348308801651
2015-02-27,0.5301186442375183
2015-03-02,0.5430952310562134
2015-03-03,0.5330023765563965
2015-03-04,0.5390099883079529
2015-03-05,0.5493432283401489
2015-03-06,0.5418936610221863
2015-03-09,0.5433356165885925
2015-03-10,0.5527074933052063
2015-03-11,0.5498241186141968
2015-03-12,0.5447775721549988
2015-03-13,0.5454984307289124
2015-03-16,0.5519866943359375
2015-03-17,0.5587154030799866
2015-03-18,0.549583375453949
2015-03-19,0.5579942464828491
2015-03-20,0.5640020370483398
2015-03-23,0.5457387566566467
2015-03-24,0.5382891297340393
2015-03-25,0.5056072473526001
2015-03-26,0.5039251446723938
2015-03-27,0.5137777924537659
2015-03-30,0.5159404873847961
2015-03-31,0.5029639601707458
2015-04-01,0.5048865675926208
2015-04-02,0.5060881972312927
2015-04-06,0.5207467675209045
2015-04-07,0.5253125429153442
2015-04-08,0.5291576385498047
2015-04-09,0.5414131879806519
2015-04-10,0.5469403266906738
2015-04-13,0.5418936610221863
2015-04-14,0.537327766418457
2015-04-15,0.5438162684440613
2015-04-16,0.5404519438743591
2015-04-17,0.53348308801651
2015-04-20,0.5308396220207214
2015-04-21,0.5301186442375183
2015-04-22,0.5361263751983643
2015-04-23,0.5339633822441101
2015-04-24,0.5293976664543152
2015-04-27,0.53348308801651
2015-04-28,0.5361263751983643
2015-04-29,0.532041072845459
2015-04-30,0.53348308801651
2015-05-01,0.5466998219490051
2015-05-04,0.5433356165885925
2015-05-05,0.5293976664543152
2015-05-06,0.5310797691345215
2015-05-07,0.5404519438743591
2015-05-08,0.5005606412887573
2015-05-11,0.4957544207572937
2015-05-12,0.5005606412887573
2015-05-13,0.5034446120262146
2015-05-14,0.5116149187088013
2015-05-15,0.5118553042411804
2015-05-18,0.5111342668533325
2015-05-19,0.5079475045204163
2015-05-20,0.5079475045204163
2015-05-21,0.504326343536377
2015-05-22,0.5036018490791321
2015-05-26,0.5004637241363525
2015-05-27,0.5272613763809204
2015-05-28,0.5345037579536438
2015-05-29,0.5342623591423035
2015-06-01,0.5402978658676147
2015-06-02,0.5296754240989685
2015-06-03,0.5238814949989319
2015-06-04,0.5332968235015869
2015-06-05,0.5374011397361755
2015-06-08,0.5250884294509888
2015-06-09,0.5277441740036011
2015-06-10,0.5183287858963013
2015-06-11,0.5238814949989319
2015-06-12,0.5096376538276672
2015-06-15,0.508671760559082
2015-06-16,0.5149486064910889
2015-06-17,0.5209843516349792
2015-06-18,0.5296754240989685
2015-06-19,0.5279854536056519
2015-06-22,0.5258126258850098
2015-06-23,0.5122932195663452
2015-06-24,0.50722336769104
2015-06-25,0.5110861659049988
2015-06-26,0.5007050633430481
2015-06-29,0.4857369363307953
2015-06-30,0.4854954779148102
2015-07-01,0.49249666929244995
2015-07-02,0.49297964572906494
2015-07-06,0.4869442284107208
2015-07-07,0.47777003049850464
2015-07-08,0.47439032793045044
2015-07-09,0.4685962200164795
2015-07-10,0.4768044650554657
2015-07-13,0.4799429476261139
2015-07-14,0.480184406042099
2015-07-15,0.4768044650554657
2015-07-16,0.4874269366264343
2015-07-17,0.48452988266944885
2015-07-20,0.4755973517894745
2015-07-21,0.47777003049850464
2015-07-22,0.4685962200164795
2015-07-23,0.47439032793045044
2015-07-24,0.4688376486301422
2015-07-27,0.4661819636821747
2015-07-28,0.47632166743278503
2015-07-29,0.4821157157421112
2015-07-30,0.48332300782203674
2015-07-31,0.48163291811943054
2015-08-03,0.48984119296073914
2015-08-04,0.49177253246307373
2015-08-05,0.4968423545360565
2015-08-06,0.4937039017677307
2015-08-07,0.5547831058502197
2015-08-10,0.5740970373153687
2015-08-11,0.5711996555328369
2015-08-12,0.572648286819458
2015-08-13,0.5678198337554932
2015-08-14,0.5683025121688843
2015-08-17,0.564681351184845
2015-08-18,0.5595418214797974
2015-08-19,0.5573596954345703
2015-08-20,0.5372375249862671
2015-08-21,0.5205094814300537
2015-08-24,0.5020844340324402
2015-08-25,0.491659551858902
2015-08-26,0.5287523865699768
2015-08-27,0.548632025718689
2015-08-28,0.551056444644928
2015-08-31,0.5449954271316528
2015-09-01,0.5226914286613464
2015-09-02,0.5384497046470642
2015-09-03,0.5399042367935181
2015-09-04,0.5272977948188782
2015-09-08,0.5498441457748413
2015-09-09,0.5389348268508911
2015-09-10,0.5474199056625366
2015-09-11,0.5491169095039368
2015-09-14,0.5500867366790771
2015-09-15,0.5561476945877075
2015-09-16,0.5600267648696899
2015-09-17,0.5651177763938904
2015-09-18,0.5646328330039978
2015-09-21,0.5704516172409058
2015-09-22,0.5549352765083313
2015-09-23,0.5576022267341614
2015-09-24,0.5682695508003235
2015-09-25,0.5723907351493835
2015-09-28,0.5648753046989441
2015-09-29,0.5748151540756226
2015-09-30,0.5976042151451111
2015-10-01,0.5859670639038086
2015-10-02,0.6012405753135681
2015-10-05,0.6162716746330261
2015-10-06,0.6242721676826477
2015-10-07,0.6308179497718811
2015-10-08,0.634454607963562
2015-10-09,0.6320300698280334
2015-10-12,0.6388183832168579
2015-10-13,0.6400303244590759
2015-10-14,0.6633040904998779
2015-10-15,0.6650014519691467
2015-10-16,0.6754259467124939
2015-10-19,0.6742138266563416
2015-10-20,0.6732441186904907
2015-10-21,0.6645163893699646
2015-10-22,0.6885176301002502
2015-10-23,0.6931236982345581
2015-10-26,0.6899721026420593
2015-10-27,0.6894873380661011
2015-10-28,0.6950632333755493
2015-10-29,0.6710622906684875
2015-10-30,0.6877903342247009
2015-11-02,0.6957905292510986
2015-11-03,0.6909418106079102
2015-11-04,0.6795473098754883
2015-11-05,0.6717895865440369
2015-11-06,0.764884889125824
2015-11-09,0.761490523815155
2015-11-10,0.7469445466995239
2015-11-11,0.7396715879440308
2015-11-12,0.7370046973228455
2015-11-13,0.7224584221839905
2015-11-16,0.7370046973228455
2015-11-17,0.7370046973228455
2015-11-18,0.7551347613334656
2015-11-19,0.7573249936103821
2015-11-20,0.7638956904411316
2015-11-23,0.7524579167366028
2015-11-24,0.7585417032241821
2015-11-25,0.7575684189796448
2015-11-27,0.7638956904411316
2015-11-30,0.7719262838363647
2015-12-01,0.7969919443130493
2015-12-02,0.7909080982208252
2015-12-03,0.7892046570777893
2015-12-04,0.8213275074958801
2015-12-07,0.8057528734207153
2015-12-08,0.8167037963867188
2015-12-09,0.796018660068512
2015-12-10,0.8025893568992615
2015-12-11,0.790664553642273
2015-12-14,0.7926113605499268
2015-12-15,0.8023458123207092
2015-12-16,0.8072129487991333
2015-12-17,0.7950449585914612
2015-12-18,0.782147228717804
2015-12-21,0.8006422519683838
2015-12-22,0.8013722896575928
2015-12-23,0.8045361042022705
2015-12-24,0.8072129487991333
2015-12-28,0.8064830899238586
2015-12-29,0.8196240067481995
2015-12-30,0.8125667572021484
2015-12-31,0.8021025657653809
2016-01-04,0.7877445220947266
2016-01-05,0.8003993034362793
2016-01-06,0.7673026323318481
2016-01-07,0.7368831038475037
2016-01-08,0.7210647463798523
2016-01-11,0.7222816944122314
2016-01-12,0.7344497442245483
2016-01-13,0.7120607495307922
2016-01-14,0.6977025866508484
2016-01-15,0.6597390174865723
2016-01-19,0.6650930047035217
2016-01-20,0.6687430143356323
2016-01-21,0.6765305399894714
2016-01-22,0.6923486590385437
2016-01-25,0.6916187405586243
2016-01-26,0.6984325647354126
2016-01-27,0.6901586651802063
2016-01-28,0.6826146245002747
2016-01-29,0.7127906084060669
2016-02-01,0.7130340337753296
2016-02-02,0.6828581094741821
2016-02-03,0.6862648129463196
2016-02-04,0.6865082383155823
2016-02-05,0.6431907415390015
2016-02-08,0.6137446761131287
2016-02-09,0.6203151941299438
2016-02-10,0.6188550591468811
2016-02-11,0.6156916618347168
2016-02-12,0.6261557936668396
2016-02-16,0.6568185091018677
2016-02-17,0.6731235384941101
2016-02-18,0.7310426235198975
2016-02-19,0.7407768368721008
2016-02-22,0.7670592069625854
2016-02-23,0.7690061330795288
2016-02-24,0.7743598818778992
2016-02-25,0.7760633230209351
2016-02-26,0.7709528207778931
2016-02-29,0.7659457921981812
2016-03-01,0.7998955845832825
2016-03-02,0.8045362234115601
2016-03-03,0.7974533438682556
2016-03-04,0.7950108051300049
2016-03-07,0.7898815274238586
2016-03-08,0.7754713296890259
2016-03-09,0.774982750415802
2016-03-10,0.7737616896629333
2016-03-11,0.7869508266448975
2016-03-14,0.7889047861099243
2016-03-15,0.7849969863891602
2016-03-16,0.8084439635276794
2016-03-17,0.8016055226325989
2016-03-18,0.8257855772972107
2016-03-21,0.8282278180122375
2016-03-22,0.8267623782157898
2016-03-23,0.8409284353256226
2016-03-24,0.8421494960784912
2016-03-28,0.8506982326507568
2016-03-29,0.8643757700920105
2016-03-30,0.8734127283096313
2016-03-31,0.8702377676963806
2016-04-01,0.8829381465911865
2016-04-04,0.8743896484375
2016-04-05,0.8731688261032104
2016-04-06,0.8743896484375
2016-04-07,0.8653529286384583
2016-04-08,0.8709704279899597
2016-04-11,0.8763437271118164
2016-04-12,0.8753668665885925
2016-04-13,0.8973487019538879
2016-04-14,0.8997912406921387
2016-04-15,0.9068741798400879
2016-04-18,0.9029661417007446
2016-04-19,0.8868462443351746
2016-04-20,0.8902655243873596
2016-04-21,0.8892885446548462
2016-04-22,0.8858692049980164
2016-04-25,0.8902655243873596
2016-04-26,0.8909983038902283
2016-04-27,0.9112704992294312
2016-04-28,0.884159505367279
2016-04-29,0.8677952289581299
2016-05-02,0.8792744874954224
2016-05-03,0.8687722682952881
2016-05-04,0.8489884734153748
2016-05-05,0.8541176319122314
2016-05-06,0.8629104495048523
2016-05-09,0.8616893291473389
2016-05-10,0.8782975673675537
2016-05-11,0.8807401061058044
2016-05-12,0.8687722682952881
2016-05-13,1.00090754032135
2016-05-16,1.0304611921310425
2016-05-17,1.0326592922210693
2016-05-18,1.059037208557129
2016-05-19,1.0636780261993408
2016-05-20,1.0827289819717407
2016-05-23,1.084438681602478
2016-05-24,1.1107631921768188
2016-05-25,1.1061100959777832
2016-05-26,1.117864727973938
2016-05-27,1.1239867210388184
2016-05-31,1.144066333770752
2016-06-01,1.1462702751159668
2016-06-02,1.1543508768081665
2016-06-03,1.1381890773773193
2016-06-06,1.1323119401931763
2016-06-07,1.1345161199569702
2016-06-08,1.130842924118042
2016-06-09,1.160227656364441
2016-06-10,1.1313326358795166
2016-06-13,1.1457804441452026
2016-06-14,1.1479846239089966
2016-06-15,1.159738540649414
2016-06-16,1.1643906831741333
2016-06-17,1.144066333770752
2016-06-20,1.1646356582641602
2016-06-21,1.1575344800949097
2016-06-22,1.1565548181533813
2016-06-23,1.1874096393585205
2016-06-24,1.1198233366012573
2016-06-27,1.1078243255615234
2016-06-28,1.1239867210388184
2016-06-29,1.1423519849777222
2016-06-30,1.1511675119400024
2016-07-01,1.142596960067749
2016-07-05,1.1594938039779663
2016-07-06,1.1668397188186646
2016-07-07,1.197204351425171
2016-07-08,1.2452008724212646
2016-07-11,1.2738512754440308
2016-07-12,1.2929517030715942
2016-07-13,1.292461633682251
2016-07-14,1.3056851625442505
2016-07-15,1.290502905845642
2016-07-18,1.2971142530441284
2016-07-19,1.3105825185775757
2016-07-20,1.3277238607406616
2016-07-21,1.3032362461090088
2016-07-22,1.3387433290481567
2016-07-25,1.3634761571884155
2016-07-26,1.3867394924163818
2016-07-27,1.3727816343307495
2016-07-28,1.3757201433181763
2016-07-29,1.3982492685317993
2016-08-01,1.3891881704330444
2016-08-02,1.3722918033599854
2016-08-03,1.3759652376174927
2016-08-04,1.4014323949813843
2016-08-05,1.4251853227615356
2016-08-08,1.438408613204956
2016-08-09,1.4420815706253052
2016-08-10,1.4327764511108398
2016-08-11,1.4619166851043701
2016-08-12,1.5437055826187134
2016-08-15,1.5422366857528687
2016-08-16,1.5329316854476929
2016-08-17,1.4974238872528076
2016-08-18,1.5206876993179321
2016-08-19,1.524605393409729
2016-08-22,1.5309722423553467
2016-08-23,1.5433611869812012
2016-08-24,1.5195648670196533
2016-08-25,1.5095056295394897
2016-08-26,1.5217721462249756
2016-08-29,1.5207908153533936
2016-08-30,1.5119590759277344
2016-08-31,1.5048447847366333
2016-09-01,1.5492494106292725
2016-09-02,1.5340386629104614
2016-09-06,1.548513412475586
2016-09-07,1.5256977081298828
2016-09-08,1.5367375612258911
2016-09-09,1.4601949453353882
2016-09-12,1.4903701543807983
2016-09-13,1.4687812328338623
2016-09-14,1.4817838668823242
2016-09-15,1.5379643440246582
2016-09-16,1.541643738746643
2016-09-19,1.5620062351226807
2016-09-20,1.5477772951126099
2016-09-21,1.5912004709243774
2016-09-22,1.595125436782837
2016-09-23,1.593408465385437
2016-09-26,1.578442931175232
2016-09-27,1.6324151754379272
2016-09-28,1.638303518295288
2016-09-29,1.6535135507583618
2016-09-30,1.6809906959533691
2016-10-03,1.6792731285095215
2016-10-04,1.675593614578247
2016-10-05,1.6738760471343994
2016-10-06,1.652042031288147
2016-10-07,1.6400206089019775
2016-10-10,1.6461538076400757
2016-10-11,1.6223573684692383
2016-10-12,1.6297167539596558
2016-10-13,1.6032214164733887
2016-10-14,1.618922472000122
2016-10-17,1.6095999479293823
2016-10-18,1.6341328620910645
2016-10-19,1.630698323249817
2016-10-20,1.661609411239624
2016-10-21,1.6569486856460571
2016-10-24,1.7347172498703003
2016-10-25,1.7631754875183105
2016-10-26,1.7702902555465698
2016-10-27,1.7339813709259033
2016-10-28,1.7310378551483154
2016-10-31,1.7457575798034668
2016-11-01,1.6939932107925415
2016-11-02,1.6868783235549927
2016-11-03,1.667252540588379
2016-11-04,1.6576842069625854
2016-11-07,1.7484561204910278
2016-11-08,1.7457575798034668
2016-11-09,1.716317892074585
2016-11-10,1.6625912189483643
2016-11-11,2.158154249191284
2016-11-14,2.051927089691162
2016-11-15,2.1144859790802
2016-11-16,2.247945785522461
2016-11-17,2.2665889263153076
2016-11-18,2.2903871536254883
2016-11-21,2.281064033508301
2016-11-22,2.2975008487701416
2016-11-23,2.308803081512451
2016-11-25,2.3134713172912598
2016-11-28,2.3122427463531494
2016-11-29,2.2911124229431152
2016-11-30,2.265314817428589
2016-12-01,2.1532771587371826
2016-12-02,2.1731789112091064
2016-12-05,2.257452964782715
2016-12-06,2.294553279876709
2016-12-07,2.335829496383667
2016-12-08,2.2967638969421387
2016-12-09,2.2559783458709717
2016-12-12,2.201188564300537
2016-12-13,2.2400078773498535
2016-12-14,2.3697359561920166
2016-12-15,2.425262212753296
2016-12-16,2.4670307636260986
2016-12-19,2.4970054626464844
2016-12-20,2.583982229232788
2016-12-21,2.600198268890381
2016-12-22,2.6316468715667725
2016-12-23,2.6972479820251465
2016-12-27,2.882502794265747
2016-12-28,2.68422532081604
2016-12-29,2.7377874851226807
2016-12-30,2.622556686401367
2017-01-03,2.506342649459839
2017-01-04,2.5648186206817627
2017-01-05,2.499708890914917
2017-01-06,2.533123731613159
2017-01-09,2.635824203491211
2017-01-10,2.6159229278564453
2017-01-11,2.5837368965148926
2017-01-12,2.541476249694824
2017-01-13,2.5412309169769287
2017-01-17,2.484229326248169
2017-01-18,2.529438018798828
2017-01-19,2.5837368965148926
2017-01-20,2.555481195449829
2017-01-23,2.5820159912109375
2017-01-24,2.6370527744293213
2017-01-25,2.6483538150787354
2017-01-26,2.694053888320923
2017-01-27,2.7461416721343994
2017-01-30,2.703144073486328
2017-01-31,2.6825063228607178
2017-02-01,2.799703359603882
2017-02-02,2.8350837230682373
2017-02-03,2.810267925262451
2017-02-06,2.882256269454956
2017-02-07,2.926974058151245
2017-02-08,2.9141969680786133
2017-02-09,2.8594071865081787
2017-02-10,2.791595220565796
2017-02-13,2.6628503799438477
2017-02-14,2.6726789474487305
2017-02-15,2.678083896636963
2017-02-16,2.635087490081787
2017-02-17,2.6345956325531006
2017-02-21,2.728943109512329
2017-02-22,2.7247605323791504
2017-02-23,2.4721126556396484
2017-02-24,2.49597430229187
2017-02-27,2.5685462951660156
2017-02-28,2.496467351913452
2017-03-01,2.528693914413452
2017-03-02,2.435457468032837
2017-03-03,2.421435594558716
2017-03-06,2.4027390480041504
2017-03-07,2.4290614128112793
2017-03-08,2.424633264541626
2017-03-09,2.4241421222686768
2017-03-10,2.4384095668792725
2017-03-13,2.5055699348449707
2017-03-14,2.503847599029541
2017-03-15,2.5227904319763184
2017-03-16,2.553786516189575
2017-03-17,2.609384536743164
2017-03-20,2.692533493041992
2017-03-21,2.60544753074646
2017-03-22,2.6585848331451416
2017-03-23,2.634476661682129
2017-03-24,2.6438252925872803
2017-03-27,2.6630122661590576
2017-03-28,2.6492369174957275
2017-03-29,2.6406266689300537
2017-03-30,2.6913044452667236
2017-03-31,2.679741859436035
2017-04-03,2.6662116050720215
2017-04-04,2.4792468547821045
2017-04-05,2.46079683303833
2017-04-06,2.478754997253418
2017-04-07,2.4681758880615234
2017-04-10,2.4051992893218994
2017-04-11,2.4138102531433105
2017-04-12,2.3938822746276855
2017-04-13,2.3491106033325195
2017-04-17,2.4411158561706543
2017-04-18,2.442592144012451
2017-04-19,2.452186346054077
2017-04-20,2.4910547733306885
2017-04-21,2.501386880874634
2017-04-24,2.53262996673584
2017-04-25,2.576664924621582
2017-04-26,2.558952569961548
2017-04-27,2.5988051891326904
2017-04-28,2.565840244293213
2017-05-01,2.623406171798706
2017-05-02,2.545668840408325
2017-05-03,2.564610481262207
2017-05-04,2.5547702312469482
2017-05-05,2.555016040802002
2017-05-08,2.5282022953033447
2017-05-09,2.532383680343628
2017-05-10,2.98380446434021
2017-05-11,3.111974000930786
2017-05-12,3.1461689472198486
2017-05-15,3.3041045665740967
2017-05-16,3.365605592727661
2017-05-17,3.141986131668091
2017-05-18,3.2736001014709473
2017-05-19,3.3492026329040527
2017-05-22,3.4206199645996094
2017-05-23,3.374568462371826
2017-05-24,3.4124929904937744
2017-05-25,3.4048585891723633
2017-05-26,3.4930214881896973
2017-05-30,3.5676393508911133
2017-05-31,3.5548343658447266
2017-06-01,3.5550801753997803
2017-06-02,3.5373497009277344
2017-06-05,3.6449666023254395
2017-06-06,3.6284666061401367
2017-06-07,3.67230224609375
2017-06-08,3.938760995864868
2017-06-09,3.684123992919922
2017-06-12,3.693234920501709
2017-06-13,3.7284507751464844
2017-06-14,3.7363321781158447
2017-06-15,3.7523388862609863
2017-06-16,3.7338690757751465
2017-06-19,3.874239921569824
2017-06-20,3.8685755729675293
2017-06-21,3.9271864891052246
2017-06-22,3.900096893310547
2017-06-23,3.7882931232452393
2017-06-26,3.7469215393066406
2017-06-27,3.6097512245178223
2017-06-28,3.737070083618164
2017-06-29,3.6122143268585205
2017-06-30,3.5600056648254395
2017-07-03,3.4312098026275635
2017-07-05,3.522819757461548
2017-07-06,3.533409357070923
2017-07-07,3.6141841411590576
2017-07-10,3.7850921154022217
2017-07-11,3.8387773036956787
2017-07-12,4.002051830291748
2017-07-13,3.9557526111602783
2017-07-14,4.062140464782715
2017-07-17,4.044900417327881
2017-07-18,4.087011814117432
2017-07-19,4.065834999084473
2017-07-20,4.124937534332275
2017-07-21,4.139713764190674
2017-07-24,4.091691017150879
2017-07-25,4.071990489959717
2017-07-26,4.119028091430664
2017-07-27,3.9830892086029053
2017-07-28,4.048348426818848
2017-07-31,4.002051830291748
2017-08-01,4.050810813903809
2017-08-02,4.048348426818848
2017-08-03,4.099818706512451
2017-08-04,4.117794990539551
2017-08-07,4.244376182556152
2017-08-08,4.193889617919922
2017-08-09,4.238466262817383
2017-08-10,4.056968688964844
2017-08-11,3.840747594833374
2017-08-14,4.147101879119873
2017-08-15,4.112132549285889
2017-08-16,4.067065238952637
2017-08-17,3.9764397144317627
2017-08-18,3.9771785736083984
2017-08-21,3.9193055629730225
2017-08-22,4.006560325622559
2017-08-23,4.086667537689209
2017-08-24,4.071631908416748
2017-08-25,4.037618160247803
2017-08-28,4.0662102699279785
2017-08-29,4.059553146362305
2017-08-30,4.083710670471191
2017-08-31,4.17638635635376
2017-09-01,4.201526641845703
2017-09-05,4.0893778800964355
2017-09-06,4.086913585662842
2017-09-07,4.105894088745117
2017-09-08,4.034659385681152
2017-09-11,4.1655402183532715
2017-09-12,4.180576801300049
2017-09-13,4.199309825897217
2017-09-14,4.175399303436279
2017-09-15,4.439382553100586
2017-09-18,4.622765064239502
2017-09-19,4.617835521697998
2017-09-20,4.580617904663086
2017-09-21,4.455405235290527
2017-09-22,4.412023544311523
2017-09-25,4.214838027954102
2017-09-26,4.238500595092773
2017-09-27,4.331423282623291
2017-09-28,4.3301920890808105
2017-09-29,4.406354904174805
2017-10-02,4.412023544311523
2017-10-03,4.421141624450684
2017-10-04,4.458113670349121
2017-10-05,4.455650806427002
2017-10-06,4.468714237213135
2017-10-09,4.569525241851807
2017-10-10,4.656778335571289
2017-10-11,4.70632266998291
2017-10-12,4.708540439605713
2017-10-13,4.796287536621094
2017-10-16,4.8786115646362305
2017-10-17,4.874176979064941
2017-10-18,4.8699870109558105
2017-10-19,4.8754096031188965
2017-10-20,4.853225231170654
2017-10-23,4.846323013305664
2017-10-24,4.897098064422607
2017-10-25,4.7733659744262695
2017-10-26,4.823398590087891
2017-10-27,4.975480556488037
2017-10-30,5.0242838859558105
2017-10-31,5.097489833831787
2017-11-01,5.107101917266846
2017-11-02,5.076045513153076
2017-11-03,5.143827438354492
2017-11-06,5.166996955871582
2017-11-07,5.22615385055542
2017-11-08,5.155411720275879
2017-11-09,5.060763359069824
2017-11-10,5.327456951141357
2017-11-13,5.240941524505615
2017-11-14,5.27914571762085
2017-11-15,5.175622463226318
2017-11-16,5.2158002853393555
2017-11-17,5.2096381187438965
2017-11-20,5.276681423187256
2017-11-21,5.325235843658447
2017-11-22,5.301313400268555
2017-11-24,5.351382732391357
2017-11-27,5.281826496124268
2017-11-28,5.1972246170043945
2017-11-29,4.844758033752441
2017-11-30,4.9505720138549805
2017-12-01,4.87583589553833
2017-12-04,4.604024410247803
2017-12-05,4.630661964416504
2017-12-06,4.668154239654541
2017-12-07,4.7354912757873535
2017-12-08,4.723158836364746
2017-12-11,4.801346778869629
2017-12-12,4.707124710083008
2017-12-13,4.59218692779541
2017-12-14,4.599338054656982
2017-12-15,4.724884986877441
2017-12-18,4.8812642097473145
2017-12-19,4.837111473083496
2017-12-20,4.85413122177124
2017-12-21,4.83168363571167
2017-12-22,4.81639289855957
2017-12-26,4.8699164390563965
2017-12-27,4.863254547119141
2017-12-28,4.868929862976074
2017-12-29,4.772736549377441
2018-01-02,4.917026996612549
2018-01-03,5.240636348724365
2018-01-04,5.268259525299072
2018-01-05,5.312904357910156
2018-01-08,5.475696563720703
2018-01-09,5.474215030670166
2018-01-10,5.517132759094238
2018-01-11,5.526999473571777
2018-01-12,5.499869346618652
2018-01-16,5.429078578948975
2018-01-17,5.542786121368408
2018-01-18,5.535877704620361
2018-01-19,5.675732612609863
2018-01-22,5.764033317565918
2018-01-23,5.892786979675293
2018-01-24,5.816078186035156
2018-01-25,5.829643726348877
2018-01-26,6.001805782318115
2018-01-29,6.088630199432373
2018-01-30,5.986761569976807
2018-01-31,6.062729835510254
2018-02-01,5.932004451751709
2018-02-02,5.759840488433838
2018-02-05,5.270975112915039
2018-02-06,5.563997745513916
2018-02-07,5.643420219421387
2018-02-08,5.365195274353027
2018-02-09,5.724322319030762
2018-02-12,5.624427318572998
2018-02-13,5.737889289855957
2018-02-14,5.954697132110596
2018-02-15,6.079995632171631
2018-02-16,6.014387607574463
2018-02-20,6.143633842468262
2018-02-21,5.956916332244873
2018-02-22,5.976413249969482
2018-02-23,6.06970739364624
2018-02-26,6.08574914932251
2018-02-27,6.072915554046631
2018-02-28,5.97271203994751
2018-03-01,5.731090068817139
2018-03-02,5.837955951690674
2018-03-05,5.815988540649414
2018-03-06,5.97666072845459
2018-03-07,5.96876335144043
2018-03-08,5.952474117279053
2018-03-09,6.054899215698242
2018-03-12,6.164233207702637
2018-03-13,6.113638877868652
2018-03-14,6.139060020446777
2018-03-15,6.153868198394775
2018-03-16,6.182003974914551
2018-03-19,5.948030948638916
2018-03-20,6.159789562225342
2018-03-21,6.134616374969482
2018-03-22,5.969009876251221
2018-03-23,5.749845504760742
2018-03-26,6.033920764923096
2018-03-27,5.565974235534668
2018-03-28,5.463057518005371
2018-03-29,5.715787410736084
2018-04-02,5.455653667449951
2018-04-03,5.561779499053955
2018-04-04,5.58374547958374
2018-04-05,5.4637980461120605
2018-04-06,5.287824630737305
2018-04-09,5.316452503204346
2018-04-10,5.624960899353027
2018-04-11,5.58374547958374
2018-04-12,5.790074825286865
2018-04-13,5.713563919067383
2018-04-16,5.713316917419434
2018-04-17,5.862636089324951
2018-04-18,5.8337602615356445
2018-04-19,5.6528496742248535
2018-04-20,5.644706726074219
2018-04-23,5.52549934387207
2018-04-24,5.459354400634766
2018-04-25,5.347303867340088
2018-04-26,5.558570384979248
2018-04-27,5.585965156555176
2018-04-30,5.55067253112793
2018-05-01,5.605957508087158
2018-05-02,5.58547306060791
2018-05-03,5.750340938568115
2018-05-04,5.900151252746582
2018-05-07,6.137578964233398
2018-05-08,6.18002986907959
2018-05-09,6.312809944152832
2018-05-10,6.420172214508057
2018-05-11,6.281960487365723
2018-05-14,6.3024444580078125
2018-05-15,6.060574531555176
2018-05-16,6.071680545806885
2018-05-17,6.113638877868652
2018-05-18,6.069953441619873
2018-05-21,6.027996063232422
2018-05-22,5.989987373352051
2018-05-23,6.113220691680908
2018-05-24,6.116926193237305
2018-05-25,6.156191825866699
2018-05-29,6.139150619506836
2018-05-30,6.247812747955322
2018-05-31,6.228057861328125
2018-06-01,6.362154483795166
2018-06-04,6.540707111358643
2018-06-05,6.546139240264893
2018-06-06,6.548115253448486
2018-06-07,6.492550373077393
2018-06-08,6.477237701416016
2018-06-11,6.436242580413818
2018-06-12,6.484645843505859
2018-06-13,6.4802021980285645
2018-06-14,6.59158182144165
2018-06-15,6.550830841064453
2018-06-18,6.546635150909424
2018-06-19,6.42512845993042
2018-06-20,6.477978706359863
2018-06-21,6.349559783935547
2018-06-22,6.197433948516846
2018-06-25,5.905280590057373
2018-06-26,5.976158618927002
2018-06-27,5.821314334869385
2018-06-28,5.948251724243164
2018-06-29,5.850456714630127
2018-07-02,5.982334613800049
2018-07-03,5.848973751068115
2018-07-05,5.994433403015137
2018-07-06,6.108034610748291
2018-07-09,6.155449390411377
2018-07-10,6.254234790802002
2018-07-11,6.112974643707275
2018-07-12,6.204348564147949
2018-07-13,6.15717887878418
2018-07-16,6.129519462585449
2018-07-17,6.265100479125977
2018-07-18,6.215956211090088
2018-07-19,6.224105358123779
2018-07-20,6.195950984954834
2018-07-23,6.159402847290039
2018-07-24,6.142115116119385
2018-07-25,6.22015380859375
2018-07-26,6.29349946975708
2018-07-27,6.2238569259643555
2018-07-30,6.0290069580078125
2018-07-31,6.0470356941223145
2018-08-01,6.086795330047607
2018-08-02,6.189283847808838
2018-08-03,6.225833892822266
2018-08-06,6.273496627807617
2018-08-07,6.345609664916992
2018-08-08,6.3819122314453125
2018-08-09,6.333507061004639
2018-08-10,6.292266845703125
2018-08-13,6.3251118659973145
2018-08-14,6.456247329711914
2018-08-15,6.3982110023498535
2018-08-16,6.357708930969238
2018-08-17,6.046046733856201
2018-08-20,6.120629787445068
2018-08-21,6.255961894989014
2018-08-22,6.490573883056641
2018-08-23,6.589850902557373
2018-08-24,6.722714424133301
2018-08-27,6.813595294952393
2018-08-28,6.776058673858643
2018-08-29,6.881321430206299
2018-08-30,6.864518642425537
2018-08-31,6.935433864593506
2018-09-04,7.0100555419921875
2018-09-05,6.879591464996338
2018-09-06,6.738748073577881
2018-09-07,6.7174973487854
2018-09-10,6.788414001464844
2018-09-11,6.740724563598633
2018-09-12,6.627060413360596
2018-09-13,6.704648494720459
2018-09-14,6.830419540405273
2018-09-17,6.768645286560059
2018-09-18,6.696741104125977
2018-09-19,6.720461845397949
2018-09-20,6.57961893081665
2018-09-21,6.509690284729004
2018-09-24,6.565286636352539
2018-09-25,6.632248878479004
2018-09-26,6.595433712005615
2018-09-27,6.607293128967285
2018-09-28,6.943835258483887
2018-10-01,7.1499104499816895
2018-10-02,7.07874870300293
2018-10-03,7.084925651550293
2018-10-04,6.901087760925293
2018-10-05,6.668078899383545
2018-10-08,6.5670166015625
2018-10-09,6.561334609985352
2018-10-10,6.070851802825928
2018-10-11,5.809920787811279
2018-10-12,6.091854572296143
2018-10-15,5.81609582901001
2018-10-16,6.07431173324585
2018-10-17,6.005867004394531
2018-10-18,5.918642520904541
2018-10-19,5.662653923034668
2018-10-22,5.713306903839111
2018-10-23,5.462258815765381
2018-10-24,4.927300930023193
2018-10-25,5.135600566864014
2018-10-26,4.899626731872559
2018-10-29,4.586560249328613
2018-10-30,5.016007423400879
2018-10-31,5.209481239318848
2018-11-01,5.38936710357666
2018-11-02,5.310543060302734
2018-11-05,5.23270845413208
2018-11-06,5.215165615081787
2018-11-07,5.28262186050415
2018-11-08,5.0898895263671875
2018-11-09,5.081982612609863
2018-11-12,4.6834187507629395
2018-11-13,4.924829483032227
2018-11-14,4.872445583343506
2018-11-15,5.0009355545043945
2018-11-16,4.062966346740723
2018-11-19,3.5754499435424805
2018-11-20,3.6836769580841064
2018-11-21,3.575697660446167
2018-11-23,3.5828628540039062
2018-11-26,3.781773567199707
2018-11-27,3.7985763549804688
2018-11-28,3.955232858657837
2018-11-29,3.8921620845794678
2018-11-30,4.042298316955566
2018-12-03,4.205790042877197
2018-12-04,3.8859777450561523
2018-12-06,3.9151647090911865
2018-12-07,3.6510040760040283
2018-12-10,3.7561233043670654
2018-12-11,3.6653499603271484
2018-12-12,3.682910680770874
2018-12-13,3.682663917541504
2018-12-14,3.622312545776367
2018-12-17,3.5513248443603516
2018-12-18,3.634432315826416
2018-12-19,3.4259231090545654
2018-12-20,3.3415796756744385
2018-12-21,3.2048003673553467
2018-12-24,3.1432125568389893
2018-12-26,3.292111873626709
2018-12-27,3.2443747520446777
2018-12-28,3.3057150840759277
2018-12-31,3.3020052909851074
2019-01-02,3.3692824840545654
2019-01-03,3.165719985961914
2019-01-04,3.368540048599243
2019-01-07,3.546872854232788
2019-01-08,3.4585723876953125
2019-01-09,3.5265917778015137
2019-01-10,3.592137098312378
2019-01-11,3.681180000305176
2019-01-14,3.721001625061035
2019-01-15,3.7069032192230225
2019-01-16,3.6814258098602295
2019-01-17,3.7526612281799316
2019-01-18,3.8815255165100098
2019-01-22,3.6796953678131104
2019-01-23,3.6925570964813232
2019-01-24,3.904033660888672
2019-01-25,3.961169958114624
2019-01-28,3.4135568141937256
2019-01-29,3.2550103664398193
2019-01-30,3.398221492767334
2019-01-31,3.555529832839966
2019-02-01,3.5797688961029053
2019-02-04,3.6898369789123535
2019-02-05,3.708881139755249
2019-02-06,3.78432035446167
2019-02-07,3.64630389213562
2019-02-08,3.6648545265197754
2019-02-11,3.622312545776367
2019-02-12,3.7390575408935547
2019-02-13,3.7813525199890137
2019-02-14,3.8221635818481445
2019-02-15,3.891667127609253
2019-02-19,3.8743531703948975
2019-02-20,3.9215946197509766
2019-02-21,3.8528335094451904
2019-02-22,3.937424421310425
2019-02-25,3.9250571727752686
2019-02-26,3.8857312202453613
2019-02-27,3.8439300060272217
2019-02-28,3.819417715072632
2019-03-01,3.8736419677734375
2019-03-04,3.88181209564209
2019-03-05,3.8753747940063477
2019-03-06,3.7646994590759277
2019-03-07,3.6956193447113037
2019-03-08,3.729787826538086
2019-03-11,3.9897637367248535
2019-03-12,4.023932933807373
2019-03-13,4.174965858459473
2019-03-14,4.099201202392578
2019-03-15,4.2044291496276855
2019-03-18,4.183135986328125
2019-03-19,4.350511074066162
2019-03-20,4.318077087402344
2019-03-21,4.554283618927002
2019-03-22,4.394832611083984
2019-03-25,4.302724361419678
2019-03-26,4.379233360290527
2019-03-27,4.370070934295654
2019-03-28,4.388641357421875
2019-03-29,4.445834636688232
2019-04-01,4.513181686401367
2019-04-02,4.531008243560791
2019-04-03,4.670157432556152
2019-04-04,4.661245346069336
2019-04-05,4.727848529815674
2019-04-08,4.7486467361450195
2019-04-09,4.686004161834717
2019-04-10,4.756321430206299
2019-04-11,4.742456436157227
2019-04-12,4.704574108123779
2019-04-15,4.573100566864014
2019-04-16,4.660006523132324
2019-04-17,4.637228488922119
2019-04-18,4.612715721130371
2019-04-22,4.666443824768066
2019-04-23,4.720914363861084
2019-04-24,4.733295917510986
2019-04-25,4.627819538116455
2019-04-26,4.409440040588379
2019-04-29,4.44014310836792
2019-04-30,4.4814910888671875
2019-05-01,4.468366622924805
2019-05-02,4.535713195800781
2019-05-03,4.531256675720215
2019-05-06,4.453017234802246
2019-05-07,4.286136150360107
2019-05-08,4.306191444396973
2019-05-09,4.213837146759033
2019-05-10,4.179917812347412
2019-05-13,3.923161029815674
2019-05-14,4.012046813964844
2019-05-15,3.951138973236084
2019-05-16,3.966243028640747
2019-05-17,3.875622034072876
2019-05-20,3.7572715282440186
2019-05-21,3.8392255306243896
2019-05-22,3.7684128284454346
2019-05-23,3.6475861072540283
2019-05-24,3.593858242034912
2019-05-28,3.548795223236084
2019-05-29,3.474764585494995
2019-05-30,3.448241949081421
2019-05-31,3.3577654361724854
2019-06-03,3.3161215782165527
2019-06-04,3.5446670055389404
2019-06-05,3.502031087875366
2019-06-06,3.564000368118286
2019-06-07,3.6066360473632812
2019-06-10,3.679264783859253
2019-06-11,3.736772060394287
2019-06-12,3.6239876747131348
2019-06-13,3.6750497817993164
2019-06-14,3.585317611694336
2019-06-17,3.5949857234954834
2019-06-18,3.789569854736328
2019-06-19,3.795520305633545
2019-06-20,3.8198115825653076
2019-06-21,3.761808156967163
2019-06-24,3.7841169834136963
2019-06-25,3.7548670768737793
2019-06-26,3.9477169513702393
2019-06-27,4.04612398147583
2019-06-28,4.0709123611450195
2019-07-01,4.1190009117126465
2019-07-02,4.021337032318115
2019-07-03,4.03422737121582
2019-07-05,3.9717607498168945
2019-07-08,3.8969016075134277
2019-07-09,3.8993804454803467
2019-07-10,3.9675471782684326
2019-07-11,4.121728420257568
2019-07-12,4.1546950340271
2019-07-15,4.146267414093018
2019-07-16,4.141558647155762
2019-07-17,4.206751346588135
2019-07-18,4.218400955200195
2019-07-19,4.175270080566406
2019-07-22,4.2466583251953125
2019-07-23,4.354238033294678
2019-07-24,4.42860221862793
2019-07-25,4.297720909118652
2019-07-26,4.339613437652588
2019-07-29,4.33341646194458
2019-07-30,4.349031925201416
2019-07-31,4.182210445404053
2019-08-01,4.088016986846924
2019-08-02,3.9955570697784424
2019-08-05,3.7377634048461914
2019-08-06,3.7764322757720947
2019-08-07,3.814605474472046
2019-08-08,3.922929286956787
2019-08-09,3.821794271469116
2019-08-12,3.7541236877441406
2019-08-13,3.868147611618042
2019-08-14,3.719916343688965
2019-08-15,3.687692165374756
2019-08-16,3.955153703689575
2019-08-19,4.233273506164551
2019-08-20,4.161140441894531
2019-08-21,4.244426727294922
2019-08-22,4.2506256103515625
2019-08-23,4.026543140411377
2019-08-26,4.10115385055542
2019-08-27,4.010677814483643
2019-08-28,4.000256538391113
2019-08-29,4.143672466278076
2019-08-30,4.156325817108154
2019-09-03,4.073453426361084
2019-09-04,4.187343597412109
2019-09-05,4.459782600402832
2019-09-06,4.432736396789551
2019-09-09,4.478639602661133
2019-09-10,4.545137882232666
2019-09-11,4.573671817779541
2019-09-12,4.572183132171631
2019-09-13,4.514369487762451
2019-09-16,4.471444606781006
2019-09-17,4.492783546447754
2019-09-18,4.465737342834473
2019-09-19,4.390307903289795
2019-09-20,4.284854412078857
2019-09-23,4.338201999664307
2019-09-24,4.280886173248291
2019-09-25,4.422317981719971
2019-09-26,4.400233268737793
2019-09-27,4.261780261993408
2019-09-30,4.31909704208374
2019-10-01,4.317359447479248
2019-10-02,4.293538570404053
2019-10-03,4.498738765716553
2019-10-04,4.515115737915039
2019-10-07,4.573671817779541
2019-10-08,4.39750337600708
2019-10-09,4.483851432800293
2019-10-10,4.541415214538574
2019-10-11,4.614861011505127
2019-10-14,4.628259181976318
2019-10-15,4.872413158416748
2019-10-16,4.818819522857666
2019-10-17,4.820802211761475
2019-10-18,4.726516246795654
2019-10-21,4.8634796142578125
2019-10-22,4.8535566329956055
2019-10-23,4.840653419494629
2019-10-24,4.884570598602295
2019-10-25,5.075129985809326
2019-10-28,5.1309590339660645
2019-10-29,5.034934043884277
2019-10-30,5.036919116973877
2019-10-31,4.987790584564209
2019-11-01,5.026745796203613
2019-11-04,5.223012924194336
2019-11-05,5.200930118560791
2019-11-06,5.151800155639648
2019-11-07,5.169417858123779
2019-11-08,5.155523777008057
2019-11-11,5.16544771194458
2019-11-12,5.200930118560791
2019-11-13,5.175124645233154
2019-11-14,5.2053961753845215
2019-11-15,5.066446781158447
2019-11-18,5.267179012298584
2019-11-19,5.160733699798584
2019-11-20,5.239885330200195
2019-11-21,5.215073108673096
2019-11-22,5.232689380645752
2019-11-25,5.488755226135254
2019-11-26,5.384294509887695
2019-11-27,5.419055461883545
2019-11-29,5.381810188293457
2019-12-02,5.195828437805176
2019-12-03,5.156346797943115
2019-12-04,5.20004940032959
2019-12-05,5.183165550231934
2019-12-06,5.268332481384277
2019-12-09,5.268332481384277
2019-12-10,5.313277721405029
2019-12-11,5.396708011627197
2019-12-12,5.56381893157959
2019-12-13,5.561831474304199
2019-12-16,5.590636253356934
2019-12-17,5.668605804443359
2019-12-18,5.698899269104004
2019-12-19,5.846640586853027
2019-12-20,5.943728446960449
2019-12-23,5.930071830749512
2019-12-24,5.925107002258301
2019-12-26,5.9392595291137695
2019-12-27,5.88165283203125
2019-12-30,5.768671989440918
2019-12-31,5.842668533325195
2020-01-02,5.957138538360596
2020-01-03,5.86178731918335
2020-01-06,5.886368274688721
2020-01-07,5.957635879516602
2020-01-08,5.968809604644775
2020-01-09,6.034362316131592
2020-01-10,6.066640853881836
2020-01-13,6.2568440437316895
2020-01-14,6.140140533447266
2020-01-15,6.097679615020752
2020-01-16,6.181110382080078
2020-01-17,6.1898016929626465
2020-01-21,6.156529426574707
2020-01-22,6.21041202545166
2020-01-23,6.278695583343506
2020-01-24,6.219597816467285
2020-01-27,5.964338302612305
2020-01-28,6.1572747230529785
2020-01-29,6.096935272216797
2020-01-30,6.103639125823975
2020-01-31,5.870727062225342
2020-02-03,5.967566967010498
2020-02-04,6.136415004730225
2020-02-05,6.226552486419678
2020-02-06,6.313211441040039
2020-02-07,6.247161388397217
2020-02-10,6.529733657836914
2020-02-11,6.651902198791504
2020-02-12,6.767364501953125
2020-02-13,6.72366189956665
2020-02-14,7.1956939697265625
2020-02-18,7.364046573638916
2020-02-19,7.81422758102417
2020-02-20,7.665243148803711
2020-02-21,7.3019700050354
2020-02-24,6.785738945007324
2020-02-25,6.5068888664245605
2020-02-26,6.64594030380249
2020-02-27,6.275990009307861
2020-02-28,6.710043430328369
2020-03-02,6.868061542510986
2020-03-03,6.606189727783203
2020-03-04,7.068814277648926
2020-03-05,6.790045738220215
2020-03-06,6.6099162101745605
2020-03-09,6.09809684753418
2020-03-10,6.486681938171387
2020-03-11,6.123687744140625
2020-03-12,5.374346733093262
2020-03-13,5.983806610107422
2020-03-16,4.879669666290283
2020-03-17,5.398197650909424
2020-03-18,5.039179801940918
2020-03-19,5.291360855102539
2020-03-20,5.111976623535156
2020-03-23,5.28440523147583
2020-03-24,6.191020488739014
2020-03-25,6.102568626403809
2020-03-26,6.391275405883789
2020-03-27,6.2792205810546875
2020-03-30,6.5987348556518555
2020-03-31,6.54929256439209
2020-04-01,6.03921365737915
2020-04-02,6.3472981452941895
2020-04-03,6.060083389282227
2020-04-06,6.668551445007324
2020-04-07,6.435748100280762
2020-04-08,6.6325249671936035
2020-04-09,6.533143043518066
2020-04-13,6.70457649230957
2020-04-14,7.0548996925354
2020-04-15,6.977629661560059
2020-04-16,7.321988105773926
2020-04-17,7.262857913970947
2020-04-20,7.131921768188477
2020-04-21,6.696129322052002
2020-04-22,7.109560966491699
2020-04-23,7.056390285491943
2020-04-24,7.195028781890869
2020-04-27,7.38112211227417
2020-04-28,7.239005088806152
2020-04-29,7.415409564971924
2020-04-30,7.261863708496094
2020-05-01,7.025830268859863
2020-05-04,7.237266540527344
2020-05-05,7.298137664794922
2020-05-06,7.3987627029418945
2020-05-07,7.574670314788818
2020-05-08,7.764241695404053
2020-05-11,8.015679359436035
2020-05-12,7.754302024841309
2020-05-13,7.731943130493164
2020-05-14,7.980894565582275
2020-05-15,8.438302993774414
2020-05-18,8.696198463439941
2020-05-19,8.751104354858398
2020-05-20,8.91458797454834
2020-05-21,8.721047401428223
2020-05-22,8.970490455627441
2020-05-26,8.66390323638916
2020-05-27,8.472589492797852
2020-05-28,8.434574127197266
2020-05-29,8.820674896240234
2020-06-01,8.751852035522461
2020-06-02,8.770734786987305
2020-06-03,8.71532917022705
2020-06-04,8.716323852539062
2020-06-05,8.868945121765137
2020-06-08,8.75460433959961
2020-06-09,8.994226455688477
2020-06-10,9.313138008117676
2020-06-11,8.745904922485352
2020-06-12,8.881373405456543
2020-06-15,9.121243476867676
2020-06-16,9.016595840454102
2020-06-17,9.18313980102539
2020-06-18,9.165243148803711
2020-06-19,9.208239555358887
2020-06-22,9.472222328186035
2020-06-23,9.395913124084473
2020-06-24,9.18264102935791
2020-06-25,9.43568229675293
2020-06-26,9.102599143981934
2020-06-29,9.147342681884766
2020-06-30,9.443388938903809
2020-07-01,9.47545337677002
2020-07-02,9.557233810424805
2020-07-06,9.782934188842773
2020-07-07,9.815248489379883
2020-07-08,10.157526969909668
2020-07-09,10.448848724365234
2020-07-10,10.419269561767578
2020-07-13,9.994714736938477
2020-07-14,10.317605972290039
2020-07-15,10.168713569641113
2020-07-16,10.076740264892578
2020-07-17,10.143110275268555
2020-07-20,10.450591087341309
2020-07-21,10.269384384155273
2020-07-22,10.37900161743164
2020-07-23,10.071772575378418
2020-07-24,10.136149406433105
2020-07-27,10.36185359954834
2020-07-28,10.157031059265137
2020-07-29,10.405599594116211
2020-07-30,10.553250312805176
2020-07-31,10.553995132446289
2020-08-03,10.94723129272461
2020-08-04,11.163488388061523
2020-08-05,11.222146987915039
2020-08-06,11.270620346069336
2020-08-07,11.135397911071777
2020-08-10,11.101096153259277
2020-08-11,10.7878999710083
2020-08-12,11.374771118164062
2020-08-13,11.377503395080566
2020-08-14,11.497811317443848
2020-08-17,12.266387939453125
2020-08-18,12.190574645996094
2020-08-19,12.069025039672852
2020-08-20,12.071512222290039
2020-08-21,12.610906600952148
2020-08-24,12.647444725036621
2020-08-25,12.677024841308594
2020-08-26,12.699892044067383
2020-08-27,12.5559720993042
2020-08-28,13.072498321533203
2020-08-31,13.297947883605957
2020-09-01,13.746006965637207
2020-09-02,14.268656730651855
2020-09-03,12.944875717163086
2020-09-04,12.554007530212402
2020-09-08,11.848358154296875
2020-09-09,12.646008491516113
2020-09-10,12.24494457244873
2020-09-11,12.098493576049805
2020-09-14,12.80240535736084
2020-09-15,12.920507431030273
2020-09-16,12.446592330932617
2020-09-17,12.395869255065918
2020-09-18,12.123109817504883
2020-09-21,12.449329376220703
2020-09-22,12.569177627563477
2020-09-23,12.057963371276855
2020-09-24,12.281000137329102
2020-09-25,12.803893089294434
2020-09-28,12.96427059173584
2020-09-29,13.153985977172852
2020-09-30,13.457080841064453
2020-10-01,13.54062557220459
2020-10-02,12.991374015808105
2020-10-05,13.568474769592285
2020-10-06,13.661962509155273
2020-10-07,13.888230323791504
2020-10-08,13.763660430908203
2020-10-09,13.688070297241211
2020-10-12,14.148805618286133
2020-10-13,14.170934677124023
2020-10-14,14.018767356872559
2020-10-15,13.894195556640625
2020-10-16,13.736556053161621
2020-10-19,13.424510955810547
2020-10-20,13.571456909179688
2020-10-21,13.451361656188965
2020-10-22,13.28849983215332
2020-10-23,13.516510009765625
2020-10-26,13.069942474365234
2020-10-27,13.324057579040527
2020-10-28,12.55848217010498
2020-10-29,12.95333194732666
2020-10-30,12.46599006652832
2020-11-02,12.512487411499023
2020-11-03,12.94885540008545
2020-11-04,13.719401359558105
2020-11-05,14.083169937133789
2020-11-06,14.48298454284668
2020-11-09,13.556788444519043
2020-11-10,12.70071029663086
2020-11-11,13.345191955566406
2020-11-12,13.3837308883667
2020-11-13,13.224848747253418
2020-11-16,13.441913604736328
2020-11-17,13.349418640136719
2020-11-18,13.355883598327637
2020-11-19,13.367321968078613
2020-11-20,13.01673698425293
2020-11-23,13.068699836730957
2020-11-24,12.887441635131836
2020-11-25,13.162936210632324
2020-11-27,13.189292907714844
2020-11-30,13.328782081604004
2020-12-01,13.317343711853027
2020-12-02,13.471007347106934
2020-12-03,13.32724666595459
2020-12-04,13.488665580749512
2020-12-07,13.53691577911377
2020-12-08,13.281484603881836
2020-12-09,12.864386558532715
2020-12-10,12.90567398071289
2020-12-11,12.946460723876953
2020-12-14,13.240447044372559
2020-12-15,13.291929244995117
2020-12-16,13.174534797668457
2020-12-17,13.272778511047363
2020-12-18,13.203882217407227
2020-12-21,13.263823509216309
2020-12-22,13.210102081298828
2020-12-23,12.942479133605957
2020-12-24,12.927062034606934
2020-12-28,12.833792686462402
2020-12-29,12.876822471618652
2020-12-30,13.078282356262207
2020-12-31,12.988001823425293
2021-01-04,13.046195983886719
2021-01-05,13.335953712463379
2021-01-06,12.549759864807129
2021-01-07,13.275514602661133
2021-01-08,13.20860767364502
2021-01-11,13.551590919494629
2021-01-12,13.415542602539062
2021-01-13,13.462301254272461
2021-01-14,13.132502555847168
2021-01-15,12.793501853942871
2021-01-19,12.958401679992676
2021-01-20,13.297152519226074
2021-01-21,13.796327590942383
2021-01-22,13.64212417602539
2021-01-25,13.583178520202637
2021-01-26,13.366294860839844
2021-01-27,12.851451873779297
2021-01-28,12.984017372131348
2021-01-29,12.923081398010254
2021-02-01,13.169063568115234
2021-02-02,13.487170219421387
2021-02-03,13.461058616638184
2021-02-04,13.594120979309082
2021-02-05,13.521245956420898
2021-02-08,14.364645957946777
2021-02-09,14.190047264099121
2021-02-10,14.688474655151367
2021-02-11,15.172479629516602
2021-02-12,14.884466171264648
2021-02-16,15.251571655273438
2021-02-17,14.829497337341309
2021-02-18,14.75289249420166
2021-02-19,14.849892616271973
2021-02-22,14.28207015991211
2021-02-23,14.069419860839844
2021-02-24,14.424586296081543
2021-02-25,13.2391996383667
2021-02-26,13.644113540649414
2021-03-01,13.770709037780762
2021-03-02,13.337446212768555
2021-03-03,12.739033699035645
2021-03-04,12.306761741638184
2021-03-05,12.397543907165527
2021-03-08,11.533751487731934
2021-03-09,12.460291862487793
2021-03-10,12.40854263305664
2021-03-11,12.931275367736816
2021-03-12,12.79443359375
2021-03-15,13.128080368041992
2021-03-16,13.227599143981934
2021-03-17,13.277359962463379
2021-03-18,12.661574363708496
2021-03-19,12.784233093261719
2021-03-22,13.123100280761719
2021-03-23,13.008156776428223
2021-03-24,12.582453727722168
2021-03-25,12.475217819213867
2021-03-26,12.777761459350586
2021-03-29,12.886240005493164
2021-03-30,12.810108184814453
2021-03-31,13.28432559967041
2021-04-01,13.74560832977295
2021-04-05,13.920516014099121
2021-04-06,13.795119285583496
2021-04-07,14.075767517089844
2021-04-08,14.248437881469727
2021-04-09,14.331037521362305
2021-04-12,15.136164665222168
2021-04-13,15.604413032531738
2021-04-14,15.203842163085938
2021-04-15,16.059974670410156
2021-04-16,15.836296081542969
2021-04-19,15.28818416595459
2021-04-20,15.098596572875977
2021-04-21,15.286942481994629
2021-04-22,14.779135704040527
2021-04-23,15.192148208618164
2021-04-26,15.403878211975098
2021-04-27,15.308089256286621
2021-04-28,15.203591346740723
2021-04-29,15.251360893249512
2021-04-30,14.93761920928955
2021-05-03,14.765697479248047
2021-05-04,14.282522201538086
2021-05-05,14.389257431030273
2021-05-06,14.453449249267578
2021-05-07,14.741314888000488
2021-05-10,14.197432518005371
2021-05-11,14.237738609313965
2021-05-12,13.692611694335938
2021-05-13,13.599808692932129
2021-05-14,14.174792289733887
2021-05-17,14.097661018371582
2021-05-18,13.948630332946777
2021-05-19,13.998390197753906
2021-05-20,14.542522430419922
2021-05-21,14.919957160949707
2021-05-24,15.537237167358398
2021-05-25,15.57281494140625
2021-05-26,15.624814987182617
2021-05-27,15.41382884979248
2021-05-28,16.166704177856445
2021-06-01,16.186613082885742
2021-06-02,16.697900772094727
2021-06-03,16.88848304748535
2021-06-04,17.49406623840332
2021-06-07,17.534624099731445
2021-06-08,17.37339973449707
2021-06-09,17.27908706665039
2021-06-10,17.345529556274414
2021-06-11,17.743947982788086
2021-06-14,17.936569213867188
2021-06-15,17.707366943359375
2021-06-16,17.729019165039062
2021-06-17,18.572158813476562
2021-06-18,18.553741455078125
2021-06-21,18.34320640563965
2021-06-22,18.800607681274414
2021-06-23,18.970335006713867
2021-06-24,19.117908477783203
2021-06-25,18.94420051574707
2021-06-28,19.89385223388672
2021-06-29,19.935409545898438
2021-06-30,19.911277770996094
2021-07-01,20.119813919067383
2021-07-02,20.3935604095459
2021-07-06,20.60409927368164
2021-07-07,20.278839111328125
2021-07-08,19.811979293823242
2021-07-09,19.958803176879883
2021-07-12,20.418947219848633
2021-07-13,20.157644271850586
2021-07-14,19.751007080078125
2021-07-15,18.879749298095703
2021-07-16,18.078168869018555
2021-07-19,18.6940975189209
2021-07-20,18.527116775512695
2021-07-21,19.32147216796875
2021-07-22,19.504636764526367
2021-07-23,19.46879768371582
2021-07-26,19.206003189086914
2021-07-27,19.120397567749023
2021-07-28,19.41404914855957
2021-07-29,19.57232666015625
2021-07-30,19.41006851196289
2021-08-02,19.659921646118164
2021-08-03,19.724634170532227
2021-08-04,20.181535720825195
2021-08-05,20.542879104614258
2021-08-06,20.273115158081055
2021-08-09,20.202438354492188
2021-08-10,19.845073699951172
2021-08-11,19.609159469604492
2021-08-12,19.814220428466797
2021-08-13,20.095930099487305
2021-08-16,19.8590145111084
2021-08-17,19.36925506591797
2021-08-18,18.953161239624023
2021-08-19,19.707706451416016
2021-08-20,20.721059799194336
2021-08-23,21.857852935791016
2021-08-24,21.693601608276367
2021-08-25,22.1116886138916
2021-08-26,21.967348098754883
2021-08-27,22.53276252746582
2021-08-30,22.584524154663086
2021-08-31,22.286836624145508
2021-09-01,22.34258460998535
2021-09-02,22.29778480529785
2021-09-03,22.74282455444336
2021-09-07,22.5626220703125
2021-09-08,22.24104118347168
2021-09-09,22.079748153686523
2021-09-10,22.379426956176758
2021-09-13,22.054859161376953
2021-09-14,22.14446258544922
2021-09-15,22.243030548095703
2021-09-16,22.14446258544922
2021-09-17,21.80396270751953
2021-09-20,21.02041244506836
2021-09-21,21.152830123901367
2021-09-22,21.84478187561035
2021-09-23,22.383407592773438
2021-09-24,21.984169006347656
2021-09-27,21.565013885498047
2021-09-28,20.608230590820312
2021-09-29,20.42702865600586
2021-09-30,20.62515640258789
2021-10-01,20.651039123535156
2021-10-04,19.645471572875977
2021-10-05,20.361316680908203
2021-10-06,20.60922622680664
2021-10-07,20.982582092285156
2021-10-08,20.739648818969727
2021-10-11,20.604246139526367
2021-10-12,20.580352783203125
2021-10-13,20.84717559814453
2021-10-14,21.6506404876709
2021-10-15,21.76612663269043
2021-10-18,22.12455177307129
2021-10-19,22.1922550201416
2021-10-20,22.006071090698242
2021-10-21,22.592485427856445
2021-10-22,22.626338958740234
2021-10-25,23.06441307067871
2021-10-26,24.60860824584961
2021-10-27,24.343772888183594
2021-10-28,24.83163070678711
2021-10-29,25.45488166809082
2021-11-01,25.713743209838867
2021-11-02,26.285219192504883
2021-11-03,26.481361389160156
2021-11-04,29.67031478881836
2021-11-05,29.62152671813965
2021-11-08,30.66891860961914
2021-11-09,30.522558212280273
2021-11-10,29.329818725585938
2021-11-11,30.256732940673828
2021-11-12,30.256732940673828
2021-11-15,29.893329620361328
2021-11-16,30.070547103881836
2021-11-17,29.132678985595703
2021-11-18,31.53609275817871
2021-11-19,32.840354919433594
2021-11-22,31.81586265563965
2021-11-23,31.606786727905273
2021-11-24,32.53071594238281
2021-11-26,31.364845275878906
2021-11-29,33.22963333129883
2021-11-30,32.53270721435547
2021-12-01,31.30097770690918
2021-12-02,31.989030838012695
2021-12-03,30.562145233154297
2021-12-06,29.908945083618164
2021-12-07,32.28874969482422
2021-12-08,31.6903133392334
2021-12-09,30.36000633239746
2021-12-10,30.069252014160156
2021-12-13,28.040937423706055
2021-12-14,28.2161865234375
2021-12-15,30.32914161682129
2021-12-16,28.265975952148438
2021-12-17,27.68247413635254
2021-12-20,27.60082244873047
2021-12-21,28.951040267944336
2021-12-22,29.274656295776367
2021-12-23,29.513633728027344
2021-12-27,30.813068389892578
2021-12-28,30.192724227905273
2021-12-29,29.87309455871582
2021-12-30,29.459867477416992
2021-12-31,29.285612106323242
2022-01-03,29.992582321166992
2022-01-04,29.16512680053711
2022-01-05,27.486309051513672
2022-01-06,28.05786895751953
2022-01-07,27.130836486816406
2022-01-10,27.283184051513672
2022-01-11,27.698408126831055
2022-01-12,27.879627227783203
2022-01-13,26.461702346801758
2022-01-14,26.827133178710938
2022-01-18,25.792566299438477
2022-01-19,24.960126876831055
2022-01-20,24.04703712463379
2022-01-21,23.274349212646484
2022-01-24,23.272356033325195
2022-01-25,22.22882652282715
2022-01-26,22.674911499023438
2022-01-27,21.850446701049805
2022-01-28,22.74262809753418
2022-01-31,24.381603240966797
2022-02-01,24.532958984375
2022-02-02,25.134389877319336
2022-02-03,23.845897674560547
2022-02-04,24.215316772460938
2022-02-07,24.62257194519043
2022-02-08,25.00095558166504
2022-02-09,26.59114646911621
2022-02-10,25.713905334472656
2022-02-11,23.84689712524414
2022-02-14,24.163541793823242
2022-02-15,26.382041931152344
2022-02-16,26.397972106933594
2022-02-17,24.40251350402832
2022-02-18,23.54120635986328
2022-02-22,23.290279388427734
2022-02-23,22.291555404663086
2022-02-24,23.646751403808594
2022-02-25,24.05400848388672
2022-02-28,24.281042098999023
2022-03-01,23.376903533935547
2022-03-02,24.120851516723633
2022-03-03,23.61692237854004
2022-03-04,22.84210968017578
2022-03-07,21.26458740234375
2022-03-08,21.425926208496094
2022-03-09,22.91978645324707
2022-03-10,22.565242767333984
2022-03-11,22.009525299072266
2022-03-14,21.242679595947266
2022-03-15,22.878952026367188
2022-03-16,24.395723342895508
2022-03-17,24.66461944580078
2022-03-18,26.344709396362305
2022-03-21,26.624557495117188
2022-03-22,26.415420532226562
2022-03-23,25.52906036376953
2022-03-24,28.03476333618164
2022-03-25,27.57863426208496
2022-03-28,28.103477478027344
2022-03-29,28.5386905670166
2022-03-30,27.576642990112305
2022-03-31,27.17429542541504
2022-04-01,26.602645874023438
2022-04-04,27.248001098632812
2022-04-05,25.824848175048828
2022-04-06,24.307085037231445
2022-04-07,24.108901977539062
2022-04-08,23.024356842041016
2022-04-11,21.8272762298584
2022-04-12,21.41596794128418
2022-04-13,22.112104415893555
2022-04-14,21.170974731445312
2022-04-18,21.693824768066406
2022-04-19,22.10712432861328
2022-04-20,21.394058227539062
2022-04-21,20.100374221801758
2022-04-22,19.43511199951172
2022-04-25,19.820526123046875
2022-04-26,18.71109390258789
2022-04-27,18.339616775512695
2022-04-28,19.701019287109375
2022-04-29,18.471073150634766
2022-05-02,19.453039169311523
2022-05-03,19.52175521850586
2022-05-04,20.25075912475586
2022-05-05,18.766855239868164
2022-05-06,18.598548889160156
2022-05-09,16.880615234375
2022-05-10,17.522974014282227
2022-05-11,16.561922073364258
2022-05-12,16.108783721923828
2022-05-13,17.63351821899414
2022-05-16,17.19332504272461
2022-05-17,18.10259246826172
2022-05-18,16.8686580657959
2022-05-19,17.053897857666016
2022-05-20,16.625661849975586
2022-05-23,16.828821182250977
2022-05-24,16.087867736816406
2022-05-25,16.905508041381836
2022-05-26,17.77791976928711
2022-05-27,18.73399543762207
2022-05-31,18.595561981201172
2022-06-01,18.24500274658203
2022-06-02,19.511796951293945
2022-06-03,18.64336585998535
2022-06-06,18.709096908569336
2022-06-07,18.84852409362793
2022-06-08,18.575590133666992
2022-06-09,17.977916717529297
2022-06-10,16.9080867767334
2022-06-13,15.5862398147583
2022-06-14,15.774504661560059
2022-06-15,16.46282386779785
2022-06-16,15.540417671203613
2022-06-17,15.818334579467773
2022-06-21,16.50167465209961
2022-06-22,16.296472549438477
2022-06-23,16.16199493408203
2022-06-24,17.05949592590332
2022-06-27,16.803495407104492
2022-06-28,15.919939994812012
2022-06-29,15.481646537780762
2022-06-30,15.100135803222656
2022-07-01,14.46660327911377
2022-07-05,14.905892372131348
2022-07-06,15.071247100830078
2022-07-07,15.79642105102539
2022-07-08,15.776496887207031
2022-07-11,15.093161582946777
2022-07-12,15.023432731628418
2022-07-13,15.105113983154297
2022-07-14,15.312308311462402
2022-07-15,15.700794219970703
2022-07-18,16.038475036621094
2022-07-19,16.926015853881836
2022-07-20,17.737855911254883
2022-07-21,17.97990608215332
2022-07-22,17.25174903869629
2022-07-25,16.95789337158203
2022-07-26,16.46880340576172
2022-07-27,17.720918655395508
2022-07-28,17.91416358947754
2022-07-29,18.09246826171875
2022-08-01,18.3693904876709
2022-08-02,18.454063415527344
2022-08-03,18.81963348388672
2022-08-04,19.140382766723633
2022-08-05,18.915260314941406
2022-08-08,17.72390365600586
2022-08-09,17.0196533203125
2022-08-10,18.02672576904297
2022-08-11,17.87232780456543
2022-08-12,18.636348724365234
2022-08-15,18.958097457885742
2022-08-16,18.805683135986328
2022-08-17,18.26380157470703
2022-08-18,18.700098037719727
2022-08-19,17.779687881469727
2022-08-22,16.967851638793945
2022-08-23,17.114286422729492
2022-08-24,17.15512466430664
2022-08-25,17.843441009521484
2022-08-26,16.19685935974121
2022-08-29,15.739640235900879
2022-08-30,15.407936096191406
2022-08-31,15.035386085510254
2022-09-01,13.882881164550781
2022-09-02,13.59400749206543
2022-09-06,13.412712097167969
2022-09-07,13.66480541229248
2022-09-08,13.939813613891602
2022-09-09,14.335390090942383
2022-09-12,14.452966690063477
2022-09-13,13.083895683288574
2022-09-14,13.080907821655273
2022-09-15,12.882621765136719
2022-09-16,13.150656700134277
2022-09-19,13.333996772766113
2022-09-20,13.128735542297363
2022-09-21,13.21342945098877
2022-09-22,12.51594066619873
2022-09-23,12.47110366821289
2022-09-26,12.184136390686035
2022-09-27,12.368471145629883
2022-09-28,12.690314292907715
2022-09-29,12.176165580749512
2022-09-30,12.09545612335205
2022-10-03,12.467117309570312
2022-10-04,13.119765281677246
2022-10-05,13.161617279052734
2022-10-06,13.08289909362793
2022-10-07,12.032682418823242
2022-10-10,11.628138542175293
2022-10-11,11.544439315795898
2022-10-12,11.458745002746582
2022-10-13,11.917097091674805
2022-10-14,11.186727523803711
2022-10-17,11.845353126525879
2022-10-18,11.924072265625
2022-10-19,12.007768630981445
2022-10-20,12.150256156921387
2022-10-21,12.421278953552246
2022-10-24,12.553803443908691
2022-10-25,13.21342945098877
2022-10-26,12.849740982055664
2022-10-27,13.128735542297363
2022-10-28,13.784375190734863
2022-10-31,13.44858455657959
2022-11-01,13.494421005249023
2022-11-02,13.171581268310547
2022-11-03,13.372855186462402
2022-11-04,14.105219841003418
2022-11-07,14.249698638916016
2022-11-08,14.549620628356934
2022-11-09,13.726582527160645
2022-11-10,15.693501472473145
2022-11-11,16.268430709838867
2022-11-14,16.236547470092773
2022-11-15,16.606220245361328
2022-11-16,15.852927207946777
2022-11-17,15.62076187133789
2022-11-18,15.35372543334961
2022-11-21,15.262054443359375
2022-11-22,15.980470657348633
2022-11-23,16.45974349975586
2022-11-25,16.211637496948242
2022-11-28,15.770224571228027
2022-11-29,15.58289909362793
2022-11-30,16.86660385131836
2022-12-01,17.077898025512695
2022-12-02,16.819761276245117
2022-12-05,16.554649353027344
2022-12-06,15.93372631072998
2022-12-07,16.0662841796875
2022-12-08,17.111787796020508
2022-12-09,16.94434928894043
2022-12-12,17.47657012939453
2022-12-13,18.01177978515625
2022-12-14,17.6151065826416
2022-12-15,16.895509719848633
2022-12-16,16.515779495239258
2022-12-19,16.199832916259766
2022-12-20,16.03139877319336
2022-12-21,16.446016311645508
2022-12-22,15.287886619567871
2022-12-23,15.155330657958984
2022-12-27,14.07394790649414
2022-12-28,13.989229202270508
2022-12-29,14.554338455200195
2022-12-30,14.565300941467285
2023-01-03,14.267297744750977
2023-01-04,14.699851989746094
2023-01-05,14.217463493347168
2023-01-06,14.809486389160156
2023-01-09,15.575923919677734
2023-01-10,15.855987548828125
2023-01-11,15.947677612304688
2023-01-12,16.45598030090332
2023-01-13,16.842687606811523
2023-01-17,17.643014907836914
2023-01-18,17.319093704223633
2023-01-19,16.70913314819336
2023-01-20,17.77955436706543
2023-01-23,19.129043579101562
2023-01-24,19.200801849365234
2023-01-25,19.258607864379883
2023-01-26,19.73601722717285
2023-01-27,20.297138214111328
2023-01-30,19.098146438598633
2023-01-31,19.47189712524414
2023-02-01,20.87321662902832
2023-02-02,21.636659622192383
2023-02-03,21.029687881469727
2023-02-06,21.01872444152832
2023-02-07,22.099109649658203
2023-02-08,22.131006240844727
2023-02-09,22.26256561279297
2023-02-10,21.194135665893555
2023-02-13,21.715394973754883
2023-02-14,22.89445686340332
2023-02-15,22.688146591186523
2023-02-16,21.928680419921875
2023-02-17,21.31673240661621
2023-02-21,20.586170196533203
2023-02-22,20.684839248657227
2023-02-23,23.58514404296875
2023-02-24,23.208404541015625
2023-02-27,23.422683715820312
2023-02-28,23.13863754272461
2023-03-01,22.622365951538086
2023-03-02,23.236310958862305
2023-03-03,23.810392379760742
2023-03-06,23.475515365600586
2023-03-07,23.214340209960938
2023-03-08,24.104515075683594
2023-03-09,23.36186981201172
2023-03-10,22.89236068725586
2023-03-13,22.89335823059082
2023-03-14,23.98689079284668
2023-03-15,24.151369094848633
2023-03-16,25.46021270751953
2023-03-17,25.643630981445312
2023-03-20,25.818078994750977
2023-03-21,26.116132736206055
2023-03-22,26.384279251098633
2023-03-23,27.10499382019043
2023-03-24,26.694297790527344
2023-03-27,26.44708251953125
2023-03-28,26.326467514038086
2023-03-29,26.898651123046875
2023-03-30,27.29638671875
2023-03-31,27.68914222717285
2023-04-03,27.87654685974121
2023-04-04,27.366167068481445
2023-04-05,26.795976638793945
2023-04-06,26.95148277282715
2023-04-10,27.49176597595215
2023-04-11,27.083065032958984
2023-04-12,26.411195755004883
2023-04-13,26.379295349121094
2023-04-14,26.67336082458496
2023-04-17,26.916593551635742
2023-04-18,27.579490661621094
2023-04-19,27.842655181884766
2023-04-20,27.018268585205078
2023-04-21,27.033222198486328
2023-04-24,26.956464767456055
2023-04-25,26.158000946044922
2023-04-26,26.870737075805664
2023-04-27,27.139883041381836
2023-04-28,27.661231994628906
2023-05-01,28.818559646606445
2023-05-02,28.120769500732422
2023-05-03,27.714065551757812
2023-05-04,27.474821090698242
2023-05-05,28.589284896850586
2023-05-08,29.05879783630371
2023-05-09,28.48063087463379
2023-05-10,28.79364013671875
2023-05-11,28.487607955932617
2023-05-12,28.2503604888916
2023-05-15,28.861417770385742
2023-05-16,29.1205997467041
2023-05-17,30.082544326782227
2023-05-18,31.57779884338379
2023-05-19,31.165111541748047
2023-05-22,31.077388763427734
2023-05-23,30.59093475341797
2023-05-24,30.441408157348633
2023-05-25,37.85987091064453
2023-05-26,38.822818756103516
2023-05-30,39.984130859375
2023-05-31,37.71432876586914
2023-06-01,39.64420700073242
2023-06-02,39.202606201171875
2023-06-05,39.04710388183594
2023-06-06,38.53173828125
2023-06-07,37.36033630371094
2023-06-08,38.39216232299805
2023-06-09,38.65137481689453
2023-06-12,39.36118698120117
2023-06-13,40.8964729309082
2023-06-14,42.86544418334961
2023-06-15,42.522491455078125
2023-06-16,42.561370849609375
2023-06-20,43.6739501953125
2023-06-21,42.91328430175781
2023-06-22,42.89335250854492
2023-06-23,42.07984924316406
2023-06-26,40.50767135620117
2023-06-27,41.74787521362305
2023-06-28,40.991188049316406
2023-06-29,40.69709014892578
2023-06-30,42.17256164550781
2023-07-03,42.28322219848633
2023-07-05,42.1875114440918
2023-07-06,41.97417449951172
2023-07-07,42.372947692871094
2023-07-10,42.050926208496094
2023-07-11,42.275245666503906
2023-07-12,43.76766586303711
2023-07-13,45.836326599121094
2023-07-14,45.32987594604492
2023-07-17,46.31883239746094
2023-07-18,47.34867858886719
2023-07-19,46.932952880859375
2023-07-20,45.38071823120117
2023-07-21,44.17341613769531
2023-07-24,44.47549057006836
2023-07-25,45.53922653198242
2023-07-26,45.31292724609375
2023-07-27,45.759552001953125
2023-07-28,46.60696029663086
2023-07-31,46.58601379394531
2023-08-01,46.36469650268555
2023-08-02,44.133544921875
2023-08-03,44.37879180908203
2023-08-04,44.543277740478516
2023-08-07,45.278038024902344
2023-08-08,44.5273323059082
2023-08-09,42.42378616333008
2023-08-10,42.25829315185547
2023-08-11,40.7299919128418
2023-08-14,43.61912155151367
2023-08-15,43.805545806884766
2023-08-16,43.35293960571289
2023-08-17,43.21137237548828
2023-08-18,43.16650390625
2023-08-21,46.82329559326172
2023-08-22,45.528263092041016
2023-08-23,46.97182846069336
2023-08-24,47.0186882019043
2023-08-25,45.877201080322266
2023-08-28,46.69169616699219
2023-08-29,48.63473129272461
2023-08-30,49.113258361816406
2023-08-31,49.20398712158203
2023-09-01,48.36056900024414
2023-09-05,48.39944839477539
2023-09-06,46.920867919921875
2023-09-07,46.10331344604492
2023-09-08,45.43629455566406
2023-09-11,45.04347610473633
2023-09-12,44.73638916015625
2023-09-13,45.34955596923828
2023-09-14,45.44527816772461
2023-09-15,43.7692756652832
2023-09-18,43.8350830078125
2023-09-19,43.390403747558594
2023-09-20,42.11322021484375
2023-09-21,40.894859313964844
2023-09-22,41.4860954284668
2023-09-25,42.096275329589844
2023-09-26,41.786197662353516
2023-09-27,42.34153366088867
2023-09-28,42.960693359375
2023-09-29,43.36947250366211
2023-10-02,44.64864730834961
2023-10-03,43.387413024902344
2023-10-04,43.90985870361328
2023-10-05,44.554935455322266
2023-10-06,45.625736236572266
2023-10-09,45.138187408447266
2023-10-10,45.66162872314453
2023-10-11,46.6666259765625
2023-10-12,46.80521011352539
2023-10-13,45.32563400268555
2023-10-16,45.957740783691406
2023-10-17,43.80715560913086
2023-10-18,42.07035446166992
2023-10-19,41.97563934326172
2023-10-20,41.263755798339844
2023-10-23,42.8470344543457
2023-10-24,43.53297805786133
2023-10-25,41.65459442138672
2023-10-26,40.20592498779297
2023-10-27,40.379398345947266
2023-10-30,41.0384407043457
2023-10-31,40.658565521240234
2023-11-01,42.198970794677734
2023-11-02,43.3764533996582
2023-11-03,44.8709831237793
2023-11-06,45.614768981933594
2023-11-07,45.81816101074219
2023-11-08,46.4353141784668
2023-11-09,46.81019973754883
2023-11-10,48.19107437133789
2023-11-13,48.47522735595703
2023-11-14,49.50813293457031
2023-11-15,48.742427825927734
2023-11-16,49.33266067504883
2023-11-17,49.151206970214844
2023-11-20,50.258888244628906
2023-11-21,49.7952766418457
2023-11-22,48.57094192504883
2023-11-24,47.63373947143555
2023-11-27,48.09834671020508
2023-11-28,47.67859649658203
2023-11-29,47.99665069580078
2023-11-30,46.63072967529297
2023-12-01,46.62574768066406
2023-12-04,45.374481201171875
2023-12-05,46.431419372558594
2023-12-06,45.371490478515625
2023-12-07,46.46133804321289
2023-12-08,47.368709564208984
2023-12-11,46.492244720458984
2023-12-12,47.51927185058594
2023-12-13,47.94902038574219
2023-12-14,48.21025466918945
2023-12-15,48.74870300292969
2023-12-18,49.93227005004883
2023-12-19,49.46064376831055
2023-12-20,47.97195816040039
2023-12-21,48.848419189453125
2023-12-22,48.688880920410156
2023-12-26,49.1365852355957
2023-12-27,49.27418518066406
2023-12-28,49.37887954711914
2023-12-29,49.37887954711914
2024-01-02,48.02879333496094
2024-01-03,47.431522369384766
2024-01-04,47.859283447265625
2024-01-05,48.95510482788086
2024-01-08,52.10197830200195
2024-01-09,52.986419677734375
2024-01-10,54.19292449951172
2024-01-11,54.66355895996094
2024-01-12,54.55188751220703
2024-01-16,56.21906280517578
2024-01-17,55.89101028442383
2024-01-18,56.94195556640625
2024-01-19,59.319068908691406
2024-01-22,59.481590270996094
2024-01-23,59.6999626159668
2024-01-24,61.18466567993164
2024-01-25,61.43891906738281
2024-01-26,60.854618072509766
2024-01-29,62.28446960449219
2024-01-30,62.59257888793945
2024-01-31,61.34918212890625
2024-02-01,62.844852447509766
2024-02-02,65.96879577636719
2024-02-05,69.13163757324219
2024-02-06,68.02583312988281
2024-02-07,69.89640045166016
2024-02-08,69.43972778320312
2024-02-09,71.92455291748047
2024-02-12,72.03919219970703
2024-02-13,71.91956329345703
2024-02-14,73.6864242553711
2024-02-15,72.4480209350586
2024-02-16,72.40314483642578
2024-02-20,69.25128936767578
2024-02-21,67.27702331542969
2024-02-22,78.31101989746094
2024-02-23,78.58921813964844
2024-02-26,78.8634262084961
2024-02-27,78.47354125976562
2024-02-28,77.43856048583984
2024-02-29,78.88335418701172
2024-03-01,82.04121398925781
2024-03-04,84.99066162109375
2024-03-05,85.71958923339844
2024-03-06,88.44779968261719
2024-03-07,92.405517578125
2024-03-08,87.27913665771484
2024-03-11,85.53012084960938
2024-03-12,91.65167236328125
2024-03-13,90.62959289550781
2024-03-14,87.69396209716797
2024-03-15,87.58726501464844
2024-03-18,88.20349884033203
2024-03-19,89.1438217163086
2024-03-20,90.11505126953125
2024-03-21,91.17501831054688
2024-03-22,94.02090454101562
2024-03-25,94.73188781738281
2024-03-26,92.2978286743164
2024-03-27,89.993408203125
2024-03-28,90.09910583496094
2024-04-01,90.1060791015625
2024-04-02,89.19766998291016
2024-04-03,88.7110595703125
2024-04-04,85.66073608398438
2024-04-05,87.75776672363281
2024-04-08,86.88526916503906
2024-04-09,85.1113052368164
2024-04-10,86.7915267944336
2024-04-11,90.35836029052734
2024-04-12,87.93527221679688
2024-04-15,85.75646209716797
2024-04-16,87.16646575927734
2024-04-17,83.79606628417969
2024-04-18,84.43024444580078
2024-04-19,75.98333740234375
2024-04-22,79.29190826416016
2024-04-23,82.18865203857422
2024-04-24,79.45045471191406
2024-04-25,82.39705657958984
2024-04-26,87.48555755615234
2024-04-29,87.50747680664062
2024-04-30,86.1563491821289
2024-05-01,82.80488586425781
2024-05-02,85.57299041748047
2024-05-03,88.53655242919922
2024-05-06,91.87802124023438
2024-05-07,90.29652404785156
2024-05-08,90.15492248535156
2024-05-09,88.49467468261719
2024-05-10,89.62245178222656
2024-05-13,90.1419677734375
2024-05-14,91.09625244140625
2024-05-15,94.3609390258789
2024-05-16,94.0907211303711
2024-05-17,92.21605682373047
2024-05-20,94.51050567626953
2024-05-21,95.11479949951172
2024-05-22,94.68001556396484
2024-05-23,103.5038833618164
2024-05-24,106.16627502441406
2024-05-28,113.57713317871094
2024-05-29,114.49852752685547
2024-05-30,110.18582153320312
2024-05-31,109.3212890625
2024-06-03,114.67301940917969
2024-06-04,116.10592651367188
2024-06-05,122.09187316894531
2024-06-06,120.65396118164062
2024-06-07,120.54428100585938
2024-06-10,121.44371795654297
2024-06-11,120.57613372802734
2024-06-12,124.85426330566406
2024-06-13,129.25210571289062
2024-06-14,131.5158233642578
2024-06-17,130.6183319091797
2024-06-18,135.20559692382812
2024-06-20,130.41885375976562
2024-06-21,126.22048950195312
2024-06-24,117.78384399414062
2024-06-25,125.74181365966797
2024-06-26,126.05096435546875
2024-06-27,123.64762115478516
2024-06-28,123.19886779785156
2024-07-01,123.95677185058594
2024-07-02,122.33126068115234
2024-07-03,127.92577362060547
2024-07-05,125.48253631591797
2024-07-08,127.84596252441406
2024-07-09,131.01724243164062
2024-07-10,134.53749084472656
2024-07-11,127.04820251464844
2024-07-12,128.8831329345703
2024-07-15,128.08534240722656
2024-07-16,126.01107025146484
2024-07-17,117.66417694091797
2024-07-18,120.75559997558594
2024-07-19,117.6043701171875
2024-07-22,123.19886779785156
2024-07-23,122.2514877319336
2024-07-24,113.93451690673828
2024-07-25,111.96995544433594
2024-07-26,112.74779510498047
2024-07-29,111.28185272216797
2024-07-30,103.44356536865234
2024-07-31,116.69686126708984
2024-08-01,108.90843200683594
2024-08-02,106.9737777709961
2024-08-05,100.17261505126953
2024-08-06,103.96212005615234
2024-08-07,98.63687896728516
2024-08-08,104.68013763427734
2024-08-09,104.46074676513672
2024-08-12,108.71894836425781
2024-08-13,115.81929779052734
2024-08-14,117.75395202636719
2024-08-15,122.52073669433594
2024-08-16,124.23599243164062
2024-08-19,129.64102172851562
2024-08-20,126.89862060546875
2024-08-21,128.14515686035156
2024-08-22,123.3983154296875
2024-08-23,129.01275634765625
2024-08-26,126.11079406738281
2024-08-27,127.94573211669922
2024-08-28,125.26315307617188
2024-08-29,117.26528930664062
2024-08-30,119.04037475585938
2024-09-03,107.70177459716797
2024-09-04,105.91671752929688
2024-09-05,106.9139633178711
2024-09-06,102.54605102539062
2024-09-09,106.1760025024414
2024-09-10,107.80149841308594
2024-09-11,116.58717346191406
2024-09-12,118.82117462158203
2024-09-13,118.7812728881836
2024-09-16,116.46748352050781
2024-09-17,115.28067016601562
2024-09-18,113.06661987304688
2024-09-19,117.55457305908203
2024-09-20,115.6895751953125
2024-09-23,115.94888305664062
2024-09-24,120.54654693603516
2024-09-25,123.17948150634766
2024-09-26,123.70806121826172
2024-09-27,121.07512664794922
2024-09-30,121.11502838134766
2024-10-01,116.6868896484375
2024-10-02,118.53195190429688
2024-10-03,122.52124786376953
2024-10-04,124.58570098876953
2024-10-07,127.37821960449219
2024-10-08,132.5343780517578
2024-10-09,132.29502868652344
2024-10-10,134.44923400878906
2024-10-11,134.43927001953125
2024-10-14,137.70053100585938
2024-10-15,131.2478485107422
2024-10-16,135.3568115234375
2024-10-17,136.5635528564453
2024-10-18,137.63070678710938
2024-10-21,143.325439453125
2024-10-22,143.20574951171875
2024-10-23,139.18653869628906
2024-10-24,140.0342559814453
2024-10-25,141.16123962402344
2024-10-28,140.14395141601562
2024-10-29,140.87200927734375
2024-10-30,138.9671173095703
2024-10-31,132.4047393798828
2024-11-01,135.03765869140625
2024-11-04,135.68594360351562
2024-11-05,139.5355987548828
2024-11-06,145.22032165527344
2024-11-07,148.48159790039062
2024-11-08,147.23492431640625
2024-11-11,144.87127685546875
2024-11-12,147.8931427001953
2024-11-13,145.87857055664062
2024-11-14,146.36727905273438
2024-11-15,141.6000518798828
2024-11-18,139.77493286132812
2024-11-19,146.61659240722656
2024-11-20,145.4995880126953
2024-11-21,146.27749633789062
2024-11-22,141.57015991210938
2024-11-25,135.65602111816406
2024-11-26,136.5535888671875
2024-11-27,134.97781372070312
2024-11-29,137.88003540039062
2024-12-02,138.259033203125
2024-12-03,139.8846435546875
2024-12-04,144.75160217285156
2024-12-05,144.68179321289062
2024-12-06,142.068603515625
2024-12-09,138.4480743408203
2024-12-10,134.71783447265625
2024-12-11,138.94676208496094
2024-12-12,136.98190307617188
2024-12-13,133.89996337890625
2024-12-16,131.65582275390625
2024-12-17,130.05001831054688
2024-12-18,128.57391357421875
2024-12-19,130.33926391601562
2024-12-20,134.34878540039062
2024-12-23,139.3058319091797
2024-12-24,139.85440063476562
2024-12-26,139.56515502929688
2024-12-27,136.6527557373047
2024-12-30,137.1315155029297
2024-12-31,133.93984985351562
2025-01-02,137.94935607910156
2025-01-03,144.0933074951172
2025-01-06,149.04037475585938
2025-01-07,139.77459716796875
2025-01-08,139.74468994140625
2025-01-10,135.55564880371094
2025-01-13,132.88262939453125
2025-01-14,131.41644287109375
2025-01-15,135.88479614257812
2025-01-16,133.2217559814453
2025-01-17,137.3509521484375
2025-01-21,140.4628143310547
2025-01-22,146.68653869628906
2025-01-23,146.83615112304688
2025-01-24,142.24813842773438
2025-01-27,118.11123657226562
2025-01-28,128.65367126464844
2025-01-29,123.37747192382812
2025-01-30,124.32498931884766
2025-01-31,119.75694274902344
2025-02-03,116.3558349609375
2025-02-04,118.34063720703125
2025-02-05,124.50453186035156
2025-02-06,128.34449768066406
2025-02-07,129.50146484375
2025-02-10,133.2217559814453
2025-02-11,132.4537353515625
2025-02-12,130.798095703125
2025-02-13,134.93724060058594
2025-02-14,138.48797607421875
2025-02-18,139.03651428222656
2025-02-19,138.86697387695312
2025-02-20,139.74468994140625
2025-02-21,134.07948303222656
2025-02-24,129.94033813476562
2025-02-25,126.2998275756836
2025-02-26,130.93771362304688
2025-02-27,119.83673095703125
2025-02-28,124.59428405761719
2025-03-03,113.76261138916016
2025-03-04,115.68757629394531
2025-03-05,116.99415588378906
2025-03-06,110.28170776367188
2025-03-07,112.39619445800781
2025-03-10,106.70106506347656
2025-03-11,108.47642517089844
2025-03-12,115.44884490966797
2025-03-13,115.28925323486328
2025-03-14,121.36392211914062
2025-03-17,119.22930908203125
2025-03-18,115.1396255493164
2025-03-19,117.22434997558594
2025-03-20,118.23182678222656
2025-03-21,117.4039077758789
2025-03-24,121.1045913696289
2025-03-25,120.38638305664062
2025-03-26,113.47382354736328
2025-03-27,111.14967346191406
2025-03-28,109.39411163330078
2025-03-31,108.10736083984375
2025-04-01,109.87290954589844
2025-04-02,110.14221954345703
2025-04-03,101.54391479492188
2025-04-04,94.07275390625
2025-04-07,97.39437103271484
2025-04-08,96.05775451660156
2025-04-09,114.04239654541016
2025-04-10,107.29939270019531
2025-04-11,110.65095520019531
2025-04-14,110.43150329589844
2025-04-15,111.9177474975586
2025-04-16,104.2271499633789
2025-04-17,101.23469543457031
2025-04-21,96.66621398925781
2025-04-22,98.64122772216797
2025-04-23,102.45162200927734
2025-04-24,106.16226196289062
2025-04-25,110.7307357788086
2025-04-28,108.45648193359375
2025-04-29,108.74573516845703
2025-04-30,108.64599609375
2025-05-01,111.32923889160156
2025-05-02,114.21196746826172
2025-05-05,113.53368377685547
2025-05-06,113.25438690185547
2025-05-07,116.7655258178711
2025-05-08,117.07474517822266
2025-05-09,116.35655975341797
2025-05-12,122.6905746459961
2025-05-13,129.60313415527344
2025-05-14,134.99952697753906
2025-05-15,134.49082946777344
2025-05-16,135.05938720703125
2025-05-19,135.22897338867188
2025-05-20,134.04197692871094
2025-05-21,131.46844482421875
2025-05-22,132.495849609375
2025-05-23,130.959716796875
2025-05-27,135.15914916992188
2025-05-28,134.4708709716797
2025-05-29,138.83984375
2025-05-30,134.7900848388672
2025-06-02,137.03440856933594
2025-06-03,140.86474609375
2025-06-04,141.56298828125
2025-06-05,139.63783264160156
2025-06-06,141.36351013183594
2025-06-09,142.27120971679688
2025-06-10,143.5978546142578
2025-06-11,142.4805908203125
2025-06-12,144.64527893066406
2025-06-13,141.62269592285156
2025-06-16,144.33604431152344
2025-06-17,143.76742553710938
2025-06-18,145.12411499023438
2025-06-20,143.49810791015625
2025-06-23,143.81729125976562
2025-06-24,147.53819274902344
2025-06-25,153.93251037597656
2025-06-26,154.64076232910156
2025-06-27,157.36407470703125
2025-06-30,157.603515625
2025-07-01,152.92498779296875
2025-07-02,156.8653106689453
2025-07-03,158.95021057128906
2025-07-07,157.8529052734375
2025-07-08,159.60858154296875
2025-07-09,162.4815673828125
2025-07-10,163.69854736328125
2025-07-11,164.5165252685547
2025-07-14,163.6686248779297
2025-07-15,170.28240966796875
2025-07-16,170.9507598876953
2025-07-17,172.5767822265625
2025-07-18,171.98822021484375
2025-07-21,170.9607696533203
2025-07-22,166.6213836669922
2025-07-23,170.36221313476562
2025-07-24,173.31497192382812
2025-07-25,173.0755615234375
2025-07-28,176.31761169433594
2025-07-29,175.08065795898438
2025-07-30,178.83145141601562
2025-07-31,177.43487548828125
2025-08-01,173.29502868652344
2025-08-04,179.5596466064453
2025-08-05,177.82391357421875
2025-08-06,178.9810791015625
2025-08-07,180.32777404785156
2025-08-08,182.2530517578125
2025-08-11,181.6146240234375
2025-08-12,182.71194458007812
2025-08-13,181.14576721191406
2025-08-14,181.57472229003906
2025-08-15,180.00856018066406
2025-08-18,181.5647430419922
2025-08-19,175.2103271484375
2025-08-20,174.9709014892578
2025-08-21,174.55194091796875
2025-08-22,177.55458068847656
2025-08-25,179.37013244628906
2025-08-26,181.32534790039062
2025-08-27,181.15573120117188
2025-08-28,179.729248046875
2025-08-29,173.75390625
2025-09-02,170.36221313476562
2025-09-03,170.20260620117188
2025-09-04,171.2400665283203
2025-09-05,166.61141967773438
2025-09-08,167.8982391357422
2025-09-09,170.34225463867188
2025-09-10,176.8961944580078
2025-09-11,176.74655151367188
2025-09-12,177.39500427246094
2025-09-15,177.32516479492188
2025-09-16,174.4620361328125
2025-09-17,169.8829803466797
2025-09-18,175.8187713623047
2025-09-19,176.24774169921875
2025-09-22,183.17115783691406
2025-09-23,178.0035400390625
2025-09-24,176.54702758789062
2025-09-25,177.2653045654297
2025-09-26,177.7641143798828
2025-09-29,181.41539001464844
2025-09-30,186.13406372070312
2025-10-01,186.79248046875
2025-10-02,188.4385528564453
2025-10-03,187.17156982421875
2025-10-06,185.09652709960938
2025-10-07,184.5977325439453
2025-10-08,188.65802001953125
2025-10-09,192.1097412109375
2025-10-10,182.7222442626953
2025-10-13,187.86990356445312
2025-10-14,179.59971618652344
2025-10-15,179.40020751953125
2025-10-16,181.37547302246094
2025-10-17,182.7821044921875
2025-10-20,182.2034912109375
2025-10-21,180.72702026367188
2025-10-22,179.84912109375
2025-10-23,181.724609375
2025-10-24,185.81480407714844
2025-10-27,191.0323028564453
2025-10-28,200.54954528808594
2025-10-29,206.54515075683594
2025-10-30,202.4050750732422
2025-10-31,202.0060272216797
2025-11-03,206.3855438232422
2025-11-04,198.21511840820312
2025-11-05,194.74343872070312
2025-11-06,187.63047790527344
2025-11-07,187.70030212402344
2025-11-10,198.5742645263672
2025-11-11,192.6983184814453
2025-11-12,193.3367919921875
2025-11-13,186.41339111328125
2025-11-14,189.71546936035156
2025-11-17,186.15402221679688
2025-11-18,180.92652893066406
2025-11-19,186.07420349121094
2025-11-20,180.208251953125
2025-11-21,178.45245361328125
2025-11-24,182.1136932373047
2025-11-25,177.39500427246094
2025-11-26,179.8291473388672
2025-11-28,176.57696533203125
2025-12-01,179.48997497558594
2025-12-02,181.02630615234375
2025-12-03,179.1607666015625
2025-12-04,182.95188903808594
2025-12-05,181.98414611816406
2025-12-08,185.1168212890625
2025-12-09,184.53817749023438
2025-12-10,183.35096740722656
2025-12-11,180.50759887695312
2025-12-12,174.61141967773438
2025-12-15,175.87843322753906
2025-12-16,177.3050994873047
2025-12-17,170.54092407226562
2025-12-18,173.73345947265625
2025-12-19,180.56748962402344
2025-12-22,183.26116943359375
2025-12-23,188.76829528808594
2025-12-24,188.169677734375
2025-12-26,190.085205078125
2025-12-29,187.7805938720703
2025-12-30,187.1021728515625
2025-12-31,186.06460571289062
2026-01-02,188.4091339111328
2026-01-05,187.68081665039062
2026-01-06,186.80288696289062
2026-01-07,188.66851806640625
2026-01-08,184.60801696777344
2026-01-09,184.42843627929688
2026-01-12,184.5082550048828
2026-01-13,185.37620544433594
2026-01-14,182.71246337890625
2026-01-15,186.6133270263672
2026-01-16,185.7952423095703
2026-01-20,177.65431213378906
2026-01-21,182.89202880859375
2026-01-22,184.40847778320312
2026-01-23,187.23187255859375
2026-01-26,186.03468322753906
2026-01-27,188.07989501953125
2026-01-28,191.0728759765625
2026-01-29,192.06057739257812
2026-01-30,190.68380737304688
2026-02-02,185.1766815185547
2026-02-03,179.91897583007812
2026-02-04,173.78335571289062
2026-02-05,171.47874450683594
2026-02-06,184.9771728515625
2026-02-09,189.59632873535156
2026-02-10,188.099853515625
2026-02-11,189.6063232421875
2026-02-12,186.5035858154297
2026-02-13,182.3832244873047
2026-02-17,184.53817749023438
2026-02-18,187.5411376953125
2026-02-19,187.46133422851562
2026-02-20,189.37686157226562
2026-02-23,191.10281372070312
2026-02-24,192.39979553222656
2026-02-25,195.10345458984375
2026-02-26,184.4583740234375
2026-02-27,176.77635192871094
2026-03-02,182.05398559570312
2026-03-03,179.62966918945312
2026-03-04,182.6126708984375
2026-03-05,182.91197204589844
2026-03-06,177.40489196777344
2026-03-09,182.2235870361328
2026-03-10,184.33863830566406
2026-03-11,185.60574340820312
2026-03-12,182.72235107421875
2026-03-13,179.83892822265625
2026-03-16,182.8021697998047
2026-03-17,181.5150909423828
2026-03-18,179.98858642578125
2026-03-19,178.1527862548828
2026-03-20,172.30613708496094
2026-03-23,175.23944091796875
2026-03-24,174.80044555664062
2026-03-25,178.2725067138672
2026-03-26,170.8494873046875
2026-03-27,167.13795471191406
2026-03-30,164.79331970214844
2026-03-31,174.0022735595703
2026-04-01,175.3491973876953
2026-04-02,176.98544311523438
2026-04-06,177.23487854003906
2026-04-07,177.69383239746094
2026-04-08,181.66476440429688
2026-04-09,183.49058532714844
2026-04-10,188.1998291015625
2026-04-13,188.87826538085938
2026-04-14,196.0618438720703
2026-04-15,198.41647338867188
2026-04-16,197.8976593017578
2026-04-17,201.2200469970703
2026-04-20,201.59918212890625
2026-04-21,199.42417907714844
2026-04-22,202.03819274902344
2026-04-23,199.18470764160156
2026-04-24,207.79502868652344
2026-04-27,216.1160125732422
2026-04-28,212.68385314941406
2026-04-29,208.77279663085938
2026-04-30,199.11488342285156
2026-05-01,197.99742126464844
2026-05-04,198.02734375
2026-05-05,196.05186462402344
2026-05-06,207.3560333251953
2026-05-07,211.01766967773438
2026-05-08,214.709228515625
2026-05-11,218.93955993652344
2026-05-12,220.27650451660156
2026-05-13,225.3149871826172
2026-05-14,235.202392578125
2026-05-15,224.80616760253906
2026-05-18,221.81300354003906
2026-05-19,220.1068878173828
2026-05-20,222.9603729248047
2026-05-21,219.0093994140625
2026-05-22,214.83892822265625
2026-05-26,214.37001037597656
2026-05-27,212.1151580810547
2026-05-28,213.76138305664062
2026-05-29,210.6584930419922
2026-06-01,223.8483428955078
2026-06-02,222.3118438720703
2026-06-03,214.26025390625
2026-06-04,218.4156036376953
2026-06-05,204.87075805664062
2026-06-08,208.40679931640625
2026-06-09,207.95730590820312
2026-06-10,200.19598388671875
2026-06-11,204.64100646972656
2026-06-12,204.96066284179688
2026-06-15,212.21253967285156
2026-06-16,207.1781768798828
2026-06-17,204.42124938964844
2026-06-18,210.4545135498047
2026-06-22,208.41677856445312
2026-06-23,199.81640625
2026-06-24,198.77757263183594
2026-06-25,195.52122497558594
2026-06-26,192.31480407714844
2026-06-29,194.7520751953125
2026-06-30,199.86634826660156
2026-07-01,197.35916137695312
2026-07-02,194.61224365234375
2026-07-06,195.33143615722656
2026-07-07,196.7098846435547
2026-07-08,203.891845703125
2026-07-09,202.5533447265625
2026-07-10,210.72421264648438
2026-07-13,203.30250549316406
2026-07-14,211.5632781982422
2026-07-15,212.26248168945312
2026-07-16,207.16818237304688
2026-07-17,202.58331298828125
2026-07-20,203.05279541015625
2026-07-21,207.0583038330078
2026-07-22,211.82298278808594
2026-07-23,208.5266571044922
2026-07-24,206.6088104248047
2026-07-27,196.2903594970703
2026-07-28,196.789794921875
2026-07-29,189.79762268066406
2026-07-30,194.82199096679688
2026-07-31,200.52561950683594
2026-08-03,206.40904235839844
2026-08-04,211.70310974121094
2026-08-05,218.9749755859375
2026-08-06,218.7452392578125
2026-08-07,223.70968627929688
2026-08-10,217.3068389892578
2026-08-11,217.25689697265625
2026-08-12,223.8395233154297
2026-08-13,225.04818725585938
2026-08-14,224.90834045410156
2026-08-17,224.7584991455078
2026-08-18,219.49440002441406
2026-08-19,217.31683349609375
2026-08-20,216.60763549804688
2026-08-21,214.48001098632812
2026-08-24,208.24697875976562
2026-08-25,212.81187438964844
2026-08-26,209.4256591796875
2026-08-27,227.7251739501953
2026-08-28,217.3068389892578
2026-08-31,220.53323364257812
2026-09-01,217.1969757080078
2026-09-02,224.1591796875
2026-09-03,228.1946563720703
2026-09-04,230.10252380371094
2026-09-08,225.47769165039062
2026-09-09,223.4199981689453
2026-09-10,218.36000061035156
2026-09-11,218.2899932861328
