date,value
2010-01-04,40.246551513671875
2010-01-05,40.246551513671875
2010-01-06,40.0037956237793
2010-01-07,40.029808044433594
2010-01-08,40.35926818847656
2010-01-11,40.19453048706055
2010-01-12,39.691680908203125
2010-01-13,40.18587875366211
2010-01-14,40.22055435180664
2010-01-15,39.75236511230469
2010-01-19,40.393951416015625
2010-01-20,39.813045501708984
2010-01-21,39.440250396728516
2010-01-22,38.287113189697266
2010-01-25,38.41717529296875
2010-01-26,38.45185852050781
2010-01-27,38.75529098510742
2010-01-28,37.75825119018555
2010-01-29,37.09932327270508
2010-02-01,37.50680160522461
2010-02-02,37.84495162963867
2010-02-03,38.05302429199219
2010-02-04,36.951927185058594
2010-02-05,37.2640495300293
2010-02-08,36.99526596069336
2010-02-09,37.37677001953125
2010-02-10,37.298728942871094
2010-02-11,37.8622932434082
2010-02-12,37.94032287597656
2010-02-16,38.42584991455078
2010-02-17,38.64259338378906
2010-02-18,38.885353088378906
2010-02-19,38.86802291870117
2010-02-22,38.78999328613281
2010-02-23,38.287113189697266
2010-02-24,38.677268981933594
2010-02-25,38.66861343383789
2010-02-26,38.80733108520508
2010-03-01,39.37089157104492
2010-03-02,39.492279052734375
2010-03-03,39.53561019897461
2010-03-04,39.665672302246094
2010-03-05,40.263893127441406
2010-03-08,40.34192657470703
2010-03-09,40.56734848022461
2010-03-10,40.89682388305664
2010-03-11,41.05287170410156
2010-03-12,41.061553955078125
2010-03-15,40.9575080871582
2010-03-16,41.21761703491211
2010-03-17,41.33032989501953
2010-03-18,41.469058990478516
2010-03-19,41.21821594238281
2010-03-22,41.5914192199707
2010-03-23,41.87784957885742
2010-03-24,41.6782112121582
2010-03-25,41.61745834350586
2010-03-26,41.660850524902344
2010-03-29,41.8604850769043
2010-03-30,41.99934768676758
2010-03-31,41.79973602294922
2010-04-01,41.79973602294922
2010-04-05,42.19029998779297
2010-04-06,42.31180953979492
2010-04-07,42.207664489746094
2010-04-08,42.303131103515625
2010-04-09,42.554832458496094
2010-04-12,42.58955764770508
2010-04-13,42.8065299987793
2010-04-14,43.318607330322266
2010-04-15,43.50956344604492
2010-04-16,42.988800048828125
2010-04-19,42.962745666503906
2010-04-20,43.17973327636719
2010-04-21,43.42275619506836
2010-04-22,43.6657829284668
2010-04-23,43.84806442260742
2010-04-26,43.75259780883789
2010-04-27,42.82388687133789
2010-04-28,42.849918365478516
2010-04-29,43.59636306762695
2010-04-30,42.73709487915039
2010-05-03,43.33596420288086
2010-05-04,42.0340690612793
2010-05-05,41.81708908081055
2010-05-06,40.419715881347656
2010-05-07,39.412906646728516
2010-05-10,41.46121597290039
2010-05-11,41.41783905029297
2010-05-12,42.1989631652832
2010-05-13,41.53066635131836
2010-05-14,40.73216247558594
2010-05-17,40.86235427856445
2010-05-18,40.29820251464844
2010-05-19,39.97706985473633
2010-05-20,38.49290084838867
2010-05-21,38.91818618774414
2010-05-24,38.76195526123047
2010-05-25,38.79666519165039
2010-05-26,38.36271667480469
2010-05-27,39.812156677246094
2010-05-28,39.57780838012695
2010-06-01,39.213287353515625
2010-06-02,40.14196014404297
2010-06-03,40.52385711669922
2010-06-04,39.13516616821289
2010-06-07,38.42345428466797
2010-06-08,38.35403060913086
2010-06-09,38.03287887573242
2010-06-10,39.117820739746094
2010-06-11,39.49101638793945
2010-06-14,39.482337951660156
2010-06-15,40.54121017456055
2010-06-16,40.70613479614258
2010-06-17,40.836326599121094
2010-06-18,40.8702278137207
2010-06-21,40.52238845825195
2010-06-22,40.20934295654297
2010-06-23,40.04412841796875
2010-06-24,39.4354133605957
2010-06-25,39.443260192871094
2010-06-28,39.303855895996094
2010-06-29,37.7878303527832
2010-06-30,37.212764739990234
2010-07-01,37.108211517333984
2010-07-02,37.00365447998047
2010-07-06,37.11691665649414
2010-07-07,38.301876068115234
2010-07-08,38.51099395751953
2010-07-09,38.8769416809082
2010-07-12,38.990196228027344
2010-07-13,39.495540618896484
2010-07-14,39.695960998535156
2010-07-15,39.73078536987305
2010-07-16,38.63296890258789
2010-07-19,38.96405792236328
2010-07-20,39.43455123901367
2010-07-21,38.894351959228516
2010-07-22,39.878910064697266
2010-07-23,40.13159942626953
2010-07-26,40.4626579284668
2010-07-27,40.445247650146484
2010-07-28,40.12287521362305
2010-07-29,39.826629638671875
2010-07-30,39.91374969482422
2010-08-02,40.66307067871094
2010-08-03,40.48881149291992
2010-08-04,40.89832305908203
2010-08-05,40.8024787902832
2010-08-06,40.74149703979492
2010-08-09,41.020301818847656
2010-08-10,40.66307067871094
2010-08-11,39.55653381347656
2010-08-12,39.242881774902344
2010-08-13,38.96405792236328
2010-08-16,39.03376770019531
2010-08-17,39.530399322509766
2010-08-18,39.68723678588867
2010-08-19,39.08604049682617
2010-08-20,39.13832473754883
2010-08-23,38.75495529174805
2010-08-24,38.03179168701172
2010-08-25,38.39771270751953
2010-08-26,37.935951232910156
2010-08-27,38.39771270751953
2010-08-30,37.99691390991211
2010-08-31,37.86622619628906
2010-09-01,38.998905181884766
2010-09-02,39.43455123901367
2010-09-03,40.088008880615234
2010-09-07,39.81791687011719
2010-09-08,40.29712677001953
2010-09-09,40.45396423339844
2010-09-10,40.60208511352539
2010-09-13,41.16841506958008
2010-09-14,41.34267807006836
2010-09-15,41.60406494140625
2010-09-16,41.76960754394531
2010-09-17,41.911094665527344
2010-09-20,42.64468765258789
2010-09-21,42.635963439941406
2010-09-22,42.522430419921875
2010-09-23,42.50495529174805
2010-09-24,43.36955642700195
2010-09-27,43.133758544921875
2010-09-28,43.11628341674805
2010-09-29,43.046417236328125
2010-09-30,42.85429382324219
2010-10-01,42.80188751220703
2010-10-04,42.339027404785156
2010-10-05,43.36955642700195
2010-10-06,42.994022369384766
2010-10-07,43.15121078491211
2010-10-08,43.448150634765625
2010-10-11,43.46562576293945
2010-10-12,43.76254653930664
2010-10-13,44.1206169128418
2010-10-14,44.03327941894531
2010-10-15,44.96775436401367
2010-10-18,44.801815032958984
2010-10-19,44.382606506347656
2010-10-20,44.70573425292969
2010-10-21,44.793087005615234
2010-10-22,45.0987434387207
2010-10-25,45.31707763671875
2010-10-26,45.43934631347656
2010-10-27,45.579071044921875
2010-10-28,45.675132751464844
2010-10-29,45.57035446166992
2010-11-01,45.60527801513672
2010-11-02,46.09434127807617
2010-11-03,46.30393981933594
2010-11-04,46.871620178222656
2010-11-05,46.871620178222656
2010-11-08,46.932743072509766
2010-11-09,46.679473876953125
2010-11-10,46.915283203125
2010-11-11,46.61833953857422
2010-11-12,45.85854721069336
2010-11-15,45.68388366699219
2010-11-16,44.93281173706055
2010-11-17,45.063812255859375
2010-11-18,45.78866958618164
2010-11-19,45.823604583740234
2010-11-22,46.2078742980957
2010-11-23,45.47427749633789
2010-11-24,46.39127731323242
2010-11-26,46.08560562133789
2010-11-29,46.05067825317383
2010-11-30,45.491729736328125
2010-12-01,46.45241165161133
2010-12-02,46.92401123046875
2010-12-03,47.0462760925293
2010-12-06,47.028804779052734
2010-12-07,47.05500793457031
2010-12-08,47.22966766357422
2010-12-09,47.27334213256836
2010-12-10,47.58774948120117
2010-12-13,47.42179870605469
2010-12-14,47.50914764404297
2010-12-15,47.29954147338867
2010-12-16,47.66633987426758
2010-12-17,47.708343505859375
2010-12-20,47.74333190917969
2010-12-21,48.0321159362793
2010-12-22,48.02336120605469
2010-12-23,47.90084457397461
2010-12-27,47.92710494995117
2010-12-28,47.839595794677734
2010-12-29,47.94459915161133
2010-12-30,47.830841064453125
2010-12-31,47.65583038330078
2011-01-03,48.3996467590332
2011-01-04,48.36465072631836
2011-01-05,48.77590560913086
2011-01-06,48.933433532714844
2011-01-07,48.88966369628906
2011-01-10,49.07343292236328
2011-01-11,49.143436431884766
2011-01-12,49.493446350097656
2011-01-13,49.510963439941406
2011-01-14,49.87850570678711
2011-01-18,50.01849365234375
2011-01-19,49.44970703125
2011-01-20,49.09968566894531
2011-01-21,48.723411560058594
2011-01-24,49.39719009399414
2011-01-25,49.46720504760742
2011-01-26,49.729713439941406
2011-01-27,50.0360107421875
2011-01-28,48.76717758178711
2011-01-31,49.00342559814453
2011-02-01,49.9222297668457
2011-02-02,49.843502044677734
2011-02-03,49.931007385253906
2011-02-04,50.21100997924805
2011-02-07,50.44728469848633
2011-02-08,50.779808044433594
2011-02-09,50.69228744506836
2011-02-10,50.77104949951172
2011-02-11,51.13857650756836
2011-02-14,51.261085510253906
2011-02-15,51.19106674194336
2011-02-16,51.523597717285156
2011-02-17,51.50611114501953
2011-02-18,51.3923454284668
2011-02-22,49.90474319458008
2011-02-23,49.493446350097656
2011-02-24,49.75598907470703
2011-02-25,50.44728469848633
2011-02-28,50.55229187011719
2011-03-01,49.73847198486328
2011-03-02,50.0009880065918
2011-03-03,50.98982238769531
2011-03-04,50.727294921875
2011-03-07,50.044742584228516
2011-03-08,50.246002197265625
2011-03-09,49.90474319458008
2011-03-10,49.125938415527344
2011-03-11,49.43220901489258
2011-03-14,49.257205963134766
2011-03-15,48.55714416503906
2011-03-16,47.38456726074219
2011-03-17,47.82209396362305
2011-03-18,47.71432876586914
2011-03-21,48.63441467285156
2011-03-22,48.546791076660156
2011-03-23,48.81845474243164
2011-03-24,49.68598175048828
2011-03-25,49.808650970458984
2011-03-28,49.537010192871094
2011-03-29,50.01896286010742
2011-03-30,50.25556182861328
2011-03-31,50.3256721496582
2011-04-01,50.35197067260742
2011-04-04,50.18545913696289
2011-04-05,50.054012298583984
2011-04-06,50.176700592041016
2011-04-07,50.14164733886719
2011-04-08,49.90504837036133
2011-04-11,49.73855209350586
2011-04-12,49.39680862426758
2011-04-13,49.81741714477539
2011-04-14,49.729793548583984
2011-04-15,49.64216232299805
2011-04-18,49.29164123535156
2011-04-19,49.59835433959961
2011-04-20,50.72001647949219
2011-04-21,51.12310791015625
2011-04-25,51.25456237792969
2011-04-26,51.54372787475586
2011-04-27,51.89424514770508
2011-04-28,51.81538009643555
2011-04-29,51.77156066894531
2011-05-02,51.6751594543457
2011-05-03,51.4297981262207
2011-05-04,51.35093307495117
2011-05-05,51.070526123046875
2011-05-06,51.23701477050781
2011-05-09,51.4297981262207
2011-05-10,51.867950439453125
2011-05-11,51.491153717041016
2011-05-12,51.79784393310547
2011-05-13,51.1844482421875
2011-05-16,50.299381256103516
2011-05-17,50.439598083496094
2011-05-18,50.86020278930664
2011-05-19,51.009178161621094
2011-05-20,50.623619079589844
2011-05-23,49.87874221801758
2011-05-24,49.572052001953125
2011-05-25,49.76485061645508
2011-05-26,50.071529388427734
2011-05-27,50.3256721496582
2011-05-31,51.140625
2011-06-01,50.02773666381836
2011-06-02,50.13288879394531
2011-06-03,49.3792724609375
2011-06-06,48.97618865966797
2011-06-07,48.88853073120117
2011-06-08,48.538021087646484
2011-06-09,48.62566375732422
2011-06-10,47.88081741333008
2011-06-13,47.88081741333008
2011-06-14,48.49420166015625
2011-06-15,47.57412338256836
2011-06-16,47.39009094238281
2011-06-17,47.24165344238281
2011-06-20,47.4875602722168
2011-06-21,48.5063591003418
2011-06-22,48.155052185058594
2011-06-23,48.602962493896484
2011-06-24,47.75983428955078
2011-06-27,48.52391815185547
2011-06-28,49.24409103393555
2011-06-29,49.44609832763672
2011-06-30,50.10478591918945
2011-07-01,50.8600959777832
2011-07-05,51.114776611328125
2011-07-06,51.28166580200195
2011-07-07,51.98427200317383
2011-07-08,51.84374237060547
2011-07-11,50.90400695800781
2011-07-12,50.517581939697266
2011-07-13,50.728363037109375
2011-07-14,50.139930725097656
2011-07-15,50.807395935058594
2011-07-18,50.5351448059082
2011-07-19,51.68566131591797
2011-07-20,51.46609115600586
2011-07-21,51.80860900878906
2011-07-22,52.344356536865234
2011-07-25,52.238956451416016
2011-07-26,52.37070846557617
2011-07-27,51.01817321777344
2011-07-28,51.105995178222656
2011-07-29,50.93914031982422
2011-08-01,50.702003479003906
2011-08-02,49.41974639892578
2011-08-03,49.89400100708008
2011-08-04,47.57538986206055
2011-08-05,47.276790618896484
2011-08-08,44.43123245239258
2011-08-09,46.574180603027344
2011-08-10,44.668357849121094
2011-08-11,46.63566589355469
2011-08-12,47.0484504699707
2011-08-15,47.742271423339844
2011-08-16,47.338253021240234
2011-08-17,47.057220458984375
2011-08-18,44.74738311767578
2011-08-19,43.93938064575195
2011-08-22,44.09748077392578
2011-08-23,45.91548538208008
2011-08-24,46.27558135986328
2011-08-25,45.5202751159668
2011-08-26,46.662010192871094
2011-08-29,47.96183395385742
2011-08-30,48.27801513671875
2011-08-31,48.357051849365234
2011-09-01,47.91791534423828
2011-09-02,46.79374313354492
2011-09-06,46.802528381347656
2011-09-07,47.98819351196289
2011-09-08,47.76862716674805
2011-09-09,46.70591735839844
2011-09-12,47.303138732910156
2011-09-13,47.935482025146484
2011-09-14,48.620521545410156
2011-09-15,49.3406982421875
2011-09-16,49.79297637939453
2011-09-19,49.81057357788086
2011-09-20,49.59060287475586
2011-09-21,48.72829055786133
2011-09-22,47.144493103027344
2011-09-23,47.64603042602539
2011-09-26,48.20036697387695
2011-09-27,48.701900482177734
2011-09-28,47.98038864135742
2011-09-29,47.40846252441406
2011-09-30,46.18540954589844
2011-10-03,44.9975700378418
2011-10-04,45.92145538330078
2011-10-05,47.10050582885742
2011-10-06,47.892398834228516
2011-10-07,47.57563400268555
2011-10-10,49.22103500366211
2011-10-11,49.55540084838867
2011-10-12,49.801761627197266
2011-10-13,50.25929260253906
2011-10-14,51.19200134277344
2011-10-17,50.40007781982422
2011-10-18,51.024803161621094
2011-10-19,50.03934860229492
2011-10-20,49.79297637939453
2011-10-21,50.41767120361328
2011-10-24,51.46477508544922
2011-10-25,50.4528694152832
2011-10-26,50.39129638671875
2011-10-27,51.781517028808594
2011-10-28,51.86069869995117
2011-10-31,50.9896125793457
2011-11-01,49.660980224609375
2011-11-02,50.08332824707031
2011-11-03,51.121585845947266
2011-11-04,50.85762405395508
2011-11-07,51.218387603759766
2011-11-08,51.80792236328125
2011-11-09,49.98653793334961
2011-11-10,49.96013259887695
2011-11-11,50.9016227722168
2011-11-14,50.58488464355469
2011-11-15,51.14799499511719
2011-11-16,50.303306579589844
2011-11-17,49.124267578125
2011-11-18,48.74589157104492
2011-11-21,47.813228607177734
2011-11-22,47.971595764160156
2011-11-23,46.88933181762695
2011-11-25,46.52857971191406
2011-11-28,48.147586822509766
2011-11-29,47.848411560058594
2011-11-30,49.61697769165039
2011-12-01,49.96013259887695
2011-12-02,49.819366455078125
2011-12-05,50.36489486694336
2011-12-06,50.22410583496094
2011-12-07,50.22410583496094
2011-12-08,49.37941360473633
2011-12-09,50.17131805419922
2011-12-12,49.608192443847656
2011-12-13,49.062652587890625
2011-12-14,48.29715347290039
2011-12-15,48.1651611328125
2011-12-16,48.41315841674805
2011-12-19,47.93659973144531
2011-12-20,49.35740280151367
2011-12-21,48.65141296386719
2011-12-22,49.06617736816406
2011-12-23,49.48978805541992
2011-12-27,49.674381256103516
2011-12-28,49.10026168823242
2011-12-29,49.45357131958008
2011-12-30,49.312255859375
2012-01-03,50.2573356628418
2012-01-04,50.46931838989258
2012-01-05,50.88445281982422
2012-01-06,51.061092376708984
2012-01-09,50.89326477050781
2012-01-10,51.26424026489258
2012-01-11,51.37022399902344
2012-01-12,51.573387145996094
2012-01-13,51.387916564941406
2012-01-17,51.85603332519531
2012-01-18,52.54497146606445
2012-01-19,52.87177276611328
2012-01-20,52.79228210449219
2012-01-23,52.8099365234375
2012-01-24,52.712799072265625
2012-01-25,53.37522888183594
2012-01-26,53.18973159790039
2012-01-27,53.34873580932617
2012-01-30,53.39290237426758
2012-01-31,53.46355056762695
2012-02-01,53.8963623046875
2012-02-02,54.064170837402344
2012-02-03,54.806095123291016
2012-02-06,54.761932373046875
2012-02-07,54.87675857543945
2012-02-08,55.168243408203125
2012-02-09,55.565696716308594
2012-02-10,55.17707443237305
2012-02-13,55.68937301635742
2012-02-14,55.8306884765625
2012-02-15,55.442047119140625
2012-02-16,56.20164489746094
2012-02-17,56.025001525878906
2012-02-21,56.183990478515625
2012-02-22,55.92784118652344
2012-02-23,56.29882049560547
2012-02-24,56.49313735961914
2012-02-27,56.57262420654297
2012-02-28,57.14672088623047
2012-02-29,56.890602111816406
2012-03-01,57.3410530090332
2012-03-02,57.2968864440918
2012-03-05,56.70512390136719
2012-03-06,56.148658752441406
2012-03-07,56.581443786621094
2012-03-08,57.1909065246582
2012-03-09,57.42939376831055
2012-03-12,57.45588684082031
2012-03-13,58.52460861206055
2012-03-14,58.72776794433594
2012-03-15,58.89557647705078
2012-03-16,58.854000091552734
2012-03-19,59.26983642578125
2012-03-20,59.37599182128906
2012-03-21,59.384857177734375
2012-03-22,59.26097869873047
2012-03-23,59.2255973815918
2012-03-26,60.26077651977539
2012-03-27,60.34925079345703
2012-03-28,60.1103630065918
2012-03-29,59.880313873291016
2012-03-30,59.765316009521484
2012-04-02,60.3846435546875
2012-04-03,60.366947174072266
2012-04-04,59.544132232666016
2012-04-05,59.915706634521484
2012-04-09,59.4644775390625
2012-04-10,58.508934020996094
2012-04-11,58.792076110839844
2012-04-12,59.4644775390625
2012-04-13,58.56203079223633
2012-04-16,57.90731430053711
2012-04-17,59.08403015136719
2012-04-18,58.933624267578125
2012-04-19,58.27004623413086
2012-04-20,58.11080551147461
2012-04-23,57.57994079589844
2012-04-24,57.27029800415039
2012-04-25,58.792076110839844
2012-04-26,59.137107849121094
2012-04-27,59.49102783203125
2012-04-30,59.06633377075195
2012-05-01,59.16368103027344
2012-05-02,59.331783294677734
2012-05-03,58.70360565185547
2012-05-04,57.243743896484375
2012-05-07,57.29682922363281
2012-05-08,57.08448791503906
2012-05-09,56.907527923583984
2012-05-10,56.79252243041992
2012-05-11,56.78367233276367
2012-05-14,56.25281524658203
2012-05-15,56.067020416259766
2012-05-16,55.68657302856445
2012-05-17,54.509849548339844
2012-05-18,53.80205154418945
2012-05-21,55.30612564086914
2012-05-22,55.24418640136719
2012-05-23,55.350372314453125
2012-05-24,54.987613677978516
2012-05-25,54.916847229003906
2012-05-29,55.61578369140625
2012-05-30,55.14687728881836
2012-05-31,54.907989501953125
2012-06-01,53.44814682006836
2012-06-04,53.855125427246094
2012-06-05,54.0763053894043
2012-06-06,55.314979553222656
2012-06-07,55.09378433227539
2012-06-08,55.62465286254883
2012-06-11,54.686790466308594
2012-06-12,55.350372314453125
2012-06-13,54.969932556152344
2012-06-14,55.17340850830078
2012-06-15,55.85890197753906
2012-06-18,56.382110595703125
2012-06-19,56.967384338378906
2012-06-20,57.01172637939453
2012-06-21,55.59286117553711
2012-06-22,56.17815399169922
2012-06-25,55.09627151489258
2012-06-26,55.442115783691406
2012-06-27,55.77909851074219
2012-06-28,55.158348083496094
2012-06-29,56.896461486816406
2012-07-02,57.06494903564453
2012-07-03,57.54377746582031
2012-07-05,57.57928466796875
2012-07-06,56.860984802246094
2012-07-09,56.75457000732422
2012-07-10,56.19588088989258
2012-07-11,55.885501861572266
2012-07-12,55.36231231689453
2012-07-13,56.20474624633789
2012-07-16,56.04512405395508
2012-07-17,56.3377685546875
2012-07-18,57.10040283203125
2012-07-19,57.73003387451172
2012-07-20,56.967384338378906
2012-07-23,56.275691986083984
2012-07-24,55.83229446411133
2012-07-25,55.459842681884766
2012-07-26,56.19588088989258
2012-07-27,57.526065826416016
2012-07-30,57.481727600097656
2012-07-31,57.46400451660156
2012-08-01,57.295494079589844
2012-08-02,57.091548919677734
2012-08-03,58.17342758178711
2012-08-06,58.61682891845703
2012-08-07,59.10456085205078
2012-08-08,59.07796096801758
2012-08-09,59.25530242919922
2012-08-10,59.29078674316406
2012-08-13,59.43267822265625
2012-08-14,59.45929718017578
2012-08-15,59.61002731323242
2012-08-16,60.3194465637207
2012-08-17,60.58549118041992
2012-08-20,60.67416000366211
2012-08-21,60.43473815917969
2012-08-22,60.68304443359375
2012-08-23,60.18644332885742
2012-08-24,60.55888748168945
2012-08-27,60.656436920166016
2012-08-28,60.656436920166016
2012-08-29,60.656436920166016
2012-08-30,60.0445556640625
2012-08-31,60.44358444213867
2012-09-04,60.38154220581055
2012-09-05,60.3194465637207
2012-09-06,61.65848922729492
2012-09-07,61.569820404052734
2012-09-10,60.78059387207031
2012-09-11,60.68304443359375
2012-09-12,60.86040496826172
2012-09-13,61.68510437011719
2012-09-14,62.23492431640625
2012-09-17,62.26152420043945
2012-09-18,62.314735412597656
2012-09-19,62.43001937866211
2012-09-20,62.36793518066406
2012-09-21,62.385719299316406
2012-09-24,62.021121978759766
2012-09-25,61.14959716796875
2012-09-26,60.65155792236328
2012-09-27,61.48751449584961
2012-09-28,60.98060989379883
2012-10-01,60.891658782958984
2012-10-02,61.06954574584961
2012-10-03,61.460845947265625
2012-10-04,61.67427062988281
2012-10-05,61.34522247314453
2012-10-08,60.78492736816406
2012-10-09,59.81560516357422
2012-10-10,59.51322555541992
2012-10-11,59.32646560668945
2012-10-12,59.29978561401367
2012-10-15,59.73554611206055
2012-10-16,60.580421447753906
2012-10-17,60.54482650756836
2012-10-18,59.84226608276367
2012-10-19,58.41044616699219
2012-10-22,58.712825775146484
2012-10-23,58.15256881713867
2012-10-24,57.948036193847656
2012-10-25,57.948036193847656
2012-10-26,58.11700439453125
2012-10-31,57.76128387451172
2012-11-01,58.57944107055664
2012-11-02,57.95692825317383
2012-11-05,58.3393440246582
2012-11-06,58.4460563659668
2012-11-07,57.06758499145508
2012-11-08,56.169376373291016
2012-11-09,56.40950012207031
2012-11-12,56.40061569213867
2012-11-13,56.009307861328125
2012-11-14,55.35121154785156
2012-11-15,55.164459228515625
2012-11-16,55.404563903808594
2012-11-19,56.720767974853516
2012-11-20,56.73854446411133
2012-11-21,56.85416793823242
2012-11-23,57.716800689697266
2012-11-26,57.965816497802734
2012-11-27,57.77016067504883
2012-11-28,58.268184661865234
2012-11-29,58.61500549316406
2012-11-30,58.51716995239258
2012-12-03,58.40159225463867
2012-12-04,58.36599349975586
2012-12-05,57.716800689697266
2012-12-06,58.090309143066406
2012-12-07,57.74348831176758
2012-12-10,57.91246032714844
2012-12-11,58.66836929321289
2012-12-12,58.54386520385742
2012-12-13,58.081424713134766
2012-12-14,57.53005599975586
2012-12-17,58.294857025146484
2012-12-18,59.184173583984375
2012-12-19,58.92627716064453
2012-12-20,58.92627716064453
2012-12-21,58.30654525756836
2012-12-24,58.19028091430664
2012-12-26,57.680564880371094
2012-12-27,57.59113311767578
2012-12-28,57.03667449951172
2012-12-31,58.24393081665039
2013-01-02,60.0950813293457
2013-01-03,59.78211975097656
2013-01-04,59.58534622192383
2013-01-07,59.60325241088867
2013-01-08,59.48698806762695
2013-01-09,59.710548400878906
2013-01-10,60.06825256347656
2013-01-11,60.14874267578125
2013-01-14,59.880462646484375
2013-01-15,59.58534622192383
2013-01-16,59.82680892944336
2013-01-17,60.11297607421875
2013-01-18,59.97886657714844
2013-01-22,60.07722473144531
2013-01-23,60.443843841552734
2013-01-24,59.6121940612793
2013-01-25,59.91623306274414
2013-01-28,60.05036544799805
2013-01-29,60.05934524536133
2013-01-30,59.93412399291992
2013-01-31,59.799983978271484
2013-02-01,60.50644302368164
2013-02-04,59.451202392578125
2013-02-05,60.32760238647461
2013-02-06,60.13087844848633
2013-02-07,60.18450927734375
2013-02-08,60.80156326293945
2013-02-11,60.81947708129883
2013-02-12,60.56904983520508
2013-02-13,60.78369140625
2013-02-14,60.76578140258789
2013-02-15,60.58694076538086
2013-02-19,61.025142669677734
2013-02-20,60.08613204956055
2013-02-21,59.442291259765625
2013-02-22,60.041439056396484
2013-02-25,59.2992057800293
2013-02-26,59.52275085449219
2013-02-27,60.13087844848633
2013-02-28,60.005645751953125
2013-03-01,60.25606918334961
2013-03-04,60.524349212646484
2013-03-05,61.41860580444336
2013-03-06,61.26659393310547
2013-03-07,61.42756652832031
2013-03-08,61.49908447265625
2013-03-11,61.677955627441406
2013-03-12,61.454383850097656
2013-03-13,61.373905181884766
2013-03-14,61.57958221435547
2013-03-15,61.408382415771484
2013-03-18,61.273948669433594
2013-03-19,61.157405853271484
2013-03-20,61.58762741088867
2013-03-21,60.88849639892578
2013-03-22,61.480072021484375
2013-03-25,61.25600814819336
2013-03-26,61.58762741088867
2013-03-27,61.668312072753906
2013-03-28,61.82069778442383
2013-04-01,61.399417877197266
2013-04-02,61.883426666259766
2013-04-03,61.31874084472656
2013-04-04,61.33668899536133
2013-04-05,60.82575988769531
2013-04-08,61.14845275878906
2013-04-09,61.560752868652344
2013-04-10,62.76183319091797
2013-04-11,62.7349739074707
2013-04-12,62.690162658691406
2013-04-15,61.45317840576172
2013-04-16,62.26885986328125
2013-04-17,61.04985046386719
2013-04-18,60.207279205322266
2013-04-19,61.03192901611328
2013-04-22,61.659366607666016
2013-04-23,62.25096893310547
2013-04-24,62.22404861450195
2013-04-25,62.55570602416992
2013-04-26,62.35852813720703
2013-04-29,62.93216323852539
2013-04-30,63.3892936706543
2013-05-01,63.09351348876953
2013-05-02,63.8912467956543
2013-05-03,64.64417266845703
2013-05-06,64.8951187133789
2013-05-07,64.85928344726562
2013-05-08,65.17301940917969
2013-05-09,65.08338928222656
2013-05-10,65.47779083251953
2013-05-13,65.55844116210938
2013-05-14,65.89906311035156
2013-05-15,66.03347778320312
2013-05-16,65.96180725097656
2013-05-17,66.59819030761719
2013-05-20,66.49960327148438
2013-05-21,66.5712890625
2013-05-22,65.98868560791016
2013-05-23,65.83631134033203
2013-05-24,65.80046081542969
2013-05-28,66.230712890625
2013-05-29,65.91699981689453
2013-05-30,66.26654052734375
2013-05-31,65.65702819824219
2013-06-03,65.7735824584961
2013-06-04,65.43295288085938
2013-06-05,64.58143615722656
2013-06-06,64.8951187133789
2013-06-07,65.78252410888672
2013-06-10,65.80941009521484
2013-06-11,65.15505981445312
2013-06-12,64.40214538574219
2013-06-13,65.21781158447266
2013-06-14,64.7875747680664
2013-06-17,65.4150390625
2013-06-18,65.95282745361328
2013-06-19,65.21781158447266
2013-06-20,63.66719055175781
2013-06-21,63.329044342041016
2013-06-24,62.699623107910156
2013-06-25,63.15822219848633
2013-06-26,63.724693298339844
2013-06-27,63.994449615478516
2013-06-28,64.0843505859375
2013-07-01,64.47998046875
2013-07-02,64.50699615478516
2013-07-03,64.76776123046875
2013-07-05,65.26234436035156
2013-07-08,65.32524871826172
2013-07-09,65.72087097167969
2013-07-10,66.09854125976562
2013-07-11,67.41132354736328
2013-07-12,67.70808410644531
2013-07-15,67.86096954345703
2013-07-16,67.77101135253906
2013-07-17,67.94184112548828
2013-07-18,67.77101135253906
2013-07-19,67.06964874267578
2013-07-22,67.2674560546875
2013-07-23,66.77293395996094
2013-07-24,66.98873901367188
2013-07-25,67.41132354736328
2013-07-26,67.77101135253906
2013-07-29,67.64514923095703
2013-07-30,68.0047836303711
2013-07-31,68.13069152832031
2013-08-01,68.82305145263672
2013-08-02,69.20970153808594
2013-08-05,69.254638671875
2013-08-06,68.84101867675781
2013-08-07,68.71517944335938
2013-08-08,69.05683898925781
2013-08-09,68.77809143066406
2013-08-12,68.93994140625
2013-08-13,69.32656860351562
2013-08-14,69.0657958984375
2013-08-15,67.89690399169922
2013-08-16,67.86993408203125
2013-08-19,67.75303649902344
2013-08-20,68.04975891113281
2013-08-21,67.81594848632812
2013-08-22,68.48136138916016
2013-08-23,68.93994140625
2013-08-26,68.97589111328125
2013-08-27,67.56419372558594
2013-08-28,67.82495880126953
2013-08-29,68.30152130126953
2013-08-30,67.86096954345703
2013-09-03,68.2475814819336
2013-09-04,68.97589111328125
2013-09-05,69.0927963256836
2013-09-06,69.17373657226562
2013-09-09,69.98298645019531
2013-09-10,70.32469177246094
2013-09-11,70.18976593017578
2013-09-12,70.14483642578125
2013-09-13,70.18976593017578
2013-09-16,70.00096893310547
2013-09-17,70.46852111816406
2013-09-18,71.31375885009766
2013-09-19,71.48460388183594
2013-09-20,71.2392807006836
2013-09-23,71.09500122070312
2013-09-24,71.09500122070312
2013-09-25,70.85147094726562
2013-09-26,71.4016342163086
2013-09-27,71.31145477294922
2013-09-30,71.14008331298828
2013-10-01,71.8615951538086
2013-10-02,71.83451843261719
2013-10-03,70.99578094482422
2013-10-04,71.60906219482422
2013-10-07,71.01383972167969
2013-10-08,69.64299011230469
2013-10-09,69.42652130126953
2013-10-10,70.89656829833984
2013-10-11,71.45574951171875
2013-10-14,71.96080780029297
2013-10-15,71.68122863769531
2013-10-16,72.4929428100586
2013-10-17,72.90776824951172
2013-10-18,74.08920288085938
2013-10-21,74.25157165527344
2013-10-22,74.35980987548828
2013-10-23,73.90885925292969
2013-10-24,74.23357391357422
2013-10-25,74.76567077636719
2013-10-28,74.78369903564453
2013-10-29,74.90994262695312
2013-10-30,74.83779907226562
2013-10-31,74.66641998291016
2013-11-01,74.68448638916016
2013-11-04,74.792724609375
2013-11-05,74.87387084960938
2013-11-06,74.8558349609375
2013-11-07,73.44889831542969
2013-11-08,74.44095611572266
2013-11-11,74.32372283935547
2013-11-12,74.44095611572266
2013-11-13,75.34285736083984
2013-11-14,75.57734680175781
2013-11-15,75.72164916992188
2013-11-18,74.98210144042969
2013-11-19,74.76567077636719
2013-11-20,74.58528900146484
2013-11-21,75.34285736083984
2013-11-22,75.7486801147461
2013-11-25,75.92906188964844
2013-11-26,76.32588195800781
2013-11-27,76.85799407958984
2013-11-29,77.31795501708984
2013-12-02,77.09246063232422
2013-12-03,77.02935028076172
2013-12-04,77.10147857666016
2013-12-05,77.00228118896484
2013-12-06,77.56145477294922
2013-12-09,77.87714385986328
2013-12-10,77.82300567626953
2013-12-11,76.82193756103516
2013-12-12,76.62352752685547
2013-12-13,76.5242919921875
2013-12-16,76.94818878173828
2013-12-17,76.79486083984375
2013-12-18,77.68772888183594
2013-12-19,77.47128295898438
2013-12-20,78.26020050048828
2013-12-23,79.0835189819336
2013-12-24,79.11970520019531
2013-12-26,79.3821029663086
2013-12-27,79.18304443359375
2013-12-30,79.06543731689453
2013-12-31,79.58110046386719
2014-01-02,78.95684814453125
2014-01-03,78.38684844970703
2014-01-06,78.09735107421875
2014-01-07,78.8211441040039
2014-01-08,78.9930419921875
2014-01-09,78.73066711425781
2014-01-10,78.98402404785156
2014-01-13,77.81690216064453
2014-01-14,79.30066680908203
2014-01-15,79.95207214355469
2014-01-16,79.96112823486328
2014-01-17,79.50874328613281
2014-01-21,80.11495208740234
2014-01-22,80.3230209350586
2014-01-23,80.05162048339844
2014-01-24,78.47733306884766
2014-01-27,77.71737670898438
2014-01-28,77.67213439941406
2014-01-29,76.83975982666016
2014-01-30,78.26020050048828
2014-01-31,78.05210876464844
2014-02-03,76.26068115234375
2014-02-04,76.82167053222656
2014-02-05,76.62260437011719
2014-02-06,77.59973907470703
2014-02-07,78.98402404785156
2014-02-10,79.43637084960938
2014-02-11,80.34111785888672
2014-02-12,80.49493408203125
2014-02-13,81.09207153320312
2014-02-14,81.2549057006836
2014-02-18,81.65303039550781
2014-02-19,81.09207153320312
2014-02-20,81.47203826904297
2014-02-21,81.36347198486328
2014-02-24,81.79776763916016
2014-02-25,81.707275390625
2014-02-26,81.63491821289062
2014-02-27,82.16456604003906
2014-02-28,82.0737075805664
2014-03-03,81.46500396728516
2014-03-04,82.50067901611328
2014-03-05,82.72782135009766
2014-03-06,82.65514373779297
2014-03-07,82.24633026123047
2014-03-10,82.31895446777344
2014-03-11,81.96468353271484
2014-03-12,82.27360534667969
2014-03-13,81.11072540283203
2014-03-14,80.55653381347656
2014-03-17,81.26512908935547
2014-03-18,82.24633026123047
2014-03-19,81.8011703491211
2014-03-20,82.02828979492188
2014-03-21,81.04122924804688
2014-03-24,80.3309555053711
2014-03-25,80.59503936767578
2014-03-26,79.55696105957031
2014-03-27,79.11077117919922
2014-03-28,79.26558685302734
2014-03-31,79.83015441894531
2014-04-01,81.23243713378906
2014-04-02,81.4418716430664
2014-04-03,80.79536437988281
2014-04-04,78.64640045166016
2014-04-07,77.8997802734375
2014-04-08,78.61907958984375
2014-04-09,79.96675872802734
2014-04-10,77.48997497558594
2014-04-11,76.58849334716797
2014-04-14,77.18948364257812
2014-04-15,77.44444274902344
2014-04-16,78.47338104248047
2014-04-17,78.49158477783203
2014-04-21,79.07438659667969
2014-04-22,79.70262908935547
2014-04-23,79.00151824951172
2014-04-24,79.75730895996094
2014-04-25,78.48249053955078
2014-04-28,78.73743438720703
2014-04-29,79.36575317382812
2014-04-30,79.57520294189453
2014-05-01,79.81193542480469
2014-05-02,79.66622161865234
2014-05-05,80.08511352539062
2014-05-06,79.04706573486328
2014-05-07,78.81941223144531
2014-05-08,78.74657440185547
2014-05-09,79.0379638671875
2014-05-12,80.34009552001953
2014-05-13,80.39472961425781
2014-05-14,79.97584533691406
2014-05-15,79.34754943847656
2014-05-16,79.86660766601562
2014-05-19,80.4220199584961
2014-05-20,80.13064575195312
2014-05-21,80.89554595947266
2014-05-22,81.2506332397461
2014-05-23,81.84249114990234
2014-05-27,82.86234283447266
2014-05-28,82.60739135742188
2014-05-29,83.13554382324219
2014-05-30,83.1446533203125
2014-06-02,83.06267547607422
2014-06-03,83.0262680053711
2014-06-04,83.33589172363281
2014-06-05,84.03701782226562
2014-06-06,84.5196304321289
2014-06-09,84.45584869384766
2014-06-10,84.60154724121094
2014-06-11,84.58332824707031
2014-06-12,83.81845092773438
2014-06-13,84.0643310546875
2014-06-16,84.13719940185547
2014-06-17,84.18270111083984
2014-06-18,84.65618896484375
2014-06-19,84.60154724121094
2014-06-20,84.70110321044922
2014-06-23,84.7193603515625
2014-06-24,84.63715362548828
2014-06-25,85.17586517333984
2014-06-26,85.22151184082031
2014-06-27,85.59584045410156
2014-06-30,85.74193572998047
2014-07-01,86.682373046875
2014-07-02,86.82844543457031
2014-07-03,87.37625885009766
2014-07-07,87.1114501953125
2014-07-08,86.06147766113281
2014-07-09,86.70057678222656
2014-07-10,86.42668914794922
2014-07-11,86.98363494873047
2014-07-14,87.50404357910156
2014-07-15,87.20278930664062
2014-07-16,87.5497055053711
2014-07-17,86.39019012451172
2014-07-18,87.75968933105469
2014-07-21,87.65013122558594
2014-07-22,88.20706176757812
2014-07-23,88.77316284179688
2014-07-24,88.67271423339844
2014-07-25,88.32575988769531
2014-07-28,88.35317993164062
2014-07-29,88.19796752929688
2014-07-30,88.544921875
2014-07-31,86.75537872314453
2014-08-01,86.43580627441406
2014-08-04,87.0292739868164
2014-08-05,86.36277770996094
2014-08-06,86.29887390136719
2014-08-07,86.02494812011719
2014-08-08,86.64583587646484
2014-08-11,87.15711975097656
2014-08-12,87.12061309814453
2014-08-13,88.04277038574219
2014-08-14,88.49922943115234
2014-08-15,88.92839050292969
2014-08-18,89.61312103271484
2014-08-19,90.11529541015625
2014-08-20,90.11529541015625
2014-08-21,90.29788970947266
2014-08-22,90.43487548828125
2014-08-25,90.75440979003906
2014-08-26,90.84574890136719
2014-08-27,90.86398315429688
2014-08-28,90.76356506347656
2014-08-29,91.10136413574219
2014-09-02,91.36613464355469
2014-09-03,90.82745361328125
2014-09-04,90.7452621459961
2014-09-05,91.20181274414062
2014-09-08,91.37525939941406
2014-09-09,90.61744689941406
2014-09-10,91.36613464355469
2014-09-11,91.29313659667969
2014-09-12,90.82745361328125
2014-09-15,89.9509506225586
2014-09-16,90.73616027832031
2014-09-17,90.87311553955078
2014-09-18,91.55787658691406
2014-09-19,91.50113677978516
2014-09-22,90.65001678466797
2014-09-23,90.40290069580078
2014-09-24,91.3730239868164
2014-09-25,89.45111083984375
2014-09-26,90.40290069580078
2014-09-29,90.28390502929688
2014-09-30,90.41207122802734
2014-10-01,88.96604919433594
2014-10-02,88.96604919433594
2014-10-03,89.84463500976562
2014-10-06,89.6524429321289
2014-10-07,88.38033294677734
2014-10-08,90.10087585449219
2014-10-09,88.64574432373047
2014-10-10,86.43096923828125
2014-10-13,85.07647705078125
2014-10-14,85.08561706542969
2014-10-15,84.53650665283203
2014-10-16,84.00570678710938
2014-10-17,85.11308288574219
2014-10-20,86.38519287109375
2014-10-21,88.65489196777344
2014-10-22,88.19730377197266
2014-10-23,89.52433776855469
2014-10-24,90.25647735595703
2014-10-27,90.32054138183594
2014-10-28,91.68416595458984
2014-10-29,91.34554290771484
2014-10-30,91.53775787353516
2014-10-31,92.80071258544922
2014-11-03,93.0752944946289
2014-11-04,92.7641372680664
2014-11-05,92.77326202392578
2014-11-06,93.06609344482422
2014-11-07,92.98374938964844
2014-11-10,93.31321716308594
2014-11-11,93.6061019897461
2014-11-12,93.77081298828125
2014-11-13,94.17350769042969
2014-11-14,94.46636199951172
2014-11-17,94.18267059326172
2014-11-18,94.88735961914062
2014-11-19,94.45719909667969
2014-11-20,94.87821960449219
2014-11-21,95.0612564086914
2014-11-24,95.80256652832031
2014-11-25,95.94898223876953
2014-11-26,96.57130432128906
2014-11-28,97.019775390625
2014-12-01,95.9215316772461
2014-12-02,96.305908203125
2014-12-03,96.47979736328125
2014-12-04,96.43399810791016
2014-12-05,96.44319152832031
2014-12-08,95.75679779052734
2014-12-09,96.058837890625
2014-12-10,94.54873657226562
2014-12-11,94.99717712402344
2014-12-12,93.96299743652344
2014-12-15,92.99287414550781
2014-12-16,91.50113677978516
2014-12-17,93.16679382324219
2014-12-18,95.40901947021484
2014-12-19,95.82882690429688
2014-12-22,96.0676498413086
2014-12-23,95.727783203125
2014-12-24,95.81045532226562
2014-12-26,96.490234375
2014-12-29,96.47183227539062
2014-12-30,95.82882690429688
2014-12-31,94.84593963623047
2015-01-02,94.5611343383789
2015-01-05,93.17403411865234
2015-01-06,91.92474365234375
2015-01-07,93.10977935791016
2015-01-08,94.89183807373047
2015-01-09,94.26718139648438
2015-01-12,93.2843246459961
2015-01-13,93.25669860839844
2015-01-14,92.7423095703125
2015-01-15,91.53895568847656
2015-01-16,92.61371612548828
2015-01-20,93.34857940673828
2015-01-21,93.8262710571289
2015-01-22,95.56239318847656
2015-01-23,95.7737045288086
2015-01-26,95.66348266601562
2015-01-27,93.18324279785156
2015-01-28,92.70555114746094
2015-01-29,93.59661865234375
2015-01-30,92.87090301513672
2015-02-02,93.67930603027344
2015-02-03,94.57952117919922
2015-02-04,94.4968490600586
2015-02-05,95.31441497802734
2015-02-06,94.73567199707031
2015-02-09,94.43256378173828
2015-02-10,95.9023208618164
2015-02-11,96.25137329101562
2015-02-12,97.3720703125
2015-02-13,98.20801544189453
2015-02-17,98.29988861083984
2015-02-18,98.4376449584961
2015-02-19,98.92454528808594
2015-02-20,99.58592987060547
2015-02-23,99.68696594238281
2015-02-24,99.76043701171875
2015-02-25,99.51244354248047
2015-02-26,100.01766204833984
2015-02-27,99.57675170898438
2015-03-02,100.47696685791016
2015-03-03,100.00846862792969
2015-03-04,99.62263488769531
2015-03-05,99.79717254638672
2015-03-06,98.66732025146484
2015-03-09,98.95207977294922
2015-03-10,97.1148681640625
2015-03-11,96.55451202392578
2015-03-12,97.18833923339844
2015-03-13,96.76580047607422
2015-03-16,98.01512908935547
2015-03-17,98.1712875366211
2015-03-18,99.13581848144531
2015-03-19,99.28276062011719
2015-03-20,99.92545318603516
2015-03-23,99.7320785522461
2015-03-24,99.37299346923828
2015-03-25,97.09881591796875
2015-03-26,96.76738739013672
2015-03-27,97.154052734375
2015-03-30,98.26815032958984
2015-03-31,97.22770690917969
2015-04-01,96.7213363647461
2015-04-02,96.78579711914062
2015-04-06,97.5776138305664
2015-04-07,97.411865234375
2015-04-08,98.18524932861328
2015-04-09,98.80216217041016
2015-04-10,99.20726013183594
2015-04-13,98.95868682861328
2015-04-14,98.67323303222656
2015-04-15,99.29012298583984
2015-04-16,99.15205383300781
2015-04-17,97.60523223876953
2015-04-20,99.06918334960938
2015-04-21,99.49268341064453
2015-04-22,100.03591918945312
2015-04-23,100.41339874267578
2015-04-24,101.77607727050781
2015-04-27,101.51827239990234
2015-04-28,101.31574249267578
2015-04-29,100.68042755126953
2015-04-30,99.0967788696289
2015-05-01,100.40422821044922
2015-05-04,100.56995391845703
2015-05-05,98.93107604980469
2015-05-06,98.24974060058594
2015-05-07,98.8390121459961
2015-05-08,100.07275390625
2015-05-11,99.68606567382812
2015-05-12,99.23487854003906
2015-05-13,99.43744659423828
2015-05-14,100.89219665527344
2015-05-15,100.89219665527344
2015-05-18,101.3341293334961
2015-05-19,101.2236557006836
2015-05-20,101.28811645507812
2015-05-21,101.8128890991211
2015-05-22,101.71160888671875
2015-05-26,100.54229736328125
2015-05-27,102.16277313232422
2015-05-28,101.93258666992188
2015-05-29,101.32493591308594
2015-06-01,101.66558074951172
2015-06-02,101.34333801269531
2015-06-03,101.64720153808594
2015-06-04,100.8737564086914
2015-06-05,100.63436126708984
2015-06-08,99.61239624023438
2015-06-09,99.44666290283203
2015-06-10,100.80933380126953
2015-06-11,100.95664978027344
2015-06-12,100.12796020507812
2015-06-15,99.63078308105469
2015-06-16,100.17402648925781
2015-06-17,100.45025634765625
2015-06-18,101.9141845703125
2015-06-19,101.4103012084961
2015-06-22,102.1578140258789
2015-06-23,102.24085998535156
2015-06-24,101.71485137939453
2015-06-25,101.51183319091797
2015-06-26,100.83812713623047
2015-06-29,98.45726013183594
2015-06-30,98.80792236328125
2015-07-01,99.59235382080078
2015-07-02,99.6200180053711
2015-07-06,99.3893051147461
2015-07-07,99.63847351074219
2015-07-08,97.90353393554688
2015-07-09,97.84815979003906
2015-07-10,99.34318542480469
2015-07-13,101.08732604980469
2015-07-14,101.75175476074219
2015-07-15,101.86251068115234
2015-07-16,103.30213165283203
2015-07-17,104.82482147216797
2015-07-20,105.18473815917969
2015-07-21,105.1200942993164
2015-07-22,103.92964935302734
2015-07-23,103.54203796386719
2015-07-24,102.52694702148438
2015-07-27,101.6779556274414
2015-07-28,102.55461883544922
2015-07-29,102.94223022460938
2015-07-30,103.43133544921875
2015-07-31,103.31134033203125
2015-08-03,102.98834991455078
2015-08-04,102.79459381103516
2015-08-05,103.58819580078125
2015-08-06,101.92708587646484
2015-08-07,101.79792022705078
2015-08-10,102.96072387695312
2015-08-11,101.64104461669922
2015-08-12,101.99169158935547
2015-08-13,101.8255844116211
2015-08-14,101.98250579833984
2015-08-17,102.83148193359375
2015-08-18,102.30546569824219
2015-08-19,101.6318130493164
2015-08-20,98.817138671875
2015-08-21,94.498291015625
2015-08-24,90.8623275756836
2015-08-25,90.52085876464844
2015-08-26,95.07965850830078
2015-08-27,97.48824310302734
2015-08-28,97.46980285644531
2015-08-31,96.26091003417969
2015-09-01,93.25247192382812
2015-09-02,95.88253784179688
2015-09-03,95.41188049316406
2015-09-04,94.27680206298828
2015-09-08,96.93458557128906
2015-09-09,95.84563446044922
2015-09-10,96.888427734375
2015-09-11,97.42367553710938
2015-09-14,97.12837982177734
2015-09-15,98.2726821899414
2015-09-16,98.82637786865234
2015-09-17,98.86329650878906
2015-09-18,97.45716857910156
2015-09-21,97.76242065429688
2015-09-22,96.30081176757812
2015-09-23,96.37480926513672
2015-09-24,96.02330780029297
2015-09-25,95.20923614501953
2015-09-28,92.49876403808594
2015-09-29,92.01771545410156
2015-09-30,94.13614654541016
2015-10-01,94.56168365478516
2015-10-02,96.21758270263672
2015-10-05,97.59591674804688
2015-10-06,97.1334228515625
2015-10-07,97.7161636352539
2015-10-08,98.10472869873047
2015-10-09,98.54878234863281
2015-10-12,98.789306640625
2015-10-13,98.1509780883789
2015-10-14,97.99373626708984
2015-10-15,99.60335540771484
2015-10-16,100.0196533203125
2015-10-19,100.59318542480469
2015-10-20,100.07516479492188
2015-10-21,99.46458435058594
2015-10-22,101.49051666259766
2015-10-23,104.33053588867188
2015-10-26,104.3952865600586
2015-10-27,104.60803985595703
2015-10-28,105.47759246826172
2015-10-29,105.31107330322266
2015-10-30,104.83931732177734
2015-11-02,106.02338409423828
2015-11-03,106.39342498779297
2015-11-04,106.40269470214844
2015-11-05,106.11591339111328
2015-11-06,106.18994903564453
2015-11-09,105.06132507324219
2015-11-10,104.79307556152344
2015-11-11,104.66353607177734
2015-11-12,103.6459732055664
2015-11-13,101.61079406738281
2015-11-16,103.07241821289062
2015-11-17,103.1371841430664
2015-11-18,105.1168212890625
2015-11-19,105.19084930419922
2015-11-20,105.90314483642578
2015-11-23,105.59786987304688
2015-11-24,105.50536346435547
2015-11-25,105.59786987304688
2015-11-27,105.74590301513672
2015-11-30,105.47759246826172
2015-12-01,106.53221893310547
2015-12-02,105.87540435791016
2015-12-03,104.08074951171875
2015-12-04,106.51372528076172
2015-12-07,106.0326919555664
2015-12-08,106.04191589355469
2015-12-09,104.43228149414062
2015-12-10,104.9040756225586
2015-12-11,102.4896240234375
2015-12-14,103.26666259765625
2015-12-15,103.89574432373047
2015-12-16,105.44061279296875
2015-12-17,103.90497589111328
2015-12-18,101.91183471679688
2015-12-21,103.04388427734375
2015-12-22,103.72126770019531
2015-12-23,104.4914321899414
2015-12-24,104.47288513183594
2015-12-28,104.41719055175781
2015-12-29,106.05960083007812
2015-12-30,105.10382080078125
2015-12-31,103.79549407958984
2016-01-04,101.60562133789062
2016-01-05,101.42928314208984
2016-01-06,100.45500946044922
2016-01-07,97.30943298339844
2016-01-08,96.51144409179688
2016-01-11,96.80833435058594
2016-01-12,97.9311294555664
2016-01-13,94.55354309082031
2016-01-14,96.56709289550781
2016-01-15,93.56995391845703
2016-01-19,93.77408599853516
2016-01-20,93.48646545410156
2016-01-21,93.5792465209961
2016-01-22,96.28874969482422
2016-01-25,94.8597640991211
2016-01-26,95.71344757080078
2016-01-27,93.32872009277344
2016-01-28,94.64634704589844
2016-01-29,96.62276458740234
2016-02-01,96.88261413574219
2016-02-02,94.78553009033203
2016-02-03,94.33085632324219
2016-02-04,94.32154846191406
2016-02-05,91.04605865478516
2016-02-08,89.65421295166016
2016-02-09,89.37584686279297
2016-02-10,89.71915435791016
2016-02-11,89.58926391601562
2016-02-12,90.95328521728516
2016-02-16,93.00394439697266
2016-02-17,95.11029815673828
2016-02-18,94.02465057373047
2016-02-19,94.30301666259766
2016-02-22,95.83406066894531
2016-02-23,94.25663757324219
2016-02-24,95.15669250488281
2016-02-25,96.0938720703125
2016-02-26,95.97322845458984
2016-02-29,95.11029815673828
2016-03-01,98.16309356689453
2016-03-02,98.20022583007812
2016-03-03,98.01463317871094
2016-03-04,98.05177307128906
2016-03-07,97.44861602783203
2016-03-08,96.64132690429688
2016-03-09,97.26301574707031
2016-03-10,97.11455535888672
2016-03-11,98.81262969970703
2016-03-14,98.97967529296875
2016-03-15,98.94255828857422
2016-03-16,99.82405853271484
2016-03-17,99.76836395263672
2016-03-18,99.92472076416016
2016-03-21,100.31562805175781
2016-03-22,100.62273406982422
2016-03-23,99.79444122314453
2016-03-24,99.82232666015625
2016-03-28,99.68275451660156
2016-03-29,101.28351593017578
2016-03-30,101.77674102783203
2016-03-31,101.62784576416016
2016-04-01,102.70738220214844
2016-04-04,102.31654357910156
2016-04-05,101.33002471923828
2016-04-06,102.99588775634766
2016-04-07,101.5161361694336
2016-04-08,101.44168853759766
2016-04-11,101.0694351196289
2016-04-12,101.91632843017578
2016-04-13,103.2192611694336
2016-04-14,103.22858428955078
2016-04-15,102.96796417236328
2016-04-18,103.51705932617188
2016-04-19,102.88422393798828
2016-04-20,102.96796417236328
2016-04-21,102.97726440429688
2016-04-22,101.42310333251953
2016-04-25,101.42310333251953
2016-04-26,100.9298324584961
2016-04-27,100.12016296386719
2016-04-28,98.9102783203125
2016-04-29,98.38914489746094
2016-05-02,99.31978607177734
2016-05-03,98.39845275878906
2016-05-04,97.7656021118164
2016-05-05,97.73768615722656
2016-05-06,98.25884246826172
2016-05-09,98.53804016113281
2016-05-10,99.88751220703125
2016-05-11,98.98477172851562
2016-05-12,98.54732513427734
2016-05-13,98.18440246582031
2016-05-16,99.41287994384766
2016-05-17,98.16578674316406
2016-05-18,98.5194320678711
2016-05-19,98.00757598876953
2016-05-20,99.08712005615234
2016-05-23,98.95684814453125
2016-05-24,100.93914794921875
2016-05-25,101.6650619506836
2016-05-26,101.96285247802734
2016-05-27,102.49334716796875
2016-05-31,102.68877410888672
2016-06-01,102.69810485839844
2016-06-02,102.91214752197266
2016-06-03,102.42822265625
2016-06-06,102.80046081542969
2016-06-07,102.53987884521484
2016-06-08,102.7166976928711
2016-06-09,102.5491943359375
2016-06-10,101.3858642578125
2016-06-13,100.53895568847656
2016-06-14,100.53895568847656
2016-06-15,100.25045776367188
2016-06-16,100.54829406738281
2016-06-17,99.36972045898438
2016-06-20,99.99490356445312
2016-06-21,100.31218719482422
2016-06-22,100.0695571899414
2016-06-23,101.49727630615234
2016-06-24,97.31680297851562
2016-06-27,95.3852310180664
2016-06-28,97.47543334960938
2016-06-29,99.20172119140625
2016-06-30,100.34953308105469
2016-07-01,100.8533935546875
2016-07-05,100.23751831054688
2016-07-06,101.05868530273438
2016-07-07,101.35728454589844
2016-07-08,102.92499542236328
2016-07-11,103.51285552978516
2016-07-12,104.03540802001953
2016-07-13,103.78345489501953
2016-07-14,104.49263000488281
2016-07-15,104.32466125488281
2016-07-18,105.01519012451172
2016-07-19,104.63260650634766
2016-07-20,105.85501861572266
2016-07-21,105.61239624023438
2016-07-22,106.05097961425781
2016-07-25,106.06031799316406
2016-07-26,106.18160247802734
2016-07-27,106.91879272460938
2016-07-28,107.29203796386719
2016-07-29,107.52533721923828
2016-08-01,108.09453582763672
2016-08-02,107.27339172363281
2016-08-03,107.62796783447266
2016-08-04,107.9359130859375
2016-08-05,108.97168731689453
2016-08-08,108.85040283203125
2016-08-09,109.10232543945312
2016-08-10,108.82239532470703
2016-08-11,109.28897857666016
2016-08-12,109.36357116699219
2016-08-15,109.83016967773438
2016-08-16,109.2236328125
2016-08-17,109.41960144042969
2016-08-18,109.44757080078125
2016-08-19,109.41960144042969
2016-08-22,109.50357818603516
2016-08-23,109.69950103759766
2016-08-24,108.99037170410156
2016-08-25,108.8130874633789
2016-08-26,108.97168731689453
2016-08-29,109.12098693847656
2016-08-30,108.76640319824219
2016-08-31,108.65443420410156
2016-09-01,108.93436431884766
2016-09-02,109.28897857666016
2016-09-06,109.97013854980469
2016-09-07,110.03546142578125
2016-09-08,109.39163208007812
2016-09-09,106.63884735107422
2016-09-12,108.55178833007812
2016-09-13,107.58132934570312
2016-09-14,108.09453582763672
2016-09-15,109.77420043945312
2016-09-16,109.7218017578125
2016-09-19,109.24470520019531
2016-09-20,109.45050811767578
2016-09-21,110.52632904052734
2016-09-22,111.40565490722656
2016-09-23,110.69469451904297
2016-09-26,109.7685775756836
2016-09-27,110.85374450683594
2016-09-28,111.04081726074219
2016-09-29,110.23629760742188
2016-09-30,111.0595474243164
2016-10-03,110.90049743652344
2016-10-04,110.73212432861328
2016-10-05,111.1250228881836
2016-10-06,111.06890106201172
2016-10-07,110.82565307617188
2016-10-10,111.52726745605469
2016-10-11,109.93697357177734
2016-10-12,109.84341430664062
2016-10-13,109.45050811767578
2016-10-14,109.58148956298828
2016-10-17,109.2821273803711
2016-10-18,110.2550277709961
2016-10-19,110.24566650390625
2016-10-20,110.11470031738281
2016-10-21,110.52632904052734
2016-10-24,111.85469818115234
2016-10-25,111.49922943115234
2016-10-26,110.741455078125
2016-10-27,110.23629760742188
2016-10-28,109.54405975341797
2016-10-31,109.441162109375
2016-11-01,108.61793518066406
2016-11-02,107.74797058105469
2016-11-03,106.69085693359375
2016-11-04,106.3166732788086
2016-11-07,108.84245300292969
2016-11-08,109.55341339111328
2016-11-09,110.05857849121094
2016-11-10,108.28116607666016
2016-11-11,108.32794952392578
2016-11-14,107.23344421386719
2016-11-15,108.72084045410156
2016-11-16,109.36632537841797
2016-11-17,110.1614761352539
2016-11-18,109.74987030029297
2016-11-21,110.89115905761719
2016-11-22,111.22792053222656
2016-11-23,110.77889251708984
2016-11-25,111.13435363769531
2016-11-28,110.88179779052734
2016-11-29,111.26535034179688
2016-11-30,109.91824340820312
2016-12-01,108.01923370361328
2016-12-02,108.23441314697266
2016-12-05,109.07630157470703
2016-12-06,109.33822631835938
2016-12-07,110.72278594970703
2016-12-08,110.91921997070312
2016-12-09,111.7892074584961
2016-12-12,111.28402709960938
2016-12-13,112.687255859375
2016-12-14,112.4533920288086
2016-12-15,112.63114929199219
2016-12-16,112.21360778808594
2016-12-19,112.67335510253906
2016-12-20,113.10497283935547
2016-12-21,113.02052307128906
2016-12-22,112.7015151977539
2016-12-23,112.77655029296875
2016-12-27,113.35829162597656
2016-12-28,112.476318359375
2016-12-29,112.31681823730469
2016-12-30,111.16277313232422
2017-01-03,112.1573257446289
2017-01-04,112.76715850830078
2017-01-05,113.4051742553711
2017-01-06,114.39970397949219
2017-01-09,114.77503967285156
2017-01-10,115.02833557128906
2017-01-11,115.33796691894531
2017-01-12,115.15966796875
2017-01-13,115.55374145507812
2017-01-17,115.20659637451172
2017-01-18,115.44116973876953
2017-01-19,115.38488006591797
2017-01-20,115.63819122314453
2017-01-23,115.73202514648438
2017-01-24,116.5107421875
2017-01-25,117.68355560302734
2017-01-26,117.80554962158203
2017-01-27,118.03070831298828
2017-01-30,117.11121368408203
2017-01-31,116.87667846679688
2017-02-01,117.68355560302734
2017-02-02,117.58036804199219
2017-02-03,117.91810607910156
2017-02-06,118.05884552001953
2017-02-07,118.49047088623047
2017-02-08,118.68743896484375
2017-02-09,119.11906433105469
2017-02-10,119.51310729980469
2017-02-13,120.18868255615234
2017-02-14,120.59207153320312
2017-02-15,121.30516815185547
2017-02-16,121.26766204833984
2017-02-17,121.79306030273438
2017-02-21,122.3935317993164
2017-02-22,122.4404296875
2017-02-23,121.98068237304688
2017-02-24,122.21524047851562
2017-02-27,122.36537170410156
2017-02-28,121.99007415771484
2017-03-01,123.3223876953125
2017-03-02,122.7031478881836
2017-03-03,122.9283676147461
2017-03-06,122.65623474121094
2017-03-07,122.4498062133789
2017-03-08,122.66564178466797
2017-03-09,122.75941467285156
2017-03-10,123.27545928955078
2017-03-13,123.48185729980469
2017-03-14,123.18163299560547
2017-03-15,123.9416275024414
2017-03-16,123.857177734375
2017-03-17,123.81391906738281
2017-03-20,123.92672729492188
2017-03-21,122.04640197753906
2017-03-22,122.8737564086914
2017-03-23,122.56346893310547
2017-03-24,122.81736755371094
2017-03-27,123.01473236083984
2017-03-28,123.7669448852539
2017-03-29,124.3404541015625
2017-03-30,124.54727935791016
2017-03-31,124.46265411376953
2017-04-03,124.38748168945312
2017-04-04,124.58492279052734
2017-04-05,124.07723236083984
2017-04-06,124.14298248291016
2017-04-07,124.07723236083984
2017-04-10,124.12420654296875
2017-04-11,123.58831024169922
2017-04-12,123.08997344970703
2017-04-13,122.60108184814453
2017-04-17,123.61647033691406
2017-04-18,123.42843627929688
2017-04-19,123.62589263916016
2017-04-20,124.66012573242188
2017-04-21,124.63190460205078
2017-04-24,126.13621520996094
2017-04-25,127.04818725585938
2017-04-26,126.86959838867188
2017-04-27,127.631103515625
2017-04-28,127.8567886352539
2017-05-01,128.99435424804688
2017-05-02,129.2106475830078
2017-05-03,128.79693603515625
2017-05-04,128.8439483642578
2017-05-05,129.31407165527344
2017-05-08,129.59613037109375
2017-05-09,130.04742431640625
2017-05-10,130.12266540527344
2017-05-11,130.0192108154297
2017-05-12,130.31068420410156
2017-05-15,130.7243194580078
2017-05-16,131.2696533203125
2017-05-17,127.93199920654297
2017-05-18,129.05078125
2017-05-19,129.59613037109375
2017-05-22,130.6867218017578
2017-05-23,130.8183135986328
2017-05-24,131.4201202392578
2017-05-25,132.53892517089844
2017-05-26,132.77392578125
2017-05-30,132.8867950439453
2017-05-31,132.8397674560547
2017-06-01,133.3568572998047
2017-06-02,134.8800048828125
2017-06-05,134.85177612304688
2017-06-06,134.31593322753906
2017-06-07,134.84239196777344
2017-06-08,134.98341369628906
2017-06-09,131.608154296875
2017-06-12,130.90296936035156
2017-06-13,131.9653778076172
2017-06-14,131.3918914794922
2017-06-15,130.8089599609375
2017-06-16,130.2414093017578
2017-06-19,132.41915893554688
2017-06-20,131.3821258544922
2017-06-21,132.68321228027344
2017-06-22,132.6454620361328
2017-06-23,133.15455627441406
2017-06-26,132.53233337402344
2017-06-27,130.12828063964844
2017-06-28,132.0043487548828
2017-06-29,129.71348571777344
2017-06-30,129.7606201171875
2017-07-03,128.39364624023438
2017-07-05,129.65689086914062
2017-07-06,128.48788452148438
2017-07-07,129.87368774414062
2017-07-10,130.7222442626953
2017-07-11,131.08995056152344
2017-07-12,132.6454620361328
2017-07-13,132.9376983642578
2017-07-14,133.98419189453125
2017-07-17,134.0501708984375
2017-07-18,134.9457244873047
2017-07-19,135.73768615722656
2017-07-20,135.9168243408203
2017-07-21,135.8602752685547
2017-07-24,136.48243713378906
2017-07-25,136.13369750976562
2017-07-26,136.5767059326172
2017-07-27,135.71881103515625
2017-07-28,135.60569763183594
2017-07-31,135.03062438964844
2017-08-01,135.34170532226562
2017-08-02,135.7093963623047
2017-08-03,135.18145751953125
2017-08-04,135.4265594482422
2017-08-07,136.2844696044922
2017-08-08,136.04879760742188
2017-08-09,135.86968994140625
2017-08-10,132.95655822753906
2017-08-11,133.96534729003906
2017-08-14,135.69056701660156
2017-08-15,135.7848358154297
2017-08-16,136.0205078125
2017-08-17,133.23941040039062
2017-08-18,133.14508056640625
2017-08-21,132.97540283203125
2017-08-22,135.00233459472656
2017-08-23,134.5215606689453
2017-08-24,134.12554931640625
2017-08-25,133.8427276611328
2017-08-28,134.25759887695312
2017-08-29,134.7855224609375
2017-08-30,136.36932373046875
2017-08-31,137.83059692382812
2017-09-01,137.6420440673828
2017-09-05,136.406982421875
2017-09-06,136.82186889648438
2017-09-07,137.14234924316406
2017-09-08,135.9545135498047
2017-09-11,137.51950073242188
2017-09-12,137.84945678710938
2017-09-13,138.03799438476562
2017-09-14,137.2272491455078
2017-09-15,137.6986083984375
2017-09-18,137.51817321777344
2017-09-19,137.75436401367188
2017-09-20,137.32920837402344
2017-09-21,136.48831176757812
2017-09-22,136.35598754882812
2017-09-25,134.91989135742188
2017-09-26,135.26950073242188
2017-09-27,136.48831176757812
2017-09-28,136.44105529785156
2017-09-29,137.4236297607422
2017-10-02,137.54649353027344
2017-10-03,137.83937072753906
2017-10-04,137.97166442871094
2017-10-05,139.32275390625
2017-10-06,139.51170349121094
2017-10-09,139.35104370117188
2017-10-10,139.4550323486328
2017-10-11,139.87075805664062
2017-10-12,139.61569213867188
2017-10-13,140.15419006347656
2017-10-16,140.63612365722656
2017-10-17,140.81556701660156
2017-10-18,140.6455078125
2017-10-19,140.12582397460938
2017-10-20,140.50376892089844
2017-10-23,139.5872802734375
2017-10-24,139.82350158691406
2017-10-25,139.29441833496094
2017-10-26,138.85031127929688
2017-10-27,142.89418029785156
2017-10-30,143.21539306640625
2017-10-31,143.75396728515625
2017-11-01,143.70669555664062
2017-11-02,143.43272399902344
2017-11-03,144.81214904785156
2017-11-06,145.30343627929688
2017-11-07,145.38848876953125
2017-11-08,145.97427368164062
2017-11-09,145.20896911621094
2017-11-10,145.19952392578125
2017-11-13,145.37899780273438
2017-11-14,144.8499755859375
2017-11-15,144.16964721679688
2017-11-16,146.0120391845703
2017-11-17,145.45460510253906
2017-11-20,145.3412628173828
2017-11-21,146.91908264160156
2017-11-22,147.09864807128906
2017-11-24,147.63719177246094
2017-11-27,147.57102966308594
2017-11-28,147.94894409179688
2017-11-29,145.36959838867188
2017-11-30,146.58840942382812
2017-12-01,145.96481323242188
2017-12-04,144.28302001953125
2017-12-05,144.3775634765625
2017-12-06,145.02952575683594
2017-12-07,145.52072143554688
2017-12-08,146.16319274902344
2017-12-11,147.2970428466797
2017-12-12,147.09864807128906
2017-12-13,147.38204956054688
2017-12-14,147.2781219482422
2017-12-15,148.950439453125
2017-12-18,150.19927978515625
2017-12-19,149.3092803955078
2017-12-20,149.14833068847656
2017-12-21,149.16722106933594
2017-12-22,148.99685668945312
2017-12-26,148.19207763671875
2017-12-27,148.2109832763672
2017-12-28,148.39085388183594
2017-12-29,147.47250366210938
2018-01-02,150.05722045898438
2018-01-03,151.51528930664062
2018-01-04,151.78036499023438
2018-01-05,153.3047332763672
2018-01-08,153.90121459960938
2018-01-09,153.91067504882812
2018-01-10,153.55088806152344
2018-01-11,154.601806640625
2018-01-12,155.73797607421875
2018-01-16,155.2930145263672
2018-01-17,156.96885681152344
2018-01-18,156.99720764160156
2018-01-19,157.48959350585938
2018-01-22,159.1748809814453
2018-01-23,160.49087524414062
2018-01-24,159.449462890625
2018-01-25,159.3926544189453
2018-01-26,161.83534240722656
2018-01-29,161.04949951171875
2018-01-30,159.7239532470703
2018-01-31,160.38671875
2018-02-01,159.02333068847656
2018-02-02,155.8516082763672
2018-02-05,149.70689392089844
2018-02-06,153.67404174804688
2018-02-07,151.68569946289062
2018-02-08,145.2853546142578
2018-02-09,147.7943572998047
2018-02-12,150.41705322265625
2018-02-13,151.19342041015625
2018-02-14,154.02432250976562
2018-02-15,156.8836212158203
2018-02-16,156.18299865722656
2018-02-20,156.4954071044922
2018-02-21,156.05043029785156
2018-02-22,156.03152465820312
2018-02-23,159.22218322753906
2018-02-26,161.33358764648438
2018-02-27,159.33580017089844
2018-02-28,158.31329345703125
2018-03-01,155.728515625
2018-03-02,157.158203125
2018-03-05,158.90029907226562
2018-03-06,159.572509765625
2018-03-07,159.9417724609375
2018-03-08,160.82228088378906
2018-03-09,163.94671630859375
2018-03-12,164.8177032470703
2018-03-13,162.5738983154297
2018-03-14,162.5454559326172
2018-03-15,162.40341186523438
2018-03-16,161.92056274414062
2018-03-19,158.46583557128906
2018-03-20,158.98741149902344
2018-03-21,158.29510498046875
2018-03-22,154.38795471191406
2018-03-23,150.31964111328125
2018-03-26,155.90530395507812
2018-03-27,150.86016845703125
2018-03-28,149.12474060058594
2018-03-29,151.85592651367188
2018-04-02,147.47463989257812
2018-04-03,149.13426208496094
2018-04-04,151.48611450195312
2018-04-05,152.34902954101562
2018-04-06,148.53680419921875
2018-04-09,149.57994079589844
2018-04-10,152.880126953125
2018-04-11,151.99818420410156
2018-04-12,153.8284912109375
2018-04-13,153.03189086914062
2018-04-16,154.1983184814453
2018-04-17,157.5175018310547
2018-04-18,157.8398895263672
2018-04-19,156.38893127441406
2018-04-20,153.91380310058594
2018-04-23,153.5250244140625
2018-04-24,150.27227783203125
2018-04-25,150.45240783691406
2018-04-26,153.61984252929688
2018-04-27,153.7146759033203
2018-04-30,152.62408447265625
2018-05-01,154.36898803710938
2018-05-02,153.45863342285156
2018-05-03,153.4396209716797
2018-05-04,156.3509979248047
2018-05-07,157.65020751953125
2018-05-08,157.4890594482422
2018-05-09,159.20550537109375
2018-05-10,160.85557556152344
2018-05-11,160.70384216308594
2018-05-14,160.9789276123047
2018-05-15,159.196044921875
2018-05-16,160.2486114501953
2018-05-17,159.63221740722656
2018-05-18,158.80722045898438
2018-05-21,159.69859313964844
2018-05-22,159.48997497558594
2018-05-23,160.8366241455078
2018-05-24,160.7891845703125
2018-05-25,160.9503936767578
2018-05-29,160.2391815185547
2018-05-30,161.38661193847656
2018-05-31,161.2823486328125
2018-06-01,163.81436157226562
2018-06-04,165.29376220703125
2018-06-05,165.80587768554688
2018-06-06,166.77317810058594
2018-06-07,165.4170379638672
2018-06-08,165.4265594482422
2018-06-11,165.87225341796875
2018-06-12,166.74472045898438
2018-06-13,166.73519897460938
2018-06-14,168.42320251464844
2018-06-15,167.83526611328125
2018-06-18,167.73834228515625
2018-06-19,167.26316833496094
2018-06-20,168.45111083984375
2018-06-21,166.9875946044922
2018-06-22,166.616943359375
2018-06-25,162.86297607421875
2018-06-26,163.5282745361328
2018-06-27,161.30445861816406
2018-06-28,162.69198608398438
2018-06-29,163.12908935546875
2018-07-02,164.2220001220703
2018-07-03,162.32125854492188
2018-07-05,164.3360595703125
2018-07-06,166.89256286621094
2018-07-09,168.39410400390625
2018-07-10,168.51763916015625
2018-07-11,167.6623077392578
2018-07-12,170.5513916015625
2018-07-13,170.69395446777344
2018-07-16,170.2853240966797
2018-07-17,171.32118225097656
2018-07-18,170.99806213378906
2018-07-19,170.14276123046875
2018-07-20,170.10472106933594
2018-07-23,170.64637756347656
2018-07-24,171.34976196289062
2018-07-25,173.74465942382812
2018-07-26,171.1121368408203
2018-07-27,168.80274963378906
2018-07-30,166.41734313964844
2018-07-31,167.69081115722656
2018-08-01,168.32754516601562
2018-08-02,170.61790466308594
2018-08-03,171.14065551757812
2018-08-06,172.14804077148438
2018-08-07,172.77525329589844
2018-08-08,172.98431396484375
2018-08-09,172.8797607421875
2018-08-10,171.558837890625
2018-08-13,171.3686981201172
2018-08-14,172.44261169433594
2018-08-15,170.3328399658203
2018-08-16,170.89353942871094
2018-08-17,170.93153381347656
2018-08-20,170.7794647216797
2018-08-21,171.40670776367188
2018-08-22,172.07196044921875
2018-08-23,171.8248748779297
2018-08-24,173.42149353027344
2018-08-27,175.18914794921875
2018-08-28,175.44577026367188
2018-08-29,177.47007751464844
2018-08-30,177.15640258789062
2018-08-31,177.38449096679688
2018-09-04,176.6242218017578
2018-09-05,174.34332275390625
2018-09-06,172.78475952148438
2018-09-07,172.11947631835938
2018-09-10,172.69921875
2018-09-11,174.0297088623047
2018-09-12,173.51651000976562
2018-09-13,175.36968994140625
2018-09-14,174.85655212402344
2018-09-17,172.3380889892578
2018-09-18,173.7635955810547
2018-09-19,173.6305694580078
2018-09-20,175.55032348632812
2018-09-21,174.59048461914062
2018-09-24,175.0759735107422
2018-09-25,175.31405639648438
2018-09-26,175.437744140625
2018-09-27,176.92300415039062
2018-09-28,176.88490295410156
2018-10-01,177.24667358398438
2018-10-02,176.84683227539062
2018-10-03,177.03724670410156
2018-10-04,173.63839721679688
2018-10-05,171.5152587890625
2018-10-08,170.4679412841797
2018-10-09,171.0202178955078
2018-10-10,163.49884033203125
2018-10-11,161.47093200683594
2018-10-12,165.96461486816406
2018-10-15,163.95578002929688
2018-10-16,168.72572326660156
2018-10-17,168.79234313964844
2018-10-18,164.8793182373047
2018-10-19,164.72702026367188
2018-10-22,165.57432556152344
2018-10-23,164.96499633789062
2018-10-24,157.41510009765625
2018-10-25,162.86093139648438
2018-10-26,158.67184448242188
2018-10-29,155.40626525878906
2018-10-30,157.9673309326172
2018-10-31,161.68035888671875
2018-11-01,163.81301879882812
2018-11-02,161.261474609375
2018-11-05,160.8616180419922
2018-11-06,162.08026123046875
2018-11-07,167.16429138183594
2018-11-08,166.09796142578125
2018-11-09,163.2989044189453
2018-11-12,158.3577117919922
2018-11-13,158.49093627929688
2018-11-14,157.28179931640625
2018-11-15,160.03329467773438
2018-11-16,159.4715576171875
2018-11-19,154.29232788085938
2018-11-20,151.53128051757812
2018-11-21,152.68331909179688
2018-11-23,151.5789031982422
2018-11-26,155.08255004882812
2018-11-27,155.606201171875
2018-11-28,160.61404418945312
2018-11-29,160.0904083251953
2018-11-30,161.251953125
2018-12-03,164.070068359375
2018-12-04,157.77688598632812
2018-12-06,158.89080810546875
2018-12-07,153.6449432373047
2018-12-10,155.2539520263672
2018-12-11,155.7680206298828
2018-12-12,157.1389923095703
2018-12-13,157.1865997314453
2018-12-14,153.3593292236328
2018-12-17,149.88426208496094
2018-12-18,150.8267822265625
2018-12-19,147.1232147216797
2018-12-20,144.9906005859375
2018-12-21,140.496826171875
2018-12-24,137.0127716064453
2018-12-26,145.5677947998047
2018-12-27,146.13104248046875
2018-12-28,146.05467224121094
2018-12-31,147.286376953125
2019-01-02,147.87832641601562
2019-01-03,143.0470733642578
2019-01-04,149.1672821044922
2019-01-07,150.94326782226562
2019-01-08,152.30860900878906
2019-01-09,153.54983520507812
2019-01-10,153.98904418945312
2019-01-11,153.42572021484375
2019-01-14,152.06983947753906
2019-01-15,155.03932189941406
2019-01-16,155.01071166992188
2019-01-17,156.2327880859375
2019-01-18,157.779541015625
2019-01-22,154.6192169189453
2019-01-23,154.81968688964844
2019-01-24,155.82220458984375
2019-01-25,157.68406677246094
2019-01-28,155.73631286621094
2019-01-29,154.2659149169922
2019-01-30,158.19007873535156
2019-01-31,160.5580291748047
2019-02-01,159.8800506591797
2019-02-04,161.8660430908203
2019-02-05,163.2982940673828
2019-02-06,162.81130981445312
2019-02-07,160.6248016357422
2019-02-08,160.9398651123047
2019-02-11,160.78717041015625
2019-02-12,163.16458129882812
2019-02-13,163.27915954589844
2019-02-14,163.47962951660156
2019-02-15,164.16714477539062
2019-02-19,164.4917449951172
2019-02-20,164.463134765625
2019-02-21,163.861572265625
2019-02-22,165.07412719726562
2019-02-25,165.67572021484375
2019-02-26,165.84754943847656
2019-02-27,165.74253845214844
2019-02-28,165.360595703125
2019-03-01,166.50636291503906
2019-03-04,166.53501892089844
2019-03-05,166.65908813476562
2019-03-06,165.71383666992188
2019-03-07,163.68017578125
2019-03-08,163.43190002441406
2019-03-11,166.83096313476562
2019-03-12,167.74757385253906
2019-03-13,169.00790405273438
2019-03-14,168.72152709960938
2019-03-15,170.28733825683594
2019-03-18,170.69290161132812
2019-03-19,171.26678466796875
2019-03-20,171.94590759277344
2019-03-21,174.63380432128906
2019-03-22,170.79808044433594
2019-03-25,170.472900390625
2019-03-26,171.26678466796875
2019-03-27,170.16680908203125
2019-03-28,170.5590057373047
2019-03-29,171.85032653808594
2019-04-01,174.12680053710938
2019-04-02,174.78684997558594
2019-04-03,175.79124450683594
2019-04-04,175.72427368164062
2019-04-05,176.6330108642578
2019-04-08,177.08250427246094
2019-04-09,176.46075439453125
2019-04-10,177.4077911376953
2019-04-11,176.98684692382812
2019-04-12,177.75213623046875
2019-04-15,177.78079223632812
2019-04-16,178.3929901123047
2019-04-17,179.01467895507812
2019-04-18,179.24427795410156
2019-04-22,179.751220703125
2019-04-23,182.03733825683594
2019-04-24,181.4634246826172
2019-04-25,182.19993591308594
2019-04-26,182.36257934570312
2019-04-29,182.7165069580078
2019-04-30,181.30078125
2019-05-01,180.71731567382812
2019-05-02,179.93299865722656
2019-05-03,182.80259704589844
2019-05-06,181.6834716796875
2019-05-07,178.144287109375
2019-05-08,177.69471740722656
2019-05-09,176.73817443847656
2019-05-10,176.9581756591797
2019-05-13,170.8172607421875
2019-05-14,172.6920166015625
2019-05-15,175.13121032714844
2019-05-16,176.89122009277344
2019-05-17,175.08338928222656
2019-05-20,172.12767028808594
2019-05-21,173.9259796142578
2019-05-22,173.15118408203125
2019-05-23,170.50164794921875
2019-05-24,170.41549682617188
2019-05-28,169.7746124267578
2019-05-29,168.3780975341797
2019-05-30,169.0859375
2019-05-31,166.38851928710938
2019-06-03,162.72499084472656
2019-06-04,167.3067169189453
2019-06-05,168.55027770996094
2019-06-06,169.88938903808594
2019-06-07,173.17031860351562
2019-06-10,175.18858337402344
2019-06-11,175.42771911621094
2019-06-12,174.41378784179688
2019-06-13,175.44686889648438
2019-06-14,174.70074462890625
2019-06-17,175.75289916992188
2019-06-18,178.306884765625
2019-06-19,178.9764404296875
2019-06-20,180.6408233642578
2019-06-21,180.37301635742188
2019-06-24,180.3787078857422
2019-06-25,177.28231811523438
2019-06-26,178.1067657470703
2019-06-27,178.7873992919922
2019-06-28,179.01747131347656
2019-07-01,181.43324279785156
2019-07-02,182.15225219726562
2019-07-03,183.52310180664062
2019-07-05,183.14920043945312
2019-07-08,181.86463928222656
2019-07-09,182.77537536621094
2019-07-10,184.59674072265625
2019-07-11,184.4625701904297
2019-07-12,185.5266571044922
2019-07-15,186.12100219726562
2019-07-16,185.16236877441406
2019-07-17,184.2516632080078
2019-07-18,184.4625701904297
2019-07-19,183.11083984375
2019-07-22,184.56802368164062
2019-07-23,185.77590942382812
2019-07-24,187.07968139648438
2019-07-25,185.3061065673828
2019-07-26,187.21388244628906
2019-07-29,186.5715789794922
2019-07-30,185.76632690429688
2019-07-31,183.1971435546875
2019-08-01,182.28640747070312
2019-08-02,179.60226440429688
2019-08-05,173.25601196289062
2019-08-06,175.68136596679688
2019-08-07,176.63046264648438
2019-08-08,180.47459411621094
2019-08-09,178.77781677246094
2019-08-12,176.72630310058594
2019-08-13,180.5991973876953
2019-08-14,175.20204162597656
2019-08-15,175.0007781982422
2019-08-16,177.8095703125
2019-08-19,180.63754272460938
2019-08-20,179.2379608154297
2019-08-21,180.82933044433594
2019-08-22,180.24452209472656
2019-08-23,174.54063415527344
2019-08-26,177.17686462402344
2019-08-27,176.80299377441406
2019-08-28,177.4357147216797
2019-08-29,180.14866638183594
2019-08-30,179.71730041503906
2019-09-03,177.9724884033203
2019-09-04,180.5417022705078
2019-09-05,183.84901428222656
2019-09-06,183.66688537597656
2019-09-09,183.28346252441406
2019-09-10,182.75619506835938
2019-09-11,184.47210693359375
2019-09-12,185.23904418945312
2019-09-13,184.57757568359375
2019-09-16,183.753173828125
2019-09-17,184.63516235351562
2019-09-18,184.55844116210938
2019-09-19,184.86520385742188
2019-09-20,182.9095458984375
2019-09-23,182.99026489257812
2019-09-24,180.56002807617188
2019-09-25,182.58682250976562
2019-09-26,181.9144287109375
2019-09-27,179.6570281982422
2019-09-30,181.36688232421875
2019-10-01,179.88758850097656
2019-10-02,176.79452514648438
2019-10-03,178.73489379882812
2019-10-04,181.36688232421875
2019-10-07,180.81930541992188
2019-10-08,178.11050415039062
2019-10-09,179.84918212890625
2019-10-10,181.241943359375
2019-10-11,183.57620239257812
2019-10-14,183.5569610595703
2019-10-15,185.8911895751953
2019-10-16,185.4301300048828
2019-10-17,185.92001342773438
2019-10-18,184.13339233398438
2019-10-21,185.76632690429688
2019-10-22,184.28704833984375
2019-10-23,184.64244079589844
2019-10-24,186.43875122070312
2019-10-25,187.9276123046875
2019-10-28,189.7815704345703
2019-10-29,188.3118438720703
2019-10-30,189.2244110107422
2019-10-31,189.31085205078125
2019-11-01,191.03028869628906
2019-11-04,192.21182250976562
2019-11-05,192.31747436523438
2019-11-06,191.88519287109375
2019-11-07,192.5287628173828
2019-11-08,193.2972412109375
2019-11-11,193.03790283203125
2019-11-12,193.5950469970703
2019-11-13,193.64303588867188
2019-11-14,193.48936462402344
2019-11-15,194.91104125976562
2019-11-18,195.0647430419922
2019-11-19,195.35289001464844
2019-11-20,194.18099975585938
2019-11-21,193.74868774414062
2019-11-22,193.8736114501953
2019-11-25,196.16940307617188
2019-11-26,196.54403686523438
2019-11-27,197.9176483154297
2019-11-29,197.0146484375
2019-12-02,194.99746704101562
2019-12-03,193.4701690673828
2019-12-04,194.44992065429688
2019-12-05,194.83419799804688
2019-12-06,196.91860961914062
2019-12-09,196.02532958984375
2019-12-10,195.8619842529297
2019-12-11,196.89942932128906
2019-12-12,198.36912536621094
2019-12-13,199.02232360839844
2019-12-16,201.02037048339844
2019-12-17,201.13555908203125
2019-12-18,201.28924560546875
2019-12-19,202.547607421875
2019-12-20,203.36410522460938
2019-12-23,203.9012451171875
2019-12-24,204.0071258544922
2019-12-26,205.80734252929688
2019-12-27,205.6340789794922
2019-12-30,204.286376953125
2019-12-31,204.67141723632812
2020-01-02,208.08888244628906
2020-01-03,206.1827850341797
2020-01-06,207.51129150390625
2020-01-07,207.48239135742188
2020-01-08,209.04183959960938
2020-01-09,210.81324768066406
2020-01-10,210.27413940429688
2020-01-13,212.70001220703125
2020-01-14,211.86253356933594
2020-01-15,211.94915771484375
2020-01-16,213.9803924560547
2020-01-17,215.03927612304688
2020-01-21,214.9429931640625
2020-01-22,215.51101684570312
2020-01-23,216.20408630371094
2020-01-24,214.3846435546875
2020-01-27,209.95645141601562
2020-01-28,213.18133544921875
2020-01-29,213.5279083251953
2020-01-30,214.28839111328125
2020-01-31,210.8902130126953
2020-02-03,214.07666015625
2020-02-04,218.9765625
2020-02-05,219.6985626220703
2020-02-06,221.5950164794922
2020-02-07,220.64199829101562
2020-02-10,223.30856323242188
2020-02-11,223.34703063964844
2020-02-12,225.52267456054688
2020-02-13,225.23388671875
2020-02-14,225.87884521484375
2020-02-18,225.9654541015625
2020-02-19,228.13145446777344
2020-02-20,226.01364135742188
2020-02-21,221.6719970703125
2020-02-24,213.1235809326172
2020-02-25,207.32839965820312
2020-02-26,208.3968963623047
2020-02-27,197.96168518066406
2020-02-28,198.1156768798828
2020-03-02,208.3391571044922
2020-03-03,201.65826416015625
2020-03-04,210.07196044921875
2020-03-05,203.6895294189453
2020-03-06,200.25282287597656
2020-03-09,186.3424072265625
2020-03-10,196.48883056640625
2020-03-11,187.9307861328125
2020-03-12,170.69911193847656
2020-03-13,185.1582794189453
2020-03-16,162.97854614257812
2020-03-17,175.3391571044922
2020-03-18,170.00599670410156
2020-03-19,171.02639770507812
2020-03-20,164.3262939453125
2020-03-23,164.44496154785156
2020-03-24,177.17910766601562
2020-03-25,175.8671417236328
2020-03-26,185.1283721923828
2020-03-27,178.76129150390625
2020-03-30,185.26344299316406
2020-03-31,183.68128967285156
2020-04-01,175.8767852783203
2020-04-02,179.4462127685547
2020-04-03,176.89939880371094
2020-04-06,189.5467529296875
2020-04-07,189.46957397460938
2020-04-08,193.4924774169922
2020-04-09,193.7721710205078
2020-04-13,195.86563110351562
2020-04-14,204.38401794433594
2020-04-15,202.03982543945312
2020-04-16,205.72503662109375
2020-04-17,207.6929931640625
2020-04-20,205.23297119140625
2020-04-21,197.66001892089844
2020-04-22,203.5254669189453
2020-04-23,203.0913543701172
2020-04-24,206.29417419433594
2020-04-27,207.9534912109375
2020-04-28,204.03677368164062
2020-04-29,211.2720947265625
2020-04-30,211.1852569580078
2020-05-01,205.23297119140625
2020-05-04,207.62550354003906
2020-05-05,209.97943115234375
2020-05-06,211.2720947265625
2020-05-07,213.99256896972656
2020-05-08,216.92530822753906
2020-05-11,218.86439514160156
2020-05-12,214.28201293945312
2020-05-13,211.6001434326172
2020-05-14,214.0022735595703
2020-05-15,215.3914337158203
2020-05-18,219.4045867919922
2020-05-19,218.85476684570312
2020-05-20,223.22491455078125
2020-05-21,220.79380798339844
2020-05-22,221.555908203125
2020-05-26,220.9578399658203
2020-05-27,222.16371154785156
2020-05-28,221.8743133544922
2020-05-29,225.12535095214844
2020-06-01,225.8006591796875
2020-06-02,227.31527709960938
2020-06-03,228.337890625
2020-06-04,226.73643493652344
2020-06-05,231.2319793701172
2020-06-08,233.02639770507812
2020-06-09,234.71458435058594
2020-06-10,237.5315704345703
2020-06-11,225.76210021972656
2020-06-12,227.55645751953125
2020-06-15,230.3251953125
2020-06-16,234.280517578125
2020-06-17,235.02333068847656
2020-06-18,235.66006469726562
2020-06-19,235.62149047851562
2020-06-22,238.44717407226562
2020-06-23,240.4766082763672
2020-06-24,235.5189971923828
2020-06-25,237.76104736328125
2020-06-26,232.1462860107422
2020-06-29,234.67825317382812
2020-06-30,239.27830505371094
2020-07-01,242.07113647460938
2020-07-02,243.71400451660156
2020-07-06,249.70562744140625
2020-07-07,247.9854278564453
2020-07-08,251.25184631347656
2020-07-09,253.3682403564453
2020-07-10,255.09808349609375
2020-07-13,249.8505859375
2020-07-14,251.6190948486328
2020-07-15,252.13125610351562
2020-07-16,250.4110565185547
2020-07-17,250.70101928710938
2020-07-20,257.8136291503906
2020-07-21,255.12709045410156
2020-07-22,256.0257568359375
2020-07-23,249.33839416503906
2020-07-24,246.97073364257812
2020-07-27,251.37750244140625
2020-07-28,248.1787109375
2020-07-29,251.03924560546875
2020-07-30,252.35353088378906
2020-07-31,256.85693359375
2020-08-03,260.3262634277344
2020-08-04,261.29266357421875
2020-08-05,261.9400939941406
2020-08-06,265.40948486328125
2020-08-07,262.3460998535156
2020-08-10,261.2250061035156
2020-08-11,256.2771301269531
2020-08-12,262.72296142578125
2020-08-13,263.3219299316406
2020-08-14,263.0129089355469
2020-08-17,266.0665588378906
2020-08-18,268.6275634765625
2020-08-19,266.8204040527344
2020-08-20,270.5216979980469
2020-08-21,272.39654541015625
2020-08-24,274.09735107421875
2020-08-25,276.25238037109375
2020-08-26,282.14739990234375
2020-08-27,281.2679138183594
2020-08-28,282.69818115234375
2020-08-31,284.96923828125
2020-09-01,289.8398132324219
2020-09-02,292.5843505859375
2020-09-03,277.75030517578125
2020-09-04,274.0489807128906
2020-09-08,260.8771057128906
2020-09-09,268.5406188964844
2020-09-10,263.18670654296875
2020-09-11,261.36029052734375
2020-09-14,265.91204833984375
2020-09-15,269.68096923828125
2020-09-16,265.3804016113281
2020-09-17,261.234619140625
2020-09-18,257.9006042480469
2020-09-21,258.5190734863281
2020-09-22,263.3219299316406
2020-09-23,255.28167724609375
2020-09-24,256.4703674316406
2020-09-25,262.4329528808594
2020-09-28,267.8834533691406
2020-09-29,266.6754150390625
2020-09-30,268.5018310546875
2020-10-01,272.7637023925781
2020-10-02,265.090576171875
2020-10-05,270.743896484375
2020-10-06,265.91204833984375
2020-10-07,270.51202392578125
2020-10-08,271.9518737792969
2020-10-09,276.10736083984375
2020-10-12,284.6309814453125
2020-10-13,284.6213073730469
2020-10-14,282.2440185546875
2020-10-15,280.34991455078125
2020-10-16,278.8133239746094
2020-10-19,274.2616271972656
2020-10-20,274.85107421875
2020-10-21,274.6384582519531
2020-10-22,274.62884521484375
2020-10-23,275.16998291015625
2020-10-26,271.04351806640625
2020-10-27,273.15997314453125
2020-10-28,262.5103454589844
2020-10-29,267.10064697265625
2020-10-30,260.3262634277344
2020-11-02,260.9060363769531
2020-11-03,265.41912841796875
2020-11-04,277.2670593261719
2020-11-05,284.4957275390625
2020-11-06,284.70831298828125
2020-11-09,278.890625
2020-11-10,273.8944396972656
2020-11-11,280.0212707519531
2020-11-12,278.7070007324219
2020-11-13,281.1519470214844
2020-11-16,283.3456726074219
2020-11-17,282.4469909667969
2020-11-18,280.3595275878906
2020-11-19,282.55328369140625
2020-11-20,280.62054443359375
2020-11-23,280.63006591796875
2020-11-24,284.5730285644531
2020-11-25,286.32220458984375
2020-11-27,288.96038818359375
2020-11-30,289.54986572265625
2020-12-01,293.2608337402344
2020-12-02,293.6377258300781
2020-12-03,294.05328369140625
2020-12-04,295.2515869140625
2020-12-07,296.9233703613281
2020-12-08,297.9285583496094
2020-12-09,291.18304443359375
2020-12-10,292.3524169921875
2020-12-11,291.7049865722656
2020-12-14,293.8214111328125
2020-12-15,296.96209716796875
2020-12-16,298.5953674316406
2020-12-17,300.54742431640625
2020-12-18,299.63897705078125
2020-12-21,299.07843017578125
2020-12-22,299.8916931152344
2020-12-23,298.38140869140625
2020-12-24,299.6981506347656
2020-12-28,302.71868896484375
2020-12-29,302.98974609375
2020-12-30,302.9994201660156
2020-12-31,303.744873046875
2021-01-04,299.4560546875
2021-01-05,301.92474365234375
2021-01-06,297.7424621582031
2021-01-07,304.94537353515625
2021-01-08,308.86639404296875
2021-01-11,304.4032897949219
2021-01-12,303.9191589355469
2021-01-13,305.9716796875
2021-01-14,304.33544921875
2021-01-15,301.92474365234375
2021-01-19,306.329833984375
2021-01-20,313.455322265625
2021-01-21,315.9627990722656
2021-01-22,315.0528259277344
2021-01-25,317.65704345703125
2021-01-26,318.1217346191406
2021-01-27,309.2535400390625
2021-01-28,311.08355712890625
2021-01-29,304.5387268066406
2021-02-01,312.1483154296875
2021-02-02,317.24078369140625
2021-02-03,315.98223876953125
2021-02-04,319.71917724609375
2021-02-05,320.8036193847656
2021-02-08,322.95281982421875
2021-02-09,322.885009765625
2021-02-10,322.1493225097656
2021-02-11,323.92095947265625
2021-02-12,325.7314758300781
2021-02-16,324.8504638671875
2021-02-17,323.29168701171875
2021-02-18,321.87823486328125
2021-02-19,320.4743957519531
2021-02-22,312.1676330566406
2021-02-23,311.2383728027344
2021-02-24,313.8038635253906
2021-02-25,302.8638916015625
2021-02-26,304.1321716308594
2021-03-01,313.2811279296875
2021-03-02,308.2564392089844
2021-03-03,299.31085205078125
2021-03-04,294.41204833984375
2021-03-05,298.8460998535156
2021-03-08,290.384521484375
2021-03-09,301.8376770019531
2021-03-10,300.9760437011719
2021-03-11,307.9078674316406
2021-03-12,305.4100341796875
2021-03-15,308.6727600097656
2021-03-16,310.3670349121094
2021-03-17,311.64495849609375
2021-03-18,302.09912109375
2021-03-19,303.1640319824219
2021-03-22,308.8492736816406
2021-03-23,307.5019836425781
2021-03-24,302.3158264160156
2021-03-25,301.7923889160156
2021-03-26,306.3193054199219
2021-03-29,306.23199462890625
2021-03-30,304.69073486328125
2021-03-31,309.3533935546875
2021-04-01,314.626708984375
2021-04-05,320.9082336425781
2021-04-06,320.68524169921875
2021-04-07,321.460693359375
2021-04-08,324.81475830078125
2021-04-09,326.7825622558594
2021-04-12,326.3560791015625
2021-04-13,330.1656188964844
2021-04-14,326.2009582519531
2021-04-15,331.144775390625
2021-04-16,331.532470703125
2021-04-19,328.49835205078125
2021-04-20,326.10400390625
2021-04-21,328.89581298828125
2021-04-22,324.93115234375
2021-04-23,329.0218505859375
2021-04-26,331.1641540527344
2021-04-27,329.7294616699219
2021-04-28,328.6146240234375
2021-04-29,329.79730224609375
2021-04-30,327.6356201171875
2021-05-03,325.8907775878906
2021-05-04,320.0260925292969
2021-05-05,318.95013427734375
2021-05-06,321.35406494140625
2021-05-07,323.9617004394531
2021-05-10,315.78033447265625
2021-05-11,315.3441162109375
2021-05-12,307.1820373535156
2021-05-13,309.5569152832031
2021-05-14,316.3910217285156
2021-05-17,314.47161865234375
2021-05-18,312.34881591796875
2021-05-19,312.7073974609375
2021-05-20,318.7562255859375
2021-05-21,316.99200439453125
2021-05-24,322.3235168457031
2021-05-25,322.7694091796875
2021-05-26,323.89398193359375
2021-05-27,322.68218994140625
2021-05-28,323.7000427246094
2021-06-01,322.6240234375
2021-06-02,323.2541198730469
2021-06-03,319.8902893066406
2021-06-04,325.31878662109375
2021-06-07,326.2882080078125
2021-06-08,326.443359375
2021-06-09,326.5208740234375
2021-06-10,329.9233703613281
2021-06-11,330.7860412597656
2021-06-14,333.9559020996094
2021-06-15,331.77484130859375
2021-06-16,330.5631408691406
2021-06-17,334.7605285644531
2021-06-18,332.1335144042969
2021-06-21,334.1976318359375
2021-06-22,337.31304931640625
2021-06-23,337.4779357910156
2021-06-24,339.56451416015625
2021-06-25,339.1471862792969
2021-06-28,343.2717590332031
2021-06-29,344.5140075683594
2021-06-30,343.9705505371094
2021-07-01,344.10638427734375
2021-07-02,348.0562744140625
2021-07-06,349.5605773925781
2021-07-07,350.29815673828125
2021-07-08,348.1824951171875
2021-07-09,350.35638427734375
2021-07-12,351.7247009277344
2021-07-13,351.7247009277344
2021-07-14,352.3555603027344
2021-07-15,349.880859375
2021-07-16,347.0469970703125
2021-07-19,344.2034606933594
2021-07-20,348.20184326171875
2021-07-21,350.8900146484375
2021-07-22,353.20965576171875
2021-07-23,357.3341369628906
2021-07-26,357.61553955078125
2021-07-27,353.6754150390625
2021-07-28,355.0340881347656
2021-07-29,355.6648864746094
2021-07-30,353.8113708496094
2021-08-02,353.8403625488281
2021-08-03,355.98516845703125
2021-08-04,356.49951171875
2021-08-05,358.76080322265625
2021-08-06,357.1886291503906
2021-08-09,357.8485412597656
2021-08-10,356.01434326171875
2021-08-11,355.4029235839844
2021-08-12,356.68389892578125
2021-08-13,357.93585205078125
2021-08-16,358.0911560058594
2021-08-17,354.9371032714844
2021-08-18,351.52093505859375
2021-08-19,353.2192687988281
2021-08-20,356.8780212402344
2021-08-23,362.2156982421875
2021-08-24,363.32208251953125
2021-08-25,363.7393493652344
2021-08-26,361.4295959472656
2021-08-27,364.94281005859375
2021-08-30,369.0382385253906
2021-08-31,368.73736572265625
2021-09-01,369.3487243652344
2021-09-02,369.174072265625
2021-09-03,370.3095703125
2021-09-07,370.83367919921875
2021-09-08,369.54296875
2021-09-09,368.2716369628906
2021-09-10,365.47662353515625
2021-09-13,365.22418212890625
2021-09-14,364.1858825683594
2021-09-15,366.8934326171875
2021-09-16,367.145751953125
2021-09-17,362.7980041503906
2021-09-20,355.3014221191406
2021-09-21,355.73858642578125
2021-09-22,359.0614013671875
2021-09-23,362.3743896484375
2021-09-24,362.7144775390625
2021-09-27,359.81915283203125
2021-09-28,349.63726806640625
2021-09-29,349.06402587890625
2021-09-30,347.7815246582031
2021-10-01,349.93841552734375
2021-10-04,342.59332275390625
2021-10-05,347.2179870605469
2021-10-06,349.4429016113281
2021-10-07,352.6490173339844
2021-10-08,350.89044189453125
2021-10-11,348.1993408203125
2021-10-12,346.9847717285156
2021-10-13,349.7635498046875
2021-10-14,356.2049865722656
2021-10-15,358.44921875
2021-10-18,362.0538024902344
2021-10-19,364.793701171875
2021-10-20,364.3175354003906
2021-10-21,366.5423889160156
2021-10-22,363.46258544921875
2021-10-25,367.1837158203125
2021-10-26,368.3398132324219
2021-10-27,369.1947937011719
2021-10-28,373.2947998046875
2021-10-29,375.1310729980469
2021-11-01,376.41351318359375
2021-11-02,377.9874572753906
2021-11-03,382.0
2021-11-04,386.896728515625
2021-11-05,387.2659606933594
2021-11-08,386.7412109375
2021-11-09,384.0791931152344
2021-11-10,378.4343566894531
2021-11-11,379.4837341308594
2021-11-12,383.4767761230469
2021-11-15,383.3894348144531
2021-11-16,386.1195068359375
2021-11-17,386.323486328125
2021-11-18,390.32635498046875
2021-11-19,392.5027160644531
2021-11-22,387.9460144042969
2021-11-23,386.1777648925781
2021-11-24,387.42138671875
2021-11-26,380.0762634277344
2021-11-29,388.324951171875
2021-11-30,382.6218566894531
2021-12-01,376.11236572265625
2021-12-02,378.822998046875
2021-12-03,372.23583984375
2021-12-06,375.218505859375
2021-12-07,386.5178527832031
2021-12-08,388.2471923828125
2021-12-09,382.5343933105469
2021-12-10,386.69268798828125
2021-12-13,381.1062316894531
2021-12-14,377.1617126464844
2021-12-15,385.760009765625
2021-12-16,375.84033203125
2021-12-17,373.96514892578125
2021-12-20,370.3376770019531
2021-12-21,378.6258544921875
2021-12-22,383.2370300292969
2021-12-23,386.12628173828125
2021-12-27,392.5078125
2021-12-28,390.68865966796875
2021-12-29,390.63031005859375
2021-12-30,389.46295166015625
2021-12-31,387.0309753417969
2022-01-03,390.7568359375
2022-01-04,385.6885070800781
2022-01-05,373.83966064453125
2022-01-06,373.5770568847656
2022-01-07,369.5301513671875
2022-01-10,369.7734069824219
2022-01-11,375.32806396484375
2022-01-12,376.8164978027344
2022-01-13,367.3899841308594
2022-01-14,369.6761169433594
2022-01-18,360.4732971191406
2022-01-19,356.5140075683594
2022-01-20,351.88348388671875
2022-01-21,342.1261901855469
2022-01-24,343.6923828125
2022-01-25,335.72515869140625
2022-01-26,335.1998596191406
2022-01-27,331.8241882324219
2022-01-28,342.23321533203125
2022-01-31,353.17724609375
2022-02-01,355.5801086425781
2022-02-02,358.4693603515625
2022-02-03,343.9355773925781
2022-02-04,348.27435302734375
2022-02-07,345.47265625
2022-02-08,349.3540954589844
2022-02-09,356.75726318359375
2022-02-10,348.6828918457031
2022-02-11,337.6221618652344
2022-02-14,338.0404052734375
2022-02-15,346.4454650878906
2022-02-16,346.3580017089844
2022-02-17,336.0558776855469
2022-02-18,332.2231140136719
2022-02-22,328.88629150390625
2022-02-23,320.46185302734375
2022-02-24,331.230712890625
2022-02-25,336.3671569824219
2022-02-28,337.36920166015625
2022-03-01,332.2035827636719
2022-03-02,337.77777099609375
2022-03-03,332.95269775390625
2022-03-04,328.1275329589844
2022-03-07,316.0257873535156
2022-03-08,314.5569152832031
2022-03-09,325.88037109375
2022-03-10,322.261474609375
2022-03-11,315.5783996582031
2022-03-14,309.517822265625
2022-03-15,319.22637939453125
2022-03-16,331.0654296875
2022-03-17,335.0733642578125
2022-03-18,341.9316711425781
2022-03-21,340.98101806640625
2022-03-22,347.6822509765625
2022-03-23,342.68548583984375
2022-03-24,350.30230712890625
2022-03-25,350.0101013183594
2022-03-28,355.42559814453125
2022-03-29,361.5423889160156
2022-03-30,357.5489196777344
2022-03-31,353.1172790527344
2022-04-01,352.44512939453125
2022-04-04,359.7015075683594
2022-04-05,351.7145690917969
2022-04-06,344.0783996582031
2022-04-07,344.8965148925781
2022-04-08,340.07513427734375
2022-04-11,332.0299377441406
2022-04-12,330.6273193359375
2022-04-13,337.34796142578125
2022-04-14,329.63372802734375
2022-04-18,329.88714599609375
2022-04-19,337.2602844238281
2022-04-20,332.341552734375
2022-04-21,325.4651184082031
2022-04-22,316.9424743652344
2022-04-25,321.01385498046875
2022-04-26,308.897216796875
2022-04-27,308.527099609375
2022-04-28,319.4847106933594
2022-04-29,305.1082763671875
2022-05-02,310.2023620605469
2022-05-03,310.5335388183594
2022-05-04,321.0333557128906
2022-05-05,304.86468505859375
2022-05-06,301.2122497558594
2022-05-09,289.4267272949219
2022-05-10,292.94293212890625
2022-05-11,284.2547607421875
2022-05-12,283.5826110839844
2022-05-13,294.0921936035156
2022-05-16,290.6832275390625
2022-05-17,298.2122802734375
2022-05-18,283.5730285644531
2022-05-19,282.053466796875
2022-05-20,281.1768493652344
2022-05-23,285.8522033691406
2022-05-24,279.7743225097656
2022-05-25,283.6898193359375
2022-05-26,291.55010986328125
2022-05-27,301.06610107421875
2022-05-31,300.2674560546875
2022-06-01,298.0467224121094
2022-06-02,306.2089538574219
2022-06-03,298.2415466308594
2022-06-06,299.2350158691406
2022-06-07,301.81610107421875
2022-06-08,299.6441650390625
2022-06-09,291.6181945800781
2022-06-10,281.3327331542969
2022-06-13,268.25177001953125
2022-06-14,268.73883056640625
2022-06-15,275.44970703125
2022-06-16,264.3363342285156
2022-06-17,267.55047607421875
2022-06-21,274.3006286621094
2022-06-22,273.90057373046875
2022-06-23,277.9797058105469
2022-06-24,287.5043640136719
2022-06-27,285.3964538574219
2022-06-28,276.7012939453125
2022-06-29,276.955078125
2022-06-30,273.5199890136719
2022-07-01,275.3253173828125
2022-07-05,280.0387878417969
2022-07-06,281.8345031738281
2022-07-07,287.86541748046875
2022-07-08,288.22650146484375
2022-07-11,282.06866455078125
2022-07-12,279.336181640625
2022-07-13,278.7604675292969
2022-07-14,279.7559509277344
2022-07-15,284.8304443359375
2022-07-18,282.41998291015625
2022-07-19,291.1053161621094
2022-07-20,295.72125244140625
2022-07-21,299.96630859375
2022-07-22,294.7062683105469
2022-07-25,293.0278625488281
2022-07-26,287.27008056640625
2022-07-27,299.41015625
2022-07-28,302.3377380371094
2022-07-29,307.8514099121094
2022-08-01,307.6660461425781
2022-08-02,306.7487487792969
2022-08-03,315.1022033691406
2022-08-04,316.5758361816406
2022-08-05,313.98974609375
2022-08-08,312.974853515625
2022-08-09,309.4324645996094
2022-08-10,318.0689697265625
2022-08-11,316.2635498046875
2022-08-12,322.4214172363281
2022-08-15,325.0269470214844
2022-08-16,324.2658386230469
2022-08-17,320.5672302246094
2022-08-18,321.3381652832031
2022-08-19,315.072998046875
2022-08-22,306.77789306640625
2022-08-23,306.5243225097656
2022-08-24,307.412353515625
2022-08-25,312.8479919433594
2022-08-26,300.0248718261719
2022-08-29,297.0679931640625
2022-08-30,293.759765625
2022-08-31,292.0519714355469
2022-09-01,292.1788024902344
2022-09-02,288.0508728027344
2022-09-06,285.98193359375
2022-09-07,291.75921630859375
2022-09-08,293.2717590332031
2022-09-09,299.683349609375
2022-09-12,303.2452697753906
2022-09-13,286.6163330078125
2022-09-14,288.8901062011719
2022-09-15,284.0790100097656
2022-09-16,282.3419494628906
2022-09-19,284.5406188964844
2022-09-20,282.27252197265625
2022-09-21,277.2181396484375
2022-09-22,273.80621337890625
2022-09-23,269.3481750488281
2022-09-26,268.23370361328125
2022-09-27,268.34130859375
2022-09-28,273.6791687011719
2022-09-29,265.7896423339844
2022-09-30,261.2826843261719
2022-10-03,267.4124755859375
2022-10-04,275.8200988769531
2022-10-05,275.67352294921875
2022-10-06,273.50311279296875
2022-10-07,263.08154296875
2022-10-10,260.45166015625
2022-10-11,256.8735656738281
2022-10-12,256.7856140136719
2022-10-13,262.8078308105469
2022-10-14,254.90850830078125
2022-10-17,263.32598876953125
2022-10-18,265.4083251953125
2022-10-19,264.44049072265625
2022-10-20,263.0913391113281
2022-10-21,269.26019287109375
2022-10-24,272.2225036621094
2022-10-25,277.8536071777344
2022-10-26,271.71405029296875
2022-10-27,266.7672119140625
2022-10-28,274.9304504394531
2022-10-31,271.7336120605469
2022-11-01,268.95709228515625
2022-11-02,259.7380676269531
2022-11-03,254.66412353515625
2022-11-04,258.7603759765625
2022-11-07,261.6053466796875
2022-11-08,263.5116882324219
2022-11-09,257.43084716796875
2022-11-10,276.4263000488281
2022-11-11,281.51971435546875
2022-11-14,279.0561218261719
2022-11-15,282.9177551269531
2022-11-16,279.0561218261719
2022-11-17,278.44024658203125
2022-11-18,278.4499206542969
2022-11-21,275.58551025390625
2022-11-22,279.55474853515625
2022-11-23,282.3604736328125
2022-11-25,280.5030517578125
2022-11-28,276.38720703125
2022-11-29,274.2950134277344
2022-11-30,286.7989501953125
2022-12-01,287.1509094238281
2022-12-02,286.0071105957031
2022-12-05,281.2068786621094
2022-12-06,275.38018798828125
2022-12-07,274.25592041015625
2022-12-08,277.501708984375
2022-12-09,275.732177734375
2022-12-12,279.1929016113281
2022-12-13,282.19427490234375
2022-12-14,280.1021728515625
2022-12-15,270.6973876953125
2022-12-16,268.1164245605469
2022-12-19,264.3483581542969
2022-12-20,264.1425476074219
2022-12-21,267.97430419921875
2022-12-22,261.4182434082031
2022-12-23,262.0062255859375
2022-12-27,258.3018798828125
2022-12-28,254.89163208007812
2022-12-29,261.1046447753906
2022-12-30,260.9478454589844
2023-01-03,259.18389892578125
2023-01-04,260.4186706542969
2023-01-05,256.3419494628906
2023-01-06,263.4173583984375
2023-01-09,265.12261962890625
2023-01-10,267.36663818359375
2023-01-11,271.9921875
2023-01-12,273.462158203125
2023-01-13,275.3437194824219
2023-01-17,275.9023132324219
2023-01-18,272.3155822753906
2023-01-19,269.6402587890625
2023-01-20,277.0194091796875
2023-01-23,283.1737060546875
2023-01-24,282.5954895019531
2023-01-25,281.9683532714844
2023-01-26,287.4660339355469
2023-01-27,290.3275146484375
2023-01-30,284.45751953125
2023-01-31,288.7203369140625
2023-02-01,294.8941345214844
2023-02-02,305.4779052734375
2023-02-03,300.0488586425781
2023-02-06,297.5107421875
2023-02-07,303.6748352050781
2023-02-08,298.27508544921875
2023-02-09,295.63897705078125
2023-02-10,293.69866943359375
2023-02-13,298.4024658203125
2023-02-14,300.6074523925781
2023-02-15,302.9103698730469
2023-02-16,297.2265319824219
2023-02-17,295.1294250488281
2023-02-21,288.1422119140625
2023-02-22,288.3577575683594
2023-02-23,290.8763122558594
2023-02-24,286.005859375
2023-02-27,288.05401611328125
2023-02-28,287.6815490722656
2023-03-01,285.3688049316406
2023-03-02,287.7305603027344
2023-03-03,293.67901611328125
2023-03-06,294.0122375488281
2023-03-07,290.40594482421875
2023-03-08,291.85626220703125
2023-03-09,286.79962158203125
2023-03-10,282.7718811035156
2023-03-13,284.8689880371094
2023-03-14,291.415283203125
2023-03-15,292.9439697265625
2023-03-16,300.6662292480469
2023-03-17,299.2452392578125
2023-03-20,300.3073425292969
2023-03-21,304.59637451171875
2023-03-22,300.4544372558594
2023-03-23,304.0173034667969
2023-03-24,305.1362609863281
2023-03-27,303.045654296875
2023-03-28,301.4359436035156
2023-03-29,306.9322814941406
2023-03-30,309.83758544921875
2023-03-31,314.99041748046875
2023-04-03,314.22479248046875
2023-04-04,313.1649169921875
2023-04-05,310.0731506347656
2023-04-06,312.1636657714844
2023-04-10,311.9870300292969
2023-04-11,309.98480224609375
2023-04-12,307.2464294433594
2023-04-13,313.26300048828125
2023-04-14,312.6741027832031
2023-04-17,312.9391174316406
2023-04-18,312.9587097167969
2023-04-19,312.8115234375
2023-04-20,310.4264221191406
2023-04-21,310.7503356933594
2023-04-24,310.1026306152344
2023-04-25,304.2528991699219
2023-04-26,306.09808349609375
2023-04-27,314.421142578125
2023-04-28,316.5902404785156
2023-05-01,316.22705078125
2023-05-02,313.4691467285156
2023-05-03,311.4177551269531
2023-05-04,310.3185119628906
2023-05-05,316.9141540527344
2023-05-08,317.6993408203125
2023-05-09,315.68731689453125
2023-05-10,319.1224670410156
2023-05-11,320.1629333496094
2023-05-12,319.0144958496094
2023-05-15,320.7419128417969
2023-05-16,321.1051330566406
2023-05-17,324.99176025390625
2023-05-18,331.02801513671875
2023-05-19,330.2820129394531
2023-05-22,331.39117431640625
2023-05-23,327.1902770996094
2023-05-24,325.511962890625
2023-05-25,333.4326171875
2023-05-26,341.95208740234375
2023-05-30,343.50274658203125
2023-05-31,341.5495910644531
2023-06-01,345.4952087402344
2023-06-02,348.08636474609375
2023-06-05,348.3316955566406
2023-06-06,348.27276611328125
2023-06-07,342.3642272949219
2023-06-08,346.6140441894531
2023-06-09,347.9390869140625
2023-06-12,353.8182373046875
2023-06-13,356.5369567871094
2023-06-14,359.1280822753906
2023-06-15,363.4075012207031
2023-06-16,361.1205749511719
2023-06-20,360.60357666015625
2023-06-21,355.6893615722656
2023-06-22,359.8861083984375
2023-06-23,356.31842041015625
2023-06-26,351.5418395996094
2023-06-27,357.5862731933594
2023-06-28,358.28411865234375
2023-06-29,357.5666198730469
2023-06-30,363.080322265625
2023-07-03,363.93536376953125
2023-07-05,363.92559814453125
2023-07-06,361.1539611816406
2023-07-07,359.9548645019531
2023-07-10,360.0728454589844
2023-07-11,361.85174560546875
2023-07-12,366.4220275878906
2023-07-13,372.64337158203125
2023-07-14,372.56475830078125
2023-07-17,376.0439758300781
2023-07-18,379.12030029296875
2023-07-19,379.03173828125
2023-07-20,370.29437255859375
2023-07-21,369.18377685546875
2023-07-24,369.77349853515625
2023-07-25,372.2796936035156
2023-07-26,371.0413513183594
2023-07-27,370.15679931640625
2023-07-28,376.8990173339844
2023-07-31,377.0956115722656
2023-08-01,376.2209167480469
2023-08-02,367.96502685546875
2023-08-03,367.37530517578125
2023-08-04,365.6553039550781
2023-08-07,368.7513427734375
2023-08-08,365.6160888671875
2023-08-09,361.5962829589844
2023-08-10,362.26458740234375
2023-08-11,359.9548645019531
2023-08-14,363.9943542480469
2023-08-15,360.1318054199219
2023-08-16,356.31842041015625
2023-08-17,352.4263916015625
2023-08-18,351.9841003417969
2023-08-21,357.65509033203125
2023-08-22,357.1440124511719
2023-08-23,362.775634765625
2023-08-24,355.02105712890625
2023-08-25,357.7729797363281
2023-08-28,360.4660339355469
2023-08-29,368.3384704589844
2023-08-30,370.3927001953125
2023-08-31,371.50323486328125
2023-09-01,371.1100769042969
2023-09-05,371.5819091796875
2023-09-06,368.3090515136719
2023-09-07,365.675048828125
2023-09-08,366.1860656738281
2023-09-11,370.5007629394531
2023-09-12,366.39251708984375
2023-09-13,367.78814697265625
2023-09-14,370.7956237792969
2023-09-15,364.44647216796875
2023-09-18,364.826416015625
2023-09-19,364.048828125
2023-09-20,358.8027038574219
2023-09-21,352.227783203125
2023-09-22,352.2770690917969
2023-09-25,353.9503173828125
2023-09-26,348.6352844238281
2023-09-27,349.4522705078125
2023-09-28,352.37554931640625
2023-09-29,352.6313781738281
2023-10-02,355.5743713378906
2023-10-03,349.3341369628906
2023-10-04,354.08807373046875
2023-10-05,353.0447998046875
2023-10-06,358.96014404296875
2023-10-09,360.7908935546875
2023-10-10,362.7890319824219
2023-10-11,365.3775634765625
2023-10-12,364.10791015625
2023-10-13,359.531005859375
2023-10-16,363.5960388183594
2023-10-17,362.40509033203125
2023-10-18,357.6511535644531
2023-10-19,354.3046569824219
2023-10-20,349.0191650390625
2023-10-23,350.07232666015625
2023-10-24,353.4778747558594
2023-10-25,344.82623291015625
2023-10-26,338.2513427734375
2023-10-27,339.8753356933594
2023-10-30,343.7041320800781
2023-10-31,345.34783935546875
2023-11-01,351.34197998046875
2023-11-02,357.7200622558594
2023-11-03,361.9228515625
2023-11-06,363.3992004394531
2023-11-07,366.83428955078125
2023-11-08,367.0704650878906
2023-11-09,364.2457275390625
2023-11-10,372.4347839355469
2023-11-13,371.2733154296875
2023-11-14,379.2655334472656
2023-11-15,379.5509338378906
2023-11-16,379.8757629394531
2023-11-17,379.9643249511719
2023-11-20,384.5904235839844
2023-11-21,382.3561096191406
2023-11-22,383.9211120605469
2023-11-24,383.3797302246094
2023-11-27,383.0450439453125
2023-11-28,384.04901123046875
2023-11-29,383.6750183105469
2023-11-30,382.71044921875
2023-12-01,383.802978515625
2023-12-04,380.2399597167969
2023-12-05,381.19464111328125
2023-12-06,378.9898681640625
2023-12-07,384.2853088378906
2023-12-08,385.997802734375
2023-12-11,389.2951965332031
2023-12-12,392.39556884765625
2023-12-13,397.3857727050781
2023-12-14,397.0412902832031
2023-12-15,398.9605712890625
2023-12-18,401.4734802246094
2023-12-19,403.52484130859375
2023-12-20,397.5285339355469
2023-12-21,402.154052734375
2023-12-22,402.7556457519531
2023-12-26,405.2212219238281
2023-12-27,406.046142578125
2023-12-28,405.84869384765625
2023-12-29,404.09228515625
2024-01-02,397.2541809082031
2024-01-03,393.0506591796875
2024-01-04,391.0278015136719
2024-01-05,391.4915771484375
2024-01-08,399.5829162597656
2024-01-09,400.3723449707031
2024-01-10,403.08587646484375
2024-01-11,403.92462158203125
2024-01-12,404.1318054199219
2024-01-16,404.09228515625
2024-01-17,401.81298828125
2024-01-18,407.5163269042969
2024-01-19,415.5977783203125
2024-01-22,416.14056396484375
2024-01-23,417.8673095703125
2024-01-24,420.1861877441406
2024-01-25,420.6993103027344
2024-01-26,418.19293212890625
2024-01-29,422.4753723144531
2024-01-30,419.6631774902344
2024-01-31,411.443603515625
2024-02-01,416.28857421875
2024-02-02,423.3240661621094
2024-02-05,422.7714538574219
2024-02-06,421.9228210449219
2024-02-07,426.2645263671875
2024-02-08,427.05389404296875
2024-02-09,431.2574768066406
2024-02-12,429.57012939453125
2024-02-13,422.8701477050781
2024-02-14,427.4782409667969
2024-02-15,428.7510986328125
2024-02-16,424.8633728027344
2024-02-20,421.6564636230469
2024-02-21,419.9691162109375
2024-02-22,432.26397705078125
2024-02-23,430.9910583496094
2024-02-26,430.76409912109375
2024-02-27,431.8001403808594
2024-02-28,429.50103759765625
2024-02-29,433.181640625
2024-03-01,439.7039794921875
2024-03-04,438.1351013183594
2024-03-05,430.270751953125
2024-03-06,432.9743957519531
2024-03-07,439.5461120605469
2024-03-08,433.2013244628906
2024-03-11,431.5929870605469
2024-03-12,437.7799072265625
2024-03-13,434.4150085449219
2024-03-14,433.3197937011719
2024-03-15,428.1689758300781
2024-03-18,432.2525634765625
2024-03-19,433.3295593261719
2024-03-20,438.4674072265625
2024-03-21,440.54229736328125
2024-03-22,441.0462951660156
2024-03-25,439.4455871582031
2024-03-26,438.0227966308594
2024-03-27,439.51470947265625
2024-03-28,438.70452880859375
2024-04-01,439.63336181640625
2024-04-02,435.8392333984375
2024-04-03,436.81744384765625
2024-04-04,430.13812255859375
2024-04-05,435.20684814453125
2024-04-08,435.3352966308594
2024-04-09,436.94580078125
2024-04-10,433.13201904296875
2024-04-11,440.04827880859375
2024-04-12,433.0331115722656
2024-04-15,425.9092712402344
2024-04-16,425.94879150390625
2024-04-17,420.751708984375
2024-04-18,418.3507385253906
2024-04-19,409.69537353515625
2024-04-22,413.8155517578125
2024-04-23,419.9908752441406
2024-04-24,421.4136962890625
2024-04-25,419.3782653808594
2024-04-26,425.8500061035156
2024-04-29,427.5791015625
2024-04-30,419.51654052734375
2024-05-01,416.48321533203125
2024-05-02,421.79901123046875
2024-05-03,430.2765197753906
2024-05-06,434.989501953125
2024-05-07,435.05865478515625
2024-05-08,434.8017883300781
2024-05-09,435.7502136230469
2024-05-10,436.7778625488281
2024-05-13,437.78564453125
2024-05-14,440.60162353515625
2024-05-15,447.48828125
2024-05-16,446.57928466796875
2024-05-17,446.3619384765625
2024-05-20,449.4743347167969
2024-05-21,450.35369873046875
2024-05-22,450.2647399902344
2024-05-23,448.2392578125
2024-05-24,452.4779968261719
2024-05-28,454.18731689453125
2024-05-29,450.9860534667969
2024-05-30,446.15447998046875
2024-05-31,445.32452392578125
2024-06-03,447.715576171875
2024-06-04,448.94073486328125
2024-06-05,457.9913330078125
2024-06-06,457.8332214355469
2024-06-07,457.4281311035156
2024-06-10,459.2757263183594
2024-06-11,462.4276428222656
2024-06-12,468.48443603515625
2024-06-13,471.023681640625
2024-06-14,473.4642333984375
2024-06-17,479.2640380859375
2024-06-18,479.4122619628906
2024-06-20,475.7169494628906
2024-06-21,474.44232177734375
2024-06-24,469.04095458984375
2024-06-25,474.40478515625
2024-06-26,475.38446044921875
2024-06-27,476.6115417480469
2024-06-28,474.1375427246094
2024-07-01,476.9184265136719
2024-07-02,481.9259033203125
2024-07-03,485.9437561035156
2024-07-05,491.0105895996094
2024-07-08,492.1783752441406
2024-07-09,492.6038513183594
2024-07-10,497.7400207519531
2024-07-11,486.8244934082031
2024-07-12,489.6845397949219
2024-07-15,491.0007019042969
2024-07-16,491.18878173828125
2024-07-17,476.7699890136719
2024-07-18,474.5135803222656
2024-07-19,470.3077087402344
2024-07-22,477.314208984375
2024-07-23,475.63189697265625
2024-07-24,458.5708312988281
2024-07-25,453.51385498046875
2024-07-26,458.16510009765625
2024-07-29,459.08538818359375
2024-07-30,452.781494140625
2024-07-31,466.1809997558594
2024-08-01,454.8894348144531
2024-08-02,444.0926513671875
2024-08-05,430.8515319824219
2024-08-06,434.9683532714844
2024-08-07,430.25775146484375
2024-08-08,443.4197082519531
2024-08-09,445.7353820800781
2024-08-12,446.6954040527344
2024-08-13,457.7790832519531
2024-08-14,457.9275817871094
2024-08-15,469.4962463378906
2024-08-16,470.0998840332031
2024-08-19,476.2751159667969
2024-08-20,475.2756652832031
2024-08-21,477.49237060546875
2024-08-22,469.9218444824219
2024-08-23,475.0183410644531
2024-08-26,470.40667724609375
2024-08-27,471.81195068359375
2024-08-28,466.4580993652344
2024-08-29,465.7752685546875
2024-08-30,471.3270263671875
2024-09-03,457.0171203613281
2024-09-04,455.82952880859375
2024-09-05,456.255126953125
2024-09-06,444.0332946777344
2024-09-09,449.7433776855469
2024-09-10,453.89984130859375
2024-09-11,463.7564697265625
2024-09-12,468.30865478515625
2024-09-13,470.40667724609375
2024-09-16,468.3284606933594
2024-09-17,468.575927734375
2024-09-18,466.54718017578125
2024-09-19,478.3434143066406
2024-09-20,477.4329833984375
2024-09-23,478.6985168457031
2024-09-24,481.0075378417969
2024-09-25,481.4534912109375
2024-09-26,485.0707092285156
2024-09-27,482.37518310546875
2024-09-30,483.6833190917969
2024-10-01,476.94439697265625
2024-10-02,477.6182861328125
2024-10-03,477.26153564453125
2024-10-04,482.9400329589844
2024-10-07,477.7669982910156
2024-10-08,484.9022521972656
2024-10-09,488.7176818847656
2024-10-10,488.1626892089844
2024-10-11,488.9257507324219
2024-10-14,493.0285339355469
2024-10-15,486.4383239746094
2024-10-16,486.497802734375
2024-10-17,486.8347473144531
2024-10-18,490.0257873535156
2024-10-21,490.96728515625
2024-10-22,491.5024108886719
2024-10-23,483.97064208984375
2024-10-24,487.89508056640625
2024-10-25,490.8681335449219
2024-10-28,490.9473876953125
2024-10-29,495.6646728515625
2024-10-30,491.9186096191406
2024-10-31,479.5012512207031
2024-11-01,483.0490417480469
2024-11-04,481.641845703125
2024-11-05,487.7861022949219
2024-11-06,501.035888671875
2024-11-07,508.92431640625
2024-11-08,509.51904296875
2024-11-11,509.2217102050781
2024-11-12,508.3000183105469
2024-11-13,507.64599609375
2024-11-14,504.1180419921875
2024-11-15,492.10693359375
2024-11-18,495.52587890625
2024-11-19,498.9349365234375
2024-11-20,498.6476135253906
2024-11-21,500.4413757324219
2024-11-22,501.2440490722656
2024-11-25,502.036865234375
2024-11-26,504.73236083984375
2024-11-27,500.7584228515625
2024-11-29,505.15850830078125
2024-12-02,510.65863037109375
2024-12-03,512.224365234375
2024-12-04,518.5570068359375
2024-12-05,517.1200561523438
2024-12-06,521.7481689453125
2024-12-09,517.6849365234375
2024-12-10,515.9209594726562
2024-12-11,525.1571655273438
2024-12-12,521.767822265625
2024-12-13,525.76171875
2024-12-16,533.3330688476562
2024-12-17,530.984375
2024-12-18,511.82806396484375
2024-12-19,509.54876708984375
2024-12-20,513.998291015625
2024-12-23,519.006103515625
2024-12-24,526.0438232421875
2024-12-26,525.6864013671875
2024-12-27,518.6984252929688
2024-12-30,511.7996826171875
2024-12-31,507.4521484375
2025-01-02,506.4595031738281
2025-01-03,514.747802734375
2025-01-06,520.6636352539062
2025-01-07,511.3728332519531
2025-01-08,511.46221923828125
2025-01-10,503.4419860839844
2025-01-13,501.823974609375
2025-01-14,501.3475341796875
2025-01-15,512.8816528320312
2025-01-16,509.2884521484375
2025-01-17,517.8843383789062
2025-01-21,520.921875
2025-01-22,527.582275390625
2025-01-23,528.7039184570312
2025-01-24,525.716064453125
2025-01-27,510.4101257324219
2025-01-28,517.9539184570312
2025-01-29,516.9811401367188
2025-01-30,519.1846923828125
2025-01-31,518.430419921875
2025-02-03,514.28125
2025-02-04,520.5942993164062
2025-02-05,522.9566650390625
2025-02-06,525.6864013671875
2025-02-07,519.0557250976562
2025-02-10,525.3388671875
2025-02-11,524.0882568359375
2025-02-12,524.3958740234375
2025-02-13,531.9398803710938
2025-02-14,534.1731567382812
2025-02-18,535.3840942382812
2025-02-19,535.5330200195312
2025-02-20,533.2599487304688
2025-02-21,522.1923217773438
2025-02-24,516.0283203125
2025-02-25,509.5267028808594
2025-02-26,510.757568359375
2025-02-27,496.5730895996094
2025-02-28,504.41473388671875
2025-03-03,493.3768615722656
2025-03-04,491.8879699707031
2025-03-05,498.30023193359375
2025-03-06,484.5923156738281
2025-03-07,488.1557312011719
2025-03-10,469.23663330078125
2025-03-11,468.1149597167969
2025-03-12,473.39569091796875
2025-03-13,464.8790588378906
2025-03-14,476.1153869628906
2025-03-17,479.2024230957031
2025-03-18,471.03326416015625
2025-03-19,477.3363342285156
2025-03-20,475.7183532714844
2025-03-21,477.28668212890625
2025-03-24,487.76043701171875
2025-03-25,490.54388427734375
2025-03-26,481.5174865722656
2025-03-27,478.7738342285156
2025-03-28,466.1687927246094
2025-03-31,466.14892578125
2025-04-01,469.90655517578125
2025-04-02,473.3361511230469
2025-04-03,447.996826171875
2025-04-04,420.1722412109375
2025-04-07,421.1861572265625
2025-04-08,413.60125732421875
2025-04-09,463.24615478515625
2025-04-10,443.54327392578125
2025-04-11,451.7146911621094
2025-04-14,454.7764587402344
2025-04-15,455.283447265625
2025-04-16,441.5550842285156
2025-04-17,441.4755554199219
2025-04-21,430.5505065917969
2025-04-22,441.8533630371094
2025-04-23,451.87371826171875
2025-04-24,464.5881652832031
2025-04-25,469.76739501953125
2025-04-28,469.6182556152344
2025-04-29,472.7198181152344
2025-04-30,472.66015625
2025-05-01,478.8334655761719
2025-05-02,485.94122314453125
2025-05-05,483.058349609375
2025-05-06,478.5650939941406
2025-05-07,480.4438781738281
2025-05-08,485.4044189453125
2025-05-09,485.0862731933594
2025-05-12,504.8488464355469
2025-05-13,512.543212890625
2025-05-14,515.61474609375
2025-05-15,516.1814575195312
2025-05-16,518.4281616210938
2025-05-19,518.9251708984375
2025-05-20,517.1954345703125
2025-05-21,510.0080871582031
2025-05-22,510.9624938964844
2025-05-23,506.2305908203125
2025-05-27,518.1397705078125
2025-05-28,515.8434448242188
2025-05-29,516.8574829101562
2025-05-30,516.042236328125
2025-06-02,520.1180419921875
2025-06-03,524.183837890625
2025-06-04,525.6452026367188
2025-06-05,521.688720703125
2025-06-06,526.7883911132812
2025-06-09,527.5637817382812
2025-06-10,531.0530395507812
2025-06-11,529.263671875
2025-06-12,530.5062255859375
2025-06-13,523.845947265625
2025-06-16,531.132568359375
2025-06-17,525.953369140625
2025-06-18,525.8638305664062
2025-06-20,523.7166748046875
2025-06-23,529.1017456054688
2025-06-24,537.1928100585938
2025-06-25,538.5661010742188
2025-06-26,543.6018676757812
2025-06-27,545.4629516601562
2025-06-30,548.9959106445312
2025-07-01,544.3682250976562
2025-07-02,548.159912109375
2025-07-03,553.553955078125
2025-07-07,549.3840942382812
2025-07-08,549.6926879882812
2025-07-09,553.5838623046875
2025-07-10,552.7877197265625
2025-07-11,551.5435791015625
2025-07-14,553.5440063476562
2025-07-15,554.051513671875
2025-07-16,554.6188354492188
2025-07-17,559.107177734375
2025-07-18,558.56982421875
2025-07-21,561.4658813476562
2025-07-22,558.5598754882812
2025-07-23,561.1075439453125
2025-07-24,562.3018798828125
2025-07-25,563.6553344726562
2025-07-28,565.4168090820312
2025-07-29,564.541015625
2025-07-30,565.2974853515625
2025-07-31,562.3018798828125
2025-08-01,551.2251586914062
2025-08-04,561.3961791992188
2025-08-05,557.5845336914062
2025-08-06,564.6007690429688
2025-08-07,566.5115356445312
2025-08-08,571.7960815429688
2025-08-11,570.1041870117188
2025-08-12,577.2697143554688
2025-08-13,577.558349609375
2025-08-14,577.1105346679688
2025-08-15,574.57275390625
2025-08-18,574.3438110351562
2025-08-19,566.5513916015625
2025-08-20,563.1876220703125
2025-08-21,560.5801391601562
2025-08-22,569.2284545898438
2025-08-25,567.5863647460938
2025-08-26,569.8654174804688
2025-08-27,570.7412109375
2025-08-28,574.31396484375
2025-08-29,567.666015625
2025-09-02,562.908935546875
2025-09-03,567.337646484375
2025-09-04,572.4728393554688
2025-09-05,573.298828125
2025-09-08,576.0953369140625
2025-09-09,577.7276000976562
2025-09-10,577.9166870117188
2025-09-11,581.2803955078125
2025-09-12,583.8480224609375
2025-09-15,588.843994140625
2025-09-16,588.346435546875
2025-09-17,587.1720581054688
2025-09-18,592.466552734375
2025-09-19,596.4771728515625
2025-09-22,600.0083618164062
2025-09-23,596.02294921875
2025-09-24,593.9305419921875
2025-09-25,591.3699340820312
2025-09-26,593.801025390625
2025-09-29,596.5509643554688
2025-09-30,598.18505859375
2025-10-01,601.0545043945312
2025-10-02,603.5254516601562
2025-10-03,600.9848022460938
2025-10-06,605.498291015625
2025-10-07,602.3099365234375
2025-10-08,609.2147827148438
2025-10-09,608.4774169921875
2025-10-10,587.3546142578125
2025-10-13,599.8190307617188
2025-10-14,595.8236083984375
2025-10-15,600.0281982421875
2025-10-16,597.8063354492188
2025-10-17,601.7320556640625
2025-10-20,609.3142700195312
2025-10-21,609.1549682617188
2025-10-22,603.286376953125
2025-10-23,608.3578491210938
2025-10-24,614.8540649414062
2025-10-27,625.8041381835938
2025-10-28,630.6165771484375
2025-10-29,633.4562377929688
2025-10-30,623.7715454101562
2025-10-31,626.7805786132812
2025-11-03,629.7796020507812
2025-11-04,616.996337890625
2025-11-05,621.01171875
2025-11-06,609.4439086914062
2025-11-07,607.5209350585938
2025-11-10,620.9618530273438
2025-11-11,619.307861328125
2025-11-12,618.8196411132812
2025-11-13,606.1858520507812
2025-11-14,606.6441040039062
2025-11-17,601.4630737304688
2025-11-18,594.1397705078125
2025-11-19,597.6868896484375
2025-11-20,583.5385131835938
2025-11-21,587.9224853515625
2025-11-24,602.9575805664062
2025-11-25,606.6740112304688
2025-11-26,612.034423828125
2025-11-28,616.996337890625
2025-12-01,614.923828125
2025-12-02,619.736328125
2025-12-03,621.2507934570312
2025-12-04,620.6729125976562
2025-12-05,623.20361328125
2025-12-08,622.008056640625
2025-12-09,622.7752075195312
2025-12-10,625.3258666992188
2025-12-11,623.3032836914062
2025-12-12,611.3868408203125
2025-12-15,608.3179931640625
2025-12-16,609.5235595703125
2025-12-17,598.224853515625
2025-12-18,606.8932495117188
2025-12-19,614.8042602539062
2025-12-22,617.7513427734375
2025-12-23,620.6444702148438
2025-12-24,622.4602661132812
2025-12-26,622.4202880859375
2025-12-29,619.4074096679688
2025-12-30,617.9707641601562
2025-12-31,612.8628540039062
2026-01-02,611.6757202148438
2026-01-05,616.5341796875
2026-01-06,621.951416015625
2026-01-07,622.550048828125
2026-01-08,619.0083618164062
2026-01-09,625.173828125
2026-01-12,625.6925659179688
2026-01-13,624.7647705078125
2026-01-14,618.0905151367188
2026-01-15,620.3153076171875
2026-01-16,619.7965087890625
2026-01-20,606.6276245117188
2026-01-21,614.8282470703125
2026-01-22,619.2976684570312
2026-01-23,621.2530517578125
2026-01-26,623.9866333007812
2026-01-27,629.6432495117188
2026-01-28,631.7283325195312
2026-01-29,627.947265625
2026-01-30,620.4050903320312
2026-02-02,624.6650390625
2026-02-03,615.0676879882812
2026-02-04,604.3230590820312
2026-02-05,595.6236572265625
2026-02-06,608.2138671875
2026-02-09,612.8728637695312
2026-02-10,610.029541015625
2026-02-11,611.6657104492188
2026-02-12,599.22509765625
2026-02-13,600.5020751953125
2026-02-17,599.8834838867188
2026-02-18,604.3629150390625
2026-02-19,602.0484008789062
2026-02-20,607.3758544921875
2026-02-23,599.9932250976562
2026-02-24,606.4380493164062
2026-02-25,615.227294921875
2026-02-26,607.8048095703125
2026-02-27,605.859375
2026-03-02,606.6575317382812
2026-03-03,600.1629028320312
2026-03-04,609.311279296875
2026-03-05,607.4755249023438
2026-03-06,598.337158203125
2026-03-09,606.3283081054688
2026-03-10,606.3383178710938
2026-03-11,606.2584838867188
2026-03-12,595.8530883789062
2026-03-13,592.3213500976562
2026-03-16,598.9656982421875
2026-03-17,601.8887939453125
2026-03-18,593.4986572265625
2026-03-19,591.623046875
2026-03-20,580.6888427734375
2026-03-23,587.3545532226562
2026-03-24,583.3389282226562
2026-03-25,587.1747436523438
2026-03-26,573.1600952148438
2026-03-27,561.9624633789062
2026-03-30,557.6671752929688
2026-03-31,576.54638671875
2026-04-01,583.6685791015625
2026-04-02,584.3378295898438
2026-04-06,587.85400390625
2026-04-07,587.9439086914062
2026-04-08,605.4246826171875
2026-04-09,609.5202026367188
2026-04-10,610.3992309570312
2026-04-13,616.7122802734375
2026-04-14,627.909912109375
2026-04-15,636.7003173828125
2026-04-16,639.7669067382812
2026-04-17,648.1376953125
2026-04-20,646.0799560546875
2026-04-21,643.6226806640625
2026-04-22,654.390869140625
2026-04-23,650.7048950195312
2026-04-24,663.1512451171875
2026-04-27,663.5008544921875
2026-04-28,656.8281860351562
2026-04-29,660.84375
2026-04-30,667.0069580078125
2026-05-01,673.4099731445312
2026-05-04,672.141357421875
2026-05-05,680.8617553710938
2026-05-06,695.0062255859375
2026-05-07,694.1771240234375
2026-05-08,710.44921875
2026-05-11,712.5069580078125
2026-05-12,706.463623046875
2026-05-13,713.9254760742188
2026-05-14,718.9998168945312
2026-05-15,708.1517944335938
2026-05-18,705.1051025390625
2026-05-19,700.7599487304688
2026-05-20,712.3671875
2026-05-21,713.7256469726562
2026-05-22,716.7523193359375
2026-05-26,729.4783935546875
2026-05-27,728.6492919921875
2026-05-28,734.79248046875
2026-05-29,737.49951171875
2026-06-01,741.9246826171875
2026-06-02,745.3408813476562
2026-06-03,743.39306640625
2026-06-04,739.7969970703125
2026-06-05,704.2860107421875
2026-06-08,715.283935546875
2026-06-09,707.052978515625
2026-06-10,692.9285278320312
2026-06-11,716.332763671875
2026-06-12,720.5481567382812
2026-06-15,743.1832885742188
2026-06-16,729.0587768554688
2026-06-17,721.7168579101562
2026-06-18,739.8070068359375
2026-06-22,737.9500122070312
2026-06-23,713.6500244140625
2026-06-24,710.6199951171875
2026-06-25,716.3800048828125
2026-06-26,706.52001953125
2026-06-29,724.0800170898438
2026-06-30,736.4000244140625
2026-07-01,725.1699829101562
2026-07-02,712.5999755859375
2026-07-06,722.8200073242188
2026-07-07,709.4299926757812
2026-07-08,711.4400024414062
2026-07-09,723.280029296875
2026-07-10,725.510009765625
2026-07-13,711.739990234375
2026-07-14,719.6900024414062
2026-07-15,717.739990234375
2026-07-16,705.9400024414062
2026-07-17,695.3300170898438
2026-07-20,696.0599975585938
2026-07-21,708.969970703125
2026-07-22,705.3499755859375
2026-07-23,691.9600219726562
2026-07-24,684.22998046875
2026-07-27,682.1199951171875
2026-07-28,675.489990234375
2026-07-29,661.72998046875
2026-07-30,683.5499877929688
2026-07-31,687.989990234375
2026-08-03,700.0700073242188
2026-08-04,723.8499755859375
2026-08-05,717.2999877929688
2026-08-06,714.6500244140625
2026-08-07,723.030029296875
2026-08-10,720.8699951171875
2026-08-11,718.4500122070312
2026-08-12,723.7000122070312
2026-08-13,732.0700073242188
2026-08-14,731.0700073242188
2026-08-17,729.8699951171875
2026-08-18,717.510009765625
2026-08-19,716.0800170898438
2026-08-20,710.9299926757812
2026-08-21,713.4400024414062
2026-08-24,706.3200073242188
2026-08-25,710.719970703125
2026-08-26,711.3699951171875
2026-08-27,721.1099853515625
2026-08-28,716.4299926757812
2026-08-31,716.760009765625
2026-09-01,707.6400146484375
2026-09-02,709.239990234375
2026-09-03,717.6699829101562
2026-09-04,718.9600219726562
2026-09-08,718.3599853515625
2026-09-09,716.3099975585938
2026-09-10,708.6900024414062
2026-09-11,714.8800048828125
