date,value
2010-01-04,14.00314712524414
2010-01-05,13.980658531188965
2010-01-06,13.938511848449707
2010-01-07,13.82891845703125
2010-01-08,14.036866188049316
2010-01-11,13.994714736938477
2010-01-12,13.505741119384766
2010-01-13,13.663113594055176
2010-01-14,13.637823104858398
2010-01-15,13.193809509277344
2010-01-19,13.345563888549805
2010-01-20,13.345563888549805
2010-01-21,13.261260986328125
2010-01-22,12.637395858764648
2010-01-25,12.811627388000488
2010-01-26,12.6964111328125
2010-01-27,12.873456954956055
2010-01-28,12.49407958984375
2010-01-29,12.078169822692871
2010-02-01,12.488455772399902
2010-02-02,12.617725372314453
2010-02-03,12.61491584777832
2010-02-04,12.069738388061523
2010-02-05,12.345141410827637
2010-02-08,12.294556617736816
2010-02-09,12.440688133239746
2010-02-10,12.516556739807129
2010-02-11,12.775096893310547
2010-02-12,12.890314102172852
2010-02-16,13.171329498291016
2010-02-17,13.160088539123535
2010-02-18,13.205055236816406
2010-02-19,13.241585731506348
2010-02-22,13.216300010681152
2010-02-23,12.87625789642334
2010-02-24,13.117938041687012
2010-02-25,13.064542770385742
2010-02-26,13.04206371307373
2010-03-01,13.351187705993652
2010-03-02,13.351187705993652
2010-03-03,13.28654956817627
2010-03-04,13.275308609008789
2010-03-05,13.424248695373535
2010-03-08,13.41862964630127
2010-03-09,13.382091522216797
2010-03-10,13.643442153930664
2010-03-11,13.556329727172852
2010-03-12,13.531039237976074
2010-03-15,13.384904861450195
2010-03-16,13.755849838256836
2010-03-17,13.97785472869873
2010-03-18,13.848584175109863
2010-03-19,13.657495498657227
2010-03-22,13.927274703979492
2010-03-23,14.208285331726074
2010-03-24,13.873876571655273
2010-03-25,13.865443229675293
2010-03-26,13.812052726745605
2010-03-29,13.901982307434082
2010-03-30,13.986286163330078
2010-03-31,13.887927055358887
2010-04-01,13.882308959960938
2010-04-05,14.281354904174805
2010-04-06,14.191425323486328
2010-04-07,14.244824409484863
2010-04-08,14.050920486450195
2010-04-09,14.205473899841309
2010-04-12,14.326316833496094
2010-04-13,14.461210250854492
2010-04-14,15.04853630065918
2010-04-15,15.113165855407715
2010-04-16,14.893972396850586
2010-04-19,14.761895179748535
2010-04-20,14.955795288085938
2010-04-21,14.761895179748535
2010-04-22,14.967032432556152
2010-04-23,14.975467681884766
2010-04-26,15.042911529541016
2010-04-27,14.556751251220703
2010-04-28,14.627006530761719
2010-04-29,14.812477111816406
2010-04-30,14.168949127197266
2010-05-03,14.46401596069336
2010-05-04,13.910412788391113
2010-05-05,13.769898414611816
2010-05-06,13.269686698913574
2010-05-07,13.101078987121582
2010-05-10,13.783951759338379
2010-05-11,13.705267906188965
2010-05-12,14.081830024719238
2010-05-13,13.747419357299805
2010-05-14,13.331511497497559
2010-05-17,13.502934455871582
2010-05-18,13.131985664367676
2010-05-19,13.210676193237305
2010-05-20,12.817249298095703
2010-05-21,13.011152267456055
2010-05-24,12.817249298095703
2010-05-25,12.856590270996094
2010-05-26,12.879073143005371
2010-05-27,13.457968711853027
2010-05-28,13.241585731506348
2010-06-01,12.960567474365234
2010-06-02,13.379287719726562
2010-06-03,13.53946304321289
2010-06-04,12.935276985168457
2010-06-07,12.460352897644043
2010-06-08,12.457542419433594
2010-06-09,12.314224243164062
2010-06-10,12.749805450439453
2010-06-11,12.932469367980957
2010-06-14,12.96337604522705
2010-06-15,13.609718322753906
2010-06-16,13.660308837890625
2010-06-17,13.677164077758789
2010-06-18,13.646251678466797
2010-06-21,13.543225288391113
2010-06-22,13.277894973754883
2010-06-23,13.331526756286621
2010-06-24,12.978690147399902
2010-06-25,13.015385627746582
2010-06-28,13.10571002960205
2010-06-29,12.549644470214844
2010-06-30,12.337943077087402
2010-07-01,12.315359115600586
2010-07-02,12.25043773651123
2010-07-06,12.216567039489746
2010-07-07,12.86860466003418
2010-07-08,12.85167121887207
2010-07-09,13.035141944885254
2010-07-12,13.114177703857422
2010-07-13,13.407737731933594
2010-07-14,13.385156631469727
2010-07-15,13.36539363861084
2010-07-16,12.970222473144531
2010-07-19,13.320234298706055
2010-07-20,13.303291320800781
2010-07-21,13.035141944885254
2010-07-22,13.472658157348633
2010-07-23,13.577098846435547
2010-07-26,13.79444694519043
2010-07-27,13.675889015197754
2010-07-28,13.450080871582031
2010-07-29,13.119824409484863
2010-07-30,12.978690147399902
2010-08-02,13.179099082946777
2010-08-03,13.060547828674316
2010-08-04,13.181922912597656
2010-08-05,13.148053169250488
2010-08-06,13.150875091552734
2010-08-09,13.235547065734863
2010-08-10,12.916586875915527
2010-08-11,12.4085111618042
2010-08-12,12.216567039489746
2010-08-13,12.134710311889648
2010-08-16,12.1685791015625
2010-08-17,12.337943077087402
2010-08-18,12.48471736907959
2010-08-19,12.304067611694336
2010-08-20,12.306890487670898
2010-08-23,12.174223899841309
2010-08-24,11.987929344177246
2010-08-25,12.08672046661377
2010-08-26,11.90324592590332
2010-08-27,12.165759086608887
2010-08-30,11.84114933013916
2010-08-31,11.620976448059082
2010-09-01,11.95405387878418
2010-09-02,12.196806907653809
2010-09-03,12.43109130859375
2010-09-07,12.140350341796875
2010-09-08,12.08672046661377
2010-09-09,12.109301567077637
2010-09-10,11.959700584411621
2010-09-13,12.340760231018066
2010-09-14,12.569397926330566
2010-09-15,12.549644470214844
2010-09-16,12.651259422302246
2010-09-17,12.6597261428833
2010-09-20,12.766986846923828
2010-09-21,12.795215606689453
2010-09-22,12.594803810119629
2010-09-23,12.671016693115234
2010-09-24,13.235547065734863
2010-09-27,13.167811393737793
2010-09-28,13.399264335632324
2010-09-29,13.433141708374023
2010-09-30,13.354109764099121
2010-10-01,13.339988708496094
2010-10-04,13.156519889831543
2010-10-05,13.49241828918457
2010-10-06,13.286357879638672
2010-10-07,13.33717155456543
2010-10-08,13.464187622070312
2010-10-11,13.568626403808594
2010-10-12,13.664604187011719
2010-10-13,13.639198303222656
2010-10-14,13.605327606201172
2010-10-15,13.661779403686523
2010-10-18,13.568626403808594
2010-10-19,13.379507064819336
2010-10-20,13.469836235046387
2010-10-21,13.390798568725586
2010-10-22,13.650487899780273
2010-10-25,13.808557510375977
2010-10-26,13.749279022216797
2010-10-27,14.183968544006348
2010-10-28,14.189616203308105
2010-10-29,14.27712345123291
2010-11-01,14.23196029663086
2010-11-02,14.327933311462402
2010-11-03,14.474710464477539
2010-11-04,14.926336288452148
2010-11-05,15.022308349609375
2010-11-08,15.019488334655762
2010-11-09,14.858599662780762
2010-11-10,14.844482421875
2010-11-11,14.680771827697754
2010-11-12,14.675122261047363
2010-11-15,14.56503963470459
2010-11-16,14.356159210205078
2010-11-17,14.344869613647461
2010-11-18,14.6045560836792
2010-11-19,14.830364227294922
2010-11-22,15.019488334655762
2010-11-23,14.909401893615723
2010-11-24,15.284830093383789
2010-11-26,15.188848495483398
2010-11-29,15.166274070739746
2010-11-30,14.974324226379395
2010-12-01,15.425952911376953
2010-12-02,15.730798721313477
2010-12-03,15.809836387634277
2010-12-06,15.801373481750488
2010-12-07,15.78443431854248
2010-12-08,15.919926643371582
2010-12-09,15.967916488647461
2010-12-10,15.970730781555176
2010-12-13,15.863465309143066
2010-12-14,15.759031295776367
2010-12-15,15.5896635055542
2010-12-16,15.674356460571289
2010-12-17,15.775965690612793
2010-12-20,15.643302917480469
2010-12-21,15.742096900939941
2010-12-22,15.759031295776367
2010-12-23,15.71386432647705
2010-12-27,15.733628273010254
2010-12-28,15.668701171875
2010-12-29,15.67153263092041
2010-12-30,15.719517707824707
2010-12-31,15.722334861755371
2011-01-03,15.807019233703613
2011-01-04,15.846526145935059
2011-01-05,15.897342681884766
2011-01-06,16.18243408203125
2011-01-07,16.22759246826172
2011-01-10,16.402603149414062
2011-01-11,16.44493865966797
2011-01-12,16.766727447509766
2011-01-13,16.778017044067383
2011-01-14,17.224002838134766
2011-01-18,17.176006317138672
2011-01-19,16.761093139648438
2011-01-20,16.588899612426758
2011-01-21,16.470348358154297
2011-01-24,16.85140609741211
2011-01-25,16.732860565185547
2011-01-26,16.86833953857422
2011-01-27,17.198598861694336
2011-01-28,16.72720718383789
2011-01-31,16.79213523864746
2011-02-01,17.20988655090332
2011-02-02,17.300220489501953
2011-02-03,17.314329147338867
2011-02-04,17.678457260131836
2011-02-07,17.607891082763672
2011-02-08,17.607891082763672
2011-02-09,17.483686447143555
2011-02-10,17.506275177001953
2011-02-11,17.64740562438965
2011-02-14,17.79137420654297
2011-02-15,17.6107120513916
2011-02-16,17.7941837310791
2011-02-17,18.062339782714844
2011-02-18,18.019996643066406
2011-02-22,17.314329147338867
2011-02-23,16.98124885559082
2011-02-24,17.246583938598633
2011-02-25,17.692569732666016
2011-02-28,17.52320671081543
2011-03-01,17.181659698486328
2011-03-02,17.399011611938477
2011-03-03,17.734912872314453
2011-03-04,17.588130950927734
2011-03-07,17.10544776916504
2011-03-08,17.122385025024414
2011-03-09,16.59172248840332
2011-03-10,16.171146392822266
2011-03-11,16.354618072509766
2011-03-14,16.31791877746582
2011-03-15,16.103395462036133
2011-03-16,15.764681816101074
2011-03-17,15.953794479370117
2011-03-18,16.02153968811035
2011-03-21,16.309450149536133
2011-03-22,16.154205322265625
2011-03-23,16.309450149536133
2011-03-24,16.707448959350586
2011-03-25,16.673250198364258
2011-03-28,16.67607307434082
2011-03-29,16.84285545349121
2011-03-30,16.862648010253906
2011-03-31,16.704347610473633
2011-04-01,16.520591735839844
2011-04-04,16.373592376708984
2011-04-05,16.741092681884766
2011-04-06,16.99834442138672
2011-04-07,16.941808700561523
2011-04-08,16.80045509338379
2011-04-11,16.659114837646484
2011-04-12,16.305747985839844
2011-04-13,16.345321655273438
2011-04-14,16.370765686035156
2011-04-15,16.45557403564453
2011-04-18,16.161571502685547
2011-04-19,16.22941780090332
2011-04-20,16.916358947753906
2011-04-21,16.933324813842773
2011-04-25,16.944625854492188
2011-04-26,17.221670150756836
2011-04-27,17.210359573364258
2011-04-28,17.122732162475586
2011-04-29,17.182098388671875
2011-05-02,17.026615142822266
2011-05-03,16.81742286682129
2011-05-04,16.81177520751953
2011-05-05,16.856996536254883
2011-05-06,16.9898624420166
2011-05-09,16.9191837310791
2011-05-10,17.001163482666016
2011-05-11,16.876781463623047
2011-05-12,17.097288131713867
2011-05-13,16.888092041015625
2011-05-16,16.650634765625
2011-05-17,16.444265365600586
2011-05-18,16.743921279907227
2011-05-19,16.602567672729492
2011-05-20,16.568653106689453
2011-05-23,16.22941780090332
2011-05-24,16.088062286376953
2011-05-25,16.23223876953125
2011-05-26,16.38490104675293
2011-05-27,16.579957962036133
2011-05-31,16.83155632019043
2011-06-01,16.342493057250977
2011-06-02,16.322711944580078
2011-06-03,16.037185668945312
2011-06-06,15.921282768249512
2011-06-07,15.986303329467773
2011-06-08,15.675333023071289
2011-06-09,15.686647415161133
2011-06-10,15.435049057006836
2011-06-13,15.299355506896973
2011-06-14,15.567916870117188
2011-06-15,15.282403945922852
2011-06-16,15.107121467590332
2011-06-17,14.88380241394043
2011-06-20,14.90358829498291
2011-06-21,15.25412368774414
2011-06-22,15.19476318359375
2011-06-23,15.414855003356934
2011-06-24,15.060782432556152
2011-06-27,15.137255668640137
2011-06-28,15.341209411621094
2011-06-29,15.36103630065918
2011-06-30,15.720772743225098
2011-07-01,16.057842254638672
2011-07-05,15.930376052856445
2011-07-06,15.802919387817383
2011-07-07,16.103166580200195
2011-07-08,15.882222175598145
2011-07-11,15.607463836669922
2011-07-12,15.159914016723633
2011-07-13,15.11176872253418
2011-07-14,14.88798999786377
2011-07-15,14.947481155395508
2011-07-18,14.766188621520996
2011-07-19,15.2279052734375
2011-07-20,15.168415069580078
2011-07-21,15.281720161437988
2011-07-22,15.652789115905762
2011-07-25,15.468671798706055
2011-07-26,15.573474884033203
2011-07-27,15.018295288085938
2011-07-28,14.987129211425781
2011-07-29,14.86249828338623
2011-08-01,14.845508575439453
2011-08-02,14.414949417114258
2011-08-03,14.584908485412598
2011-08-04,13.743633270263672
2011-08-05,13.466041564941406
2011-08-08,12.746565818786621
2011-08-09,13.31591510772705
2011-08-10,13.060986518859863
2011-08-11,13.706809997558594
2011-08-12,13.650157928466797
2011-08-15,13.913588523864746
2011-08-16,13.664325714111328
2011-08-17,13.57367992401123
2011-08-18,12.789057731628418
2011-08-19,12.553953170776367
2011-08-22,12.630437850952148
2011-08-23,13.279093742370605
2011-08-24,13.290421485900879
2011-08-25,12.942014694213867
2011-08-26,13.301753997802734
2011-08-29,13.766297340393066
2011-08-30,13.76346492767334
2011-08-31,13.69265079498291
2011-09-01,13.46887493133545
2011-09-02,13.14879322052002
2011-09-06,13.060986518859863
2011-09-07,13.616169929504395
2011-09-08,13.556684494018555
2011-09-09,13.412222862243652
2011-09-12,13.800286293029785
2011-09-13,14.07221508026123
2011-09-14,14.434782028198242
2011-09-15,14.6670503616333
2011-09-16,14.68687629699707
2011-09-19,14.531085968017578
2011-09-20,14.344139099121094
2011-09-21,14.055215835571289
2011-09-22,13.582173347473145
2011-09-23,13.828611373901367
2011-09-26,13.818954467773438
2011-09-27,14.071707725524902
2011-09-28,13.679800987243652
2011-09-29,13.503727912902832
2011-09-30,13.04082202911377
2011-10-03,12.5580415725708
2011-10-04,13.05786418914795
2011-10-05,13.472484588623047
2011-10-06,13.63720417022705
2011-10-07,13.699678421020508
2011-10-10,14.085907936096191
2011-10-11,14.071707725524902
2011-10-12,14.17678165435791
2011-10-13,14.46361255645752
2011-10-14,14.628328323364258
2011-10-17,14.247781753540039
2011-10-18,14.534611701965332
2011-10-19,14.242100715637207
2011-10-20,13.99502944946289
2011-10-21,14.293219566345215
2011-10-24,14.770323753356934
2011-10-25,14.526090621948242
2011-10-26,14.57436752319336
2011-10-27,15.190627098083496
2011-10-28,15.250267028808594
2011-10-31,14.881080627441406
2011-11-01,14.406816482543945
2011-11-02,14.460773468017578
2011-11-03,14.892436027526855
2011-11-04,15.062836647033691
2011-11-07,15.054314613342285
2011-11-08,15.12247085571289
2011-11-09,14.45510196685791
2011-11-10,14.551652908325195
2011-11-11,15.062836647033691
2011-11-14,14.89811897277832
2011-11-15,15.085546493530273
2011-11-16,15.034433364868164
2011-11-17,14.452251434326172
2011-11-18,14.315932273864746
2011-11-21,14.048988342285156
2011-11-22,13.870074272155762
2011-11-23,13.432731628417969
2011-11-25,13.268014907836914
2011-11-28,13.671281814575195
2011-11-29,13.58608627319336
2011-11-30,14.350013732910156
2011-12-01,14.446571350097656
2011-12-02,14.449413299560547
2011-12-05,14.568684577941895
2011-12-06,14.531777381896973
2011-12-07,14.724882125854492
2011-12-08,14.290376663208008
2011-12-09,14.4806547164917
2011-12-12,14.0944242477417
2011-12-13,13.759315490722656
2011-12-14,13.543482780456543
2011-12-15,13.509403228759766
2011-12-16,13.640040397644043
2011-12-19,13.245295524597168
2011-12-20,13.833154678344727
2011-12-21,13.69399642944336
2011-12-22,14.150405883789062
2011-12-23,14.213006973266602
2011-12-27,14.19593620300293
2011-12-28,13.985372543334961
2011-12-29,14.107730865478516
2011-12-30,14.056511878967285
2012-01-03,14.232928276062012
2012-01-04,14.232928276062012
2012-01-05,14.42641544342041
2012-01-06,14.463409423828125
2012-01-09,14.756495475769043
2012-01-10,14.904455184936523
2012-01-11,14.955672264099121
2012-01-12,15.115012168884277
2012-01-13,14.807708740234375
2012-01-17,14.85039234161377
2012-01-18,15.604434967041016
2012-01-19,15.914586067199707
2012-01-20,15.991416931152344
2012-01-23,15.940193176269531
2012-01-24,15.997105598449707
2012-01-25,16.06538963317871
2012-01-26,15.897512435913086
2012-01-27,15.948734283447266
2012-01-30,15.78369426727295
2012-01-31,15.795073509216309
2012-02-01,16.147916793823242
2012-02-02,16.23612403869629
2012-02-03,16.48937225341797
2012-02-06,16.301572799682617
2012-02-07,16.31010627746582
2012-02-08,16.506437301635742
2012-02-09,16.56049919128418
2012-02-10,16.23897361755371
2012-02-13,16.28734016418457
2012-02-14,16.34710121154785
2012-02-15,16.43246078491211
2012-02-16,16.845046997070312
2012-02-17,16.688552856445312
2012-02-21,16.460912704467773
2012-02-22,16.401153564453125
2012-02-23,16.429615020751953
2012-02-24,16.378402709960938
2012-02-27,16.395463943481445
2012-02-28,16.66009521484375
2012-02-29,16.412532806396484
2012-03-01,16.42391586303711
2012-03-02,16.23897361755371
2012-03-05,15.851984024047852
2012-03-06,15.704024314880371
2012-03-07,15.93450927734375
2012-03-08,16.170669555664062
2012-03-09,16.34710121154785
2012-03-12,16.190595626831055
2012-03-13,16.543428421020508
2012-03-14,16.48937225341797
2012-03-15,16.816591262817383
2012-03-16,16.845046997070312
2012-03-19,16.964557647705078
2012-03-20,16.830825805664062
2012-03-21,16.89911460876465
2012-03-22,16.808059692382812
2012-03-23,16.842199325561523
2012-03-26,17.07451820373535
2012-03-27,17.068819046020508
2012-03-28,16.872129440307617
2012-03-29,16.87498664855957
2012-03-30,16.94624137878418
2012-04-02,16.960498809814453
2012-04-03,16.689701080322266
2012-04-04,16.32198715209961
2012-04-05,16.347640991210938
2012-04-09,16.131006240844727
2012-04-10,15.825997352600098
2012-04-11,16.09109878540039
2012-04-12,16.396095275878906
2012-04-13,16.105348587036133
2012-04-16,16.099645614624023
2012-04-17,16.35049819946289
2012-04-18,16.23076820373535
2012-04-19,16.03123664855957
2012-04-20,15.660666465759277
2012-04-23,15.469681739807129
2012-04-24,15.35566520690918
2012-04-25,15.697717666625977
2012-04-26,16.05974006652832
2012-04-27,16.062583923339844
2012-04-30,15.994176864624023
2012-05-01,16.042638778686523
2012-05-02,16.11960220336914
2012-05-03,15.717677116394043
2012-05-04,15.401273727416992
2012-05-07,15.35566520690918
2012-05-08,15.267300605773926
2012-05-09,15.213141441345215
2012-05-10,15.156131744384766
2012-05-11,15.261608123779297
2012-05-14,15.113370895385742
2012-05-15,14.95374584197998
2012-05-16,14.722854614257812
2012-05-17,14.397892951965332
2012-05-18,14.121395111083984
2012-05-21,14.474858283996582
2012-05-22,14.369389533996582
2012-05-23,14.426398277282715
2012-05-24,14.221158981323242
2012-05-25,14.363689422607422
2012-05-29,14.671541213989258
2012-05-30,14.466310501098633
2012-05-31,14.315230369567871
2012-06-01,13.702372550964355
2012-06-04,13.679570198059082
2012-06-05,13.941811561584473
2012-06-06,14.380791664123535
2012-06-07,14.252524375915527
2012-06-08,14.400744438171387
2012-06-11,14.198358535766602
2012-06-12,14.45205307006836
2012-06-13,14.338034629821777
2012-06-14,14.306682586669922
2012-06-15,14.531869888305664
2012-06-18,14.734254837036133
2012-06-19,14.927956581115723
2012-06-20,15.059389114379883
2012-06-21,14.445119857788086
2012-06-22,14.6536865234375
2012-06-25,14.17941665649414
2012-06-26,14.233699798583984
2012-06-27,14.416552543640137
2012-06-28,14.325129508972168
2012-06-29,14.947961807250977
2012-07-02,14.9251070022583
2012-07-03,15.107948303222656
2012-07-05,14.99367618560791
2012-07-06,14.61655044555664
2012-07-09,14.422266006469727
2012-07-10,14.125138282775879
2012-07-11,13.968002319335938
2012-07-12,13.748010635375977
2012-07-13,13.845146179199219
2012-07-16,13.716581344604492
2012-07-17,13.659441947937012
2012-07-18,14.125138282775879
2012-07-19,14.407980918884277
2012-07-20,14.167993545532227
2012-07-23,14.050849914550781
2012-07-24,13.98514461517334
2012-07-25,14.26513385772705
2012-07-26,14.579401969909668
2012-07-27,14.936530113220215
2012-07-30,14.802251815795898
2012-07-31,14.910820960998535
2012-08-01,14.907963752746582
2012-08-02,14.8193998336792
2012-08-03,15.150811195373535
2012-08-06,15.202238082885742
2012-08-07,15.553647994995117
2012-08-08,15.590787887573242
2012-08-09,15.713641166687012
2012-08-10,15.793633460998535
2012-08-13,15.656498908996582
2012-08-14,15.536506652832031
2012-08-15,15.62507438659668
2012-08-16,15.870780944824219
2012-08-17,15.756505966186523
2012-08-20,15.650787353515625
2012-08-21,15.659361839294434
2012-08-22,15.54507827758789
2012-08-23,15.456510543823242
2012-08-24,15.533650398254395
2012-08-27,15.473657608032227
2012-08-28,15.450796127319336
2012-08-29,15.467935562133789
2012-08-30,15.23080825805664
2012-08-31,15.413651466369629
2012-09-04,15.293660163879395
2012-09-05,15.210811614990234
2012-09-06,15.673643112182617
2012-09-07,15.630793571472168
2012-09-10,15.359365463256836
2012-09-11,15.459364891052246
2012-09-12,15.493651390075684
2012-09-13,15.630793571472168
2012-09-14,15.836499214172363
2012-09-17,15.673643112182617
2012-09-18,15.607935905456543
2012-09-19,15.513650894165039
2012-09-20,15.362228393554688
2012-09-21,15.379368782043457
2012-09-24,15.159379959106445
2012-09-25,14.782003402709961
2012-09-26,14.675827026367188
2012-09-27,15.00871753692627
2012-09-28,14.888192176818848
2012-10-01,14.830792427062988
2012-10-02,14.902538299560547
2012-10-03,14.856624603271484
2012-10-04,14.934104919433594
2012-10-05,14.916887283325195
2012-10-08,14.753310203552246
2012-10-09,14.526602745056152
2012-10-10,14.32572078704834
2012-10-11,14.368770599365234
2012-10-12,14.285547256469727
2012-10-15,14.477816581726074
2012-10-16,14.80783748626709
2012-10-17,14.77913761138916
2012-10-18,14.635652542114258
2012-10-19,14.196581840515137
2012-10-22,14.233888626098633
2012-10-23,14.268322944641113
2012-10-24,14.038750648498535
2012-10-25,14.245369911193848
2012-10-26,14.29128360748291
2012-10-31,14.317108154296875
2012-11-01,14.767662048339844
2012-11-02,14.49216365814209
2012-11-05,14.744702339172363
2012-11-06,14.965675354003906
2012-11-07,14.561043739318848
2012-11-08,14.394594192504883
2012-11-09,14.411815643310547
2012-11-12,14.42042064666748
2012-11-13,14.311370849609375
2012-11-14,14.078924179077148
2012-11-15,13.903873443603516
2012-11-16,13.906739234924316
2012-11-19,14.18797492980957
2012-11-20,14.124838829040527
2012-11-21,14.176497459411621
2012-11-23,14.411815643310547
2012-11-26,14.472077369689941
2012-11-27,14.440512657165527
2012-11-28,14.592608451843262
2012-11-29,14.635652542114258
2012-11-30,14.615565299987793
2012-12-03,14.546689987182617
2012-12-04,14.635652542114258
2012-12-05,14.638525009155273
2012-12-06,14.782003402709961
2012-12-07,14.813573837280273
2012-12-10,14.911149024963379
2012-12-11,15.1952543258667
2012-12-12,15.137855529785156
2012-12-13,14.994365692138672
2012-12-14,14.87957763671875
2012-12-17,14.942710876464844
2012-12-18,15.223946571350098
2012-12-19,15.243536949157715
2012-12-20,15.21473217010498
2012-12-21,15.073613166809082
2012-12-24,15.00449275970459
2012-12-26,14.906582832336426
2012-12-27,14.828818321228027
2012-12-28,14.733784675598145
2012-12-31,14.98721981048584
2013-01-02,15.640969276428223
2013-01-03,15.534402847290039
2013-01-04,15.525760650634766
2013-01-07,15.471046447753906
2013-01-08,15.292490005493164
2013-01-09,15.439372062683105
2013-01-10,15.664003372192383
2013-01-11,15.738877296447754
2013-01-14,15.712963104248047
2013-01-15,15.626565933227539
2013-01-16,15.813762664794922
2013-01-17,16.113283157348633
2013-01-18,16.044153213500977
2013-01-22,15.989439964294434
2013-01-23,16.167997360229492
2013-01-24,16.01535415649414
2013-01-25,16.219839096069336
2013-01-28,16.260147094726562
2013-01-29,16.156471252441406
2013-01-30,16.173749923706055
2013-01-31,16.13343048095703
2013-02-01,16.44735336303711
2013-02-04,16.193918228149414
2013-02-05,16.44735336303711
2013-02-06,16.487667083740234
2013-02-07,16.39838981628418
2013-02-08,16.599985122680664
2013-02-11,16.640304565429688
2013-02-12,16.669103622436523
2013-02-13,16.703659057617188
2013-02-14,16.8764591217041
2013-02-15,16.784303665161133
2013-02-19,16.977249145507812
2013-02-20,16.614381790161133
2013-02-21,16.303346633911133
2013-02-22,16.646059036254883
2013-02-25,16.329273223876953
2013-02-26,16.43870735168457
2013-02-27,16.709421157836914
2013-02-28,16.72093963623047
2013-03-01,16.651824951171875
2013-03-04,16.605745315551758
2013-03-05,16.931171417236328
2013-03-06,16.95134162902832
2013-03-07,17.029088973999023
2013-03-08,17.052139282226562
2013-03-11,17.069414138793945
2013-03-12,17.141422271728516
2013-03-13,17.193252563476562
2013-03-14,17.282533645629883
2013-03-15,17.000301361083984
2013-03-18,16.784303665161133
2013-03-19,16.71518325805664
2013-03-20,16.936941146850586
2013-03-21,16.663345336914062
2013-03-22,16.847660064697266
2013-03-25,16.830028533935547
2013-03-26,16.960065841674805
2013-03-27,16.99474334716797
2013-03-28,17.1103458404541
2013-04-01,16.760669708251953
2013-04-02,16.61330223083496
2013-04-03,16.278091430664062
2013-04-04,16.49193000793457
2013-04-05,16.40522575378418
2013-04-08,16.604629516601562
2013-04-09,16.76356315612793
2013-04-10,17.139238357543945
2013-04-11,17.05832290649414
2013-04-12,16.988962173461914
2013-04-15,16.57573699951172
2013-04-16,16.916723251342773
2013-04-17,16.35032844543457
2013-04-18,16.211618423461914
2013-04-19,16.332998275756836
2013-04-22,16.509267807006836
2013-04-23,16.850263595581055
2013-04-24,17.066991806030273
2013-04-25,17.234603881835938
2013-04-26,17.066991806030273
2013-04-29,17.27794647216797
2013-04-30,17.410877227783203
2013-05-01,17.275062561035156
2013-05-02,17.50334930419922
2013-05-03,17.63916778564453
2013-05-06,17.777875900268555
2013-05-07,17.79231834411621
2013-05-08,17.983051300048828
2013-05-09,18.11598014831543
2013-05-10,18.274921417236328
2013-05-13,18.09864044189453
2013-05-14,18.182445526123047
2013-05-15,18.358718872070312
2013-05-16,18.22868537902832
2013-05-17,18.462759017944336
2013-05-20,18.42807960510254
2013-05-21,18.425186157226562
2013-05-22,18.133317947387695
2013-05-23,18.136205673217773
2013-05-24,18.13043212890625
2013-05-28,18.29514503479004
2013-05-29,18.364503860473633
2013-05-30,18.647703170776367
2013-05-31,18.40206527709961
2013-06-03,18.46853256225586
2013-06-04,18.552337646484375
2013-06-05,18.269142150878906
2013-06-06,18.24312400817871
2013-06-07,18.5147705078125
2013-06-10,18.62746810913086
2013-06-11,18.208450317382812
2013-06-12,17.99750328063965
2013-06-13,18.364503860473633
2013-06-14,18.28936195373535
2013-06-17,18.55523109436035
2013-06-18,18.861539840698242
2013-06-19,18.63903045654297
2013-06-20,18.049510955810547
2013-06-21,18.127538681030273
2013-06-24,17.740304946899414
2013-06-25,18.17377281188965
2013-06-26,18.26673126220703
2013-06-27,18.3304386138916
2013-06-28,18.39414405822754
2013-07-01,18.370986938476562
2013-07-02,18.397045135498047
2013-07-03,18.481021881103516
2013-07-05,18.721364974975586
2013-07-08,18.34781837463379
2013-07-09,18.54473304748535
2013-07-10,18.735857009887695
2013-07-11,19.144163131713867
2013-07-12,19.248411178588867
2013-07-15,19.248411178588867
2013-07-16,19.323699951171875
2013-07-17,19.329492568969727
2013-07-18,19.167329788208008
2013-07-19,19.118093490600586
2013-07-22,19.0804500579834
2013-07-23,19.025436401367188
2013-07-24,18.669252395629883
2013-07-25,18.764814376831055
2013-07-26,18.61712646484375
2013-07-29,18.498390197753906
2013-07-30,18.721364974975586
2013-07-31,18.814041137695312
2013-08-01,19.141267776489258
2013-08-02,19.037019729614258
2013-08-05,18.996477127075195
2013-08-06,18.880643844604492
2013-08-07,18.675045013427734
2013-08-08,18.683725357055664
2013-08-09,18.588167190551758
2013-08-12,18.657665252685547
2013-08-13,18.87774658203125
2013-08-14,18.591066360473633
2013-08-15,18.171167373657227
2013-08-16,18.234886169433594
2013-08-19,18.104568481445312
2013-08-20,18.231983184814453
2013-08-21,18.092981338500977
2013-08-22,18.292797088623047
2013-08-23,18.292797088623047
2013-08-26,18.258047103881836
2013-08-27,17.809192657470703
2013-08-28,18.040857315063477
2013-08-29,18.229084014892578
2013-08-30,18.07271957397461
2013-09-03,18.223295211791992
2013-09-04,18.683725357055664
2013-09-05,18.825620651245117
2013-09-06,18.738746643066406
2013-09-09,18.9877872467041
2013-09-10,19.358448028564453
2013-09-11,19.306325912475586
2013-09-12,19.178911209106445
2013-09-13,19.268680572509766
2013-09-16,19.332382202148438
2013-09-17,19.465606689453125
2013-09-18,19.639339447021484
2013-09-19,19.58142852783203
2013-09-20,19.474288940429688
2013-09-23,19.393199920654297
2013-09-24,19.515661239624023
2013-09-25,19.536027908325195
2013-09-26,19.524389266967773
2013-09-27,19.36731719970703
2013-09-30,19.38766860961914
2013-10-01,19.57383918762207
2013-10-02,19.538936614990234
2013-10-03,19.489482879638672
2013-10-04,19.637832641601562
2013-10-07,19.538936614990234
2013-10-08,19.22768783569336
2013-10-09,19.157869338989258
2013-10-10,19.585481643676758
2013-10-11,19.623291015625
2013-10-14,19.7774658203125
2013-10-15,19.600021362304688
2013-10-16,19.786191940307617
2013-10-17,19.931631088256836
2013-10-18,19.98690414428711
2013-10-21,20.03635597229004
2013-10-22,19.989805221557617
2013-10-23,19.329496383666992
2013-10-24,19.501123428344727
2013-10-25,19.562210083007812
2013-10-28,19.696012496948242
2013-10-29,20.01307487487793
2013-10-30,19.902549743652344
2013-10-31,20.033437728881836
2013-11-01,19.94618034362793
2013-11-04,19.931631088256836
2013-11-05,19.88509178161621
2013-11-06,19.925813674926758
2013-11-07,19.57383918762207
2013-11-08,19.786191940307617
2013-11-11,19.786191940307617
2013-11-12,19.90836524963379
2013-11-13,20.068347930908203
2013-11-14,19.98399543762207
2013-11-15,20.11198616027832
2013-11-18,19.931631088256836
2013-11-19,19.701833724975586
2013-11-20,19.59711265563965
2013-11-21,19.95199203491211
2013-11-22,19.978174209594727
2013-11-25,19.95199203491211
2013-11-26,20.12070655822754
2013-11-27,20.175979614257812
2013-11-29,20.207975387573242
2013-12-02,20.158533096313477
2013-12-03,20.228342056274414
2013-12-04,20.13526153564453
2013-12-05,20.175979614257812
2013-12-06,20.411598205566406
2013-12-09,20.45813751220703
2013-12-10,20.40286636352539
2013-12-11,20.225425720214844
2013-12-12,20.059621810913086
2013-12-13,20.018898010253906
2013-12-16,20.266155242919922
2013-12-17,20.47850799560547
2013-12-18,20.58612823486328
2013-12-19,20.50177764892578
2013-12-20,20.685026168823242
2013-12-23,20.839406967163086
2013-12-24,20.886098861694336
2013-12-26,20.96781349182129
2013-12-27,20.98532485961914
2013-12-30,21.02034568786621
2013-12-31,21.218786239624023
2014-01-02,20.92695426940918
2014-01-03,20.86566734313965
2014-01-06,20.763538360595703
2014-01-07,20.906526565551758
2014-01-08,21.218786239624023
2014-01-09,21.06119728088379
2014-01-10,21.15749740600586
2014-01-13,20.91819953918457
2014-01-14,21.367610931396484
2014-01-15,21.557302474975586
2014-01-16,21.446413040161133
2014-01-17,21.329675674438477
2014-01-21,21.446413040161133
2014-01-22,21.67695426940918
2014-01-23,21.46100425720215
2014-01-24,20.961977005004883
2014-01-27,20.816059112548828
2014-01-28,20.90069007873535
2014-01-29,20.821897506713867
2014-01-30,21.08454132080078
2014-01-31,20.98824119567871
2014-02-03,20.518396377563477
2014-02-04,20.553424835205078
2014-02-05,20.57968521118164
2014-02-06,20.906526565551758
2014-02-07,21.236295700073242
2014-02-10,21.34427261352539
2014-02-11,21.62442970275879
2014-02-12,21.814109802246094
2014-02-13,22.06216812133789
2014-02-14,22.205162048339844
2014-02-18,22.263526916503906
2014-02-19,22.24309730529785
2014-02-20,22.394847869873047
2014-02-21,22.298547744750977
2014-02-24,22.386098861694336
2014-02-25,22.26643943786621
2014-02-26,22.418195724487305
2014-02-27,22.415279388427734
2014-02-28,22.397768020629883
2014-03-03,22.2576904296875
2014-03-04,22.651657104492188
2014-03-05,22.6954345703125
2014-03-06,22.8530216217041
2014-03-07,22.826749801635742
2014-03-10,22.788818359375
2014-03-11,22.663328170776367
2014-03-12,22.84426498413086
2014-03-13,22.473649978637695
2014-03-14,22.345233917236328
2014-03-17,22.622474670410156
2014-03-18,22.949317932128906
2014-03-19,22.92889404296875
2014-03-20,23.35204315185547
2014-03-21,23.147762298583984
2014-03-24,23.05437660217285
2014-03-25,23.22672462463379
2014-03-26,22.9633846282959
2014-03-27,22.793670654296875
2014-03-28,22.942901611328125
2014-03-31,23.317428588867188
2014-04-01,23.68902587890625
2014-04-02,23.653921127319336
2014-04-03,23.68902587890625
2014-04-04,23.01898193359375
2014-04-07,22.811227798461914
2014-04-08,23.109683990478516
2014-04-09,23.352537155151367
2014-04-10,22.62981414794922
2014-04-11,22.2757625579834
2014-04-14,22.454256057739258
2014-04-15,22.60055160522461
2014-04-16,22.562517166137695
2014-04-17,22.986791610717773
2014-04-21,23.194528579711914
2014-04-22,23.402280807495117
2014-04-23,23.381803512573242
2014-04-24,23.51347541809082
2014-04-25,22.743928909301758
2014-04-28,22.61518669128418
2014-04-29,22.770259857177734
2014-04-30,22.884376525878906
2014-05-01,22.811227798461914
2014-05-02,22.890230178833008
2014-05-05,22.910715103149414
2014-05-06,22.822933197021484
2014-05-07,22.831710815429688
2014-05-08,22.989709854125977
2014-05-09,22.916561126708984
2014-05-12,23.334976196289062
2014-05-13,23.150644302368164
2014-05-14,22.95752716064453
2014-05-15,22.688335418701172
2014-05-16,22.93997573852539
2014-05-19,23.17112922668457
2014-05-20,23.05994415283203
2014-05-21,23.17112922668457
2014-05-22,23.276466369628906
2014-05-23,23.498842239379883
2014-05-27,23.788515090942383
2014-05-28,23.823625564575195
2014-05-29,23.867523193359375
2014-05-30,23.896785736083984
2014-06-02,24.028453826904297
2014-06-03,24.25375747680664
2014-06-04,24.36202049255371
2014-06-05,24.481990814208984
2014-06-06,24.6253604888916
2014-06-09,24.648761749267578
2014-06-10,24.721921920776367
2014-06-11,24.850664138793945
2014-06-12,24.765806198120117
2014-06-13,25.008663177490234
2014-06-16,25.15789222717285
2014-06-17,25.342235565185547
2014-06-18,25.236906051635742
2014-06-19,25.272014617919922
2014-06-20,25.34808349609375
2014-06-23,25.254451751708984
2014-06-24,25.049644470214844
2014-06-25,25.155277252197266
2014-06-26,25.043771743774414
2014-06-27,25.0760555267334
2014-06-30,25.351863861083984
2014-07-01,25.698116302490234
2014-07-02,25.76559829711914
2014-07-03,25.92698097229004
2014-07-07,25.753864288330078
2014-07-08,25.615947723388672
2014-07-09,25.771469116210938
2014-07-10,25.654098510742188
2014-07-11,25.651161193847656
2014-07-14,25.777334213256836
2014-07-15,25.70104217529297
2014-07-16,26.000341415405273
2014-07-17,25.32839012145996
2014-07-18,25.659961700439453
2014-07-21,25.73625946044922
2014-07-22,25.90350914001465
2014-07-23,25.310792922973633
2014-07-24,25.0760555267334
2014-07-25,24.580163955688477
2014-07-28,24.556692123413086
2014-07-29,24.51267433166504
2014-07-30,24.750350952148438
2014-07-31,24.24858856201172
2014-08-01,24.327816009521484
2014-08-04,24.433452606201172
2014-08-05,24.17523956298828
2014-08-06,24.25446319580078
2014-08-07,23.92876434326172
2014-08-08,24.225122451782227
2014-08-11,24.445194244384766
2014-08-12,24.427576065063477
2014-08-13,24.659391403198242
2014-08-14,24.706331253051758
2014-08-15,24.967487335205078
2014-08-18,25.064319610595703
2014-08-19,25.24329948425293
2014-08-20,25.45456886291504
2014-08-21,25.5513973236084
2014-08-22,25.56900405883789
2014-08-25,25.478046417236328
2014-08-26,25.480974197387695
2014-08-27,25.527923583984375
2014-08-28,25.61008644104004
2014-08-29,25.803741455078125
2014-09-02,25.686376571655273
2014-09-03,25.75679588317871
2014-09-04,25.830158233642578
2014-09-05,26.044349670410156
2014-09-08,26.10890769958496
2014-09-09,25.868289947509766
2014-09-10,25.859493255615234
2014-09-11,25.92698097229004
2014-09-12,25.604215621948242
2014-09-15,25.290252685546875
2014-09-16,25.730390548706055
2014-09-17,25.91524887084961
2014-09-18,26.311376571655273
2014-09-19,25.98272705078125
2014-09-22,25.668764114379883
2014-09-23,25.586610794067383
2014-09-24,25.90732765197754
2014-09-25,25.433610916137695
2014-09-26,25.73373031616211
2014-09-29,25.76609230041504
2014-09-30,25.554244995117188
2014-10-01,24.930461883544922
2014-10-02,24.777467727661133
2014-10-03,24.93341827392578
2014-10-06,24.715673446655273
2014-10-07,24.244905471801758
2014-10-08,24.79217529296875
2014-10-09,24.121322631835938
2014-10-10,22.458904266357422
2014-10-13,21.98224639892578
2014-10-14,22.37944984436035
2014-10-15,22.48537826538086
2014-10-16,22.832582473754883
2014-10-17,23.00029182434082
2014-10-20,23.36513900756836
2014-10-21,24.227252960205078
2014-10-22,23.880054473876953
2014-10-23,24.224302291870117
2014-10-24,24.465578079223633
2014-10-27,24.5803279876709
2014-10-28,24.930461883544922
2014-10-29,24.980485916137695
2014-10-30,24.677425384521484
2014-10-31,25.64251136779785
2014-11-03,25.819055557250977
2014-11-04,25.724903106689453
2014-11-05,25.983827590942383
2014-11-06,25.760196685791016
2014-11-07,25.52776336669922
2014-11-10,25.7160701751709
2014-11-11,25.666051864624023
2014-11-12,25.627805709838867
2014-11-13,25.6307430267334
2014-11-14,25.854366302490234
2014-11-17,25.736671447753906
2014-11-18,26.23981285095215
2014-11-19,26.060325622558594
2014-11-20,26.298656463623047
2014-11-21,26.58700180053711
2014-11-24,26.842988967895508
2014-11-25,26.848880767822266
2014-11-26,27.416744232177734
2014-11-28,27.493244171142578
2014-12-01,27.146053314208984
2014-12-02,27.31671714782715
2014-12-03,27.89046287536621
2014-12-04,27.91400146484375
2014-12-05,28.19352912902832
2014-12-08,27.796314239501953
2014-12-09,27.79336929321289
2014-12-10,27.26374626159668
2014-12-11,27.393203735351562
2014-12-12,26.940088272094727
2014-12-15,26.68998908996582
2014-12-16,26.5075626373291
2014-12-17,27.0783748626709
2014-12-18,27.593280792236328
2014-12-19,27.596233367919922
2014-12-22,27.934600830078125
2014-12-23,27.87281036376953
2014-12-24,27.914630889892578
2014-12-26,27.950227737426758
2014-12-29,27.870141983032227
2014-12-30,27.695133209228516
2014-12-31,27.552757263183594
2015-01-02,27.52903175354004
2015-01-05,27.009960174560547
2015-01-06,26.407819747924805
2015-01-07,26.668842315673828
2015-01-08,27.460811614990234
2015-01-09,27.475643157958984
2015-01-12,26.947662353515625
2015-01-13,26.683671951293945
2015-01-14,26.532394409179688
2015-01-15,26.32179832458496
2015-01-16,26.60952377319336
2015-01-20,26.885372161865234
2015-01-21,27.190885543823242
2015-01-22,27.35403060913086
2015-01-23,27.2828426361084
2015-01-26,27.333267211914062
2015-01-27,26.846811294555664
2015-01-28,26.71925926208496
2015-01-29,26.7370662689209
2015-01-30,26.212047576904297
2015-02-02,26.2802677154541
2015-02-03,26.745962142944336
2015-02-04,26.846811294555664
2015-02-05,27.107833862304688
2015-02-06,26.959524154663086
2015-02-09,26.674779891967773
2015-02-10,27.576492309570312
2015-02-11,27.66547393798828
2015-02-12,28.10743522644043
2015-02-13,28.30617332458496
2015-02-17,28.395156860351562
2015-02-18,28.320999145507812
2015-02-19,28.398120880126953
2015-02-20,28.56719207763672
2015-02-23,28.389225006103516
2015-02-24,28.76889419555664
2015-02-25,28.620586395263672
2015-02-26,28.816349029541016
2015-02-27,28.730335235595703
2015-03-02,29.51932716369629
2015-03-03,28.973560333251953
2015-03-04,28.934999465942383
2015-03-05,28.95279884338379
2015-03-06,28.653213500976562
2015-03-09,28.74219512939453
2015-03-10,28.211254119873047
2015-03-11,28.273544311523438
2015-03-12,28.2646484375
2015-03-13,28.454477310180664
2015-03-16,28.887535095214844
2015-03-17,28.67694091796875
2015-03-18,28.8905029296875
2015-03-19,28.955760955810547
2015-03-20,29.365089416503906
2015-03-23,29.121868133544922
2015-03-24,28.872697830200195
2015-03-25,27.531099319458008
2015-03-26,27.15338706970215
2015-03-27,27.923675537109375
2015-03-30,28.280561447143555
2015-03-31,27.962339401245117
2015-04-01,27.78092384338379
2015-04-02,27.718467712402344
2015-04-06,27.84039878845215
2015-04-07,27.8523006439209
2015-04-08,28.0158748626709
2015-04-09,28.381685256958008
2015-04-10,28.497671127319336
2015-04-13,28.328155517578125
2015-04-14,28.0396671295166
2015-04-15,28.506601333618164
2015-04-16,28.38465690612793
2015-04-17,27.980180740356445
2015-04-20,28.218111038208008
2015-04-21,28.41142463684082
2015-04-22,28.812925338745117
2015-04-23,28.36681365966797
2015-04-24,27.899883270263672
2015-04-27,27.971261978149414
2015-04-28,27.998029708862305
2015-04-29,27.84337615966797
2015-04-30,27.602479934692383
2015-05-01,28.369789123535156
2015-05-04,28.313283920288086
2015-05-05,27.697650909423828
2015-05-06,27.664932250976562
2015-05-07,27.968284606933594
2015-05-08,28.247854232788086
2015-05-11,28.265701293945312
2015-05-12,28.009925842285156
2015-05-13,28.182424545288086
2015-05-14,28.51849365234375
2015-05-15,28.566078186035156
2015-05-18,28.845643997192383
2015-05-19,28.741544723510742
2015-05-20,28.804004669189453
2015-05-21,28.949726104736328
2015-05-22,29.00921058654785
2015-05-26,28.786157608032227
2015-05-27,29.916305541992188
2015-05-28,29.946054458618164
2015-05-29,30.059064865112305
2015-06-01,30.076921463012695
2015-06-02,29.74083709716797
2015-06-03,29.53860092163086
2015-06-04,29.270944595336914
2015-06-05,29.273908615112305
2015-06-08,28.72370719909668
2015-06-09,28.705854415893555
2015-06-10,29.06275177001953
2015-06-11,29.0538272857666
2015-06-12,28.7921085357666
2015-06-15,28.732629776000977
2015-06-16,28.812925338745117
2015-06-17,28.83672523498535
2015-06-18,29.244171142578125
2015-06-19,29.098432540893555
2015-06-22,29.345287322998047
2015-06-23,29.199560165405273
2015-06-24,28.890933990478516
2015-06-25,28.870067596435547
2015-06-26,28.151445388793945
2015-06-29,27.361263275146484
2015-06-30,27.459659576416016
2015-07-01,27.525270462036133
2015-07-02,27.653478622436523
2015-07-06,27.25093650817871
2015-07-07,27.164459228515625
2015-07-08,26.43093490600586
2015-07-09,26.09398078918457
2015-07-10,26.577041625976562
2015-07-13,26.800678253173828
2015-07-14,27.080970764160156
2015-07-15,26.919954299926758
2015-07-16,26.97063636779785
2015-07-17,26.913986206054688
2015-07-20,26.729106903076172
2015-07-21,26.735078811645508
2015-07-22,26.07012939453125
2015-07-23,26.457767486572266
2015-07-24,25.9269962310791
2015-07-27,25.73616600036621
2015-07-28,26.27289390563965
2015-07-29,26.305692672729492
2015-07-30,26.41005516052246
2015-07-31,26.102928161621094
2015-08-03,26.01943588256836
2015-08-04,25.730201721191406
2015-08-05,26.055219650268555
2015-08-06,25.590051651000977
2015-08-07,25.73616600036621
2015-08-10,26.374271392822266
2015-08-11,25.780899047851562
2015-08-12,25.929981231689453
2015-08-13,25.72125244140625
2015-08-14,25.509546279907227
2015-08-17,25.72722053527832
2015-08-18,25.241186141967773
2015-08-19,25.01456642150879
2015-08-20,24.075284957885742
2015-08-21,23.416303634643555
2015-08-24,22.891498565673828
2015-08-25,22.664880752563477
2015-08-26,23.794992446899414
2015-08-27,24.680601119995117
2015-08-28,24.82372283935547
2015-08-31,24.755146026611328
2015-09-01,23.881458282470703
2015-09-02,24.45099639892578
2015-09-03,24.641834259033203
2015-09-04,24.215429306030273
2015-09-08,25.28889274597168
2015-09-09,24.82372283935547
2015-09-10,24.934051513671875
2015-09-11,24.948957443237305
2015-09-14,25.005615234375
2015-09-15,25.324670791625977
2015-09-16,25.378347396850586
2015-09-17,25.17557716369629
2015-09-18,24.737255096435547
2015-09-21,24.662704467773438
2015-09-22,24.12001609802246
2015-09-23,23.941102981567383
2015-09-24,23.893394470214844
2015-09-25,24.024730682373047
2015-09-28,23.359050750732422
2015-09-29,23.514972686767578
2015-09-30,24.426542282104492
2015-10-01,24.135677337646484
2015-10-02,24.63944435119629
2015-10-05,25.119216918945312
2015-10-06,25.20018196105957
2015-10-07,25.533021926879883
2015-10-08,25.700946807861328
2015-10-09,25.542020797729492
2015-10-12,25.542020797729492
2015-10-13,25.227169036865234
2015-10-14,26.14474105834961
2015-10-15,26.3906192779541
2015-10-16,26.450590133666992
2015-10-19,26.441600799560547
2015-10-20,26.417606353759766
2015-10-21,26.456594467163086
2015-10-22,27.374156951904297
2015-10-23,27.707000732421875
2015-10-26,27.209247589111328
2015-10-27,26.97235107421875
2015-10-28,27.371166229248047
2015-10-29,26.636510848999023
2015-10-30,26.84940528869629
2015-11-02,27.086299896240234
2015-11-03,27.22722816467285
2015-11-04,27.305192947387695
2015-11-05,26.732471466064453
2015-11-06,27.440134048461914
2015-11-09,27.17325210571289
2015-11-10,26.678483963012695
2015-11-11,26.699478149414062
2015-11-12,26.35464096069336
2015-11-13,26.11775016784668
2015-11-16,26.438602447509766
2015-11-17,26.615522384643555
2015-11-18,26.879390716552734
2015-11-19,26.942359924316406
2015-11-20,27.029319763183594
2015-11-23,26.705480575561523
2015-11-24,27.020326614379883
2015-11-25,27.059303283691406
2015-11-27,27.176254272460938
2015-11-30,27.47011375427246
2015-12-01,27.895919799804688
2015-12-02,27.763978958129883
2015-12-03,27.596054077148438
2015-12-04,28.072832107543945
2015-12-07,27.844947814941406
2015-12-08,27.608051300048828
2015-12-09,27.248220443725586
2015-12-10,27.380155563354492
2015-12-11,26.867395401000977
2015-12-14,26.693477630615234
2015-12-15,27.09529685974121
2015-12-16,27.299198150634766
2015-12-17,26.92437744140625
2015-12-18,26.612516403198242
2015-12-21,27.06830596923828
2015-12-22,27.110292434692383
2015-12-23,27.299198150634766
2015-12-24,27.408279418945312
2015-12-28,27.30009651184082
2015-12-29,27.61862564086914
2015-12-30,27.36920738220215
2015-12-31,26.996597290039062
2016-01-04,26.68408203125
2016-01-05,26.431663513183594
2016-01-06,25.518157958984375
2016-01-07,24.8029727935791
2016-01-08,24.44538116455078
2016-01-11,24.529518127441406
2016-01-12,24.733856201171875
2016-01-13,23.946557998657227
2016-01-14,24.43937110900879
2016-01-15,23.336549758911133
2016-01-19,23.37561798095703
2016-01-20,23.52886390686035
2016-01-21,23.877443313598633
2016-01-22,24.313161849975586
2016-01-25,23.97661018371582
2016-01-26,24.198970794677734
2016-01-27,23.922521591186523
2016-01-28,23.86843490600586
2016-01-29,24.950214385986328
2016-02-01,25.0614070892334
2016-02-02,24.235036849975586
2016-02-03,24.292129516601562
2016-02-04,24.71282386779785
2016-02-05,23.86543083190918
2016-02-08,23.26443862915039
2016-02-09,23.13220977783203
2016-02-10,22.95191192626953
2016-02-11,22.774627685546875
2016-02-12,23.273447036743164
2016-02-16,24.090803146362305
2016-02-17,24.664749145507812
2016-02-18,24.547557830810547
2016-02-19,24.655731201171875
2016-02-22,25.043367385864258
2016-02-23,24.649723052978516
2016-02-24,24.977262496948242
2016-02-25,25.280757904052734
2016-02-26,25.443031311035156
2016-02-29,25.382932662963867
2016-03-01,26.068056106567383
2016-03-02,26.230329513549805
2016-03-03,26.2603759765625
2016-03-04,26.530824661254883
2016-03-07,26.65102195739746
2016-03-08,26.047021865844727
2016-03-09,26.230329513549805
2016-03-10,26.362552642822266
2016-03-11,26.864377975463867
2016-03-14,26.80126953125
2016-03-15,26.732162475585938
2016-03-16,26.972551345825195
2016-03-17,27.15886688232422
2016-03-18,27.516454696655273
2016-03-21,27.55251693725586
2016-03-22,27.546499252319336
2016-03-23,27.186630249023438
2016-03-24,27.168546676635742
2016-03-28,27.153478622436523
2016-03-29,27.5272159576416
2016-03-30,27.768329620361328
2016-03-31,27.614625930786133
2016-04-01,27.80451011657715
2016-04-04,27.55735969543457
2016-04-05,27.403636932373047
2016-04-06,27.665861129760742
2016-04-07,27.243900299072266
2016-04-08,27.370487213134766
2016-04-11,27.364452362060547
2016-04-12,27.325273513793945
2016-04-13,27.937129974365234
2016-04-14,27.723129272460938
2016-04-15,27.485021591186523
2016-04-18,27.488033294677734
2016-04-19,27.153478622436523
2016-04-20,27.41267967224121
2016-04-21,27.24991798400879
2016-04-22,27.29815101623535
2016-04-25,27.135393142700195
2016-04-26,27.4970760345459
2016-04-27,27.777379989624023
2016-04-28,27.05099868774414
2016-04-29,26.336671829223633
2016-05-02,26.535598754882812
2016-05-03,26.23418426513672
2016-05-04,25.935800552368164
2016-05-05,25.999099731445312
2016-05-06,26.03526496887207
2016-05-09,26.00211524963379
2016-05-10,26.309547424316406
2016-05-11,26.246252059936523
2016-05-12,25.776060104370117
2016-05-13,25.869491577148438
2016-05-16,26.285436630249023
2016-05-17,26.113628387451172
2016-05-18,26.520524978637695
2016-05-19,26.37284278869629
2016-05-20,27.17155647277832
2016-05-23,27.361446380615234
2016-05-24,28.02151870727539
2016-05-25,28.187292098999023
2016-05-26,28.280717849731445
2016-05-27,28.45855140686035
2016-05-31,28.62432289123535
2016-06-01,28.7750244140625
2016-06-02,28.781055450439453
2016-06-03,28.865447998046875
2016-06-06,28.799142837524414
2016-06-07,29.073415756225586
2016-06-08,29.06136131286621
2016-06-09,29.094518661499023
2016-06-10,28.61829948425293
2016-06-13,28.47061538696289
2016-06-14,28.461566925048828
2016-06-15,28.45855140686035
2016-06-16,28.45553970336914
2016-06-17,28.214414596557617
2016-06-20,28.527875900268555
2016-06-21,28.618282318115234
2016-06-22,28.591064453125
2016-06-23,29.304636001586914
2016-06-24,27.7142276763916
2016-06-27,26.589454650878906
2016-06-28,27.284881591796875
2016-06-29,27.835176467895508
2016-06-30,28.312902450561523
2016-07-01,28.080080032348633
2016-07-05,27.566070556640625
2016-07-06,27.602357864379883
2016-07-07,27.937978744506836
2016-07-08,28.71503448486328
2016-07-11,29.03856086730957
2016-07-12,29.416507720947266
2016-07-13,29.452796936035156
2016-07-14,29.66746711730957
2016-07-15,29.658403396606445
2016-07-18,30.093788146972656
2016-07-19,29.990995407104492
2016-07-20,30.46569061279297
2016-07-21,30.251022338867188
2016-07-22,30.402196884155273
2016-07-25,30.577571868896484
2016-07-26,31.762821197509766
2016-07-27,31.759798049926758
2016-07-28,31.58443260192871
2016-07-29,31.445343017578125
2016-08-01,31.46953582763672
2016-08-02,30.98575782775879
2016-08-03,31.025060653686523
2016-08-04,31.31533432006836
2016-08-05,31.71444320678711
2016-08-08,31.678157806396484
2016-08-09,31.935157775878906
2016-08-10,31.71746826171875
2016-08-11,31.838417053222656
2016-08-12,31.986562728881836
2016-08-15,32.42195510864258
2016-08-16,32.19517517089844
2016-08-17,32.189144134521484
2016-08-18,32.42195510864258
2016-08-19,32.70013427734375
2016-08-22,32.71525192260742
2016-08-23,32.87549591064453
2016-08-24,32.60337448120117
2016-08-25,32.736427307128906
2016-08-26,32.88154602050781
2016-08-29,33.011566162109375
2016-08-30,32.94805908203125
2016-08-31,32.92689895629883
2016-09-01,33.186912536621094
2016-09-02,33.1536750793457
2016-09-06,33.07807922363281
2016-09-07,32.827117919921875
2016-09-08,32.76966857910156
2016-09-09,31.605594635009766
2016-09-12,32.19517517089844
2016-09-13,31.910972595214844
2016-09-14,32.19216537475586
2016-09-15,32.93595886230469
2016-09-16,32.94504165649414
2016-09-19,32.984352111816406
2016-09-20,32.83619689941406
2016-09-21,33.28974914550781
2016-09-22,33.398590087890625
2016-09-23,33.056907653808594
2016-09-26,32.73112869262695
2016-09-27,33.29587173461914
2016-09-28,33.36267852783203
2016-09-29,33.77256393432617
2016-09-30,34.306949615478516
2016-10-03,34.07619857788086
2016-10-04,33.9881477355957
2016-10-05,34.23711013793945
2016-10-06,34.43752670288086
2016-10-07,34.385887145996094
2016-10-10,34.21282196044922
2016-10-11,33.49625778198242
2016-10-12,33.383934020996094
2016-10-13,32.98920822143555
2016-10-14,33.23817825317383
2016-10-17,33.06510925292969
2016-10-18,33.44767761230469
2016-10-19,33.308013916015625
2016-10-20,33.54180908203125
2016-10-21,33.45679473876953
2016-10-24,34.07012176513672
2016-10-25,34.039772033691406
2016-10-26,33.99117660522461
2016-10-27,33.83328628540039
2016-10-28,33.62984848022461
2016-10-31,33.812042236328125
2016-11-01,33.51145553588867
2016-11-02,33.28980255126953
2016-11-03,33.23211669921875
2016-11-04,33.02259826660156
2016-11-07,33.95170211791992
2016-11-08,34.02153396606445
2016-11-09,33.86062240600586
2016-11-10,33.128883361816406
2016-11-11,34.398040771484375
2016-11-14,34.21890640258789
2016-11-15,34.85955810546875
2016-11-16,35.26034164428711
2016-11-17,35.6398811340332
2016-11-18,35.89797592163086
2016-11-21,36.137821197509766
2016-11-22,36.523433685302734
2016-11-23,36.568992614746094
2016-11-25,36.632728576660156
2016-11-28,36.523433685302734
2016-11-29,36.456642150878906
2016-11-30,36.24712371826172
2016-12-01,34.476985931396484
2016-12-02,34.90206527709961
2016-12-05,35.32713317871094
2016-12-06,35.815982818603516
2016-12-07,36.55380630493164
2016-12-08,36.87260055541992
2016-12-09,36.74811553955078
2016-12-12,36.459678649902344
2016-12-13,36.884761810302734
2016-12-14,36.85135269165039
2016-12-15,37.47985076904297
2016-12-16,37.10032272338867
2016-12-19,37.467716217041016
2016-12-20,37.82600021362305
2016-12-21,37.82600402832031
2016-12-22,38.008602142333984
2016-12-23,38.203372955322266
2016-12-27,38.67509841918945
2016-12-28,37.94164276123047
2016-12-29,37.935550689697266
2016-12-30,37.348182678222656
2017-01-03,37.348182678222656
2017-01-04,37.451656341552734
2017-01-05,37.13211441040039
2017-01-06,37.427330017089844
2017-01-09,37.82295227050781
2017-01-10,38.00556945800781
2017-01-11,38.13642883300781
2017-01-12,37.81687545776367
2017-01-13,38.06338119506836
2017-01-17,37.451656341552734
2017-01-18,37.962955474853516
2017-01-19,37.79251480102539
2017-01-20,38.279457092285156
2017-01-23,38.04512023925781
2017-01-24,38.78160858154297
2017-01-25,39.35682678222656
2017-01-26,39.13466262817383
2017-01-27,39.6215934753418
2017-01-30,39.42378234863281
2017-01-31,38.91249084472656
2017-02-01,39.530277252197266
2017-02-02,39.51203536987305
2017-02-03,39.71592712402344
2017-02-06,39.855934143066406
2017-02-07,40.00200271606445
2017-02-08,40.07809829711914
2017-02-09,39.72809982299805
2017-02-10,39.703765869140625
2017-02-13,39.78593063354492
2017-02-14,39.67636489868164
2017-02-15,39.98374938964844
2017-02-16,40.04766082763672
2017-02-17,40.254615783691406
2017-02-21,40.8237190246582
2017-02-22,40.832855224609375
2017-02-23,40.16938781738281
2017-02-24,40.14200210571289
2017-02-27,40.52546691894531
2017-02-28,40.00810241699219
2017-03-01,40.631988525390625
2017-03-02,40.215030670166016
2017-03-03,40.19374465942383
2017-03-06,40.215030670166016
2017-03-07,40.30329132080078
2017-03-08,40.39765930175781
2017-03-09,40.47677230834961
2017-03-10,40.93935775756836
2017-03-13,41.24674987792969
2017-03-14,41.125003814697266
2017-03-15,41.45064926147461
2017-03-16,41.40803527832031
2017-03-17,41.49325942993164
2017-03-20,41.80064010620117
2017-03-21,40.820674896240234
2017-03-22,41.252845764160156
2017-03-23,41.161537170410156
2017-03-24,41.46147155761719
2017-03-27,41.52250289916992
2017-03-28,41.653709411621094
2017-03-29,41.55302429199219
2017-03-30,41.766605377197266
2017-03-31,41.7696647644043
2017-04-03,41.504188537597656
2017-04-04,41.29671096801758
2017-04-05,41.00988006591797
2017-04-06,41.07396697998047
2017-04-07,41.25092697143555
2017-04-10,40.9336051940918
2017-04-11,40.60404968261719
2017-04-12,39.905296325683594
2017-04-13,39.63983154296875
2017-04-17,40.13414764404297
2017-04-18,40.32027816772461
2017-04-19,40.53083419799805
2017-04-20,41.171600341796875
2017-04-21,40.99767303466797
2017-04-24,41.58657455444336
2017-04-25,42.01071548461914
2017-04-26,41.66590881347656
2017-04-27,42.25177001953125
2017-04-28,41.53165054321289
2017-05-01,41.94358444213867
2017-05-02,41.50114059448242
2017-05-03,41.64456558227539
2017-05-04,41.614044189453125
2017-05-05,41.778812408447266
2017-05-08,41.614044189453125
2017-05-09,42.025970458984375
2017-05-10,42.91696548461914
2017-05-11,43.07258605957031
2017-05-12,43.19462966918945
2017-05-15,43.86287307739258
2017-05-16,44.491451263427734
2017-05-17,42.57215881347656
2017-05-18,43.36549758911133
2017-05-19,43.844566345214844
2017-05-22,44.32362747192383
2017-05-23,44.14665222167969
2017-05-24,44.43346405029297
2017-05-25,44.659271240234375
2017-05-26,44.86370849609375
2017-05-30,45.162750244140625
2017-05-31,45.15664291381836
2017-06-01,45.20240783691406
2017-06-02,45.663150787353516
2017-06-05,45.77301025390625
2017-06-06,45.92251968383789
2017-06-07,46.26425552368164
2017-06-08,47.10948944091797
2017-06-09,45.12916946411133
2017-06-12,44.86981201171875
2017-06-13,45.174949645996094
2017-06-14,44.70198440551758
2017-06-15,44.34804153442383
2017-06-16,44.17107009887695
2017-06-19,45.01016616821289
2017-06-20,44.5036506652832
2017-06-21,45.019325256347656
2017-06-22,44.91558074951172
2017-06-23,45.04983901977539
2017-06-26,44.662322998046875
2017-06-27,43.4693717956543
2017-06-28,44.22184753417969
2017-06-29,43.120670318603516
2017-06-30,42.88512420654297
2017-07-03,42.297828674316406
2017-07-05,43.16347885131836
2017-07-06,42.97383499145508
2017-07-07,43.698787689208984
2017-07-10,44.203487396240234
2017-07-11,44.570560455322266
2017-07-12,45.283267974853516
2017-07-13,45.142578125
2017-07-14,45.74821472167969
2017-07-17,45.5616340637207
2017-07-18,45.702335357666016
2017-07-19,46.12444305419922
2017-07-20,46.25904083251953
2017-07-21,45.864444732666016
2017-07-24,45.72679901123047
2017-07-25,45.687042236328125
2017-07-26,46.188690185546875
2017-07-27,45.48516082763672
2017-07-28,45.310794830322266
2017-07-31,44.95902633666992
2017-08-01,45.23738479614258
2017-08-02,44.91009521484375
2017-08-03,44.741851806640625
2017-08-04,44.76020050048828
2017-08-07,45.531044006347656
2017-08-08,45.399505615234375
2017-08-09,45.2465705871582
2017-08-10,43.983253479003906
2017-08-11,44.231021881103516
2017-08-14,45.35667419433594
2017-08-15,45.46986389160156
2017-08-16,45.54327392578125
2017-08-17,44.393131256103516
2017-08-18,44.46043395996094
2017-08-21,44.13008499145508
2017-08-22,44.858097076416016
2017-08-23,45.047725677490234
2017-08-24,45.05386734008789
2017-08-25,44.836673736572266
2017-08-28,44.971275329589844
2017-08-29,45.04160690307617
2017-08-30,45.81245422363281
2017-08-31,46.265159606933594
2017-09-01,46.467037200927734
2017-09-05,45.830806732177734
2017-09-06,45.904205322265625
2017-09-07,45.983741760253906
2017-09-08,45.44233703613281
2017-09-11,46.307979583740234
2017-09-12,46.5159797668457
2017-09-13,46.607749938964844
2017-09-14,46.79127883911133
2017-09-15,47.60798645019531
2017-09-18,48.23200988769531
2017-09-19,48.38494873046875
2017-09-20,47.7181282043457
2017-09-21,47.5131721496582
2017-09-22,47.754817962646484
2017-09-25,46.8341064453125
2017-09-26,46.7601432800293
2017-09-27,47.89256286621094
2017-09-28,48.2454719543457
2017-09-29,48.66282653808594
2017-10-02,48.98813247680664
2017-10-03,49.123165130615234
2017-10-04,49.2367057800293
2017-10-05,49.2796745300293
2017-10-06,49.47300338745117
2017-10-09,49.850486755371094
2017-10-10,50.1297492980957
2017-10-11,50.47345733642578
2017-10-12,50.31388854980469
2017-10-13,50.6361083984375
2017-10-16,50.87548828125
2017-10-17,50.83251953125
2017-10-18,51.004371643066406
2017-10-19,50.87548828125
2017-10-20,51.1363410949707
2017-10-23,51.387977600097656
2017-10-24,51.747039794921875
2017-10-25,51.068824768066406
2017-10-26,51.36957931518555
2017-10-27,52.44365692138672
2017-10-30,52.58481979370117
2017-10-31,53.005271911621094
2017-11-01,52.81193161010742
2017-11-02,53.07278060913086
2017-11-03,54.01185607910156
2017-11-06,54.776004791259766
2017-11-07,54.726890563964844
2017-11-08,54.90182113647461
2017-11-09,53.80317306518555
2017-11-10,54.15916061401367
2017-11-13,54.315677642822266
2017-11-14,54.266578674316406
2017-11-15,53.77861785888672
2017-11-16,54.57958984375
2017-11-17,54.34021759033203
2017-11-20,54.98774719238281
2017-11-21,55.61686325073242
2017-11-22,55.2792854309082
2017-11-24,55.77644348144531
2017-11-27,55.07674026489258
2017-11-28,55.10129165649414
2017-11-29,52.673828125
2017-11-30,52.95616149902344
2017-12-01,52.38227462768555
2017-12-04,51.12405776977539
2017-12-05,51.163963317871094
2017-12-06,51.329681396484375
2017-12-07,51.82989501953125
2017-12-08,51.562904357910156
2017-12-11,51.87286376953125
2017-12-12,51.36650466918945
2017-12-13,51.3572998046875
2017-12-14,51.30511474609375
2017-12-15,52.10916519165039
2017-12-18,53.226219177246094
2017-12-19,53.169960021972656
2017-12-20,53.55735397338867
2017-12-21,52.991634368896484
2017-12-22,52.96090316772461
2017-12-26,52.432090759277344
2017-12-27,52.6011848449707
2017-12-28,52.74876022338867
2017-12-29,52.2076416015625
2018-01-02,53.62498092651367
2018-01-03,54.56269073486328
2018-01-04,54.870147705078125
2018-01-05,55.18374252319336
2018-01-08,55.617244720458984
2018-01-09,55.06999588012695
2018-01-10,54.408966064453125
2018-01-11,54.73487854003906
2018-01-12,55.03002166748047
2018-01-16,55.21141052246094
2018-01-17,56.8132209777832
2018-01-18,57.06840133666992
2018-01-19,57.12681198120117
2018-01-22,57.551090240478516
2018-01-23,58.012245178222656
2018-01-24,56.68410110473633
2018-01-25,55.70026397705078
2018-01-26,57.480369567871094
2018-01-29,57.39735794067383
2018-01-30,56.25672912597656
2018-01-31,56.71482849121094
2018-02-01,56.435054779052734
2018-02-02,54.916259765625
2018-02-05,52.330631256103516
2018-02-06,54.22450256347656
2018-02-07,53.06235885620117
2018-02-08,50.8333625793457
2018-02-09,52.29680633544922
2018-02-12,53.30216598510742
2018-02-13,53.24068069458008
2018-02-14,54.488914489746094
2018-02-15,55.13761901855469
2018-02-16,54.94085693359375
2018-02-20,55.912391662597656
2018-02-21,55.269832611083984
2018-02-22,55.146846771240234
2018-02-23,56.327449798583984
2018-02-26,57.5418586730957
2018-02-27,57.351253509521484
2018-02-28,56.84088134765625
2018-03-01,55.943138122558594
2018-03-02,56.89314651489258
2018-03-05,57.403526306152344
2018-03-06,58.2674446105957
2018-03-07,58.45498275756836
2018-03-08,58.507259368896484
2018-03-09,59.7216796875
2018-03-12,60.355003356933594
2018-03-13,59.42344665527344
2018-03-14,59.417293548583984
2018-03-15,59.371177673339844
2018-03-16,59.346588134765625
2018-03-19,58.21517562866211
2018-03-20,58.64252471923828
2018-03-21,58.753204345703125
2018-03-22,57.20524978637695
2018-03-23,55.301475524902344
2018-03-26,57.60878372192383
2018-03-27,55.4893913269043
2018-03-28,54.28798294067383
2018-03-29,55.46474838256836
2018-04-02,53.34535217285156
2018-04-03,54.35576248168945
2018-04-04,55.0550422668457
2018-04-05,54.49131393432617
2018-04-06,52.843223571777344
2018-04-09,53.175933837890625
2018-04-10,54.87636184692383
2018-04-11,54.89794158935547
2018-04-12,55.93297576904297
2018-04-13,55.52020263671875
2018-04-16,55.6187744140625
2018-04-17,56.67232894897461
2018-04-18,56.114742279052734
2018-04-19,53.68729782104492
2018-04-20,53.05270767211914
2018-04-23,52.347259521484375
2018-04-24,51.92524719238281
2018-04-25,51.86055374145508
2018-04-26,52.92025375366211
2018-04-27,52.55059814453125
2018-04-30,51.97452926635742
2018-05-01,52.82782745361328
2018-05-02,52.59370803833008
2018-05-03,52.907920837402344
2018-05-04,54.149375915527344
2018-05-07,54.673065185546875
2018-05-08,54.996524810791016
2018-05-09,55.834407806396484
2018-05-10,56.85098648071289
2018-05-11,56.43510818481445
2018-05-14,57.125152587890625
2018-05-15,56.50598907470703
2018-05-16,57.23297119140625
2018-05-17,57.066619873046875
2018-05-18,56.25029754638672
2018-05-21,56.814022064208984
2018-05-22,57.13132858276367
2018-05-23,57.439361572265625
2018-05-24,57.67040252685547
2018-05-25,58.135555267333984
2018-05-29,57.78438949584961
2018-05-30,58.16020584106445
2018-05-31,57.73817825317383
2018-06-01,59.053558349609375
2018-06-04,59.521793365478516
2018-06-05,59.8051872253418
2018-06-06,60.184120178222656
2018-06-07,59.648101806640625
2018-06-08,59.11515808105469
2018-06-11,59.001197814941406
2018-06-12,59.306156158447266
2018-06-13,59.21683120727539
2018-06-14,59.57109451293945
2018-06-15,59.51871871948242
2018-06-18,58.94574737548828
2018-06-19,58.29883575439453
2018-06-20,58.57916259765625
2018-06-21,57.8521614074707
2018-06-22,57.393150329589844
2018-06-25,55.70503234863281
2018-06-26,55.902854919433594
2018-06-27,54.56749725341797
2018-06-28,54.98170852661133
2018-06-29,55.096073150634766
2018-07-02,55.442283630371094
2018-07-03,54.43148422241211
2018-07-05,55.88740539550781
2018-07-06,56.57364273071289
2018-07-09,56.93528747558594
2018-07-10,57.53805923461914
2018-07-11,56.060516357421875
2018-07-12,56.437625885009766
2018-07-13,56.23361587524414
2018-07-16,56.15632629394531
2018-07-17,56.96311950683594
2018-07-18,57.40205383300781
2018-07-19,57.27532958984375
2018-07-20,57.00639343261719
2018-07-23,57.08366775512695
2018-07-24,56.46236801147461
2018-07-25,56.67565155029297
2018-07-26,57.782283782958984
2018-07-27,57.525699615478516
2018-07-30,56.96311950683594
2018-07-31,57.340240478515625
2018-08-01,57.25676727294922
2018-08-02,57.819358825683594
2018-08-03,57.939910888671875
2018-08-06,58.289215087890625
2018-08-07,58.752872467041016
2018-08-08,58.888885498046875
2018-08-09,58.30775833129883
2018-08-10,56.86111068725586
2018-08-13,56.94456100463867
2018-08-14,56.8302001953125
2018-08-15,56.04196548461914
2018-08-16,55.970863342285156
2018-08-17,55.55358123779297
2018-08-20,55.50410079956055
2018-08-21,56.586002349853516
2018-08-22,56.851844787597656
2018-08-23,56.9167594909668
2018-08-24,57.74208068847656
2018-08-27,58.66014862060547
2018-08-28,58.88579177856445
2018-08-29,59.04035186767578
2018-08-30,58.51176834106445
2018-08-31,58.83015823364258
2018-09-04,59.30309295654297
2018-09-05,59.01561737060547
2018-09-06,57.45151901245117
2018-09-07,57.213497161865234
2018-09-10,57.819358825683594
2018-09-11,57.259864807128906
2018-09-12,56.59837341308594
2018-09-13,57.244415283203125
2018-09-14,57.887359619140625
2018-09-17,57.0805778503418
2018-09-18,57.57206726074219
2018-09-19,57.66170883178711
2018-09-20,58.36030578613281
2018-09-21,58.20265579223633
2018-09-24,58.403587341308594
2018-09-25,57.4731559753418
2018-09-26,56.87921142578125
2018-09-27,57.09344482421875
2018-09-28,57.45359802246094
2018-10-01,57.65229797363281
2018-10-02,57.65229797363281
2018-10-03,57.705081939697266
2018-10-04,56.68361282348633
2018-10-05,55.34236145019531
2018-10-08,54.724510192871094
2018-10-09,54.662410736083984
2018-10-10,52.25001525878906
2018-10-11,51.728416442871094
2018-10-12,52.669151306152344
2018-10-15,52.23760223388672
2018-10-16,53.93900680541992
2018-10-17,53.72477722167969
2018-10-18,52.38041305541992
2018-10-19,51.59491729736328
2018-10-22,51.91160202026367
2018-10-23,51.641475677490234
2018-10-24,48.254188537597656
2018-10-25,49.331539154052734
2018-10-26,48.474632263183594
2018-10-29,47.96855163574219
2018-10-30,49.96180725097656
2018-10-31,50.595176696777344
2018-11-01,52.970306396484375
2018-11-02,52.17239761352539
2018-11-05,51.69736862182617
2018-11-06,52.29969024658203
2018-11-07,52.8927001953125
2018-11-08,52.7498893737793
2018-11-09,51.74393844604492
2018-11-12,49.43399429321289
2018-11-13,50.11393356323242
2018-11-14,50.33437728881836
2018-11-15,52.035789489746094
2018-11-16,51.40863037109375
2018-11-19,49.443321228027344
2018-11-20,49.505401611328125
2018-11-21,49.71031188964844
2018-11-23,49.738258361816406
2018-11-26,50.638641357421875
2018-11-27,50.713157653808594
2018-11-28,51.89918518066406
2018-11-29,51.5203971862793
2018-11-30,52.23760223388672
2018-12-03,53.60989761352539
2018-12-04,51.045372009277344
2018-12-06,50.78457260131836
2018-12-07,48.89066696166992
2018-12-10,49.517822265625
2018-12-11,49.834510803222656
2018-12-12,50.54239273071289
2018-12-13,50.43683624267578
2018-12-14,49.72273254394531
2018-12-17,49.07838821411133
2018-12-18,49.725528717041016
2018-12-19,47.60982894897461
2018-12-20,47.28003692626953
2018-12-21,46.47728729248047
2018-12-24,45.11451721191406
2018-12-26,47.82139587402344
2018-12-27,48.1356315612793
2018-12-28,48.480987548828125
2018-12-31,48.820133209228516
2019-01-02,49.1343879699707
2019-01-03,46.268836975097656
2019-01-04,48.356544494628906
2019-01-07,49.24949645996094
2019-01-08,49.03481674194336
2019-01-09,50.29490661621094
2019-01-10,50.739837646484375
2019-01-11,51.2843132019043
2019-01-14,50.450477600097656
2019-01-15,50.596710205078125
2019-01-16,50.13313293457031
2019-01-17,50.596710205078125
2019-01-18,51.912818908691406
2019-01-22,50.41936492919922
2019-01-23,50.06467819213867
2019-01-24,52.97377395629883
2019-01-25,54.07209396362305
2019-01-28,53.0048942565918
2019-01-29,52.23950958251953
2019-01-30,53.75472640991211
2019-01-31,53.72983932495117
2019-02-01,54.37388229370117
2019-02-04,54.64768600463867
2019-02-05,54.8965950012207
2019-02-06,56.374481201171875
2019-02-07,55.151729583740234
2019-02-08,55.05527877807617
2019-02-11,55.32596969604492
2019-02-12,56.49583053588867
2019-02-13,56.6762809753418
2019-02-14,56.8287353515625
2019-02-15,57.12120819091797
2019-02-19,57.04343795776367
2019-02-20,57.52880096435547
2019-02-21,57.102535247802734
2019-02-22,57.715476989746094
2019-02-25,58.19150924682617
2019-02-26,57.82748794555664
2019-02-27,57.1336555480957
2019-02-28,57.167877197265625
2019-03-01,57.67502975463867
2019-03-04,57.681251525878906
2019-03-05,57.46035385131836
2019-03-06,56.511383056640625
2019-03-07,55.90156555175781
2019-03-08,55.851776123046875
2019-03-11,57.152320861816406
2019-03-12,57.36700439453125
2019-03-13,57.59724044799805
2019-03-14,57.28299331665039
2019-03-15,58.944454193115234
2019-03-18,58.85422897338867
2019-03-19,59.61649703979492
2019-03-20,59.05806350708008
2019-03-21,61.09841537475586
2019-03-22,59.376277923583984
2019-03-25,58.63376998901367
2019-03-26,59.19533157348633
2019-03-27,58.3654670715332
2019-03-28,58.26875686645508
2019-03-29,59.132938385009766
2019-04-01,60.608619689941406
2019-04-02,60.699073791503906
2019-04-03,62.04060745239258
2019-04-04,62.174766540527344
2019-04-05,62.6240119934082
2019-04-08,62.770633697509766
2019-04-09,62.11860656738281
2019-04-10,62.59905242919922
2019-04-11,62.546024322509766
2019-04-12,63.413307189941406
2019-04-15,62.94223403930664
2019-04-16,64.9576416015625
2019-04-17,66.0339584350586
2019-04-18,66.0433349609375
2019-04-22,65.993408203125
2019-04-23,66.67350769042969
2019-04-24,67.291259765625
2019-04-25,66.10885620117188
2019-04-26,65.56288146972656
2019-04-29,65.48487854003906
2019-04-30,66.00277709960938
2019-05-01,65.47552490234375
2019-05-02,66.10572814941406
2019-05-03,66.62361145019531
2019-05-06,65.53791809082031
2019-05-07,63.92498779296875
2019-05-08,63.378997802734375
2019-05-09,62.6801643371582
2019-05-10,62.770633697509766
2019-05-13,59.83489227294922
2019-05-14,61.21385955810547
2019-05-15,61.684940338134766
2019-05-16,60.71156311035156
2019-05-17,59.52914810180664
2019-05-20,57.154964447021484
2019-05-21,58.32489776611328
2019-05-22,57.09258270263672
2019-05-23,56.20343017578125
2019-05-24,55.713623046875
2019-05-28,55.23628616333008
2019-05-29,55.43595886230469
2019-05-30,55.9039306640625
2019-05-31,55.07093048095703
2019-06-03,55.20197296142578
2019-06-04,57.61671829223633
2019-06-05,57.2017707824707
2019-06-06,57.994205474853516
2019-06-07,58.64936828613281
2019-06-10,60.0782470703125
2019-06-11,60.3184700012207
2019-06-12,58.917667388916016
2019-06-13,59.201576232910156
2019-06-14,57.710304260253906
2019-06-17,57.2833251953125
2019-06-18,59.76123809814453
2019-06-19,59.880287170410156
2019-06-20,60.38463592529297
2019-06-21,60.040042877197266
2019-06-24,60.102691650390625
2019-06-25,59.27254867553711
2019-06-26,61.186580657958984
2019-06-27,62.076236724853516
2019-06-28,62.15456771850586
2019-07-01,63.720890045166016
2019-07-02,62.925193786621094
2019-07-03,62.63701629638672
2019-07-05,62.279884338378906
2019-07-08,61.79747772216797
2019-07-09,62.18275451660156
2019-07-10,62.68397521972656
2019-07-11,62.85940933227539
2019-07-12,64.00283813476562
2019-07-15,64.56356048583984
2019-07-16,63.87753677368164
2019-07-17,64.06861114501953
2019-07-18,64.99586486816406
2019-07-19,64.92068481445312
2019-07-22,66.16117858886719
2019-07-23,67.0101547241211
2019-07-24,69.0526123046875
2019-07-25,67.89353942871094
2019-07-26,67.8747329711914
2019-07-29,68.05956268310547
2019-07-30,67.90607452392578
2019-07-31,65.65373229980469
2019-08-01,64.3568115234375
2019-08-02,63.40761184692383
2019-08-05,60.669708251953125
2019-08-06,61.44345474243164
2019-08-07,61.83191680908203
2019-08-08,63.54545211791992
2019-08-09,62.436492919921875
2019-08-12,61.61888122558594
2019-08-13,63.43894958496094
2019-08-14,61.4873046875
2019-08-15,61.37453842163086
2019-08-16,63.009769439697266
2019-08-19,64.16886138916016
2019-08-20,63.930755615234375
2019-08-21,64.45394134521484
2019-08-22,64.45394134521484
2019-08-23,61.65334701538086
2019-08-26,62.176483154296875
2019-08-27,61.94468307495117
2019-08-28,62.33626174926758
2019-08-29,63.83367156982422
2019-08-30,64.1343994140625
2019-09-03,63.07870101928711
2019-09-04,64.77344512939453
2019-09-05,66.76579284667969
2019-09-06,66.94435119628906
2019-09-09,67.188720703125
2019-09-10,67.48944854736328
2019-09-11,68.50128173828125
2019-09-12,68.65478515625
2019-09-13,68.5169448852539
2019-09-16,68.07524108886719
2019-09-17,68.2256088256836
2019-09-18,68.35090637207031
2019-09-19,67.90294647216797
2019-09-20,66.65303039550781
2019-09-23,67.4393310546875
2019-09-24,66.3254165649414
2019-09-25,67.43617248535156
2019-09-26,67.52112579345703
2019-09-27,65.94149780273438
2019-09-30,66.52364349365234
2019-10-01,65.9006118774414
2019-10-02,64.937744140625
2019-10-03,66.07996368408203
2019-10-04,67.17814636230469
2019-10-07,66.78482055664062
2019-10-08,64.7174301147461
2019-10-09,65.77474212646484
2019-10-10,66.41666412353516
2019-10-11,67.98370361328125
2019-10-14,67.97425842285156
2019-10-15,69.46891021728516
2019-10-16,68.48403930664062
2019-10-17,68.60041809082031
2019-10-18,67.8735580444336
2019-10-21,69.21089172363281
2019-10-22,68.60671997070312
2019-10-23,67.28512573242188
2019-10-24,68.94971466064453
2019-10-25,70.39089965820312
2019-10-28,71.67156982421875
2019-10-29,70.92894744873047
2019-10-30,70.95415496826172
2019-10-31,70.5954360961914
2019-11-01,72.2159652709961
2019-11-04,73.82390594482422
2019-11-05,73.86482238769531
2019-11-06,73.37079620361328
2019-11-07,73.81446838378906
2019-11-08,74.18577575683594
2019-11-11,73.88054656982422
2019-11-12,74.03160858154297
2019-11-13,74.11024475097656
2019-11-14,73.86482238769531
2019-11-15,74.5413589477539
2019-11-18,74.37141418457031
2019-11-19,74.00011444091797
2019-11-20,73.12847900390625
2019-11-21,72.34811401367188
2019-11-22,72.2726058959961
2019-11-25,74.00641632080078
2019-11-26,73.72949981689453
2019-11-27,74.26126861572266
2019-11-29,73.46519470214844
2019-12-02,72.33552551269531
2019-12-03,71.21532440185547
2019-12-04,72.3418197631836
2019-12-05,72.70370483398438
2019-12-06,73.75467681884766
2019-12-09,73.4179916381836
2019-12-10,73.72949981689453
2019-12-11,75.23990631103516
2019-12-12,77.2789535522461
2019-12-13,76.93911743164062
2019-12-16,77.67550659179688
2019-12-17,78.02601623535156
2019-12-18,77.98494720458984
2019-12-19,78.61338806152344
2019-12-20,79.36177062988281
2019-12-23,79.61439514160156
2019-12-24,79.74386596679688
2019-12-26,79.83541870117188
2019-12-27,79.67755126953125
2019-12-30,79.07756042480469
2019-12-31,79.29228973388672
2020-01-02,80.93119049072266
2020-01-03,79.4217529296875
2020-01-06,78.59442901611328
2020-01-07,80.0406723022461
2020-01-08,79.96805572509766
2020-01-09,80.47333526611328
2020-01-10,80.00595092773438
2020-01-13,80.94065856933594
2020-01-14,81.11749267578125
2020-01-15,80.25859832763672
2020-01-16,81.52800750732422
2020-01-17,82.14064025878906
2020-01-21,82.09326171875
2020-01-22,82.64586639404297
2020-01-23,83.2711181640625
2020-01-24,82.38693237304688
2020-01-27,79.24177551269531
2020-01-28,81.07962036132812
2020-01-29,79.58911895751953
2020-01-30,79.59228515625
2020-01-31,76.75342559814453
2020-02-03,77.61233520507812
2020-02-04,80.03753662109375
2020-02-05,81.88168334960938
2020-02-06,81.92906951904297
2020-02-07,79.99649047851562
2020-02-10,81.11749267578125
2020-02-11,82.75638580322266
2020-02-12,84.03214263916016
2020-02-13,84.12059020996094
2020-02-14,83.83951568603516
2020-02-18,82.7627182006836
2020-02-19,84.85002899169922
2020-02-20,83.61848449707031
2020-02-21,81.1332778930664
2020-02-24,77.24603271484375
2020-02-25,74.94401550292969
2020-02-26,75.04505920410156
2020-02-27,71.5809326171875
2020-02-28,73.19459533691406
2020-03-02,75.78712463378906
2020-03-03,73.1187973022461
2020-03-04,76.8544692993164
2020-03-05,74.5398178100586
2020-03-06,72.9103775024414
2020-03-09,66.68321228027344
2020-03-10,71.05992889404297
2020-03-11,67.07792663574219
2020-03-12,59.72342300415039
2020-03-13,66.13058471679688
2020-03-16,56.06037521362305
2020-03-17,60.992855072021484
2020-03-18,55.9814338684082
2020-03-19,57.42139434814453
2020-03-20,55.7856559753418
2020-03-23,57.77822494506836
2020-03-24,64.02749633789062
2020-03-25,63.192874908447266
2020-03-26,67.44205474853516
2020-03-27,64.095947265625
2020-03-30,66.3266830444336
2020-03-31,65.02437591552734
2020-04-01,61.46595764160156
2020-04-02,63.29744338989258
2020-04-03,62.099674224853516
2020-04-06,68.43386840820312
2020-04-07,68.18986511230469
2020-04-08,70.4713363647461
2020-04-09,68.94717407226562
2020-04-13,69.7266845703125
2020-04-14,72.94286346435547
2020-04-15,70.7723388671875
2020-04-16,72.75910949707031
2020-04-17,73.3231201171875
2020-04-20,71.72926330566406
2020-04-21,68.21521759033203
2020-04-22,72.34402465820312
2020-04-23,71.62154388427734
2020-04-24,73.11083221435547
2020-04-27,74.08678436279297
2020-04-28,73.70337677001953
2020-04-29,77.20159149169922
2020-04-30,74.4765396118164
2020-05-01,70.84520721435547
2020-05-04,71.43460845947266
2020-05-05,72.63553619384766
2020-05-06,73.52592468261719
2020-05-07,74.18817901611328
2020-05-08,76.37774658203125
2020-05-11,76.30485534667969
2020-05-12,74.28008270263672
2020-05-13,72.84780883789062
2020-05-14,74.79656219482422
2020-05-15,73.250244140625
2020-05-18,76.61536407470703
2020-05-19,76.36505889892578
2020-05-20,79.17882537841797
2020-05-21,77.18573760986328
2020-05-22,77.52794647216797
2020-05-26,78.34231567382812
2020-05-27,79.54956817626953
2020-05-28,77.81314086914062
2020-05-29,79.80622863769531
2020-06-01,79.37528991699219
2020-06-02,81.08954620361328
2020-06-03,83.43120574951172
2020-06-04,84.19165802001953
2020-06-05,86.2544937133789
2020-06-08,86.07703399658203
2020-06-09,86.14358520507812
2020-06-10,86.44776916503906
2020-06-11,80.95647430419922
2020-06-12,82.05917358398438
2020-06-15,83.16522979736328
2020-06-16,84.78793334960938
2020-06-17,85.44845581054688
2020-06-18,85.2896728515625
2020-06-19,84.87686157226562
2020-06-22,85.50244140625
2020-06-23,85.80729675292969
2020-06-24,83.9241714477539
2020-06-25,84.52436065673828
2020-06-26,82.93975067138672
2020-06-29,83.84477996826172
2020-06-30,86.01689910888672
2020-07-01,84.91496276855469
2020-07-02,85.95336151123047
2020-07-06,88.2238998413086
2020-07-07,87.18233489990234
2020-07-08,88.3636474609375
2020-07-09,89.53543090820312
2020-07-10,89.23375701904297
2020-07-13,87.76663970947266
2020-07-14,89.21786499023438
2020-07-15,89.062255859375
2020-07-16,88.72882843017578
2020-07-17,89.17658996582031
2020-07-20,90.93903350830078
2020-07-21,90.47538757324219
2020-07-22,90.77391052246094
2020-07-23,89.38616943359375
2020-07-24,87.9825668334961
2020-07-27,90.72309112548828
2020-07-28,88.97016143798828
2020-07-29,90.80247497558594
2020-07-30,92.59033203125
2020-07-31,92.21564483642578
2020-08-03,93.8891372680664
2020-08-04,95.26734161376953
2020-08-05,95.16893768310547
2020-08-06,95.11810302734375
2020-08-07,94.06059265136719
2020-08-10,94.05745697021484
2020-08-11,93.07617950439453
2020-08-12,96.08348083496094
2020-08-13,95.12762451171875
2020-08-14,95.0704574584961
2020-08-17,96.14060974121094
2020-08-18,95.63256072998047
2020-08-19,95.08950805664062
2020-08-20,94.24480438232422
2020-08-21,94.8830795288086
2020-08-24,95.87071990966797
2020-08-25,96.8011474609375
2020-08-26,97.11237335205078
2020-08-27,96.00725555419922
2020-08-28,97.77923583984375
2020-08-31,97.56012725830078
2020-09-01,99.4972152709961
2020-09-02,102.38064575195312
2020-09-03,96.67095184326172
2020-09-04,95.66747283935547
2020-09-08,91.19627380371094
2020-09-09,93.67955017089844
2020-09-10,92.40930938720703
2020-09-11,92.3839340209961
2020-09-14,94.23210906982422
2020-09-15,95.85798645019531
2020-09-16,94.95932006835938
2020-09-17,94.91168212890625
2020-09-18,93.42550659179688
2020-09-21,93.25720977783203
2020-09-22,94.21940612792969
2020-09-23,92.04552459716797
2020-09-24,92.82315826416016
2020-09-25,94.09799194335938
2020-09-28,96.68907165527344
2020-09-29,96.91533660888672
2020-09-30,97.08106231689453
2020-10-01,99.15904235839844
2020-10-02,96.18550109863281
2020-10-05,99.19088745117188
2020-10-06,98.71920776367188
2020-10-07,100.60916137695312
2020-10-08,101.85527801513672
2020-10-09,103.64640808105469
2020-10-12,105.18577575683594
2020-10-13,104.99771881103516
2020-10-14,104.57383728027344
2020-10-15,104.29338836669922
2020-10-16,103.79620361328125
2020-10-19,103.27352905273438
2020-10-20,103.10462951660156
2020-10-21,102.41301727294922
2020-10-22,102.45446014404297
2020-10-23,102.09430694580078
2020-10-26,99.88250732421875
2020-10-27,99.490478515625
2020-10-28,96.23331451416016
2020-10-29,98.67459106445312
2020-10-30,97.35833740234375
2020-11-02,97.70574188232422
2020-11-03,99.5478515625
2020-11-04,103.02812957763672
2020-11-05,107.6557388305664
2020-11-06,109.41181182861328
2020-11-09,108.13697814941406
2020-11-10,104.8925552368164
2020-11-11,108.67240142822266
2020-11-12,107.33064270019531
2020-11-13,108.64691162109375
2020-11-16,111.34954071044922
2020-11-17,110.43165588378906
2020-11-18,109.60941314697266
2020-11-19,111.22843933105469
2020-11-20,110.70894622802734
2020-11-23,112.28654479980469
2020-11-24,112.8984603881836
2020-11-25,112.64986419677734
2020-11-27,113.99161529541016
2020-11-30,115.31108093261719
2020-12-01,117.2137222290039
2020-12-02,117.55793762207031
2020-12-03,117.71092224121094
2020-12-04,120.9202880859375
2020-12-07,121.53221130371094
2020-12-08,121.92422485351562
2020-12-09,118.48855590820312
2020-12-10,118.32279968261719
2020-12-11,117.17229461669922
2020-12-14,118.48070526123047
2020-12-15,120.13175964355469
2020-12-16,120.20201110839844
2020-12-17,120.42234802246094
2020-12-18,119.70703125
2020-12-21,119.1737060546875
2020-12-22,118.99805450439453
2020-12-23,118.10385131835938
2020-12-24,119.15773010253906
2020-12-28,119.02678680419922
2020-12-29,118.72023010253906
2020-12-30,120.70978546142578
2020-12-31,121.093017578125
2021-01-04,120.5852279663086
2021-01-05,123.05067443847656
2021-01-06,122.6514892578125
2021-01-07,127.27896118164062
2021-01-08,127.34590148925781
2021-01-11,128.6361846923828
2021-01-12,129.41543579101562
2021-01-13,129.62619018554688
2021-01-14,132.37265014648438
2021-01-15,129.6804656982422
2021-01-19,134.12908935546875
2021-01-20,133.65005493164062
2021-01-21,135.58212280273438
2021-01-22,133.28282165527344
2021-01-25,133.47445678710938
2021-01-26,131.30596923828125
2021-01-27,124.49097442626953
2021-01-28,127.22145080566406
2021-01-29,125.0019302368164
2021-02-01,129.93914794921875
2021-02-02,132.04690551757812
2021-02-03,129.3643035888672
2021-02-04,130.42457580566406
2021-02-05,129.5335693359375
2021-02-08,133.4201202392578
2021-02-09,133.02734375
2021-02-10,133.28919982910156
2021-02-11,137.90386962890625
2021-02-12,139.60923767089844
2021-02-16,140.31179809570312
2021-02-17,137.90707397460938
2021-02-18,136.48907470703125
2021-02-19,139.77847290039062
2021-02-22,134.71351623535156
2021-02-23,133.70114135742188
2021-02-24,138.03797912597656
2021-02-25,130.17544555664062
2021-02-26,133.14227294921875
2021-03-01,137.386474609375
2021-03-02,133.26686096191406
2021-03-03,129.18869018554688
2021-03-04,122.97083282470703
2021-03-05,126.65936279296875
2021-03-08,119.8251724243164
2021-03-09,127.26934814453125
2021-03-10,124.86778259277344
2021-03-11,130.1243896484375
2021-03-12,128.7511444091797
2021-03-15,131.46566772460938
2021-03-16,133.16461181640625
2021-03-17,134.8412322998047
2021-03-18,129.26210021972656
2021-03-19,130.85888671875
2021-03-22,133.627685546875
2021-03-23,130.11476135253906
2021-03-24,128.3296356201172
2021-03-25,128.4659423828125
2021-03-26,134.80743408203125
2021-03-29,132.74053955078125
2021-03-30,132.42376708984375
2021-03-31,135.65853881835938
2021-04-01,140.64666748046875
2021-04-05,143.4846954345703
2021-04-06,141.88169860839844
2021-04-07,141.78890991210938
2021-04-08,143.40469360351562
2021-04-09,142.95672607421875
2021-04-12,141.42095947265625
2021-04-13,141.197021484375
2021-04-14,139.64520263671875
2021-04-15,141.9840545654297
2021-04-16,141.31858825683594
2021-04-19,137.6038818359375
2021-04-20,135.6425323486328
2021-04-21,139.20045471191406
2021-04-22,136.17050170898438
2021-04-23,138.6533203125
2021-04-26,141.1938018798828
2021-04-27,140.13473510742188
2021-04-28,138.00701904296875
2021-04-29,138.9029083251953
2021-04-30,135.0313720703125
2021-05-03,133.62681579589844
2021-05-04,131.3743133544922
2021-05-05,132.19659423828125
2021-05-06,133.28126525878906
2021-05-07,135.11143493652344
2021-05-10,129.10260009765625
2021-05-11,129.275390625
2021-05-12,124.00891876220703
2021-05-13,125.5895004272461
2021-05-14,129.4769744873047
2021-05-17,128.34750366210938
2021-05-18,127.31407928466797
2021-05-19,129.7969207763672
2021-05-20,133.21087646484375
2021-05-21,132.47494506835938
2021-05-24,135.82171630859375
2021-05-25,136.2248992919922
2021-05-26,136.589599609375
2021-05-27,137.16551208496094
2021-05-28,138.43896484375
2021-06-01,138.0518341064453
2021-06-02,138.89329528808594
2021-06-03,136.50640869140625
2021-06-04,139.82118225097656
2021-06-07,138.7333221435547
2021-06-08,137.93983459472656
2021-06-09,137.2615509033203
2021-06-10,138.83822631835938
2021-06-11,139.53976440429688
2021-06-14,141.52267456054688
2021-06-15,140.36306762695312
2021-06-16,139.0432586669922
2021-06-17,140.54244995117188
2021-06-18,137.17886352539062
2021-06-21,137.6850128173828
2021-06-22,138.33529663085938
2021-06-23,138.91189575195312
2021-06-24,141.27279663085938
2021-06-25,140.88839721679688
2021-06-28,144.25196838378906
2021-06-29,145.3827667236328
2021-06-30,145.50445556640625
2021-07-01,143.4191131591797
2021-07-02,144.2936248779297
2021-07-06,144.04696655273438
2021-07-07,141.86541748046875
2021-07-08,140.04270935058594
2021-07-09,142.32669067382812
2021-07-12,144.15267944335938
2021-07-13,143.5760498046875
2021-07-14,142.91290283203125
2021-07-15,139.7415771484375
2021-07-16,136.7047882080078
2021-07-19,136.5670623779297
2021-07-20,138.42820739746094
2021-07-21,142.6790771484375
2021-07-22,141.83663940429688
2021-07-23,142.5605926513672
2021-07-26,142.60540771484375
2021-07-27,139.98826599121094
2021-07-28,142.27548217773438
2021-07-29,145.17774963378906
2021-07-30,146.36619567871094
2021-08-02,147.2919921875
2021-08-03,148.41319274902344
2021-08-04,149.9251708984375
2021-08-05,149.9508056640625
2021-08-06,149.20443725585938
2021-08-09,148.69825744628906
2021-08-10,146.97164916992188
2021-08-11,146.46871948242188
2021-08-12,144.89584350585938
2021-08-13,145.8056182861328
2021-08-16,145.2642364501953
2021-08-17,142.4517059326172
2021-08-18,140.5680389404297
2021-08-19,141.72132873535156
2021-08-20,142.78482055664062
2021-08-23,146.80503845214844
2021-08-24,146.80503845214844
2021-08-25,147.92306518554688
2021-08-26,148.060791015625
2021-08-27,150.88619995117188
2021-08-30,151.18731689453125
2021-08-31,149.97962951660156
2021-09-01,149.16275024414062
2021-09-02,149.72015380859375
2021-09-03,150.84136962890625
2021-09-07,150.28717041015625
2021-09-08,148.36190795898438
2021-09-09,148.88406372070312
2021-09-10,150.06610107421875
2021-09-13,151.50445556640625
2021-09-14,151.51083374023438
2021-09-15,152.38218688964844
2021-09-16,152.6737060546875
2021-09-17,150.23912048339844
2021-09-20,146.5199737548828
2021-09-21,146.95242309570312
2021-09-22,150.00205993652344
2021-09-23,152.0010223388672
2021-09-24,151.82656860351562
2021-09-27,151.4573211669922
2021-09-28,145.5325927734375
2021-09-29,143.23658752441406
2021-09-30,143.17880249023438
2021-10-01,143.2719268798828
2021-10-04,139.58221435546875
2021-10-05,141.69517517089844
2021-10-06,142.24749755859375
2021-10-07,143.9109344482422
2021-10-08,142.43699645996094
2021-10-11,141.48324584960938
2021-10-12,139.71705627441406
2021-10-13,140.52310180664062
2021-10-14,144.88392639160156
2021-10-15,145.85052490234375
2021-10-18,147.02586364746094
2021-10-19,148.8273162841797
2021-10-20,148.51905822753906
2021-10-21,150.0154571533203
2021-10-22,148.33279418945312
2021-10-25,149.35073852539062
2021-10-26,149.46315002441406
2021-10-27,148.3905792236328
2021-10-28,151.73667907714844
2021-10-29,152.41429138183594
2021-11-01,154.8997344970703
2021-11-02,156.8264617919922
2021-11-03,158.63441467285156
2021-11-04,163.97145080566406
2021-11-05,165.79220581054688
2021-11-08,168.03367614746094
2021-11-09,168.03367614746094
2021-11-10,163.0787353515625
2021-11-11,166.527587890625
2021-11-12,168.15565490722656
2021-11-15,168.0304412841797
2021-11-16,170.5480499267578
2021-11-17,169.35987854003906
2021-11-18,172.19216918945312
2021-11-19,172.67062377929688
2021-11-22,170.16909790039062
2021-11-23,169.48512268066406
2021-11-24,171.3476104736328
2021-11-26,166.57896423339844
2021-11-29,172.98214721679688
2021-11-30,169.95074462890625
2021-12-01,168.5924072265625
2021-12-02,168.8364715576172
2021-12-03,168.40936279296875
2021-12-06,168.19419860839844
2021-12-07,176.6814422607422
2021-12-08,175.5318603515625
2021-12-09,171.4953155517578
2021-12-10,173.11380004882812
2021-12-13,168.5023956298828
2021-12-14,167.69186401367188
2021-12-15,173.8480987548828
2021-12-16,166.26377868652344
2021-12-17,165.87135314941406
2021-12-20,164.57188415527344
2021-12-21,170.5094757080078
2021-12-22,172.28170776367188
2021-12-23,173.9477996826172
2021-12-27,178.71453857421875
2021-12-28,176.74290466308594
2021-12-29,177.01307678222656
2021-12-30,175.01028442382812
2021-12-31,174.48265075683594
2022-01-03,177.950927734375
2022-01-04,177.40399169921875
2022-01-05,171.3779296875
2022-01-06,172.7098846435547
2022-01-07,167.70050048828125
2022-01-10,167.76162719726562
2022-01-11,170.9178466796875
2022-01-12,172.17259216308594
2022-01-13,168.1541748046875
2022-01-14,172.17904663085938
2022-01-18,164.48316955566406
2022-01-19,159.644287109375
2022-01-20,154.6381072998047
2022-01-21,152.06419372558594
2022-01-24,153.8015899658203
2022-01-25,148.06185913085938
2022-01-26,150.33651733398438
2022-01-27,143.64443969726562
2022-01-28,146.3984832763672
2022-01-31,154.26168823242188
2022-02-01,155.54539489746094
2022-02-02,159.4737548828125
2022-02-03,152.53396606445312
2022-02-04,153.4091033935547
2022-02-07,153.32220458984375
2022-02-08,157.19911193847656
2022-02-09,162.3564910888672
2022-02-10,157.295654296875
2022-02-11,149.2908477783203
2022-02-14,149.43243408203125
2022-02-15,157.67848205566406
2022-02-16,157.72996520996094
2022-02-17,151.80685424804688
2022-02-18,150.11129760742188
2022-02-22,149.19757080078125
2022-02-23,145.64242553710938
2022-02-24,150.9703369140625
2022-02-25,153.486328125
2022-02-28,152.55328369140625
2022-03-01,147.02267456054688
2022-03-02,151.6974639892578
2022-03-03,148.51548767089844
2022-03-04,144.5742950439453
2022-03-07,137.3223876953125
2022-03-08,139.9541778564453
2022-03-09,145.81936645507812
2022-03-10,142.8272705078125
2022-03-11,139.76113891601562
2022-03-14,135.23757934570312
2022-03-15,141.45350646972656
2022-03-16,148.73751831054688
2022-03-17,149.6544647216797
2022-03-18,152.5758056640625
2022-03-21,152.2733612060547
2022-03-22,153.11631774902344
2022-03-23,149.25872802734375
2022-03-24,156.79345703125
2022-03-25,156.43887329101562
2022-03-28,157.65414428710938
2022-03-29,161.26754760742188
2022-03-30,156.1100616455078
2022-03-31,152.55787658691406
2022-04-01,149.60202026367188
2022-04-04,152.032470703125
2022-04-05,145.03445434570312
2022-04-06,141.42739868164062
2022-04-07,141.73687744140625
2022-04-08,138.22010803222656
2022-04-11,135.3802947998047
2022-04-12,134.9676971435547
2022-04-13,137.8719940185547
2022-04-14,134.05870056152344
2022-04-18,136.37953186035156
2022-04-19,139.36766052246094
2022-04-20,139.05821228027344
2022-04-21,135.34803771972656
2022-04-22,132.33741760253906
2022-04-25,134.574462890625
2022-04-26,128.60787963867188
2022-04-27,127.90518188476562
2022-04-28,134.95480346679688
2022-04-29,129.18809509277344
2022-05-02,133.50103759765625
2022-05-03,134.60665893554688
2022-05-04,139.82861328125
2022-05-05,133.0562286376953
2022-05-06,131.87001037597656
2022-05-09,125.1556167602539
2022-05-10,128.0019073486328
2022-05-11,124.22083282470703
2022-05-12,124.97509765625
2022-05-13,131.35421752929688
2022-05-16,129.355712890625
2022-05-17,135.63816833496094
2022-05-18,128.80130004882812
2022-05-19,128.021240234375
2022-05-20,127.95352172851562
2022-05-23,128.5047607421875
2022-05-24,125.37480926513672
2022-05-25,127.6312255859375
2022-05-26,132.61782836914062
2022-05-27,138.07188415527344
2022-05-31,137.36268615722656
2022-06-01,135.18368530273438
2022-06-02,139.89309692382812
2022-06-03,135.7091064453125
2022-06-06,135.9444122314453
2022-06-07,137.03067016601562
2022-06-08,134.11351013183594
2022-06-09,130.30667114257812
2022-06-10,125.67732238769531
2022-06-13,118.42658233642578
2022-06-14,119.08515930175781
2022-06-15,121.13188934326172
2022-06-16,113.83273315429688
2022-06-17,114.29438018798828
2022-06-21,117.2869873046875
2022-06-22,116.0634765625
2022-06-23,115.27576446533203
2022-06-24,120.38291931152344
2022-06-27,120.05363464355469
2022-06-28,117.1255874633789
2022-06-29,114.3621826171875
2022-06-30,112.86424255371094
2022-07-01,108.870849609375
2022-07-05,109.72956085205078
2022-07-06,110.26546478271484
2022-07-07,115.2015151977539
2022-07-08,115.75031280517578
2022-07-11,113.0837631225586
2022-07-12,113.40013885498047
2022-07-13,114.0393295288086
2022-07-14,116.45732116699219
2022-07-15,119.23689270019531
2022-07-18,118.85594940185547
2022-07-19,124.09546661376953
2022-07-20,127.25919342041016
2022-07-21,129.3382110595703
2022-07-22,126.15190124511719
2022-07-25,125.3544921875
2022-07-26,123.26578521728516
2022-07-27,128.9055938720703
2022-07-28,130.4939422607422
2022-07-29,131.4979248046875
2022-08-01,132.0047607421875
2022-08-02,131.7529296875
2022-08-03,135.4138641357422
2022-08-04,136.39199829101562
2022-08-05,135.3299102783203
2022-08-08,133.28318786621094
2022-08-09,127.17527770996094
2022-08-10,132.4534912109375
2022-08-11,132.2824249267578
2022-08-12,136.1531219482422
2022-08-15,136.6599884033203
2022-08-16,135.2621307373047
2022-08-17,131.9950714111328
2022-08-18,135.0038604736328
2022-08-19,131.35910034179688
2022-08-22,126.4166030883789
2022-08-23,127.0461196899414
2022-08-24,127.36572265625
2022-08-25,132.03382873535156
2022-08-26,124.54418182373047
2022-08-29,122.02936553955078
2022-08-30,120.60892486572266
2022-08-31,119.34664916992188
2022-09-01,117.13204956054688
2022-09-02,115.84717559814453
2022-09-06,114.51065826416016
2022-09-07,116.44764709472656
2022-09-08,118.41044616699219
2022-09-09,121.2513427734375
2022-09-12,121.84210968017578
2022-09-13,114.2750015258789
2022-09-14,115.57278442382812
2022-09-15,113.65516662597656
2022-09-16,114.33634185791016
2022-09-19,114.93681335449219
2022-09-20,113.40983581542969
2022-09-21,112.2637710571289
2022-09-22,109.20982360839844
2022-09-23,107.74739837646484
2022-09-26,106.13164520263672
2022-09-27,107.11836242675781
2022-09-28,108.63740539550781
2022-09-29,105.25852966308594
2022-09-30,103.4538345336914
2022-10-03,107.03072357177734
2022-10-04,112.052001953125
2022-10-05,112.96733856201172
2022-10-06,112.51614379882812
2022-10-07,105.7648696899414
2022-10-10,102.16851043701172
2022-10-11,99.29595184326172
2022-10-12,98.33194732666016
2022-10-13,101.16230773925781
2022-10-14,96.94598388671875
2022-10-17,99.00059509277344
2022-10-18,99.34138488769531
2022-10-19,99.97756958007812
2022-10-20,100.59752655029297
2022-10-21,104.33670043945312
2022-10-24,104.7878646850586
2022-10-25,107.18003845214844
2022-10-26,106.12513732910156
2022-10-27,104.24258422851562
2022-10-28,108.32904052734375
2022-10-31,105.96935272216797
2022-11-01,106.82299041748047
2022-11-02,103.45059204101562
2022-11-03,102.06462097167969
2022-11-04,106.78729248046875
2022-11-07,109.09507751464844
2022-11-08,111.49696350097656
2022-11-09,107.93306732177734
2022-11-10,119.10189819335938
2022-11-11,122.7469711303711
2022-11-14,121.40319061279297
2022-11-15,124.92163848876953
2022-11-16,119.76404571533203
2022-11-17,120.70210266113281
2022-11-18,120.97148895263672
2022-11-21,118.96558380126953
2022-11-22,122.5100326538086
2022-11-23,123.99010467529297
2022-11-25,122.3379898071289
2022-11-28,119.28042602539062
2022-11-29,118.81952667236328
2022-11-30,125.94733428955078
2022-12-01,125.04175567626953
2022-12-02,123.62981414794922
2022-12-05,122.0653305053711
2022-12-06,119.4979019165039
2022-12-07,119.24147033691406
2022-12-08,122.68852996826172
2022-12-09,121.55248260498047
2022-12-12,123.70447540283203
2022-12-13,125.83056640625
2022-12-14,123.94273376464844
2022-12-15,118.6990966796875
2022-12-16,117.80076599121094
2022-12-19,116.34257507324219
2022-12-20,115.63302612304688
2022-12-21,118.23692321777344
2022-12-22,113.45875549316406
2022-12-23,113.55640411376953
2022-12-27,111.50582122802734
2022-12-28,109.86212158203125
2022-12-29,113.36761474609375
2022-12-30,113.2634506225586
2023-01-03,112.16004180908203
2023-01-04,115.04713439941406
2023-01-05,113.10723114013672
2023-01-06,118.37037658691406
2023-01-09,120.55113220214844
2023-01-10,122.1102294921875
2023-01-11,123.68559265136719
2023-01-12,125.1893539428711
2023-01-13,125.70687103271484
2023-01-17,125.8500747680664
2023-01-18,125.1893539428711
2023-01-19,121.67732238769531
2023-01-20,125.48554229736328
2023-01-23,131.78701782226562
2023-01-24,130.79098510742188
2023-01-25,131.14581298828125
2023-01-26,133.35586547851562
2023-01-27,132.50634765625
2023-01-30,128.98780822753906
2023-01-31,131.3931427001953
2023-02-01,138.2446746826172
2023-02-02,141.44749450683594
2023-02-03,138.68734741210938
2023-02-06,136.4349822998047
2023-02-07,140.7737579345703
2023-02-08,137.7466583251953
2023-02-09,138.0982208251953
2023-02-10,135.90118408203125
2023-02-13,137.89967346191406
2023-02-14,140.40267944335938
2023-02-15,140.9755401611328
2023-02-16,137.5188446044922
2023-02-17,135.3771209716797
2023-02-21,130.99281311035156
2023-02-22,130.36460876464844
2023-02-23,134.65127563476562
2023-02-24,132.2394256591797
2023-02-27,132.93923950195312
2023-02-28,133.39491271972656
2023-03-01,133.43072509765625
2023-03-02,134.49832153320312
2023-03-03,136.5716552734375
2023-03-06,134.98329162597656
2023-03-07,133.5609130859375
2023-03-08,137.11199951171875
2023-03-09,134.3876495361328
2023-03-10,131.79022216796875
2023-03-13,131.8292999267578
2023-03-14,135.68310546875
2023-03-15,134.1011962890625
2023-03-16,139.33831787109375
2023-03-17,138.4757843017578
2023-03-20,139.94052124023438
2023-03-21,140.21713256835938
2023-03-22,138.82406616210938
2023-03-23,142.6066436767578
2023-03-24,140.13320922851562
2023-03-27,138.4886016845703
2023-03-28,137.45095825195312
2023-03-29,141.86917114257812
2023-03-30,144.20553588867188
2023-03-31,145.09963989257812
2023-04-03,143.84658813476562
2023-04-04,141.16436767578125
2023-04-05,138.717041015625
2023-04-06,138.00241088867188
2023-04-10,140.43995666503906
2023-04-11,139.70252990722656
2023-04-12,137.14747619628906
2023-04-13,138.2764892578125
2023-04-14,138.06112670898438
2023-04-17,138.06112670898438
2023-04-18,138.65829467773438
2023-04-19,137.1409912109375
2023-04-20,137.01370239257812
2023-04-21,136.00865173339844
2023-04-24,135.3985137939453
2023-04-25,130.84974670410156
2023-04-26,131.54803466796875
2023-04-27,132.10279846191406
2023-04-28,134.48480224609375
2023-05-01,135.7019500732422
2023-05-02,134.73281860351562
2023-05-03,133.18609619140625
2023-05-04,132.43885803222656
2023-05-05,135.3854217529297
2023-05-08,135.9564666748047
2023-05-09,133.64291381835938
2023-05-10,135.00364685058594
2023-05-11,134.11935424804688
2023-05-12,133.99537658691406
2023-05-15,137.63365173339844
2023-05-16,137.37588500976562
2023-05-17,140.76951599121094
2023-05-18,145.21710205078125
2023-05-19,144.4698486328125
2023-05-22,144.9690704345703
2023-05-23,143.1776580810547
2023-05-24,140.6161346435547
2023-05-25,149.98123168945312
2023-05-26,159.7835235595703
2023-05-30,159.6497344970703
2023-05-31,155.55126953125
2023-06-01,158.22702026367188
2023-06-02,157.85501098632812
2023-06-05,155.41098022460938
2023-06-06,157.28724670410156
2023-06-07,157.0555877685547
2023-06-08,158.66319274902344
2023-06-09,159.08143615722656
2023-06-12,164.20486450195312
2023-06-13,166.40390014648438
2023-06-14,168.76632690429688
2023-06-15,167.37109375
2023-06-16,165.8255615234375
2023-06-20,164.48260498046875
2023-06-21,160.47341918945312
2023-06-22,161.2216339111328
2023-06-23,158.3822021484375
2023-06-26,158.8951873779297
2023-06-27,164.44667053222656
2023-06-28,163.17886352539062
2023-06-29,163.22462463378906
2023-06-30,165.74713134765625
2023-07-03,167.2207794189453
2023-07-05,163.52523803710938
2023-07-06,161.46340942382812
2023-07-07,161.53208923339844
2023-07-10,164.89431762695312
2023-07-11,164.9008331298828
2023-07-12,167.9722900390625
2023-07-13,171.4423828125
2023-07-14,169.2989044189453
2023-07-17,173.35061645507812
2023-07-18,173.67083740234375
2023-07-19,171.6090087890625
2023-07-20,165.36810302734375
2023-07-21,166.86135864257812
2023-07-24,166.8547821044922
2023-07-25,169.66160583496094
2023-07-26,167.3188018798828
2023-07-27,170.4653778076172
2023-07-28,174.18707275390625
2023-07-31,174.90921020507812
2023-08-01,175.02029418945312
2023-08-02,168.32196044921875
2023-08-03,167.890625
2023-08-04,167.6259307861328
2023-08-07,169.390380859375
2023-08-08,166.69471740722656
2023-08-09,163.63632202148438
2023-08-10,162.97630310058594
2023-08-11,159.02590942382812
2023-08-14,163.61346435546875
2023-08-15,160.88180541992188
2023-08-16,157.76788330078125
2023-08-17,156.2256622314453
2023-08-18,157.0653839111328
2023-08-21,161.57781982421875
2023-08-22,160.15318298339844
2023-08-23,163.42721557617188
2023-08-24,158.02601623535156
2023-08-25,158.7056884765625
2023-08-28,160.71517944335938
2023-08-29,164.93675231933594
2023-08-30,165.71444702148438
2023-08-31,166.86135864257812
2023-09-01,167.29592895507812
2023-09-05,167.24038696289062
2023-09-06,166.03140258789062
2023-09-07,162.23130798339844
2023-09-08,161.3915252685547
2023-09-11,161.30007934570312
2023-09-12,159.93096923828125
2023-09-13,160.75112915039062
2023-09-14,161.90127563476562
2023-09-15,157.22874450683594
2023-09-18,157.76463317871094
2023-09-19,156.43478393554688
2023-09-20,153.8665008544922
2023-09-21,151.0270538330078
2023-09-22,152.28501892089844
2023-09-25,153.39927673339844
2023-09-26,150.61395263671875
2023-09-27,151.94200134277344
2023-09-28,154.7554931640625
2023-09-29,155.31622314453125
2023-10-02,156.09994506835938
2023-10-03,152.86997985839844
2023-10-04,154.89979553222656
2023-10-05,154.1488800048828
2023-10-06,157.4608154296875
2023-10-09,157.0673065185547
2023-10-10,159.08070373535156
2023-10-11,160.27757263183594
2023-10-12,160.68743896484375
2023-10-13,156.3131103515625
2023-10-16,158.5264892578125
2023-10-17,157.36895751953125
2023-10-18,154.5325164794922
2023-10-19,152.15187072753906
2023-10-20,149.95155334472656
2023-10-23,149.09898376464844
2023-10-24,151.1222381591797
2023-10-25,145.01319885253906
2023-10-26,144.1508026123047
2023-10-27,145.70181274414062
2023-10-30,143.75071716308594
2023-10-31,145.065673828125
2023-11-01,148.479248046875
2023-11-02,151.85348510742188
2023-11-03,155.84417724609375
2023-11-06,155.55560302734375
2023-11-07,156.54591369628906
2023-11-08,156.70333862304688
2023-11-09,155.95237731933594
2023-11-10,162.24176025390625
2023-11-13,160.66123962402344
2023-11-14,166.60302734375
2023-11-15,167.8130340576172
2023-11-16,167.89498901367188
2023-11-17,169.07550048828125
2023-11-20,171.56761169433594
2023-11-21,168.3606414794922
2023-11-22,168.8984375
2023-11-24,169.0197296142578
2023-11-27,168.78366088867188
2023-11-28,167.796630859375
2023-11-29,169.61654663085938
2023-11-30,168.4327850341797
2023-12-01,169.22305297851562
2023-12-04,167.3277130126953
2023-12-05,166.37677001953125
2023-12-06,165.3503875732422
2023-12-07,169.78378295898438
2023-12-08,171.12496948242188
2023-12-11,176.96180725097656
2023-12-12,178.23739624023438
2023-12-13,180.9820098876953
2023-12-14,185.9990997314453
2023-12-15,186.69100952148438
2023-12-18,186.1728973388672
2023-12-19,187.16647338867188
2023-12-20,181.6180877685547
2023-12-21,186.64503479003906
2023-12-22,187.24302673339844
2023-12-26,190.55165100097656
2023-12-27,191.04119873046875
2023-12-28,190.68307495117188
2023-12-29,189.2834014892578
2024-01-02,182.4657745361328
2024-01-03,178.54603576660156
2024-01-04,177.04454040527344
2024-01-05,178.02691650390625
2024-01-08,183.82603454589844
2024-01-09,183.88844299316406
2024-01-10,183.270751953125
2024-01-11,183.94757080078125
2024-01-12,183.1360321044922
2024-01-16,185.7316436767578
2024-01-17,184.02972412109375
2024-01-18,190.1047821044922
2024-01-19,197.5401153564453
2024-01-22,198.18736267089844
2024-01-23,199.50160217285156
2024-01-24,202.40606689453125
2024-01-25,201.84423828125
2024-01-26,196.40330505371094
2024-01-29,198.44692993164062
2024-01-30,195.38148498535156
2024-01-31,192.55258178710938
2024-02-01,193.50540161132812
2024-02-02,195.97616577148438
2024-02-05,198.6539306640625
2024-02-06,196.3375701904297
2024-02-07,199.34060668945312
2024-02-08,202.76747131347656
2024-02-09,206.8054962158203
2024-02-12,206.43092346191406
2024-02-13,202.18923950195312
2024-02-14,206.75621032714844
2024-02-15,206.55908203125
2024-02-16,205.38941955566406
2024-02-20,201.9329376220703
2024-02-21,201.46969604492188
2024-02-22,211.39877319335938
2024-02-23,209.11854553222656
2024-02-26,211.18190002441406
2024-02-27,210.97164916992188
2024-02-28,208.59942626953125
2024-02-29,214.25064086914062
2024-03-01,223.36819458007812
2024-03-04,225.56297302246094
2024-03-05,221.14059448242188
2024-03-06,226.57496643066406
2024-03-07,234.3453826904297
2024-03-08,224.8631591796875
2024-03-11,221.87652587890625
2024-03-12,226.4796905517578
2024-03-13,220.95986938476562
2024-03-14,217.1846923828125
2024-03-15,215.6273193359375
2024-03-18,215.459716796875
2024-03-19,213.65594482421875
2024-03-20,217.2931365966797
2024-03-21,222.18214416503906
2024-03-22,222.4485626220703
2024-03-25,221.58029174804688
2024-03-26,219.91278076171875
2024-03-27,222.6754913330078
2024-03-28,222.9123077392578
2024-04-01,225.2606201171875
2024-04-02,221.78750610351562
2024-04-03,222.40908813476562
2024-04-04,216.11402893066406
2024-04-05,218.6793975830078
2024-04-08,219.2418212890625
2024-04-09,221.60000610351562
2024-04-10,217.55458068847656
2024-04-11,222.4683074951172
2024-04-12,215.16680908203125
2024-04-15,212.4435577392578
2024-04-16,214.05184936523438
2024-04-17,207.5594482421875
2024-04-18,203.879150390625
2024-04-19,195.74880981445312
2024-04-22,198.9752960205078
2024-04-23,203.12924194335938
2024-04-24,205.76365661621094
2024-04-25,209.5821533203125
2024-04-26,214.0123748779297
2024-04-29,215.64041137695312
2024-04-30,211.14112854003906
2024-05-01,204.00735473632812
2024-05-02,208.59548950195312
2024-05-03,213.2921142578125
2024-05-06,217.7223358154297
2024-05-07,215.7982940673828
2024-05-08,216.00547790527344
2024-05-09,215.1964111328125
2024-05-10,217.3079376220703
2024-05-13,217.7617950439453
2024-05-14,221.3829345703125
2024-05-15,227.59909057617188
2024-05-16,226.48410034179688
2024-05-17,225.201416015625
2024-05-20,230.1545867919922
2024-05-21,229.41455078125
2024-05-22,232.1082305908203
2024-05-23,230.8057861328125
2024-05-24,235.384033203125
2024-05-28,239.36036682128906
2024-05-29,234.41708374023438
2024-05-30,232.78903198242188
2024-05-31,230.8946075439453
2024-06-03,231.26954650878906
2024-06-04,229.46389770507812
2024-06-05,239.49850463867188
2024-06-06,237.53501892089844
2024-06-07,236.8245849609375
2024-06-10,240.238525390625
2024-06-11,240.4361114501953
2024-06-12,247.21343994140625
2024-06-13,249.90065002441406
2024-06-14,249.0015869140625
2024-06-17,252.93360900878906
2024-06-18,256.154296875
2024-06-20,249.19918823242188
2024-06-21,246.76885986328125
2024-06-24,239.72479248046875
2024-06-25,243.4098358154297
2024-06-26,242.46142578125
2024-06-27,241.2165985107422
2024-06-28,243.6568145751953
2024-07-01,243.6469268798828
2024-07-02,247.07510375976562
2024-07-03,251.19482421875
2024-07-05,251.68881225585938
2024-07-08,256.46063232421875
2024-07-09,256.34197998046875
2024-07-10,262.2894287109375
2024-07-11,253.6647186279297
2024-07-12,256.7569274902344
2024-07-15,257.04351806640625
2024-07-16,258.634033203125
2024-07-17,240.23854064941406
2024-07-18,240.959716796875
2024-07-19,233.58966064453125
2024-07-22,243.27151489257812
2024-07-23,239.64578247070312
2024-07-24,226.90127563476562
2024-07-25,221.84298706054688
2024-07-26,226.60488891601562
2024-07-29,226.13067626953125
2024-07-30,217.92086791992188
2024-07-31,232.5424346923828
2024-08-01,215.78688049316406
2024-08-02,204.3168487548828
2024-08-05,200.71087646484375
2024-08-06,202.5286865234375
2024-08-07,196.88751220703125
2024-08-08,210.4717559814453
2024-08-09,209.22694396972656
2024-08-12,210.43223571777344
2024-08-13,218.9779510498047
2024-08-14,218.42469787597656
2024-08-15,228.92657470703125
2024-08-16,228.4424591064453
2024-08-19,232.32508850097656
2024-08-20,229.25257873535156
2024-08-21,232.5029296875
2024-08-22,224.55984497070312
2024-08-23,230.57640075683594
2024-08-26,224.7870635986328
2024-08-27,227.27671813964844
2024-08-28,223.17669677734375
2024-08-29,222.5345458984375
2024-08-30,228.35353088378906
2024-09-03,210.92620849609375
2024-09-04,211.6177520751953
2024-09-05,210.4816436767578
2024-09-06,201.4715576171875
2024-09-09,205.4530029296875
2024-09-10,207.6165771484375
2024-09-11,217.25894165039062
2024-09-12,216.30062866210938
2024-09-13,220.16348266601562
2024-09-16,217.2292938232422
2024-09-17,217.49603271484375
2024-09-18,215.0953369140625
2024-09-19,224.25360107421875
2024-09-20,220.9735870361328
2024-09-23,221.83309936523438
2024-09-24,224.52032470703125
2024-09-25,226.0672607421875
2024-09-26,234.1485137939453
2024-09-27,230.4346923828125
2024-09-30,228.3648681640625
2024-10-01,221.9672088623047
2024-10-02,224.9580535888672
2024-10-03,225.76026916503906
2024-10-04,228.8501434326172
2024-10-07,228.2261962890625
2024-10-08,230.4743194580078
2024-10-09,232.880859375
2024-10-10,231.2467803955078
2024-10-11,233.18789672851562
2024-10-14,237.48602294921875
2024-10-15,225.16604614257812
2024-10-16,225.16604614257812
2024-10-17,226.93873596191406
2024-10-18,227.14674377441406
2024-10-21,226.72088623046875
2024-10-22,225.87908935546875
2024-10-23,223.8587646484375
2024-10-24,225.1066131591797
2024-10-25,227.36460876464844
2024-10-28,227.50326538085938
2024-10-29,233.09873962402344
2024-10-30,224.87884521484375
2024-10-31,216.1538543701172
2024-11-01,218.4514617919922
2024-11-04,217.19371032714844
2024-11-05,219.72900390625
2024-11-06,226.13658142089844
2024-11-07,230.8506622314453
2024-11-08,229.12744140625
2024-11-11,223.39332580566406
2024-11-12,220.95704650878906
2024-11-13,216.26280212402344
2024-11-14,216.13404846191406
2024-11-15,209.17190551757812
2024-11-18,211.8755340576172
2024-11-19,212.28158569335938
2024-11-20,210.65744018554688
2024-11-21,213.99490356445312
2024-11-22,214.0840301513672
2024-11-25,216.1736602783203
2024-11-26,213.37098693847656
2024-11-27,210.5088653564453
2024-11-29,213.32144165039062
2024-12-02,218.92681884765625
2024-12-03,217.6888885498047
2024-12-04,220.57083129882812
2024-12-05,216.40142822265625
2024-12-06,217.70867919921875
2024-12-09,216.65892028808594
2024-12-10,211.5091094970703
2024-12-11,216.82728576660156
2024-12-12,215.14370727539062
2024-12-13,221.14524841308594
2024-12-16,225.24526977539062
2024-12-17,222.0592498779297
2024-12-18,213.84622192382812
2024-12-19,210.25550842285156
2024-12-20,213.0824432373047
2024-12-23,219.52987670898438
2024-12-24,221.7914276123047
2024-12-26,221.7220001220703
2024-12-27,219.84727478027344
2024-12-30,215.52255249023438
2024-12-31,213.7470245361328
2025-01-02,215.0662841796875
2025-01-03,220.67056274414062
2025-01-06,227.0584716796875
2025-01-07,223.96372985839844
2025-01-08,221.7318878173828
2025-01-10,216.4351043701172
2025-01-13,215.77053833007812
2025-01-14,217.18894958496094
2025-01-15,221.40460205078125
2025-01-16,221.7318878173828
2025-01-17,227.88177490234375
2025-01-21,230.56985473632812
2025-01-22,233.9026641845703
2025-01-23,233.46620178222656
2025-01-24,228.7744903564453
2025-01-27,210.83082580566406
2025-01-28,211.77310180664062
2025-01-29,212.64599609375
2025-01-30,216.97073364257812
2025-01-31,216.3656768798828
2025-02-03,212.46746826171875
2025-02-04,214.64967346191406
2025-02-05,218.8057861328125
2025-02-06,218.51812744140625
2025-02-07,215.11587524414062
2025-02-10,217.9229736328125
2025-02-11,218.12136840820312
2025-02-12,218.3594207763672
2025-02-13,221.03756713867188
2025-02-14,221.26571655273438
2025-02-18,224.92587280273438
2025-02-19,228.66539001464844
2025-02-20,229.20101928710938
2025-02-21,222.16835021972656
2025-02-24,216.95091247558594
2025-02-25,212.47740173339844
2025-02-26,216.17721557617188
2025-02-27,203.58984375
2025-02-28,206.8334197998047
2025-03-03,199.5230255126953
2025-03-04,200.6339569091797
2025-03-05,204.95870971679688
2025-03-06,196.4381561279297
2025-03-07,202.201171875
2025-03-10,192.84744262695312
2025-03-11,190.56605529785156
2025-03-12,194.49403381347656
2025-03-13,193.52194213867188
2025-03-14,199.49325561523438
2025-03-17,202.78640747070312
2025-03-18,200.09588623046875
2025-03-19,201.72470092773438
2025-03-20,200.11573791503906
2025-03-21,198.02015686035156
2025-03-24,203.89974975585938
2025-03-25,202.79734802246094
2025-03-26,197.11636352539062
2025-03-27,193.23301696777344
2025-03-28,187.3931121826172
2025-03-31,186.88658142089844
2025-04-01,186.9859161376953
2025-04-02,188.18765258789062
2025-04-03,169.1980743408203
2025-04-04,156.55490112304688
2025-04-07,160.17005920410156
2025-04-08,153.8037872314453
2025-04-09,182.3676300048828
2025-04-10,167.4600067138672
2025-04-11,171.08509826660156
2025-04-14,172.21731567382812
2025-04-15,172.92247009277344
2025-04-16,166.24832153320312
2025-04-17,165.4140625
2025-04-21,162.52389526367188
2025-04-22,165.68222045898438
2025-04-23,171.88958740234375
2025-04-24,181.78164672851562
2025-04-25,183.5495147705078
2025-04-28,183.2217559814453
2025-04-29,181.26519775390625
2025-04-30,182.58612060546875
2025-05-01,182.3378448486328
2025-05-02,188.73391723632812
2025-05-05,187.28387451171875
2025-05-06,185.4961395263672
2025-05-07,188.7438201904297
2025-05-08,190.4322509765625
2025-05-09,192.61724853515625
2025-05-12,206.45223999023438
2025-05-13,212.30203247070312
2025-05-14,213.3250274658203
2025-05-15,211.95443725585938
2025-05-16,211.67636108398438
2025-05-19,210.40512084960938
2025-05-20,210.09718322753906
2025-05-21,206.25360107421875
2025-05-22,204.34669494628906
2025-05-23,201.17843627929688
2025-05-27,207.862548828125
2025-05-28,206.8197021484375
2025-05-29,207.6638946533203
2025-05-30,203.542236328125
2025-06-02,206.61114501953125
2025-06-03,212.16302490234375
2025-06-04,215.32131958007812
2025-06-05,214.4175262451172
2025-06-06,215.8576202392578
2025-06-09,220.94273376464844
2025-06-10,225.76959228515625
2025-06-11,225.0147705078125
2025-06-12,225.32261657714844
2025-06-13,219.45294189453125
2025-06-16,226.3836212158203
2025-06-17,224.59197998046875
2025-06-18,225.50772094726562
2025-06-20,224.06443786621094
2025-06-23,225.4579315185547
2025-06-24,234.00804138183594
2025-06-25,236.10824584960938
2025-06-26,237.9595947265625
2025-06-27,237.7505645751953
2025-06-30,237.59132385253906
2025-07-01,236.51632690429688
2025-07-02,241.01535034179688
2025-07-03,242.2097625732422
2025-07-07,237.6709442138672
2025-07-08,242.2097625732422
2025-07-09,242.9861297607422
2025-07-10,245.4048614501953
2025-07-11,245.02662658691406
2025-07-14,242.69749450683594
2025-07-15,245.1162109375
2025-07-16,244.44932556152344
2025-07-17,245.38494873046875
2025-07-18,245.58401489257812
2025-07-21,245.80300903320312
2025-07-22,242.40882873535156
2025-07-23,240.93569946289062
2025-07-24,240.4380340576172
2025-07-25,240.4181365966797
2025-07-28,244.60858154296875
2025-07-29,245.04652404785156
2025-07-30,246.79835510253906
2025-07-31,238.9151153564453
2025-08-01,236.1381072998047
2025-08-04,239.28341674804688
2025-08-05,237.62118530273438
2025-08-06,235.8295440673828
2025-08-07,239.72137451171875
2025-08-08,241.741943359375
2025-08-11,241.2841033935547
2025-08-12,248.9980926513672
2025-08-13,252.70083618164062
2025-08-14,252.9595947265625
2025-08-15,247.16664123535156
2025-08-18,247.89324951171875
2025-08-19,244.0113525390625
2025-08-20,242.60791015625
2025-08-21,241.2343292236328
2025-08-22,247.93304443359375
2025-08-25,247.35574340820312
2025-08-26,249.68490600585938
2025-08-27,250.172607421875
2025-08-28,251.37698364257812
2025-08-29,244.1805877685547
2025-09-02,241.7021484375
2025-09-03,240.55746459960938
2025-09-04,243.03591918945312
2025-09-05,245.9025421142578
2025-09-08,247.69418334960938
2025-09-09,247.9031982421875
2025-09-10,252.27281188964844
2025-09-11,254.00473022460938
2025-09-12,254.45265197753906
2025-09-15,256.60260009765625
2025-09-16,257.9201965332031
2025-09-17,257.870361328125
2025-09-18,266.8872985839844
2025-09-19,265.1816101074219
2025-09-22,269.1415100097656
2025-09-23,268.82232666015625
2025-09-24,268.41339111328125
2025-09-25,267.5555725097656
2025-09-26,268.1440734863281
2025-09-29,268.2438049316406
2025-09-30,270.42822265625
2025-10-01,275.6348876953125
2025-10-02,280.9712829589844
2025-10-03,279.2456970214844
2025-10-06,287.62420654296875
2025-10-07,281.1907043457031
2025-10-08,290.796142578125
2025-10-09,289.4495849609375
2025-10-10,271.2960205078125
2025-10-13,284.14312744140625
2025-10-14,278.3180236816406
2025-10-15,286.9060974121094
2025-10-16,288.24267578125
2025-10-17,287.4347229003906
2025-10-20,292.2225036621094
2025-10-21,290.586669921875
2025-10-22,283.4050598144531
2025-10-23,290.3173522949219
2025-10-24,295.1051025390625
2025-10-27,303.30413818359375
2025-10-28,303.6731872558594
2025-10-29,308.81005859375
2025-10-30,304.6307373046875
2025-10-31,305.767822265625
2025-11-03,307.5931701660156
2025-11-04,295.50408935546875
2025-11-05,304.6905822753906
2025-11-06,296.74090576171875
2025-11-07,293.62890625
2025-11-10,301.2294616699219
2025-11-11,294.3969421386719
2025-11-12,298.9053955078125
2025-11-13,288.6416320800781
2025-11-14,287.7838439941406
2025-11-17,282.83648681640625
2025-11-18,276.2732849121094
2025-11-19,280.8914489746094
2025-11-20,267.4159240722656
2025-11-21,270.1389465332031
2025-11-24,281.9786682128906
2025-11-25,282.8564453125
2025-11-26,290.6465148925781
2025-11-28,295.9828796386719
2025-12-01,296.16241455078125
2025-12-02,302.0672912597656
2025-12-03,308.5706787109375
2025-12-04,305.49853515625
2025-12-05,308.6105651855469
2025-12-08,311.9620056152344
2025-12-09,311.38348388671875
2025-12-10,315.5228576660156
2025-12-11,313.7174987792969
2025-12-12,298.7158508300781
2025-12-15,297.2496337890625
2025-12-16,295.87713623046875
2025-12-17,284.9190979003906
2025-12-18,291.7216796875
2025-12-19,299.4831848144531
2025-12-22,303.5087890625
2025-12-23,304.6275634765625
2025-12-24,305.8063049316406
2025-12-26,305.7063903808594
2025-12-29,304.9871826171875
2025-12-30,304.587646484375
2025-12-31,300.82171630859375
2026-01-02,313.3480529785156
2026-01-05,317.7132873535156
2026-01-06,327.9920654296875
2026-01-07,324.5358581542969
2026-01-08,319.23162841796875
2026-01-09,328.421630859375
2026-01-12,329.9898986816406
2026-01-13,332.9366760253906
2026-01-14,331.5382080078125
2026-01-15,336.8524169921875
2026-01-16,342.0967102050781
2026-01-20,336.9822692871094
2026-01-21,347.760498046875
2026-01-22,348.2899475097656
2026-01-23,344.3342590332031
2026-01-26,342.696044921875
2026-01-27,350.6972961425781
2026-01-28,360.06707763671875
2026-01-29,360.736328125
2026-01-30,345.9224853515625
2026-02-02,352.3055725097656
2026-02-03,345.26324462890625
2026-02-04,330.0198669433594
2026-02-05,330.4693603515625
2026-02-06,348.130126953125
2026-02-09,352.38543701171875
2026-02-10,351.0469055175781
2026-02-11,359.807373046875
2026-02-12,351.1168518066406
2026-02-13,354.2734069824219
2026-02-17,353.7140197753906
2026-02-18,357.52984619140625
2026-02-19,355.4521179199219
2026-02-20,359.0382080078125
2026-02-23,356.4310302734375
2026-02-24,361.6453552246094
2026-02-25,367.598876953125
2026-02-26,356.41107177734375
2026-02-27,351.906005859375
2026-03-02,351.6662292480469
2026-03-03,334.4150695800781
2026-03-04,341.1676940917969
2026-03-05,337.391845703125
2026-03-06,323.1573791503906
2026-03-09,336.00335693359375
2026-03-10,338.440673828125
2026-03-11,341.71710205078125
2026-03-12,329.830078125
2026-03-13,330.9588623046875
2026-03-16,337.46173095703125
2026-03-17,340.0885009765625
2026-03-18,338.12945556640625
2026-03-19,340.0385437011719
2026-03-20,332.3522033691406
2026-03-23,336.43023681640625
2026-03-24,340.8581237792969
2026-03-25,345.08612060546875
2026-03-26,328.69390869140625
2026-03-27,323.32647705078125
2026-03-30,309.6429748535156
2026-03-31,328.5039978027344
2026-04-01,338.37933349609375
2026-04-02,339.44879150390625
2026-04-06,343.9366760253906
2026-04-07,347.5949401855469
2026-04-08,370.22418212890625
2026-04-09,378.4502868652344
2026-04-10,386.41650390625
2026-04-13,393.1532897949219
2026-04-14,401.049560546875
2026-04-15,401.66925048828125
2026-04-16,405.75732421875
2026-04-17,415.5126953125
2026-04-20,417.351806640625
2026-04-21,420.5003356933594
2026-04-22,431.5650634765625
2026-04-23,440.7906799316406
2026-04-24,461.38092041015625
2026-04-27,455.19384765625
2026-04-28,438.50177001953125
2026-04-29,449.7763977050781
2026-04-30,461.2209777832031
2026-05-01,465.5289306640625
2026-05-04,461.8406982421875
2026-05-05,482.5008850097656
2026-05-06,506.6294250488281
2026-05-07,492.12628173828125
2026-05-08,520.0530395507812
2026-05-11,532.5071411132812
2026-05-12,515.7450561523438
2026-05-13,528.0392456054688
2026-05-14,529.7784423828125
2026-05-15,508.27862548828125
2026-05-18,495.6346435546875
2026-05-19,496.50421142578125
2026-05-20,520.0630493164062
2026-05-21,524.4609985351562
2026-05-22,537.0750122070312
2026-05-26,569.8194580078125
2026-05-27,563.7122802734375
2026-05-28,569.19970703125
2026-05-29,568.8099365234375
2026-06-01,571.6585083007812
2026-06-02,604.7328491210938
2026-06-03,615.3877563476562
2026-06-04,602.4338989257812
2026-06-05,539.5138549804688
2026-06-08,571.1787719726562
2026-06-09,561.8732299804688
2026-06-10,541.2529907226562
2026-06-11,586.6514282226562
2026-06-12,595.9669799804688
2026-06-15,628.4500122070312
2026-06-16,591.239990234375
2026-06-17,599.72998046875
2026-06-18,639.4500122070312
2026-06-22,655.010009765625
2026-06-23,603.3900146484375
2026-06-24,601.5
2026-06-25,625.2000122070312
2026-06-26,589.9400024414062
2026-06-29,614.3499755859375
2026-06-30,640.760009765625
2026-07-01,599.7000122070312
2026-07-02,566.3200073242188
2026-07-06,581.510009765625
2026-07-07,551.6900024414062
2026-07-08,562.030029296875
2026-07-09,581.7000122070312
2026-07-10,581.3400268554688
2026-07-13,553.6099853515625
2026-07-14,567.9199829101562
2026-07-15,555.27001953125
2026-07-16,530.5
2026-07-17,521.8099975585938
2026-07-20,524.1400146484375
2026-07-21,552.6900024414062
2026-07-22,555.52001953125
2026-07-23,551.239990234375
2026-07-24,527.010009765625
2026-07-27,516.22998046875
2026-07-28,491.4599914550781
2026-07-29,465.0
2026-07-30,504.5299987792969
2026-07-31,504.8900146484375
2026-08-03,507.67999267578125
2026-08-04,542.2100219726562
2026-08-05,530.7000122070312
2026-08-06,532.52001953125
2026-08-07,543.27001953125
2026-08-10,529.3900146484375
2026-08-11,534.2000122070312
2026-08-12,546.6099853515625
2026-08-13,550.739990234375
2026-08-14,550.4199829101562
2026-08-17,559.1199951171875
2026-08-18,531.3900146484375
2026-08-19,519.6699829101562
2026-08-20,522.3499755859375
2026-08-21,520.0499877929688
2026-08-24,506.17999267578125
2026-08-25,514.0599975585938
2026-08-26,515.4000244140625
2026-08-27,525.4299926757812
2026-08-28,508.6199951171875
2026-08-31,511.0400085449219
2026-09-01,500.30999755859375
2026-09-02,501.44000244140625
2026-09-03,502.20001220703125
2026-09-04,519.8599853515625
2026-09-08,528.4000244140625
2026-09-09,532.0
2026-09-10,517.4299926757812
2026-09-11,527.0700073242188
