date,value
2010-01-04,84.57847595214844
2010-01-05,84.80238342285156
2010-01-06,84.8620834350586
2010-01-07,85.22028350830078
2010-01-08,85.50391387939453
2010-01-11,85.62332153320312
2010-01-12,84.82475280761719
2010-01-13,85.54122924804688
2010-01-14,85.77257537841797
2010-01-15,84.80986022949219
2010-01-19,85.86958312988281
2010-01-20,84.99640655517578
2010-01-21,83.3620376586914
2010-01-22,81.50374603271484
2010-01-25,81.92164611816406
2010-01-26,81.57833099365234
2010-01-27,81.96643829345703
2010-01-28,81.02607727050781
2010-01-29,80.14546966552734
2010-02-01,81.39176177978516
2010-02-02,82.37689208984375
2010-02-03,81.96643829345703
2010-02-04,79.43647003173828
2010-02-05,79.60064697265625
2010-02-08,79.02599334716797
2010-02-09,80.01854705810547
2010-02-10,79.8618392944336
2010-02-11,80.69771575927734
2010-02-12,80.63056945800781
2010-02-16,81.89924621582031
2010-02-17,82.28736114501953
2010-02-18,82.7724609375
2010-02-19,82.94410705566406
2010-02-22,82.95902252197266
2010-02-23,81.95147705078125
2010-02-24,82.70526885986328
2010-02-25,82.59329223632812
2010-02-26,82.64556884765625
2010-03-01,83.5038070678711
2010-03-02,83.73513793945312
2010-03-03,83.80982208251953
2010-03-04,84.06352996826172
2010-03-05,85.2650375366211
2010-03-08,85.28001403808594
2010-03-09,85.42179870605469
2010-03-10,85.80243682861328
2010-03-11,86.16065216064453
2010-03-12,86.1680679321289
2010-03-15,86.19049072265625
2010-03-16,86.87712097167969
2010-03-17,87.39203643798828
2010-03-18,87.34729766845703
2010-03-19,86.9051284790039
2010-03-22,87.36974334716797
2010-03-23,87.98422241210938
2010-03-24,87.55705261230469
2010-03-25,87.41470336914062
2010-03-26,87.36225128173828
2010-03-29,87.91678619384766
2010-03-30,87.97675323486328
2010-03-31,87.677001953125
2010-04-01,88.27647399902344
2010-04-05,88.99590301513672
2010-04-06,89.20572662353516
2010-04-07,88.69612884521484
2010-04-08,89.0033950805664
2010-04-09,89.58789825439453
2010-04-12,89.73028564453125
2010-04-13,89.7977066040039
2010-04-14,90.81686401367188
2010-04-15,90.89183044433594
2010-04-16,89.44550323486328
2010-04-19,89.78274536132812
2010-04-20,90.58452606201172
2010-04-21,90.41971588134766
2010-04-22,90.6894760131836
2010-04-23,91.28148651123047
2010-04-26,90.93675231933594
2010-04-27,88.78606414794922
2010-04-28,89.46047973632812
2010-04-29,90.56958770751953
2010-04-30,89.03335571289062
2010-05-03,90.1874008178711
2010-05-04,88.0666732788086
2010-05-05,87.54209899902344
2010-05-06,84.634521484375
2010-05-07,83.37555694580078
2010-05-10,87.0475082397461
2010-05-11,86.80022430419922
2010-05-12,88.01421356201172
2010-05-13,86.92012023925781
2010-05-14,85.34644317626953
2010-05-17,85.3913803100586
2010-05-18,84.2298355102539
2010-05-19,83.750244140625
2010-05-20,80.58788299560547
2010-05-21,81.764404296875
2010-05-24,80.71527099609375
2010-05-25,80.7977066040039
2010-05-26,80.31060028076172
2010-05-27,83.00090026855469
2010-05-28,81.95928955078125
2010-06-01,80.58038330078125
2010-06-02,82.67866516113281
2010-06-03,82.96340942382812
2010-06-04,80.04835510253906
2010-06-07,79.05165100097656
2010-06-08,79.89846801757812
2010-06-09,79.47132110595703
2010-06-10,81.79438018798828
2010-06-11,82.19158172607422
2010-06-14,82.06417083740234
2010-06-15,83.93013000488281
2010-06-16,83.90013885498047
2010-06-17,84.0350112915039
2010-06-18,84.12614440917969
2010-06-21,83.88520812988281
2010-06-22,82.499755859375
2010-06-23,82.24378204345703
2010-06-24,80.88095092773438
2010-06-25,81.21977996826172
2010-06-28,80.9637680053711
2010-06-29,78.46400451660156
2010-06-30,77.71858978271484
2010-07-01,77.37225341796875
2010-07-02,76.9505844116211
2010-07-06,77.45503997802734
2010-07-07,79.89458465576172
2010-07-08,80.68519592285156
2010-07-09,81.28754425048828
2010-07-12,81.34025573730469
2010-07-13,82.56752014160156
2010-07-14,82.56002044677734
2010-07-15,82.58259582519531
2010-07-16,80.30870819091797
2010-07-19,80.78305053710938
2010-07-20,81.67908477783203
2010-07-21,80.617431640625
2010-07-22,82.4169692993164
2010-07-23,83.1322250366211
2010-07-26,83.99813842773438
2010-07-27,83.99060821533203
2010-07-28,83.448486328125
2010-07-29,83.04188537597656
2010-07-30,83.02681732177734
2010-08-02,84.90164947509766
2010-08-03,84.49504852294922
2010-08-04,85.05978393554688
2010-08-05,84.96942901611328
2010-08-06,84.6230697631836
2010-08-09,85.07484436035156
2010-08-10,84.61553955078125
2010-08-11,82.29646301269531
2010-08-12,81.7919921875
2010-08-13,81.55107116699219
2010-08-16,81.51341247558594
2010-08-17,82.51483917236328
2010-08-18,82.66543579101562
2010-08-19,81.22730255126953
2010-08-20,80.9637680053711
2010-08-23,80.65508270263672
2010-08-24,79.4578857421875
2010-08-25,79.76660919189453
2010-08-26,79.23202514648438
2010-08-27,80.45932006835938
2010-08-30,79.29224395751953
2010-08-31,79.29224395751953
2010-09-01,81.66401672363281
2010-09-02,82.42446899414062
2010-09-03,83.49363708496094
2010-09-07,82.55247497558594
2010-09-08,83.1322250366211
2010-09-09,83.51626586914062
2010-09-10,83.93789672851562
2010-09-13,84.87153625488281
2010-09-14,84.81883239746094
2010-09-15,85.14261627197266
2010-09-16,85.1200180053711
2010-09-17,85.15177917480469
2010-09-20,86.45379638671875
2010-09-21,86.27970123291016
2010-09-22,85.85578918457031
2010-09-23,85.15937042236328
2010-09-24,86.91556549072266
2010-09-27,86.49922943115234
2010-09-28,86.8020248413086
2010-09-29,86.65062713623047
2010-09-30,86.39323425292969
2010-10-01,86.75657653808594
2010-10-04,86.10557556152344
2010-10-05,87.83906555175781
2010-10-06,87.83146667480469
2010-10-07,87.72550964355469
2010-10-08,88.21754455566406
2010-10-11,88.30082702636719
2010-10-12,88.57331848144531
2010-10-13,89.26213073730469
2010-10-14,88.91399383544922
2010-10-15,89.09562683105469
2010-10-18,89.53466033935547
2010-10-19,88.36136627197266
2010-10-20,89.22433471679688
2010-10-21,89.42111206054688
2010-10-22,89.58769226074219
2010-10-25,89.85258483886719
2010-10-26,89.86773681640625
2010-10-27,89.61036682128906
2010-10-28,89.62550354003906
2010-10-29,89.69361877441406
2010-11-01,89.72392272949219
2010-11-02,90.4354476928711
2010-11-03,90.79885864257812
2010-11-04,92.54743194580078
2010-11-05,92.8956298828125
2010-11-08,92.7215347290039
2010-11-09,92.05538940429688
2010-11-10,92.42633056640625
2010-11-11,92.0781021118164
2010-11-12,90.9880599975586
2010-11-15,90.859375
2010-11-16,89.44380950927734
2010-11-17,89.48925018310547
2010-11-18,90.8064193725586
2010-11-19,91.05622100830078
2010-11-22,90.98048400878906
2010-11-23,89.66333770751953
2010-11-24,90.9880599975586
2010-11-26,89.92829895019531
2010-11-29,90.20081329345703
2010-11-30,89.69361877441406
2010-12-01,91.6011962890625
2010-12-02,92.77450561523438
2010-12-03,93.0242919921875
2010-12-06,92.92591094970703
2010-12-07,92.9788818359375
2010-12-08,93.31953430175781
2010-12-09,93.68289184570312
2010-12-10,94.2278823852539
2010-12-13,94.2884750366211
2010-12-14,94.37171936035156
2010-12-15,93.94023895263672
2010-12-16,94.48528289794922
2010-12-17,94.58648681640625
2010-12-20,94.81478881835938
2010-12-21,95.41593933105469
2010-12-22,95.71268463134766
2010-12-23,95.57572937011719
2010-12-27,95.61377716064453
2010-12-28,95.75074005126953
2010-12-29,95.81922912597656
2010-12-30,95.66706085205078
2010-12-31,95.6898422241211
2011-01-03,96.67910766601562
2011-01-04,96.62584686279297
2011-01-05,97.1280288696289
2011-01-06,96.93782043457031
2011-01-07,96.74759674072266
2011-01-10,96.62584686279297
2011-01-11,96.96826934814453
2011-01-12,97.84335327148438
2011-01-13,97.6835708618164
2011-01-14,98.3912353515625
2011-01-18,98.55863189697266
2011-01-19,97.59223937988281
2011-01-20,97.46289825439453
2011-01-21,97.6835708618164
2011-01-24,98.23907470703125
2011-01-25,98.29232025146484
2011-01-26,98.67278289794922
2011-01-27,98.91629791259766
2011-01-28,97.1889419555664
2011-01-31,97.91943359375
2011-02-01,99.48702239990234
2011-02-02,99.29678344726562
2011-02-03,99.51747131347656
2011-02-04,99.79903411865234
2011-02-07,100.42295837402344
2011-02-08,100.87957000732422
2011-02-09,100.65127563476562
2011-02-10,100.6893310546875
2011-02-11,101.29048156738281
2011-02-14,101.53399658203125
2011-02-15,101.21438598632812
2011-02-16,101.85359191894531
2011-02-17,102.15797424316406
2011-02-18,102.37104034423828
2011-02-22,100.31645965576172
2011-02-23,99.7000961303711
2011-02-24,99.63160705566406
2011-02-25,100.69694519042969
2011-02-28,101.32090759277344
2011-03-01,99.63160705566406
2011-03-02,99.84468078613281
2011-03-03,101.56441497802734
2011-03-04,100.803466796875
2011-03-07,100.01203918457031
2011-03-08,100.88719177246094
2011-03-09,100.7425765991211
2011-03-10,98.87825012207031
2011-03-11,99.56311798095703
2011-03-14,98.96194458007812
2011-03-15,97.8281478881836
2011-03-16,96.01705932617188
2011-03-17,97.28784942626953
2011-03-18,97.64171600341797
2011-03-21,99.15497589111328
2011-03-22,98.8110122680664
2011-03-23,99.09382629394531
2011-03-24,100.04146575927734
2011-03-25,100.34718322753906
2011-03-28,100.10263061523438
2011-03-29,100.77516174316406
2011-03-30,101.4706802368164
2011-03-31,101.33308410644531
2011-04-01,101.76106262207031
2011-04-04,101.84513092041016
2011-04-05,101.82987213134766
2011-04-06,102.1508560180664
2011-04-07,101.89102172851562
2011-04-08,101.5394287109375
2011-04-11,101.23372650146484
2011-04-12,100.47712707519531
2011-04-13,100.46945190429688
2011-04-14,100.54591369628906
2011-04-15,100.9127426147461
2011-04-18,99.78165435791016
2011-04-19,100.3548355102539
2011-04-20,101.72286224365234
2011-04-21,102.2425537109375
2011-04-25,102.13560485839844
2011-04-26,103.01445770263672
2011-04-27,103.68699645996094
2011-04-28,104.02328491210938
2011-04-29,104.26782989501953
2011-05-02,104.10733032226562
2011-05-03,103.7328872680664
2011-05-04,103.0450210571289
2011-05-05,102.11264038085938
2011-05-06,102.56355285644531
2011-05-09,102.96094512939453
2011-05-10,103.83985900878906
2011-05-11,102.74697875976562
2011-05-12,103.236083984375
2011-05-13,102.44127655029297
2011-05-16,101.79165649414062
2011-05-17,101.77638244628906
2011-05-18,102.68584442138672
2011-05-19,102.93038177490234
2011-05-20,102.11264038085938
2011-05-23,100.92800903320312
2011-05-24,100.84395599365234
2011-05-25,101.18022155761719
2011-05-26,101.64643096923828
2011-05-27,102.03621673583984
2011-05-31,103.0985107421875
2011-06-01,100.78280639648438
2011-06-02,100.6758041381836
2011-06-03,99.67464447021484
2011-06-06,98.61997985839844
2011-06-07,98.55882263183594
2011-06-08,98.1461181640625
2011-06-09,98.8951416015625
2011-06-10,97.51940155029297
2011-06-13,97.59587097167969
2011-06-14,98.83397674560547
2011-06-15,97.07617950439453
2011-06-16,97.29013061523438
2011-06-17,97.58047485351562
2011-06-20,98.0797119140625
2011-06-21,99.42378997802734
2011-06-22,98.82471466064453
2011-06-23,98.54056549072266
2011-06-24,97.39613342285156
2011-06-27,98.2640380859375
2011-06-28,99.54666137695312
2011-06-29,100.39922332763672
2011-06-30,101.35929107666016
2011-07-01,102.85694122314453
2011-07-05,102.77251434326172
2011-07-06,102.89537811279297
2011-07-07,103.96294403076172
2011-07-08,103.22564697265625
2011-07-11,101.35929107666016
2011-07-12,100.92149353027344
2011-07-13,101.25946044921875
2011-07-14,100.56050872802734
2011-07-15,101.14421844482422
2011-07-18,100.31472778320312
2011-07-19,101.94297790527344
2011-07-20,101.88152313232422
2011-07-21,103.2947998046875
2011-07-22,103.3638916015625
2011-07-25,102.78785705566406
2011-07-26,102.40381622314453
2011-07-27,100.30704498291016
2011-07-28,100.01518249511719
2011-07-29,99.33162689208984
2011-08-01,98.90921020507812
2011-08-02,96.38230895996094
2011-08-03,96.9045639038086
2011-08-04,92.36544799804688
2011-08-05,92.22715759277344
2011-08-08,86.22103881835938
2011-08-09,90.23028564453125
2011-08-10,86.24407958984375
2011-08-11,90.11505126953125
2011-08-12,90.72181701660156
2011-08-15,92.64192962646484
2011-08-16,91.85083770751953
2011-08-17,91.91227722167969
2011-08-18,87.94918060302734
2011-08-19,86.51290893554688
2011-08-22,86.58203125
2011-08-23,89.43148803710938
2011-08-24,90.69109344482422
2011-08-25,89.30862426757812
2011-08-26,90.60662078857422
2011-08-29,93.21031188964844
2011-08-30,93.45606994628906
2011-08-31,93.87078857421875
2011-09-01,92.88774871826172
2011-09-02,90.51445007324219
2011-09-06,89.85391235351562
2011-09-07,92.38849639892578
2011-09-08,91.42840576171875
2011-09-09,89.03209686279297
2011-09-12,89.60816192626953
2011-09-13,90.4299545288086
2011-09-14,91.681884765625
2011-09-15,93.26403045654297
2011-09-16,93.81603240966797
2011-09-19,92.88189697265625
2011-09-20,92.77381134033203
2011-09-21,90.04083251953125
2011-09-22,87.13034057617188
2011-09-23,87.65530395507812
2011-09-26,89.73977661132812
2011-09-27,90.74337768554688
2011-09-28,88.89056396484375
2011-09-29,89.59310913085938
2011-09-30,87.35420989990234
2011-10-03,84.86830139160156
2011-10-04,86.72888946533203
2011-10-05,88.33468627929688
2011-10-06,89.93277740478516
2011-10-07,89.33055877685547
2011-10-10,92.31832122802734
2011-10-11,92.41098022460938
2011-10-12,93.22159576416016
2011-10-13,93.03628540039062
2011-10-14,94.62666320800781
2011-10-17,92.82015228271484
2011-10-18,94.6343994140625
2011-10-19,93.51496887207031
2011-10-20,93.92411041259766
2011-10-21,95.70751953125
2011-10-24,96.88096618652344
2011-10-25,94.99727630615234
2011-10-26,95.96227264404297
2011-10-27,99.30511474609375
2011-10-28,99.28196716308594
2011-10-31,96.88868713378906
2011-11-01,94.18659210205078
2011-11-02,95.72291564941406
2011-11-03,97.46769714355469
2011-11-04,96.8732681274414
2011-11-07,97.4754409790039
2011-11-08,98.72608184814453
2011-11-09,95.08214569091797
2011-11-10,95.97772216796875
2011-11-11,97.78425598144531
2011-11-14,96.85779571533203
2011-11-15,97.33646392822266
2011-11-16,95.79241180419922
2011-11-17,94.27153015136719
2011-11-18,94.17118072509766
2011-11-21,92.38009643554688
2011-11-22,92.0172119140625
2011-11-23,89.9867935180664
2011-11-25,89.8169937133789
2011-11-28,92.41865539550781
2011-11-29,92.68116760253906
2011-11-30,96.49494934082031
2011-12-01,96.47952270507812
2011-12-02,96.39460754394531
2011-12-05,97.4445571899414
2011-12-06,97.4754409790039
2011-12-07,97.83830261230469
2011-12-08,95.69207000732422
2011-12-09,97.31329345703125
2011-12-12,95.89276885986328
2011-12-13,94.99727630615234
2011-12-14,93.98587799072266
2011-12-15,94.3255615234375
2011-12-16,94.46540832519531
2011-12-19,93.4554672241211
2011-12-20,96.28340148925781
2011-12-21,96.4698715209961
2011-12-22,97.32447052001953
2011-12-23,98.19461059570312
2011-12-27,98.27235412597656
2011-12-28,96.98262786865234
2011-12-29,97.9848861694336
2011-12-30,97.503173828125
2012-01-03,99.0569839477539
2012-01-04,99.2123794555664
2012-01-05,99.47655487060547
2012-01-06,99.22016143798828
2012-01-09,99.46100616455078
2012-01-10,100.3233871459961
2012-01-11,100.37776184082031
2012-01-12,100.61859130859375
2012-01-13,100.09808349609375
2012-01-17,100.48653411865234
2012-01-18,101.59751892089844
2012-01-19,102.13359069824219
2012-01-20,102.51428985595703
2012-01-23,102.25015258789062
2012-01-24,102.13359069824219
2012-01-25,102.98819732666016
2012-01-26,102.45993041992188
2012-01-27,102.41329193115234
2012-01-30,102.06369018554688
2012-01-31,102.02482604980469
2012-02-01,102.9183120727539
2012-02-02,103.08145904541016
2012-02-03,104.52653503417969
2012-02-06,104.45659637451172
2012-02-07,104.7207260131836
2012-02-08,105.0315170288086
2012-02-09,105.16358947753906
2012-02-10,104.38668060302734
2012-02-13,105.16358947753906
2012-02-14,105.0315170288086
2012-02-15,104.54205322265625
2012-02-16,105.69965362548828
2012-02-17,105.97935485839844
2012-02-21,106.02593994140625
2012-02-22,105.68412017822266
2012-02-23,106.15027618408203
2012-02-24,106.38330078125
2012-02-27,106.56206512451172
2012-02-28,106.87276458740234
2012-02-29,106.45326232910156
2012-03-01,107.00492858886719
2012-03-02,106.6785659790039
2012-03-05,106.24351501464844
2012-03-06,104.68965148925781
2012-03-07,105.41999053955078
2012-03-08,106.46881103515625
2012-03-09,106.88056945800781
2012-03-12,106.88836669921875
2012-03-13,108.81510925292969
2012-03-14,108.69860076904297
2012-03-15,109.327880859375
2012-03-16,109.47923278808594
2012-03-19,109.90843200683594
2012-03-20,109.58850860595703
2012-03-21,109.40901947021484
2012-03-22,108.62090301513672
2012-03-23,108.9720458984375
2012-03-26,110.50147247314453
2012-03-27,110.1581039428711
2012-03-28,109.61190032958984
2012-03-29,109.42462921142578
2012-03-30,109.87718963623047
2012-04-02,110.6809310913086
2012-04-03,110.22836303710938
2012-04-04,109.13592529296875
2012-04-05,109.0812759399414
2012-04-09,107.85614013671875
2012-04-10,106.04583740234375
2012-04-11,106.90418243408203
2012-04-12,108.30095672607422
2012-04-13,107.01338958740234
2012-04-16,106.94318389892578
2012-04-17,108.52725219726562
2012-04-18,108.16046142578125
2012-04-19,107.46600341796875
2012-04-20,107.64544677734375
2012-04-23,106.74029541015625
2012-04-24,107.14606475830078
2012-04-25,108.61310577392578
2012-04-26,109.36998748779297
2012-04-27,109.54949188232422
2012-04-30,109.14366912841797
2012-05-01,109.82258605957031
2012-05-02,109.49486541748047
2012-05-03,108.65994262695312
2012-05-04,106.90418243408203
2012-05-07,106.98218536376953
2012-05-08,106.55300903320312
2012-05-09,105.92098236083984
2012-05-10,106.13944244384766
2012-05-11,105.81951904296875
2012-05-14,104.6490478515625
2012-05-15,104.0482177734375
2012-05-16,103.65025329589844
2012-05-17,102.11299133300781
2012-05-18,101.2390365600586
2012-05-21,102.97917175292969
2012-05-22,103.15862274169922
2012-05-23,103.21327209472656
2012-05-24,103.41613006591797
2012-05-25,103.08061218261719
2012-05-29,104.32913970947266
2012-05-30,102.81529235839844
2012-05-31,102.5889892578125
2012-06-01,100.00613403320312
2012-06-04,99.95928192138672
2012-06-05,100.71623992919922
2012-06-06,102.97917175292969
2012-06-07,103.0416030883789
2012-06-08,103.86094665527344
2012-06-11,102.54217529296875
2012-06-12,103.72046661376953
2012-06-13,103.05723571777344
2012-06-14,104.14964294433594
2012-06-15,105.21480560302734
2012-06-18,105.41873168945312
2012-06-19,106.43843078613281
2012-06-20,106.26587677001953
2012-06-21,103.88141632080078
2012-06-22,104.68144226074219
2012-06-25,103.00289916992188
2012-06-26,103.52056884765625
2012-06-27,104.45394897460938
2012-06-28,104.15589904785156
2012-06-29,106.75215911865234
2012-07-02,107.07376861572266
2012-07-03,107.7796859741211
2012-07-05,107.29336547851562
2012-07-06,106.27371978759766
2012-07-09,106.14035034179688
2012-07-10,105.21480560302734
2012-07-11,105.23047637939453
2012-07-12,104.72066497802734
2012-07-13,106.4776382446289
2012-07-16,106.22664642333984
2012-07-17,106.95612335205078
2012-07-18,107.74829864501953
2012-07-19,108.03070068359375
2012-07-20,107.0423583984375
2012-07-23,105.95997619628906
2012-07-24,105.05009460449219
2012-07-25,105.07361602783203
2012-07-26,106.80709075927734
2012-07-27,108.77583312988281
2012-07-30,108.77583312988281
2012-07-31,108.01500701904297
2012-08-01,107.9208755493164
2012-08-02,107.17574310302734
2012-08-03,109.30133819580078
2012-08-06,109.51309967041016
2012-08-07,110.06220245361328
2012-08-08,110.19552612304688
2012-08-09,110.28968048095703
2012-08-10,110.4700698852539
2012-08-13,110.41515350341797
2012-08-14,110.43085479736328
2012-08-15,110.55632781982422
2012-08-16,111.37206268310547
2012-08-17,111.52106475830078
2012-08-20,111.52896118164062
2012-08-21,111.19170379638672
2012-08-22,111.23873901367188
2012-08-23,110.3288803100586
2012-08-24,110.99555206298828
2012-08-27,111.01909637451172
2012-08-28,110.90930938720703
2012-08-29,110.99555206298828
2012-08-30,110.19552612304688
2012-08-31,110.72106170654297
2012-09-04,110.61908721923828
2012-09-05,110.52497100830078
2012-09-06,112.76828002929688
2012-09-07,113.20752716064453
2012-09-10,112.56431579589844
2012-09-11,112.8780517578125
2012-09-12,113.25454711914062
2012-09-13,114.98018646240234
2012-09-14,115.49000549316406
2012-09-17,115.09782409667969
2012-09-18,115.00369262695312
2012-09-19,115.06639099121094
2012-09-20,115.07431030273438
2012-09-21,115.02616119384766
2012-09-24,114.85269927978516
2012-09-25,113.63043212890625
2012-09-26,112.99173736572266
2012-09-27,114.05625915527344
2012-09-28,113.5279541015625
2012-10-01,113.82759094238281
2012-10-02,113.94587707519531
2012-10-03,114.4111099243164
2012-10-04,115.23123931884766
2012-10-05,115.2391128540039
2012-10-08,114.84483337402344
2012-10-09,113.70930480957031
2012-10-10,112.98381805419922
2012-10-11,113.04692077636719
2012-10-12,112.67633819580078
2012-10-15,113.61470031738281
2012-10-16,114.76598358154297
2012-10-17,115.28643035888672
2012-10-18,114.98674011230469
2012-10-19,113.07057189941406
2012-10-22,113.08637237548828
2012-10-23,111.51716613769531
2012-10-24,111.20170593261719
2012-10-25,111.52501678466797
2012-10-26,111.46196746826172
2012-10-31,111.46196746826172
2012-11-01,112.62898254394531
2012-11-02,111.62751007080078
2012-11-05,111.85621643066406
2012-11-06,112.73150634765625
2012-11-07,110.1766128540039
2012-11-08,108.85181427001953
2012-11-09,108.94647979736328
2012-11-12,109.03318786621094
2012-11-13,108.6546859741211
2012-11-14,107.18795776367188
2012-11-15,107.00664520263672
2012-11-16,107.53491973876953
2012-11-19,109.7113265991211
2012-11-20,109.75865173339844
2012-11-21,109.96369171142578
2012-11-23,111.46196746826172
2012-11-26,111.22537231445312
2012-11-27,110.65760803222656
2012-11-28,111.54866790771484
2012-11-29,112.06910705566406
2012-11-30,112.09278106689453
2012-12-03,111.54078674316406
2012-12-04,111.38308715820312
2012-12-05,111.58023071289062
2012-12-06,111.9587631225586
2012-12-07,112.29776763916016
2012-12-10,112.34513092041016
2012-12-11,113.11001586914062
2012-12-12,113.16522979736328
2012-12-13,112.47128295898438
2012-12-14,112.05337524414062
2012-12-17,113.3702621459961
2012-12-18,114.63191223144531
2012-12-19,113.78031158447266
2012-12-20,114.4347915649414
2012-12-21,113.39603424072266
2012-12-24,113.04662322998047
2012-12-26,112.57010650634766
2012-12-27,112.419189453125
2012-12-28,111.20419311523438
2012-12-31,113.09427642822266
2013-01-02,115.9928970336914
2013-01-03,115.7308120727539
2013-01-04,116.23904418945312
2013-01-07,115.92142486572266
2013-01-08,115.5879135131836
2013-01-09,115.88170623779297
2013-01-10,116.80292510986328
2013-01-11,116.79503631591797
2013-01-14,116.71560668945312
2013-01-15,116.79503631591797
2013-01-16,116.77904510498047
2013-01-17,117.53357696533203
2013-01-18,117.79561614990234
2013-01-22,118.4309310913086
2013-01-23,118.62150573730469
2013-01-24,118.65324401855469
2013-01-25,119.32038879394531
2013-01-28,119.17742156982422
2013-01-29,119.64596557617188
2013-01-30,119.17742156982422
2013-01-31,118.88358306884766
2013-02-01,120.10652923583984
2013-02-04,118.75653839111328
2013-02-05,119.95576477050781
2013-02-06,120.04302215576172
2013-02-07,119.88420104980469
2013-02-08,120.55128479003906
2013-02-11,120.52743530273438
2013-02-12,120.72602844238281
2013-02-13,120.82920837402344
2013-02-14,120.9404296875
2013-02-15,120.79756164550781
2013-02-19,121.70279693603516
2013-02-20,120.18595123291016
2013-02-21,119.45535278320312
2013-02-22,120.62272644042969
2013-02-25,118.32769775390625
2013-02-26,119.13768768310547
2013-02-27,120.6386489868164
2013-02-28,120.40039825439453
2013-03-01,120.79756164550781
2013-03-04,121.44073486328125
2013-03-05,122.52867126464844
2013-03-06,122.69549560546875
2013-03-07,122.91783905029297
2013-03-08,123.44193267822266
2013-03-11,123.9105224609375
2013-03-12,123.63253021240234
2013-03-13,123.80726623535156
2013-03-14,124.4664535522461
2013-03-15,124.30216217041016
2013-03-18,123.6160659790039
2013-03-19,123.32893371582031
2013-03-20,124.19039916992188
2013-03-21,123.12950897216797
2013-03-22,124.11865234375
2013-03-25,123.60009765625
2013-03-26,124.58924102783203
2013-03-27,124.58924102783203
2013-03-28,124.97218322753906
2013-04-01,124.47758483886719
2013-04-02,125.09178924560547
2013-04-03,123.82342529296875
2013-04-04,124.32603454589844
2013-04-05,123.76766967773438
2013-04-08,124.60523223876953
2013-04-09,125.03593444824219
2013-04-10,126.56752014160156
2013-04-11,126.98233795166016
2013-04-12,126.67123413085938
2013-04-15,123.73576354980469
2013-04-16,125.56245422363281
2013-04-17,123.72773742675781
2013-04-18,122.9540023803711
2013-04-19,124.02288055419922
2013-04-22,124.57333374023438
2013-04-23,125.85757446289062
2013-04-24,125.93731689453125
2013-04-25,126.44780731201172
2013-04-26,126.22452545166016
2013-04-29,127.07007598876953
2013-04-30,127.37313079833984
2013-05-01,126.25640106201172
2013-05-02,127.4289779663086
2013-05-03,128.72129821777344
2013-05-06,129.04827880859375
2013-05-07,129.70242309570312
2013-05-08,130.2926788330078
2013-05-09,129.92575073242188
2013-05-10,130.34852600097656
2013-05-13,130.45220947265625
2013-05-14,131.80026245117188
2013-05-15,132.51025390625
2013-05-16,131.88800048828125
2013-05-17,133.164306640625
2013-05-20,133.15635681152344
2013-05-21,133.34774780273438
2013-05-22,132.35861206054688
2013-05-23,131.9757843017578
2013-05-24,131.86412048339844
2013-05-28,132.65379333496094
2013-05-29,131.79229736328125
2013-05-30,132.27886962890625
2013-05-31,130.3804168701172
2013-06-03,131.09832763671875
2013-06-04,130.46817016601562
2013-06-05,128.64149475097656
2013-06-06,129.8060760498047
2013-06-07,131.45726013183594
2013-06-10,131.45726013183594
2013-06-11,130.10121154785156
2013-06-12,129.02435302734375
2013-06-13,130.98660278320312
2013-06-14,130.16502380371094
2013-06-17,131.1701202392578
2013-06-18,132.2071075439453
2013-06-19,130.3804168701172
2013-06-20,127.14972686767578
2013-06-21,127.55796813964844
2013-06-24,125.94618225097656
2013-06-25,127.1570053100586
2013-06-26,128.41598510742188
2013-06-27,129.1697998046875
2013-06-28,128.64053344726562
2013-07-01,129.3943328857422
2013-07-02,129.27403259277344
2013-07-03,129.3301239013672
2013-07-05,130.72552490234375
2013-07-08,131.4712371826172
2013-07-09,132.41748046875
2013-07-10,132.46559143066406
2013-07-11,134.2698974609375
2013-07-12,134.32601928710938
2013-07-15,134.83924865722656
2013-07-16,134.33404541015625
2013-07-17,134.6788330078125
2013-07-18,135.41661071777344
2013-07-19,135.6571502685547
2013-07-22,135.92176818847656
2013-07-23,135.63307189941406
2013-07-24,135.1358642578125
2013-07-25,135.4646759033203
2013-07-26,135.6090087890625
2013-07-29,135.19204711914062
2013-07-30,135.19204711914062
2013-07-31,135.28826904296875
2013-08-01,136.85198974609375
2013-08-02,137.0845184326172
2013-08-05,136.8840789794922
2013-08-06,136.106201171875
2013-08-07,135.66519165039062
2013-08-08,136.16238403320312
2013-08-09,135.7694091796875
2013-08-12,135.6090087890625
2013-08-13,136.010009765625
2013-08-14,135.31234741210938
2013-08-15,133.41986083984375
2013-08-16,132.97879028320312
2013-08-19,132.12879943847656
2013-08-20,132.7783660888672
2013-08-21,131.96043395996094
2013-08-22,133.16323852539062
2013-08-23,133.6123046875
2013-08-26,133.1151580810547
2013-08-27,130.9740447998047
2013-08-28,131.4391326904297
2013-08-29,131.6476287841797
2013-08-30,131.230712890625
2013-09-03,131.8240966796875
2013-09-04,132.91464233398438
2013-09-05,133.0830535888672
2013-09-06,133.147216796875
2013-09-09,134.42221069335938
2013-09-10,135.41661071777344
2013-09-11,135.84156799316406
2013-09-12,135.48072814941406
2013-09-13,135.7854461669922
2013-09-16,136.5713348388672
2013-09-17,137.1807403564453
2013-09-18,138.76852416992188
2013-09-19,138.5359649658203
2013-09-20,137.56741333007812
2013-09-23,136.93080139160156
2013-09-24,136.6084747314453
2013-09-25,136.21360778808594
2013-09-26,136.73741149902344
2013-09-27,136.10891723632812
2013-09-30,135.3836669921875
2013-10-01,136.45538330078125
2013-10-02,136.3264617919922
2013-10-03,135.06939697265625
2013-10-04,136.09274291992188
2013-10-07,134.91627502441406
2013-10-08,133.3449249267578
2013-10-09,133.44166564941406
2013-10-10,136.3184051513672
2013-10-11,137.19674682617188
2013-10-14,137.74468994140625
2013-10-15,136.74549865722656
2013-10-16,138.65524291992188
2013-10-17,139.5819549560547
2013-10-18,140.524658203125
2013-10-21,140.53280639648438
2013-10-22,141.34661865234375
2013-10-23,140.66978454589844
2013-10-24,141.13710021972656
2013-10-25,141.78175354003906
2013-10-28,142.00735473632812
2013-10-29,142.76487731933594
2013-10-30,142.0557098388672
2013-10-31,141.65283203125
2013-11-01,141.99119567871094
2013-11-04,142.49085998535156
2013-11-05,142.03961181640625
2013-11-06,142.76487731933594
2013-11-07,140.9598388671875
2013-11-08,142.86154174804688
2013-11-11,142.88575744628906
2013-11-12,142.5956573486328
2013-11-13,143.7398681640625
2013-11-14,144.45704650878906
2013-11-15,145.0855255126953
2013-11-18,144.57794189453125
2013-11-19,144.26364135742188
2013-11-20,143.81240844726562
2013-11-21,144.97276306152344
2013-11-22,145.6979522705078
2013-11-25,145.55291748046875
2013-11-26,145.5932159423828
2013-11-27,145.94778442382812
2013-11-29,145.85108947753906
2013-12-02,145.4723663330078
2013-12-03,144.8438720703125
2013-12-04,144.82772827148438
2013-12-05,144.1911163330078
2013-12-06,145.802734375
2013-12-09,146.17343139648438
2013-12-10,145.64967346191406
2013-12-11,144.01390075683594
2013-12-12,143.53843688964844
2013-12-13,143.52230834960938
2013-12-16,144.41676330566406
2013-12-17,143.9573974609375
2013-12-18,146.41513061523438
2013-12-19,146.24594116210938
2013-12-20,147.09664916992188
2013-12-23,147.8824920654297
2013-12-24,148.20654296875
2013-12-26,148.96006774902344
2013-12-27,148.95191955566406
2013-12-30,148.92762756347656
2013-12-31,149.6324920654297
2014-01-02,148.19851684570312
2014-01-03,148.1741485595703
2014-01-06,147.7447967529297
2014-01-07,148.65220642089844
2014-01-08,148.68463134765625
2014-01-09,148.78182983398438
2014-01-10,149.18687438964844
2014-01-13,147.20193481445312
2014-01-14,148.80615234375
2014-01-15,149.60816955566406
2014-01-16,149.41372680664062
2014-01-17,148.78182983398438
2014-01-21,149.2192840576172
2014-01-22,149.3164825439453
2014-01-23,148.09312438964844
2014-01-24,144.93345642089844
2014-01-27,144.22047424316406
2014-01-28,145.07933044433594
2014-01-29,143.68576049804688
2014-01-30,145.20892333984375
2014-01-31,144.3582000732422
2014-02-03,141.10939025878906
2014-02-04,142.09774780273438
2014-02-05,141.91958618164062
2014-02-06,143.7910614013672
2014-02-07,145.57350158691406
2014-02-10,145.84080505371094
2014-02-11,147.43692016601562
2014-02-12,147.5098114013672
2014-02-13,148.2713623046875
2014-02-14,149.0896759033203
2014-02-18,149.26791381835938
2014-02-19,148.2794952392578
2014-02-20,149.15451049804688
2014-02-21,148.98431396484375
2014-02-24,149.81077575683594
2014-02-25,149.75401306152344
2014-02-26,149.7621612548828
2014-02-27,150.5480194091797
2014-02-28,150.92874145507812
2014-03-03,149.86744689941406
2014-03-04,151.97389221191406
2014-03-05,152.11170959472656
2014-03-06,152.46002197265625
2014-03-07,152.52484130859375
2014-03-10,152.44383239746094
2014-03-11,151.6903533935547
2014-03-12,151.7309112548828
2014-03-13,150.02947998046875
2014-03-14,149.60816955566406
2014-03-17,150.961181640625
2014-03-18,152.0387725830078
2014-03-19,151.2285614013672
2014-03-20,152.11170959472656
2014-03-21,151.5216827392578
2014-03-24,150.89505004882812
2014-03-25,151.61119079589844
2014-03-26,150.52078247070312
2014-03-27,150.20335388183594
2014-03-28,150.94387817382812
2014-03-31,152.1808319091797
2014-04-01,153.18988037109375
2014-04-02,153.70254516601562
2014-04-03,153.49916076660156
2014-04-04,151.68447875976562
2014-04-07,150.0081024169922
2014-04-08,150.62657165527344
2014-04-09,152.2458953857422
2014-04-10,149.0478515625
2014-04-11,147.7051544189453
2014-04-14,148.86883544921875
2014-04-15,149.89414978027344
2014-04-16,151.46469116210938
2014-04-17,151.67626953125
2014-04-21,152.2052001953125
2014-04-22,152.8968963623047
2014-04-23,152.53887939453125
2014-04-24,152.84805297851562
2014-04-25,151.59486389160156
2014-04-28,152.0750732421875
2014-04-29,152.78298950195312
2014-04-30,153.2386932373047
2014-05-01,153.2549591064453
2014-05-02,153.0352783203125
2014-05-05,153.3282012939453
2014-05-06,151.99365234375
2014-05-07,152.88880920410156
2014-05-08,152.72601318359375
2014-05-09,152.95387268066406
2014-05-12,154.4430694580078
2014-05-13,154.58143615722656
2014-05-14,153.84909057617188
2014-05-15,152.49818420410156
2014-05-16,153.0271453857422
2014-05-19,153.58863830566406
2014-05-20,152.6202392578125
2014-05-21,153.90594482421875
2014-05-22,154.2803192138672
2014-05-23,154.89874267578125
2014-05-27,155.85086059570312
2014-05-28,155.7369384765625
2014-05-29,156.5426025390625
2014-05-30,156.79483032226562
2014-06-02,156.973876953125
2014-06-03,156.89251708984375
2014-06-04,157.20985412597656
2014-06-05,158.235107421875
2014-06-06,158.99195861816406
2014-06-09,159.1547088623047
2014-06-10,159.17098999023438
2014-06-11,158.6176300048828
2014-06-12,157.49472045898438
2014-06-13,157.97482299804688
2014-06-16,158.10499572753906
2014-06-17,158.54437255859375
2014-06-18,159.70809936523438
2014-06-19,159.8870849609375
2014-06-20,160.21168518066406
2014-06-23,160.16262817382812
2014-06-24,159.19778442382812
2014-06-25,159.91738891601562
2014-06-26,159.8029022216797
2014-06-27,160.11355590820312
2014-06-30,160.03182983398438
2014-07-01,161.10299682617188
2014-07-02,161.26649475097656
2014-07-03,162.0595703125
2014-07-07,161.49539184570312
2014-07-08,160.45701599121094
2014-07-09,161.17654418945312
2014-07-10,160.53878784179688
2014-07-11,160.75950622558594
2014-07-14,161.5690460205078
2014-07-15,161.26649475097656
2014-07-16,161.86337280273438
2014-07-17,160.02366638183594
2014-07-18,161.6589813232422
2014-07-21,161.35646057128906
2014-07-22,162.0595703125
2014-07-23,162.41937255859375
2014-07-24,162.42755126953125
2014-07-25,161.6671905517578
2014-07-28,161.7325439453125
2014-07-29,161.03750610351562
2014-07-30,161.0620574951172
2014-07-31,157.88140869140625
2014-08-01,157.39895629882812
2014-08-04,158.5355224609375
2014-08-05,156.9983673095703
2014-08-06,157.04737854003906
2014-08-07,156.197021484375
2014-08-08,158.0040740966797
2014-08-11,158.46189880371094
2014-08-12,158.24114990234375
2014-08-13,159.31228637695312
2014-08-14,160.06454467773438
2014-08-15,160.03182983398438
2014-08-18,161.37283325195312
2014-08-19,162.21499633789062
2014-08-20,162.64834594726562
2014-08-21,163.12257385253906
2014-08-22,162.86911010742188
2014-08-25,163.69493103027344
2014-08-26,163.80123901367188
2014-08-27,163.73577880859375
2014-08-28,163.64588928222656
2014-08-29,164.11190795898438
2014-09-02,164.03018188476562
2014-09-03,163.94021606445312
2014-09-04,163.703125
2014-09-05,164.4390106201172
2014-09-08,164.0137939453125
2014-09-09,162.97540283203125
2014-09-10,163.588623046875
2014-09-11,163.7766571044922
2014-09-12,162.82005310058594
2014-09-15,162.69740295410156
2014-09-16,163.92384338378906
2014-09-17,164.1446075439453
2014-09-18,165.01956176757812
2014-09-19,164.870849609375
2014-09-22,163.5975341796875
2014-09-23,162.66107177734375
2014-09-24,163.93435668945312
2014-09-25,161.2891845703125
2014-09-26,162.5707244873047
2014-09-29,162.27499389648438
2014-09-30,161.8478240966797
2014-10-01,159.65447998046875
2014-10-02,159.6790771484375
2014-10-03,161.4370574951172
2014-10-06,161.24810791015625
2014-10-07,158.75904846191406
2014-10-08,161.5356903076172
2014-10-09,158.33184814453125
2014-10-10,156.52459716796875
2014-10-13,153.9534454345703
2014-10-14,154.19163513183594
2014-10-15,153.1483612060547
2014-10-16,153.0168914794922
2014-10-17,154.82412719726562
2014-10-20,156.3274688720703
2014-10-21,159.4243927001953
2014-10-22,158.2908172607422
2014-10-23,160.1309051513672
2014-10-24,161.36312866210938
2014-10-27,161.141357421875
2014-10-28,162.98968505859375
2014-10-29,162.7432403564453
2014-10-30,163.7864990234375
2014-10-31,165.65943908691406
2014-11-03,165.74981689453125
2014-11-04,165.17477416992188
2014-11-05,166.21807861328125
2014-11-06,166.88348388671875
2014-11-07,167.03955078125
2014-11-10,167.56529235839844
2014-11-11,167.72955322265625
2014-11-12,167.54885864257812
2014-11-13,167.73780822753906
2014-11-14,167.7788848876953
2014-11-17,167.88565063476562
2014-11-18,168.8550262451172
2014-11-19,168.5839385986328
2014-11-20,168.87966918945312
2014-11-21,169.78334045410156
2014-11-24,170.25975036621094
2014-11-25,170.1365509033203
2014-11-26,170.57188415527344
2014-11-28,170.21044921875
2014-12-01,169.02752685546875
2014-12-02,170.12005615234375
2014-12-03,170.77728271484375
2014-12-04,170.5883331298828
2014-12-05,170.86766052246094
2014-12-08,169.725830078125
2014-12-09,169.61087036132812
2014-12-10,166.89169311523438
2014-12-11,167.73780822753906
2014-12-12,165.0269317626953
2014-12-15,163.89329528808594
2014-12-16,162.5789337158203
2014-12-17,165.76626586914062
2014-12-18,169.865478515625
2014-12-19,170.58822631835938
2014-12-22,171.37289428710938
2014-12-23,171.6042022705078
2014-12-24,171.6206817626953
2014-12-26,172.17422485351562
2014-12-29,172.40542602539062
2014-12-30,171.48031616210938
2014-12-31,169.7786865234375
2015-01-02,169.6878662109375
2015-01-05,166.6233367919922
2015-01-06,165.0539093017578
2015-01-07,167.1106719970703
2015-01-08,170.07606506347656
2015-01-09,168.7131805419922
2015-01-12,167.3915557861328
2015-01-13,166.92068481445312
2015-01-14,165.91299438476562
2015-01-15,164.3931427001953
2015-01-16,166.5489959716797
2015-01-20,166.90419006347656
2015-01-21,167.74673461914062
2015-01-22,170.24127197265625
2015-01-23,169.30787658691406
2015-01-26,169.7042999267578
2015-01-27,167.46588134765625
2015-01-28,165.31825256347656
2015-01-29,166.84634399414062
2015-01-30,164.74827575683594
2015-02-02,166.78854370117188
2015-02-03,169.20050048828125
2015-02-04,168.5562286376953
2015-02-05,170.2577667236328
2015-02-06,169.78695678710938
2015-02-09,169.02706909179688
2015-02-10,170.8277587890625
2015-02-11,170.92684936523438
2015-02-12,172.57064819335938
2015-02-13,173.28099060058594
2015-02-17,173.55360412597656
2015-02-18,173.57015991210938
2015-02-19,173.4462127685547
2015-02-20,174.48699951171875
2015-02-23,174.46218872070312
2015-02-24,174.95782470703125
2015-02-25,174.8091583251953
2015-02-26,174.60260009765625
2015-02-27,174.00790405273438
2015-03-02,175.10653686523438
2015-03-03,174.3878631591797
2015-03-04,173.65269470214844
2015-03-05,173.84271240234375
2015-03-06,171.39764404296875
2015-03-09,172.10813903808594
2015-03-10,169.31613159179688
2015-03-11,168.9196319580078
2015-03-12,171.06727600097656
2015-03-13,170.01828002929688
2015-03-16,172.289794921875
2015-03-17,171.7776336669922
2015-03-18,173.84271240234375
2015-03-19,173.0497283935547
2015-03-20,174.5772247314453
2015-03-23,174.23707580566406
2015-03-24,173.2579803466797
2015-03-25,170.7191162109375
2015-03-26,170.31251525878906
2015-03-27,170.70249938964844
2015-03-30,172.78509521484375
2015-03-31,171.2750244140625
2015-04-01,170.66932678222656
2015-04-02,171.2832794189453
2015-04-06,172.4365692138672
2015-04-07,171.9802703857422
2015-04-08,172.56100463867188
2015-04-09,173.32431030273438
2015-04-10,174.2701873779297
2015-04-13,173.48196411132812
2015-04-14,173.8139190673828
2015-04-15,174.59376525878906
2015-04-16,174.54400634765625
2015-04-17,172.53614807128906
2015-04-20,174.112548828125
2015-04-21,173.90513610839844
2015-04-22,174.75975036621094
2015-04-23,175.19947814941406
2015-04-24,175.60601806640625
2015-04-27,174.87591552734375
2015-04-28,175.4318389892578
2015-04-29,174.7099609375
2015-04-30,172.9593048095703
2015-05-01,174.83441162109375
2015-05-04,175.33221435546875
2015-05-05,173.32431030273438
2015-05-06,172.61082458496094
2015-05-07,173.29940795898438
2015-05-08,175.5811309814453
2015-05-11,174.74314880371094
2015-05-12,174.22042846679688
2015-05-13,174.25360107421875
2015-05-14,176.07069396972656
2015-05-15,176.26145935058594
2015-05-18,176.80906677246094
2015-05-19,176.75106811523438
2015-05-20,176.62661743164062
2015-05-21,177.1409912109375
2015-05-22,176.71783447265625
2015-05-26,174.81781005859375
2015-05-27,176.4771728515625
2015-05-28,176.2781219482422
2015-05-29,175.18289184570312
2015-06-01,175.53970336914062
2015-06-02,175.36541748046875
2015-06-03,175.83004760742188
2015-06-04,174.34490966796875
2015-06-05,174.04617309570312
2015-06-08,172.9758758544922
2015-06-09,172.9510040283203
2015-06-10,175.0252227783203
2015-06-11,175.58946228027344
2015-06-12,174.2452850341797
2015-06-15,173.49864196777344
2015-06-16,174.44447326660156
2015-06-17,174.72654724121094
2015-06-18,176.54356384277344
2015-06-19,175.75987243652344
2015-06-22,176.66029357910156
2015-06-23,176.78538513183594
2015-06-24,175.5014190673828
2015-06-25,174.96788024902344
2015-06-26,174.93443298339844
2015-06-29,171.26609802246094
2015-06-30,171.6245574951172
2015-07-01,173.00022888183594
2015-07-02,172.84181213378906
2015-07-06,172.34994506835938
2015-07-07,173.4337615966797
2015-07-08,170.5240020751953
2015-07-09,170.83251953125
2015-07-10,172.9835662841797
2015-07-13,174.8927764892578
2015-07-14,175.6514892578125
2015-07-15,175.59307861328125
2015-07-16,177.00216674804688
2015-07-17,177.15220642089844
2015-07-20,177.2439422607422
2015-07-21,176.54356384277344
2015-07-22,176.22674560546875
2015-07-23,175.23458862304688
2015-07-24,173.4171142578125
2015-07-27,172.4082489013672
2015-07-28,174.5259552001953
2015-07-29,175.72654724121094
2015-07-30,175.76817321777344
2015-07-31,175.5014190673828
2015-08-03,174.90943908691406
2015-08-04,174.56765747070312
2015-08-05,175.14292907714844
2015-08-06,173.70889282226562
2015-08-07,173.37539672851562
2015-08-10,175.5597686767578
2015-08-11,173.9756317138672
2015-08-12,174.18414306640625
2015-08-13,173.96734619140625
2015-08-14,174.6009979248047
2015-08-17,175.57644653320312
2015-08-18,175.06788635253906
2015-08-19,173.68386840820312
2015-08-20,170.05709838867188
2015-08-21,164.93797302246094
2015-08-24,157.9929656982422
2015-08-25,156.13372802734375
2015-08-26,162.12831115722656
2015-08-27,166.1385955810547
2015-08-28,166.14688110351562
2015-08-31,164.80458068847656
2015-09-01,159.8855743408203
2015-09-02,162.92031860351562
2015-09-03,163.03707885742188
2015-09-04,160.56918334960938
2015-09-08,164.60450744628906
2015-09-09,162.40345764160156
2015-09-10,163.28717041015625
2015-09-11,164.02920532226562
2015-09-14,163.42056274414062
2015-09-15,165.4632568359375
2015-09-16,166.89723205566406
2015-09-17,166.52206420898438
2015-09-18,163.8008575439453
2015-09-21,164.6472930908203
2015-09-22,162.51025390625
2015-09-23,162.2504119873047
2015-09-24,161.663818359375
2015-09-25,161.6218719482422
2015-09-28,157.5656280517578
2015-09-29,157.65782165527344
2015-09-30,160.5994110107422
2015-10-01,161.01849365234375
2015-10-02,163.4237518310547
2015-10-05,166.3318328857422
2015-10-06,165.7619171142578
2015-10-07,167.11959838867188
2015-10-08,168.62818908691406
2015-10-09,168.7287139892578
2015-10-12,168.887939453125
2015-10-13,167.8236083984375
2015-10-14,167.0190887451172
2015-10-15,169.5835723876953
2015-10-16,170.35458374023438
2015-10-19,170.43833923339844
2015-10-20,170.22044372558594
2015-10-21,169.16453552246094
2015-10-22,172.0223388671875
2015-10-23,173.9080047607422
2015-10-26,173.48062133789062
2015-10-27,173.1453399658203
2015-10-28,175.11480712890625
2015-10-29,175.01422119140625
2015-10-30,174.25999450683594
2015-11-02,176.3216552734375
2015-11-03,176.83285522460938
2015-11-04,176.29649353027344
2015-11-05,176.1205291748047
2015-11-06,176.0282440185547
2015-11-09,174.38572692871094
2015-11-10,174.78799438476562
2015-11-11,174.10076904296875
2015-11-12,171.6703338623047
2015-11-13,169.74282836914062
2015-11-16,172.32398986816406
2015-11-17,172.1983642578125
2015-11-18,174.93043518066406
2015-11-19,174.7795867919922
2015-11-20,175.41651916503906
2015-11-23,175.2153778076172
2015-11-24,175.45005798339844
2015-11-25,175.42494201660156
2015-11-27,175.62600708007812
2015-11-30,174.89691162109375
2015-12-01,176.56466674804688
2015-12-02,174.7628631591797
2015-12-03,172.31570434570312
2015-12-04,175.6763458251953
2015-12-07,174.61195373535156
2015-12-08,173.43865966796875
2015-12-09,172.08938598632812
2015-12-10,172.53355407714844
2015-12-11,169.1896209716797
2015-12-14,170.0445098876953
2015-12-15,171.82960510253906
2015-12-16,174.34378051757812
2015-12-17,171.6871337890625
2015-12-18,168.62850952148438
2015-12-21,170.01951599121094
2015-12-22,171.5623016357422
2015-12-23,173.6868438720703
2015-12-24,173.4002227783203
2015-12-28,173.00401306152344
2015-12-29,174.8502197265625
2015-12-30,173.61097717285156
2015-12-31,171.87420654296875
2016-01-04,169.47161865234375
2016-01-05,169.75814819335938
2016-01-06,167.61685180664062
2016-01-07,163.5954132080078
2016-01-08,161.7996826171875
2016-01-11,161.95994567871094
2016-01-12,163.2666473388672
2016-01-13,159.19467163085938
2016-01-14,161.80813598632812
2016-01-15,158.33473205566406
2016-01-19,158.5454864501953
2016-01-20,156.51376342773438
2016-01-21,157.39053344726562
2016-01-22,160.61944580078125
2016-01-25,158.1914520263672
2016-01-26,160.3496856689453
2016-01-27,158.6045379638672
2016-01-28,159.43075561523438
2016-01-29,163.3172149658203
2016-02-01,163.25820922851562
2016-02-02,160.31593322753906
2016-02-03,161.27703857421875
2016-02-04,161.52993774414062
2016-02-05,158.45277404785156
2016-02-08,156.31980895996094
2016-02-09,156.32827758789062
2016-02-10,156.19337463378906
2016-02-11,154.16159057617188
2016-02-12,157.33995056152344
2016-02-16,159.99560546875
2016-02-17,162.6090545654297
2016-02-18,161.9430389404297
2016-02-19,161.86717224121094
2016-02-22,164.2108612060547
2016-02-23,162.136962890625
2016-02-24,162.87881469726562
2016-02-25,164.8516082763672
2016-02-26,164.47222900390625
2016-02-29,163.1823272705078
2016-03-01,167.01824951171875
2016-03-02,167.76856994628906
2016-03-03,168.42616271972656
2016-03-04,168.97410583496094
2016-03-07,169.10902404785156
2016-03-08,167.26268005371094
2016-03-09,168.08895874023438
2016-03-10,168.22378540039062
2016-03-11,170.93850708007812
2016-03-14,170.7192840576172
2016-03-15,170.44107055664062
2016-03-16,171.42747497558594
2016-03-17,172.51499938964844
2016-03-18,173.1929168701172
2016-03-21,173.43862915039062
2016-03-22,173.34548950195312
2016-03-23,172.20144653320312
2016-03-24,172.1251678466797
2016-03-28,172.2268524169922
2016-03-29,173.82000732421875
2016-03-30,174.58265686035156
2016-03-31,174.15895080566406
2016-04-01,175.34527587890625
2016-04-04,174.77761840820312
2016-04-05,173.0318603515625
2016-04-06,174.92161560058594
2016-04-07,172.8285369873047
2016-04-08,173.29461669921875
2016-04-11,172.88784790039062
2016-04-12,174.49794006347656
2016-04-13,176.26051330566406
2016-04-14,176.26902770996094
2016-04-15,176.0740966796875
2016-04-18,177.31130981445312
2016-04-19,177.87054443359375
2016-04-20,178.04005432128906
2016-04-21,177.08251953125
2016-04-22,177.08251953125
2016-04-25,176.77740478515625
2016-04-26,177.04013061523438
2016-04-27,177.404541015625
2016-04-28,175.79446411132812
2016-04-29,174.8453826904297
2016-05-02,176.2350311279297
2016-05-03,174.7012939453125
2016-05-04,173.72674560546875
2016-05-05,173.69287109375
2016-05-06,174.32843017578125
2016-05-09,174.47250366210938
2016-05-10,176.641845703125
2016-05-11,174.9893798828125
2016-05-12,175.0402374267578
2016-05-13,173.51490783691406
2016-05-16,175.22669982910156
2016-05-17,173.59124755859375
2016-05-18,173.64198303222656
2016-05-19,173.04042053222656
2016-05-20,174.13357543945312
2016-05-23,173.89630126953125
2016-05-24,176.15036010742188
2016-05-25,177.34523010253906
2016-05-26,177.39605712890625
2016-05-27,178.1587677001953
2016-05-31,177.8197479248047
2016-06-01,178.18417358398438
2016-06-02,178.7264862060547
2016-06-03,178.19259643554688
2016-06-06,179.09934997558594
2016-06-07,179.37896728515625
2016-06-08,179.96371459960938
2016-06-09,179.7179412841797
2016-06-10,178.01466369628906
2016-06-13,176.641845703125
2016-06-14,176.29444885253906
2016-06-15,176.0487060546875
2016-06-16,176.57403564453125
2016-06-17,175.91644287109375
2016-06-20,177.04933166503906
2016-06-21,177.55194091796875
2016-06-22,177.26235961914062
2016-06-23,179.5706787109375
2016-06-24,173.1225128173828
2016-06-27,170.0219268798828
2016-06-28,173.08840942382812
2016-06-29,176.0357208251953
2016-06-30,178.43780517578125
2016-07-01,178.8126220703125
2016-07-05,177.52638244628906
2016-07-06,178.59117126464844
2016-07-07,178.48040771484375
2016-07-08,181.13807678222656
2016-07-11,181.77696228027344
2016-07-12,183.09730529785156
2016-07-13,183.07174682617188
2016-07-14,184.09381103515625
2016-07-15,183.84681701660156
2016-07-18,184.3408966064453
2016-07-19,184.15350341796875
2016-07-20,184.9200897216797
2016-07-21,184.2216796875
2016-07-22,185.0479278564453
2016-07-25,184.5453643798828
2016-07-26,184.63050842285156
2016-07-27,184.4346160888672
2016-07-28,184.64755249023438
2016-07-29,184.94569396972656
2016-08-01,184.79234313964844
2016-08-02,183.6083221435547
2016-08-03,184.14498901367188
2016-08-04,184.3408966064453
2016-08-05,185.84857177734375
2016-08-08,185.7378692626953
2016-08-09,185.84857177734375
2016-08-10,185.388671875
2016-08-11,186.24896240234375
2016-08-12,186.0870819091797
2016-08-15,186.6237335205078
2016-08-16,185.66122436523438
2016-08-17,186.01043701171875
2016-08-18,186.42782592773438
2016-08-19,186.15528869628906
2016-08-22,186.14674377441406
2016-08-23,186.52149963378906
2016-08-24,185.5675048828125
2016-08-25,185.43971252441406
2016-08-26,185.0904998779297
2016-08-29,186.00196838378906
2016-08-30,185.69528198242188
2016-08-31,185.1671600341797
2016-09-01,185.1757049560547
2016-09-02,186.01043701171875
2016-09-06,186.5726318359375
2016-09-07,186.5555877685547
2016-09-08,186.12965393066406
2016-09-09,181.67471313476562
2016-09-12,184.2812957763672
2016-09-13,181.63214111328125
2016-09-14,181.56398010253906
2016-09-15,183.3783416748047
2016-09-16,182.6694793701172
2016-09-19,182.70372009277344
2016-09-20,182.71226501464844
2016-09-21,184.76699829101562
2016-09-22,185.93125915527344
2016-09-23,184.91249084472656
2016-09-26,183.414306640625
2016-09-27,184.55296325683594
2016-09-28,185.46900939941406
2016-09-29,183.79100036621094
2016-09-30,185.17787170410156
2016-10-03,184.73269653320312
2016-10-04,183.79100036621094
2016-10-05,184.6043243408203
2016-10-06,184.73269653320312
2016-10-07,184.0991668701172
2016-10-10,185.0580596923828
2016-10-11,182.72079467773438
2016-10-12,182.9605255126953
2016-10-13,182.36131286621094
2016-10-14,182.45545959472656
2016-10-17,181.8219451904297
2016-10-18,182.9605255126953
2016-10-19,183.44854736328125
2016-10-20,183.10604858398438
2016-10-21,183.19166564941406
2016-10-24,183.97080993652344
2016-10-25,183.35435485839844
2016-10-26,182.9862823486328
2016-10-27,182.49822998046875
2016-10-28,181.95889282226562
2016-10-31,181.96749877929688
2016-11-01,180.64906311035156
2016-11-02,179.56173706054688
2016-11-03,178.73992919921875
2016-11-04,178.54296875
2016-11-07,182.4811248779297
2016-11-08,183.302978515625
2016-11-09,185.24635314941406
2016-11-10,185.70872497558594
2016-11-11,185.2806396484375
2016-11-14,185.42617797851562
2016-11-15,186.87303161621094
2016-11-16,186.52200317382812
2016-11-17,187.48086547851562
2016-11-18,187.06137084960938
2016-11-21,188.47396850585938
2016-11-22,188.84207153320312
2016-11-23,188.94480895996094
2016-11-25,189.6468048095703
2016-11-28,188.75645446777344
2016-11-29,189.1245880126953
2016-11-30,188.67083740234375
2016-12-01,187.9774169921875
2016-12-02,188.071533203125
2016-12-05,189.20166015625
2016-12-06,189.8009033203125
2016-12-07,192.28370666503906
2016-12-08,192.75450134277344
2016-12-09,193.9188995361328
2016-12-12,193.69625854492188
2016-12-13,194.9889678955078
2016-12-14,193.37950134277344
2016-12-15,194.17572021484375
2016-12-16,193.79591369628906
2016-12-19,194.21791076660156
2016-12-20,194.9670867919922
2016-12-21,194.42454528808594
2016-12-22,194.08872985839844
2016-12-23,194.37290954589844
2016-12-27,194.8551788330078
2016-12-28,193.24476623535156
2016-12-29,193.20172119140625
2016-12-30,192.49559020996094
2017-01-03,193.96815490722656
2017-01-04,195.1221466064453
2017-01-05,194.9670867919922
2017-01-06,195.66464233398438
2017-01-09,195.01873779296875
2017-01-10,195.01873779296875
2017-01-11,195.56991577148438
2017-01-12,195.0790557861328
2017-01-13,195.52682495117188
2017-01-17,194.8379364013672
2017-01-18,195.26849365234375
2017-01-19,194.54513549804688
2017-01-20,195.2599334716797
2017-01-23,194.7517852783203
2017-01-24,196.00051879882812
2017-01-25,197.69696044921875
2017-01-26,197.49032592773438
2017-01-27,197.1802978515625
2017-01-30,195.9574737548828
2017-01-31,195.94015502929688
2017-02-01,196.01773071289062
2017-02-02,196.14691162109375
2017-02-03,197.49891662597656
2017-02-06,197.14581298828125
2017-02-07,197.15443420410156
2017-02-08,197.41282653808594
2017-02-09,198.583984375
2017-02-10,199.36764526367188
2017-02-13,200.45272827148438
2017-02-14,201.25355529785156
2017-02-15,202.30418395996094
2017-02-16,202.13192749023438
2017-02-17,202.45062255859375
2017-02-21,203.65621948242188
2017-02-22,203.47537231445312
2017-02-23,203.61317443847656
2017-02-24,203.8715362548828
2017-02-27,204.1901397705078
2017-02-28,203.6390380859375
2017-03-01,206.48947143554688
2017-03-02,205.18910217285156
2017-03-03,205.31826782226562
2017-03-06,204.7068634033203
2017-03-07,204.0953826904297
2017-03-08,203.7165069580078
2017-03-09,203.97482299804688
2017-03-10,204.68963623046875
2017-03-13,204.79293823242188
2017-03-14,204.00929260253906
2017-03-15,205.77468872070312
2017-03-16,205.36990356445312
2017-03-17,205.0093231201172
2017-03-20,204.78440856933594
2017-03-21,202.1550750732422
2017-03-22,202.6307373046875
2017-03-23,202.41452026367188
2017-03-24,202.2674560546875
2017-03-27,202.05987548828125
2017-03-28,203.5302276611328
2017-03-29,203.7205352783203
2017-03-30,204.36929321289062
2017-03-31,203.8935546875
2017-04-03,203.53892517089844
2017-04-04,203.6686248779297
2017-04-05,203.06321716308594
2017-04-06,203.634033203125
2017-04-07,203.42648315429688
2017-04-10,203.5475616455078
2017-04-11,203.3053741455078
2017-04-12,202.41452026367188
2017-04-13,201.09988403320312
2017-04-17,202.88156127929688
2017-04-18,202.27618408203125
2017-04-19,201.90420532226562
2017-04-20,203.5475616455078
2017-04-21,202.89886474609375
2017-04-24,205.1303253173828
2017-04-25,206.32398986816406
2017-04-26,206.1941680908203
2017-04-27,206.3671875
2017-04-28,205.91741943359375
2017-05-01,206.43641662597656
2017-05-02,206.51419067382812
2017-05-03,206.2633514404297
2017-05-04,206.5055389404297
2017-05-05,207.3185272216797
2017-05-08,207.2840118408203
2017-05-09,207.09371948242188
2017-05-10,207.46560668945312
2017-05-11,207.04180908203125
2017-05-12,206.6958465576172
2017-05-15,207.8374786376953
2017-05-16,207.64723205566406
2017-05-17,203.96270751953125
2017-05-18,204.78440856933594
2017-05-19,206.11634826660156
2017-05-22,207.16287231445312
2017-05-23,207.62130737304688
2017-05-24,208.10560607910156
2017-05-25,209.10028076171875
2017-05-26,209.0570068359375
2017-05-30,208.87539672851562
2017-05-31,208.823486328125
2017-06-01,210.48416137695312
2017-06-02,211.18470764160156
2017-06-05,211.02902221679688
2017-06-06,210.35443115234375
2017-06-07,210.74362182617188
2017-06-08,210.8473358154297
2017-06-09,210.5273895263672
2017-06-12,210.48416137695312
2017-06-13,211.51336669921875
2017-06-14,211.24526977539062
2017-06-15,210.83872985839844
2017-06-16,210.88478088378906
2017-06-19,212.6404266357422
2017-06-20,211.2064208984375
2017-06-21,211.1542205810547
2017-06-22,211.05862426757812
2017-06-23,211.3107147216797
2017-06-26,211.44976806640625
2017-06-27,209.7462615966797
2017-06-28,211.62355041503906
2017-06-29,209.76364135742188
2017-06-30,210.15475463867188
2017-07-03,210.51109313964844
2017-07-05,210.99778747558594
2017-07-06,209.068359375
2017-07-07,210.4241485595703
2017-07-10,210.65013122558594
2017-07-11,210.49366760253906
2017-07-12,212.07553100585938
2017-07-13,212.4318389892578
2017-07-14,213.42266845703125
2017-07-17,213.3965606689453
2017-07-18,213.50958251953125
2017-07-19,214.66554260253906
2017-07-20,214.7611083984375
2017-07-21,214.56993103027344
2017-07-24,214.51771545410156
2017-07-25,215.03921508789062
2017-07-26,215.0479278564453
2017-07-27,214.84803771972656
2017-07-28,214.59596252441406
2017-07-31,214.4742889404297
2017-08-01,214.952392578125
2017-08-02,215.05670166015625
2017-08-03,214.639404296875
2017-08-04,215.03054809570312
2017-08-07,215.43031311035156
2017-08-08,214.90016174316406
2017-08-09,214.89149475097656
2017-08-10,211.85826110839844
2017-08-11,212.17115783691406
2017-08-14,214.2744140625
2017-08-15,214.248291015625
2017-08-16,214.62205505371094
2017-08-17,211.27589416503906
2017-08-18,210.9456787109375
2017-08-21,211.1107940673828
2017-08-22,213.318359375
2017-08-23,212.55355834960938
2017-08-24,212.05812072753906
2017-08-25,212.55355834960938
2017-08-28,212.56219482421875
2017-08-29,212.8056182861328
2017-08-30,213.81375122070312
2017-08-31,215.10008239746094
2017-09-01,215.4042510986328
2017-09-05,213.85723876953125
2017-09-06,214.58731079101562
2017-09-07,214.5612030029297
2017-09-08,214.30918884277344
2017-09-11,216.59494018554688
2017-09-12,217.3250274658203
2017-09-13,217.42935180664062
2017-09-14,217.35980224609375
2017-09-15,217.65243530273438
2017-09-18,218.1153564453125
2017-09-19,218.33367919921875
2017-09-20,218.4122772216797
2017-09-21,217.8271026611328
2017-09-22,217.8707733154297
2017-09-25,217.4253387451172
2017-09-26,217.55633544921875
2017-09-27,218.40354919433594
2017-09-28,218.66561889648438
2017-09-29,219.43421936035156
2017-10-02,220.38629150390625
2017-10-03,220.85794067382812
2017-10-04,221.11996459960938
2017-10-05,222.4300537109375
2017-10-06,222.17677307128906
2017-10-09,221.8099822998047
2017-10-10,222.39520263671875
2017-10-11,222.7445831298828
2017-10-12,222.41268920898438
2017-10-13,222.68341064453125
2017-10-16,222.9803466796875
2017-10-17,223.13760375976562
2017-10-18,223.35595703125
2017-10-19,223.41709899902344
2017-10-20,224.57000732421875
2017-10-23,223.69659423828125
2017-10-24,224.08969116210938
2017-10-25,222.9803466796875
2017-10-26,223.2686309814453
2017-10-27,225.09410095214844
2017-10-30,224.25559997558594
2017-10-31,224.60499572753906
2017-11-01,224.90196228027344
2017-11-02,224.9893035888672
2017-11-03,225.740478515625
2017-11-06,226.08984375
2017-11-07,225.93264770507812
2017-11-08,226.31692504882812
2017-11-09,225.49591064453125
2017-11-10,225.42608642578125
2017-11-13,225.63565063476562
2017-11-14,225.11160278320312
2017-11-15,223.98487854003906
2017-11-16,225.8889617919922
2017-11-17,225.22509765625
2017-11-20,225.60943603515625
2017-11-21,227.0855712890625
2017-11-22,226.88465881347656
2017-11-24,227.4087371826172
2017-11-27,227.295166015625
2017-11-28,229.60108947753906
2017-11-29,229.46124267578125
2017-11-30,231.47023010253906
2017-12-01,230.9898223876953
2017-12-04,230.71031188964844
2017-12-05,229.88052368164062
2017-12-06,229.92420959472656
2017-12-07,230.64920043945312
2017-12-08,231.90696716308594
2017-12-11,232.60569763183594
2017-12-12,233.01620483398438
2017-12-13,232.99002075195312
2017-12-14,232.03793334960938
2017-12-15,233.9702606201172
2017-12-18,235.45388793945312
2017-12-19,234.5497283935547
2017-12-20,234.42672729492188
2017-12-21,234.90953063964844
2017-12-22,234.84811401367188
2017-12-26,234.56716918945312
2017-12-27,234.68130493164062
2017-12-28,235.1642303466797
2017-12-29,234.27745056152344
2018-01-02,235.95428466796875
2018-01-03,237.44667053222656
2018-01-04,238.44744873046875
2018-01-05,240.03651428222656
2018-01-08,240.4754638671875
2018-01-09,241.01983642578125
2018-01-10,240.65106201171875
2018-01-11,242.40689086914062
2018-01-12,243.98716735839844
2018-01-16,243.1531219482422
2018-01-17,245.4707794189453
2018-01-18,245.05819702148438
2018-01-19,246.17318725585938
2018-01-22,248.17471313476562
2018-01-23,248.70144653320312
2018-01-24,248.60488891601562
2018-01-25,248.7102813720703
2018-01-26,251.58970642089844
2018-01-29,249.9216766357422
2018-01-30,247.35826110839844
2018-01-31,247.48117065429688
2018-02-01,247.2002716064453
2018-02-02,241.8187713623047
2018-02-05,231.7052459716797
2018-02-06,236.27035522460938
2018-02-07,234.9885711669922
2018-02-08,226.17445373535156
2018-02-09,229.57199096679688
2018-02-12,232.94308471679688
2018-02-13,233.5225372314453
2018-02-14,236.67416381835938
2018-02-15,239.6942138671875
2018-02-16,239.7643280029297
2018-02-20,238.26318359375
2018-02-21,237.0780487060547
2018-02-22,237.38526916503906
2018-02-23,241.16905212402344
2018-02-26,243.9696044921875
2018-02-27,240.92324829101562
2018-02-28,238.482666015625
2018-03-01,235.0149383544922
2018-03-02,236.2264404296875
2018-03-05,238.9567413330078
2018-03-06,239.56256103515625
2018-03-07,239.47467041015625
2018-03-08,240.6335906982422
2018-03-09,244.82115173339844
2018-03-12,244.51385498046875
2018-03-13,242.9335479736328
2018-03-14,241.68701171875
2018-03-15,241.42369079589844
2018-03-16,241.6854705810547
2018-03-19,238.4153594970703
2018-03-20,238.82080078125
2018-03-21,238.3624725341797
2018-03-22,232.404052734375
2018-03-23,227.450439453125
2018-03-26,233.67332458496094
2018-03-27,229.69818115234375
2018-03-28,229.01937866210938
2018-03-29,231.94577026367188
2018-04-02,226.9392852783203
2018-04-03,229.8479766845703
2018-04-04,232.30711364746094
2018-04-05,234.1405487060547
2018-04-06,228.92245483398438
2018-04-09,230.05067443847656
2018-04-10,233.70851135253906
2018-04-11,232.4833984375
2018-04-12,234.39605712890625
2018-04-13,233.70851135253906
2018-04-16,235.6300506591797
2018-04-17,238.15093994140625
2018-04-18,238.32717895507812
2018-04-19,237.00511169433594
2018-04-20,234.9954376220703
2018-04-23,234.96022033691406
2018-04-24,231.79588317871094
2018-04-25,232.36886596679688
2018-04-26,234.73104858398438
2018-04-27,234.9513702392578
2018-04-30,233.14447021484375
2018-05-01,233.55873107910156
2018-05-02,231.98983764648438
2018-05-03,231.4785919189453
2018-05-04,234.47543334960938
2018-05-07,235.26873779296875
2018-05-08,235.26873779296875
2018-05-09,237.542724609375
2018-05-10,239.76390075683594
2018-05-11,240.49546813964844
2018-05-14,240.61009216308594
2018-05-15,238.95301818847656
2018-05-16,239.95787048339844
2018-05-17,239.75509643554688
2018-05-18,239.15574645996094
2018-05-21,240.95384216308594
2018-05-22,240.283935546875
2018-05-23,240.94500732421875
2018-05-24,240.45143127441406
2018-05-25,239.87852478027344
2018-05-29,237.1196746826172
2018-05-30,240.283935546875
2018-05-31,238.81199645996094
2018-06-01,241.1565704345703
2018-06-04,242.3023681640625
2018-06-05,242.47869873046875
2018-06-06,244.5059814453125
2018-06-07,244.47952270507812
2018-06-08,245.2023162841797
2018-06-11,245.5283966064453
2018-06-12,245.8456573486328
2018-06-13,245.0613250732422
2018-06-14,245.67825317382812
2018-06-15,245.36480712890625
2018-06-18,244.86012268066406
2018-06-19,243.921630859375
2018-06-20,244.3378448486328
2018-06-21,242.8061065673828
2018-06-22,243.24879455566406
2018-06-25,239.9374542236328
2018-06-26,240.46871948242188
2018-06-27,238.47659301757812
2018-06-28,239.84010314941406
2018-06-29,240.18536376953125
2018-07-02,240.6988983154297
2018-07-03,239.84890747070312
2018-07-05,241.80555725097656
2018-07-06,243.85084533691406
2018-07-09,246.046630859375
2018-07-10,246.93190002441406
2018-07-11,245.12571716308594
2018-07-12,247.34803771972656
2018-07-13,247.54287719726562
2018-07-16,247.32151794433594
2018-07-17,248.32200622558594
2018-07-18,248.84445190429688
2018-07-19,247.90585327148438
2018-07-20,247.62257385253906
2018-07-23,248.0829620361328
2018-07-24,249.3312530517578
2018-07-25,251.45628356933594
2018-07-26,250.8629608154297
2018-07-27,249.16307067871094
2018-07-30,247.86155700683594
2018-07-31,249.08335876464844
2018-08-01,248.66722106933594
2018-08-02,250.02195739746094
2018-08-03,251.09329223632812
2018-08-06,252.0140838623047
2018-08-07,252.84628295898438
2018-08-08,252.74000549316406
2018-08-09,252.39480590820312
2018-08-10,250.7037353515625
2018-08-13,249.76519775390625
2018-08-14,251.35885620117188
2018-08-15,249.48184204101562
2018-08-16,251.50045776367188
2018-08-17,252.38580322265625
2018-08-20,252.92596435546875
2018-08-21,253.51919555664062
2018-08-22,253.36863708496094
2018-08-23,253.03224182128906
2018-08-24,254.5550994873047
2018-08-27,256.5648498535156
2018-08-28,256.6888122558594
2018-08-29,258.07000732421875
2018-08-30,257.0252685546875
2018-08-31,257.0340270996094
2018-09-04,256.5915832519531
2018-09-05,255.90087890625
2018-09-06,255.13063049316406
2018-09-07,254.63479614257812
2018-09-10,255.0774688720703
2018-09-11,255.91851806640625
2018-09-12,255.9805450439453
2018-09-13,257.4944763183594
2018-09-14,257.5387268066406
2018-09-17,256.17529296875
2018-09-18,257.5653076171875
2018-09-19,257.83990478515625
2018-09-20,259.9293518066406
2018-09-21,259.6918029785156
2018-09-24,258.8290710449219
2018-09-25,258.5889587402344
2018-09-26,257.815185546875
2018-09-27,258.5356750488281
2018-09-28,258.5623474121094
2018-10-01,259.4605712890625
2018-10-02,259.3093566894531
2018-10-03,259.4517517089844
2018-10-04,257.423828125
2018-10-05,255.98301696777344
2018-10-08,255.98301696777344
2018-10-09,255.6095733642578
2018-10-10,247.51617431640625
2018-10-11,242.06414794921875
2018-10-12,245.42611694335938
2018-10-15,244.0475311279297
2018-10-16,249.38385009765625
2018-10-17,249.4282989501953
2018-10-18,245.8262481689453
2018-10-19,245.69293212890625
2018-10-22,244.59005737304688
2018-10-23,243.3448944091797
2018-10-24,235.97189331054688
2018-10-25,240.2053680419922
2018-10-26,235.9807891845703
2018-10-29,234.67343139648438
2018-10-30,238.15093994140625
2018-10-31,240.69456481933594
2018-11-01,243.2559356689453
2018-11-02,241.81520080566406
2018-11-05,243.14927673339844
2018-11-06,244.6879119873047
2018-11-07,249.92636108398438
2018-11-08,249.4728240966797
2018-11-09,247.0358428955078
2018-11-12,242.4199981689453
2018-11-13,241.96640014648438
2018-11-14,240.31210327148438
2018-11-15,242.8201446533203
2018-11-16,243.45167541503906
2018-11-19,239.3338165283203
2018-11-20,234.9046173095703
2018-11-21,235.70504760742188
2018-11-23,234.13088989257812
2018-11-26,237.91075134277344
2018-11-27,238.71119689941406
2018-11-28,244.2076416015625
2018-11-29,243.67396545410156
2018-11-30,245.15931701660156
2018-12-03,248.40554809570312
2018-12-04,240.35658264160156
2018-12-06,239.991943359375
2018-12-07,234.4154815673828
2018-12-10,234.86021423339844
2018-12-11,234.91358947753906
2018-12-12,236.09642028808594
2018-12-13,236.01638793945312
2018-12-14,231.65835571289062
2018-12-17,227.11361694335938
2018-12-18,226.86459350585938
2018-12-19,223.4671173095703
2018-12-20,219.82955932617188
2018-12-21,215.3253173828125
2018-12-24,209.63580322265625
2018-12-26,220.22764587402344
2018-12-27,221.9184112548828
2018-12-28,221.63214111328125
2018-12-31,223.57333374023438
2019-01-02,223.8059539794922
2019-01-03,218.46531677246094
2019-01-04,225.78302001953125
2019-01-07,227.56320190429688
2019-01-08,229.70126342773438
2019-01-09,230.77471923828125
2019-01-10,231.58880615234375
2019-01-11,231.67832946777344
2019-01-14,230.26483154296875
2019-01-15,232.90386962890625
2019-01-16,233.4674072265625
2019-01-17,235.23863220214844
2019-01-18,238.3697509765625
2019-01-22,235.14920043945312
2019-01-23,235.64122009277344
2019-01-24,235.7664794921875
2019-01-25,237.7613983154297
2019-01-28,235.954345703125
2019-01-29,235.64122009277344
2019-01-30,239.3716278076172
2019-01-31,241.47386169433594
2019-02-01,241.59022521972656
2019-02-04,243.28993225097656
2019-02-05,244.30978393554688
2019-02-06,243.98770141601562
2019-02-07,241.6617431640625
2019-02-08,241.9569854736328
2019-02-11,242.0911865234375
2019-02-12,245.20436096191406
2019-02-13,246.00045776367188
2019-02-14,245.4547576904297
2019-02-15,248.12954711914062
2019-02-19,248.55894470214844
2019-02-20,249.05996704101562
2019-02-21,248.17428588867188
2019-02-22,249.7130126953125
2019-02-25,250.05288696289062
2019-02-26,249.8740692138672
2019-02-27,249.7666015625
2019-02-28,249.30148315429688
2019-03-01,250.85801696777344
2019-03-04,249.94564819335938
2019-03-05,249.60560607910156
2019-03-06,248.09376525878906
2019-03-07,246.01837158203125
2019-03-08,245.52638244628906
2019-03-11,249.08676147460938
2019-03-12,250.026123046875
2019-03-13,251.68104553222656
2019-03-14,251.52001953125
2019-03-15,252.76271057128906
2019-03-18,253.6791534423828
2019-03-19,253.7421417236328
2019-03-20,252.97837829589844
2019-03-21,255.83566284179688
2019-03-22,250.9118194580078
2019-03-25,250.72314453125
2019-03-26,252.59201049804688
2019-03-27,251.27114868164062
2019-03-28,252.22357177734375
2019-03-29,253.81393432617188
2019-04-01,256.823974609375
2019-04-02,256.9497985839844
2019-04-03,257.35418701171875
2019-04-04,258.037109375
2019-04-05,259.2859802246094
2019-04-08,259.4835510253906
2019-04-09,258.15380859375
2019-04-10,259.0343322753906
2019-04-11,258.9625549316406
2019-04-12,260.7145690917969
2019-04-15,260.54388427734375
2019-04-16,260.7145690917969
2019-04-17,260.0766906738281
2019-04-18,260.5888366699219
2019-04-22,260.8134460449219
2019-04-23,263.1585998535156
2019-04-24,262.5744934082031
2019-04-25,262.4126892089844
2019-04-26,263.63482666015625
2019-04-29,264.048095703125
2019-04-30,264.1829528808594
2019-05-01,262.1971740722656
2019-05-02,261.631103515625
2019-05-03,264.19183349609375
2019-05-06,263.1046447753906
2019-05-07,258.7108459472656
2019-05-08,258.3514709472656
2019-05-09,257.5697937011719
2019-05-10,258.86358642578125
2019-05-13,252.35830688476562
2019-05-14,254.6406707763672
2019-05-15,256.1321105957031
2019-05-16,258.5043029785156
2019-05-17,256.8328857421875
2019-05-20,255.13478088378906
2019-05-21,257.4350280761719
2019-05-22,256.644287109375
2019-05-23,253.5084991455078
2019-05-24,254.08348083496094
2019-05-28,251.72039794921875
2019-05-29,250.03118896484375
2019-05-30,250.71408081054688
2019-05-31,247.33567810058594
2019-06-03,246.70663452148438
2019-06-04,252.06182861328125
2019-06-05,254.24525451660156
2019-06-06,255.89854431152344
2019-06-07,258.4593200683594
2019-06-10,259.64532470703125
2019-06-11,259.58245849609375
2019-06-12,259.1242370605469
2019-06-13,260.1934509277344
2019-06-14,259.9059143066406
2019-06-17,260.00482177734375
2019-06-18,262.72723388671875
2019-06-19,263.3203430175781
2019-06-20,265.836181640625
2019-06-21,265.4497375488281
2019-06-24,265.1246643066406
2019-06-25,262.5243835449219
2019-06-26,262.2624206542969
2019-06-27,263.1925048828125
2019-06-28,264.5468444824219
2019-07-01,266.948486328125
2019-07-02,267.64373779296875
2019-07-03,269.7835998535156
2019-07-05,269.47662353515625
2019-07-08,267.99591064453125
2019-07-09,268.3299560546875
2019-07-10,269.6120300292969
2019-07-11,270.24407958984375
2019-07-12,271.4538879394531
2019-07-15,271.5443115234375
2019-07-16,270.66839599609375
2019-07-17,268.82659912109375
2019-07-18,269.8106384277344
2019-07-19,268.31182861328125
2019-07-22,268.9709167480469
2019-07-23,270.8941650390625
2019-07-24,272.1672668457031
2019-07-25,270.8670654296875
2019-07-26,272.68194580078125
2019-07-29,272.185302734375
2019-07-30,271.51715087890625
2019-07-31,268.5466613769531
2019-08-01,266.2080993652344
2019-08-02,264.2037353515625
2019-08-05,256.2583312988281
2019-08-06,259.851806640625
2019-08-07,260.0052490234375
2019-08-08,265.1066589355469
2019-08-09,263.30084228515625
2019-08-12,260.0956115722656
2019-08-13,264.14044189453125
2019-08-14,256.33050537109375
2019-08-15,257.0076904296875
2019-08-16,260.79986572265625
2019-08-19,263.94183349609375
2019-08-20,261.9194030761719
2019-08-21,264.0503234863281
2019-08-22,263.9689636230469
2019-08-23,257.1882629394531
2019-08-26,260.0323791503906
2019-08-27,259.0121765136719
2019-08-28,260.83599853515625
2019-08-29,264.1676025390625
2019-08-30,264.0503234863281
2019-09-03,262.5063171386719
2019-09-04,265.48583984375
2019-09-05,268.8988037109375
2019-09-06,269.1064453125
2019-09-09,269.2419128417969
2019-09-10,269.1786804199219
2019-09-11,271.0927734375
2019-09-12,272.0318298339844
2019-09-13,271.85125732421875
2019-09-16,271.0115051269531
2019-09-17,271.69769287109375
2019-09-18,271.86029052734375
2019-09-19,271.8421630859375
2019-09-20,270.5577697753906
2019-09-23,270.49432373046875
2019-09-24,268.37176513671875
2019-09-25,269.9590759277344
2019-09-26,269.396728515625
2019-09-27,267.9454650878906
2019-09-30,269.18817138671875
2019-10-01,265.9862060546875
2019-10-02,261.2877197265625
2019-10-03,263.42828369140625
2019-10-04,266.9930725097656
2019-10-07,265.8410949707031
2019-10-08,261.7139587402344
2019-10-09,264.1993103027344
2019-10-10,265.9862060546875
2019-10-11,268.74365234375
2019-10-14,268.4443664550781
2019-10-15,271.1020202636719
2019-10-16,270.6666564941406
2019-10-17,271.46484375
2019-10-18,270.27667236328125
2019-10-21,272.10882568359375
2019-10-22,271.2200927734375
2019-10-23,272.00909423828125
2019-10-24,272.4535827636719
2019-10-25,273.5692443847656
2019-10-28,275.1112060546875
2019-10-29,275.0295715332031
2019-10-30,275.8731994628906
2019-10-31,275.1384582519531
2019-11-01,277.6873474121094
2019-11-04,278.802978515625
2019-11-05,278.4945373535156
2019-11-06,278.5580749511719
2019-11-07,279.5376892089844
2019-11-08,280.2270202636719
2019-11-11,279.6918640136719
2019-11-12,280.2815246582031
2019-11-13,280.37225341796875
2019-11-14,280.7803955078125
2019-11-15,282.81219482421875
2019-11-18,283.0206604003906
2019-11-19,282.9391784667969
2019-11-20,281.8869934082031
2019-11-21,281.43341064453125
2019-11-22,282.0592956542969
2019-11-25,284.245361328125
2019-11-26,284.8893127441406
2019-11-27,286.1592102050781
2019-11-29,285.0979919433594
2019-12-02,282.67620849609375
2019-12-03,280.7803955078125
2019-12-04,282.5128173828125
2019-12-05,283.0206604003906
2019-12-06,285.6058654785156
2019-12-09,284.70794677734375
2019-12-10,284.39044189453125
2019-12-11,285.1977233886719
2019-12-12,287.6559753417969
2019-12-13,287.8282775878906
2019-12-16,289.8056335449219
2019-12-17,289.86907958984375
2019-12-18,289.88714599609375
2019-12-19,291.0755615234375
2019-12-20,292.3516540527344
2019-12-23,292.7982482910156
2019-12-24,292.807373046875
2019-12-26,294.3660888671875
2019-12-27,294.29315185546875
2019-12-30,292.6706237792969
2019-12-31,293.38165283203125
2020-01-02,296.125244140625
2020-01-03,293.8830261230469
2020-01-06,295.0041198730469
2020-01-07,294.1745910644531
2020-01-08,295.7425231933594
2020-01-09,297.74774169921875
2020-01-10,296.89093017578125
2020-01-13,298.9327697753906
2020-01-14,298.47705078125
2020-01-15,299.15155029296875
2020-01-16,301.6400146484375
2020-01-17,302.5788879394531
2020-01-21,301.9862976074219
2020-01-22,302.0227966308594
2020-01-23,302.3692321777344
2020-01-24,299.68017578125
2020-01-27,294.87652587890625
2020-01-28,297.96661376953125
2020-01-29,297.72052001953125
2020-01-30,298.6866760253906
2020-01-31,293.2631530761719
2020-02-03,295.4417419433594
2020-02-04,299.9446105957031
2020-02-05,303.40826416015625
2020-02-06,304.4292907714844
2020-02-07,302.80670166015625
2020-02-10,305.06732177734375
2020-02-11,305.59600830078125
2020-02-12,307.56488037109375
2020-02-13,307.2367248535156
2020-02-14,307.72894287109375
2020-02-18,306.9358825683594
2020-02-19,308.40350341796875
2020-02-20,307.1364440917969
2020-02-21,303.97344970703125
2020-02-24,293.89208984375
2020-02-25,284.9864807128906
2020-02-26,283.9383239746094
2020-02-27,271.18609619140625
2020-02-28,270.0467224121094
2020-03-02,281.7415771484375
2020-03-03,273.67449951171875
2020-03-04,285.177978515625
2020-03-05,275.6981506347656
2020-03-06,271.1405334472656
2020-03-09,249.96595764160156
2020-03-10,262.90045166015625
2020-03-11,250.08445739746094
2020-03-12,226.1570587158203
2020-03-13,245.4904327392578
2020-03-16,218.62789916992188
2020-03-17,230.4320831298828
2020-03-18,218.76463317871094
2020-03-19,219.22952270507812
2020-03-20,209.78204345703125
2020-03-23,204.41824340820312
2020-03-24,222.93922424316406
2020-03-25,226.2766571044922
2020-03-26,239.48892211914062
2020-03-27,232.3555908203125
2020-03-30,239.90145874023438
2020-03-31,236.32565307617188
2020-04-01,225.68984985351562
2020-04-02,230.89772033691406
2020-04-03,227.56027221679688
2020-04-06,242.84466552734375
2020-04-07,243.0922088623047
2020-04-08,251.25245666503906
2020-04-09,255.0758514404297
2020-04-13,252.7469940185547
2020-04-14,260.2012023925781
2020-04-15,254.67237854003906
2020-04-16,255.9010009765625
2020-04-17,262.81427001953125
2020-04-20,258.1840515136719
2020-04-21,250.34478759765625
2020-04-22,255.9010009765625
2020-04-23,255.8826904296875
2020-04-24,259.44940185546875
2020-04-27,263.190185546875
2020-04-28,261.97998046875
2020-04-29,268.83819580078125
2020-04-30,266.3351135253906
2020-05-01,259.2842712402344
2020-05-04,259.9995422363281
2020-05-05,262.4017333984375
2020-05-06,260.6229553222656
2020-05-07,263.7677917480469
2020-05-08,268.1322326660156
2020-05-11,268.1871643066406
2020-05-12,262.8417663574219
2020-05-13,258.1932067871094
2020-05-14,261.2829895019531
2020-05-15,262.4842529296875
2020-05-18,270.47943115234375
2020-05-19,267.7012023925781
2020-05-20,272.2490539550781
2020-05-21,270.3694152832031
2020-05-22,270.8827819824219
2020-05-26,274.2202453613281
2020-05-27,278.3003845214844
2020-05-28,277.7868957519531
2020-05-29,279.0246887207031
2020-06-01,280.1524658203125
2020-06-02,282.4722595214844
2020-06-03,286.23138427734375
2020-06-04,285.4796142578125
2020-06-05,292.7962951660156
2020-06-08,296.3355407714844
2020-06-09,294.1257019042969
2020-06-10,292.4845275878906
2020-06-11,275.6230773925781
2020-06-12,278.9238586425781
2020-06-15,281.5278015136719
2020-06-16,286.946533203125
2020-06-17,285.7545471191406
2020-06-18,285.8646240234375
2020-06-19,284.23101806640625
2020-06-22,286.05438232421875
2020-06-23,287.37127685546875
2020-06-24,280.0408020019531
2020-06-25,283.04296875
2020-06-26,276.3202819824219
2020-06-29,280.3815612792969
2020-06-30,283.97308349609375
2020-07-01,285.9622497558594
2020-07-02,287.53704833984375
2020-07-06,291.9758605957031
2020-07-07,288.96435546875
2020-07-08,291.1746520996094
2020-07-09,289.5169372558594
2020-07-10,292.47314453125
2020-07-13,289.94061279296875
2020-07-14,293.6979675292969
2020-07-15,296.3962097167969
2020-07-16,295.4200439453125
2020-07-17,296.27655029296875
2020-07-20,298.6708679199219
2020-07-21,299.3062744140625
2020-07-22,301.01007080078125
2020-07-23,297.4184265136719
2020-07-24,295.5029296875
2020-07-27,297.6578674316406
2020-07-28,295.7701110839844
2020-07-29,299.4076232910156
2020-07-30,298.3393859863281
2020-07-31,300.6968688964844
2020-08-03,302.7873840332031
2020-08-04,303.9569396972656
2020-08-05,305.8447570800781
2020-08-06,307.8891906738281
2020-08-07,308.1102294921875
2020-08-10,309.0311584472656
2020-08-11,306.4802551269531
2020-08-12,310.7533264160156
2020-08-13,310.1915588378906
2020-08-14,310.2007141113281
2020-08-17,311.1860046386719
2020-08-18,311.8583984375
2020-08-19,310.55987548828125
2020-08-20,311.5268249511719
2020-08-21,312.6319580078125
2020-08-24,315.7999267578125
2020-08-25,316.9049377441406
2020-08-26,320.0821228027344
2020-08-27,320.7820129394531
2020-08-28,322.8541259765625
2020-08-31,321.6845397949219
2020-09-01,324.7143859863281
2020-09-02,329.41107177734375
2020-09-03,318.0744934082031
2020-09-04,315.4776611328125
2020-09-08,306.8577880859375
2020-09-09,312.9175109863281
2020-09-10,307.4840087890625
2020-09-11,307.64056396484375
2020-09-14,311.692626953125
2020-09-15,313.26739501953125
2020-09-16,312.02410888671875
2020-09-17,309.2798767089844
2020-09-18,305.71917724609375
2020-09-21,302.316650390625
2020-09-22,305.39556884765625
2020-09-23,298.3130798339844
2020-09-24,299.10821533203125
2020-09-25,303.94384765625
2020-09-28,308.99224853515625
2020-09-29,307.3094787597656
2020-09-30,309.6394958496094
2020-10-01,311.6273498535156
2020-10-02,308.66864013671875
2020-10-05,314.1423034667969
2020-10-06,309.6763916015625
2020-10-07,315.06689453125
2020-10-08,317.8591613769531
2020-10-09,320.6977233886719
2020-10-12,325.85699462890625
2020-10-13,323.7303466796875
2020-10-14,321.6962585449219
2020-10-15,321.2986755371094
2020-10-16,321.10455322265625
2020-10-19,316.2226867675781
2020-10-20,317.4893493652344
2020-10-21,316.88836669921875
2020-10-22,318.6265563964844
2020-10-23,319.7084655761719
2020-10-26,313.8002014160156
2020-10-27,312.71844482421875
2020-10-28,302.0301208496094
2020-10-29,305.0996398925781
2020-10-30,301.9190979003906
2020-11-02,305.3031311035156
2020-11-03,310.6935119628906
2020-11-04,317.6373291015625
2020-11-05,323.8320617675781
2020-11-06,323.7581787109375
2020-11-09,327.8263244628906
2020-11-10,327.3456115722656
2020-11-11,329.7773132324219
2020-11-12,326.578125
2020-11-13,331.0994873046875
2020-11-16,335.2324523925781
2020-11-17,333.429443359375
2020-11-18,329.4165954589844
2020-11-19,330.8035888671875
2020-11-20,328.53826904296875
2020-11-23,330.50775146484375
2020-11-24,335.83343505859375
2020-11-25,335.31561279296875
2020-11-27,336.24951171875
2020-11-30,334.7608642578125
2020-12-01,338.4222412109375
2020-12-02,339.1341857910156
2020-12-03,339.0417175292969
2020-12-04,341.96343994140625
2020-12-07,341.26080322265625
2020-12-08,342.2593688964844
2020-12-09,339.1897277832031
2020-12-10,339.0787658691406
2020-12-11,338.6811828613281
2020-12-14,337.1648254394531
2020-12-15,341.72308349609375
2020-12-16,342.2593688964844
2020-12-17,344.1732177734375
2020-12-18,342.7990417480469
2020-12-21,341.5732727050781
2020-12-22,340.9975891113281
2020-12-23,341.30413818359375
2020-12-24,342.63189697265625
2020-12-28,345.5753479003906
2020-12-29,344.9161071777344
2020-12-30,345.408203125
2020-12-31,347.1632385253906
2021-01-04,342.43695068359375
2021-01-05,344.79541015625
2021-01-06,346.8568115234375
2021-01-07,352.0102844238281
2021-01-08,354.015869140625
2021-01-11,351.62957763671875
2021-01-12,351.7037658691406
2021-01-13,352.6508483886719
2021-01-14,351.41595458984375
2021-01-15,348.8531494140625
2021-01-19,351.59234619140625
2021-01-20,356.4580078125
2021-01-21,356.78289794921875
2021-01-22,355.52008056640625
2021-01-25,356.9222412109375
2021-01-26,356.3651123046875
2021-01-27,347.6553649902344
2021-01-28,350.64532470703125
2021-01-29,343.6254577636719
2021-02-01,349.3453063964844
2021-02-02,354.2850341796875
2021-02-03,354.5636901855469
2021-02-04,358.5935363769531
2021-02-05,360.00494384765625
2021-02-08,362.6048278808594
2021-02-09,362.3634338378906
2021-02-10,362.2055358886719
2021-02-11,362.7905578613281
2021-02-12,364.5826721191406
2021-02-16,364.2669372558594
2021-02-17,364.3504943847656
2021-02-18,362.7998352050781
2021-02-19,362.1592102050781
2021-02-22,359.37353515625
2021-02-23,359.8099365234375
2021-02-24,363.7747802734375
2021-02-25,355.0093688964844
2021-02-26,353.1800842285156
2021-03-01,361.7413024902344
2021-03-02,358.91851806640625
2021-03-03,354.1644287109375
2021-03-04,349.78179931640625
2021-03-05,356.2165222167969
2021-03-08,354.4429626464844
2021-03-09,359.5035095214844
2021-03-10,361.7413024902344
2021-03-11,365.4089660644531
2021-03-12,365.9011535644531
2021-03-15,368.08319091796875
2021-03-16,367.6189880371094
2021-03-17,368.8724670410156
2021-03-18,363.50555419921875
2021-03-19,362.8329162597656
2021-03-22,365.7300720214844
2021-03-23,362.8515625
2021-03-24,361.0069885253906
2021-03-25,363.03790283203125
2021-03-26,368.8882141113281
2021-03-29,368.701904296875
2021-03-30,367.7237548828125
2021-03-31,369.2142333984375
2021-04-01,373.2014465332031
2021-04-05,378.55804443359375
2021-04-06,378.3344421386719
2021-04-07,378.7723693847656
2021-04-08,380.5701904296875
2021-04-09,383.33709716796875
2021-04-12,383.4768371582031
2021-04-13,384.6134033203125
2021-04-14,383.29986572265625
2021-04-15,387.41741943359375
2021-04-16,388.7123718261719
2021-04-19,386.8026123046875
2021-04-20,383.9705810546875
2021-04-21,387.6037292480469
2021-04-22,384.0636901855469
2021-04-23,388.22784423828125
2021-04-26,389.0383605957031
2021-04-27,388.9544372558594
2021-04-28,388.8427429199219
2021-04-29,391.32080078125
2021-04-30,388.74957275390625
2021-05-03,389.5879821777344
2021-05-04,387.1845703125
2021-05-05,387.3056640625
2021-05-06,390.39849853515625
2021-05-07,393.2397766113281
2021-05-10,389.3457946777344
2021-05-11,385.8710021972656
2021-05-12,377.673095703125
2021-05-13,382.2098388671875
2021-05-14,388.0788879394531
2021-05-17,387.09136962890625
2021-05-18,383.75628662109375
2021-05-19,382.7502136230469
2021-05-20,386.86773681640625
2021-05-21,386.5510559082031
2021-05-24,390.4916076660156
2021-05-25,389.625244140625
2021-05-26,390.39849853515625
2021-05-27,390.6034240722656
2021-05-28,391.3021240234375
2021-06-01,390.9574279785156
2021-06-02,391.57232666015625
2021-06-03,390.1190185546875
2021-06-04,393.6869812011719
2021-06-07,393.3049621582031
2021-06-08,393.3888244628906
2021-06-09,392.802001953125
2021-06-10,394.6278991699219
2021-06-11,395.27996826171875
2021-06-14,396.1650390625
2021-06-15,395.4383544921875
2021-06-16,393.2304382324219
2021-06-17,393.10003662109375
2021-06-18,387.7970275878906
2021-06-21,393.3487548828125
2021-06-22,395.4516296386719
2021-06-23,394.97491455078125
2021-06-24,397.3116149902344
2021-06-25,398.7228088378906
2021-06-28,399.5266418457031
2021-06-29,399.7416076660156
2021-06-30,400.0780944824219
2021-07-01,402.2930908203125
2021-07-02,405.3680419921875
2021-07-06,404.629638671875
2021-07-07,406.0596923828125
2021-07-08,402.75103759765625
2021-07-09,407.0503845214844
2021-07-12,408.5084533691406
2021-07-13,407.1158142089844
2021-07-14,407.7233581542969
2021-07-15,406.33074951171875
2021-07-16,403.14361572265625
2021-07-19,397.19000244140625
2021-07-20,402.88189697265625
2021-07-21,406.143798828125
2021-07-22,406.99432373046875
2021-07-23,411.1814880371094
2021-07-26,412.1908874511719
2021-07-27,410.31219482421875
2021-07-28,410.14398193359375
2021-07-29,411.8450927734375
2021-07-30,409.8450012207031
2021-08-02,408.98504638671875
2021-08-03,412.3123779296875
2021-08-04,410.28424072265625
2021-08-05,412.8824157714844
2021-08-06,413.5647888183594
2021-08-09,413.2283020019531
2021-08-10,413.7423095703125
2021-08-11,414.77044677734375
2021-08-12,416.013427734375
2021-08-13,416.7704772949219
2021-08-16,417.7519226074219
2021-08-17,415.0134582519531
2021-08-18,410.4710998535156
2021-08-19,411.1067199707031
2021-08-20,414.3779296875
2021-08-23,418.0229797363281
2021-08-24,418.6865234375
2021-08-25,419.56512451171875
2021-08-26,417.0883483886719
2021-08-27,420.8174743652344
2021-08-30,422.6680603027344
2021-08-31,422.04180908203125
2021-09-01,422.2660827636719
2021-09-02,423.5653076171875
2021-09-03,423.46246337890625
2021-09-07,421.9483947753906
2021-09-08,421.434326171875
2021-09-09,419.6304931640625
2021-09-10,416.3218994140625
2021-09-13,417.3874206542969
2021-09-14,415.1349182128906
2021-09-15,418.60235595703125
2021-09-16,417.93878173828125
2021-09-17,413.8677062988281
2021-09-20,406.96673583984375
2021-09-21,406.58233642578125
2021-09-22,410.54852294921875
2021-09-23,415.5367126464844
2021-09-24,416.2210998535156
2021-09-27,415.0303039550781
2021-09-28,406.6667175292969
2021-09-29,407.3511962890625
2021-09-30,402.3724670410156
2021-10-01,407.15423583984375
2021-10-04,401.9035949707031
2021-10-05,406.0854797363281
2021-10-06,407.77313232421875
2021-10-07,411.298583984375
2021-10-08,410.54852294921875
2021-10-11,407.5761413574219
2021-10-12,406.57293701171875
2021-10-13,408.03564453125
2021-10-14,414.89910888671875
2021-10-15,418.0588684082031
2021-10-18,419.2965087890625
2021-10-19,422.5314025878906
2021-10-20,424.19085693359375
2021-10-21,425.2972717285156
2021-10-22,424.8566589355469
2021-10-25,427.13507080078125
2021-10-26,427.51953125
2021-10-27,425.62542724609375
2021-10-28,429.7323303222656
2021-10-29,430.604248046875
2021-11-01,431.344970703125
2021-11-02,433.0889587402344
2021-11-03,435.73309326171875
2021-11-04,437.7864990234375
2021-11-05,439.305419921875
2021-11-08,439.6804504394531
2021-11-09,438.2272033691406
2021-11-10,434.70172119140625
2021-11-11,434.8423156738281
2021-11-12,438.1240234375
2021-11-15,438.2741394042969
2021-11-16,440.0086669921875
2021-11-17,438.9397277832031
2021-11-18,440.4305725097656
2021-11-19,439.64300537109375
2021-11-22,438.4053039550781
2021-11-23,438.98663330078125
2021-11-24,440.1586608886719
2021-11-26,430.341796875
2021-11-29,435.6205139160156
2021-11-30,427.1444396972656
2021-12-01,422.3999938964844
2021-12-02,428.86962890625
2021-12-03,425.1379699707031
2021-12-06,430.1729431152344
2021-12-07,439.0710144042969
2021-12-08,440.2337341308594
2021-12-09,437.2614440917969
2021-12-10,441.37750244140625
2021-12-13,437.4677429199219
2021-12-14,434.45782470703125
2021-12-15,441.24639892578125
2021-12-16,437.35516357421875
2021-12-17,432.70050048828125
2021-12-20,428.099365234375
2021-12-21,435.7019958496094
2021-12-22,440.0584716796875
2021-12-23,442.7965087890625
2021-12-27,449.06304931640625
2021-12-28,448.696044921875
2021-12-29,449.2699890136719
2021-12-30,448.0281066894531
2021-12-31,446.8988952636719
2022-01-03,449.48651123046875
2022-01-04,449.33587646484375
2022-01-05,440.70770263671875
2022-01-06,440.2936096191406
2022-01-07,438.55291748046875
2022-01-10,438.00726318359375
2022-01-11,441.9967041015625
2022-01-12,443.19171142578125
2022-01-13,437.0851745605469
2022-01-14,437.263916015625
2022-01-18,429.5201721191406
2022-01-19,425.0602111816406
2022-01-20,420.3556213378906
2022-01-21,412.1037902832031
2022-01-24,413.8538513183594
2022-01-25,408.8010559082031
2022-01-26,407.7754821777344
2022-01-27,405.761962890625
2022-01-28,415.8392639160156
2022-01-31,423.32891845703125
2022-02-01,426.18927001953125
2022-02-02,430.329345703125
2022-02-03,420.2144470214844
2022-02-04,422.1904296875
2022-02-07,420.83544921875
2022-02-08,424.2980041503906
2022-02-09,430.5081787109375
2022-02-10,422.7737731933594
2022-02-11,414.4371032714844
2022-02-14,413.0822448730469
2022-02-15,419.7440185546875
2022-02-16,420.2144470214844
2022-02-17,411.2381286621094
2022-02-18,408.5753173828125
2022-02-22,404.19061279296875
2022-02-23,397.02081298828125
2022-02-24,402.99560546875
2022-02-25,411.8872985839844
2022-02-28,410.8334655761719
2022-03-01,404.5763854980469
2022-03-02,412.01910400390625
2022-03-03,409.9678955078125
2022-03-04,406.6369323730469
2022-03-07,394.6496887207031
2022-03-08,391.6575622558594
2022-03-09,402.15826416015625
2022-03-10,400.3421936035156
2022-03-11,395.2519226074219
2022-03-14,392.3632507324219
2022-03-15,400.9915466308594
2022-03-16,409.8831787109375
2022-03-17,415.0111389160156
2022-03-18,419.5567626953125
2022-03-21,419.43402099609375
2022-03-22,424.3420104980469
2022-03-23,418.877197265625
2022-03-24,425.19146728515625
2022-03-25,427.2679138183594
2022-03-28,430.3070983886719
2022-03-29,435.6302490234375
2022-03-30,432.9403381347656
2022-03-31,426.27691650390625
2022-04-01,427.48504638671875
2022-04-04,431.1471252441406
2022-04-05,425.7011413574219
2022-04-06,421.44439697265625
2022-04-07,423.5680236816406
2022-04-08,422.4354248046875
2022-04-11,415.215087890625
2022-04-12,413.6766052246094
2022-04-13,418.4147033691406
2022-04-14,413.20465087890625
2022-04-18,413.3746032714844
2022-04-19,420.0474853515625
2022-04-20,419.7360534667969
2022-04-21,413.45953369140625
2022-04-22,402.1145324707031
2022-04-25,404.44580078125
2022-04-26,392.7326965332031
2022-04-27,393.8370361328125
2022-04-28,403.78515625
2022-04-29,388.8629455566406
2022-05-02,391.2037658691406
2022-05-03,392.9970397949219
2022-05-04,404.96490478515625
2022-05-05,390.5712585449219
2022-05-06,388.24005126953125
2022-05-09,375.80963134765625
2022-05-10,376.6779479980469
2022-05-11,370.6940002441406
2022-05-12,370.3069763183594
2022-05-13,379.1602478027344
2022-05-16,377.621826171875
2022-05-17,385.38970947265625
2022-05-18,369.85400390625
2022-05-19,367.5887451171875
2022-05-20,367.7492370605469
2022-05-23,374.6297912597656
2022-05-24,371.7699890136719
2022-05-25,375.05450439453125
2022-05-26,382.5486145019531
2022-05-27,391.93988037109375
2022-05-31,389.7406921386719
2022-06-01,386.5883483886719
2022-06-02,393.95025634765625
2022-06-03,387.4849548339844
2022-06-06,388.664794921875
2022-06-07,392.39288330078125
2022-06-08,388.1268005371094
2022-06-09,378.8960266113281
2022-06-10,367.9096374511719
2022-06-13,353.9407653808594
2022-06-14,352.8742370605469
2022-06-15,357.9049072265625
2022-06-16,346.0597229003906
2022-06-17,346.8056945800781
2022-06-21,355.5360412597656
2022-06-22,354.8915100097656
2022-06-23,358.3703308105469
2022-06-24,369.7643127441406
2022-06-27,368.35198974609375
2022-06-28,360.825439453125
2022-06-29,360.5316467285156
2022-06-30,357.6025695800781
2022-07-01,361.38470458984375
2022-07-05,362.0671691894531
2022-07-06,363.2901306152344
2022-07-07,368.7310485839844
2022-07-08,368.4277648925781
2022-07-11,364.218994140625
2022-07-12,360.99609375
2022-07-13,359.1001892089844
2022-07-14,358.2281799316406
2022-07-15,365.0721435546875
2022-07-18,362.0577697753906
2022-07-19,371.84027099609375
2022-07-20,374.2100524902344
2022-07-21,378.02081298828125
2022-07-22,374.5133972167969
2022-07-25,374.96844482421875
2022-07-26,370.5321350097656
2022-07-27,380.153564453125
2022-07-28,384.92156982421875
2022-07-29,390.53326416015625
2022-08-01,389.37677001953125
2022-08-02,386.8079528808594
2022-08-03,392.8651428222656
2022-08-04,392.5997619628906
2022-08-05,391.9361572265625
2022-08-08,391.481201171875
2022-08-09,389.9266052246094
2022-08-10,398.11663818359375
2022-08-11,398.11663818359375
2022-08-12,404.8562927246094
2022-08-15,406.5246887207031
2022-08-16,407.3208923339844
2022-08-17,404.42974853515625
2022-08-18,405.605224609375
2022-08-19,400.1546630859375
2022-08-22,391.8224182128906
2022-08-23,390.87451171875
2022-08-24,392.1258544921875
2022-08-25,397.6617126464844
2022-08-26,384.2012023925781
2022-08-29,381.6607971191406
2022-08-30,377.4709777832031
2022-08-31,374.5987243652344
2022-09-01,375.7741394042969
2022-09-02,371.81182861328125
2022-09-06,370.4089660644531
2022-09-07,377.0633239746094
2022-09-08,379.5279541015625
2022-09-09,385.4239807128906
2022-09-12,389.56640625
2022-09-13,372.6271667480469
2022-09-14,374.0489501953125
2022-09-15,369.8022766113281
2022-09-16,366.98114013671875
2022-09-19,369.8269958496094
2022-09-20,365.5819396972656
2022-09-21,359.2047424316406
2022-09-22,356.1875305175781
2022-09-23,350.2196350097656
2022-09-26,346.75506591796875
2022-09-27,345.86993408203125
2022-09-28,352.67535400390625
2022-09-29,345.3082580566406
2022-09-30,339.9686279296875
2022-10-03,348.9441833496094
2022-10-04,359.7568664550781
2022-10-05,358.91925048828125
2022-10-06,355.2166748046875
2022-10-07,345.3082580566406
2022-10-10,342.67181396484375
2022-10-11,340.5016784667969
2022-10-12,339.37847900390625
2022-10-13,348.3351135253906
2022-10-14,340.3969421386719
2022-10-17,349.1441345214844
2022-10-18,353.2464904785156
2022-10-19,350.74322509765625
2022-10-20,347.8020935058594
2022-10-21,356.25421142578125
2022-10-24,360.6134338378906
2022-10-25,366.3719482421875
2022-10-26,363.61163330078125
2022-10-27,361.6699523925781
2022-10-28,370.2744140625
2022-10-31,367.59967041015625
2022-11-01,365.9912109375
2022-11-02,356.8061218261719
2022-11-03,353.1322021484375
2022-11-04,358.2148742675781
2022-11-07,361.6414489746094
2022-11-08,363.5926513671875
2022-11-09,356.1018981933594
2022-11-10,375.6711730957031
2022-11-11,379.30712890625
2022-11-14,376.0804443359375
2022-11-15,379.2880554199219
2022-11-16,376.39459228515625
2022-11-17,375.24285888671875
2022-11-18,376.9465637207031
2022-11-21,375.575927734375
2022-11-22,380.6300354003906
2022-11-23,383.02862548828125
2022-11-25,382.9430236816406
2022-11-28,376.8323974609375
2022-11-29,376.1851501464844
2022-11-30,388.0351257324219
2022-12-01,387.7496643066406
2022-12-02,387.30230712890625
2022-12-05,380.33502197265625
2022-12-06,374.85260009765625
2022-12-07,374.21490478515625
2022-12-08,377.1464538574219
2022-12-09,374.3290710449219
2022-12-12,379.7258605957031
2022-12-13,382.6003112792969
2022-12-14,380.1541748046875
2022-12-15,370.85498046875
2022-12-16,366.4766540527344
2022-12-19,363.3690490722656
2022-12-20,363.8662414550781
2022-12-21,369.3069152832031
2022-12-22,364.038330078125
2022-12-23,366.13238525390625
2022-12-27,364.68853759765625
2022-12-28,360.15625
2022-12-29,366.6391906738281
2022-12-30,365.6734619140625
2023-01-03,364.1339416503906
2023-01-04,366.9451904296875
2023-01-05,362.7570495605469
2023-01-06,371.0758361816406
2023-01-09,370.8655090332031
2023-01-10,373.4662780761719
2023-01-11,378.1898498535156
2023-01-12,379.5667419433594
2023-01-13,381.039306640625
2023-01-17,380.34130859375
2023-01-18,374.33642578125
2023-01-19,371.6112365722656
2023-01-20,378.53411865234375
2023-01-23,383.075927734375
2023-01-24,382.6648254394531
2023-01-25,382.8082275390625
2023-01-26,387.0154724121094
2023-01-27,387.9046936035156
2023-01-30,383.0377197265625
2023-01-31,388.66961669921875
2023-02-01,392.8003845214844
2023-02-02,398.518310546875
2023-02-03,394.2824401855469
2023-02-06,391.8728332519531
2023-02-07,396.9980163574219
2023-02-08,392.65692138671875
2023-02-09,389.2528991699219
2023-02-10,390.1612854003906
2023-02-13,394.74139404296875
2023-02-14,394.55975341796875
2023-02-15,395.841064453125
2023-02-16,390.3907165527344
2023-02-17,389.4154968261719
2023-02-21,381.60345458984375
2023-02-22,381.0774841308594
2023-02-23,383.1046447753906
2023-02-24,379.0122375488281
2023-02-27,380.3030090332031
2023-02-28,378.8974304199219
2023-03-01,377.4440002441406
2023-03-02,380.3794860839844
2023-03-03,386.47998046875
2023-03-06,386.747802734375
2023-03-07,380.81939697265625
2023-03-08,381.44085693359375
2023-03-09,374.4033508300781
2023-03-10,369.0009460449219
2023-03-13,368.4750061035156
2023-03-14,374.5659484863281
2023-03-15,372.2232666015625
2023-03-16,378.7539978027344
2023-03-17,374.3254089355469
2023-03-20,377.92474365234375
2023-03-21,382.8870849609375
2023-03-22,376.3601989746094
2023-03-23,377.37762451171875
2023-03-24,379.8540344238281
2023-03-27,380.56427001953125
2023-03-28,379.7100524902344
2023-03-29,385.2290344238281
2023-03-30,387.4846496582031
2023-03-31,392.9461364746094
2023-04-03,394.4434814453125
2023-04-04,392.25506591796875
2023-04-05,391.2279357910156
2023-04-06,392.7541198730469
2023-04-10,393.15728759765625
2023-04-11,393.2628479003906
2023-04-12,391.659912109375
2023-04-13,396.8621826171875
2023-04-14,395.892822265625
2023-04-17,397.3133544921875
2023-04-18,397.5725402832031
2023-04-19,397.50531005859375
2023-04-20,395.33612060546875
2023-04-21,395.6432800292969
2023-04-24,396.0559387207031
2023-04-25,389.7690734863281
2023-04-26,388.11810302734375
2023-04-27,395.8448486328125
2023-04-28,399.2234802246094
2023-05-01,398.8203125
2023-05-02,394.337890625
2023-05-03,391.631103515625
2023-05-04,388.8572692871094
2023-05-05,396.0559387207031
2023-05-08,396.1615905761719
2023-05-09,394.42425537109375
2023-05-10,396.26715087890625
2023-05-11,395.5760803222656
2023-05-12,395.0577392578125
2023-05-15,396.4206848144531
2023-05-16,393.7716064453125
2023-05-17,398.5515441894531
2023-05-18,402.3908996582031
2023-05-19,401.80535888671875
2023-05-22,401.96856689453125
2023-05-23,397.45733642578125
2023-05-24,394.5778503417969
2023-05-25,397.9948425292969
2023-05-26,403.1491394042969
2023-05-30,403.302734375
2023-05-31,401.06634521484375
2023-06-01,404.87689208984375
2023-06-02,410.7318420410156
2023-06-05,409.94476318359375
2023-06-06,410.83740234375
2023-06-07,409.4168701171875
2023-06-08,411.8932189941406
2023-06-09,412.6322937011719
2023-06-12,416.3756103515625
2023-06-13,419.1207580566406
2023-06-14,419.61993408203125
2023-06-15,424.8221740722656
2023-06-16,423.37518310546875
2023-06-20,421.1785888671875
2023-06-21,419.02056884765625
2023-06-22,420.5331115722656
2023-06-23,417.3539123535156
2023-06-26,415.648681640625
2023-06-27,420.2055969238281
2023-06-28,420.41754150390625
2023-06-29,422.0745544433594
2023-06-30,427.05535888671875
2023-07-03,427.5466613769531
2023-07-05,426.91082763671875
2023-07-06,423.5677795410156
2023-07-07,422.4984130859375
2023-07-10,423.5677795410156
2023-07-11,426.2653503417969
2023-07-12,429.6950378417969
2023-07-13,433.10546875
2023-07-14,432.8357849121094
2023-07-17,434.3386535644531
2023-07-18,437.5660095214844
2023-07-19,438.5390319824219
2023-07-20,435.62957763671875
2023-07-21,435.62957763671875
2023-07-24,437.57562255859375
2023-07-25,438.7702941894531
2023-07-26,438.83770751953125
2023-07-27,435.9281921386719
2023-07-28,440.19610595703125
2023-07-31,441.03424072265625
2023-08-01,439.772216796875
2023-08-02,433.65460205078125
2023-08-03,432.41180419921875
2023-08-04,430.45611572265625
2023-08-07,434.2134094238281
2023-08-08,432.3251647949219
2023-08-09,429.4349365234375
2023-08-10,429.5890197753906
2023-08-11,429.3385925292969
2023-08-14,431.7085266113281
2023-08-15,426.6796569824219
2023-08-16,423.5485534667969
2023-08-17,420.3211975097656
2023-08-18,420.5234680175781
2023-08-21,423.2594909667969
2023-08-22,422.1130676269531
2023-08-23,426.8144836425781
2023-08-24,420.8992004394531
2023-08-25,423.866455078125
2023-08-28,426.5543518066406
2023-08-29,432.72015380859375
2023-08-30,434.5024108886719
2023-08-31,433.8666076660156
2023-09-01,434.67578125
2023-09-05,432.7971496582031
2023-09-06,429.8877258300781
2023-09-07,428.56787109375
2023-09-08,429.21331787109375
2023-09-11,432.0361022949219
2023-09-12,429.6661682128906
2023-09-13,430.1671142578125
2023-09-14,433.876220703125
2023-09-15,428.648681640625
2023-09-18,428.9001159667969
2023-09-19,428.0106201171875
2023-09-20,424.0757751464844
2023-09-21,417.06646728515625
2023-09-22,416.12872314453125
2023-09-25,417.87860107421875
2023-09-26,411.7394714355469
2023-09-27,411.9037780761719
2023-09-28,414.291748046875
2023-09-29,413.28631591796875
2023-10-02,413.1219177246094
2023-10-03,407.59185791015625
2023-10-04,410.5599365234375
2023-10-05,410.4052429199219
2023-10-06,415.27789306640625
2023-10-09,417.9366149902344
2023-10-10,420.1119079589844
2023-10-11,421.83282470703125
2023-10-12,419.2611999511719
2023-10-13,417.1728515625
2023-10-16,421.56207275390625
2023-10-17,421.5427551269531
2023-10-18,415.9256591796875
2023-10-19,412.27117919921875
2023-10-20,407.2051086425781
2023-10-23,406.4994201660156
2023-10-24,409.5641784667969
2023-10-25,403.6859436035156
2023-10-26,398.85205078125
2023-10-27,397.0440979003906
2023-10-30,401.79107666015625
2023-10-31,404.314453125
2023-11-01,408.6263732910156
2023-11-02,416.4573974609375
2023-11-03,420.2569580078125
2023-11-06,421.2236633300781
2023-11-07,422.42254638671875
2023-11-08,422.7319030761719
2023-11-09,419.43511962890625
2023-11-10,425.9803161621094
2023-11-13,425.57427978515625
2023-11-14,433.83074951171875
2023-11-15,434.74920654296875
2023-11-16,435.281005859375
2023-11-17,435.8223876953125
2023-11-20,439.1771545410156
2023-11-21,438.219970703125
2023-11-22,439.911865234375
2023-11-24,440.1826171875
2023-11-27,439.3898010253906
2023-11-28,439.82489013671875
2023-11-29,439.5155029296875
2023-11-30,441.2460632324219
2023-12-01,443.85638427734375
2023-12-04,441.5264892578125
2023-12-05,441.439453125
2023-12-06,439.6604919433594
2023-12-07,443.01531982421875
2023-12-08,444.9199523925781
2023-12-11,446.65045166015625
2023-12-12,448.6903991699219
2023-12-13,454.87786865234375
2023-12-14,456.3377990722656
2023-12-15,455.5864562988281
2023-12-18,458.14910888671875
2023-12-19,460.93505859375
2023-12-20,454.54779052734375
2023-12-21,458.8577880859375
2023-12-22,459.7799072265625
2023-12-26,461.7213439941406
2023-12-27,462.55621337890625
2023-12-28,462.73089599609375
2023-12-29,461.39129638671875
2024-01-02,458.8092346191406
2024-01-03,455.062255859375
2024-01-04,453.596435546875
2024-01-05,454.2176818847656
2024-01-08,460.7021179199219
2024-01-09,460.0032043457031
2024-01-10,462.6047058105469
2024-01-11,462.40087890625
2024-01-12,462.72119140625
2024-01-16,461.0224304199219
2024-01-17,458.45977783203125
2024-01-18,462.5367431640625
2024-01-19,468.3028564453125
2024-01-22,469.29296875
2024-01-23,470.6616516113281
2024-01-24,471.1761474609375
2024-01-25,473.7388610839844
2024-01-26,473.13702392578125
2024-01-29,476.8839416503906
2024-01-30,476.51507568359375
2024-01-31,468.7396240234375
2024-02-01,474.8746032714844
2024-02-02,479.873779296875
2024-02-05,478.12646484375
2024-02-06,479.5146179199219
2024-02-07,483.5139465332031
2024-02-08,483.7275085449219
2024-02-09,486.523193359375
2024-02-12,486.3096008300781
2024-02-13,479.6116638183594
2024-02-14,483.97021484375
2024-02-15,487.3094787597656
2024-02-16,484.8827209472656
2024-02-20,482.21319580078125
2024-02-21,482.6500244140625
2024-02-22,492.6387023925781
2024-02-23,492.97845458984375
2024-02-26,491.1728820800781
2024-02-27,492.0853576660156
2024-02-28,491.4350280761719
2024-02-29,493.2016906738281
2024-03-01,497.83203125
2024-03-04,497.298095703125
2024-03-05,492.32806396484375
2024-03-06,494.8227844238281
2024-03-07,499.734619140625
2024-03-08,496.73516845703125
2024-03-11,496.3079528808594
2024-03-12,501.64703369140625
2024-03-13,500.86065673828125
2024-03-14,499.8705749511719
2024-03-15,496.4381103515625
2024-03-18,499.3885192871094
2024-03-19,502.1636962890625
2024-03-20,506.808349609375
2024-03-21,508.48321533203125
2024-03-22,507.5191955566406
2024-03-25,506.1170349121094
2024-03-26,505.1822204589844
2024-03-27,509.42779541015625
2024-03-28,509.33026123046875
2024-04-01,508.4442443847656
2024-04-02,505.2115173339844
2024-04-03,505.7664489746094
2024-04-04,499.5930480957031
2024-04-05,504.812255859375
2024-04-08,505.0946044921875
2024-04-09,505.6788635253906
2024-04-10,500.61541748046875
2024-04-11,504.3935241699219
2024-04-12,497.4313659667969
2024-04-15,491.199462890625
2024-04-16,490.30364990234375
2024-04-17,487.4018859863281
2024-04-18,486.39892578125
2024-04-19,482.15350341796875
2024-04-22,486.59368896484375
2024-04-23,492.3679504394531
2024-04-24,492.13421630859375
2024-04-25,490.2646179199219
2024-04-26,494.90936279296875
2024-04-29,496.662109375
2024-04-30,488.7943115234375
2024-05-01,487.2071533203125
2024-05-02,491.7641906738281
2024-05-03,497.85980224609375
2024-05-06,503.0011291503906
2024-05-07,503.5561828613281
2024-05-08,503.6047668457031
2024-05-09,506.5064697265625
2024-05-10,507.1589050292969
2024-05-13,507.22705078125
2024-05-14,509.5543212890625
2024-05-15,515.8641967773438
2024-05-16,514.8026733398438
2024-05-17,515.5427856445312
2024-05-20,516.1367797851562
2024-05-21,517.4026489257812
2024-05-22,515.9127807617188
2024-05-23,512.1444091796875
2024-05-24,515.5330200195312
2024-05-28,515.893310546875
2024-05-29,512.2807006835938
2024-05-30,508.8824462890625
2024-05-31,513.5172729492188
2024-06-03,513.93603515625
2024-06-04,514.5106201171875
2024-06-05,520.6255493164062
2024-06-06,520.6159057617188
2024-06-07,519.9829711914062
2024-06-10,521.5895385742188
2024-06-11,522.845703125
2024-06-12,527.139892578125
2024-06-13,528.2012939453125
2024-06-14,528.5227661132812
2024-06-17,532.7291870117188
2024-06-18,534.0826416015625
2024-06-20,532.6317749023438
2024-06-21,531.917724609375
2024-06-24,530.1885986328125
2024-06-25,532.230224609375
2024-06-26,532.8945922851562
2024-06-27,533.734619140625
2024-06-28,531.6343383789062
2024-07-01,532.728515625
2024-07-02,536.3136596679688
2024-07-03,538.7069702148438
2024-07-05,541.8134155273438
2024-07-08,542.438720703125
2024-07-09,542.9661865234375
2024-07-10,548.3389892578125
2024-07-11,543.61083984375
2024-07-12,547.039794921875
2024-07-15,548.5440673828125
2024-07-16,551.7969360351562
2024-07-17,544.0602416992188
2024-07-18,539.8792724609375
2024-07-19,536.2940673828125
2024-07-22,541.8232421875
2024-07-23,540.973388671875
2024-07-24,528.7135620117188
2024-07-25,525.958740234375
2024-07-26,531.8493041992188
2024-07-29,532.161865234375
2024-07-30,529.4656982421875
2024-07-31,538.0719604492188
2024-08-01,530.4523315429688
2024-08-02,520.576171875
2024-08-05,505.4151611328125
2024-08-06,510.07476806640625
2024-08-07,506.66546630859375
2024-08-08,518.3782348632812
2024-08-09,520.6641235351562
2024-08-12,520.9376220703125
2024-08-13,529.5048217773438
2024-08-14,531.17529296875
2024-08-15,540.2797241210938
2024-08-16,541.490966796875
2024-08-19,546.66845703125
2024-08-20,545.779541015625
2024-08-21,547.6550903320312
2024-08-22,543.3568725585938
2024-08-23,549.130126953125
2024-08-26,547.8211669921875
2024-08-27,548.5733642578125
2024-08-28,545.3887939453125
2024-08-29,545.4375610351562
2024-08-30,550.6443481445312
2024-09-03,539.3126831054688
2024-09-04,538.208740234375
2024-09-05,536.8997192382812
2024-09-06,527.8637084960938
2024-09-09,533.7737426757812
2024-09-10,536.0986938476562
2024-09-11,541.5984497070312
2024-09-12,546.1605224609375
2024-09-13,549.012939453125
2024-09-16,549.8237915039062
2024-09-17,550.0485229492188
2024-09-18,548.4171142578125
2024-09-19,557.7755737304688
2024-09-20,556.8113403320312
2024-09-23,558.2028198242188
2024-09-24,559.800048828125
2024-09-25,558.5652465820312
2024-09-26,560.7798461914062
2024-09-27,559.9664916992188
2024-09-30,562.2103881835938
2024-10-01,557.1738891601562
2024-10-02,557.4089965820312
2024-10-03,556.3900146484375
2024-10-04,561.4461669921875
2024-10-07,556.3704223632812
2024-10-08,561.6322021484375
2024-10-09,565.5223999023438
2024-10-10,564.53271484375
2024-10-11,567.9132690429688
2024-10-14,572.557861328125
2024-10-15,568.1092529296875
2024-10-16,570.5785522460938
2024-10-17,570.6275024414062
2024-10-18,572.8224487304688
2024-10-21,571.8817749023438
2024-10-22,571.5779418945312
2024-10-23,566.355224609375
2024-10-24,567.5801391601562
2024-10-25,567.384033203125
2024-10-28,569.13818359375
2024-10-29,570.0592041015625
2024-10-30,568.3346557617188
2024-10-31,557.193603515625
2024-11-01,559.5451049804688
2024-11-04,558.3399047851562
2024-11-05,565.0912475585938
2024-11-06,579.1425170898438
2024-11-07,583.6205444335938
2024-11-08,586.1486206054688
2024-11-11,586.7072143554688
2024-11-12,584.8847045898438
2024-11-13,585.1688842773438
2024-11-14,581.4060668945312
2024-11-15,573.9590454101562
2024-11-18,576.310791015625
2024-11-19,578.4174194335938
2024-11-20,578.6134033203125
2024-11-21,581.7196655273438
2024-11-22,583.522705078125
2024-11-25,585.5020141601562
2024-11-26,588.5591430664062
2024-11-27,586.7756958007812
2024-11-29,590.4208984375
2024-12-02,591.4791259765625
2024-12-03,591.7534790039062
2024-12-04,595.4280395507812
2024-12-05,594.4481201171875
2024-12-06,595.5750122070312
2024-12-09,592.5079956054688
2024-12-10,590.6658935546875
2024-12-11,595.2320556640625
2024-12-12,592.1651611328125
2024-12-13,592.0475463867188
2024-12-16,594.575439453125
2024-12-17,592.1258544921875
2024-12-18,574.4784545898438
2024-12-19,574.302001953125
2024-12-20,581.199951171875
2024-12-23,584.6803588867188
2024-12-24,591.1790771484375
2024-12-26,591.2184448242188
2024-12-27,584.9949951171875
2024-12-30,578.3192138671875
2024-12-31,576.21533203125
2025-01-02,574.799560546875
2025-01-03,581.9864501953125
2025-01-06,585.3390502929688
2025-01-07,578.7223510742188
2025-01-08,579.5678100585938
2025-01-10,570.7193603515625
2025-01-13,571.604248046875
2025-01-14,572.3908081054688
2025-01-15,582.8025512695312
2025-01-16,581.6817016601562
2025-01-17,587.521728515625
2025-01-21,592.8995971679688
2025-01-22,596.232666015625
2025-01-23,599.4867553710938
2025-01-24,597.7368774414062
2025-01-27,589.2816162109375
2025-01-28,594.3449096679688
2025-01-29,591.6804809570312
2025-01-30,594.8561401367188
2025-01-31,591.6903686523438
2025-02-03,587.7085571289062
2025-02-04,591.6510620117188
2025-02-05,594.0499267578125
2025-02-06,596.1146240234375
2025-02-07,590.6580200195312
2025-02-10,594.6693115234375
2025-02-11,595.12158203125
2025-02-12,593.204345703125
2025-02-13,599.4671020507812
2025-02-14,599.4378051757812
2025-02-18,601.1975708007812
2025-02-19,602.61328125
2025-02-20,600.106201171875
2025-02-21,589.8419799804688
2025-02-24,587.1580200195312
2025-02-25,584.2379150390625
2025-02-26,584.5328979492188
2025-02-27,575.20263671875
2025-02-28,584.1788940429688
2025-03-03,573.9441528320312
2025-03-04,567.1504516601562
2025-03-05,573.24609375
2025-03-06,563.0703125
2025-03-07,566.2262573242188
2025-03-10,551.1444702148438
2025-03-11,546.5629272460938
2025-03-12,549.4632568359375
2025-03-13,542.138671875
2025-03-14,553.3370361328125
2025-03-17,557.6039428710938
2025-03-18,551.5770874023438
2025-03-19,557.5842895507812
2025-03-20,555.9718017578125
2025-03-21,556.1551513671875
2025-03-24,566.1151733398438
2025-03-25,567.4760131835938
2025-03-26,560.7012939453125
2025-03-27,559.2122192382812
2025-03-28,547.9507446289062
2025-03-31,551.62890625
2025-04-01,553.1869506835938
2025-04-02,556.687744140625
2025-04-03,529.2537231445312
2025-04-04,498.2696838378906
2025-04-07,497.3821716308594
2025-04-08,489.5918273925781
2025-04-09,541.0083618164062
2025-04-10,517.3019409179688
2025-04-11,526.5321044921875
2025-04-14,531.6402587890625
2025-04-15,530.151123046875
2025-04-16,518.366943359375
2025-04-17,519.1065063476562
2025-04-21,506.7503356933594
2025-04-22,519.9348754882812
2025-04-23,527.9915161132812
2025-04-24,539.1051635742188
2025-04-25,543.0003662109375
2025-04-28,543.2073974609375
2025-04-29,546.62939453125
2025-04-30,546.84619140625
2025-05-01,550.7216186523438
2025-05-02,558.8966674804688
2025-05-05,555.6918334960938
2025-05-06,551.0471801757812
2025-05-07,553.3645629882812
2025-05-08,557.2202758789062
2025-05-09,556.51025390625
2025-05-12,574.9014892578125
2025-05-13,578.6981201171875
2025-05-14,579.4378051757812
2025-05-15,582.2678833007812
2025-05-16,585.9559936523438
2025-05-19,586.5969848632812
2025-05-20,584.6246337890625
2025-05-21,574.7733154296875
2025-05-22,575.0001220703125
2025-05-23,571.0753784179688
2025-05-27,582.9483032226562
2025-05-28,579.5758056640625
2025-05-29,581.8635864257812
2025-05-30,581.2127685546875
2025-06-02,584.4866943359375
2025-06-03,587.8198852539062
2025-06-04,587.6619873046875
2025-06-05,584.8218994140625
2025-06-06,590.8275146484375
2025-06-09,591.3599243164062
2025-06-10,594.7128295898438
2025-06-11,593.0166015625
2025-06-12,595.37353515625
2025-06-13,588.7171630859375
2025-06-16,594.318359375
2025-06-17,589.2398681640625
2025-06-18,589.1510009765625
2025-06-20,587.7673950195312
2025-06-23,593.5730590820312
2025-06-24,600.1304321289062
2025-06-25,600.4666748046875
2025-06-26,605.16455078125
2025-06-27,608.1713256835938
2025-06-30,611.0791015625
2025-07-01,610.8812866210938
2025-07-02,613.6505737304688
2025-07-03,618.4869995117188
2025-07-07,613.8779907226562
2025-07-08,613.5418090820312
2025-07-09,617.2210083007812
2025-07-10,618.9617309570312
2025-07-11,616.7857666015625
2025-07-14,617.9627685546875
2025-07-15,615.322021484375
2025-07-16,617.3792114257812
2025-07-17,621.1574096679688
2025-07-18,620.702392578125
2025-07-21,621.87939453125
2025-07-22,621.9684448242188
2025-07-23,627.2598266601562
2025-07-24,627.4674072265625
2025-07-25,630.1181030273438
2025-07-28,629.9598999023438
2025-07-29,628.2982788085938
2025-07-30,627.5070190429688
2025-07-31,625.1531372070312
2025-08-01,614.9066162109375
2025-08-04,624.2530517578125
2025-08-05,621.088134765625
2025-08-06,625.845458984375
2025-08-07,625.3212280273438
2025-08-08,630.1972045898438
2025-08-11,628.9510498046875
2025-08-12,635.6468505859375
2025-08-13,637.82275390625
2025-08-14,637.882080078125
2025-08-15,636.3886108398438
2025-08-18,636.2501220703125
2025-08-19,632.7984008789062
2025-08-20,631.1170654296875
2025-08-21,628.5850830078125
2025-08-22,638.2380981445312
2025-08-25,635.4292602539062
2025-08-26,638.0897216796875
2025-08-27,639.543701171875
2025-08-28,641.8085327148438
2025-08-29,637.98095703125
2025-09-02,633.2533569335938
2025-09-03,636.685302734375
2025-09-04,642.0062866210938
2025-09-05,640.1469116210938
2025-09-08,641.7195434570312
2025-09-09,643.2031860351562
2025-09-10,645.0625
2025-09-11,650.4231567382812
2025-09-12,650.2055053710938
2025-09-15,653.6671752929688
2025-09-16,652.7671508789062
2025-09-17,651.9561157226562
2025-09-18,655.0023803710938
2025-09-19,658.2465209960938
2025-09-22,661.3607177734375
2025-09-23,657.7606201171875
2025-09-24,655.6678466796875
2025-09-25,652.6429443359375
2025-09-26,656.3819580078125
2025-09-29,658.2266845703125
2025-09-30,660.7061157226562
2025-10-01,662.95751953125
2025-10-02,663.7210693359375
2025-10-03,663.7113037109375
2025-10-06,666.0914916992188
2025-10-07,663.6219482421875
2025-10-08,667.5791625976562
2025-10-09,665.6452026367188
2025-10-10,647.6542358398438
2025-10-13,657.5919189453125
2025-10-14,656.78857421875
2025-10-15,659.7044067382812
2025-10-16,655.2116088867188
2025-10-17,658.9308471679688
2025-10-20,665.7840576171875
2025-10-21,665.7741088867188
2025-10-22,662.3128051757812
2025-10-23,666.2402954101562
2025-10-24,671.6851806640625
2025-10-27,679.6095581054688
2025-10-28,681.41455078125
2025-10-29,681.7418823242188
2025-10-30,674.2440185546875
2025-10-31,676.4556274414062
2025-11-03,677.72509765625
2025-11-04,669.691650390625
2025-11-05,672.012451171875
2025-11-06,664.8021850585938
2025-11-07,665.4567260742188
2025-11-10,675.8406982421875
2025-11-11,677.387939453125
2025-11-12,677.7648315429688
2025-11-13,666.5180053710938
2025-11-14,666.4088134765625
2025-11-17,660.2003173828125
2025-11-18,654.65625
2025-11-19,657.185302734375
2025-11-20,647.1683349609375
2025-11-21,653.6148681640625
2025-11-24,663.2351684570312
2025-11-25,669.4735717773438
2025-11-26,674.09521484375
2025-11-28,677.7747192382812
2025-12-01,674.6803588867188
2025-12-02,675.9299926757812
2025-12-03,678.2706298828125
2025-12-04,678.7664794921875
2025-12-05,680.0557861328125
2025-12-08,678.0126953125
2025-12-09,677.4276123046875
2025-12-10,681.92041015625
2025-12-11,683.5072021484375
2025-12-12,676.1581420898438
2025-12-15,675.1365966796875
2025-12-16,673.2918701171875
2025-12-17,665.8832397460938
2025-12-18,670.9115600585938
2025-12-19,676.9923095703125
2025-12-22,681.2098999023438
2025-12-23,684.3233032226562
2025-12-24,686.7305297851562
2025-12-26,686.660888671875
2025-12-29,684.2138671875
2025-12-30,683.3783569335938
2025-12-31,678.3152465820312
2026-01-02,679.55859375
2026-01-05,684.0845336914062
2026-01-06,688.1529541015625
2026-01-07,685.9347534179688
2026-01-08,685.8651123046875
2026-01-09,690.4010009765625
2026-01-12,691.4852294921875
2026-01-13,690.1026000976562
2026-01-14,686.7106323242188
2026-01-15,688.5806884765625
2026-01-16,688.0037231445312
2026-01-20,673.9981689453125
2026-01-21,681.77685546875
2026-01-22,685.3379516601562
2026-01-23,685.5865478515625
2026-01-26,689.0680541992188
2026-01-27,691.8134765625
2026-01-28,691.7438354492188
2026-01-29,690.3711547851562
2026-01-30,688.3120727539062
2026-02-02,691.7339477539062
2026-02-03,685.885009765625
2026-02-04,682.5626831054688
2026-02-05,674.0379638671875
2026-02-06,686.96923828125
2026-02-09,690.2816772460938
2026-02-10,688.4613037109375
2026-02-11,688.3021850585938
2026-02-12,677.668701171875
2026-02-13,678.1461181640625
2026-02-17,679.2402954101562
2026-02-18,682.662109375
2026-02-19,680.8616333007812
2026-02-20,685.7855834960938
2026-02-23,678.7827758789062
2026-02-24,683.7164916992188
2026-02-25,689.4859008789062
2026-02-26,685.6561889648438
2026-02-27,682.3637084960938
2026-03-02,682.751708984375
2026-03-03,676.7337036132812
2026-03-04,681.5082397460938
2026-03-05,677.70849609375
2026-03-06,668.82568359375
2026-03-09,674.6845703125
2026-03-10,673.6002807617188
2026-03-11,672.7548217773438
2026-03-12,662.5390625
2026-03-13,658.7890014648438
2026-03-16,665.493408203125
2026-03-17,667.2440185546875
2026-03-18,657.9335327148438
2026-03-19,656.3121948242188
2026-03-20,646.9034423828125
2026-03-23,653.6959228515625
2026-03-24,651.5015869140625
2026-03-25,655.1322021484375
2026-03-26,643.432373046875
2026-03-27,632.4606323242188
2026-03-30,630.3460693359375
2026-03-31,648.6688842773438
2026-04-01,653.5562744140625
2026-04-02,654.144775390625
2026-04-06,657.23681640625
2026-04-07,657.5260009765625
2026-04-08,674.27294921875
2026-04-09,678.162841796875
2026-04-10,677.7140502929688
2026-04-13,684.3369750976562
2026-04-14,692.675537109375
2026-04-15,698.1414184570312
2026-04-16,699.8569946289062
2026-04-17,708.3152465820312
2026-04-20,706.8988037109375
2026-04-21,702.2708129882812
2026-04-22,709.3825073242188
2026-04-23,706.6295776367188
2026-04-24,712.10546875
2026-04-27,713.332275390625
2026-04-28,709.8612060546875
2026-04-29,709.7515258789062
2026-04-30,716.8132934570312
2026-05-01,718.7982177734375
2026-05-04,716.1649780273438
2026-05-05,721.9102172851562
2026-05-06,731.9443359375
2026-05-07,729.7001342773438
2026-05-08,735.724609375
2026-05-11,737.4002685546875
2026-05-12,736.2831420898438
2026-05-13,740.4025268554688
2026-05-14,746.2474975585938
2026-05-15,737.2706298828125
2026-05-18,736.751953125
2026-05-19,731.8446044921875
2026-05-20,739.3452758789062
2026-05-21,740.8114624023438
2026-05-22,743.7239990234375
2026-05-26,748.6613159179688
2026-05-27,748.5316162109375
2026-05-28,752.6609497070312
2026-05-29,754.5361328125
2026-06-01,756.5908203125
2026-06-02,757.6182250976562
2026-06-03,752.3018798828125
2026-06-04,755.1445922851562
2026-06-05,735.65478515625
2026-06-08,737.3204345703125
2026-06-09,735.1560668945312
2026-06-10,723.56591796875
2026-06-11,735.8642578125
2026-06-12,739.843994140625
2026-06-15,752.890380859375
2026-06-16,748.4019775390625
2026-06-17,739.0560302734375
2026-06-18,746.739990234375
2026-06-22,744.3900146484375
2026-06-23,733.5800170898438
2026-06-24,733.239990234375
2026-06-25,734.2999877929688
2026-06-26,728.989990234375
2026-06-29,741.0
2026-06-30,746.77001953125
2026-07-01,745.760009765625
2026-07-02,744.780029296875
2026-07-06,751.280029296875
2026-07-07,747.7100219726562
2026-07-08,745.4000244140625
2026-07-09,751.7100219726562
2026-07-10,754.9500122070312
2026-07-13,749.1699829101562
2026-07-14,751.8300170898438
2026-07-15,754.8099975585938
2026-07-16,750.719970703125
2026-07-17,743.2899780273438
2026-07-20,742.0900268554688
2026-07-21,748.280029296875
2026-07-22,747.4099731445312
2026-07-23,738.1799926757812
2026-07-24,738.9299926757812
2026-07-27,739.0900268554688
2026-07-28,740.8599853515625
2026-07-29,729.4600219726562
2026-07-30,741.6900024414062
2026-07-31,747.030029296875
2026-08-03,757.6699829101562
2026-08-04,771.3300170898438
2026-08-05,769.7899780273438
2026-08-06,768.5599975585938
2026-08-07,773.260009765625
2026-08-10,773.030029296875
2026-08-11,770.5599975585938
2026-08-12,772.489990234375
2026-08-13,777.8800048828125
2026-08-14,776.3400268554688
2026-08-17,772.6699829101562
2026-08-18,767.4500122070312
2026-08-19,769.0599975585938
2026-08-20,762.5999755859375
2026-08-21,765.719970703125
2026-08-24,763.469970703125
2026-08-25,765.9099731445312
2026-08-26,766.0800170898438
2026-08-27,771.0999755859375
2026-08-28,769.3499755859375
2026-08-31,767.0499877929688
2026-09-01,761.780029296875
2026-09-02,765.1599731445312
2026-09-03,773.1699829101562
2026-09-04,770.1900024414062
2026-09-08,765.9600219726562
2026-09-09,762.4000244140625
2026-09-10,757.8300170898438
2026-09-11,764.2899780273438
