date,value
2010-01-04,55.0707893371582
2010-01-05,55.42648696899414
2010-01-06,54.68452835083008
2010-01-07,54.7764778137207
2010-01-08,54.75197219848633
2010-01-11,54.451499938964844
2010-01-12,55.383541107177734
2010-01-13,54.73968505859375
2010-01-14,55.50617218017578
2010-01-15,55.84955978393555
2010-01-19,55.69014358520508
2010-01-20,56.25429153442383
2010-01-21,56.511817932128906
2010-01-22,56.41372299194336
2010-01-25,56.15619659423828
2010-01-26,56.17452621459961
2010-01-27,56.143898010253906
2010-01-28,56.11321258544922
2010-01-29,56.60379409790039
2010-02-01,56.08997344970703
2010-02-02,56.24999237060547
2010-02-03,55.59769821166992
2010-02-04,56.477638244628906
2010-02-05,56.60071563720703
2010-02-08,56.67455291748047
2010-02-09,56.10842514038086
2010-02-10,55.573089599609375
2010-02-11,55.27153778076172
2010-02-12,55.499244689941406
2010-02-16,55.60382843017578
2010-02-17,54.97002029418945
2010-02-18,54.74846649169922
2010-02-19,55.043853759765625
2010-02-22,54.8161735534668
2010-02-23,55.671539306640625
2010-02-24,55.80690383911133
2010-02-25,56.120723724365234
2010-02-26,56.40999221801758
2010-03-01,56.38526916503906
2010-03-02,56.31123733520508
2010-03-03,56.16920852661133
2010-03-04,56.46554946899414
2010-03-05,55.724708557128906
2010-03-08,55.43465042114258
2010-03-09,55.446964263916016
2010-03-10,55.30497741699219
2010-03-11,55.508689880371094
2010-03-12,55.8543815612793
2010-03-15,55.78025817871094
2010-03-16,56.224769592285156
2010-03-17,56.46554946899414
2010-03-18,56.28030776977539
2010-03-19,56.33589172363281
2010-03-22,56.39760208129883
2010-03-23,56.13218307495117
2010-03-24,55.10746383666992
2010-03-25,54.755558013916016
2010-03-26,54.90991973876953
2010-03-29,54.699989318847656
2010-03-30,54.87285614013672
2010-03-31,55.24940872192383
2010-04-01,55.114356994628906
2010-04-05,54.19730758666992
2010-04-06,54.28412628173828
2010-04-07,54.97801971435547
2010-04-08,55.00277328491211
2010-04-09,55.132930755615234
2010-04-12,55.42415237426758
2010-04-13,55.603824615478516
2010-04-14,55.2135009765625
2010-04-15,55.275455474853516
2010-04-16,55.678184509277344
2010-04-19,55.54184341430664
2010-04-20,55.740116119384766
2010-04-21,56.19866180419922
2010-04-22,56.03138732910156
2010-04-23,55.83308029174805
2010-04-26,55.895050048828125
2010-04-27,56.68195724487305
2010-04-28,56.19866180419922
2010-04-29,56.43411636352539
2010-04-30,57.0847282409668
2010-05-03,57.01005935668945
2010-05-04,58.03601837158203
2010-05-05,58.37800979614258
2010-05-06,60.18114471435547
2010-05-07,59.428733825683594
2010-05-10,58.19768142700195
2010-05-11,58.04843521118164
2010-05-12,57.606998443603516
2010-05-13,57.98628616333008
2010-05-14,58.993499755859375
2010-05-17,58.775875091552734
2010-05-18,59.67748260498047
2010-05-19,59.876441955566406
2010-05-20,61.13862609863281
2010-05-21,61.20079803466797
2010-05-24,60.98942184448242
2010-05-25,61.287841796875
2010-05-26,61.11376190185547
2010-05-27,59.72722244262695
2010-05-28,60.000823974609375
2010-06-01,60.42245864868164
2010-06-02,59.848594665527344
2010-06-03,59.4118537902832
2010-06-04,61.00902557373047
2010-06-07,61.47690963745117
2010-06-08,61.171199798583984
2010-06-09,61.10257339477539
2010-06-10,60.01077651977539
2010-06-11,60.771907806396484
2010-06-14,60.46000671386719
2010-06-15,60.2104377746582
2010-06-16,60.5535774230957
2010-06-17,61.046424865722656
2010-06-18,60.94660568237305
2010-06-21,60.771907806396484
2010-06-22,61.49559783935547
2010-06-23,61.91361999511719
2010-06-24,61.545536041259766
2010-06-25,61.79510498046875
2010-06-28,62.375274658203125
2010-06-29,63.0553092956543
2010-06-30,63.47951126098633
2010-07-01,63.579612731933594
2010-07-02,63.07276153564453
2010-07-06,63.59221267700195
2010-07-07,62.847476959228516
2010-07-08,62.44697570800781
2010-07-09,62.090301513671875
2010-07-12,62.065250396728516
2010-07-13,61.53334045410156
2010-07-14,62.15288543701172
2010-07-15,62.772403717041016
2010-07-16,63.079010009765625
2010-07-19,62.691078186035156
2010-07-20,62.78490447998047
2010-07-21,63.8487434387207
2010-07-22,63.11037063598633
2010-07-23,62.44074630737305
2010-07-26,62.3343505859375
2010-07-27,61.733619689941406
2010-07-28,61.933837890625
2010-07-29,61.91507339477539
2010-07-30,62.878787994384766
2010-08-02,61.996089935302734
2010-08-03,62.353919982910156
2010-08-04,61.87685775756836
2010-08-05,62.165611267089844
2010-08-06,62.8436279296875
2010-08-09,62.61129379272461
2010-08-10,62.74323654174805
2010-08-11,63.58449935913086
2010-08-12,63.427528381347656
2010-08-13,64.2185287475586
2010-08-16,65.82575225830078
2010-08-17,65.44902801513672
2010-08-18,65.62483215332031
2010-08-19,66.64817810058594
2010-08-20,66.57282257080078
2010-08-23,66.5853271484375
2010-08-24,67.65261840820312
2010-08-25,67.43295288085938
2010-08-26,68.06700897216797
2010-08-27,66.13961791992188
2010-08-30,67.40782165527344
2010-08-31,68.15486907958984
2010-09-01,66.7457046508789
2010-09-02,66.0404281616211
2010-09-03,65.2219009399414
2010-09-07,66.55679321289062
2010-09-08,66.02781677246094
2010-09-09,64.72438049316406
2010-09-10,64.42849731445312
2010-09-13,64.74330139160156
2010-09-14,65.36666107177734
2010-09-15,64.39697265625
2010-09-16,63.76100540161133
2010-09-17,64.01915740966797
2010-09-20,64.39070892333984
2010-09-21,65.28483581542969
2010-09-22,65.87041473388672
2010-09-23,66.05929565429688
2010-09-24,65.1714859008789
2010-09-27,66.30487823486328
2010-09-28,66.75826263427734
2010-09-29,66.4812240600586
2010-09-30,66.43712615966797
2010-10-01,66.1160659790039
2010-10-04,66.28671264648438
2010-10-05,65.88856506347656
2010-10-06,66.71649169921875
2010-10-07,66.16030883789062
2010-10-08,65.86956024169922
2010-10-11,65.8821792602539
2010-10-12,65.23123931884766
2010-10-13,65.13011932373047
2010-10-14,64.1567611694336
2010-10-15,63.37306594848633
2010-10-18,63.88501739501953
2010-10-19,64.27054595947266
2010-10-20,64.40958404541016
2010-10-21,63.644840240478516
2010-10-22,64.07463073730469
2010-10-25,64.2579116821289
2010-10-26,63.26561737060547
2010-10-27,62.70951461791992
2010-10-28,62.880096435546875
2010-10-29,63.46787643432617
2010-11-01,63.19462966918945
2010-11-02,64.02519226074219
2010-11-03,62.71907043457031
2010-11-04,63.20732116699219
2010-11-05,62.123146057128906
2010-11-08,62.40207290649414
2010-11-09,61.02623748779297
2010-11-10,61.108604431152344
2010-11-11,61.07694625854492
2010-11-12,60.74724578857422
2010-11-15,59.47914505004883
2010-11-16,60.95646286010742
2010-11-17,60.620418548583984
2010-11-18,60.86771774291992
2010-11-19,61.24177169799805
2010-11-22,61.50175857543945
2010-11-23,61.80604934692383
2010-11-24,60.70277404785156
2010-11-26,61.546104431152344
2010-11-29,62.0723762512207
2010-11-30,62.39571762084961
2010-12-01,61.00871658325195
2010-12-02,60.849666595458984
2010-12-03,60.37248229980469
2010-12-06,61.22509765625
2010-12-07,59.9144287109375
2010-12-08,59.335411071777344
2010-12-09,59.62812042236328
2010-12-10,59.265480041503906
2010-12-13,59.488136291503906
2010-12-14,58.62286376953125
2010-12-15,57.859378814697266
2010-12-16,58.26020050048828
2010-12-17,59.322669982910156
2010-12-20,59.25910949707031
2010-12-21,59.67267608642578
2010-12-22,59.246368408203125
2010-12-23,59.12547302246094
2010-12-27,59.65353775024414
2010-12-28,58.4852294921875
2010-12-29,59.474769592285156
2010-12-30,59.4300537109375
2010-12-31,60.08763885498047
2011-01-03,59.6343879699707
2011-01-04,59.704593658447266
2011-01-05,58.389461517333984
2011-01-06,58.64485549926758
2011-01-07,58.957645416259766
2011-01-10,59.276912689208984
2011-01-11,58.9449348449707
2011-01-12,58.4852294921875
2011-01-13,59.008792877197266
2011-01-14,58.63209915161133
2011-01-18,58.357566833496094
2011-01-19,58.778900146484375
2011-01-20,57.96808624267578
2011-01-21,58.427772521972656
2011-01-24,58.453311920166016
2011-01-25,59.008792877197266
2011-01-26,58.11495590209961
2011-01-27,58.376705169677734
2011-01-28,58.683143615722656
2011-01-31,58.23627471923828
2011-02-01,57.9479866027832
2011-02-02,57.960792541503906
2011-02-03,57.48029327392578
2011-02-04,56.897274017333984
2011-02-07,57.19198989868164
2011-02-08,56.6666145324707
2011-02-09,57.15992736816406
2011-02-10,56.500083923339844
2011-02-11,57.3137321472168
2011-02-14,57.35212326049805
2011-02-15,57.608402252197266
2011-02-16,57.4225959777832
2011-02-17,57.51231002807617
2011-02-18,57.332881927490234
2011-02-22,58.191463470458984
2011-02-23,58.40284729003906
2011-02-24,58.774436950683594
2011-02-25,59.12038803100586
2011-02-28,59.1972770690918
2011-03-01,59.36890411376953
2011-03-02,58.456214904785156
2011-03-03,57.884117126464844
2011-03-04,58.366233825683594
2011-03-07,57.993438720703125
2011-03-08,57.63996505737305
2011-03-09,58.1990852355957
2011-03-10,59.176021575927734
2011-03-11,58.841861724853516
2011-03-14,58.81612014770508
2011-03-15,59.69667434692383
2011-03-16,60.37150573730469
2011-03-17,59.90873718261719
2011-03-18,60.069427490234375
2011-03-21,59.715938568115234
2011-03-22,59.91518783569336
2011-03-23,59.838069915771484
2011-03-24,59.388160705566406
2011-03-25,59.24030303955078
2011-03-28,59.32389831542969
2011-03-29,58.867530822753906
2011-03-30,59.336700439453125
2011-03-31,59.21462631225586
2011-04-01,59.502479553222656
2011-04-04,59.56700897216797
2011-04-05,59.32820510864258
2011-04-06,58.43748474121094
2011-04-07,58.321346282958984
2011-04-08,58.011512756347656
2011-04-11,58.063194274902344
2011-04-12,58.689231872558594
2011-04-13,59.057106018066406
2011-04-14,59.011932373046875
2011-04-15,59.812232971191406
2011-04-18,59.94783020019531
2011-04-19,60.206016540527344
2011-04-20,59.81878662109375
2011-04-21,59.76710891723633
2011-04-25,59.99300765991211
2011-04-26,60.573875427246094
2011-04-27,59.95426559448242
2011-04-28,60.412532806396484
2011-04-29,60.59969711303711
2011-05-02,60.696937561035156
2011-05-03,61.04047393798828
2011-05-04,61.312767028808594
2011-05-05,61.89609146118164
2011-05-06,61.623836517333984
2011-05-09,61.559051513671875
2011-05-10,61.118282318115234
2011-05-11,61.46828842163086
2011-05-12,61.07942199707031
2011-05-13,61.63031005859375
2011-05-16,61.97391128540039
2011-05-17,62.60912322998047
2011-05-18,61.7794189453125
2011-05-19,61.75350570678711
2011-05-20,61.78590393066406
2011-05-23,62.084068298339844
2011-05-24,62.31743240356445
2011-05-25,62.02571487426758
2011-05-26,62.55725860595703
2011-05-27,62.53132247924805
2011-05-31,62.67393493652344
2011-06-01,63.520957946777344
2011-06-02,62.310916900634766
2011-06-03,62.66873550415039
2011-06-06,62.19381332397461
2011-06-07,62.48005294799805
2011-06-08,62.967952728271484
2011-06-09,62.7142448425293
2011-06-10,63.19571304321289
2011-06-13,62.876922607421875
2011-06-14,61.92705535888672
2011-06-15,63.05253601074219
2011-06-16,63.338809967041016
2011-06-17,63.03955841064453
2011-06-20,63.11759948730469
2011-06-21,62.83789825439453
2011-06-22,62.876922607421875
2011-06-23,63.358299255371094
2011-06-24,63.091556549072266
2011-06-27,62.22636032104492
2011-06-28,61.725364685058594
2011-06-29,61.315555572509766
2011-06-30,61.2180061340332
2011-07-01,61.120079040527344
2011-07-05,61.257137298583984
2011-07-06,61.57044219970703
2011-07-07,61.3876953125
2011-07-08,62.25593185424805
2011-07-11,63.18939208984375
2011-07-12,63.40475845336914
2011-07-13,63.58102035522461
2011-07-14,62.6737174987793
2011-07-15,62.77810287475586
2011-07-18,62.17101287841797
2011-07-19,63.463539123535156
2011-07-20,62.71289825439453
2011-07-21,62.22976303100586
2011-07-22,62.69975280761719
2011-07-25,62.01437759399414
2011-07-26,62.438690185546875
2011-07-27,62.445213317871094
2011-07-28,62.68019485473633
2011-07-29,63.92047119140625
2011-08-01,64.56563568115234
2011-08-02,66.5042724609375
2011-08-03,66.63526916503906
2011-08-04,69.00624084472656
2011-08-05,67.01517486572266
2011-08-08,69.13066101074219
2011-08-09,69.34024810791016
2011-08-10,71.40338897705078
2011-08-11,67.80110168457031
2011-08-12,69.14374542236328
2011-08-15,68.44298553466797
2011-08-16,69.57604217529297
2011-08-17,70.79430389404297
2011-08-18,72.24823760986328
2011-08-19,72.8311996459961
2011-08-22,72.64781188964844
2011-08-23,71.64573669433594
2011-08-24,69.6087875366211
2011-08-25,70.36196899414062
2011-08-26,71.05622863769531
2011-08-29,70.07379913330078
2011-08-30,71.20033264160156
2011-08-31,70.0999755859375
2011-09-01,71.58597564697266
2011-09-02,73.91153717041016
2011-09-06,74.68013000488281
2011-09-07,73.25460815429688
2011-09-08,73.91153717041016
2011-09-09,74.69988250732422
2011-09-12,74.77867889404297
2011-09-13,73.71446228027344
2011-09-14,74.33856964111328
2011-09-15,73.20203399658203
2011-09-16,73.73416137695312
2011-09-19,75.13999938964844
2011-09-20,75.45532989501953
2011-09-21,77.95166015625
2011-09-22,80.88162994384766
2011-09-23,79.37722778320312
2011-09-26,78.10275268554688
2011-09-27,76.9071044921875
2011-09-28,76.88084411621094
2011-09-29,77.41300964355469
2011-09-30,79.35755920410156
2011-10-03,81.54144287109375
2011-10-04,80.50741577148438
2011-10-05,79.92784118652344
2011-10-06,78.45260620117188
2011-10-07,77.87298583984375
2011-10-10,76.77313995361328
2011-10-11,76.51632690429688
2011-10-12,75.40324401855469
2011-10-13,76.154052734375
2011-10-14,75.0476303100586
2011-10-17,76.34510803222656
2011-10-18,75.87086486816406
2011-10-19,75.84453582763672
2011-10-20,75.30447387695312
2011-10-21,74.50755310058594
2011-10-24,74.6326675415039
2011-10-25,76.5295639038086
2011-10-26,75.19252014160156
2011-10-27,72.64376831054688
2011-10-28,73.40768432617188
2011-10-31,76.31875610351562
2011-11-01,78.87342071533203
2011-11-02,77.88955688476562
2011-11-03,76.81986999511719
2011-11-04,76.912353515625
2011-11-07,77.40099334716797
2011-11-08,76.41053771972656
2011-11-09,77.99523162841797
2011-11-10,76.83309173583984
2011-11-11,76.36431884765625
2011-11-14,77.59243774414062
2011-11-15,77.48680114746094
2011-11-16,78.19330596923828
2011-11-17,78.82061004638672
2011-11-18,78.80084228515625
2011-11-21,79.26960754394531
2011-11-22,80.15442657470703
2011-11-23,80.94023132324219
2011-11-25,79.76487731933594
2011-11-28,79.7252426147461
2011-11-29,79.071533203125
2011-11-30,77.83677673339844
2011-12-01,77.44618225097656
2011-12-02,78.53180694580078
2011-12-05,78.37293243408203
2011-12-06,77.62499237060547
2011-12-07,77.90296173095703
2011-12-08,78.8759994506836
2011-12-09,77.25428009033203
2011-12-12,78.11479949951172
2011-12-13,78.84286499023438
2011-12-14,80.33222961425781
2011-12-15,80.03438568115234
2011-12-16,80.96774291992188
2011-12-19,81.99371337890625
2011-12-20,79.94835662841797
2011-12-21,78.83624267578125
2011-12-22,79.167236328125
2011-12-23,78.2868881225586
2011-12-27,78.65876007080078
2011-12-28,80.11304473876953
2011-12-29,80.25919342041016
2011-12-30,80.51817321777344
2012-01-03,79.30953979492188
2012-01-04,78.36656951904297
2012-01-05,78.22713470458984
2012-01-06,78.84469604492188
2012-01-09,78.70521545410156
2012-01-10,78.5724105834961
2012-01-11,79.5950698852539
2012-01-12,79.48219299316406
2012-01-13,80.27240753173828
2012-01-17,80.64431762695312
2012-01-18,79.66812896728516
2012-01-19,78.5724105834961
2012-01-20,77.68258666992188
2012-01-23,77.191162109375
2012-01-24,77.33061218261719
2012-01-25,77.14466857910156
2012-01-26,78.16737365722656
2012-01-27,78.41301727294922
2012-01-30,79.33615112304688
2012-01-31,80.25250244140625
2012-02-01,79.3332290649414
2012-02-02,79.29994201660156
2012-02-03,77.5958251953125
2012-02-06,78.36804962158203
2012-02-07,77.39620971679688
2012-02-08,77.45608520507812
2012-02-09,76.8769760131836
2012-02-10,77.87545013427734
2012-02-13,77.97523498535156
2012-02-14,78.38800811767578
2012-02-15,78.24824523925781
2012-02-16,77.6224365234375
2012-02-17,77.6025161743164
2012-02-21,76.74380493164062
2012-02-22,77.70902252197266
2012-02-23,77.70902252197266
2012-02-24,78.21497344970703
2012-02-27,78.9072265625
2012-02-28,78.64757537841797
2012-02-29,78.16834259033203
2012-03-01,77.43245697021484
2012-03-02,78.15969848632812
2012-03-05,77.53919982910156
2012-03-06,78.47987365722656
2012-03-07,77.99946594238281
2012-03-08,77.21895599365234
2012-03-09,77.37236785888672
2012-03-12,77.35906219482422
2012-03-13,75.9980239868164
2012-03-14,74.08325958251953
2012-03-15,74.19662475585938
2012-03-16,74.3434066772461
2012-03-19,73.45606231689453
2012-03-20,73.7496337890625
2012-03-21,74.5836181640625
2012-03-22,74.82377624511719
2012-03-23,75.531005859375
2012-03-26,75.14405822753906
2012-03-27,75.68441772460938
2012-03-28,75.57769012451172
2012-03-29,76.14484405517578
2012-03-30,74.85714721679688
2012-04-02,75.27185821533203
2012-04-03,73.96752166748047
2012-04-04,74.98419189453125
2012-04-05,75.52603912353516
2012-04-09,77.2919692993164
2012-04-10,78.16822052001953
2012-04-11,77.23174285888672
2012-04-12,76.91069030761719
2012-04-13,78.15477752685547
2012-04-16,78.0411376953125
2012-04-17,77.99433898925781
2012-04-18,78.22173309326172
2012-04-19,78.29529571533203
2012-04-20,78.3086929321289
2012-04-23,78.87728118896484
2012-04-24,78.32208251953125
2012-04-25,77.9207763671875
2012-04-26,78.38892364501953
2012-04-27,78.45585632324219
2012-04-30,78.47589874267578
2012-05-01,78.0688705444336
2012-05-02,78.61872100830078
2012-05-03,78.59862518310547
2012-05-04,79.21553039550781
2012-05-07,79.22893524169922
2012-05-08,79.65133666992188
2012-05-09,79.70500946044922
2012-05-10,79.47030639648438
2012-05-11,80.1274642944336
2012-05-14,81.2472152709961
2012-05-15,81.57576751708984
2012-05-16,81.81044006347656
2012-05-17,83.25875854492188
2012-05-18,83.27884674072266
2012-05-21,83.10453796386719
2012-05-22,82.17919158935547
2012-05-23,82.74919128417969
2012-05-24,82.43397521972656
2012-05-25,82.7424545288086
2012-05-29,82.4876708984375
2012-05-30,84.5797119140625
2012-05-31,85.55863952636719
2012-06-01,87.58979797363281
2012-06-04,86.89778137207031
2012-06-05,85.7353515625
2012-06-06,84.02198791503906
2012-06-07,84.14961242675781
2012-06-08,84.12950134277344
2012-06-11,84.51251220703125
2012-06-12,83.73982238769531
2012-06-13,84.56625366210938
2012-06-14,84.45869445800781
2012-06-15,84.92909240722656
2012-06-18,85.38599395751953
2012-06-19,84.27057647705078
2012-06-20,84.6871566772461
2012-06-21,85.13736724853516
2012-06-22,84.00183868408203
2012-06-25,85.22472381591797
2012-06-26,84.88878631591797
2012-06-27,85.02311706542969
2012-06-28,85.2314224243164
2012-06-29,84.12277221679688
2012-07-02,84.99070739746094
2012-07-03,84.33760070800781
2012-07-05,84.76856994628906
2012-07-06,85.55636596679688
2012-07-09,86.31049346923828
2012-07-10,86.4855728149414
2012-07-11,86.59333038330078
2012-07-12,87.20610046386719
2012-07-13,86.97708892822266
2012-07-16,87.38115692138672
2012-07-17,86.69429779052734
2012-07-18,86.741455078125
2012-07-19,86.51920318603516
2012-07-20,87.576416015625
2012-07-23,88.06795501708984
2012-07-24,88.76151275634766
2012-07-25,88.99044799804688
2012-07-26,88.17572784423828
2012-07-27,86.51250457763672
2012-07-30,87.15894317626953
2012-07-31,87.33399963378906
2012-08-01,86.89739227294922
2012-08-02,87.39005279541016
2012-08-03,85.979736328125
2012-08-06,86.01345825195312
2012-08-07,84.9068832397461
2012-08-08,84.4547348022461
2012-08-09,84.39401245117188
2012-08-10,84.81912231445312
2012-08-13,84.67743682861328
2012-08-14,83.53031921386719
2012-08-15,82.35617065429688
2012-08-16,81.6544418334961
2012-08-17,82.05252838134766
2012-08-20,82.22122955322266
2012-08-21,82.58565521240234
2012-08-22,83.94863891601562
2012-08-23,84.29954528808594
2012-08-24,84.21857452392578
2012-08-27,84.71114349365234
2012-08-28,84.91362762451172
2012-08-29,84.54242706298828
2012-08-30,84.98114776611328
2012-08-31,86.18218994140625
2012-09-04,86.09561157226562
2012-09-05,85.68988800048828
2012-09-06,84.26311492919922
2012-09-07,83.870849609375
2012-09-10,84.07373046875
2012-09-11,83.5462875366211
2012-09-12,82.50492095947266
2012-09-13,82.18033599853516
2012-09-14,79.99616241455078
2012-09-17,80.95635986328125
2012-09-18,81.36209106445312
2012-09-19,81.89632415771484
2012-09-20,82.0992202758789
2012-09-21,82.19384002685547
2012-09-24,82.83628845214844
2012-09-25,83.65448760986328
2012-09-26,84.55384826660156
2012-09-27,83.95201110839844
2012-09-28,83.99935150146484
2012-10-01,84.31102752685547
2012-10-02,84.19583892822266
2012-10-03,84.2230224609375
2012-10-04,83.17264556884766
2012-10-05,82.09521484375
2012-10-08,82.78638458251953
2012-10-09,82.63734436035156
2012-10-10,83.22005462646484
2012-10-11,83.79606628417969
2012-10-12,84.00611877441406
2012-10-15,83.81639099121094
2012-10-16,82.65763854980469
2012-10-17,81.89193725585938
2012-10-18,81.39042663574219
2012-10-19,82.4950180053711
2012-10-22,81.96641540527344
2012-10-23,83.13880157470703
2012-10-24,82.31880950927734
2012-10-25,81.898681640625
2012-10-26,83.10488891601562
2012-10-31,83.59280395507812
2012-11-01,82.90837860107422
2012-11-02,82.84735870361328
2012-11-05,83.31490325927734
2012-11-06,82.52891540527344
2012-11-07,84.02643585205078
2012-11-08,85.27333068847656
2012-11-09,85.36817169189453
2012-11-12,85.5104751586914
2012-11-13,85.79509735107422
2012-11-14,85.87638854980469
2012-11-15,85.7070083618164
2012-11-16,85.63246154785156
2012-11-19,85.15130615234375
2012-11-20,84.29751586914062
2012-11-21,84.25006866455078
2012-11-23,84.16875457763672
2012-11-26,84.56857299804688
2012-11-27,84.90059661865234
2012-11-28,84.77861785888672
2012-11-29,84.79216003417969
2012-11-30,84.56181335449219
2012-12-03,84.63987731933594
2012-12-04,85.12874603271484
2012-12-05,85.08798217773438
2012-12-06,85.27127838134766
2012-12-07,84.48367309570312
2012-12-10,84.85716247558594
2012-12-11,84.21212768554688
2012-12-12,83.23445129394531
2012-12-13,83.29553985595703
2012-12-14,83.92021179199219
2012-12-17,82.66407775878906
2012-12-18,81.8221664428711
2012-12-19,82.09375762939453
2012-12-20,82.10731506347656
2012-12-21,83.00357055664062
2012-12-24,82.85416412353516
2012-12-26,83.15219116210938
2012-12-27,83.4312515258789
2012-12-28,83.90756225585938
2012-12-31,82.4581069946289
2013-01-02,81.35578918457031
2013-01-03,80.25349426269531
2013-01-04,80.56651306152344
2013-01-07,80.60054779052734
2013-01-08,81.13123321533203
2013-01-09,81.0564193725586
2013-01-10,80.8318862915039
2013-01-11,81.55315399169922
2013-01-14,81.32857513427734
2013-01-15,81.70286560058594
2013-01-16,81.87293243408203
2013-01-17,81.0564193725586
2013-01-18,81.68244934082031
2013-01-22,81.83894348144531
2013-01-23,81.71643829345703
2013-01-24,81.43069458007812
2013-01-25,80.31470489501953
2013-01-28,80.02210998535156
2013-01-29,79.57979583740234
2013-01-30,79.44367980957031
2013-01-31,79.83154296875
2013-02-01,78.79499053955078
2013-02-04,79.8042984008789
2013-02-05,79.09506225585938
2013-02-06,79.74298095703125
2013-02-07,79.56558990478516
2013-02-08,79.87252807617188
2013-02-11,79.81112670898438
2013-02-12,79.61333465576172
2013-02-13,78.96546936035156
2013-02-14,79.68157196044922
2013-02-15,79.44966125488281
2013-02-19,79.0541763305664
2013-02-20,79.29285430908203
2013-02-21,79.75656127929688
2013-02-22,79.81112670898438
2013-02-25,81.37968444824219
2013-02-26,80.90911865234375
2013-02-27,80.67044830322266
2013-02-28,80.82041931152344
2013-03-01,81.26058197021484
2013-03-04,80.82996368408203
2013-03-05,80.59764862060547
2013-03-06,79.86634063720703
2013-03-07,79.25128173828125
2013-03-08,78.4242935180664
2013-03-11,78.4994888305664
2013-03-12,79.06671905517578
2013-03-13,78.9847412109375
2013-03-14,78.7455062866211
2013-03-15,79.11458587646484
2013-03-18,79.71602630615234
2013-03-19,80.25595092773438
2013-03-20,79.36058807373047
2013-03-21,80.12611389160156
2013-03-22,80.18759155273438
2013-03-25,80.11238861083984
2013-03-26,80.20808410644531
2013-03-27,80.89154052734375
2013-03-28,80.48140716552734
2013-04-01,81.08763885498047
2013-04-02,80.75886535644531
2013-04-03,81.48487854003906
2013-04-04,82.45746612548828
2013-04-05,84.12179565429688
2013-04-08,83.47795867919922
2013-04-09,83.27251434326172
2013-04-10,82.1286849975586
2013-04-11,82.28622436523438
2013-04-12,83.51219940185547
2013-04-15,84.23824310302734
2013-04-16,83.54647827148438
2013-04-17,84.10125732421875
2013-04-18,84.30671691894531
2013-04-19,84.12864685058594
2013-04-22,84.19029998779297
2013-04-23,83.89576721191406
2013-04-24,84.10810852050781
2013-04-25,83.74506378173828
2013-04-26,84.51217651367188
2013-04-29,84.2040023803711
2013-04-30,84.25191497802734
2013-05-01,85.11746978759766
2013-05-02,85.00765228271484
2013-05-03,83.00341796875
2013-05-06,82.7974624633789
2013-05-07,82.47493743896484
2013-05-08,82.60530090332031
2013-05-09,82.39250183105469
2013-05-10,81.50714111328125
2013-05-13,80.88249969482422
2013-05-14,80.0039291381836
2013-05-15,80.53929138183594
2013-05-16,81.37670135498047
2013-05-17,80.34720611572266
2013-05-20,80.25102996826172
2013-05-21,80.88249969482422
2013-05-22,79.68135833740234
2013-05-23,80.05892944335938
2013-05-24,80.16873931884766
2013-05-28,78.1369857788086
2013-05-29,79.01557922363281
2013-05-30,78.8233871459961
2013-05-31,78.55571746826172
2013-06-03,78.97200012207031
2013-06-04,78.24266052246094
2013-06-05,79.32288360595703
2013-06-06,79.27465057373047
2013-06-07,77.85741424560547
2013-06-10,77.48583984375
2013-06-11,78.40779113769531
2013-06-12,77.28633117675781
2013-06-13,78.49722290039062
2013-06-14,78.31141662597656
2013-06-17,77.89864349365234
2013-06-18,77.93992614746094
2013-06-19,77.13496398925781
2013-06-20,75.86895751953125
2013-06-21,74.58234405517578
2013-06-24,74.89198303222656
2013-06-25,74.22460174560547
2013-06-26,74.70619201660156
2013-06-27,75.46989440917969
2013-06-28,75.98593139648438
2013-07-01,76.13900756835938
2013-07-02,76.09074401855469
2013-07-03,75.86312866210938
2013-07-05,73.27713012695312
2013-07-08,73.98746490478516
2013-07-09,74.06330871582031
2013-07-10,73.48403930664062
2013-07-11,74.34603118896484
2013-07-12,74.28398132324219
2013-07-15,74.6770248413086
2013-07-16,74.93224334716797
2013-07-17,75.07011413574219
2013-07-18,74.13229370117188
2013-07-19,75.3045654296875
2013-07-22,75.41490173339844
2013-07-23,75.09774780273438
2013-07-24,74.14608764648438
2013-07-25,74.11844635009766
2013-07-26,74.57366180419922
2013-07-29,74.0288314819336
2013-07-30,74.00125122070312
2013-07-31,74.27018737792969
2013-08-01,72.83912658691406
2013-08-02,73.6410903930664
2013-08-05,73.07417297363281
2013-08-06,73.28849029541016
2013-08-07,73.8346939086914
2013-08-08,74.03514862060547
2013-08-09,74.15266418457031
2013-08-12,73.64799499511719
2013-08-13,72.58332824707031
2013-08-14,72.6939697265625
2013-08-15,71.71227264404297
2013-08-16,71.46334838867188
2013-08-19,70.84114074707031
2013-08-20,71.3873062133789
2013-08-21,70.60608673095703
2013-08-22,71.32511138916016
2013-08-23,72.09937286376953
2013-08-26,72.4588623046875
2013-08-27,73.3714599609375
2013-08-28,72.77691650390625
2013-08-29,73.35759735107422
2013-08-30,73.2746810913086
2013-09-03,72.24114227294922
2013-09-04,72.08172607421875
2013-09-05,71.0766830444336
2013-09-06,71.43014526367188
2013-09-09,71.46482849121094
2013-09-10,70.9657211303711
2013-09-11,71.59652709960938
2013-09-12,71.49946594238281
2013-09-13,71.77676391601562
2013-09-16,71.29850769042969
2013-09-17,71.88768768310547
2013-09-18,72.77489471435547
2013-09-19,72.3450927734375
2013-09-20,72.72640228271484
2013-09-23,73.26007080078125
2013-09-24,74.05029296875
2013-09-25,74.20285034179688
2013-09-26,73.68297576904297
2013-09-27,73.86316680908203
2013-09-30,73.7522201538086
2013-10-01,73.52842712402344
2013-10-02,73.63966369628906
2013-10-03,73.52153778076172
2013-10-04,73.46588134765625
2013-10-07,73.76475524902344
2013-10-08,73.7856216430664
2013-10-09,73.19490051269531
2013-10-10,73.31304168701172
2013-10-11,73.29219055175781
2013-10-14,72.70146942138672
2013-10-15,72.65277862548828
2013-10-16,73.5632553100586
2013-10-17,74.2303695678711
2013-10-18,74.39025115966797
2013-10-21,74.15397644042969
2013-10-22,74.98099517822266
2013-10-23,75.27285766601562
2013-10-24,74.98099517822266
2013-10-25,75.25891876220703
2013-10-28,75.00179290771484
2013-10-29,75.09912109375
2013-10-30,74.64736938476562
2013-10-31,74.8072509765625
2013-11-01,73.99746704101562
2013-11-04,74.06717681884766
2013-11-05,73.18219757080078
2013-11-06,73.217041015625
2013-11-07,73.8372573852539
2013-11-08,72.06024932861328
2013-11-11,71.78852844238281
2013-11-12,72.12301635742188
2013-11-13,72.3878402709961
2013-11-14,72.8337631225586
2013-11-15,72.9801254272461
2013-11-18,73.41912841796875
2013-11-19,72.86166381835938
2013-11-20,71.62128448486328
2013-11-21,71.73973083496094
2013-11-22,72.4087142944336
2013-11-25,72.61775970458984
2013-11-26,72.88951873779297
2013-11-27,72.76409149169922
2013-11-29,72.7850112915039
2013-12-02,72.2188720703125
2013-12-03,72.48445129394531
2013-12-04,71.79254150390625
2013-12-05,71.58985137939453
2013-12-06,71.9323501586914
2013-12-09,72.10005950927734
2013-12-10,72.61724853515625
2013-12-11,72.05809783935547
2013-12-12,71.78559875488281
2013-12-13,72.13501739501953
2013-12-16,71.86941528320312
2013-12-17,72.19093322753906
2013-12-18,71.82750701904297
2013-12-19,71.75759887695312
2013-12-20,72.86188507080078
2013-12-23,72.44952392578125
2013-12-24,71.86941528320312
2013-12-26,71.59244537353516
2013-12-27,71.38909912109375
2013-12-30,71.87994384765625
2013-12-31,71.4241714477539
2014-01-02,71.64151000976562
2014-01-03,71.64151000976562
2014-01-06,71.9430923461914
2014-01-07,72.12535858154297
2014-01-08,71.9290542602539
2014-01-09,72.34973907470703
2014-01-10,73.21221923828125
2014-01-13,73.57682800292969
2014-01-14,73.24031066894531
2014-01-15,73.16307830810547
2014-01-16,73.65399932861328
2014-01-17,73.96249389648438
2014-01-21,74.01856994628906
2014-01-22,73.83631896972656
2014-01-23,74.88104248046875
2014-01-24,75.36491394042969
2014-01-27,74.8390121459961
2014-01-28,75.02130126953125
2014-01-29,75.63837432861328
2014-01-30,75.42094421386719
2014-01-31,75.92584228515625
2014-02-03,76.85099792480469
2014-02-04,76.03553771972656
2014-02-05,75.33255767822266
2014-02-06,75.00914764404297
2014-02-07,75.07239532470703
2014-02-10,75.28331756591797
2014-02-11,74.84746551513672
2014-02-12,74.4608383178711
2014-02-13,74.88265228271484
2014-02-14,74.92481994628906
2014-02-18,75.093505859375
2014-02-19,74.77716827392578
2014-02-20,74.5943832397461
2014-02-21,74.98810577392578
2014-02-24,74.79825592041016
2014-02-25,75.46611022949219
2014-02-26,75.86680603027344
2014-02-27,76.28160095214844
2014-02-28,76.32379150390625
2014-03-03,76.83325958251953
2014-03-04,75.67755126953125
2014-03-05,75.83959197998047
2014-03-06,75.0926284790039
2014-03-07,74.62055206298828
2014-03-10,74.72621154785156
2014-03-11,74.92350769042969
2014-03-12,75.44499206542969
2014-03-13,76.45973205566406
2014-03-14,76.4738540649414
2014-03-17,75.90304565429688
2014-03-18,76.1778564453125
2014-03-19,75.58597564697266
2014-03-20,75.45201873779297
2014-03-21,76.26949310302734
2014-03-24,76.81208801269531
2014-03-25,76.52318572998047
2014-03-26,77.1222152709961
2014-03-27,77.50977325439453
2014-03-28,77.07283782958984
2014-03-31,76.88261413574219
2014-04-01,76.22552490234375
2014-04-02,75.7874755859375
2014-04-03,76.11956024169922
2014-04-04,76.62830352783203
2014-04-07,77.08747863769531
2014-04-08,77.27119445800781
2014-04-09,76.88964080810547
2014-04-10,77.60319519042969
2014-04-11,78.2320327758789
2014-04-14,78.02713012695312
2014-04-15,78.51464080810547
2014-04-16,78.61353302001953
2014-04-17,77.7515869140625
2014-04-21,77.68802642822266
2014-04-22,77.94941711425781
2014-04-23,78.39453887939453
2014-04-24,78.5428466796875
2014-04-25,78.65596008300781
2014-04-28,78.27444458007812
2014-04-29,78.16840362548828
2014-04-30,78.49337005615234
2014-05-01,79.33548736572266
2014-05-02,79.82418823242188
2014-05-05,79.34261322021484
2014-05-06,79.66129302978516
2014-05-07,79.37796783447266
2014-05-08,79.03804779052734
2014-05-09,78.7831039428711
2014-05-12,78.46443176269531
2014-05-13,79.14430236816406
2014-05-14,80.00119018554688
2014-05-15,80.63862609863281
2014-05-16,80.41199493408203
2014-05-19,79.81713104248047
2014-05-20,79.99414825439453
2014-05-21,79.50543975830078
2014-05-22,79.39215087890625
2014-05-23,79.81713104248047
2014-05-27,80.28456115722656
2014-05-28,81.2761001586914
2014-05-29,80.84400939941406
2014-05-30,80.80864715576172
2014-06-02,80.20784759521484
2014-06-03,79.22089385986328
2014-06-04,79.19960021972656
2014-06-05,79.23511505126953
2014-06-06,79.23511505126953
2014-06-09,79.1215591430664
2014-06-10,78.83036804199219
2014-06-11,78.97239685058594
2014-06-12,79.67535400390625
2014-06-13,79.63272094726562
2014-06-16,79.83158111572266
2014-06-17,79.19960021972656
2014-06-18,79.81028747558594
2014-06-19,78.78782653808594
2014-06-20,79.38422393798828
2014-06-23,79.13570404052734
2014-06-24,79.9380874633789
2014-06-25,80.14404296875
2014-06-26,80.52743530273438
2014-06-27,80.40674591064453
2014-06-30,80.60552978515625
2014-07-01,79.93067932128906
2014-07-02,79.076416015625
2014-07-03,78.79164123535156
2014-07-07,79.3682861328125
2014-07-08,80.25816345214844
2014-07-09,80.3221664428711
2014-07-10,80.34353637695312
2014-07-11,80.8561782836914
2014-07-14,80.50731658935547
2014-07-15,80.34353637695312
2014-07-16,80.77070617675781
2014-07-17,81.78868865966797
2014-07-18,81.52530670166016
2014-07-21,81.93109130859375
2014-07-22,82.1019287109375
2014-07-23,81.99514770507812
2014-07-24,81.38291931152344
2014-07-25,82.3439712524414
2014-07-28,82.23004913330078
2014-07-29,82.52908325195312
2014-07-30,81.38291931152344
2014-07-31,81.14088439941406
2014-08-01,81.76897430419922
2014-08-04,81.55479431152344
2014-08-05,81.81895446777344
2014-08-06,81.86894226074219
2014-08-07,82.63265228271484
2014-08-08,82.45419311523438
2014-08-11,82.44701385498047
2014-08-12,81.91175842285156
2014-08-13,82.44701385498047
2014-08-14,83.11085510253906
2014-08-15,84.0173568725586
2014-08-18,83.18225860595703
2014-08-19,82.92530059814453
2014-08-20,82.78968048095703
2014-08-21,83.25363159179688
2014-08-22,83.71759033203125
2014-08-25,84.0316390991211
2014-08-26,83.76036834716797
2014-08-27,84.4741439819336
2014-08-28,84.91670989990234
2014-08-29,84.97386932373047
2014-09-02,83.50797271728516
2014-09-03,83.97296905517578
2014-09-04,82.94999694824219
2014-09-05,82.79256439208984
2014-09-08,82.82833862304688
2014-09-09,82.76394653320312
2014-09-10,82.24171447753906
2014-09-11,81.9698486328125
2014-09-12,81.11137390136719
2014-09-15,81.2330322265625
2014-09-16,80.90396118164062
2014-09-17,80.69644165039062
2014-09-18,80.95404815673828
2014-09-19,81.98416137695312
2014-09-22,82.08434295654297
2014-09-23,82.59225463867188
2014-09-24,82.13444519042969
2014-09-25,83.10734558105469
2014-09-26,82.98572540283203
2014-09-29,83.65103149414062
2014-09-30,83.17889404296875
2014-10-01,84.79185485839844
2014-10-02,84.0531234741211
2014-10-03,84.4117202758789
2014-10-06,84.46188354492188
2014-10-07,85.6021957397461
2014-10-08,85.62370300292969
2014-10-09,85.25080108642578
2014-10-10,86.09708404541016
2014-10-13,86.6206283569336
2014-10-14,87.18714141845703
2014-10-15,87.87562561035156
2014-10-16,87.31625366210938
2014-10-17,86.82853698730469
2014-10-20,87.14415740966797
2014-10-21,86.44847869873047
2014-10-22,86.54171752929688
2014-10-23,85.77436828613281
2014-10-24,85.86039733886719
2014-10-27,86.0181884765625
2014-10-28,85.48030853271484
2014-10-29,85.6739501953125
2014-10-30,85.74565124511719
2014-10-31,85.52332305908203
2014-11-03,85.5233383178711
2014-11-04,85.78929138183594
2014-11-05,85.66712188720703
2014-11-06,85.11354064941406
2014-11-07,86.09124755859375
2014-11-10,85.30046844482422
2014-11-11,85.35794830322266
2014-11-12,85.28607940673828
2014-11-13,85.48736572265625
2014-11-14,85.90435791015625
2014-11-17,85.68868255615234
2014-11-18,85.9259262084961
2014-11-19,85.3795166015625
2014-11-20,85.82526397705078
2014-11-21,86.34288787841797
2014-11-24,86.41478729248047
2014-11-25,87.13372802734375
2014-11-26,87.37096405029297
2014-11-28,88.06108093261719
2014-12-01,87.54737854003906
2014-12-02,86.69709014892578
2014-12-03,87.03578186035156
2014-12-04,87.76351928710938
2014-12-05,87.251953125
2014-12-08,88.318359375
2014-12-09,88.77232360839844
2014-12-10,89.4207763671875
2014-12-11,89.78828430175781
2014-12-12,91.00606536865234
2014-12-15,90.81866455078125
2014-12-16,91.94276428222656
2014-12-17,91.11410522460938
2014-12-18,89.4928970336914
2014-12-19,90.69615173339844
2014-12-22,90.81866455078125
2014-12-23,89.01730346679688
2014-12-24,89.50179290771484
2014-12-26,89.8339614868164
2014-12-29,90.50550079345703
2014-12-30,90.75104522705078
2014-12-31,90.92430114746094
2015-01-02,91.93523406982422
2015-01-05,93.37942504882812
2015-01-06,95.06184387207031
2015-01-07,94.87408447265625
2015-01-08,93.61764526367188
2015-01-09,94.64302825927734
2015-01-12,95.18462371826172
2015-01-13,95.18462371826172
2015-01-14,95.90667724609375
2015-01-15,97.41580963134766
2015-01-16,96.17384338378906
2015-01-20,97.4519271850586
2015-01-21,96.32548522949219
2015-01-22,95.9788818359375
2015-01-23,97.31468963623047
2015-01-26,97.0186538696289
2015-01-27,97.1702880859375
2015-01-28,98.75886535644531
2015-01-29,98.1090316772461
2015-01-30,99.84916687011719
2015-02-02,99.47225952148438
2015-02-03,97.36672973632812
2015-02-04,97.53312683105469
2015-02-05,96.46231842041016
2015-02-06,94.75472259521484
2015-02-09,94.60289001464844
2015-02-10,93.85037231445312
2015-02-11,94.02404022216797
2015-02-12,93.71288299560547
2015-02-13,92.7505874633789
2015-02-17,91.35413360595703
2015-02-18,91.8968276977539
2015-02-19,91.2890396118164
2015-02-20,91.55672454833984
2015-02-23,92.60588073730469
2015-02-24,93.8214111328125
2015-02-25,94.22663879394531
2015-02-26,92.93864440917969
2015-02-27,93.7201156616211
2015-03-02,91.97445678710938
2015-03-03,91.64095306396484
2015-03-04,91.66992950439453
2015-03-05,91.55397033691406
2015-03-06,89.5313491821289
2015-03-09,90.35780334472656
2015-03-10,91.54669189453125
2015-03-11,92.21369171142578
2015-03-12,92.14839935302734
2015-03-13,91.86570739746094
2015-03-16,92.7501220703125
2015-03-17,93.51854705810547
2015-03-18,95.32371520996094
2015-03-19,94.83797454833984
2015-03-20,95.33824920654297
2015-03-23,95.2222671508789
2015-03-24,96.1428451538086
2015-03-25,95.33100128173828
2015-03-26,93.84478759765625
2015-03-27,95.011962890625
2015-03-30,94.54076385498047
2015-03-31,94.74378967285156
2015-04-01,95.98817443847656
2015-04-02,94.97113037109375
2015-04-06,94.44086456298828
2015-04-07,95.2326889038086
2015-04-08,95.26167297363281
2015-04-09,94.02671813964844
2015-04-10,94.16474151611328
2015-04-13,94.2955093383789
2015-04-14,94.96388244628906
2015-04-15,94.88395690917969
2015-04-16,94.41172790527344
2015-04-17,95.49415588378906
2015-04-20,94.65145111083984
2015-04-21,94.22289276123047
2015-04-22,92.78447723388672
2015-04-23,93.18397521972656
2015-04-24,93.76521301269531
2015-04-27,93.76521301269531
2015-04-28,92.4720687866211
2015-04-29,91.33877563476562
2015-04-30,91.49862670898438
2015-05-01,90.26693725585938
2015-05-04,89.41521453857422
2015-05-05,89.2914810180664
2015-05-06,87.76272583007812
2015-05-07,88.94203186035156
2015-05-08,89.18226623535156
2015-05-11,87.012939453125
2015-05-12,87.23861694335938
2015-05-13,86.53973388671875
2015-05-14,86.772705078125
2015-05-15,88.51251983642578
2015-05-18,87.02752685546875
2015-05-19,86.2558364868164
2015-05-20,86.40145111083984
2015-05-21,87.60985565185547
2015-05-22,87.6462173461914
2015-05-26,89.14580535888672
2015-05-27,89.34971618652344
2015-05-28,89.1313247680664
2015-05-29,89.32784271240234
2015-06-01,88.36778259277344
2015-06-02,87.13490295410156
2015-06-03,85.73418426513672
2015-06-04,86.85035705566406
2015-06-05,85.79256439208984
2015-06-08,85.69773864746094
2015-06-09,85.01924896240234
2015-06-10,84.27509307861328
2015-06-11,86.04789733886719
2015-06-12,86.04789733886719
2015-06-15,86.18650817871094
2015-06-16,86.86492919921875
2015-06-17,86.19378662109375
2015-06-18,85.77066040039062
2015-06-19,86.87224578857422
2015-06-22,85.09950256347656
2015-06-23,84.58887481689453
2015-06-24,85.31832885742188
2015-06-25,85.01924896240234
2015-06-26,84.0635986328125
2015-06-29,86.28861236572266
2015-06-30,85.69037628173828
2015-07-01,84.53376770019531
2015-07-02,84.81163024902344
2015-07-06,86.38352966308594
2015-07-07,87.19508361816406
2015-07-08,87.94818878173828
2015-07-09,86.21539306640625
2015-07-10,84.84814453125
2015-07-13,84.58494567871094
2015-07-14,84.86277770996094
2015-07-15,85.76206970214844
2015-07-16,86.35432434082031
2015-07-17,86.80025482177734
2015-07-20,86.43474578857422
2015-07-21,86.90262603759766
2015-07-22,87.4437255859375
2015-07-23,88.53312683105469
2015-07-24,88.75240325927734
2015-07-27,89.22769165039062
2015-07-28,88.57694244384766
2015-07-29,88.24795532226562
2015-07-30,88.92789459228516
2015-07-31,89.58590698242188
2015-08-03,90.5289306640625
2015-08-04,89.81083679199219
2015-08-05,89.1367416381836
2015-08-06,89.92808532714844
2015-08-07,91.10775756835938
2015-08-10,89.97940826416016
2015-08-11,91.4081802368164
2015-08-12,90.90992736816406
2015-08-13,90.61686706542969
2015-08-14,90.82935333251953
2015-08-17,91.23969268798828
2015-08-18,90.5215835571289
2015-08-19,91.4155502319336
2015-08-20,92.33879089355469
2015-08-21,92.61723327636719
2015-08-24,92.58789825439453
2015-08-25,91.1004409790039
2015-08-26,89.34188079833984
2015-08-27,89.39315032958984
2015-08-28,89.65694427490234
2015-08-31,88.96818542480469
2015-09-01,89.6092758178711
2015-09-02,88.83826446533203
2015-09-03,89.27149963378906
2015-09-04,90.0865478515625
2015-09-08,88.75748443603516
2015-09-09,89.18340301513672
2015-09-10,88.5811767578125
2015-09-11,89.13932037353516
2015-09-14,89.27884674072266
2015-09-15,87.56783294677734
2015-09-16,87.23738861083984
2015-09-17,88.30216217041016
2015-09-18,89.66068267822266
2015-09-21,88.1993408203125
2015-09-22,89.4256591796875
2015-09-23,89.41835021972656
2015-09-24,90.02784729003906
2015-09-25,89.24948120117188
2015-09-28,90.77684020996094
2015-09-29,91.03385162353516
2015-09-30,90.71812438964844
2015-10-01,91.10516357421875
2015-10-02,91.65707397460938
2015-10-05,90.41343688964844
2015-10-06,90.8034439086914
2015-10-07,90.50177764892578
2015-10-08,89.74383544921875
2015-10-09,89.9793472290039
2015-10-12,90.6636962890625
2015-10-13,90.81818389892578
2015-10-14,91.61288452148438
2015-10-15,91.16404724121094
2015-10-16,91.19348907470703
2015-10-19,90.94327545166016
2015-10-20,90.38401794433594
2015-10-21,91.28175354003906
2015-10-22,91.43630981445312
2015-10-23,90.65630340576172
2015-10-26,91.25967407226562
2015-10-27,91.4878158569336
2015-10-28,91.1198959350586
2015-10-29,89.67028045654297
2015-10-30,90.34719848632812
2015-11-02,89.93204498291016
2015-11-03,89.19461059570312
2015-11-04,89.2978515625
2015-11-05,89.06183624267578
2015-11-06,87.7565689086914
2015-11-09,87.26248931884766
2015-11-10,87.5206298828125
2015-11-11,87.33621978759766
2015-11-12,87.7565689086914
2015-11-13,88.2580337524414
2015-11-16,88.1769027709961
2015-11-17,88.32439422607422
2015-11-18,88.50873565673828
2015-11-19,89.09876251220703
2015-11-20,88.82589721679688
2015-11-23,89.09876251220703
2015-11-24,89.09134674072266
2015-11-25,89.2978515625
2015-11-27,89.20934295654297
2015-11-30,89.5633316040039
2015-12-01,90.77313232421875
2015-12-02,90.80264282226562
2015-12-03,88.33433532714844
2015-12-04,89.11030578613281
2015-12-07,89.97498321533203
2015-12-08,90.019287109375
2015-12-09,89.9232177734375
2015-12-10,90.04143524169922
2015-12-11,91.46041107177734
2015-12-14,90.27794647216797
2015-12-15,89.74585723876953
2015-12-16,89.5536880493164
2015-12-17,90.56619262695312
2015-12-18,91.06866455078125
2015-12-21,91.0465316772461
2015-12-22,90.3888168334961
2015-12-23,89.70889282226562
2015-12-24,90.22283172607422
2015-12-28,90.4894790649414
2015-12-29,88.98612213134766
2015-12-30,88.8972396850586
2015-12-31,89.29714965820312
2016-01-04,89.94143676757812
2016-01-05,89.57853698730469
2016-01-06,90.78564453125
2016-01-07,90.94859313964844
2016-01-08,91.3559799194336
2016-01-11,90.35615539550781
2016-01-12,91.65955352783203
2016-01-13,92.56301879882812
2016-01-14,91.69654083251953
2016-01-15,93.12590789794922
2016-01-19,92.83708190917969
2016-01-20,93.81462097167969
2016-01-21,93.1777114868164
2016-01-22,92.82222747802734
2016-01-25,93.32579803466797
2016-01-26,93.3702163696289
2016-01-27,93.34806060791016
2016-01-28,93.48136901855469
2016-01-29,94.27373504638672
2016-02-01,93.985107421875
2016-02-02,95.72872161865234
2016-02-03,94.93480682373047
2016-02-04,95.39484405517578
2016-02-05,95.50616455078125
2016-02-08,97.56141662597656
2016-02-09,97.66527557373047
2016-02-10,98.5259780883789
2016-02-11,99.21603393554688
2016-02-12,97.56880187988281
2016-02-16,96.53748321533203
2016-02-17,95.94387817382812
2016-02-18,97.1236572265625
2016-02-19,97.20523071289062
2016-02-22,97.15338897705078
2016-02-23,97.54654693603516
2016-02-24,97.3536376953125
2016-02-25,97.7023696899414
2016-02-26,96.76006317138672
2016-02-29,97.18296813964844
2016-03-01,95.47177124023438
2016-03-02,95.86577606201172
2016-03-03,96.21514892578125
2016-03-04,95.59813690185547
2016-03-07,95.56838989257812
2016-03-08,96.62397766113281
2016-03-09,96.0367431640625
2016-03-10,95.64271545410156
2016-03-11,94.67634582519531
2016-03-14,94.97368621826172
2016-03-15,95.06292724609375
2016-03-16,95.34535217285156
2016-03-17,95.73932647705078
2016-03-18,95.94004821777344
2016-03-21,95.20413970947266
2016-03-22,95.18182373046875
2016-03-23,96.25971984863281
2016-03-24,96.29690551757812
2016-03-28,96.42328643798828
2016-03-29,97.43425750732422
2016-03-30,96.40843200683594
2016-03-31,97.09234619140625
2016-04-01,97.34558868408203
2016-04-04,97.40516662597656
2016-04-05,98.47039794921875
2016-04-06,97.75530242919922
2016-04-07,98.96207427978516
2016-04-08,98.33627319335938
2016-04-11,98.2096176147461
2016-04-12,97.53177642822266
2016-04-13,97.87444305419922
2016-04-14,97.40516662597656
2016-04-15,98.23946380615234
2016-04-18,97.81488037109375
2016-04-19,97.50944519042969
2016-04-20,96.43679809570312
2016-04-21,95.86323547363281
2016-04-22,95.61734771728516
2016-04-25,95.22257995605469
2016-04-26,94.79051971435547
2016-04-27,95.73655700683594
2016-04-28,96.13139343261719
2016-04-29,96.37716674804688
2016-05-02,95.40680694580078
2016-05-03,96.60855865478516
2016-05-04,97.13848876953125
2016-05-05,97.78787994384766
2016-05-06,97.36988067626953
2016-05-09,97.67591094970703
2016-05-10,97.68341064453125
2016-05-11,98.23574829101562
2016-05-12,97.78787994384766
2016-05-13,98.73585510253906
2016-05-16,97.8849105834961
2016-05-17,98.04916381835938
2016-05-18,96.65335083007812
2016-05-19,97.07137298583984
2016-05-20,97.14596557617188
2016-05-23,97.36246490478516
2016-05-24,96.9295425415039
2016-05-25,96.56382751464844
2016-05-26,97.06388854980469
2016-05-27,96.9220962524414
2016-05-31,97.15351867675781
2016-06-01,97.54763793945312
2016-06-02,98.25068664550781
2016-06-03,99.64936065673828
2016-06-06,98.90885925292969
2016-06-07,99.1482162475586
2016-06-08,99.67926788330078
2016-06-09,100.32251739501953
2016-06-10,100.80864715576172
2016-06-13,101.25745391845703
2016-06-14,101.1826400756836
2016-06-15,101.57161712646484
2016-06-16,102.06522369384766
2016-06-17,101.42948913574219
2016-06-20,100.344970703125
2016-06-21,99.8812255859375
2016-06-22,100.0457534790039
2016-06-23,98.90141296386719
2016-06-24,101.55663299560547
2016-06-27,104.09222412109375
2016-06-28,104.30911254882812
2016-06-29,103.50873565673828
2016-06-30,103.89027404785156
2016-07-01,105.33269500732422
2016-07-05,106.65151977539062
2016-07-06,106.82384490966797
2016-07-07,106.8163833618164
2016-07-08,107.60314178466797
2016-07-11,106.65901184082031
2016-07-12,104.90558624267578
2016-07-13,106.1419448852539
2016-07-14,104.59835052490234
2016-07-15,103.6991958618164
2016-07-18,103.60179138183594
2016-07-19,104.1862564086914
2016-07-20,103.61672973632812
2016-07-21,103.8265380859375
2016-07-22,104.00636291503906
2016-07-25,103.93145751953125
2016-07-26,104.0963134765625
2016-07-27,105.39263916015625
2016-07-28,105.19778442382812
2016-07-29,106.07453155517578
2016-08-01,104.92448425292969
2016-08-02,103.84349822998047
2016-08-03,103.9035415649414
2016-08-04,104.6842269897461
2016-08-05,103.59571838378906
2016-08-08,103.79096221923828
2016-08-09,104.8118667602539
2016-08-10,105.21722412109375
2016-08-11,104.27884674072266
2016-08-12,105.1572036743164
2016-08-15,104.16626739501953
2016-08-16,103.8885498046875
2016-08-17,104.51164245605469
2016-08-18,104.67675018310547
2016-08-19,104.12879180908203
2016-08-22,105.0070571899414
2016-08-23,105.11966705322266
2016-08-24,104.8719482421875
2016-08-25,104.47405242919922
2016-08-26,103.86599731445312
2016-08-29,105.2547836303711
2016-08-30,104.84934997558594
2016-08-31,104.9994888305664
2016-09-01,105.11537170410156
2016-09-02,104.25798034667969
2016-09-06,105.0176010131836
2016-09-07,104.94235229492188
2016-09-08,103.62629699707031
2016-09-09,101.91913604736328
2016-09-12,101.97174072265625
2016-09-13,100.81355285644531
2016-09-14,100.96403503417969
2016-09-15,100.52777862548828
2016-09-16,101.33998107910156
2016-09-19,101.0091552734375
2016-09-20,101.36257934570312
2016-09-21,102.18228149414062
2016-09-22,102.99453735351562
2016-09-23,102.89676666259766
2016-09-26,103.55105590820312
2016-09-27,104.31061553955078
2016-09-28,104.08502960205078
2016-09-29,104.34823608398438
2016-09-30,103.41564178466797
2016-10-03,103.07442474365234
2016-10-04,101.86893463134766
2016-10-05,101.39427185058594
2016-10-06,100.82925415039062
2016-10-07,100.89703369140625
2016-10-10,100.30181884765625
2016-10-11,100.07577514648438
2016-10-12,100.173828125
2016-10-13,100.55046844482422
2016-10-14,99.14159393310547
2016-10-17,99.77445220947266
2016-10-18,100.09844207763672
2016-10-19,100.18126678466797
2016-10-20,100.28679656982422
2016-10-21,100.43743133544922
2016-10-24,100.00045013427734
2016-10-25,100.26419830322266
2016-10-26,99.58609771728516
2016-10-27,98.50120544433594
2016-10-28,98.28272247314453
2016-10-31,98.88541412353516
2016-11-01,98.89295959472656
2016-11-02,99.32323455810547
2016-11-03,98.56085968017578
2016-11-04,99.44402313232422
2016-11-07,98.59857940673828
2016-11-08,98.19850158691406
2016-11-09,94.03176879882812
2016-11-10,92.64282989501953
2016-11-11,92.12199401855469
2016-11-14,91.57093811035156
2016-11-15,92.0238265991211
2016-11-16,92.85416412353516
2016-11-17,91.4879379272461
2016-11-18,91.22369384765625
2016-11-21,91.45013427734375
2016-11-22,91.41995239257812
2016-11-23,91.065185546875
2016-11-25,91.2010726928711
2016-11-28,91.87288665771484
2016-11-29,92.25784301757812
2016-11-30,90.76322937011719
2016-12-01,89.80488586425781
2016-12-02,90.46295928955078
2016-12-05,90.3646011352539
2016-12-06,90.29653930664062
2016-12-07,91.06802368164062
2016-12-08,89.99397277832031
2016-12-09,88.87452697753906
2016-12-12,89.04096984863281
2016-12-13,89.35865020751953
2016-12-14,88.36017608642578
2016-12-15,88.80648803710938
2016-12-16,88.60224151611328
2016-12-19,89.5552749633789
2016-12-20,89.10896301269531
2016-12-21,89.50235748291016
2016-12-22,89.34232330322266
2016-12-23,89.52434539794922
2016-12-27,89.23619079589844
2016-12-28,89.8883285522461
2016-12-29,90.20683288574219
2016-12-30,90.34333038330078
2017-01-03,90.73011016845703
2017-01-04,91.07898712158203
2017-01-05,92.50469970703125
2017-01-06,91.65534973144531
2017-01-09,92.39092254638672
2017-01-10,92.33032989501953
2017-01-11,92.64116668701172
2017-01-12,92.4364242553711
2017-01-13,91.99658966064453
2017-01-17,92.95973205566406
2017-01-18,91.76908111572266
2017-01-19,91.1396484375
2017-01-20,90.95762634277344
2017-01-23,91.86767578125
2017-01-24,91.23820495605469
2017-01-25,90.0931396484375
2017-01-26,90.39647674560547
2017-01-27,90.72254180908203
2017-01-30,90.44956970214844
2017-01-31,91.07898712158203
2017-02-01,90.51581573486328
2017-02-02,90.47781372070312
2017-02-03,90.43983459472656
2017-02-06,90.98703002929688
2017-02-07,91.65581512451172
2017-02-08,92.90223693847656
2017-02-09,91.83062744140625
2017-02-10,91.77742767333984
2017-02-13,91.48860168457031
2017-02-14,90.8274154663086
2017-02-15,90.409423828125
2017-02-16,90.90339660644531
2017-02-17,91.4430160522461
2017-02-21,91.28341674804688
2017-02-22,91.43543243408203
2017-02-23,91.70901489257812
2017-02-24,92.72740936279297
2017-02-27,92.18025207519531
2017-02-28,92.52220916748047
2017-03-01,90.9719009399414
2017-03-02,90.64445495605469
2017-03-03,90.88053131103516
2017-03-06,90.44648742675781
2017-03-07,90.17232513427734
2017-03-08,89.68502807617188
2017-03-09,88.96925354003906
2017-03-10,89.28141784667969
2017-03-13,88.71797180175781
2017-03-14,89.14439392089844
2017-03-15,90.2332534790039
2017-03-16,89.77635955810547
2017-03-17,90.3398666381836
2017-03-20,90.72825622558594
2017-03-21,91.4820785522461
2017-03-22,91.8475570678711
2017-03-23,91.71809387207031
2017-03-24,92.04554748535156
2017-03-27,92.4643325805664
2017-03-28,91.8475570678711
2017-03-29,92.39583587646484
2017-03-30,91.64960479736328
2017-03-31,91.91609191894531
2017-04-03,92.84323120117188
2017-04-04,92.33960723876953
2017-04-05,92.62190246582031
2017-04-06,92.48455810546875
2017-04-07,92.11064147949219
2017-04-10,92.53800964355469
2017-04-11,93.41553497314453
2017-04-12,93.9267578125
2017-04-13,94.21672058105469
2017-04-17,93.9267578125
2017-04-18,95.15535736083984
2017-04-19,94.63648223876953
2017-04-20,94.27021026611328
2017-04-21,94.27021026611328
2017-04-24,93.80469512939453
2017-04-25,92.67535400390625
2017-04-26,93.18657684326172
2017-04-27,93.15609741210938
2017-04-28,93.36210632324219
2017-05-01,92.58595275878906
2017-05-02,93.06008911132812
2017-05-03,93.12125396728516
2017-05-04,92.66244506835938
2017-05-05,92.74659729003906
2017-05-08,92.24189758300781
2017-05-09,92.23419952392578
2017-05-10,92.12721252441406
2017-05-11,92.12721252441406
2017-05-12,92.8230209350586
2017-05-15,92.57069396972656
2017-05-16,92.91480255126953
2017-05-17,94.2682113647461
2017-05-18,94.37525939941406
2017-05-19,94.59708404541016
2017-05-22,94.33709716796875
2017-05-23,93.7023696899414
2017-05-24,94.22998046875
2017-05-25,94.2605972290039
2017-05-26,94.42121124267578
2017-05-30,94.88763427734375
2017-05-31,95.12471008300781
2017-06-01,95.13465881347656
2017-06-02,96.26107788085938
2017-06-05,95.6633529663086
2017-06-06,96.1844482421875
2017-06-07,95.72463989257812
2017-06-08,95.47183227539062
2017-06-09,95.32618713378906
2017-06-12,95.29557037353516
2017-06-13,95.31092834472656
2017-06-14,96.78213500976562
2017-06-15,96.6289291381836
2017-06-16,96.82051849365234
2017-06-19,96.68252563476562
2017-06-20,97.54845428466797
2017-06-21,97.74774169921875
2017-06-22,97.96227264404297
2017-06-23,97.9162826538086
2017-06-26,98.2840576171875
2017-06-27,97.23429870605469
2017-06-28,96.91242218017578
2017-06-29,96.10017395019531
2017-06-30,95.87796783447266
2017-07-03,95.56925964355469
2017-07-05,95.59230041503906
2017-07-06,94.80144500732422
2017-07-07,94.23312377929688
2017-07-10,94.37142181396484
2017-07-11,94.53263854980469
2017-07-12,95.18534851074219
2017-07-13,94.58637237548828
2017-07-14,94.70154571533203
2017-07-17,94.96263122558594
2017-07-18,95.79193115234375
2017-07-19,95.8303451538086
2017-07-20,96.10679626464844
2017-07-21,96.51374053955078
2017-07-24,96.1374740600586
2017-07-25,94.88583374023438
2017-07-26,95.03942108154297
2017-07-27,94.57105255126953
2017-07-28,95.13157653808594
2017-07-31,95.24675750732422
2017-08-01,95.91551208496094
2017-08-02,95.96936798095703
2017-08-03,96.96206665039062
2017-08-04,96.1386489868164
2017-08-07,96.24639892578125
2017-08-08,95.90011596679688
2017-08-09,96.42337799072266
2017-08-10,97.24681854248047
2017-08-11,97.29297637939453
2017-08-14,96.79275512695312
2017-08-15,96.3849105834961
2017-08-16,96.73889923095703
2017-08-17,97.46227264404297
2017-08-18,97.43919372558594
2017-08-21,97.67772674560547
2017-08-22,97.30065155029297
2017-08-23,97.96249389648438
2017-08-24,97.6008071899414
2017-08-25,97.97783660888672
2017-08-28,97.91629028320312
2017-08-29,98.23180389404297
2017-08-30,98.20105743408203
2017-08-31,98.49346160888672
2017-09-01,97.74005889892578
2017-09-05,99.29000854492188
2017-09-06,98.6808853149414
2017-09-07,99.6910171508789
2017-09-08,99.47511291503906
2017-09-11,98.28758239746094
2017-09-12,97.77092742919922
2017-09-13,97.38534545898438
2017-09-14,97.78636169433594
2017-09-15,97.82489776611328
2017-09-18,97.26194763183594
2017-09-19,97.02290344238281
2017-09-20,97.09234619140625
2017-09-21,97.03833770751953
2017-09-22,97.31593322753906
2017-09-25,97.92511749267578
2017-09-26,97.7477798461914
2017-09-27,96.2749252319336
2017-09-28,95.98963165283203
2017-09-29,96.20555114746094
2017-10-02,96.02932739257812
2017-10-03,96.1220932006836
2017-10-04,96.1297836303711
2017-10-05,95.76661682128906
2017-10-06,95.49617767333984
2017-10-09,95.79756164550781
2017-10-10,95.95208740234375
2017-10-11,96.13751983642578
2017-10-12,96.54705810546875
2017-10-13,97.24242401123047
2017-10-16,97.17288208007812
2017-10-17,97.29655456542969
2017-10-18,96.65520477294922
2017-10-19,96.82522583007812
2017-10-20,95.79756164550781
2017-10-23,95.967529296875
2017-10-24,95.37256622314453
2017-10-25,94.91667175292969
2017-10-26,94.599853515625
2017-10-27,95.22578430175781
2017-10-30,96.13751983642578
2017-10-31,96.16841888427734
2017-11-01,96.59664154052734
2017-11-02,97.0224838256836
2017-11-03,97.2857894897461
2017-11-06,97.64970397949219
2017-11-07,98.06006622314453
2017-11-08,97.84329223632812
2017-11-09,97.56454467773438
2017-11-10,96.09330749511719
2017-11-13,96.2946548461914
2017-11-14,96.9450454711914
2017-11-15,97.99816131591797
2017-11-16,97.14643096923828
2017-11-17,97.86650085449219
2017-11-20,97.82778930664062
2017-11-21,98.1375503540039
2017-11-22,98.45500946044922
2017-11-24,98.18401336669922
2017-11-27,98.04461669921875
2017-11-28,98.17627716064453
2017-11-29,97.20832061767578
2017-11-30,96.88314056396484
2017-12-01,98.19053649902344
2017-12-04,98.23706817626953
2017-12-05,98.72589874267578
2017-12-06,99.06732940673828
2017-12-07,98.29141235351562
2017-12-08,98.29911041259766
2017-12-11,98.09742736816406
2017-12-12,98.05865478515625
2017-12-13,98.79573822021484
2017-12-14,99.21472930908203
2017-12-15,99.58712768554688
2017-12-18,98.6793441772461
2017-12-19,97.39912414550781
2017-12-20,96.32061767578125
2017-12-21,96.88201141357422
2017-12-22,97.0141830444336
2017-12-26,97.30187225341797
2017-12-27,98.56927490234375
2017-12-28,98.48373413085938
2017-12-29,98.63923645019531
2018-01-02,97.57398223876953
2018-01-03,98.04048919677734
2018-01-04,98.02498626708984
2018-01-05,97.74506378173828
2018-01-08,97.6828384399414
2018-01-09,96.37655639648438
2018-01-10,96.25993347167969
2018-01-11,96.65650177001953
2018-01-12,96.81979370117188
2018-01-16,97.22410583496094
2018-01-17,97.09191131591797
2018-01-18,96.18994903564453
2018-01-19,95.68455505371094
2018-01-22,95.77791595458984
2018-01-23,96.18994903564453
2018-01-24,95.66902923583984
2018-01-25,96.454345703125
2018-01-26,96.09667205810547
2018-01-29,95.4279556274414
2018-01-30,94.86820983886719
2018-01-31,95.4279556274414
2018-02-01,94.04498291015625
2018-02-02,93.17232513427734
2018-02-05,94.0527572631836
2018-02-06,93.4683837890625
2018-02-07,92.58013153076172
2018-02-08,92.47887420654297
2018-02-09,91.89449310302734
2018-02-12,92.29964447021484
2018-02-13,92.71261596679688
2018-02-14,91.68412017822266
2018-02-15,91.99579620361328
2018-02-16,92.49443817138672
2018-02-20,92.08927154541016
2018-02-21,90.9594955444336
2018-02-22,91.2321548461914
2018-02-23,92.04251098632812
2018-02-26,92.07365417480469
2018-02-27,91.94125366210938
2018-02-28,92.52562713623047
2018-03-01,93.15719604492188
2018-03-02,92.39991760253906
2018-03-05,92.15010070800781
2018-03-06,92.23595428466797
2018-03-07,92.1344985961914
2018-03-08,92.66535949707031
2018-03-09,92.0563735961914
2018-03-12,92.58724975585938
2018-03-13,93.05574035644531
2018-03-14,93.87549591064453
2018-03-15,93.87549591064453
2018-03-16,93.539794921875
2018-03-19,93.24311065673828
2018-03-20,92.86834716796875
2018-03-21,92.96981048583984
2018-03-22,93.89112091064453
2018-03-23,93.82083892822266
2018-03-26,93.46171569824219
2018-03-27,94.4610366821289
2018-03-28,94.71085357666016
2018-03-29,95.17152404785156
2018-04-02,95.35926055908203
2018-04-03,94.62381744384766
2018-04-04,94.42823028564453
2018-04-05,93.72401428222656
2018-04-06,94.7490234375
2018-04-09,94.905517578125
2018-04-10,94.73336791992188
2018-04-11,95.0698013305664
2018-04-12,94.37348937988281
2018-04-13,94.59251403808594
2018-04-16,94.62381744384766
2018-04-17,94.88202667236328
2018-04-18,94.12310028076172
2018-04-19,93.35631561279297
2018-04-20,92.68347930908203
2018-04-23,92.7069320678711
2018-04-24,92.2844009399414
2018-04-25,91.66633605957031
2018-04-26,92.30789947509766
2018-04-27,93.0198974609375
2018-04-30,93.18419647216797
2018-05-01,92.84859466552734
2018-05-02,92.74667358398438
2018-05-03,93.16223907470703
2018-05-04,93.30335998535156
2018-05-07,93.15441131591797
2018-05-08,93.06816864013672
2018-05-09,92.51140594482422
2018-05-10,93.25634765625
2018-05-11,93.49156951904297
2018-05-14,92.9975814819336
2018-05-15,91.93897247314453
2018-05-16,91.58617401123047
2018-05-17,91.12348175048828
2018-05-18,91.90762329101562
2018-05-21,91.95465087890625
2018-05-22,91.81352233886719
2018-05-23,92.48006439208984
2018-05-24,93.2171401977539
2018-05-25,93.79739379882812
2018-05-29,95.85176849365234
2018-05-30,95.20880889892578
2018-05-31,95.0520248413086
2018-06-01,94.54981994628906
2018-06-04,93.86597442626953
2018-06-05,94.08609008789062
2018-06-06,93.3237075805664
2018-06-07,94.2275390625
2018-06-08,93.9446029663086
2018-06-11,93.77166748046875
2018-06-12,93.7952880859375
2018-06-13,93.74810028076172
2018-06-14,94.52619171142578
2018-06-15,94.61266326904297
2018-06-18,94.52619171142578
2018-06-19,95.07638549804688
2018-06-20,94.2432632446289
2018-06-21,94.73839569091797
2018-06-22,94.73052215576172
2018-06-25,94.94276428222656
2018-06-26,95.07638549804688
2018-06-27,95.9723129272461
2018-06-28,95.99591827392578
2018-06-29,95.66585540771484
2018-07-02,95.59099578857422
2018-07-03,96.1030044555664
2018-07-05,96.37869262695312
2018-07-06,96.6938247680664
2018-07-09,96.07148742675781
2018-07-10,96.06364440917969
2018-07-11,96.43388366699219
2018-07-12,96.42598724365234
2018-07-13,96.67015838623047
2018-07-16,96.26840209960938
2018-07-17,96.08721923828125
2018-07-18,95.7012710571289
2018-07-19,96.30780792236328
2018-07-20,95.12620544433594
2018-07-23,93.95248413085938
2018-07-24,94.27545166015625
2018-07-25,94.12579345703125
2018-07-26,93.94464111328125
2018-07-27,94.10215759277344
2018-07-30,93.77919006347656
2018-07-31,94.29125213623047
2018-08-01,93.52307891845703
2018-08-02,93.65725708007812
2018-08-03,94.12308502197266
2018-08-06,94.17831420898438
2018-08-07,93.68887329101562
2018-08-08,93.78356170654297
2018-08-09,94.57305145263672
2018-08-10,95.25995635986328
2018-08-13,95.0625991821289
2018-08-14,94.84940338134766
2018-08-15,95.40202331542969
2018-08-16,95.39419555664062
2018-08-17,95.5125732421875
2018-08-20,96.1520767211914
2018-08-21,95.82836151123047
2018-08-22,96.20733642578125
2018-08-23,96.35731506347656
2018-08-24,96.54676818847656
2018-08-27,95.99414825439453
2018-08-28,95.4178695678711
2018-08-29,95.54415893554688
2018-08-30,95.74938201904297
2018-08-31,95.5283432006836
2018-09-04,94.97605895996094
2018-09-05,94.72285461425781
2018-09-06,95.07103729248047
2018-09-07,94.26390838623047
2018-09-10,94.61206817626953
2018-09-11,93.89203643798828
2018-09-12,94.11356353759766
2018-09-13,94.25601196289062
2018-09-14,93.80497741699219
2018-09-17,93.80497741699219
2018-09-18,92.82379150390625
2018-09-19,92.26991271972656
2018-09-20,92.69721984863281
2018-09-21,92.65760803222656
2018-09-24,92.42025756835938
2018-09-25,92.32530212402344
2018-09-26,92.97413635253906
2018-09-27,93.0374526977539
2018-09-28,92.79212951660156
2018-10-01,92.11092376708984
2018-10-02,92.67398071289062
2018-10-03,91.06414794921875
2018-10-04,90.42176818847656
2018-10-05,89.64459228515625
2018-10-08,89.34322357177734
2018-10-09,90.24730682373047
2018-10-10,90.00148010253906
2018-10-11,91.0958480834961
2018-10-12,90.77860260009766
2018-10-15,90.73895263671875
2018-10-16,90.94519805908203
2018-10-17,90.40592193603516
2018-10-18,90.37417602539062
2018-10-19,90.17595672607422
2018-10-22,90.05696868896484
2018-10-23,90.34247589111328
2018-10-24,91.02448272705078
2018-10-25,90.64384460449219
2018-10-26,91.19102478027344
2018-10-29,90.9848403930664
2018-10-30,90.53279113769531
2018-10-31,90.07283782958984
2018-11-01,90.15630340576172
2018-11-02,89.03540802001953
2018-11-05,89.38520050048828
2018-11-06,89.32957458496094
2018-11-07,89.44879913330078
2018-11-08,89.44086456298828
2018-11-09,90.10859680175781
2018-11-12,90.69688415527344
2018-11-13,90.64125061035156
2018-11-14,90.69688415527344
2018-11-15,90.65711212158203
2018-11-16,91.18182373046875
2018-11-19,91.43619537353516
2018-11-20,91.46796417236328
2018-11-21,91.43619537353516
2018-11-23,91.5316162109375
2018-11-26,91.32486724853516
2018-11-27,91.42826080322266
2018-11-28,90.98306274414062
2018-11-29,91.3408432006836
2018-11-30,91.68264770507812
2018-12-03,92.33360290527344
2018-12-04,93.87942504882812
2018-12-06,94.17427062988281
2018-12-07,94.34956359863281
2018-12-10,94.73999786376953
2018-12-11,94.72403717041016
2018-12-12,94.30172729492188
2018-12-13,94.07861328125
2018-12-14,94.40533447265625
2018-12-17,94.95509338378906
2018-12-18,95.52375793457031
2018-12-19,96.78572845458984
2018-12-20,96.43429565429688
2018-12-21,96.4183349609375
2018-12-24,96.89749908447266
2018-12-26,95.8592300415039
2018-12-27,95.87520599365234
2018-12-28,96.68187713623047
2018-12-31,97.04926300048828
2019-01-02,97.56047058105469
2019-01-03,98.67061614990234
2019-01-04,97.52851104736328
2019-01-07,97.24098205566406
2019-01-08,96.98540496826172
2019-01-09,96.83362579345703
2019-01-10,96.21067810058594
2019-01-11,96.5860366821289
2019-01-14,96.22664642333984
2019-01-15,95.87520599365234
2019-01-16,95.97103118896484
2019-01-17,95.9950180053711
2019-01-18,95.49185943603516
2019-01-22,96.1387939453125
2019-01-23,96.09883880615234
2019-01-24,96.72982788085938
2019-01-25,96.26655578613281
2019-01-28,96.17070770263672
2019-01-29,96.65792083740234
2019-01-30,96.5860366821289
2019-01-31,97.41671752929688
2019-02-01,96.82830810546875
2019-02-04,96.39606475830078
2019-02-05,96.83634185791016
2019-02-06,96.88435363769531
2019-02-07,97.52476501464844
2019-02-08,97.9410171508789
2019-02-11,97.55680084228516
2019-02-12,97.30860900878906
2019-02-13,96.94036865234375
2019-02-14,97.49275970458984
2019-02-15,97.64485168457031
2019-02-19,97.89295959472656
2019-02-20,97.61280822753906
2019-02-21,96.7402572631836
2019-02-22,97.31659698486328
2019-02-25,97.02845001220703
2019-02-26,97.50877380371094
2019-02-27,96.40406799316406
2019-02-28,96.07583618164062
2019-03-01,95.18782806396484
2019-03-04,95.93383026123047
2019-03-05,96.13438415527344
2019-03-06,96.48737335205078
2019-03-07,97.11306762695312
2019-03-08,97.52218627929688
2019-03-11,97.23340606689453
2019-03-12,97.91527557373047
2019-03-13,97.73078155517578
2019-03-14,97.02483367919922
2019-03-15,97.6666259765625
2019-03-18,97.61046600341797
2019-03-19,97.39383697509766
2019-03-20,98.41264343261719
2019-03-21,98.62924194335938
2019-03-22,100.16138458251953
2019-03-25,100.32183837890625
2019-03-26,100.24966430664062
2019-03-27,101.17217254638672
2019-03-28,101.52516174316406
2019-03-29,101.4288558959961
2019-04-01,99.98816680908203
2019-04-02,100.17311096191406
2019-04-03,99.3048324584961
2019-04-04,99.586181640625
2019-04-05,99.71484375
2019-04-08,99.36107635498047
2019-04-09,99.67462158203125
2019-04-10,99.91583251953125
2019-04-11,99.32893371582031
2019-04-12,98.62145233154297
2019-04-15,98.87065124511719
2019-04-16,98.25160217285156
2019-04-17,98.29179382324219
2019-04-18,98.80635833740234
2019-04-22,98.33201599121094
2019-04-23,98.54105377197266
2019-04-24,99.3449935913086
2019-04-25,99.20032501220703
2019-04-26,99.53795623779297
2019-04-29,98.90283203125
2019-04-30,99.4093246459961
2019-05-01,99.81937408447266
2019-05-02,99.34406280517578
2019-05-03,99.62601470947266
2019-05-06,99.89994049072266
2019-05-07,100.66532135009766
2019-05-08,100.2302474975586
2019-05-09,100.64115905761719
2019-05-10,100.50418090820312
2019-05-13,101.29373931884766
2019-05-14,100.99565124511719
2019-05-15,101.6159439086914
2019-05-16,101.27763366699219
2019-05-17,101.503173828125
2019-05-20,101.29373931884766
2019-05-21,101.13257598876953
2019-05-22,101.71263122558594
2019-05-23,102.85667419433594
2019-05-24,102.94530487060547
2019-05-28,103.6865005493164
2019-05-29,104.00067138671875
2019-05-30,104.89493560791016
2019-05-31,106.20816802978516
2019-06-03,106.9185791015625
2019-06-04,105.69953918457031
2019-06-05,105.1021499633789
2019-06-06,105.44121551513672
2019-06-07,106.3534927368164
2019-06-10,105.35242462158203
2019-06-11,105.41699981689453
2019-06-12,105.49772644042969
2019-06-13,105.86100006103516
2019-06-14,106.12742614746094
2019-06-17,106.3131103515625
2019-06-18,106.84590148925781
2019-06-19,106.9992904663086
2019-06-20,107.28182983398438
2019-06-21,106.10320281982422
2019-06-24,106.8943099975586
2019-06-25,107.22534942626953
2019-06-26,106.5391616821289
2019-06-27,107.2899398803711
2019-06-28,107.21728515625
2019-07-01,106.96652221679688
2019-07-02,107.79154205322266
2019-07-03,108.55999755859375
2019-07-05,107.12017059326172
2019-07-08,107.26580810546875
2019-07-09,107.22534942626953
2019-07-10,106.63484954833984
2019-07-11,105.2112808227539
2019-07-12,105.33258819580078
2019-07-15,105.93924713134766
2019-07-16,105.62374877929688
2019-07-17,106.76426696777344
2019-07-18,106.77241516113281
2019-07-19,106.52163696289062
2019-07-22,106.72386169433594
2019-07-23,106.1414794921875
2019-07-24,106.60250091552734
2019-07-25,106.09294128417969
2019-07-26,106.34365844726562
2019-07-29,106.37603759765625
2019-07-30,106.63484954833984
2019-07-31,107.49225616455078
2019-08-01,109.62712097167969
2019-08-02,110.64027404785156
2019-08-05,112.5530014038086
2019-08-06,113.45265197753906
2019-08-07,113.49312591552734
2019-08-08,113.73629760742188
2019-08-09,113.50936889648438
2019-08-12,115.87600708007812
2019-08-13,115.4788589477539
2019-08-14,118.08056640625
2019-08-15,119.39354705810547
2019-08-16,118.43717193603516
2019-08-19,116.74327087402344
2019-08-20,117.95085906982422
2019-08-21,117.16471862792969
2019-08-22,116.38658905029297
2019-08-23,118.2994384765625
2019-08-26,117.8211898803711
2019-08-27,119.63672637939453
2019-08-28,119.79071044921875
2019-08-29,119.33682250976562
2019-08-30,119.36925506591797
2019-09-03,119.52344512939453
2019-09-04,119.70215606689453
2019-09-05,117.53426361083984
2019-09-06,118.37059020996094
2019-09-09,116.26766967773438
2019-09-10,114.22975158691406
2019-09-11,114.02682495117188
2019-09-12,113.27978515625
2019-09-13,110.8602294921875
2019-09-16,112.27297973632812
2019-09-17,112.88199615478516
2019-09-18,113.36100769042969
2019-09-19,113.70198059082031
2019-09-20,115.20406341552734
2019-09-23,115.17975616455078
2019-09-24,116.5680923461914
2019-09-25,114.86306762695312
2019-09-26,115.60191345214844
2019-09-27,115.88607788085938
2019-09-30,116.17018127441406
2019-10-01,116.52003479003906
2019-10-02,116.80467224121094
2019-10-03,117.87010192871094
2019-10-04,118.74044799804688
2019-10-07,117.75627899169922
2019-10-08,118.07350158691406
2019-10-09,117.40653991699219
2019-10-10,115.65779113769531
2019-10-11,114.22637176513672
2019-10-14,115.05596160888672
2019-10-15,113.66516876220703
2019-10-16,113.8034439086914
2019-10-17,113.52689361572266
2019-10-18,113.52689361572266
2019-10-21,112.67286682128906
2019-10-22,113.33169555664062
2019-10-23,113.44551086425781
2019-10-24,113.21778869628906
2019-10-25,112.66474914550781
2019-10-28,111.6399154663086
2019-10-29,111.7131118774414
2019-10-30,113.34791564941406
2019-10-31,114.87705993652344
2019-11-01,114.52336883544922
2019-11-04,113.01612854003906
2019-11-05,111.74510955810547
2019-11-06,112.42131042480469
2019-11-07,110.38439178466797
2019-11-08,109.92000579833984
2019-11-11,109.99335479736328
2019-11-12,110.49849700927734
2019-11-13,111.21542358398438
2019-11-14,112.36431121826172
2019-11-15,112.24210357666016
2019-11-18,112.44576263427734
2019-11-19,113.38276672363281
2019-11-20,114.5560531616211
2019-11-21,113.8390121459961
2019-11-22,113.98567199707031
2019-11-25,114.3197021484375
2019-11-26,114.98786163330078
2019-11-27,114.6537857055664
2019-11-29,114.40934753417969
2019-12-02,112.8840103149414
2019-12-03,115.2508316040039
2019-12-04,114.0999984741211
2019-12-05,113.54503631591797
2019-12-06,112.91661834716797
2019-12-09,113.16145324707031
2019-12-10,113.16957092285156
2019-12-11,114.0592269897461
2019-12-12,112.18203735351562
2019-12-13,113.47974395751953
2019-12-16,112.45952606201172
2019-12-17,112.304443359375
2019-12-18,111.38220977783203
2019-12-19,111.56037902832031
2019-12-20,111.70758819580078
2019-12-23,111.54402923583984
2019-12-24,111.86288452148438
2019-12-26,112.1326675415039
2019-12-27,112.25525665283203
2019-12-30,111.84649658203125
2019-12-31,110.7510986328125
2020-01-02,112.0018081665039
2020-01-03,113.72669219970703
2020-01-06,113.08084869384766
2020-01-07,112.52498626708984
2020-01-08,111.78112030029297
2020-01-09,112.17353057861328
2020-01-10,113.17081451416016
2020-01-13,112.8275146484375
2020-01-14,113.40788269042969
2020-01-15,114.15995788574219
2020-01-16,113.80025482177734
2020-01-17,112.8275146484375
2020-01-21,114.01278686523438
2020-01-22,114.41336059570312
2020-01-23,115.21450805664062
2020-01-24,116.14643096923828
2020-01-27,117.9530258178711
2020-01-28,117.02928924560547
2020-01-29,118.17374420166016
2020-01-30,118.19014739990234
2020-01-31,119.26911926269531
2020-02-03,119.1725082397461
2020-02-04,117.56758880615234
2020-02-05,116.28204345703125
2020-02-06,116.80610656738281
2020-02-07,118.26358032226562
2020-02-10,118.59120178222656
2020-02-11,117.99345397949219
2020-02-12,117.39569091796875
2020-02-13,117.8460464477539
2020-02-14,118.36190032958984
2020-02-18,119.1725082397461
2020-02-19,119.16434478759766
2020-02-20,120.09779357910156
2020-02-21,121.21961975097656
2020-02-24,123.02924346923828
2020-02-25,123.684326171875
2020-02-26,123.02924346923828
2020-02-27,124.36392974853516
2020-02-28,127.17253875732422
2020-03-02,126.23682403564453
2020-03-03,128.1967315673828
2020-03-04,126.83543395996094
2020-03-05,129.99269104003906
2020-03-06,136.75799560546875
2020-03-09,140.4645538330078
2020-03-10,133.26455688476562
2020-03-11,128.3607635498047
2020-03-12,129.1562042236328
2020-03-13,126.23682403564453
2020-03-16,134.41268920898438
2020-03-17,125.4496841430664
2020-03-18,118.37271118164062
2020-03-19,121.59545135498047
2020-03-20,130.7388153076172
2020-03-23,136.1265106201172
2020-03-24,133.59251403808594
2020-03-25,133.2891387939453
2020-03-26,133.94522094726562
2020-03-27,137.5205535888672
2020-03-30,136.38888549804688
2020-03-31,135.28179931640625
2020-04-01,137.17727661132812
2020-04-02,138.04774475097656
2020-04-03,138.37628173828125
2020-04-06,138.0149383544922
2020-04-07,136.56954956054688
2020-04-08,135.5758514404297
2020-04-09,135.82225036621094
2020-04-13,134.5821990966797
2020-04-14,134.54934692382812
2020-04-15,138.11346435546875
2020-04-16,139.68199157714844
2020-04-17,137.80967712402344
2020-04-20,138.9182586669922
2020-04-21,140.66746520996094
2020-04-22,139.2303009033203
2020-04-23,139.96945190429688
2020-04-24,140.29795837402344
2020-04-27,137.6865234375
2020-04-28,139.27133178710938
2020-04-29,138.5487518310547
2020-04-30,136.93092346191406
2020-05-01,138.10348510742188
2020-05-04,137.453857421875
2020-05-05,136.57398986816406
2020-05-06,134.3702850341797
2020-05-07,136.6151885986328
2020-05-08,134.83905029296875
2020-05-11,133.78648376464844
2020-05-12,135.1597137451172
2020-05-13,136.1053924560547
2020-05-14,137.43740844726562
2020-05-15,137.08377075195312
2020-05-18,134.07423400878906
2020-05-19,134.57589721679688
2020-05-20,134.97877502441406
2020-05-21,135.31591796875
2020-05-22,136.12998962402344
2020-05-26,134.3043975830078
2020-05-27,134.05783081054688
2020-05-28,133.564453125
2020-05-29,134.51832580566406
2020-06-01,133.61260986328125
2020-06-02,133.1268310546875
2020-06-03,131.356689453125
2020-06-04,129.45474243164062
2020-06-05,128.53256225585938
2020-06-08,129.026611328125
2020-06-09,130.49215698242188
2020-06-10,132.42698669433594
2020-06-11,134.9300079345703
2020-06-12,133.62908935546875
2020-06-15,133.70321655273438
2020-06-16,131.6530303955078
2020-06-17,132.19647216796875
2020-06-18,133.5961456298828
2020-06-19,133.70321655273438
2020-06-22,133.7196807861328
2020-06-23,132.80575561523438
2020-06-24,134.23013305664062
2020-06-25,134.61708068847656
2020-06-26,136.0579376220703
2020-06-29,135.62979125976562
2020-06-30,134.97109985351562
2020-07-01,134.70899963378906
2020-07-02,134.8491668701172
2020-07-06,134.296875
2020-07-07,136.18450927734375
2020-07-08,135.64051818847656
2020-07-09,137.8001708984375
2020-07-10,137.10781860351562
2020-07-13,137.5611572265625
2020-07-14,137.75889587402344
2020-07-15,137.11602783203125
2020-07-16,137.7672119140625
2020-07-17,137.4786834716797
2020-07-20,137.816650390625
2020-07-21,137.89910888671875
2020-07-22,138.31118774414062
2020-07-23,139.92694091796875
2020-07-24,139.918701171875
2020-07-27,139.3993682861328
2020-07-28,140.36378479003906
2020-07-29,140.12472534179688
2020-07-30,141.0480194091797
2020-07-31,140.9573211669922
2020-08-03,140.24758911132812
2020-08-04,141.58445739746094
2020-08-05,140.34664916992188
2020-08-06,141.13067626953125
2020-08-07,140.1898651123047
2020-08-10,139.5626983642578
2020-08-11,137.90396118164062
2020-08-12,136.64964294433594
2020-08-13,135.18899536132812
2020-08-14,134.6607666015625
2020-08-17,134.99916076660156
2020-08-18,135.96466064453125
2020-08-19,135.1147003173828
2020-08-20,136.33602905273438
2020-08-21,137.15304565429688
2020-08-24,136.93016052246094
2020-08-25,135.88211059570312
2020-08-26,135.3623046875
2020-08-27,133.05979919433594
2020-08-28,132.96090698242188
2020-08-31,133.84385681152344
2020-09-01,135.37469482421875
2020-09-02,136.66346740722656
2020-09-03,137.0518035888672
2020-09-04,134.44937133789062
2020-09-08,135.27557373046875
2020-09-09,134.91213989257812
2020-09-10,135.59771728515625
2020-09-11,135.88697814941406
2020-09-14,135.87860107421875
2020-09-15,135.5482177734375
2020-09-16,135.1433868408203
2020-09-17,135.5564422607422
2020-09-18,135.13516235351562
2020-09-21,135.8208770751953
2020-09-22,135.71340942382812
2020-09-23,135.89520263671875
2020-09-24,136.4156951904297
2020-09-25,136.4156951904297
2020-09-28,136.02737426757812
2020-09-29,136.184326171875
2020-09-30,134.87899780273438
2020-10-01,135.1015167236328
2020-10-02,134.5970001220703
2020-10-05,131.96707153320312
2020-10-06,132.6782989501953
2020-10-07,131.710693359375
2020-10-08,132.42193603515625
2020-10-09,132.39707946777344
2020-10-12,132.81893920898438
2020-10-13,133.76995849609375
2020-10-14,134.0759735107422
2020-10-15,133.84442138671875
2020-10-16,133.47222900390625
2020-10-19,132.96774291992188
2020-10-20,131.70242309570312
2020-10-21,131.24758911132812
2020-10-22,129.8830108642578
2020-10-23,130.67697143554688
2020-10-26,131.89266967773438
2020-10-27,132.77760314941406
2020-10-28,132.9016876220703
2020-10-29,131.61148071289062
2020-10-30,130.3130340576172
2020-11-02,131.28916931152344
2020-11-03,130.5274200439453
2020-11-04,133.35891723632812
2020-11-05,133.5906982421875
2020-11-06,131.9762725830078
2020-11-09,129.20281982421875
2020-11-10,128.4577178955078
2020-11-11,128.92132568359375
2020-11-12,131.11526489257812
2020-11-13,130.94137573242188
2020-11-16,130.62677001953125
2020-11-17,131.4796600341797
2020-11-18,131.8603515625
2020-11-19,132.5392303466797
2020-11-20,133.71493530273438
2020-11-23,133.10227966308594
2020-11-24,131.77760314941406
2020-11-25,131.37193298339844
2020-11-27,132.64688110351562
2020-11-30,132.4813232421875
2020-12-01,130.52792358398438
2020-12-02,129.4920654296875
2020-12-03,130.5362091064453
2020-12-04,128.62184143066406
2020-12-07,129.78211975097656
2020-12-08,130.39540100097656
2020-12-09,129.9644317626953
2020-12-10,131.1164093017578
2020-12-11,131.58042907714844
2020-12-14,131.2158203125
2020-12-15,130.77658081054688
2020-12-16,130.4285888671875
2020-12-17,130.08343505859375
2020-12-18,129.69354248046875
2020-12-21,130.20785522460938
2020-12-22,130.87986755371094
2020-12-23,129.97552490234375
2020-12-24,130.4898681640625
2020-12-28,130.5479736328125
2020-12-29,130.38209533691406
2020-12-30,130.66407775878906
2020-12-31,130.85488891601562
2021-01-04,130.697265625
2021-01-05,129.7266845703125
2021-01-06,127.0635986328125
2021-01-07,125.9436264038086
2021-01-08,125.53714752197266
2021-01-11,125.32968139648438
2021-01-12,125.23020935058594
2021-01-13,126.64054870605469
2021-01-14,125.4541244506836
2021-01-15,125.95191955566406
2021-01-19,126.35842895507812
2021-01-20,126.48290252685547
2021-01-21,125.59521484375
2021-01-22,126.00179290771484
2021-01-25,127.48670196533203
2021-01-26,127.24613189697266
2021-01-27,127.5696792602539
2021-01-28,126.864501953125
2021-01-29,126.10128021240234
2021-02-01,126.24747467041016
2021-02-02,125.43350219726562
2021-02-03,124.32050323486328
2021-02-04,123.98825073242188
2021-02-05,122.95006561279297
2021-02-08,123.48992156982422
2021-02-09,123.58129119873047
2021-02-10,124.40353393554688
2021-02-11,123.72249603271484
2021-02-12,122.1858901977539
2021-02-16,120.3254623413086
2021-02-17,121.08953094482422
2021-02-18,120.5994873046875
2021-02-19,118.99652862548828
2021-02-22,118.0911636352539
2021-02-23,117.75065612792969
2021-02-24,116.97821807861328
2021-02-25,115.06790924072266
2021-02-26,118.87189483642578
2021-03-01,117.30194854736328
2021-03-02,117.31026458740234
2021-03-03,116.03787994384766
2021-03-04,115.28954315185547
2021-03-05,115.5140609741211
2021-03-08,114.61592102050781
2021-03-09,116.20428466796875
2021-03-10,116.43711853027344
2021-03-11,115.59719848632812
2021-03-12,113.14402770996094
2021-03-15,113.8093032836914
2021-03-16,113.3519515991211
2021-03-17,112.50370025634766
2021-03-18,111.36447143554688
2021-03-19,112.0546875
2021-03-22,113.31037139892578
2021-03-23,114.33320617675781
2021-03-24,114.94852447509766
2021-03-25,114.0421142578125
2021-03-26,113.64300537109375
2021-03-29,112.67835235595703
2021-03-30,113.26879119873047
2021-03-31,112.63675689697266
2021-04-01,114.50619506835938
2021-04-05,114.006591796875
2021-04-06,114.78102111816406
2021-04-07,113.98160552978516
2021-04-08,114.92256927490234
2021-04-09,114.50619506835938
2021-04-12,114.45626068115234
2021-04-13,115.31397247314453
2021-04-14,114.94757843017578
2021-04-15,116.87112426757812
2021-04-16,115.96342468261719
2021-04-19,115.63038635253906
2021-04-20,116.16334533691406
2021-04-21,116.3964614868164
2021-04-22,116.90443420410156
2021-04-23,116.62960815429688
2021-04-26,116.46306610107422
2021-04-27,115.44722747802734
2021-04-28,115.52210998535156
2021-04-29,115.18070983886719
2021-04-30,115.44722747802734
2021-05-03,115.51641845703125
2021-05-04,116.30030059814453
2021-05-05,116.49215698242188
2021-05-06,116.6839370727539
2021-05-07,116.10850524902344
2021-05-10,114.93265533447266
2021-05-11,114.28216552734375
2021-05-12,113.08134460449219
2021-05-13,113.2564468383789
2021-05-14,114.3155288696289
2021-05-17,114.07366943359375
2021-05-18,113.78181457519531
2021-05-19,113.50664520263672
2021-05-20,114.44064331054688
2021-05-21,114.80760192871094
2021-05-24,115.23287200927734
2021-05-25,116.30030059814453
2021-05-26,116.10015106201172
2021-05-27,115.63314819335938
2021-05-28,115.44966888427734
2021-06-01,115.42378234863281
2021-06-02,115.6910629272461
2021-06-03,115.25676727294922
2021-06-04,116.83518981933594
2021-06-07,116.47606658935547
2021-06-08,117.29444122314453
2021-06-09,118.3301010131836
2021-06-10,119.03990936279297
2021-06-11,118.84783172607422
2021-06-14,117.93757629394531
2021-06-15,117.79557037353516
2021-06-16,117.69536590576172
2021-06-17,119.45753479003906
2021-06-18,121.70402526855469
2021-06-21,119.6662826538086
2021-06-22,119.95857238769531
2021-06-23,119.64961242675781
2021-06-24,119.84164428710938
2021-06-25,118.5972900390625
2021-06-28,119.8165512084961
2021-06-29,120.01704406738281
2021-06-30,120.55154418945312
2021-07-01,120.55817413330078
2021-07-02,121.28573608398438
2021-07-06,122.7072982788086
2021-07-07,123.79438781738281
2021-07-08,124.27938842773438
2021-07-09,122.53170013427734
2021-07-12,122.37279510498047
2021-07-13,121.43624114990234
2021-07-14,122.81600189208984
2021-07-15,124.17070007324219
2021-07-16,123.93655395507812
2021-07-19,126.6543197631836
2021-07-20,125.43340301513672
2021-07-21,123.8445816040039
2021-07-22,125.0152587890625
2021-07-23,124.17906951904297
2021-07-26,123.81109619140625
2021-07-27,125.13235473632812
2021-07-28,125.1406478881836
2021-07-29,124.44664001464844
2021-07-30,125.03201293945312
2021-08-02,126.14722442626953
2021-08-03,126.21420288085938
2021-08-04,126.47368621826172
2021-08-05,125.82904815673828
2021-08-06,123.72756958007812
2021-08-09,123.2838363647461
2021-08-10,122.71453857421875
2021-08-11,122.63919067382812
2021-08-12,122.4382553100586
2021-08-13,124.3722915649414
2021-08-16,124.67366027832031
2021-08-17,124.62339782714844
2021-08-18,125.04206848144531
2021-08-19,125.96304321289062
2021-08-20,126.04669952392578
2021-08-23,125.96304321289062
2021-08-24,124.98340606689453
2021-08-25,123.94525909423828
2021-08-26,124.28851318359375
2021-08-27,125.1341781616211
2021-08-30,125.46063995361328
2021-08-31,124.60668182373047
2021-09-01,124.81539154052734
2021-09-02,125.36030578613281
2021-09-03,124.22021484375
2021-09-07,123.17235565185547
2021-09-08,124.01063537597656
2021-09-09,125.5112533569336
2021-09-10,124.40463256835938
2021-09-13,125.15912628173828
2021-09-14,126.67643737792969
2021-09-15,126.2321548461914
2021-09-16,125.6537094116211
2021-09-17,125.05010986328125
2021-09-20,126.60108184814453
2021-09-21,126.49201202392578
2021-09-22,127.24650573730469
2021-09-23,124.37114715576172
2021-09-24,123.15553283691406
2021-09-27,122.70284271240234
2021-09-28,120.79159545898438
2021-09-29,121.0011215209961
2021-09-30,120.98436737060547
2021-10-01,122.00250244140625
2021-10-04,121.6919174194336
2021-10-05,120.51681518554688
2021-10-06,121.19670867919922
2021-10-07,119.92926788330078
2021-10-08,119.08993530273438
2021-10-11,118.78770446777344
2021-10-12,120.81900787353516
2021-10-13,121.99411010742188
2021-10-14,122.4473876953125
2021-10-15,121.7339096069336
2021-10-18,122.3046646118164
2021-10-19,120.61754608154297
2021-10-20,119.8033676147461
2021-10-21,119.66071319580078
2021-10-22,120.97848510742188
2021-10-25,120.79383087158203
2021-10-26,121.79265594482422
2021-10-27,124.00862121582031
2021-10-28,123.58894348144531
2021-10-29,123.9666519165039
2021-11-01,123.07412719726562
2021-11-02,123.6203842163086
2021-11-03,122.34292602539062
2021-11-04,123.62879943847656
2021-11-05,125.47776794433594
2021-11-08,125.24238586425781
2021-11-09,126.87291717529297
2021-11-10,124.5533218383789
2021-11-11,124.36837005615234
2021-11-12,123.82210540771484
2021-11-15,122.26726531982422
2021-11-16,121.95633697509766
2021-11-17,122.92279815673828
2021-11-18,123.3850326538086
2021-11-19,124.68775177001953
2021-11-22,123.2253646850586
2021-11-23,121.443603515625
2021-11-24,123.3934097290039
2021-11-26,126.51153564453125
2021-11-29,125.49462890625
2021-11-30,127.40235900878906
2021-12-01,128.18826293945312
2021-12-02,128.34815979003906
2021-12-03,129.87962341308594
2021-12-06,128.095703125
2021-12-07,127.06075286865234
2021-12-08,124.86458587646484
2021-12-09,125.56291198730469
2021-12-10,125.26007080078125
2021-12-13,127.1111831665039
2021-12-14,126.80830383300781
2021-12-15,125.58822631835938
2021-12-16,125.63710021972656
2021-12-17,127.06070709228516
2021-12-20,126.10875701904297
2021-12-21,125.6286392211914
2021-12-22,126.20988464355469
2021-12-23,125.11473083496094
2021-12-27,125.41795349121094
2021-12-28,124.92096710205078
2021-12-29,123.55628204345703
2021-12-30,124.59239959716797
2021-12-31,124.83673095703125
2022-01-03,121.55973052978516
2022-01-04,121.05431365966797
2022-01-05,120.39727783203125
2022-01-06,120.7089614868164
2022-01-07,119.84126281738281
2022-01-10,120.13607788085938
2022-01-11,120.93636322021484
2022-01-12,120.47306060791016
2022-01-13,121.54290771484375
2022-01-14,119.70643615722656
2022-01-18,118.02164459228516
2022-01-19,118.83875274658203
2022-01-20,119.57171630859375
2022-01-21,120.99532318115234
2022-01-24,120.00130462646484
2022-01-25,119.80750274658203
2022-01-26,118.35862731933594
2022-01-27,120.5320053100586
2022-01-28,120.57414245605469
2022-01-31,119.95077514648438
2022-02-01,119.55257415771484
2022-02-02,119.95751190185547
2022-02-03,119.02111053466797
2022-02-04,117.26652526855469
2022-02-07,117.3424301147461
2022-02-08,116.55789184570312
2022-02-09,116.77718353271484
2022-02-10,114.92131805419922
2022-02-11,116.6253433227539
2022-02-14,115.17440795898438
2022-02-15,113.86682891845703
2022-02-16,114.54168701171875
2022-02-17,115.3936767578125
2022-02-18,116.60843658447266
2022-02-22,116.91220092773438
2022-02-23,115.30091857910156
2022-02-24,115.37686157226562
2022-02-25,115.46125793457031
2022-02-28,117.99198913574219
2022-03-01,119.35618591308594
2022-03-02,115.27628326416016
2022-03-03,116.45037841796875
2022-03-04,118.46073150634766
2022-03-07,117.55696868896484
2022-03-08,116.3743667602539
2022-03-09,115.2340316772461
2022-03-10,113.57839965820312
2022-03-11,113.95849609375
2022-03-14,111.29769897460938
2022-03-15,111.10343170166016
2022-03-16,112.19310760498047
2022-03-17,111.35685729980469
2022-03-18,112.71683502197266
2022-03-21,110.10669708251953
2022-03-22,108.69603729248047
2022-03-23,111.07808685302734
2022-03-24,110.20802307128906
2022-03-25,108.67916870117188
2022-03-28,109.60831451416016
2022-03-29,110.43611907958984
2022-03-30,111.29769897460938
2022-03-31,111.56800079345703
2022-04-01,111.99272155761719
2022-04-04,111.21440124511719
2022-04-05,108.70181274414062
2022-04-06,107.82195281982422
2022-04-07,107.00978088378906
2022-04-08,105.85079193115234
2022-04-11,104.17572021484375
2022-04-12,104.03191375732422
2022-04-13,104.243408203125
2022-04-14,102.15380096435547
2022-04-18,101.64620208740234
2022-04-19,100.88479614257812
2022-04-20,102.91520690917969
2022-04-21,102.15380096435547
2022-04-22,101.51083374023438
2022-04-25,102.52603912353516
2022-04-26,103.55812072753906
2022-04-27,102.22992706298828
2022-04-28,102.38221740722656
2022-04-29,101.05400085449219
2022-05-02,99.30236053466797
2022-05-03,99.97183227539062
2022-05-04,100.52267456054688
2022-05-05,97.76850891113281
2022-05-06,96.32783508300781
2022-05-09,97.17530059814453
2022-05-10,98.05663299560547
2022-05-11,99.94640350341797
2022-05-12,99.75997924804688
2022-05-13,98.28543090820312
2022-05-16,98.1837387084961
2022-05-17,96.99734497070312
2022-05-18,99.0650863647461
2022-05-19,99.30236053466797
2022-05-20,100.4294662475586
2022-05-23,98.77694702148438
2022-05-24,100.72603607177734
2022-05-25,101.1243667602539
2022-05-26,100.66670989990234
2022-05-27,100.91248321533203
2022-05-31,98.77694702148438
2022-06-01,98.66403198242188
2022-06-02,98.71497344970703
2022-06-03,98.50272369384766
2022-06-06,96.68598937988281
2022-06-07,97.73023223876953
2022-06-08,96.8642807006836
2022-06-09,97.1868896484375
2022-06-10,96.58413696289062
2022-06-13,93.55339813232422
2022-06-14,92.37335968017578
2022-06-15,94.09671783447266
2022-06-16,94.84378051757812
2022-06-17,95.14940643310547
2022-06-21,93.53645324707031
2022-06-22,96.10872650146484
2022-06-23,96.89822387695312
2022-06-24,95.556884765625
2022-06-27,94.74190521240234
2022-06-28,95.1833724975586
2022-06-29,96.66902923583984
2022-06-30,97.51799774169922
2022-07-01,98.51911163330078
2022-07-05,99.29324340820312
2022-07-06,97.62598419189453
2022-07-07,96.76686096191406
2022-07-08,95.695068359375
2022-07-11,97.34527587890625
2022-07-12,97.92371368408203
2022-07-13,99.0465087890625
2022-07-14,98.23844909667969
2022-07-15,98.79136657714844
2022-07-18,97.7620849609375
2022-07-19,97.23471069335938
2022-07-20,97.48989868164062
2022-07-21,99.17411804199219
2022-07-22,100.84135437011719
2022-07-25,99.85462951660156
2022-07-26,99.93121337890625
2022-07-27,99.3697738647461
2022-07-28,100.16085052490234
2022-07-29,99.88866424560547
2022-08-01,102.2943115234375
2022-08-02,100.12982940673828
2022-08-03,101.70630645751953
2022-08-04,101.6722412109375
2022-08-05,99.25205993652344
2022-08-08,100.85417175292969
2022-08-09,100.4621353149414
2022-08-10,99.80599212646484
2022-08-11,97.47957611083984
2022-08-12,98.46806335449219
2022-08-15,98.38288116455078
2022-08-16,98.79190063476562
2022-08-17,97.76079559326172
2022-08-18,97.90565490722656
2022-08-19,96.32913970947266
2022-08-22,96.00533294677734
2022-08-23,95.47698974609375
2022-08-24,94.77818298339844
2022-08-25,96.09904479980469
2022-08-26,96.82340240478516
2022-08-29,96.0223617553711
2022-08-30,96.2609634399414
2022-08-31,95.34062957763672
2022-09-01,93.5951156616211
2022-09-02,94.12455749511719
2022-09-06,91.793212890625
2022-09-07,93.24498748779297
2022-09-08,92.28854370117188
2022-09-09,92.49351501464844
2022-09-12,91.73343658447266
2022-09-13,91.94693756103516
2022-09-14,92.26294708251953
2022-09-15,92.2031478881836
2022-09-16,91.4345474243164
2022-09-19,91.6480484008789
2022-09-20,90.73432159423828
2022-09-21,92.2543716430664
2022-09-22,89.89739227294922
2022-09-23,90.2646255493164
2022-09-26,88.53961944580078
2022-09-27,86.20829772949219
2022-09-28,89.09469604492188
2022-09-29,88.63356018066406
2022-09-30,87.4892349243164
2022-10-03,88.87937927246094
2022-10-04,88.63113403320312
2022-10-05,87.7837142944336
2022-10-06,87.2957763671875
2022-10-07,86.44832611083984
2022-10-10,85.10437774658203
2022-10-11,85.48103332519531
2022-10-12,85.90047454833984
2022-10-13,85.07869720458984
2022-10-14,84.37677001953125
2022-10-17,83.96587371826172
2022-10-18,84.16278076171875
2022-10-19,82.6305160522461
2022-10-20,81.2181167602539
2022-10-21,79.75432586669922
2022-10-24,79.09520721435547
2022-10-25,81.39788055419922
2022-10-26,82.57061767578125
2022-10-27,83.43514251708984
2022-10-28,82.86165618896484
2022-10-31,82.27098083496094
2022-11-01,83.03986358642578
2022-11-02,82.67943572998047
2022-11-03,82.23324584960938
2022-11-04,80.85164642333984
2022-11-07,80.04505157470703
2022-11-08,80.92032623291016
2022-11-09,81.18630981445312
2022-11-10,84.30988311767578
2022-11-11,84.0009765625
2022-11-14,83.79498291015625
2022-11-15,85.15084075927734
2022-11-16,87.012939453125
2022-11-17,86.09475708007812
2022-11-18,85.50264739990234
2022-11-21,85.86306762695312
2022-11-22,87.08158111572266
2022-11-23,88.60047149658203
2022-11-25,88.30011749267578
2022-11-28,88.54899597167969
2022-11-29,87.51065063476562
2022-11-30,88.15425872802734
2022-12-01,90.97039794921875
2022-12-02,92.11438751220703
2022-12-05,90.82416534423828
2022-12-06,91.99400329589844
2022-12-07,94.1615982055664
2022-12-08,93.90352630615234
2022-12-09,91.46070098876953
2022-12-12,91.75312805175781
2022-12-13,92.63911437988281
2022-12-14,93.03478240966797
2022-12-15,93.39779663085938
2022-12-16,92.35447692871094
2022-12-19,90.80243682861328
2022-12-20,89.1900634765625
2022-12-21,89.41423034667969
2022-12-22,89.39701080322266
2022-12-23,88.08639526367188
2022-12-27,86.34465789794922
2022-12-28,85.83595275878906
2022-12-29,86.81025695800781
2022-12-30,85.84455108642578
2023-01-03,87.48281860351562
2023-01-04,88.68135833740234
2023-01-05,89.0521011352539
2023-01-06,90.69036102294922
2023-01-09,91.17320251464844
2023-01-10,89.66429138183594
2023-01-11,91.12145233154297
2023-01-12,92.9149169921875
2023-01-13,92.04405975341797
2023-01-17,91.4490966796875
2023-01-18,93.66510009765625
2023-01-19,93.07876586914062
2023-01-20,91.56985473632812
2023-01-23,91.13872528076172
2023-01-24,92.4493408203125
2023-01-25,92.67350769042969
2023-01-26,92.24238586425781
2023-01-27,92.00959014892578
2023-01-30,91.67332458496094
2023-01-31,92.40617370605469
2023-02-01,93.51705169677734
2023-02-02,93.63807678222656
2023-02-03,92.23767852783203
2023-02-06,91.5547103881836
2023-02-07,90.81993865966797
2023-02-08,91.25216674804688
2023-02-09,90.38773345947266
2023-02-10,89.37630462646484
2023-02-13,90.12837219238281
2023-02-14,89.9208984375
2023-02-15,89.08234405517578
2023-02-16,87.82025146484375
2023-02-17,88.50318908691406
2023-02-21,86.78291320800781
2023-02-22,87.5782241821289
2023-02-23,88.43402099609375
2023-02-24,87.28431701660156
2023-02-27,87.52633666992188
2023-02-28,87.9239730834961
2023-03-01,86.97940063476562
2023-03-02,86.20816040039062
2023-03-03,88.2966537475586
2023-03-06,87.61201477050781
2023-03-07,88.14929962158203
2023-03-08,88.23596954345703
2023-03-09,88.45260620117188
2023-03-10,91.50299835205078
2023-03-13,91.71099853515625
2023-03-14,90.203125
2023-03-15,91.94496154785156
2023-03-16,91.2257080078125
2023-03-17,92.59489440917969
2023-03-20,91.78031158447266
2023-03-21,90.99171447753906
2023-03-22,92.20496368408203
2023-03-23,92.20496368408203
2023-03-24,92.59489440917969
2023-03-27,90.41976928710938
2023-03-28,90.58442687988281
2023-03-29,90.40245056152344
2023-03-30,90.81841278076172
2023-03-31,92.17892456054688
2023-04-03,92.61245727539062
2023-04-04,93.07292938232422
2023-04-05,94.04595947265625
2023-04-06,94.28921508789062
2023-04-10,92.76885986328125
2023-04-11,92.95999908447266
2023-04-12,92.86443328857422
2023-04-13,92.1346435546875
2023-04-14,91.29190063476562
2023-04-17,90.20594024658203
2023-04-18,90.5273666381836
2023-04-19,90.44050598144531
2023-04-20,91.2137451171875
2023-04-21,90.70115661621094
2023-04-24,91.5785903930664
2023-04-25,92.92523193359375
2023-04-26,91.93479919433594
2023-04-27,91.0226058959961
2023-04-28,92.49082946777344
2023-05-01,89.82389831542969
2023-05-02,92.06231689453125
2023-05-03,92.57617950439453
2023-05-04,91.66168212890625
2023-05-05,91.35682678222656
2023-05-08,90.07649230957031
2023-05-09,89.75421142578125
2023-05-10,90.62520599365234
2023-05-11,91.583251953125
2023-05-12,90.81682586669922
2023-05-15,89.87617492675781
2023-05-16,89.60614013671875
2023-05-17,89.34486389160156
2023-05-18,88.68292236328125
2023-05-19,88.05581665039062
2023-05-22,87.7422866821289
2023-05-23,87.99483489990234
2023-05-24,87.55934143066406
2023-05-25,87.34162139892578
2023-05-26,88.04711151123047
2023-05-30,88.92681121826172
2023-05-31,89.70197296142578
2023-06-01,90.05391693115234
2023-06-02,89.06709289550781
2023-06-05,88.90116882324219
2023-06-06,89.42512512207031
2023-06-07,88.09774017333984
2023-06-08,89.12823486328125
2023-06-09,89.00595092773438
2023-06-12,89.2679443359375
2023-06-13,88.38592529296875
2023-06-14,89.09329986572266
2023-06-15,89.94912719726562
2023-06-16,89.59979248046875
2023-06-20,90.21984100341797
2023-06-21,90.4381332397461
2023-06-22,89.34654235839844
2023-06-23,90.23728942871094
2023-06-26,90.33336639404297
2023-06-27,90.09754943847656
2023-06-28,90.48181915283203
2023-06-29,88.84876251220703
2023-06-30,89.8967056274414
2023-07-03,89.38706970214844
2023-07-05,88.53768920898438
2023-07-06,87.28551483154297
2023-07-07,86.7601089477539
2023-07-10,86.87393951416016
2023-07-11,87.3205337524414
2023-07-12,88.2925033569336
2023-07-13,89.220703125
2023-07-14,88.6953125
2023-07-17,88.73908233642578
2023-07-18,89.14191436767578
2023-07-19,90.1489028930664
2023-07-20,89.0543212890625
2023-07-21,89.08060455322266
2023-07-24,88.75660705566406
2023-07-25,88.59024810791016
2023-07-26,88.67780303955078
2023-07-27,86.95276641845703
2023-07-28,87.39935302734375
2023-07-31,87.6095199584961
2023-08-01,86.17386627197266
2023-08-02,85.25187683105469
2023-08-03,83.28500366210938
2023-08-04,84.76016235351562
2023-08-07,83.92601013183594
2023-08-08,84.9006576538086
2023-08-09,85.33969116210938
2023-08-10,83.93475341796875
2023-08-11,83.74161529541016
2023-08-14,83.55722045898438
2023-08-15,83.04793548583984
2023-08-16,82.39816284179688
2023-08-17,82.0468978881836
2023-08-18,82.3366928100586
2023-08-21,81.23906707763672
2023-08-22,81.862548828125
2023-08-23,83.8908920288086
2023-08-24,83.33769226074219
2023-08-25,83.60987091064453
2023-08-28,83.69770812988281
2023-08-29,84.56697845458984
2023-08-30,84.47918701171875
2023-08-31,84.85675048828125
2023-09-01,83.53480529785156
2023-09-05,82.36346435546875
2023-09-06,82.56603240966797
2023-09-07,82.79502868652344
2023-09-08,83.1120834350586
2023-09-11,82.51319885253906
2023-09-12,82.98877716064453
2023-09-13,82.9711685180664
2023-09-14,82.3722915649414
2023-09-15,81.87026977539062
2023-09-18,82.33708190917969
2023-09-19,81.72938537597656
2023-09-20,81.98477935791016
2023-09-21,79.87989807128906
2023-09-22,80.52278900146484
2023-09-25,78.54122924804688
2023-09-26,78.26820373535156
2023-09-27,77.86307525634766
2023-09-28,78.10084533691406
2023-09-29,78.10967254638672
2023-10-02,76.80209350585938
2023-10-03,75.14997100830078
2023-10-04,76.21014404296875
2023-10-05,75.83026885986328
2023-10-06,74.91140747070312
2023-10-09,76.6695785522461
2023-10-10,76.56354522705078
2023-10-11,78.16266632080078
2023-10-12,76.04228210449219
2023-10-13,77.40289306640625
2023-10-16,76.15714263916016
2023-10-17,75.31782531738281
2023-10-18,74.65520477294922
2023-10-19,73.12677001953125
2023-10-20,73.54203796386719
2023-10-23,74.4255142211914
2023-10-24,75.40618133544922
2023-10-25,73.72752380371094
2023-10-26,74.85842895507812
2023-10-27,74.54035186767578
2023-10-30,74.20462799072266
2023-10-31,73.84239196777344
2023-11-01,75.44344329833984
2023-11-02,77.163330078125
2023-11-03,77.68635559082031
2023-11-06,76.93282318115234
2023-11-07,78.06758117675781
2023-11-08,79.39737701416016
2023-11-09,77.57111358642578
2023-11-10,78.00552368164062
2023-11-13,77.82823181152344
2023-11-14,79.5924301147461
2023-11-15,78.47537994384766
2023-11-16,79.4505615234375
2023-11-17,79.8228988647461
2023-11-20,80.31047821044922
2023-11-21,80.27503967285156
2023-11-22,80.55873107910156
2023-11-24,79.61014556884766
2023-11-27,80.93992614746094
2023-11-28,81.09953308105469
2023-11-29,82.11901092529297
2023-11-30,81.17042541503906
2023-12-01,82.69918823242188
2023-12-04,82.37014770507812
2023-12-05,84.1399154663086
2023-12-06,85.260498046875
2023-12-07,84.77134704589844
2023-12-08,84.07765197753906
2023-12-11,83.89978790283203
2023-12-12,84.14881134033203
2023-12-13,86.1231460571289
2023-12-14,88.36345672607422
2023-12-15,88.46158599853516
2023-12-18,87.75676727294922
2023-12-19,88.22959899902344
2023-12-20,88.827392578125
2023-12-21,88.26531219482422
2023-12-22,87.86383819580078
2023-12-26,88.11366271972656
2023-12-27,89.67496490478516
2023-12-28,89.02368927001953
2023-12-29,88.220703125
2024-01-02,87.71212005615234
2024-01-03,88.07795715332031
2024-01-04,86.73963928222656
2024-01-05,85.90990447998047
2024-01-08,86.75747680664062
2024-01-09,86.20431518554688
2024-01-10,85.8028335571289
2024-01-11,86.2846450805664
2024-01-12,86.1151351928711
2024-01-16,84.5983657836914
2024-01-17,84.46454620361328
2024-01-18,83.67938995361328
2024-01-19,83.94705200195312
2024-01-22,84.4466781616211
2024-01-23,83.77754211425781
2024-01-24,83.28681945800781
2024-01-25,83.8310775756836
2024-01-26,83.67048645019531
2024-01-29,84.6340560913086
2024-01-30,85.4013671875
2024-01-31,86.23999786376953
2024-02-01,87.93169403076172
2024-02-02,85.98939514160156
2024-02-05,84.2529525756836
2024-02-06,85.07642364501953
2024-02-07,84.6646728515625
2024-02-08,84.17239379882812
2024-02-09,84.00233459472656
2024-02-12,84.10079956054688
2024-02-13,82.65975189208984
2024-02-14,83.0804443359375
2024-02-15,83.51007080078125
2024-02-16,83.02672576904297
2024-02-20,83.09833526611328
2024-02-21,82.50755310058594
2024-02-22,82.91033935546875
2024-02-23,84.02023315429688
2024-02-26,83.7696304321289
2024-02-27,83.17886352539062
2024-02-28,83.70695495605469
2024-02-29,84.29771423339844
2024-03-01,84.82296752929688
2024-03-04,84.4817886352539
2024-03-05,85.68495178222656
2024-03-06,86.18775177001953
2024-03-07,86.10694122314453
2024-03-08,85.95431518554688
2024-03-11,85.90941619873047
2024-03-12,85.19109344482422
2024-03-13,84.77806091308594
2024-03-14,83.47613525390625
2024-03-15,83.44921112060547
2024-03-18,83.19781494140625
2024-03-19,83.4312515258789
2024-03-20,83.40431213378906
2024-03-21,83.58389282226562
2024-03-22,84.38301849365234
2024-03-25,83.96101379394531
2024-03-26,84.19444274902344
2024-03-27,85.02947998046875
2024-03-28,84.95767211914062
2024-04-01,83.37395477294922
2024-04-02,82.91452026367188
2024-04-03,82.89649963378906
2024-04-04,83.49105834960938
2024-04-05,82.32896423339844
2024-04-08,82.31995391845703
2024-04-09,83.085693359375
2024-04-10,81.27496337890625
2024-04-11,80.9056167602539
2024-04-12,81.3380355834961
2024-04-15,80.07683563232422
2024-04-16,79.54534912109375
2024-04-17,80.42813873291016
2024-04-18,80.02278137207031
2024-04-19,80.3110580444336
2024-04-22,80.17591857910156
2024-04-23,80.20294952392578
2024-04-24,79.63540649414062
2024-04-25,79.07689666748047
2024-04-26,79.49126434326172
2024-04-29,80.15789794921875
2024-04-30,79.47325897216797
2024-05-01,80.05904388427734
2024-05-02,80.40260314941406
2024-05-03,81.21617889404297
2024-05-06,81.5326156616211
2024-05-07,82.02980041503906
2024-05-08,81.5326156616211
2024-05-09,81.93035125732422
2024-05-10,81.46932220458984
2024-05-13,81.67723083496094
2024-05-14,82.13829040527344
2024-05-15,83.25923919677734
2024-05-16,83.17789459228516
2024-05-17,82.61739349365234
2024-05-20,82.37333679199219
2024-05-21,82.7982177734375
2024-05-22,82.89764404296875
2024-05-23,82.36428833007812
2024-05-24,82.60836029052734
2024-05-28,81.42411041259766
2024-05-29,80.43873596191406
2024-05-30,81.21617889404297
2024-05-31,81.76764678955078
2024-06-03,83.09020233154297
2024-06-04,84.06077575683594
2024-06-05,84.6776123046875
2024-06-06,84.55061340332031
2024-06-07,82.99947357177734
2024-06-10,82.44613647460938
2024-06-11,83.298828125
2024-06-12,83.92472076416016
2024-06-13,85.15835571289062
2024-06-14,85.87498474121094
2024-06-17,85.02230834960938
2024-06-18,85.80240631103516
2024-06-20,85.2309341430664
2024-06-21,85.2309341430664
2024-06-24,85.57565307617188
2024-06-25,85.72076416015625
2024-06-26,84.49620819091797
2024-06-27,84.83181762695312
2024-06-28,83.25345611572266
2024-07-01,81.81660461425781
2024-07-02,82.45357513427734
2024-07-03,83.53645324707031
2024-07-05,84.22803497314453
2024-07-08,84.41007995605469
2024-07-09,84.03695678710938
2024-07-10,84.30086517333984
2024-07-11,85.11981964111328
2024-07-12,85.48383331298828
2024-07-15,84.50104522705078
2024-07-16,85.6931381225586
2024-07-17,85.71134185791016
2024-07-18,85.05613708496094
2024-07-19,84.55565643310547
2024-07-22,84.30996704101562
2024-07-23,84.19166564941406
2024-07-24,83.28166961669922
2024-07-25,83.96414947509766
2024-07-26,84.61935424804688
2024-07-29,85.0743179321289
2024-07-30,85.40191650390625
2024-07-31,86.27552032470703
2024-08-01,87.01963806152344
2024-08-02,89.73127746582031
2024-08-05,90.20604705810547
2024-08-06,88.18826293945312
2024-08-07,87.56743621826172
2024-08-08,87.02873992919922
2024-08-09,87.88701629638672
2024-08-12,88.20654296875
2024-08-13,88.8182601928711
2024-08-14,89.37522888183594
2024-08-15,88.6539306640625
2024-08-16,88.96436309814453
2024-08-19,89.37522888183594
2024-08-20,90.08734893798828
2024-08-21,90.14215087890625
2024-08-22,89.24739074707031
2024-08-23,89.83171844482422
2024-08-26,89.60346221923828
2024-08-27,89.44828033447266
2024-08-28,89.33866882324219
2024-08-29,89.04651641845703
2024-08-30,88.09696197509766
2024-09-03,89.537841796875
2024-09-04,90.69198608398438
2024-09-05,91.20492553710938
2024-09-06,91.19577026367188
2024-09-09,91.58964538574219
2024-09-10,92.2308578491211
2024-09-11,92.1575698852539
2024-09-12,91.72705841064453
2024-09-13,91.974365234375
2024-09-16,92.81707763671875
2024-09-17,92.36823272705078
2024-09-18,91.22327423095703
2024-09-19,90.92098236083984
2024-09-20,90.57292175292969
2024-09-23,90.38053131103516
2024-09-24,90.36222076416016
2024-09-25,89.6111068725586
2024-09-26,89.82179260253906
2024-09-27,90.2889404296875
2024-09-30,89.8584213256836
2024-10-01,90.5072250366211
2024-10-02,89.74449920654297
2024-10-03,88.89905548095703
2024-10-04,87.80550384521484
2024-10-07,87.14385223388672
2024-10-08,87.29088592529297
2024-10-09,86.79464721679688
2024-10-10,86.45463562011719
2024-10-11,86.10543823242188
2024-10-14,86.16976928710938
2024-10-15,87.2173843383789
2024-10-16,87.58496856689453
2024-10-17,86.19734191894531
2024-10-18,86.26166534423828
2024-10-21,84.75460815429688
2024-10-22,84.83728790283203
2024-10-23,84.60757446289062
2024-10-24,85.14974212646484
2024-10-25,84.67188262939453
2024-10-28,84.44214630126953
2024-10-29,84.57080078125
2024-10-30,84.81893157958984
2024-10-31,84.95675659179688
2024-11-01,83.75902557373047
2024-11-04,85.0591049194336
2024-11-05,85.51090240478516
2024-11-06,83.16891479492188
2024-11-07,84.21082305908203
2024-11-08,85.28040313720703
2024-11-11,84.865478515625
2024-11-12,83.59305572509766
2024-11-13,82.80009460449219
2024-11-14,83.27955627441406
2024-11-15,83.05827331542969
2024-11-18,83.20577239990234
2024-11-19,83.62995147705078
2024-11-20,83.36254119873047
2024-11-21,83.29800415039062
2024-11-22,83.34408569335938
2024-11-25,85.50169372558594
2024-11-26,85.16976165771484
2024-11-27,85.7598648071289
2024-11-29,86.6450424194336
2024-12-02,86.85321807861328
2024-12-03,86.10376739501953
2024-12-04,87.02898406982422
2024-12-05,87.2048110961914
2024-12-06,87.3343505859375
2024-12-09,86.52938079833984
2024-12-10,86.12228393554688
2024-12-11,85.30804443359375
2024-12-12,84.27178192138672
2024-12-13,83.41130828857422
2024-12-16,83.6611099243164
2024-12-17,83.8646469116211
2024-12-18,82.81598663330078
2024-12-19,81.56204223632812
2024-12-20,82.02647399902344
2024-12-23,81.27409362792969
2024-12-24,81.6177978515625
2024-12-26,81.57134246826172
2024-12-27,80.90257263183594
2024-12-30,81.55276489257812
2024-12-31,81.1162109375
2025-01-02,81.33911895751953
2025-01-03,81.07904815673828
2025-01-06,80.71680450439453
2025-01-07,79.80652618408203
2025-01-08,79.90870666503906
2025-01-10,79.37925720214844
2025-01-13,79.35140228271484
2025-01-14,79.22135925292969
2025-01-15,80.58675384521484
2025-01-16,80.84684753417969
2025-01-17,80.98615264892578
2025-01-21,81.7106704711914
2025-01-22,81.28340911865234
2025-01-23,80.65178680419922
2025-01-24,81.01404571533203
2025-01-27,81.97074890136719
2025-01-28,81.9150161743164
2025-01-29,81.74781036376953
2025-01-30,82.05432891845703
2025-01-31,81.51558685302734
2025-02-03,82.17930603027344
2025-02-04,82.43096923828125
2025-02-05,83.79195404052734
2025-02-06,83.7546615600586
2025-02-07,83.21400451660156
2025-02-10,82.96231079101562
2025-02-11,82.43096923828125
2025-02-12,81.3124008178711
2025-02-13,82.6640396118164
2025-02-14,83.10214233398438
2025-02-18,82.12337493896484
2025-02-19,82.22591400146484
2025-02-20,82.53353881835938
2025-02-21,83.53092956542969
2025-02-24,83.77330780029297
2025-02-25,85.21814727783203
2025-02-26,85.72150421142578
2025-02-27,85.11558532714844
2025-02-28,86.15963745117188
2025-03-03,86.56171417236328
2025-03-04,85.4957275390625
2025-03-05,84.81310272216797
2025-03-06,84.53256225585938
2025-03-07,84.26139831542969
2025-03-10,85.14038848876953
2025-03-11,84.53256225585938
2025-03-12,84.02761840820312
2025-03-13,84.76634979248047
2025-03-14,84.31748962402344
2025-03-17,84.73829650878906
2025-03-18,84.82244873046875
2025-03-19,85.26195526123047
2025-03-20,85.31803894042969
2025-03-21,84.81310272216797
2025-03-24,83.9434585571289
2025-03-25,83.9341049194336
2025-03-26,83.3824234008789
2025-03-27,83.1392822265625
2025-03-28,84.28945922851562
2025-03-31,85.12167358398438
2025-04-01,85.85929107666016
2025-04-02,85.80300903320312
2025-04-03,86.19715118408203
2025-04-04,87.1355972290039
2025-04-07,84.50791931152344
2025-04-08,82.9125747680664
2025-04-09,83.40055847167969
2025-04-10,81.10132598876953
2025-04-11,81.54241943359375
2025-04-14,82.124267578125
2025-04-15,82.41517639160156
2025-04-16,82.87503051757812
2025-04-17,82.14300537109375
2025-04-21,80.70718383789062
2025-04-22,81.15764617919922
2025-04-23,81.9459457397461
2025-04-24,82.80931854248047
2025-04-25,83.4193115234375
2025-04-28,83.94485473632812
2025-04-29,84.64868927001953
2025-04-30,83.963623046875
2025-05-01,83.53788757324219
2025-05-02,82.6336441040039
2025-05-05,82.172119140625
2025-05-06,82.44525909423828
2025-05-07,82.79376983642578
2025-05-08,81.87069702148438
2025-05-09,81.99314880371094
2025-05-12,81.230224609375
2025-05-13,80.9005355834961
2025-05-14,80.3636474609375
2025-05-15,81.070068359375
2025-05-16,81.28671264648438
2025-05-19,81.0512466430664
2025-05-20,80.46727752685547
2025-05-21,79.0920639038086
2025-05-22,79.50652313232422
2025-05-23,79.63837432861328
2025-05-27,80.74984741210938
2025-05-28,80.40135192871094
2025-05-29,81.14544677734375
2025-05-30,81.26786804199219
2025-06-02,80.51155090332031
2025-06-03,80.36975860595703
2025-06-04,81.67442321777344
2025-06-05,81.73112487792969
2025-06-06,80.69117736816406
2025-06-09,80.77627563476562
2025-06-10,81.1922378540039
2025-06-11,81.43804931640625
2025-06-12,82.41183471679688
2025-06-13,81.61769104003906
2025-06-16,80.79517364501953
2025-06-17,81.77838897705078
2025-06-18,81.92022705078125
2025-06-20,81.76893615722656
2025-06-23,82.03366088867188
2025-06-24,82.6292724609375
2025-06-25,82.73328399658203
2025-06-26,83.14926147460938
2025-06-27,82.61981964111328
2025-06-30,83.43289184570312
2025-07-01,83.63975524902344
2025-07-02,83.10834503173828
2025-07-03,82.52949523925781
2025-07-07,81.74186706542969
2025-07-08,81.63748168945312
2025-07-09,82.49153900146484
2025-07-10,82.5484619140625
2025-07-11,81.40975189208984
2025-07-14,81.23892211914062
2025-07-15,80.66957092285156
2025-07-16,80.78343963623047
2025-07-17,80.76445770263672
2025-07-18,80.88780212402344
2025-07-21,81.60901641845703
2025-07-22,82.10247039794922
2025-07-23,81.64698791503906
2025-07-24,81.50462341308594
2025-07-25,82.0170669555664
2025-07-28,81.48564147949219
2025-07-29,82.86161804199219
2025-07-30,82.43460845947266
2025-07-31,82.48204040527344
2025-08-01,83.65464782714844
2025-08-04,83.88326263427734
2025-08-05,84.14047241210938
2025-08-06,83.65464782714844
2025-08-07,83.51177215576172
2025-08-08,83.14979553222656
2025-08-11,83.24504089355469
2025-08-12,82.82591247558594
2025-08-13,83.51177215576172
2025-08-14,82.8926010131836
2025-08-15,82.30201721191406
2025-08-18,82.0638656616211
2025-08-19,82.54015350341797
2025-08-20,82.72111511230469
2025-08-21,82.31153106689453
2025-08-22,82.92117309570312
2025-08-25,82.68302154541016
2025-08-26,82.63542175292969
2025-08-27,82.54015350341797
2025-08-28,83.08311462402344
2025-08-29,82.49250793457031
2025-09-02,81.87865447998047
2025-09-03,82.77745819091797
2025-09-04,83.40853881835938
2025-09-05,84.68028259277344
2025-09-08,85.80859375
2025-09-09,85.32093048095703
2025-09-10,85.80859375
2025-09-11,86.3823013305664
2025-09-12,86.00938415527344
2025-09-15,86.2101821899414
2025-09-16,86.39186096191406
2025-09-17,86.17193603515625
2025-09-18,85.28268432617188
2025-09-19,85.12013244628906
2025-09-22,84.81414794921875
2025-09-23,85.406982421875
2025-09-24,85.08187866210938
2025-09-25,85.08187866210938
2025-09-26,85.00537872314453
2025-09-29,85.70340728759766
2025-09-30,85.45479583740234
2025-10-01,85.67549133300781
2025-10-02,85.92498016357422
2025-10-03,85.7618408203125
2025-10-06,85.0805892944336
2025-10-07,85.56993103027344
2025-10-08,85.63710021972656
2025-10-09,85.56993103027344
2025-10-10,86.9516372680664
2025-10-13,86.90367126464844
2025-10-14,87.18192291259766
2025-10-15,86.99002075195312
2025-10-16,87.64250183105469
2025-10-17,87.50817108154297
2025-10-20,87.84400177001953
2025-10-21,88.27580261230469
2025-10-22,88.33336639404297
2025-10-23,87.7288589477539
2025-10-24,87.76724243164062
2025-10-27,88.06468963623047
2025-10-28,88.29496002197266
2025-10-29,87.4026107788086
2025-10-30,86.89407348632812
2025-10-31,86.63500213623047
2025-11-03,86.4183349609375
2025-11-04,86.6109390258789
2025-11-05,85.66720581054688
2025-11-06,86.4375991821289
2025-11-07,86.254638671875
2025-11-10,86.23538208007812
2025-11-11,86.63020324707031
2025-11-12,86.78427124023438
2025-11-13,86.07166290283203
2025-11-14,85.5805435180664
2025-11-17,85.79238891601562
2025-11-18,85.76351928710938
2025-11-19,85.59016418457031
2025-11-20,85.92720031738281
2025-11-21,86.18721008300781
2025-11-24,86.67835235595703
2025-11-25,86.89983367919922
2025-11-26,87.28501892089844
2025-11-28,86.87094116210938
2025-12-01,85.78951263427734
2025-12-02,85.82815551757812
2025-12-03,86.06977081298828
2025-12-04,85.60588836669922
2025-12-05,85.20967102050781
2025-12-08,84.92938232421875
2025-12-09,85.01637268066406
2025-12-10,85.34495544433594
2025-12-11,85.2289810180664
2025-12-12,84.40751647949219
2025-12-15,84.46551513671875
2025-12-16,84.92938232421875
2025-12-17,84.85208129882812
2025-12-18,85.25798034667969
2025-12-19,84.93975067138672
2025-12-22,84.75542449951172
2025-12-23,84.89124298095703
2025-12-24,85.40545654296875
2025-12-26,85.12409973144531
2025-12-29,85.44425964355469
2025-12-30,85.24051666259766
2025-12-31,84.56138610839844
2026-01-02,84.43524932861328
2026-01-05,84.85242462158203
2026-01-06,84.67781066894531
2026-01-07,85.172607421875
2026-01-08,84.74571990966797
2026-01-09,85.30842590332031
2026-01-12,85.0561752319336
2026-01-13,85.20171356201172
2026-01-14,85.6965103149414
2026-01-15,85.67709350585938
2026-01-16,85.18230438232422
2026-01-20,84.06658172607422
2026-01-21,84.70690155029297
2026-01-22,85.0755844116211
2026-01-23,85.30842590332031
2026-01-26,85.71590423583984
2026-01-27,85.18230438232422
2026-01-28,84.98826599121094
2026-01-29,85.00767517089844
2026-01-30,84.53227996826172
2026-02-02,84.29075622558594
2026-02-03,84.49526977539062
2026-02-04,84.28101348876953
2026-02-05,85.19648742675781
2026-02-06,85.2549057006836
2026-02-09,85.23543548583984
2026-02-10,86.21907043457031
2026-02-11,85.76133728027344
2026-02-12,86.90078735351562
2026-02-13,87.37801361083984
2026-02-17,87.52409362792969
2026-02-18,87.1929702758789
2026-02-19,87.2806167602539
2026-02-20,87.07610321044922
2026-02-23,87.39747619628906
2026-02-24,87.55330657958984
2026-02-25,87.56305694580078
2026-02-26,87.91365051269531
2026-02-27,88.44929504394531
2026-03-02,87.56107330322266
2026-03-03,87.38519287109375
2026-03-04,87.1115951538086
2026-03-05,86.75981903076172
2026-03-06,86.43737030029297
2026-03-09,87.18975830078125
2026-03-10,86.261474609375
2026-03-11,85.1475601196289
2026-03-12,84.98143768310547
2026-03-13,84.56127166748047
2026-03-16,85.21595764160156
2026-03-17,85.45046997070312
2026-03-18,84.97166442871094
2026-03-19,85.48954772949219
2026-03-20,83.86750030517578
2026-03-23,84.4146957397461
2026-03-24,84.04338836669922
2026-03-25,84.85441589355469
2026-03-26,84.14110565185547
2026-03-27,83.68184661865234
2026-03-30,84.79578399658203
2026-03-31,84.70783996582031
2026-04-01,84.62445831298828
2026-04-02,85.1444091796875
2026-04-06,85.0070571899414
2026-04-07,84.99724578857422
2026-04-08,85.27193450927734
2026-04-09,85.05609893798828
2026-04-10,84.85009002685547
2026-04-13,85.10516357421875
2026-04-14,85.55644226074219
2026-04-15,85.18365478515625
2026-04-16,84.64407348632812
2026-04-17,85.4190902709961
2026-04-20,85.39947509765625
2026-04-21,84.92857360839844
2026-04-22,85.09534454345703
2026-04-23,84.9089584350586
2026-04-24,85.06591796875
2026-04-27,84.64407348632812
2026-04-28,84.73237609863281
2026-04-29,84.0750732421875
2026-04-30,83.99658966064453
2026-05-01,84.29690551757812
2026-05-04,83.65687561035156
2026-05-05,84.11967468261719
2026-05-06,84.75970458984375
2026-05-07,84.33629608154297
2026-05-08,84.75970458984375
2026-05-11,84.24767303466797
2026-05-12,83.68641662597656
2026-05-13,83.49932861328125
2026-05-14,83.61749267578125
2026-05-15,82.37682342529297
2026-05-18,82.2783432006836
2026-05-19,81.74663543701172
2026-05-20,82.62297821044922
2026-05-21,82.92823028564453
2026-05-22,83.38117218017578
2026-05-26,83.79472351074219
2026-05-27,83.99166870117188
2026-05-28,84.42491149902344
2026-05-29,84.44461059570312
2026-06-01,84.4900894165039
2026-06-02,84.66801452636719
2026-06-03,84.33191680908203
2026-06-04,84.51973724365234
2026-06-05,84.08477783203125
2026-06-08,83.64982604980469
2026-06-09,84.14409637451172
2026-06-10,83.90684509277344
2026-06-11,84.9942398071289
2026-06-12,84.78663635253906
2026-06-15,84.73721313476562
2026-06-16,85.20182800292969
2026-06-17,85.34022521972656
2026-06-18,85.75540924072266
2026-06-22,85.10297393798828
2026-06-23,85.21170806884766
2026-06-24,86.37818145751953
2026-06-25,86.34852600097656
2026-06-26,86.35841369628906
2026-06-29,86.44738006591797
2026-06-30,85.42918395996094
2026-07-01,84.85173797607422
2026-07-02,84.8418197631836
2026-07-06,84.78227996826172
2026-07-07,83.88932037353516
2026-07-08,83.7008056640625
2026-07-09,83.82978057861328
2026-07-10,83.80994415283203
2026-07-13,83.31385040283203
2026-07-14,83.4229965209961
2026-07-15,83.58174133300781
2026-07-16,83.55197143554688
2026-07-17,83.85954284667969
2026-07-20,83.2344741821289
2026-07-21,83.00627899169922
2026-07-22,82.7879867553711
2026-07-23,82.52009582519531
2026-07-24,82.59947204589844
2026-07-27,83.09556579589844
2026-07-28,83.58174133300781
2026-07-29,82.20259857177734
2026-07-30,82.15299224853516
2026-07-31,81.60728454589844
2026-08-03,81.87625885009766
2026-08-04,82.50385284423828
2026-08-05,82.68316650390625
2026-08-06,82.20499420166016
2026-08-07,82.44408416748047
2026-08-10,81.74674987792969
2026-08-11,81.87625885009766
2026-08-12,81.79656219482422
2026-08-13,82.27472686767578
2026-08-14,81.7268295288086
2026-08-17,81.03946685791016
2026-08-18,81.3482894897461
2026-08-19,82.70308685302734
2026-08-20,82.02568054199219
2026-08-21,81.7367935180664
2026-08-24,82.24484252929688
2026-08-25,83.15137481689453
2026-08-26,82.98202514648438
2026-08-27,82.81266784667969
2026-08-28,82.5636215209961
2026-08-31,82.20499420166016
2026-09-01,81.87000274658203
2026-09-02,81.94999694824219
2026-09-03,82.06999969482422
2026-09-04,82.20999908447266
2026-09-08,82.19999694824219
2026-09-09,81.7300033569336
2026-09-10,80.77999877929688
2026-09-11,80.87000274658203
