era,theme,name,yahoo,role,fate_research,fate_computed,fate_source,peak_date,maxdd,months_peak_to_trough,recovered,months_to_recover,now_vs_peak,fate_date,months_peak_to_fate,price_check,warning,sources
e1_1985_1994,pc_minicomputer,IBM,IBM,龙头,survived_new_high,survived_new_high,price,1987-08-20,-0.765,71.9,1997-05-21,117.0,5.305,1997-06,,ok,,https://finance.yahoo.com/quote/IBM/history/ https://en.wikipedia.org/wiki/Lou_Gerstner
e1_1985_1994,pc_minicomputer,Digital Equipment Corp (DEC),,龙头,acquired,acquired,research,1987,,,,,,1998-06,131.0,,,https://www.sec.gov/Archives/edgar/data/28887/0000028887-94-000022.txt https://www.sec.gov/Archives/edgar/data/28887/0000950172-98-000075.txt https://cse.sc.edu/~mgv/csce190f15/olsen.pdf
e1_1985_1994,pc_minicomputer,Wang Laboratories,,明星,dead,dead,research,,,,,,,1993-09,,,,https://www.sec.gov/Archives/edgar/data/0000104519/000095013595002027/0000950135-95-002027.txt https://en.wikipedia.org/wiki/Wang_Laboratories
e1_1985_1994,pc_minicomputer,Apple Computer,AAPL,明星,survived_new_high,survived_new_high,price,1991-04-02,-0.822,80.7,1999-09-03,101.1,512.49,1999-10,,ok,,https://finance.yahoo.com/quote/AAPL/history/
e1_1985_1994,pc_minicomputer,Commodore International,,明星,dead,dead,research,1983,,,,,,1994-04,129.0,,,https://commodore.ca/commodore-executive-rift-denied-as-tramiel-quits-new-york-times/ https://commodore.international/?p=183 https://www.commodore.ca/commodore-bankruptcy-associated-press-1994/
e1_1985_1994,pc_minicomputer,Compaq Computer,,明星,acquired,acquired,research,1993-Q4,,,,,,2002-05,106.0,,,https://www.sec.gov/Archives/edgar/data/714154/0000714154-94-000005.txt https://www.sec.gov/Archives/edgar/data/714154/000095012902000383/h93864e10-k.txt
e1_1985_1994,pc_minicomputer,Seagate Technology（旧股，1981 IPO）,,卖铲子,acquired,acquired,research,,,,,,,2000-11,,,,https://www.sec.gov/Archives/edgar/data/354952/0000891618-00-001986.txt https://forums.anandtech.com/threads/seagate-and-veritas-finish-up-merger.408747/post-687020
e1_1985_1994,pc_minicomputer,MiniScribe,,沾边蹭概念,dead,dead,research,,,,,,,1990-01,,,,https://en.wikipedia.org/wiki/MiniScribe https://www.storagenewsletter.com/2019/10/10/history-1989-unbelievable-miniscribe-shipped-bricks-rather-than-hdds/
e1_1985_1994,pc_minicomputer,Lotus Development,,明星,acquired,acquired,research,,,,,,,1995-07,,,,https://www.sec.gov/Archives/edgar/data/711761/0000950112-95-001622.txt https://www.sec.gov/Archives/edgar/data/711761/0000950112-95-001838.txt
e1_1985_1994,pc_minicomputer,Microsoft,MSFT,卖铲子,survived_new_high,survived_new_high,price,1993-06-01,-0.262,2.3,1994-05-13,11.4,174.605,1994-05,,ok,,https://en.wikipedia.org/wiki/History_of_Microsoft https://finance.yahoo.com/quote/MSFT/history/
e1_1985_1994,lbo_junk,RJR Nabisco,,龙头,acquired,acquired,research,1989-02,,,,,,1989-02,0.0,,,https://en.wikipedia.org/wiki/RJR_Nabisco https://en.wikipedia.org/wiki/Drexel_Burnham_Lambert
e1_1985_1994,lbo_junk,Federated Department Stores,,明星,acquired,acquired,research,1988-04,,,,,,1988-04,0.0,,,https://www.tampabay.com/archive/1990/01/16/campeau-files-for-bankruptcy-protection-burdines-maas-will-stay-open/ https://www.tampabay.com/archive/1990/01/14/how-campeau-doomed-his-dream/ https://en.wikipedia.org/wiki/Campeau_Corporation
e1_1985_1994,lbo_junk,UAL Corp (United Airlines),,明星,dead,dead,research,1989-10,,,,,,2006-02,196.0,,,https://www.euromoney.com/article/27bjsstsqxhkmh1wmk6em/capital-markets/ual-inside-the-fiasco-of-the-decade/ https://en.wikipedia.org/wiki/Friday_the_13th_mini-crash https://time.com/archive/6703650/boom-ka-boom/ https://www.sec.gov/Archives/edgar/data/100517/0000100517-97-000005.txt https://www.sec.gov/Archives/edgar/data/100517/000010051702000079/body.htm https://www.sec.gov/Archives/edgar/data/100517/000110465906005256/a06-3892_18k.htm
e1_1985_1994,lbo_junk,Kroger,KR,沾边蹭概念,survived_new_high,survived_new_high,price,1989-06-01,0.0,0.0,1989-06-02,0.0,48.966,,,n/a,,https://supermarketnews.com/foodservice-retail/former-kroger-ceo-lyle-everingham-dies-at-94 https://www.progressivegrocer.com/grocerys-greatest-stories-part-2 https://finance.yahoo.com/quote/KR/history/
e1_1985_1994,lbo_junk,Interco,,沾边蹭概念,dead,dead,research,1988-08,,,,,,1991-01,29.0,,,https://www.upi.com/Archives/1991/01/25/Interco-files-for-Chapter-11-bankruptcy-protection/5833664779600/ https://www.fundinguniverse.com/company-histories/furniture-brands-international-inc-history/
e1_1985_1994,lbo_junk,Integrated Resources,,卖铲子,dead,dead,research,,,,,,,1990-02,,,,https://www.tampabay.com/archive/1990/02/14/drexel-files-for-chapter-11-wall-street-firm-shutting-down/
e1_1985_1994,lbo_junk,First Executive Corp (Executive Life),,卖铲子,dead,dead,research,,,,,,,1991-04,,,,https://en.wikipedia.org/wiki/Executive_Life_Insurance_Company https://www.bloomberg.com/news/articles/1991-04-14/is-first-exec-on-its-last-legs
e1_1985_1994,lbo_junk,American Continental Corp (Lincoln Savings),,沾边蹭概念,dead,dead,research,,,,,,,1989-04,,,,https://en.wikipedia.org/wiki/Lincoln_Savings_and_Loan_Association
e1_1985_1994,biotech1,Amgen,AMGN,龙头,survived_new_high,survived_new_high,price,1992-01-14,-0.355,3.4,1992-11-24,10.3,41.598,1995-06,,ok,,https://en.wikipedia.org/wiki/Amgen https://finance.yahoo.com/quote/AMGN/history/ https://stuff.mit.edu/afs/net.mit.edu/user/tytso/usenet/usa-today/invest/61
e1_1985_1994,biotech1,Genentech,,龙头,acquired,acquired,research,,,,,,,1999-06,,,,https://www.sec.gov/Archives/edgar/data/318771/000095012309002224/y74405exv99waw5wxvii.htm https://www.sec.gov/Archives/edgar/data/318771/000095012309002224/y74405exv99waw1wi.htm https://www.sec.gov/Archives/edgar/data/318771/000119312509055440/dex991.htm
e1_1985_1994,biotech1,Biogen,,明星,survived_new_high,survived_new_high,research,1992-Q4,,,,,,2003-11,,,,https://www.sec.gov/Archives/edgar/data/714655/0000714655-94-000011.txt https://www.sec.gov/Archives/edgar/data/714655/000095013501001092/b38146bgex13.txt https://www.sec.gov/Archives/edgar/data/714655/000095013503005347/b48037bie10vq.htm
e1_1985_1994,biotech1,Chiron,,明星,acquired,acquired,research,1994-Q1,,,,,,2006-04,141.0,,,https://www.sec.gov/Archives/edgar/data/706539/0000912057-95-001479.txt https://www.sec.gov/Archives/edgar/data/706539/0001047469-98-012226.txt https://www.sec.gov/Archives/edgar/data/706539/000110465906023570/a06-8627_18k.htm https://www.sec.gov/Archives/edgar/data/706539/000089882206000395/f15a17.txt
e1_1985_1994,biotech1,Genzyme,,明星,acquired,acquired,research,,,,,,,2011-04,,,,https://stuff.mit.edu/afs/net.mit.edu/user/tytso/usenet/usa-today/invest/61 https://www.sec.gov/Archives/edgar/data/732485/000095012311034216/b85960e8vk.htm
e1_1985_1994,biotech1,Centocor,,明星,acquired,acquired,research,1992-01,,,,,,1999-10,93.0,,,https://www.sec.gov/Archives/edgar/data/708823/0000950130-94-000565.txt https://www.sec.gov/Archives/edgar/data/708823/0001036050-99-001529.txt https://www.sec.gov/Archives/edgar/data/708823/000095015799000539/ https://stuff.mit.edu/afs/net.mit.edu/user/tytso/usenet/usa-today/invest/61
e1_1985_1994,biotech1,Synergen,,明星,acquired,acquired,research,1992-Q1,,,,,,1994-12,29.0,,,https://www.sec.gov/Archives/edgar/data/730358/0000950150-94-000746.txt https://www.sec.gov/Archives/edgar/data/730358/0000950150-94-000764.txt https://www.sec.gov/Archives/edgar/data/730358/000095015095000013/ https://den-experimental.voicemediagroup.com/?p=40613516 https://stuff.mit.edu/afs/net.mit.edu/user/tytso/usenet/usa-today/invest/61
e1_1985_1994,biotech1,Xoma,,明星,acquired,acquired,research,,,,,,,2026-07,,,,https://stuff.mit.edu/afs/net.mit.edu/user/tytso/usenet/usa-today/invest/20 https://www.sec.gov/Archives/edgar/data/791908/000095016210000285/ex99_1.htm https://www.sec.gov/Archives/edgar/data/791908/000117184316012481/f8k_101716.htm https://www.sec.gov/Archives/edgar/data/791908/000119312526302648/d165297d8k.htm
e1_1985_1994,biotech1,Gensia,,沾边蹭概念,acquired,acquired,research,1992-02,,,,,,2004-01,143.0,,,https://www.bioworld.com/articles/488330 https://www.bioworld.com/articles/488993 https://www.bioworld.com/articles/486079 https://www.sec.gov/Archives/edgar/data/807873/0001012870-98-000824.txt https://www.sec.gov/Archives/edgar/data/807873/000091205701505766/a2043001z10-k405.txt https://www.sec.gov/Archives/edgar/data/807873/000089914003000879/t1287749.txt https://www.sec.gov/Archives/edgar/data/807873/000119312504007289/d1512g.htm
e1_1985_1994,biotech1,Immune Response Corp,,明星,dead,dead,research,1991,,,,,,2008-10,207.0,,,https://stuff.mit.edu/afs/net.mit.edu/user/tytso/usenet/usa-today/invest/61 https://www.bioworld.com/articles/486643 https://stuff.mit.edu/afs/net/user/tytso/usenet/americast/ibd/143 https://www.fiercebiotech.com/biotech/orchestra-therapeutics-goes-under https://www.sec.gov/Archives/edgar/data/817785/999999999712011137/filename1.pdf
e1_1985_1994,bluechip_growth_1992,Merck,MRK,龙头,survived_new_high,survived_new_high,price,1992-01-03,-0.496,27.4,1995-09-21,44.6,5.196,1995-10,,ok,,https://finance.yahoo.com/quote/MRK/history/ https://economics.mit.edu/research/publications/gradual-incorporation-information-pharmaceutical-stocks-and-evolution
e1_1985_1994,bluechip_growth_1992,Pfizer,PFE,明星,survived_new_high,survived_new_high,price,1991-12-30,-0.375,27.1,1995-03-17,38.5,4.043,1995-05,,ok,,https://finance.yahoo.com/quote/PFE/history/ https://economics.mit.edu/research/publications/gradual-incorporation-information-pharmaceutical-stocks-and-evolution
e1_1985_1994,bluechip_growth_1992,Bristol-Myers Squibb,BMY,明星,survived_new_high,survived_new_high,price,1992-01-08,-0.43,27.0,1996-02-05,48.9,2.785,1996-09,,ok,,https://finance.yahoo.com/quote/BMY/history/ https://economics.mit.edu/research/publications/gradual-incorporation-information-pharmaceutical-stocks-and-evolution
e1_1985_1994,bluechip_growth_1992,Johnson & Johnson,JNJ,明星,survived_new_high,survived_new_high,price,1992-01-08,-0.388,19.1,1995-03-10,38.0,17.387,1995-03,,ok,,https://finance.yahoo.com/quote/JNJ/history/ https://economics.mit.edu/research/publications/gradual-incorporation-information-pharmaceutical-stocks-and-evolution
e1_1985_1994,bluechip_growth_1992,Philip Morris (Altria),MO,龙头,survived_new_high,survived_new_high,price,1992-09-21,-0.472,12.2,1995-11-03,37.4,2.361,1995-11,,ok,,https://finance.yahoo.com/quote/MO/history/ https://en.wikipedia.org/wiki/Marlboro_Friday
e1_1985_1994,bluechip_growth_1992,Coca-Cola,KO,明星,survived_new_high,survived_new_high,price,1992-05-19,-0.183,4.8,1994-08-16,26.9,7.668,1994-08,,ok,,https://finance.yahoo.com/quote/KO/history/ https://en.wikipedia.org/wiki/Marlboro_Friday
e1_1985_1994,bluechip_growth_1992,Procter & Gamble,PG,明星,survived_new_high,survived_new_high,price,1992-12-24,-0.182,7.6,1993-11-10,10.5,10.495,1993-11,,ok,,https://finance.yahoo.com/quote/PG/history/ https://en.wikipedia.org/wiki/Marlboro_Friday
e1_1985_1994,bluechip_growth_1992,Wal-Mart Stores,WMT,明星,survived_new_high,survived_new_high,price,1993-03-02,-0.434,34.6,1997-07-02,52.0,18.542,1997-07,,ok,,https://finance.yahoo.com/quote/WMT/history/
e2_1995_2002,dotcom_consumer,Netscape Communications,,龙头（开启者）,acquired,acquired,research,1995-12,,,,,,1999-03,39.0,,,https://www.sec.gov/Archives/edgar/data/944458/0000912057-96-025818.txt https://www.sec.gov/Archives/edgar/data/944458/0001047469-99-006509.txt https://www.sec.gov/Archives/edgar/data/0000883780/000088378099000038/0000883780-99-000038.txt https://www.sec.gov/Archives/edgar/data/0000883780/000088378099000039/0000883780-99-000039.txt https://en.wikipedia.org/wiki/Netscape
e2_1995_2002,dotcom_consumer,America Online (AOL),,龙头,acquired,acquired,research,1999-12,,,,,,2018-06,222.0,,,https://www.sec.gov/Archives/edgar/data/883780/0000883780-00-000098.txt https://www.sec.gov/Archives/edgar/data/0001105705/000094018000000500/0000940180-00-000500.txt https://www.sec.gov/Archives/edgar/data/1105705/0000950144-03-004064.txt https://www.sec.gov/Archives/edgar/data/1105705/0000950123-10-014479.txt https://www.sec.gov/Archives/edgar/data/1105705/0000950157-18-000694.txt
e2_1995_2002,dotcom_consumer,Yahoo!,,龙头,acquired,acquired,research,2000-01,,,,,,2017-06,209.0,,,https://www.sec.gov/Archives/edgar/data/1011006/0000912057-97-011353.txt https://www.sec.gov/Archives/edgar/data/1011006/0000912057-01-007693.txt https://www.sec.gov/Archives/edgar/data/1011006/0001047469-05-006235.txt https://www.sec.gov/Archives/edgar/data/1011006/0001193125-18-058471.txt https://www.sec.gov/Archives/edgar/data/1011006/0001193125-26-349115.txt https://en.wikipedia.org/wiki/Yahoo
e2_1995_2002,dotcom_consumer,Amazon.com,AMZN,明星,survived_new_high,survived_new_high,price,1999-12-10,-0.944,21.6,2009-10-23,118.4,47.128,2009-10,,ok（人工核对：研究员 $113 为 2000 年拆股口径；÷2022 年 20:1 拆股 = $5.65，Yahoo 日收盘 $5.33）,,https://www.sec.gov/Archives/edgar/data/1018724/0000891020-00-000622.txt https://www.sec.gov/Archives/edgar/data/1018724/0000891020-98-000448.txt https://finance.yahoo.com/quote/AMZN/history
e2_1995_2002,dotcom_consumer,eBay,EBAY,明星,survived_new_high,survived_new_high,price,2000-03-24,-0.771,8.9,2003-12-19,44.8,8.355,2003-12,,ok（人工核对：研究员 $127.5 只调整了 1999/2000 年拆股；再 ÷(2×2×2.376)=9.5 → $13.4，Yahoo $12.82）,,https://www.sec.gov/Archives/edgar/data/1065088/0001012870-00-001759.txt https://www.sec.gov/Archives/edgar/data/1065088/0001095811-01-001836.txt https://www.sec.gov/Archives/edgar/data/1065088/0001012870-99-000878.txt https://finance.yahoo.com/quote/EBAY/history
e2_1995_2002,dotcom_consumer,priceline.com,BKNG,明星,survived_new_high,survived_new_high,price,1999-04-30,-0.993,41.3,2013-09-10,172.4,4.063,2013-08,,ok,,https://www.sec.gov/Archives/edgar/data/1075531/0001005477-00-002686.txt https://www.sec.gov/Archives/edgar/data/1075531/0001104659-04-007430.txt https://finance.yahoo.com/quote/BKNG/history
e2_1995_2002,dotcom_consumer,Pets.com,,明星（泡沫末期 IPO）,dead,dead,research,2000-02,,,,,,2000-11,9.0,,,https://www.sec.gov/Archives/edgar/data/1100683/0001095811-01-002065.txt https://www.sec.gov/Archives/edgar/data/1100683/0001095811-00-004383.txt https://www.sec.gov/Archives/edgar/data/1100683/0001095811-01-504828.txt https://www.sec.gov/Archives/edgar/data/1100683/0000891618-02-004315.txt https://www.sec.gov/Archives/edgar/data/1100683/0000950134-04-008643.txt https://en.wikipedia.org/wiki/Pets.com
e2_1995_2002,dotcom_consumer,Webvan Group,,明星（泡沫末期 IPO）,dead,dead,research,1999-11,,,,,,2001-07,20.0,,,https://www.sec.gov/Archives/edgar/data/1092657/0000891618-99-004914.txt https://www.sec.gov/Archives/edgar/data/1092657/0001012870-01-001485.txt https://www.sec.gov/Archives/edgar/data/1092657/0001021408-01-504054.txt https://en.wikipedia.org/wiki/Webvan
e2_1995_2002,dotcom_consumer,eToys,,明星,dead,dead,research,1999-10,,,,,,2001-03,17.0,,,https://www.sec.gov/Archives/edgar/data/1052245/0001047469-99-021620.txt https://www.sec.gov/Archives/edgar/data/1052245/0000912057-00-027125.txt https://www.sec.gov/Archives/edgar/data/1052245/0000912057-01-517634.txt https://www.sec.gov/Archives/edgar/data/1052245/0000912057-02-018621.txt
e2_1995_2002,dotcom_consumer,theGlobe.com,TGLO,沾边蹭概念（IPO 首日纪录）,dead,dead,research,1999-04-09,-1.0,149.7,,,0.004,2001-04,29.0,ok,研究员判 dead，但 Yahoo TGLO 至今仍有报价（可能是重组后新公司或代码复用）→ 结局按研究员，价格仅作参考,https://www.sec.gov/Archives/edgar/data/1066684/0000895345-00-000218.txt https://www.sec.gov/Archives/edgar/data/1066684/0001104659-26-038019.txt https://en.wikipedia.org/wiki/TheGlobe.com https://finance.yahoo.com/quote/TGLO/history
e2_1995_2002,bigtech_horsemen,Microsoft,MSFT,龙头,survived_new_high,survived_new_high,price,1999-12-27,-0.746,110.4,2016-10-21,201.8,8.817,2016-10,,ok,,https://www.sec.gov/Archives/edgar/data/789019/0001032210-00-001961.txt https://www.justice.gov/atr/case/us-v-microsoft-corporation-browser-and-middleware https://finance.yahoo.com/quote/MSFT/history
e2_1995_2002,bigtech_horsemen,Intel,INTC,龙头（卖铲子）,survived_new_high,survived_new_high,price,2000-08-31,-0.839,101.8,2026-04-24,307.7,1.552,2026-04,,ok,,https://www.sec.gov/Archives/edgar/data/50863/0000912057-01-503434.txt https://finance.yahoo.com/quote/INTC/history
e2_1995_2002,bigtech_horsemen,Cisco Systems,CSCO,龙头（卖铲子）,survived_new_high,survived_new_high,price,2000-03-27,-0.893,30.4,2025-12-10,308.5,1.409,2026-02,,ok,,https://www.sec.gov/Archives/edgar/data/858877/0001095811-00-003692.txt https://www.sec.gov/Archives/edgar/data/858877/0001095811-01-505065.txt https://en.wikipedia.org/wiki/Cisco https://finance.yahoo.com/quote/CSCO/history
e2_1995_2002,bigtech_horsemen,Dell Computer（旧 Dell，2013 年私有化前）,,龙头,acquired,acquired,research,2000-03,,,,,,2013-10,163.0,,,https://www.sec.gov/Archives/edgar/data/826083/0000950134-01-501052.txt https://www.sec.gov/Archives/edgar/data/826083/0001193125-13-416110.txt
e2_1995_2002,bigtech_horsemen,Sun Microsystems,,卖铲子（“.com 里的点”）,acquired,acquired,research,2000-09,,,,,,2010-01,112.0,,,https://www.sec.gov/Archives/edgar/data/709519/0000912057-01-532905.txt https://www.sec.gov/Archives/edgar/data/709519/0001193125-08-187118.txt https://www.sec.gov/Archives/edgar/data/709519/0001193125-10-017049.txt
e2_1995_2002,bigtech_horsemen,Oracle,ORCL,卖铲子（数据库）,survived_new_high,survived_new_high,price,2000-09-01,-0.842,21.0,2017-06-21,201.6,3.076,2014-12,,ok,,https://finance.yahoo.com/quote/ORCL/history
e2_1995_2002,bigtech_horsemen,EMC,,卖铲子（存储）,acquired,acquired,research,2000-07,,,,,,2016-09,194.0,,,https://www.sec.gov/Archives/edgar/data/790070/0000912057-01-007516.txt https://www.sec.gov/Archives/edgar/data/790070/0001193125-16-703391.txt
e2_1995_2002,bigtech_horsemen,Qualcomm,QCOM,明星（1999 涨幅冠军）,survived_new_high,survived_new_high,price,2000-01-03,-0.868,31.0,2019-11-07,238.1,2.016,2020-07,,ok,,https://en.wikipedia.org/wiki/Qualcomm https://finance.yahoo.com/quote/QCOM/history
e2_1995_2002,telecom_fiber,WorldCom (MCI WorldCom),,龙头,dead,dead,research,1999-04,,,,,,2002-07,39.0,,,https://www.sec.gov/Archives/edgar/data/723527/000091205701505916/a2043540z10-k405.txt https://www.sec.gov/Archives/edgar/data/723527/000091205702025338/0000912057-02-025338.txt https://www.sec.gov/Archives/edgar/data/723527/000090951802000544/mv7-22_8k.txt https://www.sec.gov/Archives/edgar/data/723527/000119312503082881/0001193125-03-082881.txt https://en.wikipedia.org/wiki/WorldCom_scandal
e2_1995_2002,telecom_fiber,Global Crossing,,明星,dead,dead,research,1999-04,,,,,,2002-01,33.1,,,https://www.sec.gov/Archives/edgar/data/1061322/000095013000001357/0000950130-00-001357.txt https://www.sec.gov/Archives/edgar/data/1061322/000095013001001603/0000950130-01-001603.txt https://www.sec.gov/Archives/edgar/data/1061322/000089375002000072/form8k.txt https://www.sec.gov/Archives/edgar/data/1061322/000090951803000964/0000909518-03-000964.txt https://en.wikipedia.org/wiki/Global_Crossing
e2_1995_2002,telecom_fiber,Lucent Technologies,,龙头,acquired,acquired,research,1999-10,,,,,,2006-11,85.0,,,https://www.sec.gov/Archives/edgar/data/1006240/000095012300011855/y43690e10-k405.txt https://www.sec.gov/Archives/edgar/data/1006240/000089882206001443/fm8kdec6.txt https://www.sec.gov/Archives/edgar/data/886125/000130817907000075/alcatelform20f.htm https://en.wikipedia.org/wiki/Lucent_Technologies
e2_1995_2002,telecom_fiber,Nortel Networks,,龙头,dead,dead,research,2000-07,,,,,,2009-01,102.0,,,https://www.sec.gov/Archives/edgar/data/72911/000095014401003499/t26083ke10-k405.txt https://www.sec.gov/Archives/edgar/data/72911/000090956706001744/o33649e8vk.htm https://www.sec.gov/Archives/edgar/data/72911/000119312509006031/d8k.htm https://www.sec.gov/Archives/edgar/data/72911/000119312510055645/d10k.htm https://en.wikipedia.org/wiki/Nortel
e2_1995_2002,telecom_fiber,JDS Uniphase (现 Viavi Solutions + Lumentum),VIAV,卖铲子,survived_below_peak,survived_below_peak,price,2000-03-06,-0.998,104.5,,,0.07,,,ok（人工核对：研究员注明 Yahoo VIAV 拆股+分拆口径为 $698（盘中），Yahoo 日收盘 $666.8）,,https://www.sec.gov/Archives/edgar/data/912093/000091209300500006/body10k.htm https://www.sec.gov/Archives/edgar/data/912093/000119312506210204/d8k.htm https://www.sec.gov/Archives/edgar/data/912093/000110465915056495/a15-16911_18k.htm https://finance.yahoo.com/quote/VIAV/history https://en.wikipedia.org/wiki/JDS_Uniphase
e2_1995_2002,telecom_fiber,Corning,GLW,卖铲子,survived_new_high,survived_new_high,price,2000-09-01,-0.99,25.2,2026-02-06,305.2,1.406,2026-01,,ok,,https://www.sec.gov/Archives/edgar/data/24741/000091205701503245/0000912057-01-503245.txt https://www.sec.gov/Archives/edgar/data/24741/000002474100000057/0000024741-00-000057.txt https://www.sec.gov/Archives/edgar/data/24741/000120677426000273/glw4631061-ex991.htm https://www.sec.gov/Archives/edgar/data/24741/000002474126000253/glw-20260728xex99xq22026.htm https://finance.yahoo.com/quote/GLW/history
e2_1995_2002,telecom_fiber,Qwest Communications,,明星,acquired,acquired,research,2000-07,,,,,,2011-04,129.0,,,https://www.sec.gov/files/litigation/complaints/comp18936.pdf https://www.sec.gov/Archives/edgar/data/1037949/000092735600000463/0000927356-00-000463.txt https://www.sec.gov/Archives/edgar/data/1037949/000103570401000204/0001035704-01-000204.txt https://www.sec.gov/Archives/edgar/data/1037949/000110465911018718/a11-9685_18k.htm https://finance.yahoo.com/quote/LUMN/history
e2_1995_2002,telecom_fiber,360networks,,沾边蹭概念,dead,dead,research,2000-07,,,,,,2001-06,11.0,,,https://www.sec.gov/Archives/edgar/data/1084587/000091205701517196/a2036999z20-f.txt https://www.sec.gov/Archives/edgar/data/1084587/000091205701522229/a2053408z6-k.txt https://www.sec.gov/Archives/edgar/data/1084587/000091205702037607/a2090591z6-k.txt https://www.sec.gov/cgi-bin/browse-edgar?action=getcompany&CIK=0001084587 https://en.wikipedia.org/wiki/360networks
e2_1995_2002,telecom_fiber,Level 3 Communications,,明星,acquired,acquired,research,2000-01,,,,,,2017-11,214.0,,,https://www.sec.gov/Archives/edgar/data/794323/000095013001001198/0000950130-01-001198.txt https://www.sec.gov/Archives/edgar/data/794323/000094018000000164/0000940180-00-000164.txt https://www.sec.gov/Archives/edgar/data/794323/000110465911056985/a11-28236_38k.htm https://www.sec.gov/Archives/edgar/data/794323/000119312517329395/d459582d8k.htm https://finance.yahoo.com/quote/LUMN/history
e2_1995_2002,telecom_fiber,Ciena,CIEN,卖铲子,survived_below_peak,survived_below_peak,price,2000-10-20,-0.995,100.1,,,0.372,,,ok,,https://www.sec.gov/Archives/edgar/data/936395/000095013300004793/w43335e10-k.txt https://www.sec.gov/Archives/edgar/data/936395/000095013306004172/w25346e8vk.htm https://www.sec.gov/Archives/edgar/data/936395/000162828026060245/ex9912026q3earningspressre.htm https://finance.yahoo.com/quote/CIEN/history
e2_1995_2002,b2b_infra,Commerce One,,龙头（B2B 交易所/电子采购软件）,dead,dead,research,2000-01,,,,,,2004-10,57.0,,,https://www.sec.gov/Archives/edgar/data/1069450/0001047469-99-026301.txt https://www.sec.gov/Archives/edgar/data/1069450/000091205701506507/a2041680z10-k.txt https://www.sec.gov/Archives/edgar/data/1131806/000110465903005553/j7047_10k.htm https://www.sec.gov/Archives/edgar/data/1131806/000113180604000075/body8k.htm https://www.sec.gov/Archives/edgar/data/1131806/000113180604000085/body8k.htm https://www.sec.gov/Archives/edgar/data/1131806/000113180605000020/body8k.htm https://en.wikipedia.org/wiki/Commerce_One
e2_1995_2002,b2b_infra,Ariba,,龙头（电子采购软件/B2B 交易平台）,acquired,acquired,research,2000-09,,,,,,2012-10,145.0,,,https://www.sec.gov/Archives/edgar/data/1084755/0001047469-99-025186.txt https://www.sec.gov/Archives/edgar/data/1084755/000091205700055033/a2033975z10-k.txt https://www.sec.gov/Archives/edgar/data/1084755/000101287001503251/d10k.txt https://www.sec.gov/Archives/edgar/data/1084755/000119312503090847/d10k.htm https://www.sec.gov/Archives/edgar/data/1084755/000119312504212316/d10k.htm https://www.sec.gov/Archives/edgar/data/1084755/000119312512243628/d357255d8k.htm https://en.wikipedia.org/wiki/SAP_Ariba
e2_1995_2002,b2b_infra,VerticalNet,,明星（垂直行业 B2B 门户/交易所，B2B 第一股）,acquired,acquired,research,2000-03,,,,,,2008-01,94.0,,,https://www.sec.gov/Archives/edgar/data/1043946/0000950130-99-000729.txt https://www.sec.gov/Archives/edgar/data/1043946/000089322001000421/w46798e10-k.txt https://www.sec.gov/Archives/edgar/data/1043946/000095010903001887/d10k.htm https://www.sec.gov/Archives/edgar/data/1043946/000119312507072212/d10k.htm https://www.sec.gov/Archives/edgar/data/1043946/000089322007003967/w42936fdefm14a.htm https://www.sec.gov/Archives/edgar/data/1043946/000119312507231188/d8k.htm https://www.sec.gov/Archives/edgar/data/1043946/000129993308000264/htm_24993.htm https://en.wikipedia.org/wiki/VerticalNet
e2_1995_2002,b2b_infra,Akamai Technologies,AKAM,卖铲子（CDN 内容分发）,survived_below_peak,survived_below_peak,price,1999-12-31,-0.998,33.2,,,0.33,,,ok,,https://www.sec.gov/Archives/edgar/data/1086222/0000950135-99-004929.txt https://www.sec.gov/Archives/edgar/data/1086222/000095013501000445/b37716ate10-k.htm https://www.sec.gov/Archives/edgar/data/1086222/000108622226000022/akam-20251231.htm https://query1.finance.yahoo.com/v8/finance/chart/AKAM?period1=631152000&period2=1791331200&interval=1mo
e2_1995_2002,b2b_infra,Inktomi,,卖铲子（搜索引擎/网络缓存软件）,acquired,acquired,research,2000-03,,,,,,2003-03,36.0,,,https://www.sec.gov/Archives/edgar/data/1024302/000089161802005647/f86708exv99w1.txt https://www.sec.gov/Archives/edgar/data/1024302/000109238800500447/inktomi_10kv4.htm https://www.sec.gov/Archives/edgar/data/1024302/0000891618-02-005695.txt https://en.wikipedia.org/wiki/Inktomi
e2_1995_2002,b2b_infra,Exodus Communications,,卖铲子（数据中心托管）,dead,dead,research,2000-01,,,,,,2001-09,20.0,,,https://www.sec.gov/Archives/edgar/data/1013740/0001012870-01-001433.txt https://www.sec.gov/Archives/edgar/data/1013740/000089161801501801/f76014e8-k.txt https://www.sec.gov/Archives/edgar/data/1013740/000095017202000292/pal67051.txt https://www.sec.gov/Archives/edgar/data/1013740/000095017202001346/pal78211.txt https://en.wikipedia.org/wiki/Exodus_Communications
e2_1995_2002,b2b_infra,Excite@Home (At Home Corp),,卖铲子+门户（有线宽带接入+Excite 门户）,dead,dead,research,1999-04,,,,,,2001-09,29.0,,,https://www.sec.gov/Archives/edgar/data/1020620/0001012870-00-001788.txt https://www.sec.gov/Archives/edgar/data/1020620/0001012870-01-001498.txt https://www.sec.gov/Archives/edgar/data/1020620/000101287001502290/d8k.txt https://www.sec.gov/Archives/edgar/data/1020620/000101968702002295/athome_8k-111802.txt https://en.wikipedia.org/wiki/@Home_Network
e2_1995_2002,b2b_infra,CMGI (→ ModusLink → Steel Connect),,孵化器（互联网控股/风投，持有 Lycos、Engage、NaviSite 等）,acquired,acquired,research,1999-11,,,,,,2025-01,302.0,,,https://www.sec.gov/Archives/edgar/data/914712/0000927016-00-003670.txt https://www.sec.gov/Archives/edgar/data/914712/000119312508210115/d10k.htm https://www.sec.gov/Archives/edgar/data/914712/000162828023037522/stcn-20230731.htm https://www.sec.gov/Archives/edgar/data/914712/000121390024103743/ea0222827-8k_steelcon.htm https://www.sec.gov/Archives/edgar/data/914712/000121390025000385/ea022628901-8k_steel.htm https://en.wikipedia.org/wiki/CMGI
e2_1995_2002,b2b_infra,Internet Capital Group (→ Actua),,孵化器（专做 B2B 的控股/孵化公司，VerticalNet 大股东）,dead,dead,research,1999-12,,,,,,2018-04,220.0,,,https://archive.nytimes.com/www.nytimes.com/library/financial/investing/050700invest-btob.html https://www.sec.gov/Archives/edgar/data/1085621/000089322001000425/w47166e10-k.txt https://www.sec.gov/Archives/edgar/data/1085621/000089322005000586/w06701e10vk.htm https://www.sec.gov/Archives/edgar/data/1085621/000119312518014144/d523559d8k.htm https://www.sec.gov/Archives/edgar/data/1085621/000119312518018398/d524060d8k.htm https://www.sec.gov/Archives/edgar/data/1085621/000119312522267699/d370667dex101.htm https://en.wikipedia.org/wiki/Actua_Corporation
e2_1995_2002,b2b_infra,PurchasePro.com,,明星（B2B 电子交易平台，NYT 点名的十几只 B2B 股之一）,dead,dead,research,1999-10,,,,,,2002-09,35.0,,,https://www.sec.gov/Archives/edgar/data/1087831/0000929624-99-001703.txt https://www.sec.gov/Archives/edgar/data/1087831/000091205701506050/a2043229z10-k405.txt https://www.sec.gov/Archives/edgar/data/1087831/000109000202000384/pp8k9102.txt https://www.sec.gov/Archives/edgar/data/1087831/000109000203000018/ppro8k11703.htm
e2_1995_2002,genomics_2000,Celera Genomics (PE Corp/Applera–Celera Genomics Group tracking stock; 2008 起为独立的 Celera Corp),,龙头,acquired,acquired,research,2000-03,,,,,,2011-05,134.0,,,https://www.sec.gov/Archives/edgar/data/77551/0001086144-00-000093.txt https://web.archive.org/web/2000/http://money.cnn.com/2000/06/26/companies/biotech/ https://www.sec.gov/Archives/edgar/data/1428156/000119312508148047/d8k.htm https://www.sec.gov/Archives/edgar/data/1428156/000119312511070517/d8k.htm https://www.sec.gov/Archives/edgar/data/1428156/000119312511143178/d8k.htm
e2_1995_2002,genomics_2000,Human Genome Sciences,,明星,acquired,acquired,research,2000-01,,,,,,2012-08,151.0,,,https://www.sec.gov/Archives/edgar/data/901219/000095013301500342/w47106e10-k.txt https://www.sec.gov/Archives/edgar/data/901219/0000950133-00-000977.txt https://www.sec.gov/Archives/edgar/data/901219/000095012311023782/c13929e8vk.htm https://www.sec.gov/Archives/edgar/data/901219/000119312512303624/d381110d8k.htm https://www.sec.gov/Archives/edgar/data/901219/000119312512343761/d392416d8k.htm
e2_1995_2002,genomics_2000,Millennium Pharmaceuticals,,明星,acquired,acquired,research,2000-10,,,,,,2008-05,91.0,,,https://www.sec.gov/Archives/edgar/data/1002637/0000912057-01-007626.txt https://www.sec.gov/Archives/edgar/data/1002637/000104746908004416/a2184684z8-k.htm https://www.sec.gov/Archives/edgar/data/1002637/000110465908033222/a08-14414_48k.htm https://www.sec.gov/Archives/edgar/data/1002637/000104746908002055/a2183043z10-k.htm
e2_1995_2002,genomics_2000,Incyte (Incyte Pharmaceuticals → Incyte Genomics → Incyte Corp),INCY,明星,survived_new_high,survived_new_high,price,2000-02-25,-0.985,108.4,2017-03-10,204.5,0.814,2017-03,,ok,,https://www.sec.gov/Archives/edgar/data/879169/0001012870-01-001449.txt https://www.sec.gov/Archives/edgar/data/879169/0000891618-00-001634.txt https://www.sec.gov/Archives/edgar/data/879169/000119312504042081/d10k.htm https://www.sec.gov/Archives/edgar/data/879169/000110465911064632/a11-30045_18k.htm https://www.sec.gov/Archives/edgar/data/879169/000087916926000010/incy-20251231.htm https://finance.yahoo.com/quote/INCY/history/
e2_1995_2002,genomics_2000,Affymetrix,,卖铲子,acquired,acquired,research,2000-01,,,,,,2016-03,194.0,,,https://www.sec.gov/Archives/edgar/data/913077/000091205701505577/a2043446z10-k405.htm https://www.sec.gov/Archives/edgar/data/913077/0000912057-00-015008.txt https://www.sec.gov/Archives/edgar/data/913077/000119312516429136/d100504d8k.htm https://www.sec.gov/Archives/edgar/data/913077/000119312516526009/d162991d8k.htm
e2_1995_2002,genomics_2000,Gene Logic (2008 更名 Ore Pharmaceuticals，2009 改为 Ore Pharmaceutical Holdings),,明星,dead,dead,research,2000-01,,,,,,2010-03,122.0,,,https://www.sec.gov/Archives/edgar/data/1043914/000095013301500318/w46553e10-k.txt https://www.sec.gov/Archives/edgar/data/1043914/0000950133-00-001336.txt https://www.sec.gov/Archives/edgar/data/1043914/000115752307012382/a5571753.htm https://www.sec.gov/Archives/edgar/data/1043914/000115752310001855/a6229817.htm https://www.sec.gov/Archives/edgar/data/1043914/000115752310001660/a6222883.htm https://www.sec.gov/Archives/edgar/data/1043914/000115752310005617/a6443015.txt
e2_1995_2002,genomics_2000,CuraGen,,明星,acquired,acquired,research,2000-01,,,,,,2009-09,116.0,,,https://www.sec.gov/Archives/edgar/data/1030653/000092701601500076/d10k.htm https://www.sec.gov/Archives/edgar/data/1030653/000095010900000821/0000950109-00-000821-d1.html https://www.sec.gov/Archives/edgar/data/1030653/000110465909057376/a09-29415_18k.htm https://finance.yahoo.com/quote/CLDX/history/
e2_1995_2002,genomics_2000,Myriad Genetics,MYGN,明星,survived_below_peak,survived_below_peak,price,2000-11-06,-0.955,308.8,,,0.071,,,ok,,https://www.sec.gov/Archives/edgar/data/899923/000102140801507485/d10k.txt https://www.sec.gov/Archives/edgar/data/899923/0000927356-00-002089.txt https://www.law.cornell.edu/supremecourt/text/12-398 https://finance.yahoo.com/quote/MYGN/history/
e2_1995_2002,energy_trading_merchant_power,Enron,,龙头,dead,dead,research,2000-08,,,,,,2001-12,16.0,,,https://www.sec.gov/Archives/edgar/data/1024401/000102440101500010/ene10-k.txt https://www.sec.gov/Archives/edgar/data/1024401/000102440100500007/ene10-q.txt https://www.sec.gov/litigation/complaints/comp18582.htm https://www.sec.gov/Archives/edgar/data/1024401/000095012901503835/h91831e8-k.txt https://www.sec.gov/Archives/edgar/data/1024401/000095012901504218/h92492e10-q.txt https://www.sec.gov/Archives/edgar/data/879215/000095012901504043/h92192e8-k.txt https://www.sec.gov/Archives/edgar/data/879215/000091205701541263/a2064751z8-k.txt https://www.sec.gov/Archives/edgar/data/1024401/000095012904009127/h20315e8vk.txt https://en.wikipedia.org/wiki/Enron
e2_1995_2002,energy_trading_merchant_power,Dynegy,,明星,dead,dead,research,2001-04,,,,,,2012-10,138.0,,,https://www.sec.gov/Archives/edgar/data/879215/000091205702009822/a2072473z10-k.txt https://www.sec.gov/Archives/edgar/data/879215/000089924303000863/d10k.htm https://www.sec.gov/Archives/edgar/data/879215/000091205701528619/a2056884z10-q.txt https://www.sec.gov/news/press/2002-140.htm https://www.sec.gov/Archives/edgar/data/1105055/000137989510000012/rss8k.htm https://www.sec.gov/Archives/edgar/data/1379895/000110465912047881/a12-16012_18k.htm https://www.sec.gov/Archives/edgar/data/1379895/000110465912067588/a12-22721_18k.htm https://www.sec.gov/Archives/edgar/data/1379895/000119312518111619/d548684d8k.htm
e2_1995_2002,energy_trading_merchant_power,El Paso Corp.,,明星,acquired,acquired,research,2001-01,,,,,,2012-05,136.0,,,https://www.sec.gov/Archives/edgar/data/1066107/000095012902001319/h93211e10-k.txt https://www.sec.gov/Archives/edgar/data/1066107/000095012903001717/h01594e10vk.txt https://www.sec.gov/Archives/edgar/data/1066107/000095012901500637/h85962e10-q.txt https://www.sec.gov/Archives/edgar/data/1506307/000150630711000114/kmiex991.htm https://www.sec.gov/Archives/edgar/data/1066107/000119312512253764/d360854d8k.htm
e2_1995_2002,energy_trading_merchant_power,Williams Companies,WMB,明星,survived_new_high,survived_new_high,price,1999-06-08,-0.982,37.6,2014-01-28,175.7,1.781,2014-06,,ok,,https://www.sec.gov/Archives/edgar/data/107263/000095013402001868/d93687e10-k.txt https://www.sec.gov/Archives/edgar/data/107263/000095013403004171/d03793e10vk.txt https://finance.yahoo.com/quote/WMB/history
e2_1995_2002,energy_trading_merchant_power,Calpine,,明星,dead,dead,research,2001-01,,,,,,2005-12,59.0,,,https://www.sec.gov/Archives/edgar/data/916457/000089161802001569/f80168e10-k.htm https://www.sec.gov/Archives/edgar/data/916457/000091645701500015/q1-2001q.txt https://www.sec.gov/Archives/edgar/data/916457/000091645705000107/i22305.txt https://www.sec.gov/Archives/edgar/data/916457/000119312508017427/d8k.htm https://www.sec.gov/Archives/edgar/data/916457/000119312509039559/d10k.htm https://www.sec.gov/Archives/edgar/data/916457/000091645718000100/cpn8k-02212018.htm https://www.sec.gov/Archives/edgar/data/1868275/000110465926001780/tm2532248d1_8k.htm
e2_1995_2002,energy_trading_merchant_power,Mirant (ex-Southern Energy),,明星,dead,dead,research,2001-04,,,,,,2003-07,27.0,,,https://www.sec.gov/Archives/edgar/data/1010775/000101077502000016/form_10-k.txt https://www.sec.gov/Archives/edgar/data/1010775/000095014403005775/g82217e10vk.txt https://www.sec.gov/Archives/edgar/data/1010775/000101077501500056/mirant10-q.txt https://www.sec.gov/Archives/edgar/data/1010775/000101077503000057/mir_8-k.txt https://www.sec.gov/Archives/edgar/data/1010775/000110465906000127/a06-1020_18k.htm https://www.sec.gov/Archives/edgar/data/1010775/000110465906016299/a06-1906_110k.htm https://www.sec.gov/Archives/edgar/data/1010775/000110465907015542/a07-5488_110k.htm https://www.sec.gov/Archives/edgar/data/1126294/000095012310111604/c09394e8vk.htm
e2_1995_2002,energy_trading_merchant_power,Reliant Resources (later Reliant Energy / RRI Energy / GenOn),,明星,acquired,acquired,research,2001-05,,,,,,2012-12,139.0,,,https://www.sec.gov/Archives/edgar/data/1126294/000095012902001932/h95930e10-k.txt https://www.sec.gov/Archives/edgar/data/1126294/000089924303000824/d10k.txt https://www.sec.gov/Archives/edgar/data/1126294/000095012901502432/h89271e10-q.txt https://www.sec.gov/Archives/edgar/data/1126294/000095012904002349/h14711e8vk.txt https://www.sec.gov/Archives/edgar/data/1126294/000095012310111604/c09394e8vk.htm https://www.sec.gov/Archives/edgar/data/1126294/000110465912084362/a12-29439_28k.htm https://finance.yahoo.com/quote/NRG/history
e2_1995_2002,energy_trading_merchant_power,AES Corp.,AES,明星,survived_below_peak,survived_below_peak,price,2000-10-02,-0.987,24.4,,,0.211,,,ok,,https://www.sec.gov/Archives/edgar/data/874761/000091205702011424/a2074070z10-k.htm https://www.sec.gov/Archives/edgar/data/874761/000104746903010240/a2105668z10-k.htm https://www.sec.gov/Archives/edgar/data/874761/000091205701008514/a2042927z10-k.htm https://www.sec.gov/Archives/edgar/data/874761/000119312526084157/d100078d8k.htm https://www.sec.gov/Archives/edgar/data/874761/000114036126036994/ef20082051_8k.htm https://finance.yahoo.com/quote/AES/history
e3_2003_2011,commodities_bric,Freeport-McMoRan Copper & Gold,FCX,龙头,survived_below_peak,survived_new_high,price,2008-05-20,-0.941,91.8,2026-01-28,212.3,1.154,,,n/a,,https://en.wikipedia.org/wiki/Freeport-McMoRan https://investors.fcx.com/investors/news-releases/news-release-details/2010/FCX-Declares-100-per-Share-Supplemental-Common-Stock-Dividend-and-Two-for-one-Stock-Split/default.aspx
e3_2003_2011,commodities_bric,Peabody Energy,,龙头,dead,dead,research,2008-06,,,,,,2016-04,94.0,,,https://prnewswire.com/news-releases/amid-prolonged-industry-downturn-peabody-energy-takes-major-step-to-strengthen-liquidity-and-reduce-debt-through-chapter-11-protection-300250678.html https://www.sec.gov/Archives/edgar/data/0001064728/000106472817000026/btu-20161231x10k.htm https://www.desmog.com/2015/07/02/bad-week-coal-even-worse-peabody-energy/
e3_2003_2011,commodities_bric,Arch Coal,,明星,dead,dead,research,2008,,,,,,2016-01,90.0,,,https://www.sec.gov/Archives/edgar/data/1037676/000110465916089091/a16-1432_28k.htm https://www.worldcoal.com/coal/05102016/arch-coal-emerges-from-chapter-11 https://en.wikipedia.org/wiki/Arch_Resources https://www.desmog.com/2015/07/02/bad-week-coal-even-worse-peabody-energy/
e3_2003_2011,commodities_bric,Alpha Natural Resources,,明星,dead,dead,research,2011-06,,,,,,2015-08,50.0,,,https://en.wikipedia.org/wiki/Alpha_Natural_Resources https://virginiabusiness.com/bankruptcy-filing-outlines-coal-industrys-decline/
e3_2003_2011,commodities_bric,Cliffs Natural Resources (今 Cleveland-Cliffs),CLF,明星,survived_below_peak,survived_below_peak,price,2008-06-30,-0.989,90.4,,,0.102,,,n/a,,https://en.wikipedia.org/wiki/Cleveland-Cliffs https://fred.stlouisfed.org/series/PIORECRUSDM
e3_2003_2011,commodities_bric,United States Steel,,明星,acquired,acquired,research,2008-06,,,,,,2025-06,204.0,,,https://investorplace.com/2008/07/find-strength-in-US-steel/ https://www.benzinga.com/general/movers-shakers/14/08/4805051/u-s-steel-shares-are-golden-in-august https://asianews.network/nippon-steel-completes-acquisition-of-u-s-steel/
e3_2003_2011,commodities_bric,Chesapeake Energy,,龙头,dead,dead,research,2008-07,,,,,,2020-06,143.0,,,https://www.sec.gov/Archives/edgar/data/895126/000089512621000078/chk-20201231.htm https://fortune.com/2020/06/29/chesapeake-energy-bankruptcy https://en.wikipedia.org/wiki/Chesapeake_Energy https://247wallst.com/energy-business/2015/11/20/how-far-can-chesapeake-stock-fall/
e3_2003_2011,commodities_bric,Transocean,RIG,卖铲子,survived_below_peak,survived_below_peak,price,2007-11-06,-0.996,155.8,,,0.03,,,n/a,,https://www.sec.gov/Archives/edgar/data/0001083269/000108326909000003/form10-k2008.htm
e3_2003_2011,housing_subprime,Toll Brothers,TOL,龙头,survived_new_high,survived_new_high,price,2005-07-20,-0.764,74.4,2021-03-17,187.9,2.324,,,n/a,,https://www.crossingwallstreet.com/?p=112 https://www.fool.com/mortgages/2007/04/19/homebuilder-snapshot-theyre-down-but-not-out.aspx
e3_2003_2011,housing_subprime,Lennar,LEN,龙头,survived_new_high,survived_new_high,price,2005-07-28,-0.947,39.8,2018-01-03,149.2,1.146,,,n/a,,https://www.crossingwallstreet.com/?p=112 https://en.wikipedia.org/wiki/Lennar
e3_2003_2011,housing_subprime,Beazer Homes USA,BZH,明星,survived_below_peak,survived_below_peak,price,2006-01-10,-0.997,37.9,,,0.081,,,ok,,https://www.macrotrends.net/stocks/charts/BZH/beazer-homes-usa/stock-price-history https://ir.beazer.com/node/9191
e3_2003_2011,housing_subprime,WCI Communities,,明星,dead,dead,research,,,,,,,2008-08,,,,https://www.sec.gov/Archives/edgar/data/0001137778/000119312509105475/d10k.htm https://www.inman.com/news/2008/08/5/wci-files-chapter-11-bankruptcy https://www.builderonline.com/money/wci-emerges-from-bankruptcy_o
e3_2003_2011,housing_subprime,New Century Financial,,明星,dead,dead,research,2004-12,,,,,,2007-04,28.0,,,https://money.cnn.com/2007/04/02/news/companies/new_century_bankruptcy/ https://en.wikipedia.org/wiki/New_Century_Financial
e3_2003_2011,housing_subprime,Countrywide Financial,,龙头,acquired,acquired,research,2007-02,,,,,,2008-07,17.0,,,https://www.sec.gov/Archives/edgar/data/0000070858/000119312508170071/d10q.htm https://www.nbcnews.com/news/amp/wbna20205613
e3_2003_2011,housing_subprime,IndyMac Bancorp,,明星,dead,dead,research,2006,,,,,,2008-07,24.0,,,https://money.cnn.com/2008/07/11/news/companies/indymac_fdic/ https://en.wikipedia.org/wiki/IndyMac
e3_2003_2011,housing_subprime,Washington Mutual,,龙头,dead,dead,research,2006,,,,,,2008-09,26.1,,,https://historylink.org/File/8795 https://www.mprnews.org/story/2008/09/25/wamu
e3_2003_2011,housing_subprime,Fannie Mae,FNMA,龙头,survived_below_peak,survived_below_peak,price,2004-02-19,-0.998,76.6,,,0.053,2008-09,,n/a,,https://www.fhfa.gov/news/news-release/fhfa-directs-delisting-of-fannie-mae-and-freddie-mac-stock-from-new-york-stock-exchange https://www.sec.gov/Archives/edgar/data/0000310522/000095012311017972/w81665e10vk.htm
e3_2003_2011,housing_subprime,Freddie Mac,FMCC,龙头,survived_below_peak,survived_below_peak,price,2004-12-31,-0.997,83.2,,,0.053,2008-09,,n/a,,https://www.fhfa.gov/news/news-release/fhfa-directs-delisting-of-fannie-mae-and-freddie-mac-stock-from-new-york-stock-exchange
e3_2003_2011,wallstreet_leverage,Bear Stearns,,明星,acquired,acquired,research,2007-01,,,,,,2008-05,16.0,,,https://www.benzinga.com/m-a/21/03/11374269/this-day-in-market-history-bear-stearns-merges-with-jpmorgan https://www.npr.org/2008/03/24/88952678/jpmorgan-quintuples-buyout-offer-for-bear-stearns https://www.nbcnews.com/id/wbna24875046
e3_2003_2011,wallstreet_leverage,Lehman Brothers,,明星,dead,dead,research,2007-02,,,,,,2008-09,19.0,,,https://corporatefinanceinstitute.com/resources/career-map/sell-side/capital-markets/lehman-brothers/ https://en.wikipedia.org/wiki/Bankruptcy_of_Lehman_Brothers
e3_2003_2011,wallstreet_leverage,Merrill Lynch,,明星,acquired,acquired,research,2007-01,,,,,,2009-01,24.0,,,https://money.cnn.com/2008/09/15/news/companies/merrill_bofa_deal/ https://investor.bankofamerica.com/regulatory-and-other-filings/select-sec-filings/content/0000950123-09-000010/y73597e8vk.htm
e3_2003_2011,wallstreet_leverage,Goldman Sachs,GS,龙头,survived_new_high,survived_new_high,price,2007-10-31,-0.79,12.7,2017-02-14,111.5,3.604,,,n/a,,https://www.sec.gov/news/press/2008/2008-230.htm
e3_2003_2011,wallstreet_leverage,Morgan Stanley,MS,龙头,survived_new_high,survived_new_high,price,2007-06-14,-0.897,17.2,2021-05-24,167.3,2.13,,,n/a,,https://www.sec.gov/news/press/2008/2008-230.htm
e3_2003_2011,wallstreet_leverage,Citigroup,C,龙头,survived_below_peak,survived_below_peak,price,2006-12-27,-0.982,26.3,,,0.228,,,ok,,https://www.sec.gov/Archives/edgar/data/0000831001/000119312511131957/dex991.htm https://proof.csmonitor.com/Business/Latest-News-Wires/2011/0509/Stock-split-for-Citigroup-Will-it-work
e3_2003_2011,wallstreet_leverage,American International Group,AIG,龙头,survived_below_peak,survived_below_peak,price,2006-12-18,-0.995,26.5,,,0.052,,,n/a,,https://www.federalreserve.gov/newsevents/pressreleases/other20080916a.htm https://www.sec.gov/Archives/edgar/data/0000005272/000104746910001465/a2196553z10-k.htm
e3_2003_2011,wallstreet_leverage,Wachovia,,明星,acquired,acquired,research,,,,,,,2008-12,,,,https://www.sec.gov/Archives/edgar/data/0000072971/000095013409003967/f51597e10vk.htm https://en.wikipedia.org/wiki/Wachovia https://www.sec.gov/Archives/edgar/data/0000042293/000119312506122901/d425.htm
e3_2003_2011,clean_energy_v1,Pacific Ethanol (今 Alto Ingredients),ALTO,明星,survived_below_peak,survived_below_peak,price,2006-05-11,-1.0,166.2,,,0.001,,,ok,,https://www.sec.gov/Archives/edgar/data/0000778164/000101968705003131/pacificethanol_8k-111405.txt https://www.sec.gov/Archives/edgar/data/0000778164/000101968712000858/peix_10k-123111.htm https://www.sec.gov/Archives/edgar/data/0000778164/000101968713002514/paceth_s1-062813.htm https://ir.altoingredients.com/news-events/press-releases/detail/559/pacific-ethanol-completes-name-change-to-alto-ingredients https://valueinvestorsclub.com/idea/Pacific_Ethanol/4283317711
e3_2003_2011,clean_energy_v1,VeraSun Energy,,龙头,dead,dead,research,2006-06,,,,,,2008-10,28.0,,,"https://en.wikipedia.org/wiki/VeraSun_Energy https://www.ifre.com/ifr-reports/37612/re-evaluating-ethanol https://mail.wildershares.com/pdf/CNN%20Money,%20Dec27.06.pdf https://www.farmprogress.com/commentary/hedging-blunders-financial-demise-ethanol-giant"
e3_2003_2011,clean_energy_v1,Aventine Renewable Energy,,明星,dead,dead,research,2006-06,,,,,,2009-04,34.0,,,https://www.renaissancecapital.com/IPO-Center/News/1888/Ethanol-player-Aventine-Renewable-prices-shares-at-$43 https://www.sec.gov/Archives/edgar/data/0001285043/000095010309000805/dp13123_8k.htm https://www.sec.gov/Archives/edgar/data/0001285043/000110465910008875/a10-4413_110k.htm
e3_2003_2011,clean_energy_v1,First Solar,FSLR,龙头,survived_below_peak,survived_new_high,price,2008-05-16,-0.962,48.5,2026-06-03,216.6,0.566,,,ok,,https://www.fortune.com/2013/05/06/first-solar https://m.macrotrends.net/stocks/charts/FSLR/first-solar/stock-price-history https://money.cnn.com/2011/09/27/markets/thebuzz/index.htm
e3_2003_2011,clean_energy_v1,SunPower,,明星,dead,dead,research,2007-12,,,,,,2024-08,200.0,,,https://en.wikipedia.org/wiki/SunPower https://abc7news.com/post/sunpower-files-chapter-11-bankruptcy-lays-off-more-350-california-employees/15151649/
e3_2003_2011,clean_energy_v1,Suntech Power,,龙头,dead,dead,research,2007-12,,,,,,2013-03,63.0,,,https://en.wikipedia.org/wiki/Suntech_Power https://www.investsmart.com.au/investment-news/spectacular-rise-and-fall-of-the-sun-king/34007 https://www.pv-magazine.com/2013/11/19/suntech-to-appeal-nyse-decision_100013491
e3_2003_2011,clean_energy_v1,LDK Solar,,明星,dead,dead,research,2007-09,,,,,,2014-03,78.0,,,https://www.renaissancecapital.com/IPO-Center/News/5919/solar-waferer-ldk-prices-offering-at-the-high-end https://pv-magazine.com/ldk-solar-delisted-from-new-york-stock-exchange https://www.greentechmedia.com/amp/article/in-brief-startup-snags-200m-for-electric-vehicle-battery-leasing-progr-248
e3_2003_2011,clean_energy_v1,Evergreen Solar,,明星,dead,dead,research,2007-12,,,,,,2011-08,44.0,,,https://kleanindustries.com/insights/market-analysis-reports/wildly-contrasting-fortunes-in-the-worlds-solar-energy-business/ https://www.sec.gov/Archives/edgar/data/0000947397/000095012310117809/b84003e8vk.htm https://www.wbur.org/news/2011/08/16/evergreen-bankruptcy
e3_2003_2011,clean_energy_v1,Energy Conversion Devices,,沾边蹭概念,dead,dead,research,2008,,,,,,2012-02,43.0,,,https://en.wikipedia.org/wiki/Energy_Conversion_Devices https://eepower.com/news/energy-conversion-devices-files-chapter-11-seeks-sale-of-businesses/
e3_2003_2011,smartphone_transition,Apple,AAPL,龙头,survived_new_high,survived_new_high,price,2015-02-23,-0.321,14.6,2017-02-13,23.7,10.012,,,n/a,,https://www.apple.com/newsroom/2007/01/09Apple-Reinvents-the-Phone-with-iPhone/
e3_2003_2011,smartphone_transition,Google (Android),GOOGL,龙头,survived_new_high,survived_new_high,price,2016-08-10,-0.025,1.0,2016-09-22,1.4,8.571,,,n/a,,https://en.wikipedia.org/wiki/HTC_Dream https://en.wikipedia.org/wiki/Motorola_Mobility
e3_2003_2011,smartphone_transition,Research In Motion (BlackBerry),BB,龙头,survived_below_peak,survived_below_peak,price,2008-06-19,-0.986,193.6,,,0.062,2016-09,,n/a,,https://en.wikipedia.org/wiki/BlackBerry_Limited https://en.wikipedia.org/wiki/Research_In_Motion
e3_2003_2011,smartphone_transition,Nokia (ADR),NOK,龙头,survived_below_peak,survived_below_peak,price,2007-11-06,-0.959,56.3,,,0.248,2014-04,,n/a,,https://en.wikipedia.org/wiki/Nokia https://news.microsoft.com/2014/04/25/microsoft-officially-welcomes-the-nokia-devices-and-services-business/
e3_2003_2011,smartphone_transition,Palm,,明星,acquired,acquired,research,2009,,,,,,2010-07,12.0,,,"https://en.wikipedia.org/wiki/Palm,_Inc."
e3_2003_2011,smartphone_transition,Motorola Inc. (今 Motorola Solutions),MSI,龙头,survived_new_high,survived_new_high,price,2006-10-13,-0.882,28.7,2018-02-15,136.1,4.299,2011-01,,n/a,,https://www.sec.gov/Archives/edgar/data/68505/000110465911001040/a11-1944_1ex99d1.htm https://en.wikipedia.org/wiki/Motorola_Mobility https://en.wikipedia.org/wiki/Motorola
e3_2003_2011,china_reverse_merger,RINO International,,明星,dead,dead,research,2009,,,,,,2010-12,17.0,,,https://www.sec.gov/Archives/edgar/data/1394220/000114420410062163/v203177_8k.htm https://www.sec.gov/Archives/edgar/data/1394220/000114420410064482/v204439_8k.htm https://www.sec.gov/investor/alerts/reversemergers.pdf
e3_2003_2011,china_reverse_merger,China MediaExpress (中国高速传媒),,明星,dead,dead,research,,,,,,,2011-12,,,,https://www.sec.gov/Archives/edgar/data/1399067/000114420411015546/v215073_8k.htm https://www.sec.gov/Archives/edgar/data/1399067/000114420410017463/v179137_10k.htm https://www.sec.gov/cgi-bin/browse-edgar?action=getcompany&CIK=0001399067
e3_2003_2011,china_reverse_merger,Longtop Financial Technologies (东南融通),,明星,dead,dead,research,,,,,,,2011-08,,,,https://www.sec.gov/Archives/edgar/data/1412494/000095012311052882/d82501exv99w2.htm https://www.sec.gov/Archives/edgar/data/1412494/000095012311052882/d82501exv99w1.htm https://www.sec.gov/Archives/edgar/data/1412494/000141249411000013/releasere12jordertorevokereg.htm
e3_2003_2011,china_reverse_merger,Puda Coal (普大煤业),,沾边蹭概念,dead,dead,research,2010,,,,,,2011-09,14.0,,,https://www.sec.gov/Archives/edgar/data/1162747/000114420411015305/v214907_10k.htm https://www.sec.gov/Archives/edgar/data/1162747/000114420411040405/v228497_8k.htm https://www.sec.gov/cgi-bin/browse-edgar?action=getcompany&CIK=0001162747
e3_2003_2011,china_reverse_merger,Orient Paper (今 IT Tech Packaging),ITP,沾边蹭概念,survived_below_peak,survived_below_peak,price,2010-01-12,-0.999,200.5,,,0.001,,,n/a,,https://www.sec.gov/cgi-bin/browse-edgar?action=getcompany&CIK=0001358190 https://en.wikipedia.org/wiki/The_China_Hustle
e4_2012_2019,social_ipo_2011_2017,LinkedIn,,明星,acquired,acquired,research,2015-02,,,,,,2016-12,22.0,,,https://www.sec.gov/Archives/edgar/data/1271024/000127102416000035/a20151231-10xkdocument.htm https://www.sec.gov/Archives/edgar/data/0001271024/000110465916126712/a16-13234_1ex99d1.htm https://en.wikipedia.org/wiki/LinkedIn
e4_2012_2019,social_ipo_2011_2017,Facebook,META,龙头,survived_new_high,survived_new_high,price,2012-05-18,-0.536,3.6,2013-08-05,14.6,19.406,2013-09,,ok,,https://www.nbcnews.com/news/world/stocks-rise-facebook-shares-fall-below-38-issue-price-flna784193 https://irmagazine.com/reporting/facebook-shares-drop-10-percent https://finance.yahoo.com/quote/META/history/
e4_2012_2019,social_ipo_2011_2017,Groupon,GRPN,明星,survived_below_peak,survived_below_peak,price,2011-11-18,-0.994,137.9,,,0.038,,,ok,,https://www.sec.gov/Archives/edgar/data/1490281/000144530512000922/groupon10-k.htm https://www.sec.gov/Archives/edgar/data/1490281/000149028120000084/grpn-20200609.htm https://finance.yahoo.com/quote/GRPN/history/
e4_2012_2019,social_ipo_2011_2017,Zynga,,明星,acquired,acquired,research,2012-03,,,,,,2022-05,122.0,,,https://www.sec.gov/Archives/edgar/data/1439404/000119312513072858/d489727d10k.htm https://money.cnn.com/2011/12/16/technology/zynga_ipo/ https://www.sec.gov/Archives/edgar/data/946581/000162828023002448/ttwo-20221231.htm
e4_2012_2019,social_ipo_2011_2017,Pandora Media,,明星,acquired,acquired,research,2014-03,,,,,,2019-02,59.1,,,https://www.sec.gov/Archives/edgar/data/0001230276/000123027616000057/p-12312015x10k.htm https://www.cnbc.com/2018/09/24/siriusxm-to-buy-pandora-in-all-stock-deal-valued-at-3point5-billion.html https://www.sec.gov/Archives/edgar/data/0000908937/000090893720000011/siri-20191231x10k.htm
e4_2012_2019,social_ipo_2011_2017,Yelp,YELP,明星,survived_below_peak,survived_below_peak,price,2014-03-04,-0.853,72.5,,,0.189,,,ok,,https://money.cnn.com/2012/03/02/technology/yelp_ipo/ https://finance.yahoo.com/quote/YELP/history/ https://data.sec.gov/api/xbrl/companyfacts/CIK0001345016.json
e4_2012_2019,social_ipo_2011_2017,Twitter,,明星,acquired,acquired,research,2013-12,,,,,,2022-10,106.0,,,https://www.sec.gov/Archives/edgar/data/1418091/000095012314003031/twtr-10k_20131231.htm https://www.sec.gov/Archives/edgar/data/1418091/000119312522272772/d411753d8k.htm https://ampvideo.bnnbloomberg.ca/twitter-climbs-to-new-high-as-advertising-market-recovers-1.1564259
e4_2012_2019,social_ipo_2011_2017,Snap,SNAP,明星（本轮最后一个大社交 IPO）,survived_new_high,survived_new_high,price,2017-03-03,-0.816,21.6,2020-10-05,43.1,0.207,2020-10,,ok,,https://fortune.com/2017/03/02/snap-snapchat-ipo-stock-shares-buy-time https://finance.yahoo.com/quote/SNAP/history/ https://data.sec.gov/api/xbrl/companyfacts/CIK0001564408.json
e4_2012_2019,fang_2013_2022,Meta Platforms (Facebook),META,龙头,survived_new_high,survived_new_high,price,2021-09-07,-0.767,13.9,2024-01-19,28.4,1.941,2024-01,,ok,,https://www.cnbc.com/amp/2018/07/26/facebook-on-pace-for-biggest-one-day-loss-in-value-for-any-company-sin.html https://finance.yahoo.com/quote/META/history/
e4_2012_2019,fang_2013_2022,Apple,AAPL,龙头（2017 年加入，FAANG 的 A）,survived_new_high,survived_new_high,price,2022-01-03,-0.313,12.1,2023-06-12,17.2,1.829,2023-06,,ok,,https://www.bloomberg.com/news/articles/2018-08-02/apple-share-gains-push-company-to-1-trillion-milestone https://finance.yahoo.com/quote/AAPL/history/
e4_2012_2019,fang_2013_2022,Amazon,AMZN,龙头,survived_new_high,survived_new_high,price,2021-07-08,-0.561,17.7,2024-04-11,33.1,1.347,2024-04,,ok,,https://finance.yahoo.com/quote/AMZN/history/ https://data.sec.gov/api/xbrl/companyfacts/CIK0001018724.json
e4_2012_2019,fang_2013_2022,Netflix,NFLX,龙头,survived_new_high,survived_new_high,price,2021-11-17,-0.759,5.7,2024-08-20,33.1,0.976,2024-08,,ok,,https://www.csmonitor.com/Business/2011/0919/Netflix-NFLX-faces-customer-backlash-weak-economy https://www.bnnbloomberg.ca/netflix-shares-plunge-35-after-massive-subscriber-loss-1.1754275 https://www.nasdaq.com/articles/netflixs-10-1-stock-split-takes-effect-hold-now-or-fold-revised https://finance.yahoo.com/quote/NFLX/history/
e4_2012_2019,fang_2013_2022,Alphabet (Google),GOOGL,龙头,survived_new_high,survived_new_high,price,2021-11-18,-0.443,11.5,2024-01-25,26.2,2.312,2024-01,,ok,,https://finance.yahoo.com/quote/GOOGL/history/ https://data.sec.gov/api/xbrl/companyfacts/CIK0001652044.json
e4_2012_2019,fang_2013_2022,Alibaba,BABA,明星（FANG+ 成分）,survived_below_peak,survived_below_peak,price,2020-10-27,-0.801,23.9,,,0.349,,,ok,,https://finance.yahoo.com/quote/BABA/history/ https://www.businessinsider.in/theres-a-brand-new-way-to-bet-on-the-markets-hottest-stocks/articleshow/61565236.cms
e4_2012_2019,fang_2013_2022,Baidu,BIDU,明星（FANG+ 成分）,survived_new_high,survived_new_high,price,2018-05-16,-0.706,22.1,2021-02-09,32.9,0.306,2021-02,,ok,,https://www.fool.com/investing/2019/02/15/is-baidu-a-buy.aspx https://finance.yahoo.com/quote/BIDU/history/
e4_2012_2019,saas_cloud_2012_2021,Salesforce,CRM,龙头,survived_new_high,survived_new_high,price,2021-11-08,-0.586,13.2,2024-03-01,27.7,0.741,2024-03,,ok,,https://finance.yahoo.com/quote/CRM/history/ https://data.sec.gov/api/xbrl/companyfacts/CIK0001108524.json https://ainsliebullion.com.au/News-Resources/Article/The-SaaSpocalypse-AI-Comes-for-Software-Stocks/ID/9101
e4_2012_2019,saas_cloud_2012_2021,Adobe,ADBE,明星（订阅转型标杆 → AI 时代输家）,survived_below_peak,survived_below_peak,price,2021-11-19,-0.719,55.2,,,0.347,,,ok,,https://www.theregister.co.uk/2013/05/06/adobe_kills_creative_suite_for_cloud/ https://www.xtb.com/en/market-analysis/stock-of-the-week-adobe-is-ai-taking-its-future-away https://finance.yahoo.com/quote/ADBE/history/
e4_2012_2019,saas_cloud_2012_2021,ServiceNow,NOW,明星,survived_new_high,survived_new_high,price,2021-11-04,-0.513,11.3,2023-12-11,25.2,0.97,2023-12,,ok,,https://www.bloomberg.com/news/articles/2012-06-29/servicenow-advances-in-debut-after-210-million-ipo https://businesswire.com/news/home/20251205952446/en/ServiceNow-Shareholders-Approve-5-for-1-Stock-Split https://finance.yahoo.com/quote/NOW/history/
e4_2012_2019,saas_cloud_2012_2021,Workday,WDAY,明星,survived_new_high,survived_new_high,price,2021-11-17,-0.559,11.6,2024-02-09,26.7,0.628,2024-02,,ok,,https://www.ere.net/articles/big-day-for-hr-tech-firm-workday-stock-price-jumps-70-after-ipo https://finance.yahoo.com/quote/WDAY/history/
e4_2012_2019,saas_cloud_2012_2021,Box,BOX,明星（2015 云存储 IPO）,survived_new_high,survived_new_high,price,2018-06-20,-0.686,20.9,2022-03-29,45.3,1.218,2022-04,,ok,,https://money.cnn.com/2015/01/23/investing/box-ipo-tech-stocks https://finance.yahoo.com/quote/BOX/history/
e4_2012_2019,saas_cloud_2012_2021,Tableau Software,,明星,acquired,acquired,research,2015-08,,,,,,2019-08,48.0,,,https://www.sec.gov/Archives/edgar/data/1303652/000130365216000039/a10k2015.htm https://investor.salesforce.com/news/news-details/2019/Salesforce-Completes-Exchange-Offer-for-Tableau-Common-Stock/default.aspx https://www.techradar.com/news/salesforce-snaps-up-tableau-in-biggest-acquisition-yet
e4_2012_2019,saas_cloud_2012_2021,Zendesk,,明星,acquired,acquired,research,,,,,,,2022-11,,,,https://www.zendesk.com/newsroom/press-releases/consortium-led-by-hellman-friedman-and-permira-completes-acquisition-of-zendesk https://www.sec.gov/Archives/edgar/data/1463172/000114036122033819/brhc10041988_ex99-1.htm
e4_2012_2019,saas_cloud_2012_2021,Snowflake,SNOW,明星（主题终点）,survived_below_peak,survived_new_high,price,2020-12-08,-0.517,5.1,2021-11-15,11.2,0.869,,,ok,,https://www.benzinga.com/news/20/09/17531876/snowflake-opens-at-245-after-pricing-ipo-at-120 https://finance.yahoo.com/quote/SNOW/history/
e4_2012_2019,3d_printing_2013_2014,3D Systems,DDD,龙头,survived_below_peak,survived_below_peak,price,2014-01-03,-0.986,137.5,,,0.037,,,ok,,https://www.fool.com/investing/2016/12/29/3d-systems-stock-in-8-charts.aspx https://finance.yahoo.com/quote/DDD/history/ https://data.sec.gov/api/xbrl/companyfacts/CIK0000910638.json
e4_2012_2019,3d_printing_2013_2014,Stratasys,SSYS,龙头,survived_below_peak,survived_below_peak,price,2014-01-03,-0.955,128.1,,,0.063,,,ok,,https://www.macrotrends.net/stocks/charts/SSYS/stratasys/stock-price-history https://finance.yahoo.com/quote/SSYS/history/
e4_2012_2019,3d_printing_2013_2014,ExOne,,明星（2013 IPO）,acquired,acquired,research,2013-09,,,,,,2021-11,98.0,,,https://www.sec.gov/Archives/edgar/data/0001561627/000119312514108228/d634414d10k.htm https://www.sec.gov/Archives/edgar/data/1754820/000110465921138222/tm2132753d1_8k.htm
e4_2012_2019,3d_printing_2013_2014,voxeljet,,明星（2013 IPO）,dead,dead,research,,,,,,,2024-03,,,,https://www.renaissancecapital.com/IPO-Center/News/16409/US-IPO-Recap-Voxeljet-and-Veeva-vault-up-the-charts https://www.sec.gov/Archives/edgar/data/1582581/000155837024003236/tmb-20240314x6k.htm https://www.sec.gov/Archives/edgar/data/1582581/000104746915002816/a2223954z20-f.htm
e4_2012_2019,3d_printing_2013_2014,Organovo (现 VivoSim Labs),VIVS,沾边蹭概念（生物 3D 打印）,survived_below_peak,survived_below_peak,price,2013-11-18,-1.0,154.3,,,0.0,,,ok,,https://www.sec.gov/Archives/edgar/data/1497253/000119312514232145/d690346d10k.htm https://www.fool.com/investing/general/2013/12/12/can-anything-explain-organovo-holdings-tremendous.aspx https://www.sec.gov/Archives/edgar/data/1497253/000095017025082312/vivs-20250331.htm https://finance.yahoo.com/quote/VIVS/history/
e4_2012_2019,3d_printing_2013_2014,Proto Labs,PRLB,卖铲子（数字化快速制造，含 3D 打印）,survived_new_high,survived_new_high,price,2013-10-24,-0.498,36.3,2017-10-26,48.1,1.12,2017-11,,ok,,https://finance.yahoo.com/quote/PRLB/history/
e4_2012_2019,3d_printing_2013_2014,Materialise,MTLS,卖铲子（3D 打印软件/服务，2014 IPO）,survived_new_high,survived_new_high,price,2014-07-07,-0.628,19.6,2017-07-25,36.6,0.591,2017-07,,ok,,https://finance.yahoo.com/quote/MTLS/history/
e4_2012_2019,unicorn_ipo_2019,Uber,UBER,龙头,survived_new_high,survived_new_high,price,2019-06-28,-0.68,8.7,2020-11-09,16.4,1.498,2020-11,,ok,,https://www.foxbusiness.com/features/uber-begins-trading-nearly-7-below-its-ipo-price https://www.sec.gov/Archives/edgar/data/1543151/000154315120000010/fy2019q410kfinancialst.htm https://finance.yahoo.com/quote/UBER/history/
e4_2012_2019,unicorn_ipo_2019,Lyft,LYFT,明星,survived_below_peak,survived_below_peak,price,2019-03-29,-0.898,49.8,,,0.201,,,ok,,https://www.axios.com/2019/03/29/lyft-shares-open-at-8724-1553874849 https://www.sec.gov/Archives/edgar/data/1759509/000175950920000009/lyft-20191231.htm https://finance.yahoo.com/quote/LYFT/history/
e4_2012_2019,unicorn_ipo_2019,WeWork (The We Company),,明星（IPO 流产）,dead,dead,research,,,,,,,2023-11,,,,https://en.wikipedia.org/wiki/WeWork https://www.cnbc.com/2019/09/26/weworks-neumann-voted-to-oust-himself-as-ceo-after-failed-ipo.html https://www.sec.gov/Archives/edgar/data/1813756/000119312523271902/d522028d8k.htm
e4_2012_2019,unicorn_ipo_2019,Peloton,PTON,明星,survived_below_peak,survived_below_peak,price,2021-01-13,-0.983,43.0,,,0.03,,,ok,,https://en.wikipedia.org/wiki/Peloton_Interactive https://www.sec.gov/Archives/edgar/data/1639825/000163982520000122/pton-20200630.htm https://finance.yahoo.com/quote/PTON/history/
e4_2012_2019,unicorn_ipo_2019,Slack Technologies,,明星（直接上市）,acquired,acquired,research,,,,,,,2021-07,,,,https://en.wikipedia.org/wiki/Slack_Technologies https://investor.salesforce.com/news/news-details/2020/Salesforce-Signs-Definitive-Agreement-to-Acquire-Slack/default.aspx https://www.sec.gov/Archives/edgar/data/1764925/000119312521220234/d171429d8k.htm
e4_2012_2019,unicorn_ipo_2019,Beyond Meat,BYND,明星（植物肉）,survived_below_peak,survived_below_peak,price,2019-07-26,-0.999,86.3,,,0.001,,,ok,,https://en.wikipedia.org/wiki/Beyond_Meat https://www.sec.gov/Archives/edgar/data/1655210/000162828020003841/bynd201910k.htm https://finance.yahoo.com/quote/BYND/history/
e4_2012_2019,unicorn_ipo_2019,Pinterest,PINS,明星,survived_new_high,survived_new_high,price,2019-08-21,-0.701,6.9,2020-08-31,12.4,0.549,2020-08,,ok,,https://www.sec.gov/Archives/edgar/data/1506293/000150629320000013/pins-20191231.htm https://finance.yahoo.com/quote/PINS/history/
e4_2012_2019,unicorn_ipo_2019,Zoom Video,ZM,明星（疫情股）,survived_below_peak,survived_below_peak,price,2020-10-19,-0.903,45.8,,,0.165,,,ok,,https://www.sec.gov/Archives/edgar/data/1585521/000158552120000095/zm-20200131.htm https://finance.yahoo.com/quote/ZM/history/
e4_2012_2019,crypto_blockchain_v1_2017,Long Blockchain (原 Long Island Iced Tea),,沾边蹭概念,dead,dead,research,2017-12,,,,,,2021-02,38.0,,,https://www.sec.gov/Archives/edgar/data/1629261/000149315218005102/form10-k.htm https://en.wikipedia.org/wiki/Long_Blockchain_Corp.
e4_2012_2019,crypto_blockchain_v1_2017,Riot Blockchain (现 Riot Platforms),RIOT,沾边蹭概念 → 后成真正矿企,survived_new_high,survived_new_high,price,2017-12-19,-0.983,26.9,2021-02-09,37.7,0.501,2021-02,,ok,,https://www.sec.gov/Archives/edgar/data/1167419/000107997317000569/ex99x1.htm https://finance.yahoo.com/quote/RIOT/history/
e4_2012_2019,crypto_blockchain_v1_2017,Marathon Patent Group (现 MARA Holdings),MARA,沾边蹭概念（专利流氓转挖矿）,survived_new_high,survived_new_high,price,2017-02-03,-0.986,37.4,2021-02-08,48.2,0.404,2021-02,,ok,,https://www.sec.gov/Archives/edgar/data/1507605/000149315217012312/ex99-1.htm https://finance.yahoo.com/quote/MARA/history/
e4_2012_2019,crypto_blockchain_v1_2017,Overstock.com (现 Neighborhood Intelligence),NXH,沾边蹭概念（tZERO 证券代币）,survived_new_high,survived_new_high,price,2018-01-08,-0.97,26.2,2020-08-05,30.9,0.024,2020-08,,ok,,"https://www.sec.gov/Archives/edgar/data/1130713/000113071317000045/pressreleasetzeroico.htm https://en.wikipedia.org/wiki/Beyond,_Inc. https://finance.yahoo.com/quote/NXH/history/"
e4_2012_2019,crypto_blockchain_v1_2017,Eastman Kodak,KODK,沾边蹭概念（KodakCoin）,survived_new_high,survived_new_high,price,2017-04-06,-0.866,35.5,2020-07-29,39.8,0.865,2020-07,,ok,,https://en.wikipedia.org/wiki/Kodak https://finance.yahoo.com/quote/KODK/history/
e4_2012_2019,cannabis_2018,Tilray,TLRY,明星,survived_below_peak,survived_below_peak,price,2018-09-19,-0.998,96.4,,,0.002,,,ok,,https://en.wikipedia.org/wiki/Tilray https://www.sec.gov/Archives/edgar/data/1731348/000114036121017878/brhc10024840_8k.htm https://finance.yahoo.com/quote/TLRY/history/
e4_2012_2019,cannabis_2018,Canopy Growth,CGC,龙头,survived_below_peak,survived_below_peak,price,2018-10-15,-0.999,77.8,,,0.002,,,ok,,https://en.wikipedia.org/wiki/Canopy_Growth https://finance.yahoo.com/quote/CGC/history/
e4_2012_2019,cannabis_2018,Aurora Cannabis,ACB,明星,survived_below_peak,survived_below_peak,price,2018-10-15,-0.998,93.0,,,0.003,,,ok,,https://en.wikipedia.org/wiki/Aurora_Cannabis https://finance.yahoo.com/quote/ACB/history/
e4_2012_2019,cannabis_2018,Cronos Group,CRON,明星（Altria 入股）,survived_below_peak,survived_below_peak,price,2019-03-05,-0.932,73.1,,,0.137,,,ok,,https://www.sec.gov/Archives/edgar/data/1656472/000127956918002427/ex991.htm https://finance.yahoo.com/quote/CRON/history/
e4_2012_2019,cannabis_2018,Aphria,,明星,acquired,acquired,research,,,,,,,2021-04,,,,https://www.sec.gov/Archives/edgar/data/1731348/000156459021006942/tlry-10k_20201231.htm https://www.sec.gov/Archives/edgar/data/1731348/000114036121017878/brhc10024840_8k.htm
e4_2012_2019,autonomous_driving_v1_2015_2018,Mobileye (2014–2017 上市期),,龙头（视觉芯片）,acquired,acquired,research,2015,,,,,,2017-08,25.0,,,https://www.sec.gov/Archives/edgar/data/1607310/000157104917001997/t1700397_20f.htm https://www.sec.gov/Archives/edgar/data/50863/000119312517112019/d352811dsctot.htm https://en.wikipedia.org/wiki/Mobileye
e4_2012_2019,autonomous_driving_v1_2015_2018,Mobileye Global (2022 再上市),MBLY,明星（Intel 分拆再上市）,survived_below_peak,survived_below_peak,price,2023-02-15,-0.86,37.4,,,0.161,,,ok,,https://en.wikipedia.org/wiki/Mobileye https://finance.yahoo.com/quote/MBLY/history/
e4_2012_2019,autonomous_driving_v1_2015_2018,NVIDIA,NVDA,卖铲子（Drive 平台）,survived_new_high,survived_new_high,price,2018-10-01,-0.561,2.8,2020-02-14,16.5,33.025,2020-02,,ok,,https://en.wikipedia.org/wiki/Nvidia_Drive https://finance.yahoo.com/quote/NVDA/history/
e4_2012_2019,autonomous_driving_v1_2015_2018,Tesla,TSLA,明星（Autopilot/FSD 承诺）,survived_new_high,survived_new_high,price,2017-09-18,-0.535,20.5,2019-12-18,27.0,14.756,2019-12,,ok,,https://en.wikipedia.org/wiki/Tesla_Autopilot https://finance.yahoo.com/quote/TSLA/history/
e4_2012_2019,autonomous_driving_v1_2015_2018,Aptiv (原 Delphi Automotive),APTV,明星（自动驾驶供应商，收购 nuTonomy）,survived_new_high,survived_new_high,price,2018-06-18,-0.674,21.0,2020-11-05,28.6,0.426,2020-11,,ok,,https://finance.yahoo.com/quote/APTV/history/
e4_2012_2019,autonomous_driving_v1_2015_2018,Cruise (GM 子公司),,明星（Robotaxi）,dead,dead,research,2021-01,,,,,,2024-12,47.0,,,https://en.wikipedia.org/wiki/Cruise_(autonomous_vehicle)
e4_2012_2019,autonomous_driving_v1_2015_2018,Argo AI (Ford/VW 合资),,明星,dead,dead,research,2021-07,,,,,,2022-10,15.0,,,https://en.wikipedia.org/wiki/Argo_AI
e4_2012_2019,autonomous_driving_v1_2015_2018,Uber ATG,,明星,acquired,acquired,research,2019,,,,,,2021-01,18.1,,,https://en.wikipedia.org/wiki/Death_of_Elaine_Herzberg https://www.sec.gov/Archives/edgar/data/1543151/000154315121000014/uber-20201231.htm
e4_2012_2019,autonomous_driving_v1_2015_2018,Waymo (Alphabet 子公司),,龙头（最终赢家）,in_progress,in_progress,research,2026-02,,,,,,,,,,https://en.wikipedia.org/wiki/Waymo
e5a_2020_2022,stay_at_home,Zoom Video Communications,ZM,龙头,survived_below_peak,survived_below_peak,price,2020-10-19,-0.903,45.8,,,0.165,2026-10-06,,ok,,https://finance.yahoo.com/quote/ZM/history/ https://data.sec.gov/api/xbrl/companyfacts/CIK0001585521.json https://www.cnbc.com/2020/09/08/jim-cramer-reviews-biggest-winners-on-the-cramer-covid-19-index.html https://fortune.com/2020/11/09/stock-markets-soar-as-pfizer-reports-vaccine-hope
e5a_2020_2022,stay_at_home,Peloton Interactive,PTON,明星,survived_below_peak,survived_below_peak,price,2021-01-13,-0.983,43.0,,,0.03,2026-10-06,,ok,,https://finance.yahoo.com/quote/PTON/history/ https://data.sec.gov/api/xbrl/companyfacts/CIK0001639825.json https://www.cnbc.com/2020/09/08/jim-cramer-reviews-biggest-winners-on-the-cramer-covid-19-index.html https://fortune.com/2020/11/09/stock-markets-soar-as-pfizer-reports-vaccine-hope
e5a_2020_2022,stay_at_home,DocuSign,DOCU,明星,survived_below_peak,survived_below_peak,price,2021-09-03,-0.876,25.8,,,0.226,2026-10-06,,ok,,https://finance.yahoo.com/quote/DOCU/history/ https://data.sec.gov/api/xbrl/companyfacts/CIK0001261333.json https://www.cnbc.com/2020/09/08/jim-cramer-reviews-biggest-winners-on-the-cramer-covid-19-index.html https://www.fool.com/investing/2020/11/13/why-peloton-zoom-docusign-and-other-stay-at-home-s
e5a_2020_2022,stay_at_home,Teladoc Health,TDOC,明星（远程医疗）,survived_below_peak,survived_below_peak,price,2021-02-08,-0.985,60.1,,,0.02,2026-10-06,,ok,,https://finance.yahoo.com/quote/TDOC/history/ https://data.sec.gov/api/xbrl/companyfacts/CIK0001477449.json https://www.cnbc.com/2020/09/08/jim-cramer-reviews-biggest-winners-on-the-cramer-covid-19-index.html
e5a_2020_2022,stay_at_home,Chegg,CHGG,明星（在线教育）,survived_below_peak,survived_below_peak,price,2021-02-12,-0.996,61.2,,,0.006,2026-10-06,,ok,,https://finance.yahoo.com/quote/CHGG/history/ https://data.sec.gov/api/xbrl/companyfacts/CIK0001364954.json https://www.sec.gov/Archives/edgar/data/1364954/000136495426000082/chgg-20260724.htm
e5a_2020_2022,stay_at_home,Clorox,CLX,沾边（消毒用品必需品）,survived_below_peak,survived_below_peak,price,2020-08-04,-0.662,73.9,,,0.345,2026-10-06,,ok,,https://finance.yahoo.com/quote/CLX/history/ https://data.sec.gov/api/xbrl/companyfacts/CIK0000021076.json
e5a_2020_2022,stay_at_home,Etsy,ETSY,明星（居家网购）,survived_below_peak,survived_below_peak,price,2021-11-24,-0.863,40.4,,,0.239,2026-10-06,,ok,,https://finance.yahoo.com/quote/ETSY/history/ https://data.sec.gov/api/xbrl/companyfacts/CIK0001370637.json https://www.cnbc.com/2020/11/10/peloton-netflix-and-etsy-stock-and-stay-at-home-plays-what-to-watch.html https://www.cnbc.com/2020/06/29/cramer-adds-new-stocks-recommends-buying-12-laggards-in-his-covid-19-index.html
e5a_2020_2022,stay_at_home,Fastly,FSLY,卖铲子（CDN/边缘云）,survived_below_peak,survived_below_peak,price,2020-10-13,-0.961,53.8,,,0.202,2026-10-06,,ok,,https://finance.yahoo.com/quote/FSLY/history/ https://www.cnbc.com/2020/09/08/jim-cramer-reviews-biggest-winners-on-the-cramer-covid-19-index.html https://www.cnbc.com/2020/06/29/cramer-adds-new-stocks-recommends-buying-12-laggards-in-his-covid-19-index.html
e5a_2020_2022,stay_at_home,Netflix,NFLX,龙头（对照：后来的赢家）,survived_new_high,survived_new_high,price,2021-11-17,-0.759,5.7,2024-08-20,33.1,0.976,2024-08-20,,ok,,https://finance.yahoo.com/quote/NFLX/history/ https://www.cnbc.com/2020/02/27/mkm-suggests-stay-at-home-stocks-like-peloton-netflix-vs-coronavirus.html https://www.cnbc.com/2020/11/10/peloton-netflix-and-etsy-stock-and-stay-at-home-plays-what-to-watch.html
e5a_2020_2022,meme_stocks,GameStop,GME,龙头,survived_below_peak,survived_below_peak,price,2021-01-27,-0.885,38.8,,,0.291,2026-10-06,,ok,,https://finance.yahoo.com/quote/GME/history/ https://en.wikipedia.org/wiki/GameStop_short_squeeze https://www.sec.gov/files/staff-report-equity-options-market-struction-conditions-early-2021.pdf https://www.sec.gov/Archives/edgar/data/1326380/000132638022000100/gme-20220706.htm https://data.sec.gov/api/xbrl/companyfacts/CIK0001326380.json
e5a_2020_2022,meme_stocks,AMC Entertainment,AMC,明星（第二波龙头）,survived_below_peak,survived_below_peak,price,2021-06-02,-0.998,57.8,,,0.004,2026-10-06,,ok,,https://finance.yahoo.com/quote/AMC/history/ https://www.sec.gov/Archives/edgar/data/1411579/000110465923094947/tm2324329d3_8k.htm https://www.sec.gov/files/staff-report-equity-options-market-struction-conditions-early-2021.pdf https://data.sec.gov/api/xbrl/companyfacts/CIK0001411579.json
e5a_2020_2022,meme_stocks,BlackBerry,BB,明星,survived_below_peak,survived_below_peak,price,2021-01-27,-0.916,42.3,,,0.362,2026-10-06,,ok,,https://finance.yahoo.com/quote/BB/history/ https://www.sec.gov/files/staff-report-equity-options-market-struction-conditions-early-2021.pdf https://en.wikipedia.org/wiki/GameStop_short_squeeze
e5a_2020_2022,meme_stocks,Bed Bath & Beyond Inc. (1971–2023),,明星,dead,dead,research,2021-01,,,,,,2023-09-29,32.9,,,https://www.sec.gov/Archives/edgar/data/886158/000119312523111754/d465247d8k.htm https://www.sec.gov/Archives/edgar/data/886158/000119312523247428/d579010d8k.htm https://www.sec.gov/files/staff-report-equity-options-market-struction-conditions-early-2021.pdf https://en.wikipedia.org/wiki/Bed_Bath_%26_Beyond_(1987%E2%80%932023)
e5a_2020_2022,meme_stocks,"Express, Inc.",,沾边蹭概念,dead,dead,research,2021-01-27,,,,,,2024-04-22,38.8,,,https://www.sec.gov/files/staff-report-equity-options-market-struction-conditions-early-2021.pdf https://www.sec.gov/Archives/edgar/data/1483510/000119312523226828/d550419d8k.htm https://www.sec.gov/Archives/edgar/data/1483510/000119312524060821/d747930d8k.htm https://www.sec.gov/Archives/edgar/data/1483510/000119312524103828/d827429d8k.htm
e5a_2020_2022,meme_stocks,Koss Corp,KOSS,沾边蹭概念,survived_below_peak,survived_below_peak,price,2021-01-29,-0.964,38.6,,,0.061,2026-10-06,,ok,,https://finance.yahoo.com/quote/KOSS/history/ https://www.sec.gov/files/staff-report-equity-options-market-struction-conditions-early-2021.pdf https://en.wikipedia.org/wiki/GameStop_short_squeeze
e5a_2020_2022,meme_stocks,Naked Brand Group → Cenntro,CENN,沾边蹭概念（仙股）,survived_below_peak,survived_below_peak,price,2021-01-29,-1.0,65.4,,,0.0,2026-10-06,,n/a,,https://finance.yahoo.com/quote/CENN/history/ https://www.sec.gov/files/staff-report-equity-options-market-struction-conditions-early-2021.pdf https://www.sec.gov/Archives/edgar/data/1707919/000114036122000063/brhc10032459_6k.htm
e5a_2020_2022,meme_stocks,Nokia,NOK,沾边（老牌大盘股被卷入）,survived_new_high,survived_new_high,price,2021-01-27,-0.542,34.2,2025-10-28,57.0,1.557,2025-10-28,,ok,,https://finance.yahoo.com/quote/NOK/history/ https://www.sec.gov/files/staff-report-equity-options-market-struction-conditions-early-2021.pdf https://en.wikipedia.org/wiki/GameStop_short_squeeze
e5a_2020_2022,meme_stocks,Robinhood Markets,HOOD,卖铲子（散户交易平台）,survived_new_high,survived_new_high,price,2021-08-04,-0.902,10.4,2025-06-03,46.0,1.621,2025-06-03,,ok,,https://finance.yahoo.com/quote/HOOD/history/ https://www.sec.gov/Archives/edgar/data/1783879/000162828021015076/robinhood424.htm https://en.wikipedia.org/wiki/Robinhood_Markets
e5a_2020_2022,ark_innovation,Tesla,TSLA,龙头,survived_new_high,survived_new_high,price,2021-11-04,-0.736,14.0,2024-12-11,37.2,0.924,2024-12-11,,ok,,https://finance.yahoo.com/quote/TSLA/history/ https://www.sec.gov/Archives/edgar/data/1579982/000110465921043137/tm217753d2_ncsrs.htm
e5a_2020_2022,ark_innovation,Roku,ROKU,明星（流媒体）,survived_below_peak,survived_below_peak,price,2021-07-26,-0.919,17.1,,,0.32,2026-10-06,,ok,,https://finance.yahoo.com/quote/ROKU/history/ https://www.sec.gov/Archives/edgar/data/1579982/000110465921043137/tm217753d2_ncsrs.htm
e5a_2020_2022,ark_innovation,Teladoc Health,TDOC,明星（远程医疗）,survived_below_peak,survived_below_peak,price,2021-02-08,-0.985,60.1,,,0.02,2026-10-06,,ok,,https://finance.yahoo.com/quote/TDOC/history/ https://www.sec.gov/Archives/edgar/data/1579982/000110465921043137/tm217753d2_ncsrs.htm https://data.sec.gov/api/xbrl/companyfacts/CIK0001477449.json
e5a_2020_2022,ark_innovation,Square / Block,XYZ,明星（数字支付）,survived_below_peak,survived_below_peak,price,2021-08-05,-0.861,26.8,,,0.271,2026-10-06,,ok,,https://finance.yahoo.com/quote/XYZ/history/ https://www.sec.gov/Archives/edgar/data/1579982/000110465921043137/tm217753d2_ncsrs.htm https://www.sec.gov/files/company_tickers.json
e5a_2020_2022,ark_innovation,CRISPR Therapeutics,CRSP,明星（基因编辑）,survived_below_peak,survived_below_peak,price,2021-01-14,-0.851,50.8,,,0.273,2026-10-06,,ok,,https://finance.yahoo.com/quote/CRSP/history/ https://www.sec.gov/Archives/edgar/data/1579982/000110465921043137/tm217753d2_ncsrs.htm https://www.fda.gov/news-events/press-announcements/fda-approves-first-gene-therapies-treat-patients-sickle-cell-disease
e5a_2020_2022,ark_innovation,Invitae,,明星（基因检测）,dead,dead,research,2021-01,,,,,,2024-08-07,43.2,,,https://www.sec.gov/Archives/edgar/data/1579982/000110465921043137/tm217753d2_ncsrs.htm https://www.sec.gov/Archives/edgar/data/1501134/000150113424000016/nvta-20240213.htm https://www.sec.gov/Archives/edgar/data/1501134/000119312524129432/d827617d8k.htm https://www.sec.gov/Archives/edgar/data/1501134/000119312524196195/d859163d8k.htm
e5a_2020_2022,ark_innovation,Proto Labs,PRLB,沾边（3D 打印/数字制造）,survived_below_peak,survived_below_peak,price,2021-01-27,-0.912,21.4,,,0.392,2026-10-06,,ok,,https://finance.yahoo.com/quote/PRLB/history/ https://www.sec.gov/Archives/edgar/data/1579982/000110465921043137/tm217753d2_ncsrs.htm
e5a_2020_2022,ark_innovation,Baidu,BIDU,沾边（AI/自动驾驶）,survived_below_peak,survived_below_peak,price,2021-02-19,-0.775,20.3,,,0.256,2026-10-06,,ok,,https://finance.yahoo.com/quote/BIDU/history/ https://www.sec.gov/Archives/edgar/data/1579982/000110465921043137/tm217753d2_ncsrs.htm
e5a_2020_2022,ark_innovation,Zillow Group (Class C),Z,沾边（地产科技）,survived_below_peak,survived_below_peak,price,2021-02-16,-0.865,19.9,,,0.137,2026-10-06,,ok,,https://finance.yahoo.com/quote/Z/history/ https://www.sec.gov/Archives/edgar/data/1579982/000110465921043137/tm217753d2_ncsrs.htm
e5a_2020_2022,ark_innovation,Spotify,SPOT,明星（流媒体）,survived_new_high,survived_new_high,price,2021-02-19,-0.805,20.5,2024-09-20,43.0,1.325,2024-09-20,,ok,,https://finance.yahoo.com/quote/SPOT/history/ https://www.sec.gov/Archives/edgar/data/1579982/000110465921043137/tm217753d2_ncsrs.htm
e5a_2020_2022,metaverse_nft,Facebook → Meta Platforms,META,龙头,survived_new_high,survived_new_high,price,2021-09-07,-0.767,13.9,2024-01-19,28.4,1.941,2024-01-19,,ok,,https://finance.yahoo.com/quote/META/history/ https://www.sec.gov/Archives/edgar/data/1326801/000132680121000071/fb-20211028.htm https://www.sec.gov/Archives/edgar/data/1326801/000132680123000013/meta-20221231.htm https://www.sec.gov/Archives/edgar/data/1326801/000162828026003942/meta-20251231.htm
e5a_2020_2022,metaverse_nft,Roblox,RBLX,明星,survived_new_high,survived_new_high,price,2021-11-19,-0.828,5.7,2025-07-31,44.4,0.331,2025-07-31,,ok,,https://finance.yahoo.com/quote/RBLX/history/ https://en.wikipedia.org/wiki/Roblox_Corporation https://data.sec.gov/api/xbrl/companyfacts/CIK0001315098.json
e5a_2020_2022,metaverse_nft,Unity Software,U,卖铲子（3D 引擎）,survived_below_peak,survived_below_peak,price,2021-11-18,-0.931,32.6,,,0.227,2026-10-06,,ok,,https://finance.yahoo.com/quote/U/history/ https://data.sec.gov/api/xbrl/companyfacts/CIK0001810806.json https://www.sec.gov/Archives/edgar/data/1579982/000110465921043137/tm217753d2_ncsrs.htm
e5a_2020_2022,metaverse_nft,Matterport,,沾边（数字孪生）,acquired,acquired,research,2021,,,,,,2025-02-28,44.0,,,https://en.wikipedia.org/wiki/Matterport https://www.sec.gov/Archives/edgar/data/1819394/000110465924049761/tm2411308d1_8k.htm https://www.sec.gov/Archives/edgar/data/1819394/000110465925018773/tm257720d3_8k.htm https://finance.yahoo.com/quote/CSGP/history/
e5a_2020_2022,metaverse_nft,Meta Materials (ex-Torchlight Energy),MMATQ,沾边蹭概念（名字/meme）,dead,dead,research,2021-06-28,-1.0,41.5,,,0.0,2024-08-09,37.4,ok,研究员判 dead，但 Yahoo MMATQ 至今仍有报价（可能是重组后新公司或代码复用）→ 结局按研究员，价格仅作参考,https://finance.yahoo.com/quote/MMATQ/history/ https://www.sec.gov/Archives/edgar/data/1431959/000095017024094376/mmat-20240807.htm https://www.sec.gov/Archives/edgar/data/1431959/000135445724000709/xslF25X02/primary_doc.xml
e5a_2020_2022,crypto_v2,Coinbase Global,COIN,龙头,survived_new_high,survived_new_high,price,2021-11-09,-0.909,13.6,2025-06-26,43.5,0.527,2025-06-26,,ok,,https://finance.yahoo.com/quote/COIN/history/ https://en.wikipedia.org/wiki/Coinbase https://data.sec.gov/api/xbrl/companyfacts/CIK0001679788.json
e5a_2020_2022,crypto_v2,MicroStrategy → Strategy Inc,MSTR,明星（比特币财库）,survived_new_high,survived_new_high,price,2021-02-09,-0.893,22.6,2024-03-04,36.8,1.292,2024-03-04,,ok,,https://finance.yahoo.com/quote/MSTR/history/ https://www.sec.gov/Archives/edgar/data/1050446/000119312520215604/d921849d8k.htm https://www.sec.gov/files/company_tickers.json
e5a_2020_2022,crypto_v2,Silvergate Capital,SICP,卖铲子（加密银行）,dead,dead,research,2021-11-03,-1.0,52.9,,,0.003,2023-03-08,16.1,ok,研究员判 dead，但 Yahoo SICP 至今仍有报价（可能是重组后新公司或代码复用）→ 结局按研究员，价格仅作参考,https://finance.yahoo.com/quote/SICP/history/ https://www.sec.gov/Archives/edgar/data/1312109/000131210923000058/si-20230308.htm https://www.sec.gov/Archives/edgar/data/1312109/000087666123000397/xslF25X02/primary_doc.xml https://en.wikipedia.org/wiki/Silvergate_Bank https://www.sec.gov/Archives/edgar/data/1579982/000110465921043137/tm217753d2_ncsrs.htm
e5a_2020_2022,crypto_v2,Voyager Digital,VYGVQ,明星（加密经纪/借贷）,dead,dead,research,2021-04-05,-1.0,63.2,,,0.0,2022-07-05,15.0,ok,研究员判 dead，但 Yahoo VYGVQ 至今仍有报价（可能是重组后新公司或代码复用）→ 结局按研究员，价格仅作参考,https://finance.yahoo.com/quote/VYGVQ/history/ https://en.wikipedia.org/wiki/Voyager_Digital https://theblock.co/news/regulation/2022-07-06-crypto-broker-voyager-digital-files-for-chapter-11-bankruptcy-155990 https://www.barchart.com/story/news/9061310/voyager-digital-ltd-provides-update-on-listing-of-its-shares
e5a_2020_2022,crypto_v2,Marathon Digital → MARA Holdings,MARA,卖铲子（比特币矿企）,survived_below_peak,survived_below_peak,price,2021-11-09,-0.959,13.6,,,0.147,2026-10-06,,ok,,https://finance.yahoo.com/quote/MARA/history/
e5a_2020_2022,crypto_v2,Riot Blockchain → Riot Platforms,RIOT,卖铲子（比特币矿企）,survived_below_peak,survived_below_peak,price,2021-02-17,-0.958,22.3,,,0.248,2026-10-06,,ok,,https://finance.yahoo.com/quote/RIOT/history/
e5a_2020_2022,crypto_v2,Galaxy Digital,GLXY,明星（加密商人银行）,survived_new_high,survived_new_high,research,2021-11,,,,,,2025-10,,,,https://finance.yahoo.com/quote/GLXY/history/ https://www.sec.gov/Archives/edgar/data/1859392/000185939225000010/glxy-20250507.htm
e5a_2020_2022,crypto_v2,FTX（非上市）,,非上市（仅背景，不计入上市股票统计）,dead,dead,research,2022,,,,,,2022-11-11,4.4,,,https://en.wikipedia.org/wiki/FTX https://en.wikipedia.org/wiki/Bankruptcy_of_FTX
e5a_2020_2022,crypto_v2,Celsius Network（非上市）,,非上市（仅背景，不计入上市股票统计）,dead,dead,research,2021,,,,,,2022-07-13,12.4,,,https://en.wikipedia.org/wiki/Celsius_Network
e5b_2020_2022,ev_spac,Tesla,TSLA,龙头,survived_new_high,survived_new_high,price,2021-11-04,-0.736,14.0,2024-12-11,37.2,0.924,2024-12-11,,ok,,"https://finance.yahoo.com/quote/TSLA/history/ https://en.wikipedia.org/wiki/Tesla,_Inc."
e5b_2020_2022,ev_spac,NIO,NIO,明星,survived_below_peak,survived_below_peak,price,2021-02-09,-0.95,49.9,,,0.054,,,ok,,https://finance.yahoo.com/quote/NIO/history/
e5b_2020_2022,ev_spac,Lucid Group (Churchill Capital IV),LCID,明星,survived_below_peak,survived_below_peak,price,2021-02-18,-0.993,67.3,,,0.007,,,ok,,https://finance.yahoo.com/quote/LCID/history/ https://www.sec.gov/Archives/edgar/data/1811210/000110465921039318/tm219359-1_s4.htm
e5b_2020_2022,ev_spac,Rivian Automotive,RIVN,明星,survived_below_peak,survived_below_peak,price,2021-11-16,-0.951,28.9,,,0.085,,,ok,,https://www.sec.gov/Archives/edgar/data/1874178/000119312521328239/d157488d424b4.htm https://finance.yahoo.com/quote/RIVN/history/
e5b_2020_2022,ev_spac,QuantumScape,QS,卖铲子,survived_below_peak,survived_below_peak,price,2020-12-22,-0.974,51.5,,,0.035,,,ok,,https://finance.yahoo.com/quote/QS/history/ https://www.sec.gov/Archives/edgar/data/1811414/000119312520249736/d14810ds4.htm
e5b_2020_2022,ev_spac,ChargePoint (Switchback Energy),CHPT,卖铲子,survived_below_peak,survived_below_peak,price,2020-12-24,-0.995,63.1,,,0.01,,,ok,,https://finance.yahoo.com/quote/CHPT/history/ https://www.sec.gov/Archives/edgar/data/1777393/000121390020032076/fs42020_switchbackenergy.htm
e5b_2020_2022,ev_spac,Faraday Future (Property Solutions Acq.),FFAI,沾边蹭概念,survived_below_peak,survived_below_peak,price,2021-02-01,-1.0,68.1,,,0.0,,,ok,,https://finance.yahoo.com/quote/FFAI/history/ https://www.sec.gov/Archives/edgar/data/1805521/000121390021020004/fs42021_propertysolutions.htm
e5b_2020_2022,ev_spac,Nikola,,明星,dead,dead,research,2020-06,,,,,,2025-02-19,56.6,,,https://www.sec.gov/Archives/edgar/data/1731289/000173128925000004/nkla-20250218.htm https://www.sec.gov/Archives/edgar/data/1731289/000173128924000195/nkla-20240620.htm https://www.sec.gov/news/press-release/2021-141 https://www.sec.gov/Archives/edgar/data/1731289/000173128925000026/form25.htm https://en.wikipedia.org/wiki/Nikola_Corporation
e5b_2020_2022,ev_spac,Lordstown Motors (DiamondPeak),SNFI,明星,dead,dead,research,2020-09-21,-0.998,36.9,,,0.004,2023-06-27,33.1,ok,研究员判 dead，但 Yahoo SNFI 至今仍有报价（可能是重组后新公司或代码复用）→ 结局按研究员，价格仅作参考,https://www.sec.gov/Archives/edgar/data/1759546/000110465923074944/tm2319664d1_8k.htm https://www.sec.gov/Archives/edgar/data/1759546/000110465924034627/tm248893d1_8k.htm https://www.sec.gov/Archives/edgar/data/1759546/000149315226034092/form8-k.htm https://finance.yahoo.com/quote/SNFI/history/
e5b_2020_2022,ev_spac,Fisker,,明星,dead,dead,research,2021-02,,,,,,2024-06-17,40.5,,,https://www.sec.gov/Archives/edgar/data/1720990/000119312524167032/d798771d8k.htm https://www.sec.gov/Archives/edgar/data/1720990/000087666124000265/xslF25X02/primary_doc.xml https://en.wikipedia.org/wiki/Fisker_Inc.
e5b_2020_2022,ev_spac,Canoo (Hennessy Capital IV),GOEVQ,明星,dead,dead,research,2021-01-13,,,,,,2025-01-17,48.1,,,https://www.sec.gov/Archives/edgar/data/1750153/000162828025001918/goev-20250117.htm https://www.sec.gov/Archives/edgar/data/1750153/000135445725000483/xslF25X02/primary_doc.xml https://finance.yahoo.com/quote/GOEVQ/history/
e5b_2020_2022,ev_spac,Arrival (CIIG Merger),ARVLF,明星,dead,dead,research,2021-03-25,-1.0,51.1,,,0.0,2024-03-21,35.9,ok,研究员判 dead，但 Yahoo ARVLF 至今仍有报价（可能是重组后新公司或代码复用）→ 结局按研究员，价格仅作参考,https://www.sec.gov/Archives/edgar/data/1835059/000135445724000191/xslF25X02/primary_doc.xml https://en.wikipedia.org/wiki/Arrival_(company) https://finance.yahoo.com/quote/ARVLF/history/
e5b_2020_2022,av_lidar_spac,Luminar Technologies (Gores Metropoulos),,明星,dead,dead,research,2020-12,,,,,,2025-12-15,60.5,,,https://www.sec.gov/Archives/edgar/data/1758057/000114036125045494/ef20061234_8k.htm https://www.sec.gov/Archives/edgar/data/1758057/000114036126013403/ef20069881_8k.htm https://www.sec.gov/Archives/edgar/data/1758057/000162828024048992/lazr-20241120.htm https://www.sec.gov/Archives/edgar/data/1758057/000162828025025599/lazr-20250514.htm https://en.wikipedia.org/wiki/Luminar_Technologies
e5b_2020_2022,av_lidar_spac,Velodyne Lidar (Graf Industrial),,龙头,acquired,acquired,research,2020-09,,,,,,2023-02-10,29.3,,,https://www.sec.gov/Archives/edgar/data/1745317/000119312523033024/d443276d8k.htm https://finance.yahoo.com/quote/OUST/history/
e5b_2020_2022,av_lidar_spac,Ouster (Colonnade Acquisition),OUST,明星,survived_below_peak,survived_below_peak,price,2020-12-24,-0.98,28.0,,,0.272,,,ok,,https://finance.yahoo.com/quote/OUST/history/ https://www.sec.gov/Archives/edgar/data/1816581/000119312520324674/d10549ds4.htm
e5b_2020_2022,av_lidar_spac,Aeva Technologies (InterPrivate),AEVA,明星,survived_below_peak,survived_below_peak,price,2021-02-10,-0.977,40.7,,,0.143,,,ok,,https://finance.yahoo.com/quote/AEVA/history/ https://www.sec.gov/Archives/edgar/data/1789029/000121390020040791/fs42020_interprivateacq.htm
e5b_2020_2022,av_lidar_spac,Innoviz Technologies (Collective Growth),INVZ,明星,survived_below_peak,survived_below_peak,price,2020-12-23,-0.981,68.7,,,0.021,,,ok,,https://finance.yahoo.com/quote/INVZ/history/
e5b_2020_2022,av_lidar_spac,TuSimple,TSPH,明星,dead,dead,research,2021-06-30,-0.998,53.6,,,0.003,2024-01-29,31.0,ok,研究员判 dead，但 Yahoo TSPH 至今仍有报价（可能是重组后新公司或代码复用）→ 结局按研究员，价格仅作参考,https://www.sec.gov/Archives/edgar/data/1823593/000119312521119311/d909743d424b4.htm https://www.sec.gov/Archives/edgar/data/1823593/000119312524017435/d632423d25.htm https://www.sec.gov/Archives/edgar/data/1823593/000119312524027409/d625582d1512g.htm https://finance.yahoo.com/quote/TSPH/history/
e5b_2020_2022,av_lidar_spac,Aurora Innovation (Reinvent Technology Partners Y),AUR,明星,survived_below_peak,survived_below_peak,price,2021-11-19,-0.933,13.2,,,0.336,,,ok,,https://finance.yahoo.com/quote/AUR/history/ https://www.sec.gov/Archives/edgar/data/1828108/000182810825000078/aur-20250501.htm https://www.sec.gov/Archives/edgar/data/1828108/000182810826000075/aurora26q2shareholderlet.htm
e5b_2020_2022,av_lidar_spac,Embark Trucks (Northern Genesis II),,沾边蹭概念,acquired,acquired,research,2021-11,,,,,,2023-08-02,21.0,,,https://www.sec.gov/Archives/edgar/data/1827980/000110465923086614/tm2322401d1_8k.htm https://www.sec.gov/Archives/edgar/data/1827980/000182798022000069/embk-20220815.htm https://www.sec.gov/Archives/edgar/data/1827980/000114036123009933/brhc10049273_8k.htm
e5b_2020_2022,space_spac,Virgin Galactic (Social Capital Hedosophia),SPCE,龙头,survived_below_peak,survived_below_peak,price,2021-02-11,-0.998,61.5,,,0.003,,,ok,,https://finance.yahoo.com/quote/SPCE/history/ https://www.sec.gov/Archives/edgar/data/1706946/000119312524161660/d813761d8k.htm https://en.wikipedia.org/wiki/Virgin_Galactic
e5b_2020_2022,space_spac,Astra Space (Holicity),,明星,acquired,acquired,research,2021,,,,,,2024-07-18,36.6,,,https://www.sec.gov/Archives/edgar/data/1814329/000119312524180782/d833105d8k.htm https://www.sec.gov/Archives/edgar/data/1814329/000119312523233978/d520955d8k.htm https://www.sec.gov/Archives/edgar/data/1814329/000119312521205288/d196589d8k.htm
e5b_2020_2022,space_spac,Momentus (Stable Road Acquisition),MNTS,沾边蹭概念,survived_below_peak,survived_below_peak,price,2021-02-09,-1.0,61.9,,,0.0,,,ok,,https://www.sec.gov/news/press-release/2021-124 https://www.sec.gov/Archives/edgar/data/1781162/000114036125045491/ef20061090_8k.htm https://finance.yahoo.com/quote/MNTS/history/
e5b_2020_2022,space_spac,Rocket Lab (Vector Acquisition),RKLB,明星,survived_new_high,survived_new_high,price,2021-09-09,-0.83,31.2,2024-11-21,38.4,3.524,2024-11-21,,ok,,https://finance.yahoo.com/quote/RKLB/history/ https://www.sec.gov/Archives/edgar/data/1819994/000119312521200567/d169841ds4.htm https://en.wikipedia.org/wiki/Rocket_Lab
e5b_2020_2022,space_spac,Spire Global (NavSight),SPIR,明星,survived_below_peak,survived_below_peak,price,2021-09-22,-0.977,21.1,,,0.074,,,ok,,https://finance.yahoo.com/quote/SPIR/history/ https://www.sec.gov/Archives/edgar/data/1816017/000095017023045434/spir-20230830.htm
e5b_2020_2022,space_spac,AST SpaceMobile (New Providence),ASTS,明星,survived_new_high,survived_new_high,price,2021-02-09,-0.911,37.7,2024-08-15,42.2,2.597,2024-08-15,,ok,,https://finance.yahoo.com/quote/ASTS/history/ https://en.wikipedia.org/wiki/AST_SpaceMobile
e5b_2020_2022,space_spac,Planet Labs (dMY Technology IV),PL,明星,survived_new_high,survived_new_high,price,2021-11-22,-0.857,29.2,2025-09-23,46.0,1.466,2025-09-23,,ok,,https://finance.yahoo.com/quote/PL/history/
e5b_2020_2022,clean_energy_v2,Plug Power,PLUG,明星,survived_below_peak,survived_below_peak,price,2021-01-26,-0.99,51.6,,,0.026,,,ok,,https://finance.yahoo.com/quote/PLUG/history/
e5b_2020_2022,clean_energy_v2,Enphase Energy,ENPH,卖铲子,survived_below_peak,survived_below_peak,price,2022-12-02,-0.922,35.6,,,0.1,,,ok,,https://finance.yahoo.com/quote/ENPH/history/
e5b_2020_2022,clean_energy_v2,SunPower,,明星,dead,dead,research,2021-01,,,,,,2024-08-05,43.1,,,https://www.sec.gov/Archives/edgar/data/867773/000086777324000086/spwr-20240802.htm https://www.sec.gov/Archives/edgar/data/867773/000135445724000708/xslF25X02/primary_doc.xml
e5b_2020_2022,clean_energy_v2,Sunnova Energy International,,明星,dead,dead,research,2021-02,,,,,,2025-06-08,52.2,,,https://www.sec.gov/Archives/edgar/data/1772695/000177269525000105/nova-20250608.htm https://www.sec.gov/Archives/edgar/data/1772695/000087666125000435/xslF25X02/primary_doc.xml https://www.sec.gov/Archives/edgar/data/1772695/000177269525000114/nova-20250616.htm
e5b_2020_2022,clean_energy_v2,FuelCell Energy,FCEL,沾边蹭概念,survived_below_peak,survived_below_peak,price,2021-02-09,-0.996,50.4,,,0.022,,,ok,,https://finance.yahoo.com/quote/FCEL/history/ https://www.sec.gov/Archives/edgar/data/886128/000110465924115093/tm2427658d1_8k.htm
e5b_2020_2022,clean_energy_v2,Bloom Energy,BE,明星,survived_new_high,survived_new_high,price,2021-02-08,-0.799,36.5,2025-08-13,54.1,6.721,2025-08-13,,ok,,https://finance.yahoo.com/quote/BE/history/ https://en.wikipedia.org/wiki/Bloom_Energy
e5b_2020_2022,gene_editing,CRISPR Therapeutics,CRSP,龙头,survived_below_peak,survived_below_peak,price,2021-01-14,-0.851,50.8,,,0.273,,,ok,,https://finance.yahoo.com/quote/CRSP/history/ https://www.fda.gov/news-events/press-announcements/fda-approves-first-gene-therapies-treat-patients-sickle-cell-disease
e5b_2020_2022,gene_editing,Editas Medicine,EDIT,明星,survived_below_peak,survived_below_peak,price,2021-01-08,-0.989,51.0,,,0.031,,,ok,,https://finance.yahoo.com/quote/EDIT/history/
e5b_2020_2022,gene_editing,Intellia Therapeutics,NTLA,明星,survived_below_peak,survived_below_peak,price,2021-09-03,-0.964,43.1,,,0.072,,,ok,,https://finance.yahoo.com/quote/NTLA/history/ https://www.sec.gov/Archives/edgar/data/1652130/000119312525250757/d44351d8k.htm
e5b_2020_2022,gene_editing,Beam Therapeutics,BEAM,明星,survived_below_peak,survived_below_peak,price,2021-07-01,-0.891,45.2,,,0.192,,,ok,,https://finance.yahoo.com/quote/BEAM/history/
e5b_2020_2022,gene_editing,Pacific Biosciences,PACB,卖铲子,survived_below_peak,survived_below_peak,price,2021-02-11,-0.982,51.4,,,0.056,,,ok,,https://finance.yahoo.com/quote/PACB/history/
e5b_2020_2022,gene_editing,Invitae,,明星,dead,dead,research,2021-02,,,,,,2024-02-13,36.4,,,https://www.sec.gov/Archives/edgar/data/1501134/000150113424000016/nvta-20240213.htm https://www.sec.gov/Archives/edgar/data/1501134/000119312524196195/d859163d8k.htm https://en.wikipedia.org/wiki/Invitae
e5b_2020_2022,gene_editing,Ginkgo Bioworks (Soaring Eagle),DNA,明星,survived_below_peak,survived_below_peak,price,2021-11-08,-0.991,34.0,,,0.025,,,ok,,https://finance.yahoo.com/quote/DNA/history/ https://www.sec.gov/Archives/edgar/data/1830214/000162828024037685/dna-20240819.htm https://www.sec.gov/Archives/edgar/data/1830214/000119312521161781/d177007ds4.htm
e6_2023_2026,ai_compute,NVIDIA,NVDA,龙头,in_progress,in_progress,price,2026-10-05,0.0,0.0,,,1.0,,,ok,,https://www.bnnbloomberg.ca/nvidia-surge-results-in-historic-1-trillion-market-valuation-1.1926528 https://www.malaymail.com/news/money/2024/03/02/chipmaker-nvidia-surpasses-us2t-market-cap-for-first-time/121027 https://www.bloomberg.com/news/articles/2024-06-05/nvidia-nvda-tops-3-trillion-in-market-value-as-ai-rally-steams-ahead https://www.aljazeera.com/economy/2025/7/9/nvidia-becomes-first-us-company-to-reach-4-trillion-market-cap https://www.dawn.com/news/1952086/ai-chip-giant-nvidia-becomes-worlds-first-5-trillion-firm https://finance.yahoo.com/markets/stocks/articles/nvidia-worth-6-trillion-now-164400772.html https://www.investing.com/news/stock-market-news/nvidia-breaks-to-alltime-high-of-23787-driven-by-buyback-analyst-upgrade-and-ai-demand-93CH-4930287
e6_2023_2026,ai_compute,Advanced Micro Devices,AMD,明星（GPU 挑战者）,in_progress,in_progress,price,2026-10-02,-0.003,0.1,,,0.997,,,n/a,,https://news.google.com/rss/search?q=AMD+OpenAI+deal+shares+soar+October+6+2025+warrant&hl=en-US&gl=US&ceid=US:en
e6_2023_2026,ai_compute,Broadcom,AVGO,明星（定制 ASIC/网络）,in_progress,in_progress,price,2026-06-02,-0.295,3.4,,,0.753,,,n/a,,https://xtb.com/en/market-analysis/broadcom-surges-past-1-trillion-market-cap-on-ai-fueled-earnings https://www.koreajoongangdaily.com/business/investors-dump-tech-stocks-after-record-593-billion-nvidia-loss/12473281 https://www.kucoin.com/news/flash/broadcom-q3-ai-chip-revenue-guidance-misses-expectations-by-12b-shares-drop-13
e6_2023_2026,ai_compute,Taiwan Semiconductor (ADR),TSM,卖铲子（代工）,in_progress,in_progress,price,2026-10-05,0.0,0.0,,,1.0,,,n/a,,https://news.google.com/rss/search?q=TSMC+%241+trillion+market+value+first+Asian+company+ADR&hl=en-US&gl=US&ceid=US:en
e6_2023_2026,ai_compute,Arm Holdings,ARM,明星 IPO,in_progress,in_progress,price,2026-06-18,-0.488,1.3,,,0.689,,,n/a,,https://newsroom.arm.com/news/arm-announces-pricing-of-initial-public-offering https://www.iposcoop.com/the-ipo-buzz-arm-holdings-arm-prices-ipo-at-51-high-end/ https://www.cnbc.com/2024/02/15/nvidia-holdings-disclosure-pumps-up-shares-of-small-ai-companies.html
e6_2023_2026,ai_compute,Super Micro Computer,SMCI,明星 → 会计风波,in_progress,in_progress,price,2024-03-13,-0.848,8.1,,,0.364,,,n/a,,https://www.cnbc.com/2024/03/04/super-micro-pops-15percent-after-sp-500-selection.html https://www.fool.com/investing/2024/03/18/super-micro-computer-fell-today-after-added-sp500 https://siliconangle.com/2024/10/30/supermicro-shares-plummet-33-auditor-resigns/ https://news.google.com/rss/search?q=Super+Micro+files+delayed+annual+report+avoids+delisting+February+2025&hl=en-US&gl=US&ceid=US:en
e6_2023_2026,ai_compute,Micron Technology,MU,卖铲子（HBM/存储）,in_progress,in_progress,price,2026-06-25,-0.391,1.1,,,0.877,,,n/a,,https://www.cnbc.com/2026/05/05/micron-zooms-past-700-billion-market-cap-rally-in-memory-stocks-.html https://www.cnbc.com/2026/05/26/micron-stock-trillion-market-cap.html https://www.sec.gov/Archives/edgar/data/0000723125/000072312526000018/a2026q4ex991-pressrelease.htm https://www.xtb.com/en/market-analysis/record-after-record-micron-smashes-q4-results-server-overload-crashes-website-stock-surges-post-market
e6_2023_2026,ai_compute,Vertiv,VRT,卖铲子（数据中心电源/散热）,in_progress,in_progress,price,2026-05-14,-0.407,2.5,,,0.674,,,n/a,,https://www.tikr.com/blog/vertiv-stock-is-up-57-ytd-in-2026-can-it-still-deliver-10-annual-returns
e6_2023_2026,mag7,Apple,AAPL,龙头（AI 相对落后者）,in_progress,in_progress,price,2026-09-25,-0.034,0.1,,,0.976,,,n/a,,https://www.bloomberg.com/news/articles/2024-06-05/nvidia-nvda-tops-3-trillion-in-market-value-as-ai-rally-steams-ahead
e6_2023_2026,mag7,Microsoft,MSFT,龙头,in_progress,in_progress,price,2025-10-28,-0.349,7.9,,,0.969,,,n/a,,https://invezz.com/news/2026/02/04/heres-why-software-stocks-like-adobe-salesforce-servicenow-atlassian-are-crashing/ https://www.cnbc.com/2026/07/29/microsoft-msft-q4-earnings-report-2026.html
e6_2023_2026,mag7,Alphabet,GOOGL,龙头,in_progress,in_progress,price,2026-05-13,-0.211,2.3,,,0.861,,,n/a,,https://www.cnn.com/2025/11/29/tech/ai-chips-google-gemini-3-tpu-nvidia
e6_2023_2026,mag7,Amazon,AMZN,龙头,in_progress,in_progress,price,2026-08-03,-0.134,1.4,,,0.885,,,n/a,,https://www.tradingkey.com/analysis/stocks/us-stocks/262067315-big-tech-earnings-scorecard-microsoft-amazon-apple-july-31-2026-tradingkey
e6_2023_2026,mag7,Meta Platforms,META,龙头,in_progress,in_progress,price,2025-08-12,-0.335,7.5,,,0.939,,,n/a,,https://www.cnbc.com/2026/07/01/meta-stock-cloud-ai-compute.html
e6_2023_2026,mag7,NVIDIA,NVDA,龙头,in_progress,in_progress,price,2026-10-05,0.0,0.0,,,1.0,,,ok,,https://www.investing.com/news/stock-market-news/nvidia-breaks-to-alltime-high-of-23787-driven-by-buyback-analyst-upgrade-and-ai-demand-93CH-4930287
e6_2023_2026,mag7,Tesla,TSLA,龙头（叙事型：自动驾驶/机器人）,in_progress,in_progress,price,2025-12-16,-0.391,7.4,,,0.773,,,n/a,,https://fortune.com/2026/09/28/mag-7-under-threat-ai-investment-bond-yields/
e6_2023_2026,ai_apps,Palantir Technologies,PLTR,龙头（最大赢家）,in_progress,in_progress,price,2025-11-03,-0.482,7.7,,,0.914,,,ok,,https://www.itiger.com/hans/news/2552417408 https://news.google.com/rss/search?q=Vistra+best+performing+S%26P+500+stock+2024&hl=en-US&gl=US&ceid=US:en https://news.google.com/rss/search?q=Palantir+stock+2026+drawdown+from+record+high&hl=en-US&gl=US&ceid=US:en https://schwabnetwork.com/articles/software-stocks-show-resilience-after-volatility-in-2026
e6_2023_2026,ai_apps,C3.ai,AI,明星（占了 AI 代码）,in_progress,in_progress,price,2023-06-15,-0.833,33.4,,,0.239,,,n/a,,https://www.cls.cn/detail/1260452 https://www.sec.gov/Archives/edgar/data/0001577526/000157752626000056/ex991-fy26xq4earnings.htm https://quartr.com/events/c3-ai-inc-ai-q1-2027_3sS3fTsU
e6_2023_2026,ai_apps,SoundHound AI,SOUN,明星（NVDA 13F 概念）,in_progress,in_progress,price,2024-12-26,-0.765,19.1,,,0.243,,,n/a,,https://www.cnbc.com/2024/02/15/nvidia-holdings-disclosure-pumps-up-shares-of-small-ai-companies.html https://247wallst.com/investing/2026/09/30/soundhound-ai-jumps-5-on-india-product-launch-bigbear-ai-rises-3-pony-ai-stays-flat/
e6_2023_2026,ai_apps,BigBear.ai,BBAI,沾边蹭概念,in_progress,in_progress,price,2025-02-13,-0.756,2.2,,,0.267,,,n/a,,https://www.cls.cn/detail/1260452 https://247wallst.com/investing/2026/09/30/soundhound-ai-jumps-5-on-india-product-launch-bigbear-ai-rises-3-pony-ai-stays-flat/
e6_2023_2026,ai_apps,Adobe,ADBE,被颠覆者（SaaS 龙头）,in_progress,in_progress,price,2024-02-02,-0.695,28.7,,,0.376,,,n/a,,https://invezz.com/news/2026/02/04/heres-why-software-stocks-like-adobe-salesforce-servicenow-atlassian-are-crashing/ https://schwabnetwork.com/articles/software-stocks-show-resilience-after-volatility-in-2026
e6_2023_2026,ai_apps,Salesforce,CRM,被颠覆者（SaaS 龙头）,in_progress,in_progress,price,2024-12-04,-0.592,18.6,,,0.625,,,n/a,,https://247wallst.com/investing/2026/08/27/salesforce-soars-14-as-claudeforce-and-a-guidance-raise-end-the-slump-servicenow-climbs-5-adobe-advances-3/ https://schwabnetwork.com/articles/software-stocks-show-resilience-after-volatility-in-2026
e6_2023_2026,ai_apps,ServiceNow,NOW,被颠覆者（SaaS 龙头）,in_progress,in_progress,price,2025-01-28,-0.645,14.4,,,0.581,,,ok,,https://invezz.com/news/2026/02/04/heres-why-software-stocks-like-adobe-salesforce-servicenow-atlassian-are-crashing/
e6_2023_2026,ai_apps,Monday.com,MNDY,被颠覆者（中型 SaaS）,in_progress,in_progress,price,2025-02-11,-0.821,13.9,,,0.252,,,n/a,,https://www.fool.com/investing/2026/07/12/why-mondaycom-stock-collapsed-51-in-the-first-half/
e6_2023_2026,ai_power,Vistra,VST,明星（独立发电商）,in_progress,in_progress,price,2025-09-22,-0.382,7.9,,,0.665,,,n/a,,https://news.google.com/rss/search?q=Vistra+best+performing+S%26P+500+stock+2024&hl=en-US&gl=US&ceid=US:en https://www.fool.com/coverage/better-buy/2026/07/10/ge-vernova-vs-vistra-one-ai-power-stock-has-absolutely-crushed-the-other-and-could-continue-doing-so/
e6_2023_2026,ai_power,Constellation Energy,CEG,龙头（核电运营商）,in_progress,in_progress,price,2025-10-15,-0.415,8.5,,,0.663,,,n/a,,https://www.interactivebrokers.com/campus/traders-insight/securities/stocks/constellation-energy-inks-nuclear-power-deal-with-microsoft-stock-gains/ https://www.sec.gov/Archives/edgar/data/0001868275/000186827526000067/ceg-20260331.htm https://www.tikr.com/blog/constellation-energy-has-fallen-34-from-its-peak-could-2026-be-the-turning-point
e6_2023_2026,ai_power,GE Vernova,GEV,卖铲子（燃机/电网设备）,in_progress,in_progress,price,2026-06-30,-0.255,2.5,,,0.843,,,ok,,https://news.google.com/rss/search?q=GE+Vernova+begins+trading+NYSE+spin-off+April+2+2024&hl=en-US&gl=US&ceid=US:en https://www.fool.com/coverage/better-buy/2026/07/10/ge-vernova-vs-vistra-one-ai-power-stock-has-absolutely-crushed-the-other-and-could-continue-doing-so/
e6_2023_2026,ai_power,Oklo,OKLO,明星（零收入 SMR）,in_progress,in_progress,price,2025-10-14,-0.795,11.1,,,0.207,,,ok,,https://www.trefis.com/articles/599242/oklo-the-25-stock-that-hit-193-and-then-lost-most-of-it/2026-05-13 https://finance.yahoo.com/energy/articles/2-nuclear-stocks-crashed-50-135800113.html https://247wallst.com/investing/2026/09/30/nuscale-power-rises-4-despite-dilution-concerns-uranium-energy-advances-4-oklo-gains-2/
e6_2023_2026,ai_power,NuScale Power,SMR,明星（唯一获 NRC 设计认证的 SMR）,in_progress,in_progress,price,2025-10-15,-0.858,9.4,,,0.144,,,ok,,https://www.aol.com/finance/nuscale-power-stock-tumbles-time-180310917.html https://finance.yahoo.com/energy/articles/2-nuclear-stocks-crashed-50-135800113.html https://247wallst.com/investing/2026/09/30/nuscale-power-rises-4-despite-dilution-concerns-uranium-energy-advances-4-oklo-gains-2/
e6_2023_2026,ai_power,NANO Nuclear Energy,NNE,沾边蹭概念（零收入微堆 IPO）,in_progress,in_progress,price,2025-10-07,-0.737,9.7,,,0.274,,,n/a,,https://www.sec.gov/Archives/edgar/data/1923891/000149315224018288/form424b4.htm https://www.renaissancecapital.com/IPO-Center/News/104567/pre-revenue-nuclear-energy-company-nano-nuclear-energy-prices-downsized
e6_2023_2026,ai_power,Bloom Energy,BE,卖铲子（现场燃料电池）,in_progress,in_progress,price,2026-06-22,-0.527,1.2,,,0.829,,,n/a,,https://www.xtb.com/en/market-analysis/bloom-energy-reaches-record-value-thanks-to-partnership-with-oracle https://www.renewable-energy-industry.com/news/world/article-7383-bloom-energy-q1-2026-results-revenue-up-130-full-year-forecast-raised-stock-hits-new-all-time-high https://www.nasdaq.com/articles/why-bloom-energy-stock-soared-248-first-half-2026
e6_2023_2026,neocloud,CoreWeave,CRWV,龙头,in_progress,in_progress,price,2025-06-20,-0.669,13.3,,,0.476,,,ok,,https://wf.coreweave.com/blog/coreweave-announces-pricing-of-initial-public-offering https://www.fool.com/investing/2026/09/21/down-53-should-you-buy-crwv/ https://247wallst.com/investing/2026/09/25/neocloud-stocks-fall-as-selling-extends-after-a-week-of-research-notes-iren-drops-4-coreweave-slides-3-nebius-eases/
e6_2023_2026,neocloud,Nebius Group,NBIS,明星（前 Yandex 海外资产）,in_progress,in_progress,price,2026-06-18,-0.483,1.3,,,0.811,,,n/a,,https://www.intellinews.com/nebius-shares-surge-50-after-17-4bn-ai-cloud-deal-with-microsoft-400244/ https://247wallst.com/investing/2026/09/25/neocloud-stocks-fall-as-selling-extends-after-a-week-of-research-notes-iren-drops-4-coreweave-slides-3-nebius-eases/
e6_2023_2026,neocloud,IREN (Iris Energy),IREN,矿工转型,in_progress,in_progress,price,2025-11-05,-0.616,8.7,,,0.53,,,n/a,,https://www.sec.gov/Archives/edgar/data/1878848/000114036125040072/ef20058139_ex99-1.htm https://247wallst.com/investing/2026/09/25/neocloud-stocks-fall-as-selling-extends-after-a-week-of-research-notes-iren-drops-4-coreweave-slides-3-nebius-eases/
e6_2023_2026,neocloud,Applied Digital,APLD,矿工/托管转型,in_progress,in_progress,price,2026-05-28,-0.532,2.0,,,0.497,,,n/a,,https://finance.yahoo.com/news/applied-digital-coreweave-ink-15-134329313.html
e6_2023_2026,neocloud,Cipher Mining,CIFR,矿工转型,in_progress,in_progress,price,2026-06-18,-0.499,2.5,,,0.531,,,n/a,,https://decrypt.co/341339/google-dives-deeper-bitcoin-mining-backstopping-ai-hosting
e6_2023_2026,neocloud,TeraWulf,WULF,矿工转型,in_progress,in_progress,price,2026-06-18,-0.5,2.9,,,0.51,,,n/a,,https://www.theblock.co/post/366959/bitcoin-miner-terawulf-shares-jump-50-after-google-secures-8-stake-as-part-of-3-7-billion-10-year-ai-compute-deal https://cointelegraph.com/news/google-largest-shareholder-terawulf-ai-data-center-fluidstack
e6_2023_2026,neocloud,Core Scientific,CORZ,矿工转型（拒绝被收购）,in_progress,in_progress,price,2026-06-18,-0.452,3.4,,,0.569,,,n/a,,https://www.fxleaders.com/news/2025/06/26/core-scientific-corz-stock-price-soars-40-on-coreweave-takeover-eyes-record-high/ https://finance.yahoo.com/news/core-scientific-8217-merger-coreweave-144146009.html
e6_2023_2026,quantum,IonQ,IONQ,龙头（收入最大）,in_progress,in_progress,price,2025-10-13,-0.676,5.5,,,0.523,,,ok,,https://www.nasdaq.com/articles/pullbacks-quantum-computing-stocks-ionq-rigetti-computing-and-d-wave-quantum-appear-set https://247wallst.com/investing/2026/05/06/which-quantum-computing-stock-has-dominated-in-2026-ionq-rigetti-or-d-wave/
e6_2023_2026,quantum,Rigetti Computing,RGTI,明星,in_progress,in_progress,price,2025-10-15,-0.771,5.5,,,0.269,,,ok,,https://www.nasdaq.com/articles/pullbacks-quantum-computing-stocks-ionq-rigetti-computing-and-d-wave-quantum-appear-set https://247wallst.com/investing/2026/09/08/quantum-stocks-rally-as-commerce-department-takes-equity-stakes-rigetti-surges-6-d-wave-climbs-5/
e6_2023_2026,quantum,D-Wave Quantum,QBTS,明星（量子退火）,in_progress,in_progress,price,2025-10-15,-0.71,5.5,,,0.349,,,ok,,https://www.nasdaq.com/articles/pullbacks-quantum-computing-stocks-ionq-rigetti-computing-and-d-wave-quantum-appear-set https://247wallst.com/investing/2026/09/08/quantum-stocks-rally-as-commerce-department-takes-equity-stakes-rigetti-surges-6-d-wave-climbs-5/
e6_2023_2026,quantum,Quantum Computing Inc,QUBT,沾边（光子芯片小盘）,in_progress,in_progress,price,2024-12-18,-0.824,2.7,,,0.309,,,n/a,,https://www.nasdaq.com/articles/pullbacks-quantum-computing-stocks-ionq-rigetti-computing-and-d-wave-quantum-appear-set
e6_2023_2026,quantum,Quantum Corp,QMCO,沾边蹭概念（名字带 Quantum 的存储公司）,in_progress,in_progress,price,2024-12-27,-0.939,15.0,,,0.481,,,n/a,,https://itiger.com/news/1175943473 https://itiger.com/news/1121591229
e6_2023_2026,quantum,Arqit Quantum,ARQQ,沾边（抗量子加密 SPAC 股）,in_progress,in_progress,price,2025-10-13,-0.798,5.4,,,0.406,,,n/a,,https://itiger.com/news/1175943473
e6_2023_2026,crypto_v3,Strategy (原 MicroStrategy),MSTR,龙头（模式发明者）,survived_below_peak,survived_below_peak,price,2024-11-20,-0.826,19.2,,,0.347,2026-06-27,,n/a,,https://en.wikipedia.org/wiki/Strategy_Inc https://www.coindesk.com/markets/2026/06/27/strategy-s-valuation-has-fallen-below-the-value-of-its-bitcoin-holdings https://news.google.com/rss/search?q=Strategy+MSTR+shares+September+2026&hl=en-US&gl=US&ceid=US:en
e6_2023_2026,crypto_v3,Circle Internet Group,CRCL,明星 IPO（稳定币）,in_progress,in_progress,price,2025-06-23,-0.809,7.5,,,0.316,,,n/a,,https://news.google.com/rss/search?q=Circle+CRCL+IPO+priced+%2431+shares+soar+NYSE+debut&hl=en-US&gl=US&ceid=US:en https://news.google.com/rss/search?q=Circle+stock+CRCL+2026&hl=en-US&gl=US&ceid=US:en
e6_2023_2026,crypto_v3,Semler Scientific,SMLR,沾边蹭概念（医疗器械转比特币国库）,acquired,acquired,research,2024-12,,,,,,2026-01-16,13.5,,,https://news.google.com/rss/search?q=Strive+Semler+exchange+ratio+21.05+ASST+per+share&hl=en-US&gl=US&ceid=US:en https://news.google.com/rss/search?q=Strive+Semler+Scientific+merger+completed+ASST+shares&hl=en-US&gl=US&ceid=US:en https://www.dlnews.com/articles/markets/spiral-of-doom-as-one-in-three-treasury-companies-lose-premiums/
e6_2023_2026,crypto_v3,Metaplanet,3350.T,明星（'日本版 MicroStrategy'）,survived_below_peak,survived_below_peak,price,2025-06-16,-0.896,12.3,,,0.157,2026-06,,n/a,,https://coinmarketcap.com/academy/article/bitcoin-treasury-companies-losing-financing-edge-2026 https://finance.yahoo.com/news/metaplanet-trades-below-1x-mnav-102850546.html https://news.google.com/rss/search?q=Metaplanet+shares+2026+bitcoin+treasury&hl=en-US&gl=US&ceid=US:en
e6_2023_2026,crypto_v3,Nakamoto (KindlyMD),NAKA,沾边蹭概念（诊所公司 + David Bailey 的 Nakamoto）,survived_below_peak,survived_below_peak,price,2025-05-27,-0.997,13.5,,,0.01,2026-05-20,,n/a,,https://news.google.com/rss/search?q=KindlyMD+Nakamoto+NAKA+shares+collapse&hl=en-US&gl=US&ceid=US:en https://news.google.com/rss/search?q=Nakamoto+NAKA+reverse+split+OR+delisting+2026&hl=en-US&gl=US&ceid=US:en
e6_2023_2026,crypto_v3,Twenty One Capital,XXI,明星（Tether/软银/Cantor 支持，Jack Mallers）,survived_below_peak,survived_below_peak,price,2025-05-01,-0.915,15.0,,,0.134,2026-06,,ok,,https://coinmarketcap.com/academy/article/bitcoin-treasury-companies-losing-financing-edge-2026 https://news.google.com/rss/search?q=Twenty+One+Capital+XXI+shares+debut+NYSE+Cantor+Equity+Partners&hl=en-US&gl=US&ceid=US:en
e6_2023_2026,crypto_v3,Strive (原 Asset Entities),ASST,沾边蹭概念（Vivek Ramaswamy 系）,survived_below_peak,survived_below_peak,price,2025-05-22,-0.972,9.1,,,0.116,2026-05,,n/a,,https://news.google.com/rss/search?q=Strive+Semler+exchange+ratio+21.05+ASST+per+share&hl=en-US&gl=US&ceid=US:en https://news.google.com/rss/search?q=Strive+Semler+Scientific+merger+completed+ASST+shares&hl=en-US&gl=US&ceid=US:en
e6_2023_2026,crypto_v3,SharpLink Gaming,SBET,沾边蹭概念（以太坊国库，Joe Lubin）,survived_below_peak,survived_below_peak,price,2025-05-29,-0.942,12.9,,,0.121,2026-06,,n/a,,https://coinmarketcap.com/academy/article/bitcoin-treasury-companies-losing-financing-edge-2026 https://news.google.com/rss/search?q=SharpLink+SBET+BitMine+BMNR+shares+2026+ether+treasury&hl=en-US&gl=US&ceid=US:en
e6_2023_2026,crypto_v3,BitMine Immersion,BMNR,明星（以太坊国库，Tom Lee）,survived_below_peak,survived_below_peak,price,2025-07-03,-0.901,11.9,,,0.198,2026-05,,n/a,,https://coinmarketcap.com/academy/article/bitcoin-treasury-companies-losing-financing-edge-2026 https://news.google.com/rss/search?q=SharpLink+SBET+BitMine+BMNR+shares+2026+ether+treasury&hl=en-US&gl=US&ceid=US:en
e6_2023_2026,glp1,Eli Lilly,LLY,龙头（后来居上）,in_progress,in_progress,price,2026-08-19,-0.129,0.8,,,0.893,,,n/a,,https://news.google.com/rss/search?q=Eli+Lilly+%241+trillion+market+value+first+drugmaker&hl=en-US&gl=US&ceid=US:en https://news.google.com/rss/search?q=Eli+Lilly+stock+September+2026+orforglipron+market+value&hl=en-US&gl=US&ceid=US:en
e6_2023_2026,glp1,Novo Nordisk (2026-09 起改名 Novo),NVO,龙头（被反超）,in_progress,in_progress,price,2024-06-25,-0.76,21.1,,,0.256,,,n/a,,https://en.wikipedia.org/wiki/Novo_(company) https://news.google.com/rss/search?q=Novo+Nordisk+CagriSema+shares+plunge+December+2024&hl=en-US&gl=US&ceid=US:en https://news.google.com/rss/search?q=Novo+Nordisk+shares+2026&hl=en-US&gl=US&ceid=US:en https://www.cnbc.com/2026/09/14/novo-nordisk-rebrands-to-novo-ceo-mike-doustdar.html
e6_2023_2026,glp1,Viking Therapeutics,VKTX,明星（'下一个减重药'/并购预期）,in_progress,in_progress,price,2024-02-28,-0.789,13.3,,,0.31,,,n/a,,https://news.google.com/rss/search?q=Viking+Therapeutics+stock+2026&hl=en-US&gl=US&ceid=US:en
e6_2023_2026,glp1,Hims & Hers Health,HIMS,沾边蹭概念（复方配制 GLP-1 远程医疗）,in_progress,in_progress,price,2025-02-19,-0.789,12.3,,,0.432,,,n/a,,https://news.google.com/rss/search?q=Hims+Hers+Novo+Nordisk+partnership+ends+shares+plunge+June+2025&hl=en-US&gl=US&ceid=US:en https://news.google.com/rss/search?q=Hims+%26+Hers+stock+2026&hl=en-US&gl=US&ceid=US:en
e6_2023_2026,glp1,WW International (WeightWatchers),,受害者（对照）,dead,dead,research,,,,,,,2025-05-06,,,,https://en.wikipedia.org/wiki/WW_International https://news.google.com/rss/search?q=WW+International+WeightWatchers+Chapter+11+bankruptcy+May+2025+shareholders&hl=en-US&gl=US&ceid=US:en
