구분,지역코드,지역명,주택분위,소득분위,날짜,PIR
PIR,0000000000,전국,5,5,2008-12-01,7.037341393
PIR,1100000000,서울,5,5,2008-12-01,11.53779304
PIR,0000000000,전국,4,5,2008-12-01,3.705283332
PIR,1100000000,서울,4,5,2008-12-01,6.912031381
PIR,0000000000,전국,3,5,2008-12-01,2.366151088
PIR,1100000000,서울,3,5,2008-12-01,5.392382497
PIR,0000000000,전국,2,5,2008-12-01,1.50403768
PIR,1100000000,서울,2,5,2008-12-01,4.122271614
PIR,0000000000,전국,1,5,2008-12-01,0.837665664
PIR,1100000000,서울,1,5,2008-12-01,2.65692038
PIR,0000000000,전국,5,4,2008-12-01,11.64633182
PIR,1100000000,서울,5,4,2008-12-01,19.02910987
PIR,0000000000,전국,4,4,2008-12-01,6.13199741
PIR,1100000000,서울,4,4,2008-12-01,11.3999102
PIR,0000000000,전국,3,4,2008-12-01,3.915822635
PIR,1100000000,서울,3,4,2008-12-01,8.893575973
PIR,0000000000,전국,2,4,2008-12-01,2.4890823
PIR,1100000000,서울,2,4,2008-12-01,6.79880105
PIR,0000000000,전국,1,4,2008-12-01,1.386280946
PIR,1100000000,서울,1,4,2008-12-01,4.382019129
PIR,0000000000,전국,5,3,2008-12-01,15.61010017
PIR,1100000000,서울,5,3,2008-12-01,25.4337321
PIR,0000000000,전국,4,3,2008-12-01,8.218990775
PIR,1100000000,서울,4,3,2008-12-01,15.23677481
PIR,0000000000,전국,3,3,2008-12-01,5.248552464
PIR,1100000000,서울,3,3,2008-12-01,11.88688437
PIR,0000000000,전국,2,3,2008-12-01,3.336228491
PIR,1100000000,서울,2,3,2008-12-01,9.087071633
PIR,0000000000,전국,1,3,2008-12-01,1.858094442
PIR,1100000000,서울,1,3,2008-12-01,5.856874092
PIR,0000000000,전국,5,2,2008-12-01,22.22641753
PIR,1100000000,서울,5,2,2008-12-01,36.07737645
PIR,0000000000,전국,4,2,2008-12-01,11.70259759
PIR,1100000000,서울,4,2,2008-12-01,21.61314189
PIR,0000000000,전국,3,2,2008-12-01,7.473143489
PIR,1100000000,서울,3,2,2008-12-01,16.86137137
PIR,0000000000,전국,2,2,2008-12-01,4.750283891
PIR,1100000000,서울,2,2,2008-12-01,12.88987801
PIR,0000000000,전국,1,2,2008-12-01,2.645644962
PIR,1100000000,서울,1,2,2008-12-01,8.307890113
PIR,0000000000,전국,5,1,2008-12-01,45.71851501
PIR,1100000000,서울,5,1,2008-12-01,72.68041851
PIR,0000000000,전국,4,1,2008-12-01,24.07159781
PIR,1100000000,서울,4,1,2008-12-01,43.54119818
PIR,0000000000,전국,3,1,2008-12-01,15.37184399
PIR,1100000000,서울,3,1,2008-12-01,33.96842145
PIR,0000000000,전국,2,1,2008-12-01,9.771071974
PIR,1100000000,서울,2,1,2008-12-01,25.96756806
PIR,0000000000,전국,1,1,2008-12-01,5.441945772
PIR,1100000000,서울,1,1,2008-12-01,16.73683038
PIR,0000000000,전국,5,5,2009-01-01,6.505755991
PIR,1100000000,서울,5,5,2009-01-01,10.7305708
PIR,0000000000,전국,4,5,2009-01-01,3.42203735
PIR,1100000000,서울,4,5,2009-01-01,6.392378209
PIR,0000000000,전국,3,5,2009-01-01,2.181439834
PIR,1100000000,서울,3,5,2009-01-01,4.975489428
PIR,0000000000,전국,2,5,2009-01-01,1.393570352
PIR,1100000000,서울,2,5,2009-01-01,3.836776705
PIR,0000000000,전국,1,5,2009-01-01,0.784963478
PIR,1100000000,서울,1,5,2009-01-01,2.481496783
PIR,0000000000,전국,5,4,2009-01-01,11.24215649
PIR,1100000000,서울,5,4,2009-01-01,18.62794947
PIR,0000000000,전국,4,4,2009-01-01,5.913391075
PIR,1100000000,서울,4,4,2009-01-01,11.09697708
PIR,0000000000,전국,3,4,2009-01-01,3.769598495
PIR,1100000000,서울,3,4,2009-01-01,8.637300605
PIR,0000000000,전국,2,4,2009-01-01,2.408134582
PIR,1100000000,서울,2,4,2009-01-01,6.660529428
PIR,0000000000,전국,1,4,2009-01-01,1.356442245
PIR,1100000000,서울,1,4,2009-01-01,4.307804081
PIR,0000000000,전국,5,3,2009-01-01,15.41230204
PIR,1100000000,서울,5,3,2009-01-01,25.53285124
PIR,0000000000,전국,4,3,2009-01-01,8.106893851
PIR,1100000000,서울,4,3,2009-01-01,15.21034108
PIR,0000000000,전국,3,3,2009-01-01,5.167886661
PIR,1100000000,서울,3,3,2009-01-01,11.83892579
PIR,0000000000,전국,2,3,2009-01-01,3.301403744
PIR,1100000000,서울,2,3,2009-01-01,9.12941638
PIR,0000000000,전국,1,3,2009-01-01,1.85959852
PIR,1100000000,서울,1,3,2009-01-01,5.904596258
PIR,0000000000,전국,5,2,2009-01-01,22.29383325
PIR,1100000000,서울,5,2,2009-01-01,37.05531894
PIR,0000000000,전국,4,2,2009-01-01,11.72658953
PIR,1100000000,서울,4,2,2009-01-01,22.07446535
PIR,0000000000,전국,3,2,2009-01-01,7.475327383
PIR,1100000000,서울,3,2,2009-01-01,17.18159743
PIR,0000000000,전국,2,2,2009-01-01,4.775467311
PIR,1100000000,서울,2,2,2009-01-01,13.24934033
PIR,0000000000,전국,1,2,2009-01-01,2.689901821
PIR,1100000000,서울,1,2,2009-01-01,8.569223059
PIR,0000000000,전국,5,1,2009-01-01,48.16420187
PIR,1100000000,서울,5,1,2009-01-01,79.1430499
PIR,0000000000,전국,4,1,2009-01-01,25.33444199
PIR,1100000000,서울,4,1,2009-01-01,47.14682163
PIR,0000000000,전국,3,1,2009-01-01,16.14989998
PIR,1100000000,서울,3,1,2009-01-01,36.69659475
PIR,0000000000,전국,2,1,2009-01-01,10.31704907
PIR,1100000000,서울,2,1,2009-01-01,28.29804824
PIR,0000000000,전국,1,1,2009-01-01,5.811336831
PIR,1100000000,서울,1,1,2009-01-01,18.30221591
PIR,0000000000,전국,5,5,2009-02-01,6.48892032
PIR,1100000000,서울,5,5,2009-02-01,10.74901258
PIR,0000000000,전국,4,5,2009-02-01,3.417746612
PIR,1100000000,서울,4,5,2009-02-01,6.437022904
PIR,0000000000,전국,3,5,2009-02-01,2.163869518
PIR,1100000000,서울,3,5,2009-02-01,4.979595572
PIR,0000000000,전국,2,5,2009-02-01,1.380430048
PIR,1100000000,서울,2,5,2009-02-01,3.820231056
PIR,0000000000,전국,1,5,2009-02-01,0.777298387
PIR,1100000000,서울,1,5,2009-02-01,2.437963693
PIR,0000000000,전국,5,4,2009-02-01,11.21306391
PIR,1100000000,서울,5,4,2009-02-01,18.65996385
PIR,0000000000,전국,4,4,2009-02-01,5.905976541
PIR,1100000000,서울,4,4,2009-02-01,11.17447894
PIR,0000000000,전국,3,4,2009-02-01,3.739236422
PIR,1100000000,서울,3,4,2009-02-01,8.644428748
PIR,0000000000,전국,2,4,2009-02-01,2.385427713
PIR,1100000000,서울,2,4,2009-02-01,6.631806677
PIR,0000000000,전국,1,4,2009-02-01,1.343196721
PIR,1100000000,서울,1,4,2009-02-01,4.232231941
PIR,0000000000,전국,5,3,2009-02-01,15.37241791
PIR,1100000000,서울,5,3,2009-02-01,25.57673251
PIR,0000000000,전국,4,3,2009-02-01,8.096728982
PIR,1100000000,서울,4,3,2009-02-01,15.31657088
PIR,0000000000,전국,3,3,2009-02-01,5.126262134
PIR,1100000000,서울,3,3,2009-02-01,11.84869615
PIR,0000000000,전국,2,3,2009-02-01,3.270274029
PIR,1100000000,서울,2,3,2009-02-01,9.090046843
PIR,0000000000,전국,1,3,2009-02-01,1.841439725
PIR,1100000000,서울,1,3,2009-02-01,5.80101147
PIR,0000000000,전국,5,2,2009-02-01,22.23614101
PIR,1100000000,서울,5,2,2009-02-01,37.11900297
PIR,0000000000,전국,4,2,2009-02-01,11.71188609
PIR,1100000000,서울,4,2,2009-02-01,22.22863454
PIR,0000000000,전국,3,2,2009-02-01,7.415117671
PIR,1100000000,서울,3,2,2009-02-01,17.19577696
PIR,0000000000,전국,2,2,2009-02-01,4.730438301
PIR,1100000000,서울,2,2,2009-02-01,13.19220411
PIR,0000000000,전국,1,2,2009-02-01,2.663635197
PIR,1100000000,서울,1,2,2009-02-01,8.418892517
PIR,0000000000,전국,5,1,2009-02-01,48.03956199
PIR,1100000000,서울,5,1,2009-02-01,79.27906675
PIR,0000000000,전국,4,1,2009-02-01,25.30267627
PIR,1100000000,서울,4,1,2009-02-01,47.47609743
PIR,0000000000,전국,3,1,2009-02-01,16.01982128
PIR,1100000000,서울,3,1,2009-02-01,36.72687951
PIR,0000000000,전국,2,1,2009-02-01,10.21976717
PIR,1100000000,서울,2,1,2009-02-01,28.17601623
PIR,0000000000,전국,1,1,2009-02-01,5.754589704
PIR,1100000000,서울,1,1,2009-02-01,17.98113873
PIR,0000000000,전국,5,5,2009-03-01,6.385999376
PIR,1100000000,서울,5,5,2009-03-01,10.71577883
PIR,0000000000,전국,4,5,2009-03-01,3.39361074
PIR,1100000000,서울,4,5,2009-03-01,6.427377413
PIR,0000000000,전국,3,5,2009-03-01,2.155110865
PIR,1100000000,서울,3,5,2009-03-01,4.955564783
PIR,0000000000,전국,2,5,2009-03-01,1.381907731
PIR,1100000000,서울,2,5,2009-03-01,3.802582638
PIR,0000000000,전국,1,5,2009-03-01,0.77633185
PIR,1100000000,서울,1,5,2009-03-01,2.441056747
PIR,0000000000,전국,5,4,2009-03-01,11.0352132
PIR,1100000000,서울,5,4,2009-03-01,18.60227105
PIR,0000000000,전국,4,4,2009-03-01,5.864268976
PIR,1100000000,서울,4,4,2009-03-01,11.15773466
PIR,0000000000,전국,3,4,2009-03-01,3.724101187
PIR,1100000000,서울,3,4,2009-03-01,8.602712018
PIR,0000000000,전국,2,4,2009-03-01,2.387981197
PIR,1100000000,서울,2,4,2009-03-01,6.601169552
PIR,0000000000,전국,1,4,2009-03-01,1.341526513
PIR,1100000000,서울,1,4,2009-03-01,4.23760139
PIR,0000000000,전국,5,3,2009-03-01,15.12859557
PIR,1100000000,서울,5,3,2009-03-01,25.49765448
PIR,0000000000,전국,4,3,2009-03-01,8.039550487
PIR,1100000000,서울,4,3,2009-03-01,15.29361992
PIR,0000000000,전국,3,3,2009-03-01,5.105512662
PIR,1100000000,서울,3,3,2009-03-01,11.7915161
PIR,0000000000,전국,2,3,2009-03-01,3.273774697
PIR,1100000000,서울,2,3,2009-03-01,9.048053324
PIR,0000000000,전국,1,3,2009-03-01,1.839149974
PIR,1100000000,서울,1,3,2009-03-01,5.808371236
PIR,0000000000,전국,5,2,2009-03-01,21.88345297
PIR,1100000000,서울,5,2,2009-03-01,37.0042386
PIR,0000000000,전국,4,2,2009-03-01,11.62917762
PIR,1100000000,서울,4,2,2009-03-01,22.19532627
PIR,0000000000,전국,3,2,2009-03-01,7.385103643
PIR,1100000000,서울,3,2,2009-03-01,17.11279269
PIR,0000000000,전국,2,2,2009-03-01,4.735502004
PIR,1100000000,서울,2,2,2009-03-01,13.13125975
PIR,0000000000,전국,1,2,2009-03-01,2.66032308
PIR,1100000000,서울,1,2,2009-03-01,8.429573599
PIR,0000000000,전국,5,1,2009-03-01,47.27760517
PIR,1100000000,서울,5,1,2009-03-01,79.03395207
PIR,0000000000,전국,4,1,2009-03-01,25.12399066
PIR,1100000000,서울,4,1,2009-03-01,47.40495737
PIR,0000000000,전국,3,1,2009-03-01,15.95497816
PIR,1100000000,서울,3,1,2009-03-01,36.54964103
PIR,0000000000,전국,2,1,2009-03-01,10.23070694
PIR,1100000000,서울,2,1,2009-03-01,28.04585078
PIR,0000000000,전국,1,1,2009-03-01,5.747434118
PIR,1100000000,서울,1,1,2009-03-01,18.00395147
PIR,0000000000,전국,5,5,2009-04-01,7.271072581
PIR,1100000000,서울,5,5,2009-04-01,12.20327923
PIR,0000000000,전국,4,5,2009-04-01,3.809783933
PIR,1100000000,서울,4,5,2009-04-01,7.351552094
PIR,0000000000,전국,3,5,2009-04-01,2.414333125
PIR,1100000000,서울,3,5,2009-04-01,5.624336616
PIR,0000000000,전국,2,5,2009-04-01,1.547634312
PIR,1100000000,서울,2,5,2009-04-01,4.271896083
PIR,0000000000,전국,1,5,2009-04-01,0.872710466
PIR,1100000000,서울,1,5,2009-04-01,2.748768563
PIR,0000000000,전국,5,4,2009-04-01,11.6351208
PIR,1100000000,서울,5,4,2009-04-01,19.56984698
PIR,0000000000,전국,4,4,2009-04-01,6.09639029
PIR,1100000000,서울,4,4,2009-04-01,11.7893516
PIR,0000000000,전국,3,4,2009-04-01,3.863399416
PIR,1100000000,서울,3,4,2009-04-01,9.019494252
PIR,0000000000,전국,2,4,2009-04-01,2.47651388
PIR,1100000000,서울,2,4,2009-04-01,6.850646538
PIR,0000000000,전국,1,4,2009-04-01,1.396505341
PIR,1100000000,서울,1,4,2009-04-01,4.408075823
PIR,0000000000,전국,5,3,2009-04-01,15.48402309
PIR,1100000000,서울,5,3,2009-04-01,26.02939897
PIR,0000000000,전국,4,3,2009-04-01,8.113078469
PIR,1100000000,서울,4,3,2009-04-01,15.68074276
PIR,0000000000,전국,3,3,2009-04-01,5.141413382
PIR,1100000000,서울,3,3,2009-04-01,11.99661984
PIR,0000000000,전국,2,3,2009-04-01,3.295745594
PIR,1100000000,서울,2,3,2009-04-01,9.11188586
PIR,0000000000,전국,1,3,2009-04-01,1.858469828
PIR,1100000000,서울,1,3,2009-04-01,5.863079279
PIR,0000000000,전국,5,2,2009-04-01,21.85455589
PIR,1100000000,서울,5,2,2009-04-01,36.81360774
PIR,0000000000,전국,4,2,2009-04-01,11.45101152
PIR,1100000000,서울,4,2,2009-04-01,22.17741231
PIR,0000000000,전국,3,2,2009-04-01,7.256725558
PIR,1100000000,서울,3,2,2009-04-01,16.96692487
PIR,0000000000,전국,2,2,2009-04-01,4.651701684
PIR,1100000000,서울,2,2,2009-04-01,12.88702026
PIR,0000000000,전국,1,2,2009-04-01,2.623093009
PIR,1100000000,서울,1,2,2009-04-01,8.292204555
PIR,0000000000,전국,5,1,2009-04-01,46.35918852
PIR,1100000000,서울,5,1,2009-04-01,77.67627544
PIR,0000000000,전국,4,1,2009-04-01,24.29056918
PIR,1100000000,서울,4,1,2009-04-01,46.79407677
PIR,0000000000,전국,3,1,2009-04-01,15.39339943
PIR,1100000000,서울,3,1,2009-04-01,35.80001012
PIR,0000000000,전국,2,1,2009-04-01,9.867467286
PIR,1100000000,서울,2,1,2009-04-01,27.1914598
PIR,0000000000,전국,1,1,2009-04-01,5.564261471
PIR,1100000000,서울,1,1,2009-04-01,17.4964532
PIR,0000000000,전국,5,5,2009-05-01,7.29877409
PIR,1100000000,서울,5,5,2009-05-01,12.22155547
PIR,0000000000,전국,4,5,2009-05-01,3.804444975
PIR,1100000000,서울,4,5,2009-05-01,7.367864099
PIR,0000000000,전국,3,5,2009-05-01,2.412937313
PIR,1100000000,서울,3,5,2009-05-01,5.635685947
PIR,0000000000,전국,2,5,2009-05-01,1.54521732
PIR,1100000000,서울,2,5,2009-05-01,4.283690721
PIR,0000000000,전국,1,5,2009-05-01,0.871157336
PIR,1100000000,서울,1,5,2009-05-01,2.750799534
PIR,0000000000,전국,5,4,2009-05-01,11.67944857
PIR,1100000000,서울,5,4,2009-05-01,19.59915575
PIR,0000000000,전국,4,4,2009-05-01,6.087846926
PIR,1100000000,서울,4,4,2009-05-01,11.81551042
PIR,0000000000,전국,3,4,2009-05-01,3.861165847
PIR,1100000000,서울,3,4,2009-05-01,9.037694661
PIR,0000000000,전국,2,4,2009-05-01,2.472646226
PIR,1100000000,서울,2,4,2009-05-01,6.869561066
PIR,0000000000,전국,1,4,2009-05-01,1.394020034
PIR,1100000000,서울,1,4,2009-05-01,4.4113328
PIR,0000000000,전국,5,3,2009-05-01,15.5430145
PIR,1100000000,서울,5,3,2009-05-01,26.06838189
PIR,0000000000,전국,4,3,2009-05-01,8.101708957
PIR,1100000000,서울,4,3,2009-05-01,15.71553601
PIR,0000000000,전국,3,3,2009-05-01,5.138440947
PIR,1100000000,서울,3,3,2009-05-01,12.02082778
PIR,0000000000,전국,2,3,2009-05-01,3.290598518
PIR,1100000000,서울,2,3,2009-05-01,9.137043635
PIR,0000000000,전국,1,3,2009-05-01,1.85516238
PIR,1100000000,서울,1,3,2009-05-01,5.867411308
PIR,0000000000,전국,5,2,2009-05-01,21.93781791
PIR,1100000000,서울,5,2,2009-05-01,36.86874162
PIR,0000000000,전국,4,2,2009-05-01,11.4349643
PIR,1100000000,서울,4,2,2009-05-01,22.2266207
PIR,0000000000,전국,3,2,2009-05-01,7.252530185
PIR,1100000000,서울,3,2,2009-05-01,17.00116238
PIR,0000000000,전국,2,2,2009-05-01,4.644436966
PIR,1100000000,서울,2,2,2009-05-01,12.92260112
PIR,0000000000,전국,1,2,2009-05-01,2.618424791
PIR,1100000000,서울,1,2,2009-05-01,8.298331382
PIR,0000000000,전국,5,1,2009-05-01,46.53580889
PIR,1100000000,서울,5,1,2009-05-01,77.79260728
PIR,0000000000,전국,4,1,2009-05-01,24.25652885
PIR,1100000000,서울,4,1,2009-05-01,46.89790589
PIR,0000000000,전국,3,1,2009-05-01,15.38449995
PIR,1100000000,서울,3,1,2009-05-01,35.87225085
PIR,0000000000,전국,2,1,2009-05-01,9.852056932
PIR,1100000000,서울,2,1,2009-05-01,27.266535
PIR,0000000000,전국,1,1,2009-05-01,5.554358967
PIR,1100000000,서울,1,1,2009-05-01,17.50938073
PIR,0000000000,전국,5,5,2009-06-01,7.312235557
PIR,1100000000,서울,5,5,2009-06-01,12.332513
PIR,0000000000,전국,4,5,2009-06-01,3.805832175
PIR,1100000000,서울,4,5,2009-06-01,7.421690581
PIR,0000000000,전국,3,5,2009-06-01,2.42088019
PIR,1100000000,서울,3,5,2009-06-01,5.634310865
PIR,0000000000,전국,2,5,2009-06-01,1.546970607
PIR,1100000000,서울,2,5,2009-06-01,4.282708019
PIR,0000000000,전국,1,5,2009-06-01,0.873308199
PIR,1100000000,서울,1,5,2009-06-01,2.775228728
PIR,0000000000,전국,5,4,2009-06-01,11.70098951
PIR,1100000000,서울,5,4,2009-06-01,19.77709331
PIR,0000000000,전국,4,4,2009-06-01,6.090066714
PIR,1100000000,서울,4,4,2009-06-01,11.90182952
PIR,0000000000,전국,3,4,2009-06-01,3.873875985
PIR,1100000000,서울,3,4,2009-06-01,9.035489505
PIR,0000000000,전국,2,4,2009-06-01,2.475451825
PIR,1100000000,서울,2,4,2009-06-01,6.867985151
PIR,0000000000,전국,1,4,2009-06-01,1.397461829
PIR,1100000000,서울,1,4,2009-06-01,4.450508793
PIR,0000000000,전국,5,3,2009-06-01,15.5716812
PIR,1100000000,서울,5,3,2009-06-01,26.30505251
PIR,0000000000,전국,4,3,2009-06-01,8.104663052
PIR,1100000000,서울,4,3,2009-06-01,15.83034703
PIR,0000000000,전국,3,3,2009-06-01,5.155355603
PIR,1100000000,서울,3,3,2009-06-01,12.01789475
PIR,0000000000,전국,2,3,2009-06-01,3.29433221
PIR,1100000000,서울,2,3,2009-06-01,9.134947546
PIR,0000000000,전국,1,3,2009-06-01,1.859742723
PIR,1100000000,서울,1,3,2009-06-01,5.919518387
PIR,0000000000,전국,5,2,2009-06-01,21.97827885
PIR,1100000000,서울,5,2,2009-06-01,37.20346697
PIR,0000000000,전국,4,2,2009-06-01,11.43913378
PIR,1100000000,서울,4,2,2009-06-01,22.38899894
PIR,0000000000,전국,3,2,2009-06-01,7.276403974
PIR,1100000000,서울,3,2,2009-06-01,16.99701417
PIR,0000000000,전국,2,2,2009-06-01,4.649706797
PIR,1100000000,서울,2,2,2009-06-01,12.9196366
PIR,0000000000,전국,1,2,2009-06-01,2.624889607
PIR,1100000000,서울,1,2,2009-06-01,8.372026882
PIR,0000000000,전국,5,1,2009-06-01,46.62163704
PIR,1100000000,서울,5,1,2009-06-01,78.49887378
PIR,0000000000,전국,4,1,2009-06-01,24.26537341
PIR,1100000000,서울,4,1,2009-06-01,47.24052205
PIR,0000000000,전국,3,1,2009-06-01,15.43514246
PIR,1100000000,서울,3,1,2009-06-01,35.86349818
PIR,0000000000,전국,2,1,2009-06-01,9.863235612
PIR,1100000000,서울,2,1,2009-06-01,27.2602799
PIR,0000000000,전국,1,1,2009-06-01,5.568072521
PIR,1100000000,서울,1,1,2009-06-01,17.66487736
PIR,0000000000,전국,5,5,2009-07-01,6.905707401
PIR,1100000000,서울,5,5,2009-07-01,11.7810309
PIR,0000000000,전국,4,5,2009-07-01,3.595243059
PIR,1100000000,서울,4,5,2009-07-01,7.109323551
PIR,0000000000,전국,3,5,2009-07-01,2.297369346
PIR,1100000000,서울,3,5,2009-07-01,5.376908541
PIR,0000000000,전국,2,5,2009-07-01,1.472941714
PIR,1100000000,서울,2,5,2009-07-01,4.073458373
PIR,0000000000,전국,1,5,2009-07-01,0.829862451
PIR,1100000000,서울,1,5,2009-07-01,2.626586294
PIR,0000000000,전국,5,4,2009-07-01,11.24140539
PIR,1100000000,서울,5,4,2009-07-01,19.29008433
PIR,0000000000,전국,4,4,2009-07-01,5.852490175
PIR,1100000000,서울,4,4,2009-07-01,11.64070038
PIR,0000000000,전국,3,4,2009-07-01,3.739755923
PIR,1100000000,서울,3,4,2009-07-01,8.80406987
PIR,0000000000,전국,2,4,2009-07-01,2.397717419
PIR,1100000000,서울,2,4,2009-07-01,6.669820001
PIR,0000000000,전국,1,4,2009-07-01,1.350885535
PIR,1100000000,서울,1,4,2009-07-01,4.300733232
PIR,0000000000,전국,5,3,2009-07-01,15.10824714
PIR,1100000000,서울,5,3,2009-07-01,25.97098211
PIR,0000000000,전국,4,3,2009-07-01,7.865641781
PIR,1100000000,서울,4,3,2009-07-01,15.67232242
PIR,0000000000,전국,3,3,2009-07-01,5.026164857
PIR,1100000000,서울,3,3,2009-07-01,11.85325773
PIR,0000000000,전국,2,3,2009-07-01,3.222489188
PIR,1100000000,서울,2,3,2009-07-01,8.979835079
PIR,0000000000,전국,1,3,2009-07-01,1.81556592
PIR,1100000000,서울,1,3,2009-07-01,5.790242486
PIR,0000000000,전국,5,2,2009-07-01,21.45356341
PIR,1100000000,서울,5,2,2009-07-01,36.82665391
PIR,0000000000,전국,4,2,2009-07-01,11.16913452
PIR,1100000000,서울,4,2,2009-07-01,22.22323328
PIR,0000000000,전국,3,2,2009-07-01,7.137105015
PIR,1100000000,서울,3,2,2009-07-01,16.80782876
PIR,0000000000,전국,2,2,2009-07-01,4.575903178
PIR,1100000000,서울,2,2,2009-07-01,12.73333743
PIR,0000000000,전국,1,2,2009-07-01,2.578085876
PIR,1100000000,서울,1,2,2009-07-01,8.21051954
PIR,0000000000,전국,5,1,2009-07-01,45.49123741
PIR,1100000000,서울,5,1,2009-07-01,77.91947311
PIR,0000000000,전국,4,1,2009-07-01,23.68360633
PIR,1100000000,서울,4,1,2009-07-01,47.02090589
PIR,0000000000,전국,3,1,2009-07-01,15.13388394
PIR,1100000000,서울,3,1,2009-07-01,35.56275202
PIR,0000000000,전국,2,1,2009-07-01,9.702980055
PIR,1100000000,서울,2,1,2009-07-01,26.94176196
PIR,0000000000,전국,1,1,2009-07-01,5.466705667
PIR,1100000000,서울,1,1,2009-07-01,17.37218261
PIR,0000000000,전국,5,5,2009-08-01,6.964627958
PIR,1100000000,서울,5,5,2009-08-01,11.83100259
PIR,0000000000,전국,4,5,2009-08-01,3.610366557
PIR,1100000000,서울,4,5,2009-08-01,7.130099995
PIR,0000000000,전국,3,5,2009-08-01,2.31066013
PIR,1100000000,서울,3,5,2009-08-01,5.404561802
PIR,0000000000,전국,2,5,2009-08-01,1.487490209
PIR,1100000000,서울,2,5,2009-08-01,4.093525809
PIR,0000000000,전국,1,5,2009-08-01,0.830358009
PIR,1100000000,서울,1,5,2009-08-01,2.633446864
PIR,0000000000,전국,5,4,2009-08-01,11.33731879
PIR,1100000000,서울,5,4,2009-08-01,19.37190723
PIR,0000000000,전국,4,4,2009-08-01,5.877108851
PIR,1100000000,서울,4,4,2009-08-01,11.67471942
PIR,0000000000,전국,3,4,2009-08-01,3.761391229
PIR,1100000000,서울,3,4,2009-08-01,8.849348908
PIR,0000000000,전국,2,4,2009-08-01,2.42140008
PIR,1100000000,서울,2,4,2009-08-01,6.702678122
PIR,0000000000,전국,1,4,2009-08-01,1.351692225
PIR,1100000000,서울,1,4,2009-08-01,4.311966628
PIR,0000000000,전국,5,3,2009-08-01,15.23715303
PIR,1100000000,서울,5,3,2009-08-01,26.08114343
PIR,0000000000,전국,4,3,2009-08-01,7.89872884
PIR,1100000000,서울,4,3,2009-08-01,15.71812357
PIR,0000000000,전국,3,3,2009-08-01,5.05524232
PIR,1100000000,서울,3,3,2009-08-01,11.91421863
PIR,0000000000,전국,2,3,2009-08-01,3.25431826
PIR,1100000000,서울,2,3,2009-08-01,9.02407323
PIR,0000000000,전국,1,3,2009-08-01,1.816650097
PIR,1100000000,서울,1,3,2009-08-01,5.805366439
PIR,0000000000,전국,5,2,2009-08-01,21.63660851
PIR,1100000000,서울,5,2,2009-08-01,36.98286182
PIR,0000000000,전국,4,2,2009-08-01,11.21611782
PIR,1100000000,서울,4,2,2009-08-01,22.28817895
PIR,0000000000,전국,3,2,2009-08-01,7.178394729
PIR,1100000000,서울,3,2,2009-08-01,16.89427086
PIR,0000000000,전국,2,2,2009-08-01,4.62110015
PIR,1100000000,서울,2,2,2009-08-01,12.79606679
PIR,0000000000,전국,1,2,2009-08-01,2.579625397
PIR,1100000000,서울,1,2,2009-08-01,8.23196519
PIR,0000000000,전국,5,1,2009-08-01,45.87937564
PIR,1100000000,서울,5,1,2009-08-01,78.24998476
PIR,0000000000,전국,4,1,2009-08-01,23.78323213
PIR,1100000000,서울,4,1,2009-08-01,47.15832083
PIR,0000000000,전국,3,1,2009-08-01,15.22143677
PIR,1100000000,서울,3,1,2009-08-01,35.74565007
PIR,0000000000,전국,2,1,2009-08-01,9.798818034
PIR,1100000000,서울,2,1,2009-08-01,27.07448753
PIR,0000000000,전국,1,1,2009-08-01,5.469970146
PIR,1100000000,서울,1,1,2009-08-01,17.41755827
PIR,0000000000,전국,5,5,2009-09-01,7.048223387
PIR,1100000000,서울,5,5,2009-09-01,12.19883467
PIR,0000000000,전국,4,5,2009-09-01,3.649352783
PIR,1100000000,서울,4,5,2009-09-01,7.235427757
PIR,0000000000,전국,3,5,2009-09-01,2.336425425
PIR,1100000000,서울,3,5,2009-09-01,5.497594784
PIR,0000000000,전국,2,5,2009-09-01,1.507315851
PIR,1100000000,서울,2,5,2009-09-01,4.171522564
PIR,0000000000,전국,1,5,2009-09-01,0.836051232
PIR,1100000000,서울,1,5,2009-09-01,2.654464886
PIR,0000000000,전국,5,4,2009-09-01,11.473399
PIR,1100000000,서울,5,4,2009-09-01,19.97418999
PIR,0000000000,전국,4,4,2009-09-01,5.940572294
PIR,1100000000,서울,4,4,2009-09-01,11.84718152
PIR,0000000000,전국,3,4,2009-09-01,3.803333076
PIR,1100000000,서울,3,4,2009-09-01,9.001679724
PIR,0000000000,전국,2,4,2009-09-01,2.453673107
PIR,1100000000,서울,2,4,2009-09-01,6.830388846
PIR,0000000000,전국,1,4,2009-09-01,1.360959896
PIR,1100000000,서울,1,4,2009-09-01,4.346381224
PIR,0000000000,전국,5,3,2009-09-01,15.42004239
PIR,1100000000,서울,5,3,2009-09-01,26.89201986
PIR,0000000000,전국,4,3,2009-09-01,7.98402257
PIR,1100000000,서울,4,3,2009-09-01,15.95031593
PIR,0000000000,전국,3,3,2009-09-01,5.11161141
PIR,1100000000,서울,3,3,2009-09-01,12.11930747
PIR,0000000000,전국,2,3,2009-09-01,3.297692629
PIR,1100000000,서울,2,3,2009-09-01,9.196015087
PIR,0000000000,전국,1,3,2009-09-01,1.82910568
PIR,1100000000,서울,1,3,2009-09-01,5.851700132
PIR,0000000000,전국,5,2,2009-09-01,21.89630961
PIR,1100000000,서울,5,2,2009-09-01,38.13267839
PIR,0000000000,전국,4,2,2009-09-01,11.33723408
PIR,1100000000,서울,4,2,2009-09-01,22.61742594
PIR,0000000000,전국,3,2,2009-09-01,7.258438286
PIR,1100000000,서울,3,2,2009-09-01,17.18508526
PIR,0000000000,전국,2,2,2009-09-01,4.68269133
PIR,1100000000,서울,2,2,2009-09-01,13.03987903
PIR,0000000000,전국,1,2,2009-09-01,2.597312203
PIR,1100000000,서울,1,2,2009-09-01,8.297666012
PIR,0000000000,전국,5,1,2009-09-01,46.43005919
PIR,1100000000,서울,5,1,2009-09-01,80.68281782
PIR,0000000000,전국,4,1,2009-09-01,24.04005328
PIR,1100000000,서울,4,1,2009-09-01,47.85495627
PIR,0000000000,전국,3,1,2009-09-01,15.39116524
PIR,1100000000,서울,3,1,2009-09-01,36.36096812
PIR,0000000000,전국,2,1,2009-09-01,9.929419136
PIR,1100000000,서울,2,1,2009-09-01,27.59035632
PIR,0000000000,전국,1,1,2009-09-01,5.507474158
PIR,1100000000,서울,1,1,2009-09-01,17.55657099
PIR,0000000000,전국,5,5,2009-10-01,6.897819065
PIR,1100000000,서울,5,5,2009-10-01,12.09508984
PIR,0000000000,전국,4,5,2009-10-01,3.569542819
PIR,1100000000,서울,4,5,2009-10-01,7.124622392
PIR,0000000000,전국,3,5,2009-10-01,2.291936449
PIR,1100000000,서울,3,5,2009-10-01,5.409098481
PIR,0000000000,전국,2,5,2009-10-01,1.477088734
PIR,1100000000,서울,2,5,2009-10-01,4.110070797
PIR,0000000000,전국,1,5,2009-10-01,0.815955182
PIR,1100000000,서울,1,5,2009-10-01,2.624194312
PIR,0000000000,전국,5,4,2009-10-01,11.3617657
PIR,1100000000,서울,5,4,2009-10-01,19.95244559
PIR,0000000000,전국,4,4,2009-10-01,5.879584368
PIR,1100000000,서울,4,4,2009-10-01,11.75300411
PIR,0000000000,전국,3,4,2009-10-01,3.775170772
PIR,1100000000,서울,3,4,2009-10-01,8.923021205
PIR,0000000000,전국,2,4,2009-10-01,2.432991639
PIR,1100000000,서울,2,4,2009-10-01,6.780103746
PIR,0000000000,전국,1,4,2009-10-01,1.344003301
PIR,1100000000,서울,1,4,2009-10-01,4.328954552
PIR,0000000000,전국,5,3,2009-10-01,15.03237943
PIR,1100000000,서울,5,3,2009-10-01,26.43543807
PIR,0000000000,전국,4,3,2009-10-01,7.779085179
PIR,1100000000,서울,4,3,2009-10-01,15.57181604
PIR,0000000000,전국,3,3,2009-10-01,4.994804591
PIR,1100000000,서울,3,3,2009-10-01,11.82230887
PIR,0000000000,전국,2,3,2009-10-01,3.219011415
PIR,1100000000,서울,2,3,2009-10-01,8.983109959
PIR,0000000000,전국,1,3,2009-10-01,1.778206674
PIR,1100000000,서울,1,3,2009-10-01,5.735527981
PIR,0000000000,전국,5,2,2009-10-01,21.2875139
PIR,1100000000,서울,5,2,2009-10-01,37.45222456
PIR,0000000000,전국,4,2,2009-10-01,11.01604604
PIR,1100000000,서울,4,2,2009-10-01,22.06126298
PIR,0000000000,전국,3,2,2009-10-01,7.073196406
PIR,1100000000,서울,3,2,2009-10-01,16.74917455
PIR,0000000000,전국,2,2,2009-10-01,4.558476624
PIR,1100000000,서울,2,2,2009-10-01,12.72675908
PIR,0000000000,전국,1,2,2009-10-01,2.518137561
PIR,1100000000,서울,1,2,2009-10-01,8.12576971
PIR,0000000000,전국,5,1,2009-10-01,44.12528593
PIR,1100000000,서울,5,1,2009-10-01,77.11108847
PIR,0000000000,전국,4,1,2009-10-01,22.834333
PIR,1100000000,서울,4,1,2009-10-01,45.42234864
PIR,0000000000,전국,3,1,2009-10-01,14.66149665
PIR,1100000000,서울,3,1,2009-10-01,34.48519002
PIR,0000000000,전국,2,1,2009-10-01,9.448923223
PIR,1100000000,서울,2,1,2009-10-01,26.20336326
PIR,0000000000,전국,1,1,2009-10-01,5.219657891
PIR,1100000000,서울,1,1,2009-10-01,16.73029985
PIR,0000000000,전국,5,5,2009-11-01,6.889282562
PIR,1100000000,서울,5,5,2009-11-01,12.09275992
PIR,0000000000,전국,4,5,2009-11-01,3.580454828
PIR,1100000000,서울,4,5,2009-11-01,7.128874257
PIR,0000000000,전국,3,5,2009-11-01,2.299990755
PIR,1100000000,서울,3,5,2009-11-01,5.378502624
PIR,0000000000,전국,2,5,2009-11-01,1.489328157
PIR,1100000000,서울,2,5,2009-11-01,4.064927074
PIR,0000000000,전국,1,5,2009-11-01,0.819191865
PIR,1100000000,서울,1,5,2009-11-01,2.616900892
PIR,0000000000,전국,5,4,2009-11-01,11.34770477
PIR,1100000000,서울,5,4,2009-11-01,19.94860208
PIR,0000000000,전국,4,4,2009-11-01,5.89755812
PIR,1100000000,서울,4,4,2009-11-01,11.76001812
PIR,0000000000,전국,3,4,2009-11-01,3.788437449
PIR,1100000000,서울,3,4,2009-11-01,8.872549304
PIR,0000000000,전국,2,4,2009-11-01,2.453151846
PIR,1100000000,서울,2,4,2009-11-01,6.705633222
PIR,0000000000,전국,1,4,2009-11-01,1.349334615
PIR,1100000000,서울,1,4,2009-11-01,4.316923093
PIR,0000000000,전국,5,3,2009-11-01,15.01377588
PIR,1100000000,서울,5,3,2009-11-01,26.43034572
PIR,0000000000,전국,4,3,2009-11-01,7.80286566
PIR,1100000000,서울,4,3,2009-11-01,15.58110906
PIR,0000000000,전국,3,3,2009-11-01,5.012357297
PIR,1100000000,서울,3,3,2009-11-01,11.75543753
PIR,0000000000,전국,2,3,2009-11-01,3.245684723
PIR,1100000000,서울,2,3,2009-11-01,8.884442309
PIR,0000000000,전국,1,3,2009-11-01,1.78526036
PIR,1100000000,서울,1,3,2009-11-01,5.719587234
PIR,0000000000,전국,5,2,2009-11-01,21.26116921
PIR,1100000000,서울,5,2,2009-11-01,37.44501001
PIR,0000000000,전국,4,2,2009-11-01,11.04972183
PIR,1100000000,서울,4,2,2009-11-01,22.0744288
PIR,0000000000,전국,3,2,2009-11-01,7.098052981
PIR,1100000000,서울,3,2,2009-11-01,16.65443504
PIR,0000000000,전국,2,2,2009-11-01,4.596248982
PIR,1100000000,서울,2,2,2009-11-01,12.58697237
PIR,0000000000,전국,1,2,2009-11-01,2.528126363
PIR,1100000000,서울,1,2,2009-11-01,8.103185766
PIR,0000000000,전국,5,1,2009-11-01,44.070678
PIR,1100000000,서울,5,1,2009-11-01,77.0962343
PIR,0000000000,전국,4,1,2009-11-01,22.90413703
PIR,1100000000,서울,4,1,2009-11-01,45.449456
PIR,0000000000,전국,3,1,2009-11-01,14.71301998
PIR,1100000000,서울,3,1,2009-11-01,34.29012906
PIR,0000000000,전국,2,1,2009-11-01,9.527218702
PIR,1100000000,서울,2,1,2009-11-01,25.91555378
PIR,0000000000,전국,1,1,2009-11-01,5.240362925
PIR,1100000000,서울,1,1,2009-11-01,16.68380135
PIR,0000000000,전국,5,5,2009-12-01,6.837056562
PIR,1100000000,서울,5,5,2009-12-01,11.97727523
PIR,0000000000,전국,4,5,2009-12-01,3.557990968
PIR,1100000000,서울,4,5,2009-12-01,7.11352151
PIR,0000000000,전국,3,5,2009-12-01,2.30493448
PIR,1100000000,서울,3,5,2009-12-01,5.363464989
PIR,0000000000,전국,2,5,2009-12-01,1.50217765
PIR,1100000000,서울,2,5,2009-12-01,4.051688111
PIR,0000000000,전국,1,5,2009-12-01,0.832392623
PIR,1100000000,서울,1,5,2009-12-01,2.618649247
PIR,0000000000,전국,5,4,2009-12-01,11.26168054
PIR,1100000000,서울,5,4,2009-12-01,19.75809485
PIR,0000000000,전국,4,4,2009-12-01,5.860556699
PIR,1100000000,서울,4,4,2009-12-01,11.73469174
PIR,0000000000,전국,3,4,2009-12-01,3.796580523
PIR,1100000000,서울,3,4,2009-12-01,8.847742742
PIR,0000000000,전국,2,4,2009-12-01,2.47431693
PIR,1100000000,서울,2,4,2009-12-01,6.683793807
PIR,0000000000,전국,1,4,2009-12-01,1.371078288
PIR,1100000000,서울,1,4,2009-12-01,4.319807237
PIR,0000000000,전국,5,3,2009-12-01,14.89996004
PIR,1100000000,서울,5,3,2009-12-01,26.17793846
PIR,0000000000,전국,4,3,2009-12-01,7.753910293
PIR,1100000000,서울,4,3,2009-12-01,15.54755358
PIR,0000000000,전국,3,3,2009-12-01,5.02313113
PIR,1100000000,서울,3,3,2009-12-01,11.72257076
PIR,0000000000,전국,2,3,2009-12-01,3.273687552
PIR,1100000000,서울,2,3,2009-12-01,8.855506782
PIR,0000000000,전국,1,3,2009-12-01,1.8140287
PIR,1100000000,서울,1,3,2009-12-01,5.7234085
PIR,0000000000,전국,5,2,2009-12-01,21.09999338
PIR,1100000000,서울,5,2,2009-12-01,37.08741376
PIR,0000000000,전국,4,2,2009-12-01,10.98039561
PIR,1100000000,서울,4,2,2009-12-01,22.0268893
PIR,0000000000,전국,3,2,2009-12-01,7.113309922
PIR,1100000000,서울,3,2,2009-12-01,16.60787128
PIR,0000000000,전국,2,2,2009-12-01,4.635904089
PIR,1100000000,서울,2,2,2009-12-01,12.54597816
PIR,0000000000,전국,1,2,2009-12-01,2.568865517
PIR,1100000000,서울,1,2,2009-12-01,8.108599518
PIR,0000000000,전국,5,1,2009-12-01,43.73658875
PIR,1100000000,서울,5,1,2009-12-01,76.35997267
PIR,0000000000,전국,4,1,2009-12-01,22.76043592
PIR,1100000000,서울,4,1,2009-12-01,45.35157603
PIR,0000000000,전국,3,1,2009-12-01,14.74464494
PIR,1100000000,서울,3,1,2009-12-01,34.19425806
PIR,0000000000,전국,2,1,2009-12-01,9.60941679
PIR,1100000000,서울,2,1,2009-12-01,25.83115003
PIR,0000000000,전국,1,1,2009-12-01,5.324808053
PIR,1100000000,서울,1,1,2009-12-01,16.69494782
PIR,0000000000,전국,5,5,2010-01-01,6.174336344
PIR,1100000000,서울,5,5,2010-01-01,10.75023526
PIR,0000000000,전국,4,5,2010-01-01,3.214485702
PIR,1100000000,서울,4,5,2010-01-01,6.379680403
PIR,0000000000,전국,3,5,2010-01-01,2.089034506
PIR,1100000000,서울,3,5,2010-01-01,4.80795737
PIR,0000000000,전국,2,5,2010-01-01,1.365582998
PIR,1100000000,서울,2,5,2010-01-01,3.629927345
PIR,0000000000,전국,1,5,2010-01-01,0.755528736
PIR,1100000000,서울,1,5,2010-01-01,2.35439298
PIR,0000000000,전국,5,4,2010-01-01,10.78200433
PIR,1100000000,서울,5,4,2010-01-01,18.94608147
PIR,0000000000,전국,4,4,2010-01-01,5.613331835
PIR,1100000000,서울,4,4,2010-01-01,11.24346972
PIR,0000000000,전국,3,4,2010-01-01,3.648000017
PIR,1100000000,서울,3,4,2010-01-01,8.473484517
PIR,0000000000,전국,2,4,2010-01-01,2.384664679
PIR,1100000000,서울,2,4,2010-01-01,6.397338991
PIR,0000000000,전국,1,4,2010-01-01,1.319350558
PIR,1100000000,서울,1,4,2010-01-01,4.149353026
PIR,0000000000,전국,5,3,2010-01-01,14.69662403
PIR,1100000000,서울,5,3,2010-01-01,25.94998716
PIR,0000000000,전국,4,3,2010-01-01,7.651362863
PIR,1100000000,서울,4,3,2010-01-01,15.39990712
PIR,0000000000,전국,3,3,2010-01-01,4.972478499
PIR,1100000000,서울,3,3,2010-01-01,11.60592573
PIR,0000000000,전국,2,3,2010-01-01,3.250464306
PIR,1100000000,서울,2,3,2010-01-01,8.76227968
PIR,0000000000,전국,1,3,2010-01-01,1.798366845
PIR,1100000000,서울,1,3,2010-01-01,5.683267958
PIR,0000000000,전국,5,2,2010-01-01,20.90927072
PIR,1100000000,서울,5,2,2010-01-01,36.93179003
PIR,0000000000,전국,4,2,2010-01-01,10.88579372
PIR,1100000000,서울,4,2,2010-01-01,21.91701031
PIR,0000000000,전국,3,2,2010-01-01,7.074474987
PIR,1100000000,서울,3,2,2010-01-01,16.51744987
PIR,0000000000,전국,2,2,2010-01-01,4.624520435
PIR,1100000000,서울,2,2,2010-01-01,12.4703982
PIR,0000000000,전국,1,2,2010-01-01,2.558583464
PIR,1100000000,서울,1,2,2010-01-01,8.088376213
PIR,0000000000,전국,5,1,2010-01-01,43.85249581
PIR,1100000000,서울,5,1,2010-01-01,77.02386879
PIR,0000000000,전국,4,1,2010-01-01,22.83050565
PIR,1100000000,서울,4,1,2010-01-01,45.70948023
PIR,0000000000,전국,3,1,2010-01-01,14.83712124
PIR,1100000000,서울,3,1,2010-01-01,34.44831379
PIR,0000000000,전국,2,1,2010-01-01,9.698892212
PIR,1100000000,서울,2,1,2010-01-01,26.00790036
PIR,0000000000,전국,1,1,2010-01-01,5.366053753
PIR,1100000000,서울,1,1,2010-01-01,16.86888254
PIR,0000000000,전국,5,5,2010-02-01,6.239165284
PIR,1100000000,서울,5,5,2010-02-01,10.89072152
PIR,0000000000,전국,4,5,2010-02-01,3.226437602
PIR,1100000000,서울,4,5,2010-02-01,6.411943266
PIR,0000000000,전국,3,5,2010-02-01,2.089709992
PIR,1100000000,서울,3,5,2010-02-01,4.843928645
PIR,0000000000,전국,2,5,2010-02-01,1.37010396
PIR,1100000000,서울,2,5,2010-02-01,3.663990093
PIR,0000000000,전국,1,5,2010-02-01,0.758656005
PIR,1100000000,서울,1,5,2010-02-01,2.356942102
PIR,0000000000,전국,5,4,2010-02-01,10.8952126
PIR,1100000000,서울,5,4,2010-02-01,19.19367272
PIR,0000000000,전국,4,4,2010-02-01,5.634202976
PIR,1100000000,서울,4,4,2010-02-01,11.30032939
PIR,0000000000,전국,3,4,2010-02-01,3.649179594
PIR,1100000000,서울,3,4,2010-02-01,8.536879846
PIR,0000000000,전국,2,4,2010-02-01,2.392559461
PIR,1100000000,서울,2,4,2010-02-01,6.457370757
PIR,0000000000,전국,1,4,2010-02-01,1.324811587
PIR,1100000000,서울,1,4,2010-02-01,4.153845566
PIR,0000000000,전국,5,3,2010-02-01,14.85093479
PIR,1100000000,서울,5,3,2010-02-01,26.28910687
PIR,0000000000,전국,4,3,2010-02-01,7.679811683
PIR,1100000000,서울,4,3,2010-02-01,15.47778643
PIR,0000000000,전국,3,3,2010-02-01,4.974086343
PIR,1100000000,서울,3,3,2010-02-01,11.69275677
PIR,0000000000,전국,2,3,2010-02-01,3.261225444
PIR,1100000000,서울,2,3,2010-02-01,8.84450373
PIR,0000000000,전국,1,3,2010-02-01,1.805810608
PIR,1100000000,서울,1,3,2010-02-01,5.689421281
PIR,0000000000,전국,5,2,2010-02-01,21.12881268
PIR,1100000000,서울,5,2,2010-02-01,37.41442218
PIR,0000000000,전국,4,2,2010-02-01,10.9262686
PIR,1100000000,서울,4,2,2010-02-01,22.02784745
PIR,0000000000,전국,3,2,2010-02-01,7.07676251
PIR,1100000000,서울,3,2,2010-02-01,16.64102703
PIR,0000000000,전국,2,2,2010-02-01,4.639830587
PIR,1100000000,서울,2,2,2010-02-01,12.58741874
PIR,0000000000,전국,1,2,2010-02-01,2.569173901
PIR,1100000000,서울,1,2,2010-02-01,8.097133568
PIR,0000000000,전국,5,1,2010-02-01,44.31293571
PIR,1100000000,서울,5,1,2010-02-01,78.03043238
PIR,0000000000,전국,4,1,2010-02-01,22.91539261
PIR,1100000000,서울,4,1,2010-02-01,45.94063895
PIR,0000000000,전국,3,1,2010-02-01,14.8419188
PIR,1100000000,서울,3,1,2010-02-01,34.70604273
PIR,0000000000,전국,2,1,2010-02-01,9.731001816
PIR,1100000000,서울,2,1,2010-02-01,26.25195498
PIR,0000000000,전국,1,1,2010-02-01,5.388264813
PIR,1100000000,서울,1,1,2010-02-01,16.88714663
PIR,0000000000,전국,5,5,2010-03-01,6.204106562
PIR,1100000000,서울,5,5,2010-03-01,10.87485076
PIR,0000000000,전국,4,5,2010-03-01,3.222436318
PIR,1100000000,서울,4,5,2010-03-01,6.408887388
PIR,0000000000,전국,3,5,2010-03-01,2.095735122
PIR,1100000000,서울,3,5,2010-03-01,4.844811265
PIR,0000000000,전국,2,5,2010-03-01,1.374108659
PIR,1100000000,서울,2,5,2010-03-01,3.665323356
PIR,0000000000,전국,1,5,2010-03-01,0.761818057
PIR,1100000000,서울,1,5,2010-03-01,2.354705529
PIR,0000000000,전국,5,4,2010-03-01,10.83399091
PIR,1100000000,서울,5,4,2010-03-01,19.16570229
PIR,0000000000,전국,4,4,2010-03-01,5.627215689
PIR,1100000000,서울,4,4,2010-03-01,11.29494375
PIR,0000000000,전국,3,4,2010-03-01,3.659701045
PIR,1100000000,서울,3,4,2010-03-01,8.538435363
PIR,0000000000,전국,2,4,2010-03-01,2.399552711
PIR,1100000000,서울,2,4,2010-03-01,6.459720482
PIR,0000000000,전국,1,4,2010-03-01,1.330333357
PIR,1100000000,서울,1,4,2010-03-01,4.149903858
PIR,0000000000,전국,5,3,2010-03-01,14.76748536
PIR,1100000000,서울,5,3,2010-03-01,26.25079645
PIR,0000000000,전국,4,3,2010-03-01,7.670287525
PIR,1100000000,서울,4,3,2010-03-01,15.47040984
PIR,0000000000,전국,3,3,2010-03-01,4.988427816
PIR,1100000000,서울,3,3,2010-03-01,11.69488733
PIR,0000000000,전국,2,3,2010-03-01,3.270757732
PIR,1100000000,서울,2,3,2010-03-01,8.847722092
PIR,0000000000,전국,1,3,2010-03-01,1.813337166
PIR,1100000000,서울,1,3,2010-03-01,5.684022419
PIR,0000000000,전국,5,2,2010-03-01,21.01008699
PIR,1100000000,서울,5,2,2010-03-01,37.35989913
PIR,0000000000,전국,4,2,2010-03-01,10.91271833
PIR,1100000000,서울,4,2,2010-03-01,22.01734916
PIR,0000000000,전국,3,2,2010-03-01,7.097166497
PIR,1100000000,서울,3,2,2010-03-01,16.64405922
PIR,0000000000,전국,2,2,2010-03-01,4.653392421
PIR,1100000000,서울,2,2,2010-03-01,12.59199908
PIR,0000000000,전국,1,2,2010-03-01,2.579882131
PIR,1100000000,서울,1,2,2010-03-01,8.089449955
PIR,0000000000,전국,5,1,2010-03-01,44.06393527
PIR,1100000000,서울,5,1,2010-03-01,77.91672069
PIR,0000000000,전국,4,1,2010-03-01,22.88697396
PIR,1100000000,서울,4,1,2010-03-01,45.91874402
PIR,0000000000,전국,3,1,2010-03-01,14.88471158
PIR,1100000000,서울,3,1,2010-03-01,34.71236657
PIR,0000000000,전국,2,1,2010-03-01,9.759444715
PIR,1100000000,서울,2,1,2010-03-01,26.26150761
PIR,0000000000,전국,1,1,2010-03-01,5.410722919
PIR,1100000000,서울,1,1,2010-03-01,16.87112191
PIR,0000000000,전국,5,5,2010-04-01,7.011911808
PIR,1100000000,서울,5,5,2010-04-01,12.24347785
PIR,0000000000,전국,4,5,2010-04-01,3.645625176
PIR,1100000000,서울,4,5,2010-04-01,7.247026967
PIR,0000000000,전국,3,5,2010-04-01,2.376707576
PIR,1100000000,서울,3,5,2010-04-01,5.484721295
PIR,0000000000,전국,2,5,2010-04-01,1.564326986
PIR,1100000000,서울,2,5,2010-04-01,4.152326582
PIR,0000000000,전국,1,5,2010-04-01,0.867758552
PIR,1100000000,서울,1,5,2010-04-01,2.671308193
PIR,0000000000,전국,5,4,2010-04-01,11.09892788
PIR,1100000000,서울,5,4,2010-04-01,19.51898171
PIR,0000000000,전국,4,4,2010-04-01,5.770541901
PIR,1100000000,서울,4,4,2010-04-01,11.55346452
PIR,0000000000,전국,3,4,2010-04-01,3.762013369
PIR,1100000000,서울,3,4,2010-04-01,8.743935016
PIR,0000000000,전국,2,4,2010-04-01,2.47612247
PIR,1100000000,서울,2,4,2010-04-01,6.619784642
PIR,0000000000,전국,1,4,2010-04-01,1.37354688
PIR,1100000000,서울,1,4,2010-04-01,4.258693194
PIR,0000000000,전국,5,3,2010-04-01,14.8141649
PIR,1100000000,서울,5,3,2010-04-01,26.1587823
PIR,0000000000,전국,4,3,2010-04-01,7.70216369
PIR,1100000000,서울,4,3,2010-04-01,15.48362346
PIR,0000000000,전국,3,3,2010-04-01,5.021303592
PIR,1100000000,서울,3,3,2010-04-01,11.71837219
PIR,0000000000,전국,2,3,2010-04-01,3.30497567
PIR,1100000000,서울,2,3,2010-04-01,8.871646477
PIR,0000000000,전국,1,3,2010-04-01,1.833325724
PIR,1100000000,서울,1,3,2010-04-01,5.707379093
PIR,0000000000,전국,5,2,2010-04-01,20.35409116
PIR,1100000000,서울,5,2,2010-04-01,36.01254952
PIR,0000000000,전국,4,2,2010-04-01,10.58247582
PIR,1100000000,서울,4,2,2010-04-01,21.31615876
PIR,0000000000,전국,3,2,2010-04-01,6.899077453
PIR,1100000000,서울,3,2,2010-04-01,16.13257276
PIR,0000000000,전국,2,2,2010-04-01,4.54090909
PIR,1100000000,서울,2,2,2010-04-01,12.21351225
PIR,0000000000,전국,1,2,2010-04-01,2.518918829
PIR,1100000000,서울,1,2,2010-04-01,7.857295109
PIR,0000000000,전국,5,1,2010-04-01,41.78716046
PIR,1100000000,서울,5,1,2010-04-01,73.57224999
PIR,0000000000,전국,4,1,2010-04-01,21.72593272
PIR,1100000000,서울,4,1,2010-04-01,43.54809037
PIR,0000000000,전국,3,1,2010-04-01,14.16387763
PIR,1100000000,서울,3,1,2010-04-01,32.95822407
PIR,0000000000,전국,2,1,2010-04-01,9.322533503
PIR,1100000000,서울,2,1,2010-04-01,24.95173456
PIR,0000000000,전국,1,1,2010-04-01,5.171366505
PIR,1100000000,서울,1,1,2010-04-01,16.05215092
PIR,0000000000,전국,5,5,2010-05-01,6.972173919
PIR,1100000000,서울,5,5,2010-05-01,12.09886058
PIR,0000000000,전국,4,5,2010-05-01,3.637652534
PIR,1100000000,서울,4,5,2010-05-01,7.247972713
PIR,0000000000,전국,3,5,2010-05-01,2.378186374
PIR,1100000000,서울,3,5,2010-05-01,5.429991152
PIR,0000000000,전국,2,5,2010-05-01,1.570648058
PIR,1100000000,서울,2,5,2010-05-01,4.10585206
PIR,0000000000,전국,1,5,2010-05-01,0.874174727
PIR,1100000000,서울,1,5,2010-05-01,2.66418061
PIR,0000000000,전국,5,4,2010-05-01,11.03602806
PIR,1100000000,서울,5,4,2010-05-01,19.28842779
PIR,0000000000,전국,4,4,2010-05-01,5.757922264
PIR,1100000000,서울,4,4,2010-05-01,11.55497226
PIR,0000000000,전국,3,4,2010-05-01,3.764354112
PIR,1100000000,서울,3,4,2010-05-01,8.656682304
PIR,0000000000,전국,2,4,2010-05-01,2.486127892
PIR,1100000000,서울,2,4,2010-05-01,6.54569333
PIR,0000000000,전국,1,4,2010-05-01,1.383702834
PIR,1100000000,서울,1,4,2010-05-01,4.247330151
PIR,0000000000,전국,5,3,2010-05-01,14.7302101
PIR,1100000000,서울,5,3,2010-05-01,25.84980052
PIR,0000000000,전국,4,3,2010-05-01,7.685319776
PIR,1100000000,서울,4,3,2010-05-01,15.48564409
PIR,0000000000,전국,3,3,2010-05-01,5.024427871
PIR,1100000000,서울,3,3,2010-05-01,11.6014386
PIR,0000000000,전국,2,3,2010-05-01,3.318330289
PIR,1100000000,서울,2,3,2010-05-01,8.772351413
PIR,0000000000,전국,1,3,2010-05-01,1.846881266
PIR,1100000000,서울,1,3,2010-05-01,5.692150668
PIR,0000000000,전국,5,2,2010-05-01,20.23874051
PIR,1100000000,서울,5,2,2010-05-01,35.58717721
PIR,0000000000,전국,4,2,2010-05-01,10.55933293
PIR,1100000000,서울,4,2,2010-05-01,21.31894054
PIR,0000000000,전국,3,2,2010-05-01,6.903370091
PIR,1100000000,서울,3,2,2010-05-01,15.97159138
PIR,0000000000,전국,2,2,2010-05-01,4.559257823
PIR,1100000000,서울,2,2,2010-05-01,12.07681367
PIR,0000000000,전국,1,2,2010-05-01,2.537543621
PIR,1100000000,서울,1,2,2010-05-01,7.836330279
PIR,0000000000,전국,5,1,2010-05-01,41.55034437
PIR,1100000000,서울,5,1,2010-05-01,72.70323075
PIR,0000000000,전국,4,1,2010-05-01,21.67842013
PIR,1100000000,서울,4,1,2010-05-01,43.55377345
PIR,0000000000,전국,3,1,2010-05-01,14.17269046
PIR,1100000000,서울,3,1,2010-05-01,32.62934532
PIR,0000000000,전국,2,1,2010-05-01,9.360203641
PIR,1100000000,서울,2,1,2010-05-01,24.67246463
PIR,0000000000,전국,1,1,2010-05-01,5.209603396
PIR,1100000000,서울,1,1,2010-05-01,16.00932058
PIR,0000000000,전국,5,5,2010-06-01,6.902120106
PIR,1100000000,서울,5,5,2010-06-01,11.96863587
PIR,0000000000,전국,4,5,2010-06-01,3.603897221
PIR,1100000000,서울,4,5,2010-06-01,7.168598934
PIR,0000000000,전국,3,5,2010-06-01,2.367187105
PIR,1100000000,서울,3,5,2010-06-01,5.402444317
PIR,0000000000,전국,2,5,2010-06-01,1.577977474
PIR,1100000000,서울,2,5,2010-06-01,4.104400769
PIR,0000000000,전국,1,5,2010-06-01,0.877896658
PIR,1100000000,서울,1,5,2010-06-01,2.662820912
PIR,0000000000,전국,5,4,2010-06-01,10.92514215
PIR,1100000000,서울,5,4,2010-06-01,19.08081899
PIR,0000000000,전국,4,4,2010-06-01,5.704492073
PIR,1100000000,서울,4,4,2010-06-01,11.4284318
PIR,0000000000,전국,3,4,2010-06-01,3.746943724
PIR,1100000000,서울,3,4,2010-06-01,8.612766174
PIR,0000000000,전국,2,4,2010-06-01,2.497729386
PIR,1100000000,서울,2,4,2010-06-01,6.543379632
PIR,0000000000,전국,1,4,2010-06-01,1.389594159
PIR,1100000000,서울,1,4,2010-06-01,4.245162472
PIR,0000000000,전국,5,3,2010-06-01,14.58220642
PIR,1100000000,서울,5,3,2010-06-01,25.57156912
PIR,0000000000,전국,4,3,2010-06-01,7.614004451
PIR,1100000000,서울,4,3,2010-06-01,15.31605817
PIR,0000000000,전국,3,3,2010-06-01,5.001189559
PIR,1100000000,서울,3,3,2010-06-01,11.54258345
PIR,0000000000,전국,2,3,2010-06-01,3.333815249
PIR,1100000000,서울,2,3,2010-06-01,8.769250661
PIR,0000000000,전국,1,3,2010-06-01,1.854744643
PIR,1100000000,서울,1,3,2010-06-01,5.689245606
PIR,0000000000,전국,5,2,2010-06-01,20.03538916
PIR,1100000000,서울,5,2,2010-06-01,35.20413867
PIR,0000000000,전국,4,2,2010-06-01,10.46134843
PIR,1100000000,서울,4,2,2010-06-01,21.08547321
PIR,0000000000,전국,3,2,2010-06-01,6.871441547
PIR,1100000000,서울,3,2,2010-06-01,15.89056606
PIR,0000000000,전국,2,2,2010-06-01,4.58053356
PIR,1100000000,서울,2,2,2010-06-01,12.07254489
PIR,0000000000,전국,1,2,2010-06-01,2.548347598
PIR,1100000000,서울,1,2,2010-06-01,7.832330908
PIR,0000000000,전국,5,1,2010-06-01,41.13286194
PIR,1100000000,서울,5,1,2010-06-01,71.92069779
PIR,0000000000,전국,4,1,2010-06-01,21.47725692
PIR,1100000000,서울,4,1,2010-06-01,43.07680869
PIR,0000000000,전국,3,1,2010-06-01,14.10714083
PIR,1100000000,서울,3,1,2010-06-01,32.4638137
PIR,0000000000,전국,2,1,2010-06-01,9.40388295
PIR,1100000000,서울,2,1,2010-06-01,24.66374369
PIR,0000000000,전국,1,1,2010-06-01,5.231784074
PIR,1100000000,서울,1,1,2010-06-01,16.00115002
PIR,0000000000,전국,5,5,2010-07-01,6.592749244
PIR,1100000000,서울,5,5,2010-07-01,11.43896147
PIR,0000000000,전국,4,5,2010-07-01,3.448669536
PIR,1100000000,서울,4,5,2010-07-01,6.871896241
PIR,0000000000,전국,3,5,2010-07-01,2.269278985
PIR,1100000000,서울,3,5,2010-07-01,5.165093792
PIR,0000000000,전국,2,5,2010-07-01,1.516597078
PIR,1100000000,서울,2,5,2010-07-01,3.906469896
PIR,0000000000,전국,1,5,2010-07-01,0.84672894
PIR,1100000000,서울,1,5,2010-07-01,2.537051847
PIR,0000000000,전국,5,4,2010-07-01,10.48974535
PIR,1100000000,서울,5,4,2010-07-01,18.30975128
PIR,0000000000,전국,4,4,2010-07-01,5.487189623
PIR,1100000000,서울,4,4,2010-07-01,10.99948727
PIR,0000000000,전국,3,4,2010-07-01,3.610657377
PIR,1100000000,서울,3,4,2010-07-01,8.267497267
PIR,0000000000,전국,2,4,2010-07-01,2.413062678
PIR,1100000000,서울,2,4,2010-07-01,6.252883392
PIR,0000000000,전국,1,4,2010-07-01,1.347233246
PIR,1100000000,서울,1,4,2010-07-01,4.060927072
PIR,0000000000,전국,5,3,2010-07-01,14.01308601
PIR,1100000000,서울,5,3,2010-07-01,24.50547124
PIR,0000000000,전국,4,3,2010-07-01,7.330250408
PIR,1100000000,서울,4,3,2010-07-01,14.72153361
PIR,0000000000,전국,3,3,2010-07-01,4.823420462
PIR,1100000000,서울,3,3,2010-07-01,11.06508294
PIR,0000000000,전국,2,3,2010-07-01,3.22357252
PIR,1100000000,서울,2,3,2010-07-01,8.368756723
PIR,0000000000,전국,1,3,2010-07-01,1.799747727
PIR,1100000000,서울,1,3,2010-07-01,5.435078284
PIR,0000000000,전국,5,2,2010-07-01,19.40035752
PIR,1100000000,서울,5,2,2010-07-01,34.07225279
PIR,0000000000,전국,4,2,2010-07-01,10.1483341
PIR,1100000000,서울,4,2,2010-07-01,20.46872756
PIR,0000000000,전국,3,2,2010-07-01,6.677764011
PIR,1100000000,서울,3,2,2010-07-01,15.38482159
PIR,0000000000,전국,2,2,2010-07-01,4.462861309
PIR,1100000000,서울,2,2,2010-07-01,11.63586661
PIR,0000000000,전국,1,2,2010-07-01,2.491653111
PIR,1100000000,서울,1,2,2010-07-01,7.556898598
PIR,0000000000,전국,5,1,2010-07-01,41.05335697
PIR,1100000000,서울,5,1,2010-07-01,71.53208457
PIR,0000000000,전국,4,1,2010-07-01,21.47502602
PIR,1100000000,서울,4,1,2010-07-01,42.97252547
PIR,0000000000,전국,3,1,2010-07-01,14.13090606
PIR,1100000000,서울,3,1,2010-07-01,32.29925435
PIR,0000000000,전국,2,1,2010-07-01,9.443920723
PIR,1100000000,서울,2,1,2010-07-01,24.42861056
PIR,0000000000,전국,1,1,2010-07-01,5.272620594
PIR,1100000000,서울,1,1,2010-07-01,15.86512969
PIR,0000000000,전국,5,5,2010-08-01,6.552859221
PIR,1100000000,서울,5,5,2010-08-01,11.39962
PIR,0000000000,전국,4,5,2010-08-01,3.445895089
PIR,1100000000,서울,4,5,2010-08-01,6.853173919
PIR,0000000000,전국,3,5,2010-08-01,2.268800398
PIR,1100000000,서울,3,5,2010-08-01,5.151323638
PIR,0000000000,전국,2,5,2010-08-01,1.524196312
PIR,1100000000,서울,2,5,2010-08-01,3.898234787
PIR,0000000000,전국,1,5,2010-08-01,0.863626989
PIR,1100000000,서울,1,5,2010-08-01,2.521478797
PIR,0000000000,전국,5,4,2010-08-01,10.4262762
PIR,1100000000,서울,5,4,2010-08-01,18.24677944
PIR,0000000000,전국,4,4,2010-08-01,5.482775191
PIR,1100000000,서울,4,4,2010-08-01,10.96951942
PIR,0000000000,전국,3,4,2010-08-01,3.609895895
PIR,1100000000,서울,3,4,2010-08-01,8.245456097
PIR,0000000000,전국,2,4,2010-08-01,2.425153845
PIR,1100000000,서울,2,4,2010-08-01,6.23970188
PIR,0000000000,전국,1,4,2010-08-01,1.374119788
PIR,1100000000,서울,1,4,2010-08-01,4.0360001
PIR,0000000000,전국,5,3,2010-08-01,13.92829857
PIR,1100000000,서울,5,3,2010-08-01,24.42119076
PIR,0000000000,전국,4,3,2010-08-01,7.324353237
PIR,1100000000,서울,4,3,2010-08-01,14.68142513
PIR,0000000000,전국,3,3,2010-08-01,4.82240321
PIR,1100000000,서울,3,3,2010-08-01,11.0355834
PIR,0000000000,전국,2,3,2010-08-01,3.239724919
PIR,1100000000,서울,2,3,2010-08-01,8.351114804
PIR,0000000000,전국,1,3,2010-08-01,1.835665036
PIR,1100000000,서울,1,3,2010-08-01,5.401716432
PIR,0000000000,전국,5,2,2010-08-01,19.28297391
PIR,1100000000,서울,5,2,2010-08-01,33.95506974
PIR,0000000000,전국,4,2,2010-08-01,10.14016979
PIR,1100000000,서울,4,2,2010-08-01,20.41296099
PIR,0000000000,전국,3,2,2010-08-01,6.676355681
PIR,1100000000,서울,3,2,2010-08-01,15.34380562
PIR,0000000000,전국,2,2,2010-08-01,4.48522343
PIR,1100000000,서울,2,2,2010-08-01,11.6113374
PIR,0000000000,전국,1,2,2010-08-01,2.541378678
PIR,1100000000,서울,1,2,2010-08-01,7.510512489
PIR,0000000000,전국,5,1,2010-08-01,40.80495994
PIR,1100000000,서울,5,1,2010-08-01,71.28606773
PIR,0000000000,전국,4,1,2010-08-01,21.45774941
PIR,1100000000,서울,4,1,2010-08-01,42.85544782
PIR,0000000000,전국,3,1,2010-08-01,14.12792588
PIR,1100000000,서울,3,1,2010-08-01,32.21314445
PIR,0000000000,전국,2,1,2010-08-01,9.491241508
PIR,1100000000,서울,2,1,2010-08-01,24.37711336
PIR,0000000000,전국,1,1,2010-08-01,5.377845534
PIR,1100000000,서울,1,1,2010-08-01,15.76774561
PIR,0000000000,전국,5,5,2010-09-01,6.491207444
PIR,1100000000,서울,5,5,2010-09-01,11.39667059
PIR,0000000000,전국,4,5,2010-09-01,3.434552777
PIR,1100000000,서울,4,5,2010-09-01,6.780734575
PIR,0000000000,전국,3,5,2010-09-01,2.269308342
PIR,1100000000,서울,3,5,2010-09-01,5.097045372
PIR,0000000000,전국,2,5,2010-09-01,1.527214448
PIR,1100000000,서울,2,5,2010-09-01,3.8875538
PIR,0000000000,전국,1,5,2010-09-01,0.867023762
PIR,1100000000,서울,1,5,2010-09-01,2.523036765
PIR,0000000000,전국,5,4,2010-09-01,10.32818186
PIR,1100000000,서울,5,4,2010-09-01,18.24205847
PIR,0000000000,전국,4,4,2010-09-01,5.464728402
PIR,1100000000,서울,4,4,2010-09-01,10.85356952
PIR,0000000000,전국,3,4,2010-09-01,3.610704086
PIR,1100000000,서울,3,4,2010-09-01,8.158575697
PIR,0000000000,전국,2,4,2010-09-01,2.429956011
PIR,1100000000,서울,2,4,2010-09-01,6.222605379
PIR,0000000000,전국,1,4,2010-09-01,1.379524405
PIR,1100000000,서울,1,4,2010-09-01,4.038493858
PIR,0000000000,전국,5,3,2010-09-01,13.79725587
PIR,1100000000,서울,5,3,2010-09-01,24.4148723
PIR,0000000000,전국,4,3,2010-09-01,7.300244814
PIR,1100000000,서울,4,3,2010-09-01,14.52623969
PIR,0000000000,전국,3,3,2010-09-01,4.82348286
PIR,1100000000,서울,3,3,2010-09-01,10.91930409
PIR,0000000000,전국,2,3,2010-09-01,3.246140058
PIR,1100000000,서울,2,3,2010-09-01,8.328233126
PIR,0000000000,전국,1,3,2010-09-01,1.842884979
PIR,1100000000,서울,1,3,2010-09-01,5.405054038
PIR,0000000000,전국,5,2,2010-09-01,19.1015524
PIR,1100000000,서울,5,2,2010-09-01,33.94628459
PIR,0000000000,전국,4,2,2010-09-01,10.10679299
PIR,1100000000,서울,4,2,2010-09-01,20.19719213
PIR,0000000000,전국,3,2,2010-09-01,6.677850398
PIR,1100000000,서울,3,2,2010-09-01,15.1821316
PIR,0000000000,전국,2,2,2010-09-01,4.494104842
PIR,1100000000,서울,2,2,2010-09-01,11.57952286
PIR,0000000000,전국,1,2,2010-09-01,2.551374297
PIR,1100000000,서울,1,2,2010-09-01,7.515153074
PIR,0000000000,전국,5,1,2010-09-01,40.42105145
PIR,1100000000,서울,5,1,2010-09-01,71.26762397
PIR,0000000000,전국,4,1,2010-09-01,21.3871203
PIR,1100000000,서울,4,1,2010-09-01,42.40245763
PIR,0000000000,전국,3,1,2010-09-01,14.13108887
PIR,1100000000,서울,3,1,2010-09-01,31.87372224
PIR,0000000000,전국,2,1,2010-09-01,9.510035581
PIR,1100000000,서울,2,1,2010-09-01,24.31032117
PIR,0000000000,전국,1,1,2010-09-01,5.398997398
PIR,1100000000,서울,1,1,2010-09-01,15.77748817
PIR,0000000000,전국,5,5,2010-10-01,6.535750308
PIR,1100000000,서울,5,5,2010-10-01,11.5894883
PIR,0000000000,전국,4,5,2010-10-01,3.473633872
PIR,1100000000,서울,4,5,2010-10-01,6.887723841
PIR,0000000000,전국,3,5,2010-10-01,2.302296179
PIR,1100000000,서울,3,5,2010-10-01,5.181796437
PIR,0000000000,전국,2,5,2010-10-01,1.552004851
PIR,1100000000,서울,2,5,2010-10-01,3.94976157
PIR,0000000000,전국,1,5,2010-10-01,0.88190818
PIR,1100000000,서울,1,5,2010-10-01,2.558147588
PIR,0000000000,전국,5,4,2010-10-01,10.43220304
PIR,1100000000,서울,5,4,2010-10-01,18.55375228
PIR,0000000000,전국,4,4,2010-10-01,5.544528499
PIR,1100000000,서울,4,4,2010-10-01,11.02664057
PIR,0000000000,전국,3,4,2010-10-01,3.674868235
PIR,1100000000,서울,3,4,2010-10-01,8.295600715
PIR,0000000000,전국,2,4,2010-10-01,2.47727177
PIR,1100000000,서울,2,4,2010-10-01,6.323221164
PIR,0000000000,전국,1,4,2010-10-01,1.407680031
PIR,1100000000,서울,1,4,2010-10-01,4.095369476
PIR,0000000000,전국,5,3,2010-10-01,13.77495176
PIR,1100000000,서울,5,3,2010-10-01,24.53862889
PIR,0000000000,전국,4,3,2010-10-01,7.321139389
PIR,1100000000,서울,4,3,2010-10-01,14.58349971
PIR,0000000000,전국,3,3,2010-10-01,4.852391432
PIR,1100000000,서울,3,3,2010-10-01,10.97150939
PIR,0000000000,전국,2,3,2010-10-01,3.271053965
PIR,1100000000,서울,2,3,2010-10-01,8.362900142
PIR,0000000000,전국,1,3,2010-10-01,1.858737262
PIR,1100000000,서울,1,3,2010-10-01,5.416411205
PIR,0000000000,전국,5,2,2010-10-01,19.13283616
PIR,1100000000,서울,5,2,2010-10-01,34.09820847
PIR,0000000000,전국,4,2,2010-10-01,10.16875869
PIR,1100000000,서울,4,2,2010-10-01,20.26483286
PIR,0000000000,전국,3,2,2010-10-01,6.739770264
PIR,1100000000,서울,3,2,2010-10-01,15.24570978
PIR,0000000000,전국,2,2,2010-10-01,4.543358168
PIR,1100000000,서울,2,2,2010-10-01,11.62085762
PIR,0000000000,전국,1,2,2010-10-01,2.581708896
PIR,1100000000,서울,1,2,2010-10-01,7.526497068
PIR,0000000000,전국,5,1,2010-10-01,40.56473385
PIR,1100000000,서울,5,1,2010-10-01,72.29099378
PIR,0000000000,전국,4,1,2010-10-01,21.55942728
PIR,1100000000,서울,4,1,2010-10-01,42.96310487
PIR,0000000000,전국,3,1,2010-10-01,14.28941244
PIR,1100000000,서울,3,1,2010-10-01,32.32215299
PIR,0000000000,전국,2,1,2010-10-01,9.632660486
PIR,1100000000,서울,2,1,2010-10-01,24.63716962
PIR,0000000000,전국,1,1,2010-10-01,5.473644021
PIR,1100000000,서울,1,1,2010-10-01,15.95679003
PIR,0000000000,전국,5,5,2010-11-01,6.518411537
PIR,1100000000,서울,5,5,2010-11-01,11.58056762
PIR,0000000000,전국,4,5,2010-11-01,3.468820851
PIR,1100000000,서울,4,5,2010-11-01,6.884348306
PIR,0000000000,전국,3,5,2010-11-01,2.315763503
PIR,1100000000,서울,3,5,2010-11-01,5.181765698
PIR,0000000000,전국,2,5,2010-11-01,1.573311767
PIR,1100000000,서울,2,5,2010-11-01,3.946516902
PIR,0000000000,전국,1,5,2010-11-01,0.887795706
PIR,1100000000,서울,1,5,2010-11-01,2.55764736
PIR,0000000000,전국,5,4,2010-11-01,10.40452732
PIR,1100000000,서울,5,4,2010-11-01,18.53947104
PIR,0000000000,전국,4,4,2010-11-01,5.536846074
PIR,1100000000,서울,4,4,2010-11-01,11.02123664
PIR,0000000000,전국,3,4,2010-11-01,3.696364445
PIR,1100000000,서울,3,4,2010-11-01,8.295551504
PIR,0000000000,전국,2,4,2010-11-01,2.511281341
PIR,1100000000,서울,2,4,2010-11-01,6.318026737
PIR,0000000000,전국,1,4,2010-11-01,1.417077554
PIR,1100000000,서울,1,4,2010-11-01,4.094568655
PIR,0000000000,전국,5,3,2010-11-01,13.73840802
PIR,1100000000,서울,5,3,2010-11-01,24.51974096
PIR,0000000000,전국,4,3,2010-11-01,7.310995316
PIR,1100000000,서울,4,3,2010-11-01,14.57635263
PIR,0000000000,전국,3,3,2010-11-01,4.880775586
PIR,1100000000,서울,3,3,2010-11-01,10.97144431
PIR,0000000000,전국,2,3,2010-11-01,3.315961086
PIR,1100000000,서울,2,3,2010-11-01,8.356030149
PIR,0000000000,전국,1,3,2010-11-01,1.871145995
PIR,1100000000,서울,1,3,2010-11-01,5.415352065
PIR,0000000000,전국,5,2,2010-11-01,19.08207843
PIR,1100000000,서울,5,2,2010-11-01,34.07196232
PIR,0000000000,전국,4,2,2010-11-01,10.154669
PIR,1100000000,서울,4,2,2010-11-01,20.25490147
PIR,0000000000,전국,3,2,2010-11-01,6.779194675
PIR,1100000000,서울,3,2,2010-11-01,15.24561934
PIR,0000000000,전국,2,2,2010-11-01,4.605732295
PIR,1100000000,서울,2,2,2010-11-01,11.61131126
PIR,0000000000,전국,1,2,2010-11-01,2.598944112
PIR,1100000000,서울,1,2,2010-11-01,7.525025316
PIR,0000000000,전국,5,1,2010-11-01,40.45711918
PIR,1100000000,서울,5,1,2010-11-01,72.2353498
PIR,0000000000,전국,4,1,2010-11-01,21.52955483
PIR,1100000000,서울,4,1,2010-11-01,42.94204952
PIR,0000000000,전국,3,1,2010-11-01,14.37299862
PIR,1100000000,서울,3,1,2010-11-01,32.32196125
PIR,0000000000,전국,2,1,2010-11-01,9.764903812
PIR,1100000000,서울,2,1,2010-11-01,24.61693057
PIR,0000000000,전국,1,1,2010-11-01,5.51018549
PIR,1100000000,서울,1,1,2010-11-01,15.95366979
PIR,0000000000,전국,5,5,2010-12-01,6.525487369
PIR,1100000000,서울,5,5,2010-12-01,11.47317776
PIR,0000000000,전국,4,5,2010-12-01,3.476209026
PIR,1100000000,서울,4,5,2010-12-01,6.831392967
PIR,0000000000,전국,3,5,2010-12-01,2.328346324
PIR,1100000000,서울,3,5,2010-12-01,5.182695971
PIR,0000000000,전국,2,5,2010-12-01,1.585388535
PIR,1100000000,서울,2,5,2010-12-01,3.954319732
PIR,0000000000,전국,1,5,2010-12-01,0.891593915
PIR,1100000000,서울,1,5,2010-12-01,2.570798081
PIR,0000000000,전국,5,4,2010-12-01,10.41582159
PIR,1100000000,서울,5,4,2010-12-01,18.36754932
PIR,0000000000,전국,4,4,2010-12-01,5.548638897
PIR,1100000000,서울,4,4,2010-12-01,10.93645979
PIR,0000000000,전국,3,4,2010-12-01,3.716448834
PIR,1100000000,서울,3,4,2010-12-01,8.297040789
PIR,0000000000,전국,2,4,2010-12-01,2.530557981
PIR,1100000000,서울,2,4,2010-12-01,6.330518381
PIR,0000000000,전국,1,4,2010-12-01,1.423140163
PIR,1100000000,서울,1,4,2010-12-01,4.115621804
PIR,0000000000,전국,5,3,2010-12-01,13.75332127
PIR,1100000000,서울,5,3,2010-12-01,24.29236252
PIR,0000000000,전국,4,3,2010-12-01,7.326566865
PIR,1100000000,서울,4,3,2010-12-01,14.46422935
PIR,0000000000,전국,3,3,2010-12-01,4.907295534
PIR,1100000000,서울,3,3,2010-12-01,10.97341399
PIR,0000000000,전국,2,3,2010-12-01,3.341414462
PIR,1100000000,서울,2,3,2010-12-01,8.372551218
PIR,0000000000,전국,1,3,2010-12-01,1.879151221
PIR,1100000000,서울,1,3,2010-12-01,5.443196319
PIR,0000000000,전국,5,2,2010-12-01,19.10279231
PIR,1100000000,서울,5,2,2010-12-01,33.75600344
PIR,0000000000,전국,4,2,2010-12-01,10.17629723
PIR,1100000000,서울,4,2,2010-12-01,20.09909803
PIR,0000000000,전국,3,2,2010-12-01,6.816029783
PIR,1100000000,서울,3,2,2010-12-01,15.24835636
PIR,0000000000,전국,2,2,2010-12-01,4.641085977
PIR,1100000000,서울,2,2,2010-12-01,11.63426849
PIR,0000000000,전국,1,2,2010-12-01,2.610063038
PIR,1100000000,서울,1,2,2010-12-01,7.563716931
PIR,0000000000,전국,5,1,2010-12-01,40.50103598
PIR,1100000000,서울,5,1,2010-12-01,71.56549112
PIR,0000000000,전국,4,1,2010-12-01,21.57541022
PIR,1100000000,서울,4,1,2010-12-01,42.61173346
PIR,0000000000,전국,3,1,2010-12-01,14.45109506
PIR,1100000000,서울,3,1,2010-12-01,32.32776395
PIR,0000000000,전국,2,1,2010-12-01,9.839859384
PIR,1100000000,서울,2,1,2010-12-01,24.66560176
PIR,0000000000,전국,1,1,2010-12-01,5.533759427
PIR,1100000000,서울,1,1,2010-12-01,16.03569918
PIR,0000000000,전국,5,5,2011-01-01,5.792035336
PIR,1100000000,서울,5,5,2011-01-01,10.25622869
PIR,0000000000,전국,4,5,2011-01-01,3.08274613
PIR,1100000000,서울,4,5,2011-01-01,6.070214442
PIR,0000000000,전국,3,5,2011-01-01,2.074350308
PIR,1100000000,서울,3,5,2011-01-01,4.577040652
PIR,0000000000,전국,2,5,2011-01-01,1.427232357
PIR,1100000000,서울,2,5,2011-01-01,3.492294204
PIR,0000000000,전국,1,5,2011-01-01,0.810993223
PIR,1100000000,서울,1,5,2011-01-01,2.268633228
PIR,0000000000,전국,5,4,2011-01-01,9.929057627
PIR,1100000000,서울,5,4,2011-01-01,17.69338007
PIR,0000000000,전국,4,4,2011-01-01,5.284630048
PIR,1100000000,서울,4,4,2011-01-01,10.47193998
PIR,0000000000,전국,3,4,2011-01-01,3.555976882
PIR,1100000000,서울,3,4,2011-01-01,7.896013466
PIR,0000000000,전국,2,4,2011-01-01,2.446648112
PIR,1100000000,서울,2,4,2011-01-01,6.024679298
PIR,0000000000,전국,1,4,2011-01-01,1.390253681
PIR,1100000000,서울,1,4,2011-01-01,3.913698803
PIR,0000000000,전국,5,3,2011-01-01,13.45624775
PIR,1100000000,서울,5,3,2011-01-01,24.07219287
PIR,0000000000,전국,4,3,2011-01-01,7.161937605
PIR,1100000000,서울,4,3,2011-01-01,14.24728106
PIR,0000000000,전국,3,3,2011-01-01,4.819199135
PIR,1100000000,서울,3,3,2011-01-01,10.74268219
PIR,0000000000,전국,2,3,2011-01-01,3.31579334
PIR,1100000000,서울,2,3,2011-01-01,8.196695115
PIR,0000000000,전국,1,3,2011-01-01,1.884126235
PIR,1100000000,서울,1,3,2011-01-01,5.32466448
PIR,0000000000,전국,5,2,2011-01-01,18.82424524
PIR,1100000000,서울,5,2,2011-01-01,33.70745819
PIR,0000000000,전국,4,2,2011-01-01,10.01899433
PIR,1100000000,서울,4,2,2011-01-01,19.94997437
PIR,0000000000,전국,3,2,2011-01-01,6.741685205
PIR,1100000000,서울,3,2,2011-01-01,15.04260592
PIR,0000000000,전국,2,2,2011-01-01,4.638537292
PIR,1100000000,서울,2,2,2011-01-01,11.47754836
PIR,0000000000,전국,1,2,2011-01-01,2.635746233
PIR,1100000000,서울,1,2,2011-01-01,7.455943308
PIR,0000000000,전국,5,1,2011-01-01,41.00218223
PIR,1100000000,서울,5,1,2011-01-01,73.09272985
PIR,0000000000,전국,4,1,2011-01-01,21.82295363
PIR,1100000000,서울,4,1,2011-01-01,43.2603989
PIR,0000000000,전국,3,1,2011-01-01,14.68445623
PIR,1100000000,서울,3,1,2011-01-01,32.61904604
PIR,0000000000,전국,2,1,2011-01-01,10.10346757
PIR,1100000000,서울,2,1,2011-01-01,24.88841898
PIR,0000000000,전국,1,1,2011-01-01,5.741072003
PIR,1100000000,서울,1,1,2011-01-01,16.16779429
PIR,0000000000,전국,5,5,2011-02-01,5.852007136
PIR,1100000000,서울,5,5,2011-02-01,10.25843941
PIR,0000000000,전국,4,5,2011-02-01,3.106308351
PIR,1100000000,서울,4,5,2011-02-01,6.074946171
PIR,0000000000,전국,3,5,2011-02-01,2.095991381
PIR,1100000000,서울,3,5,2011-02-01,4.571173618
PIR,0000000000,전국,2,5,2011-02-01,1.445178171
PIR,1100000000,서울,2,5,2011-02-01,3.484709148
PIR,0000000000,전국,1,5,2011-02-01,0.826265393
PIR,1100000000,서울,1,5,2011-02-01,2.274285392
PIR,0000000000,전국,5,4,2011-02-01,10.03186492
PIR,1100000000,서울,5,4,2011-02-01,17.69719387
PIR,0000000000,전국,4,4,2011-02-01,5.325021834
PIR,1100000000,서울,4,4,2011-02-01,10.48010285
PIR,0000000000,전국,3,4,2011-02-01,3.593075318
PIR,1100000000,서울,3,4,2011-02-01,7.885892041
PIR,0000000000,전국,2,4,2011-02-01,2.477411914
PIR,1100000000,서울,2,4,2011-02-01,6.011594053
PIR,0000000000,전국,1,4,2011-02-01,1.41643416
PIR,1100000000,서울,1,4,2011-02-01,3.923449549
PIR,0000000000,전국,5,3,2011-02-01,13.59557622
PIR,1100000000,서울,5,3,2011-02-01,24.07738161
PIR,0000000000,전국,4,3,2011-02-01,7.216678136
PIR,1100000000,서울,4,3,2011-02-01,14.25838681
PIR,0000000000,전국,3,3,2011-02-01,4.869476389
PIR,1100000000,서울,3,3,2011-02-01,10.72891179
PIR,0000000000,전국,2,3,2011-02-01,3.357485649
PIR,1100000000,서울,2,3,2011-02-01,8.178892381
PIR,0000000000,전국,1,3,2011-02-01,1.919607046
PIR,1100000000,서울,1,3,2011-02-01,5.337930562
PIR,0000000000,전국,5,2,2011-02-01,19.01915494
PIR,1100000000,서울,5,2,2011-02-01,33.71472381
PIR,0000000000,전국,4,2,2011-02-01,10.09557208
PIR,1100000000,서울,4,2,2011-02-01,19.96552536
PIR,0000000000,전국,3,2,2011-02-01,6.812019177
PIR,1100000000,서울,3,2,2011-02-01,15.0233237
PIR,0000000000,전국,2,2,2011-02-01,4.696861593
PIR,1100000000,서울,2,2,2011-02-01,11.45261981
PIR,0000000000,전국,1,2,2011-02-01,2.685381131
PIR,1100000000,서울,1,2,2011-02-01,7.474519344
PIR,0000000000,전국,5,1,2011-02-01,41.42672637
PIR,1100000000,서울,5,1,2011-02-01,73.10848494
PIR,0000000000,전국,4,1,2011-02-01,21.98975208
PIR,1100000000,서울,4,1,2011-02-01,43.29412035
PIR,0000000000,전국,3,1,2011-02-01,14.83765474
PIR,1100000000,서울,3,1,2011-02-01,32.57723365
PIR,0000000000,전국,2,1,2011-02-01,10.23050712
PIR,1100000000,서울,2,1,2011-02-01,24.83436281
PIR,0000000000,전국,1,1,2011-02-01,5.849184658
PIR,1100000000,서울,1,1,2011-02-01,16.20807538
PIR,0000000000,전국,5,5,2011-03-01,5.830908666
PIR,1100000000,서울,5,5,2011-03-01,10.2602361
PIR,0000000000,전국,4,5,2011-03-01,3.11996136
PIR,1100000000,서울,4,5,2011-03-01,6.0741848
PIR,0000000000,전국,3,5,2011-03-01,2.114782667
PIR,1100000000,서울,3,5,2011-03-01,4.562591554
PIR,0000000000,전국,2,5,2011-03-01,1.468575691
PIR,1100000000,서울,2,5,2011-03-01,3.481272973
PIR,0000000000,전국,1,5,2011-03-01,0.846170006
PIR,1100000000,서울,1,5,2011-03-01,2.282670562
PIR,0000000000,전국,5,4,2011-03-01,9.995696644
PIR,1100000000,서울,5,4,2011-03-01,17.70029339
PIR,0000000000,전국,4,4,2011-03-01,5.348426649
PIR,1100000000,서울,4,4,2011-03-01,10.47878938
PIR,0000000000,전국,3,4,2011-03-01,3.625288478
PIR,1100000000,서울,3,4,2011-03-01,7.87108682
PIR,0000000000,전국,2,4,2011-03-01,2.517521359
PIR,1100000000,서울,2,4,2011-03-01,6.005666187
PIR,0000000000,전국,1,4,2011-03-01,1.450555852
PIR,1100000000,서울,1,4,2011-03-01,3.9379151
PIR,0000000000,전국,5,3,2011-03-01,13.54655956
PIR,1100000000,서울,5,3,2011-03-01,24.08159858
PIR,0000000000,전국,4,3,2011-03-01,7.248397258
PIR,1100000000,서울,4,3,2011-03-01,14.25659981
PIR,0000000000,전국,3,3,2011-03-01,4.913132924
PIR,1100000000,서울,3,3,2011-03-01,10.708769
PIR,0000000000,전국,2,3,2011-03-01,3.41184354
PIR,1100000000,서울,2,3,2011-03-01,8.170827402
PIR,0000000000,전국,1,3,2011-03-01,1.965850099
PIR,1100000000,서울,1,3,2011-03-01,5.357611231
PIR,0000000000,전국,5,2,2011-03-01,18.95058444
PIR,1100000000,서울,5,2,2011-03-01,33.72062868
PIR,0000000000,전국,4,2,2011-03-01,10.13994466
PIR,1100000000,서울,4,2,2011-03-01,19.96302309
PIR,0000000000,전국,3,2,2011-03-01,6.873091279
PIR,1100000000,서울,3,2,2011-03-01,14.99511844
PIR,0000000000,전국,2,2,2011-03-01,4.77290406
PIR,1100000000,서울,2,2,2011-03-01,11.4413267
PIR,0000000000,전국,1,2,2011-03-01,2.750071569
PIR,1100000000,서울,1,2,2011-03-01,7.502077503
PIR,0000000000,전국,5,1,2011-03-01,41.27736898
PIR,1100000000,서울,5,1,2011-03-01,73.12128932
PIR,0000000000,전국,4,1,2011-03-01,22.08640259
PIR,1100000000,서울,4,1,2011-03-01,43.28869431
PIR,0000000000,전국,3,1,2011-03-01,14.97067943
PIR,1100000000,서울,3,1,2011-03-01,32.51607212
PIR,0000000000,전국,2,1,2011-03-01,10.39613963
PIR,1100000000,서울,2,1,2011-03-01,24.80987434
PIR,0000000000,전국,1,1,2011-03-01,5.990090661
PIR,1100000000,서울,1,1,2011-03-01,16.2678337
PIR,0000000000,전국,5,5,2011-04-01,6.445696085
PIR,1100000000,서울,5,5,2011-04-01,11.28836924
PIR,0000000000,전국,4,5,2011-04-01,3.491224101
PIR,1100000000,서울,4,5,2011-04-01,6.711246728
PIR,0000000000,전국,3,5,2011-04-01,2.383136166
PIR,1100000000,서울,3,5,2011-04-01,5.038895434
PIR,0000000000,전국,2,5,2011-04-01,1.656254229
PIR,1100000000,서울,2,5,2011-04-01,3.852096504
PIR,0000000000,전국,1,5,2011-04-01,0.947845932
PIR,1100000000,서울,1,5,2011-04-01,2.520151239
PIR,0000000000,전국,5,4,2011-04-01,10.24408735
PIR,1100000000,서울,5,4,2011-04-01,18.07753015
PIR,0000000000,전국,4,4,2011-04-01,5.548571354
PIR,1100000000,서울,4,4,2011-04-01,10.74759006
PIR,0000000000,전국,3,4,2011-04-01,3.787497073
PIR,1100000000,서울,3,4,2011-04-01,8.069436975
PIR,0000000000,전국,2,4,2011-04-01,2.632270087
PIR,1100000000,서울,2,4,2011-04-01,6.168861879
PIR,0000000000,전국,1,4,2011-04-01,1.506403093
PIR,1100000000,서울,1,4,2011-04-01,4.035845129
PIR,0000000000,전국,5,3,2011-04-01,13.45004884
PIR,1100000000,서울,5,3,2011-04-01,23.78036943
PIR,0000000000,전국,4,3,2011-04-01,7.285037032
PIR,1100000000,서울,4,3,2011-04-01,14.13808524
PIR,0000000000,전국,3,3,2011-04-01,4.972821773
PIR,1100000000,서울,3,3,2011-04-01,10.61506692
PIR,0000000000,전국,2,3,2011-04-01,3.456058116
PIR,1100000000,서울,2,3,2011-04-01,8.114925725
PIR,0000000000,전국,1,3,2011-04-01,1.977842875
PIR,1100000000,서울,1,3,2011-04-01,5.30901552
PIR,0000000000,전국,5,2,2011-04-01,18.65771958
PIR,1100000000,서울,5,2,2011-04-01,33.16912819
PIR,0000000000,전국,4,2,2011-04-01,10.10570145
PIR,1100000000,서울,4,2,2011-04-01,19.71996116
PIR,0000000000,전국,3,2,2011-04-01,6.898228793
PIR,1100000000,서울,3,2,2011-04-01,14.80601538
PIR,0000000000,전국,2,2,2011-04-01,4.794195468
PIR,1100000000,서울,2,2,2011-04-01,11.31879016
PIR,0000000000,전국,1,2,2011-04-01,2.743635966
PIR,1100000000,서울,1,2,2011-04-01,7.405074881
PIR,0000000000,전국,5,1,2011-04-01,39.45674533
PIR,1100000000,서울,5,1,2011-04-01,70.28685946
PIR,0000000000,전국,4,1,2011-04-01,21.37121242
PIR,1100000000,서울,4,1,2011-04-01,41.78747571
PIR,0000000000,전국,3,1,2011-04-01,14.5881524
PIR,1100000000,서울,3,1,2011-04-01,31.37460581
PIR,0000000000,전국,2,1,2011-04-01,10.13861039
PIR,1100000000,서울,2,1,2011-04-01,23.98502031
PIR,0000000000,전국,1,1,2011-04-01,5.802153103
PIR,1100000000,서울,1,1,2011-04-01,15.69168337
PIR,0000000000,전국,5,5,2011-05-01,6.452646516
PIR,1100000000,서울,5,5,2011-05-01,11.26275032
PIR,0000000000,전국,4,5,2011-05-01,3.501167848
PIR,1100000000,서울,4,5,2011-05-01,6.713704677
PIR,0000000000,전국,3,5,2011-05-01,2.40501369
PIR,1100000000,서울,3,5,2011-05-01,5.043310796
PIR,0000000000,전국,2,5,2011-05-01,1.687057128
PIR,1100000000,서울,2,5,2011-05-01,3.859065756
PIR,0000000000,전국,1,5,2011-05-01,0.972446133
PIR,1100000000,서울,1,5,2011-05-01,2.526080508
PIR,0000000000,전국,5,4,2011-05-01,10.25513361
PIR,1100000000,서울,5,4,2011-05-01,18.03650325
PIR,0000000000,전국,4,4,2011-05-01,5.564374863
PIR,1100000000,서울,4,4,2011-05-01,10.75152629
PIR,0000000000,전국,3,4,2011-05-01,3.822266826
PIR,1100000000,서울,3,4,2011-05-01,8.076507866
PIR,0000000000,전국,2,4,2011-05-01,2.68122486
PIR,1100000000,서울,2,4,2011-05-01,6.180022646
PIR,0000000000,전국,1,4,2011-05-01,1.545499975
PIR,1100000000,서울,1,4,2011-05-01,4.045340436
PIR,0000000000,전국,5,3,2011-05-01,13.4645521
PIR,1100000000,서울,5,3,2011-05-01,23.72639995
PIR,0000000000,전국,4,3,2011-05-01,7.305786363
PIR,1100000000,서울,4,3,2011-05-01,14.14326322
PIR,0000000000,전국,3,3,2011-05-01,5.018472972
PIR,1100000000,서울,3,3,2011-05-01,10.62436844
PIR,0000000000,전국,2,3,2011-05-01,3.52033364
PIR,1100000000,서울,2,3,2011-05-01,8.12960733
PIR,0000000000,전국,1,3,2011-05-01,2.029175409
PIR,1100000000,서울,1,3,2011-05-01,5.32150627
PIR,0000000000,전국,5,2,2011-05-01,18.67783831
PIR,1100000000,서울,5,2,2011-05-01,33.09385095
PIR,0000000000,전국,4,2,2011-05-01,10.13448463
PIR,1100000000,서울,4,2,2011-05-01,19.72718347
PIR,0000000000,전국,3,2,2011-05-01,6.961555497
PIR,1100000000,서울,3,2,2011-05-01,14.81898924
PIR,0000000000,전국,2,2,2011-05-01,4.883357576
PIR,1100000000,서울,2,2,2011-05-01,11.33926823
PIR,0000000000,전국,1,2,2011-05-01,2.814843739
PIR,1100000000,서울,1,2,2011-05-01,7.42249712
PIR,0000000000,전국,5,1,2011-05-01,39.49929176
PIR,1100000000,서울,5,1,2011-05-01,70.12734363
PIR,0000000000,전국,4,1,2011-05-01,21.43208217
PIR,1100000000,서울,4,1,2011-05-01,41.8027801
PIR,0000000000,전국,3,1,2011-05-01,14.72207368
PIR,1100000000,서울,3,1,2011-05-01,31.40209799
PIR,0000000000,전국,2,1,2011-05-01,10.32716755
PIR,1100000000,서울,2,1,2011-05-01,24.02841425
PIR,0000000000,전국,1,1,2011-05-01,5.952741012
PIR,1100000000,서울,1,1,2011-05-01,15.72860188
PIR,0000000000,전국,5,5,2011-06-01,6.807259492
PIR,1100000000,서울,5,5,2011-06-01,12.22415212
PIR,0000000000,전국,4,5,2011-06-01,3.688136484
PIR,1100000000,서울,4,5,2011-06-01,7.10808985
PIR,0000000000,전국,3,5,2011-06-01,2.507430182
PIR,1100000000,서울,3,5,2011-06-01,5.238986054
PIR,0000000000,전국,2,5,2011-06-01,1.753559582
PIR,1100000000,서울,2,5,2011-06-01,3.989441508
PIR,0000000000,전국,1,5,2011-06-01,1.016212348
PIR,1100000000,서울,1,5,2011-06-01,2.599357902
PIR,0000000000,전국,5,4,2011-06-01,10.81871685
PIR,1100000000,서울,5,4,2011-06-01,19.57612068
PIR,0000000000,전국,4,4,2011-06-01,5.861522449
PIR,1100000000,서울,4,4,2011-06-01,11.38310644
PIR,0000000000,전국,3,4,2011-06-01,3.985036445
PIR,1100000000,서울,3,4,2011-06-01,8.389868042
PIR,0000000000,전국,2,4,2011-06-01,2.786916618
PIR,1100000000,서울,2,4,2011-06-01,6.388810253
PIR,0000000000,전국,1,4,2011-06-01,1.61505723
PIR,1100000000,서울,1,4,2011-06-01,4.162689033
PIR,0000000000,전국,5,3,2011-06-01,14.20451281
PIR,1100000000,서울,5,3,2011-06-01,25.75171376
PIR,0000000000,전국,4,3,2011-06-01,7.695928443
PIR,1100000000,서울,4,3,2011-06-01,14.97408518
PIR,0000000000,전국,3,3,2011-06-01,5.232182524
PIR,1100000000,서울,3,3,2011-06-01,11.03658298
PIR,0000000000,전국,2,3,2011-06-01,3.659102402
PIR,1100000000,서울,2,3,2011-06-01,8.404260249
PIR,0000000000,전국,1,3,2011-06-01,2.120501112
PIR,1100000000,서울,1,3,2011-06-01,5.475874315
PIR,0000000000,전국,5,2,2011-06-01,19.70430145
PIR,1100000000,서울,5,2,2011-06-01,35.91878155
PIR,0000000000,전국,4,2,2011-06-01,10.67568427
PIR,1100000000,서울,4,2,2011-06-01,20.88602334
PIR,0000000000,전국,3,2,2011-06-01,7.258010398
PIR,1100000000,서울,3,2,2011-06-01,15.39395074
PIR,0000000000,전국,2,2,2011-06-01,5.07585566
PIR,1100000000,서울,2,2,2011-06-01,11.72235723
PIR,0000000000,전국,1,2,2011-06-01,2.941529476
PIR,1100000000,서울,1,2,2011-06-01,7.637811415
PIR,0000000000,전국,5,1,2011-06-01,41.67002301
PIR,1100000000,서울,5,1,2011-06-01,76.11349735
PIR,0000000000,전국,4,1,2011-06-01,22.57659376
PIR,1100000000,서울,4,1,2011-06-01,44.25841338
PIR,0000000000,전국,3,1,2011-06-01,15.34900697
PIR,1100000000,서울,3,1,2011-06-01,32.62046701
PIR,0000000000,전국,2,1,2011-06-01,10.73425631
PIR,1100000000,서울,2,1,2011-06-01,24.84019689
PIR,0000000000,전국,1,1,2011-06-01,6.220651935
PIR,1100000000,서울,1,1,2011-06-01,16.18486245
PIR,0000000000,전국,5,5,2011-07-01,6.348021231
PIR,1100000000,서울,5,5,2011-07-01,11.59410881
PIR,0000000000,전국,4,5,2011-07-01,3.480856049
PIR,1100000000,서울,4,5,2011-07-01,6.735419597
PIR,0000000000,전국,3,5,2011-07-01,2.398000485
PIR,1100000000,서울,3,5,2011-07-01,4.97455872
PIR,0000000000,전국,2,5,2011-07-01,1.674814545
PIR,1100000000,서울,2,5,2011-07-01,3.791229223
PIR,0000000000,전국,1,5,2011-07-01,0.969106371
PIR,1100000000,서울,1,5,2011-07-01,2.475996927
PIR,0000000000,전국,5,4,2011-07-01,10.17939449
PIR,1100000000,서울,5,4,2011-07-01,18.57850147
PIR,0000000000,전국,4,4,2011-07-01,5.581740452
PIR,1100000000,서울,4,4,2011-07-01,10.79289533
PIR,0000000000,전국,3,4,2011-07-01,3.84532314
PIR,1100000000,서울,3,4,2011-07-01,7.971276447
PIR,0000000000,전국,2,4,2011-07-01,2.685655472
PIR,1100000000,서울,2,4,2011-07-01,6.075098901
PIR,0000000000,전국,1,4,2011-07-01,1.554014345
PIR,1100000000,서울,1,4,2011-07-01,3.967559154
PIR,0000000000,전국,5,3,2011-07-01,13.40426336
PIR,1100000000,서울,5,3,2011-07-01,24.4780805
PIR,0000000000,전국,4,3,2011-07-01,7.350055944
PIR,1100000000,서울,4,3,2011-07-01,14.22016524
PIR,0000000000,전국,3,3,2011-07-01,5.063535369
PIR,1100000000,서울,3,3,2011-07-01,10.50254494
PIR,0000000000,전국,2,3,2011-07-01,3.536480804
PIR,1100000000,서울,2,3,2011-07-01,8.004238674
PIR,0000000000,전국,1,3,2011-07-01,2.04633169
PIR,1100000000,서울,1,3,2011-07-01,5.227452415
PIR,0000000000,전국,5,2,2011-07-01,18.80216056
PIR,1100000000,서울,5,2,2011-07-01,34.55827407
PIR,0000000000,전국,4,2,2011-07-01,10.30992367
PIR,1100000000,서울,4,2,2011-07-01,20.07609901
PIR,0000000000,전국,3,2,2011-07-01,7.102621197
PIR,1100000000,서울,3,2,2011-07-01,14.82754444
PIR,0000000000,전국,2,2,2011-07-01,4.960621718
PIR,1100000000,서울,2,2,2011-07-01,11.3004234
PIR,0000000000,전국,1,2,2011-07-01,2.870389515
PIR,1100000000,서울,1,2,2011-07-01,7.38014295
PIR,0000000000,전국,5,1,2011-07-01,39.40376254
PIR,1100000000,서울,5,1,2011-07-01,72.35697109
PIR,0000000000,전국,4,1,2011-07-01,21.60654796
PIR,1100000000,서울,4,1,2011-07-01,42.03467201
PIR,0000000000,전국,3,1,2011-07-01,14.88499144
PIR,1100000000,서울,3,1,2011-07-01,31.04542207
PIR,0000000000,전국,2,1,2011-07-01,10.39599463
PIR,1100000000,서울,2,1,2011-07-01,23.66045272
PIR,0000000000,전국,1,1,2011-07-01,6.015486703
PIR,1100000000,서울,1,1,2011-07-01,15.45229918
PIR,0000000000,전국,5,5,2011-08-01,6.272559503
PIR,1100000000,서울,5,5,2011-08-01,11.55220753
PIR,0000000000,전국,4,5,2011-08-01,3.468384383
PIR,1100000000,서울,4,5,2011-08-01,6.69119751
PIR,0000000000,전국,3,5,2011-08-01,2.407912861
PIR,1100000000,서울,3,5,2011-08-01,4.953296043
PIR,0000000000,전국,2,5,2011-08-01,1.697953325
PIR,1100000000,서울,2,5,2011-08-01,3.783777534
PIR,0000000000,전국,1,5,2011-08-01,0.992085791
PIR,1100000000,서울,1,5,2011-08-01,2.471157849
PIR,0000000000,전국,5,4,2011-08-01,10.05838754
PIR,1100000000,서울,5,4,2011-08-01,18.51135848
PIR,0000000000,전국,4,4,2011-08-01,5.561741463
PIR,1100000000,서울,4,4,2011-08-01,10.72203347
PIR,0000000000,전국,3,4,2011-08-01,3.861218169
PIR,1100000000,서울,3,4,2011-08-01,7.937204948
PIR,0000000000,전국,2,4,2011-08-01,2.722759753
PIR,1100000000,서울,2,4,2011-08-01,6.063158249
PIR,0000000000,전국,1,4,2011-08-01,1.590863084
PIR,1100000000,서울,1,4,2011-08-01,3.959804974
PIR,0000000000,전국,5,3,2011-08-01,13.24492096
PIR,1100000000,서울,5,3,2011-08-01,24.38961635
PIR,0000000000,전국,4,3,2011-08-01,7.323721203
PIR,1100000000,서울,4,3,2011-08-01,14.12680129
PIR,0000000000,전국,3,3,2011-08-01,5.084466
PIR,1100000000,서울,3,3,2011-08-01,10.45765408
PIR,0000000000,전국,2,3,2011-08-01,3.585339856
PIR,1100000000,서울,2,3,2011-08-01,7.988506284
PIR,0000000000,전국,1,3,2011-08-01,2.094854243
PIR,1100000000,서울,1,3,2011-08-01,5.217235905
PIR,0000000000,전국,5,2,2011-08-01,18.57865099
PIR,1100000000,서울,5,2,2011-08-01,34.43337995
PIR,0000000000,전국,4,2,2011-08-01,10.27298393
PIR,1100000000,서울,4,2,2011-08-01,19.94428733
PIR,0000000000,전국,3,2,2011-08-01,7.131980593
PIR,1100000000,서울,3,2,2011-08-01,14.7641673
PIR,0000000000,전국,2,2,2011-08-01,5.029156311
PIR,1100000000,서울,2,2,2011-08-01,11.27821234
PIR,0000000000,전국,1,2,2011-08-01,2.938452102
PIR,1100000000,서울,1,2,2011-08-01,7.365719231
PIR,0000000000,전국,5,1,2011-08-01,38.93535263
PIR,1100000000,서울,5,1,2011-08-01,72.0954719
PIR,0000000000,전국,4,1,2011-08-01,21.5291332
PIR,1100000000,서울,4,1,2011-08-01,41.75868907
PIR,0000000000,전국,3,1,2011-08-01,14.94652004
PIR,1100000000,서울,3,1,2011-08-01,30.91272511
PIR,0000000000,전국,2,1,2011-08-01,10.53962285
PIR,1100000000,서울,2,1,2011-08-01,23.61394792
PIR,0000000000,전국,1,1,2011-08-01,6.158125735
PIR,1100000000,서울,1,1,2011-08-01,15.42209927
PIR,0000000000,전국,5,5,2011-09-01,6.245902586
PIR,1100000000,서울,5,5,2011-09-01,11.54501683
PIR,0000000000,전국,4,5,2011-09-01,3.484452218
PIR,1100000000,서울,4,5,2011-09-01,6.689130577
PIR,0000000000,전국,3,5,2011-09-01,2.419440246
PIR,1100000000,서울,3,5,2011-09-01,4.950449794
PIR,0000000000,전국,2,5,2011-09-01,1.705353221
PIR,1100000000,서울,2,5,2011-09-01,3.784066792
PIR,0000000000,전국,1,5,2011-09-01,1.003759953
PIR,1100000000,서울,1,5,2011-09-01,2.475208064
PIR,0000000000,전국,5,4,2011-09-01,10.01564174
PIR,1100000000,서울,5,4,2011-09-01,18.49983605
PIR,0000000000,전국,4,4,2011-09-01,5.587507104
PIR,1100000000,서울,4,4,2011-09-01,10.7187214
PIR,0000000000,전국,3,4,2011-09-01,3.879702953
PIR,1100000000,서울,3,4,2011-09-01,7.932644093
PIR,0000000000,전국,2,4,2011-09-01,2.734625886
PIR,1100000000,서울,2,4,2011-09-01,6.063621759
PIR,0000000000,전국,1,4,2011-09-01,1.609583234
PIR,1100000000,서울,1,4,2011-09-01,3.966295073
PIR,0000000000,전국,5,3,2011-09-01,13.18863314
PIR,1100000000,서울,5,3,2011-09-01,24.37443499
PIR,0000000000,전국,4,3,2011-09-01,7.357649491
PIR,1100000000,서울,4,3,2011-09-01,14.12243747
PIR,0000000000,전국,3,3,2011-09-01,5.108806831
PIR,1100000000,서울,3,3,2011-09-01,10.45164493
PIR,0000000000,전국,2,3,2011-09-01,3.600965222
PIR,1100000000,서울,2,3,2011-09-01,7.989116981
PIR,0000000000,전국,1,3,2011-09-01,2.119505003
PIR,1100000000,서울,1,3,2011-09-01,5.225786927
PIR,0000000000,전국,5,2,2011-09-01,18.49969605
PIR,1100000000,서울,5,2,2011-09-01,34.41194683
PIR,0000000000,전국,4,2,2011-09-01,10.32057514
PIR,1100000000,서울,4,2,2011-09-01,19.93812647
PIR,0000000000,전국,3,2,2011-09-01,7.166123478
PIR,1100000000,서울,3,2,2011-09-01,14.75568356
PIR,0000000000,전국,2,2,2011-09-01,5.051074013
PIR,1100000000,서울,2,2,2011-09-01,11.27907452
PIR,0000000000,전국,1,2,2011-09-01,2.973029725
PIR,1100000000,서울,1,2,2011-09-01,7.377791606
PIR,0000000000,전국,5,1,2011-09-01,38.76988645
PIR,1100000000,서울,5,1,2011-09-01,72.05059595
PIR,0000000000,전국,4,1,2011-09-01,21.62887029
PIR,1100000000,서울,4,1,2011-09-01,41.74578966
PIR,0000000000,전국,3,1,2011-09-01,15.01807342
PIR,1100000000,서울,3,1,2011-09-01,30.89496213
PIR,0000000000,전국,2,1,2011-09-01,10.58555586
PIR,1100000000,서울,2,1,2011-09-01,23.61575314
PIR,0000000000,전국,1,1,2011-09-01,6.230590196
PIR,1100000000,서울,1,1,2011-09-01,15.44737601
PIR,0000000000,전국,5,5,2011-10-01,6.223409826
PIR,1100000000,서울,5,5,2011-10-01,11.41780928
PIR,0000000000,전국,4,5,2011-10-01,3.46476445
PIR,1100000000,서울,4,5,2011-10-01,6.609907823
PIR,0000000000,전국,3,5,2011-10-01,2.414090559
PIR,1100000000,서울,3,5,2011-10-01,4.889441466
PIR,0000000000,전국,2,5,2011-10-01,1.705282445
PIR,1100000000,서울,2,5,2011-10-01,3.740120973
PIR,0000000000,전국,1,5,2011-10-01,1.007715457
PIR,1100000000,서울,1,5,2011-10-01,2.450141681
PIR,0000000000,전국,5,4,2011-10-01,10.14988639
PIR,1100000000,서울,5,4,2011-10-01,18.73408094
PIR,0000000000,전국,4,4,2011-10-01,5.650755217
PIR,1100000000,서울,4,4,2011-10-01,10.84538594
PIR,0000000000,전국,3,4,2011-10-01,3.937189675
PIR,1100000000,서울,3,4,2011-10-01,8.022483995
PIR,0000000000,전국,2,4,2011-10-01,2.781180022
PIR,1100000000,서울,2,4,2011-10-01,6.136705154
PIR,0000000000,전국,1,4,2011-10-01,1.643503753
PIR,1100000000,서울,1,4,2011-10-01,4.020136565
PIR,0000000000,전국,5,3,2011-10-01,13.35403021
PIR,1100000000,서울,5,3,2011-10-01,24.62821983
PIR,0000000000,전국,4,3,2011-10-01,7.434601033
PIR,1100000000,서울,4,3,2011-10-01,14.25757419
PIR,0000000000,전국,3,3,2011-10-01,5.180092448
PIR,1100000000,서울,3,3,2011-10-01,10.54652747
PIR,0000000000,전국,2,3,2011-10-01,3.659150516
PIR,1100000000,서울,2,3,2011-10-01,8.067442646
PIR,0000000000,전국,1,3,2011-10-01,2.1623295
PIR,1100000000,서울,1,3,2011-10-01,5.284956724
PIR,0000000000,전국,5,2,2011-10-01,18.42769457
PIR,1100000000,서울,5,2,2011-10-01,34.09501265
PIR,0000000000,전국,4,2,2011-10-01,10.25926668
PIR,1100000000,서울,4,2,2011-10-01,19.738015
PIR,0000000000,전국,3,2,2011-10-01,7.148191221
PIR,1100000000,서울,3,2,2011-10-01,14.60048636
PIR,0000000000,전국,2,2,2011-10-01,5.049390113
PIR,1100000000,서울,2,2,2011-10-01,11.16847101
PIR,0000000000,전국,1,2,2011-10-01,2.983874304
PIR,1100000000,서울,1,2,2011-10-01,7.316430812
PIR,0000000000,전국,5,1,2011-10-01,39.19684621
PIR,1100000000,서울,5,1,2011-10-01,72.69213967
PIR,0000000000,전국,4,1,2011-10-01,21.82209481
PIR,1100000000,서울,4,1,2011-10-01,42.08235843
PIR,0000000000,전국,3,1,2011-10-01,15.20464488
PIR,1100000000,서울,3,1,2011-10-01,31.12891039
PIR,0000000000,전국,2,1,2011-10-01,10.7403651
PIR,1100000000,서울,2,1,2011-10-01,23.81169535
PIR,0000000000,전국,1,1,2011-10-01,6.346885214
PIR,1100000000,서울,1,1,2011-10-01,15.59896798
PIR,0000000000,전국,5,5,2011-11-01,6.200016923
PIR,1100000000,서울,5,5,2011-11-01,11.05612525
PIR,0000000000,전국,4,5,2011-11-01,3.462274531
PIR,1100000000,서울,4,5,2011-11-01,6.577140047
PIR,0000000000,전국,3,5,2011-11-01,2.427347595
PIR,1100000000,서울,3,5,2011-11-01,4.888073095
PIR,0000000000,전국,2,5,2011-11-01,1.725282295
PIR,1100000000,서울,2,5,2011-11-01,3.731543505
PIR,0000000000,전국,1,5,2011-11-01,1.02333141
PIR,1100000000,서울,1,5,2011-11-01,2.442767734
PIR,0000000000,전국,5,4,2011-11-01,10.11173443
PIR,1100000000,서울,5,4,2011-11-01,18.14063804
PIR,0000000000,전국,4,4,2011-11-01,5.646694356
PIR,1100000000,서울,4,4,2011-11-01,10.79162132
PIR,0000000000,전국,3,4,2011-11-01,3.958810847
PIR,1100000000,서울,3,4,2011-11-01,8.020238803
PIR,0000000000,전국,2,4,2011-11-01,2.813798187
PIR,1100000000,서울,2,4,2011-11-01,6.12263144
PIR,0000000000,전국,1,4,2011-11-01,1.66897213
PIR,1100000000,서울,1,4,2011-11-01,4.008037561
PIR,0000000000,전국,5,3,2011-11-01,13.30383432
PIR,1100000000,서울,5,3,2011-11-01,23.84806721
PIR,0000000000,전국,4,3,2011-11-01,7.429258229
PIR,1100000000,서울,4,3,2011-11-01,14.18689408
PIR,0000000000,전국,3,3,2011-11-01,5.20853905
PIR,1100000000,서울,3,3,2011-11-01,10.5435759
PIR,0000000000,전국,2,3,2011-11-01,3.702065672
PIR,1100000000,서울,2,3,2011-11-01,8.048941043
PIR,0000000000,전국,1,3,2011-11-01,2.195837804
PIR,1100000000,서울,1,3,2011-11-01,5.269051117
PIR,0000000000,전국,5,2,2011-11-01,18.35842751
PIR,1100000000,서울,5,2,2011-11-01,33.01497871
PIR,0000000000,전국,4,2,2011-11-01,10.25189395
PIR,1100000000,서울,4,2,2011-11-01,19.64016631
PIR,0000000000,전국,3,2,2011-11-01,7.187445685
PIR,1100000000,서울,3,2,2011-11-01,14.59640023
PIR,0000000000,전국,2,2,2011-11-01,5.108610242
PIR,1100000000,서울,2,2,2011-11-01,11.14285761
PIR,0000000000,전국,1,2,2011-11-01,3.030113588
PIR,1100000000,서울,1,2,2011-11-01,7.294411279
PIR,0000000000,전국,5,1,2011-11-01,39.04951089
PIR,1100000000,서울,5,1,2011-11-01,70.38945749
PIR,0000000000,전국,4,1,2011-11-01,21.80641258
PIR,1100000000,서울,4,1,2011-11-01,41.87374051
PIR,0000000000,전국,3,1,2011-11-01,15.28814155
PIR,1100000000,서울,3,1,2011-11-01,31.12019858
PIR,0000000000,전국,2,1,2011-11-01,10.86632998
PIR,1100000000,서울,2,1,2011-11-01,23.75708641
PIR,0000000000,전국,1,1,2011-11-01,6.44523903
PIR,1100000000,서울,1,1,2011-11-01,15.55202132
PIR,0000000000,전국,5,5,2011-12-01,6.152330461
PIR,1100000000,서울,5,5,2011-12-01,10.97704697
PIR,0000000000,전국,4,5,2011-12-01,3.456186375
PIR,1100000000,서울,4,5,2011-12-01,6.544821722
PIR,0000000000,전국,3,5,2011-12-01,2.429138776
PIR,1100000000,서울,3,5,2011-12-01,4.883908127
PIR,0000000000,전국,2,5,2011-12-01,1.727916041
PIR,1100000000,서울,2,5,2011-12-01,3.733771566
PIR,0000000000,전국,1,5,2011-12-01,1.028812597
PIR,1100000000,서울,1,5,2011-12-01,2.447156304
PIR,0000000000,전국,5,4,2011-12-01,10.0339616
PIR,1100000000,서울,5,4,2011-12-01,18.0108882
PIR,0000000000,전국,4,4,2011-12-01,5.636765058
PIR,1100000000,서울,4,4,2011-12-01,10.73859415
PIR,0000000000,전국,3,4,2011-12-01,3.96173212
PIR,1100000000,서울,3,4,2011-12-01,8.013405018
PIR,0000000000,전국,2,4,2011-12-01,2.818093617
PIR,1100000000,서울,2,4,2011-12-01,6.126287191
PIR,0000000000,전국,1,4,2011-12-01,1.67791151
PIR,1100000000,서울,1,4,2011-12-01,4.015238227
PIR,0000000000,전국,5,3,2011-12-01,13.20150996
PIR,1100000000,서울,5,3,2011-12-01,23.67749531
PIR,0000000000,전국,4,3,2011-12-01,7.416194423
PIR,1100000000,서울,4,3,2011-12-01,14.11718344
PIR,0000000000,전국,3,3,2011-12-01,5.212382519
PIR,1100000000,서울,3,3,2011-12-01,10.53459206
PIR,0000000000,전국,2,3,2011-12-01,3.707717095
PIR,1100000000,서울,2,3,2011-12-01,8.053746971
PIR,0000000000,전국,1,3,2011-12-01,2.207599191
PIR,1100000000,서울,1,3,2011-12-01,5.278517265
PIR,0000000000,전국,5,2,2011-12-01,18.21722654
PIR,1100000000,서울,5,2,2011-12-01,32.77884102
PIR,0000000000,전국,4,2,2011-12-01,10.23386675
PIR,1100000000,서울,4,2,2011-12-01,19.54365973
PIR,0000000000,전국,3,2,2011-12-01,7.192749423
PIR,1100000000,서울,3,2,2011-12-01,14.58396311
PIR,0000000000,전국,2,2,2011-12-01,5.116408839
PIR,1100000000,서울,2,2,2011-12-01,11.14951088
PIR,0000000000,전국,1,2,2011-12-01,3.046343539
PIR,1100000000,서울,1,2,2011-12-01,7.307516102
PIR,0000000000,전국,5,1,2011-12-01,38.74916768
PIR,1100000000,서울,5,1,2011-12-01,69.88600104
PIR,0000000000,전국,4,1,2011-12-01,21.7680676
PIR,1100000000,서울,4,1,2011-12-01,41.66798403
PIR,0000000000,전국,3,1,2011-12-01,15.29942293
PIR,1100000000,서울,3,1,2011-12-01,31.09368207
PIR,0000000000,전국,2,1,2011-12-01,10.88291808
PIR,1100000000,서울,2,1,2011-12-01,23.77127148
PIR,0000000000,전국,1,1,2011-12-01,6.47976114
PIR,1100000000,서울,1,1,2011-12-01,15.5799614
PIR,0000000000,전국,5,5,2012-01-01,5.662789193
PIR,1100000000,서울,5,5,2012-01-01,10.45713499
PIR,0000000000,전국,4,5,2012-01-01,3.181045536
PIR,1100000000,서울,4,5,2012-01-01,6.123471185
PIR,0000000000,전국,3,5,2012-01-01,2.241693285
PIR,1100000000,서울,3,5,2012-01-01,4.550505844
PIR,0000000000,전국,2,5,2012-01-01,1.597394244
PIR,1100000000,서울,2,5,2012-01-01,3.471000726
PIR,0000000000,전국,1,5,2012-01-01,0.95657527
PIR,1100000000,서울,1,5,2012-01-01,2.277487016
PIR,0000000000,전국,5,4,2012-01-01,9.387267376
PIR,1100000000,서울,5,4,2012-01-01,17.24551884
PIR,0000000000,전국,4,4,2012-01-01,5.273253862
PIR,1100000000,서울,4,4,2012-01-01,10.09860137
PIR,0000000000,전국,3,4,2012-01-01,3.716079396
PIR,1100000000,서울,3,4,2012-01-01,7.504525317
PIR,0000000000,전국,2,4,2012-01-01,2.648017852
PIR,1100000000,서울,2,4,2012-01-01,5.72424555
PIR,0000000000,전국,1,4,2012-01-01,1.585725253
PIR,1100000000,서울,1,4,2012-01-01,3.755947044
PIR,0000000000,전국,5,3,2012-01-01,12.64763682
PIR,1100000000,서울,5,3,2012-01-01,23.27456968
PIR,0000000000,전국,4,3,2012-01-01,7.104751259
PIR,1100000000,서울,4,3,2012-01-01,13.62908263
PIR,0000000000,전국,3,3,2012-01-01,5.006741655
PIR,1100000000,서울,3,3,2012-01-01,10.12811496
PIR,0000000000,전국,2,3,2012-01-01,3.567722825
PIR,1100000000,서울,2,3,2012-01-01,7.725447587
PIR,0000000000,전국,1,3,2012-01-01,2.136476601
PIR,1100000000,서울,1,3,2012-01-01,5.069029932
PIR,0000000000,전국,5,2,2012-01-01,17.70361014
PIR,1100000000,서울,5,2,2012-01-01,32.56441373
PIR,0000000000,전국,4,2,2012-01-01,9.944920794
PIR,1100000000,서울,4,2,2012-01-01,19.06901359
PIR,0000000000,전국,3,2,2012-01-01,7.008218497
PIR,1100000000,서울,3,2,2012-01-01,14.17066483
PIR,0000000000,전국,2,2,2012-01-01,4.993942732
PIR,1100000000,서울,2,2,2012-01-01,10.80899346
PIR,0000000000,전국,1,2,2012-01-01,2.99054672
PIR,1100000000,서울,1,2,2012-01-01,7.092289577
PIR,0000000000,전국,5,1,2012-01-01,38.32578678
PIR,1100000000,서울,5,1,2012-01-01,70.54308008
PIR,0000000000,전국,4,1,2012-01-01,21.52933277
PIR,1100000000,서울,4,1,2012-01-01,41.30849595
PIR,0000000000,전국,3,1,2012-01-01,15.17179184
PIR,1100000000,서울,3,1,2012-01-01,30.69738495
PIR,0000000000,전국,2,1,2012-01-01,10.81117257
PIR,1100000000,서울,2,1,2012-01-01,23.41512111
PIR,0000000000,전국,1,1,2012-01-01,6.474106415
PIR,1100000000,서울,1,1,2012-01-01,15.36376351
PIR,0000000000,전국,5,5,2012-02-01,5.684423067
PIR,1100000000,서울,5,5,2012-02-01,10.52119595
PIR,0000000000,전국,4,5,2012-02-01,3.176922972
PIR,1100000000,서울,4,5,2012-02-01,6.093906006
PIR,0000000000,전국,3,5,2012-02-01,2.246522529
PIR,1100000000,서울,3,5,2012-02-01,4.529774659
PIR,0000000000,전국,2,5,2012-02-01,1.596897585
PIR,1100000000,서울,2,5,2012-02-01,3.478282714
PIR,0000000000,전국,1,5,2012-02-01,0.960952809
PIR,1100000000,서울,1,5,2012-02-01,2.281391186
PIR,0000000000,전국,5,4,2012-02-01,9.423130084
PIR,1100000000,서울,5,4,2012-02-01,17.3511658
PIR,0000000000,전국,4,4,2012-02-01,5.266419842
PIR,1100000000,서울,4,4,2012-02-01,10.04984357
PIR,0000000000,전국,3,4,2012-02-01,3.724084886
PIR,1100000000,서울,3,4,2012-02-01,7.470336217
PIR,0000000000,전국,2,4,2012-02-01,2.647194535
PIR,1100000000,서울,2,4,2012-02-01,5.736254734
PIR,0000000000,전국,1,4,2012-02-01,1.592981947
PIR,1100000000,서울,1,4,2012-02-01,3.762385655
PIR,0000000000,전국,5,3,2012-02-01,12.6959553
PIR,1100000000,서울,5,3,2012-02-01,23.41715092
PIR,0000000000,전국,4,3,2012-02-01,7.095543659
PIR,1100000000,서울,4,3,2012-02-01,13.56327906
PIR,0000000000,전국,3,3,2012-02-01,5.017527598
PIR,1100000000,서울,3,3,2012-02-01,10.08197332
PIR,0000000000,전국,2,3,2012-02-01,3.566613555
PIR,1100000000,서울,2,3,2012-02-01,7.741655195
PIR,0000000000,전국,1,3,2012-02-01,2.146253677
PIR,1100000000,서울,1,3,2012-02-01,5.077719488
PIR,0000000000,전국,5,2,2012-02-01,17.77124424
PIR,1100000000,서울,5,2,2012-02-01,32.76390505
PIR,0000000000,전국,4,2,2012-02-01,9.932032398
PIR,1100000000,서울,4,2,2012-02-01,18.97694509
PIR,0000000000,전국,3,2,2012-02-01,7.02331619
PIR,1100000000,서울,3,2,2012-02-01,14.10610615
PIR,0000000000,전국,2,2,2012-02-01,4.992390024
PIR,1100000000,서울,2,2,2012-02-01,10.8316702
PIR,0000000000,전국,1,2,2012-02-01,3.004232245
PIR,1100000000,서울,1,2,2012-02-01,7.104447495
PIR,0000000000,전국,5,1,2012-02-01,38.47220495
PIR,1100000000,서울,5,1,2012-02-01,70.97523071
PIR,0000000000,전국,4,1,2012-02-01,21.50143123
PIR,1100000000,서울,4,1,2012-02-01,41.10905137
PIR,0000000000,전국,3,1,2012-02-01,15.20447619
PIR,1100000000,서울,3,1,2012-02-01,30.55753387
PIR,0000000000,전국,2,1,2012-02-01,10.80781118
PIR,1100000000,서울,2,1,2012-02-01,23.46424488
PIR,0000000000,전국,1,1,2012-02-01,6.503733621
PIR,1100000000,서울,1,1,2012-02-01,15.39010076
PIR,0000000000,전국,5,5,2012-03-01,5.674732153
PIR,1100000000,서울,5,5,2012-03-01,10.43661786
PIR,0000000000,전국,4,5,2012-03-01,3.16562757
PIR,1100000000,서울,4,5,2012-03-01,6.080752558
PIR,0000000000,전국,3,5,2012-03-01,2.245455499
PIR,1100000000,서울,3,5,2012-03-01,4.523489863
PIR,0000000000,전국,2,5,2012-03-01,1.598858444
PIR,1100000000,서울,2,5,2012-03-01,3.469050234
PIR,0000000000,전국,1,5,2012-03-01,0.96954474
PIR,1100000000,서울,1,5,2012-03-01,2.280062719
PIR,0000000000,전국,5,4,2012-03-01,9.40706535
PIR,1100000000,서울,5,4,2012-03-01,17.21168276
PIR,0000000000,전국,4,4,2012-03-01,5.247695331
PIR,1100000000,서울,4,4,2012-03-01,10.02815139
PIR,0000000000,전국,3,4,2012-03-01,3.722316059
PIR,1100000000,서울,3,4,2012-03-01,7.459971564
PIR,0000000000,전국,2,4,2012-03-01,2.650445072
PIR,1100000000,서울,2,4,2012-03-01,5.72102887
PIR,0000000000,전국,1,4,2012-03-01,1.607224884
PIR,1100000000,서울,1,4,2012-03-01,3.760194797
PIR,0000000000,전국,5,3,2012-03-01,12.67431099
PIR,1100000000,서울,5,3,2012-03-01,23.22890448
PIR,0000000000,전국,4,3,2012-03-01,7.070315784
PIR,1100000000,서울,4,3,2012-03-01,13.53400327
PIR,0000000000,전국,3,3,2012-03-01,5.015144425
PIR,1100000000,서울,3,3,2012-03-01,10.06798517
PIR,0000000000,전국,2,3,2012-03-01,3.570993063
PIR,1100000000,서울,2,3,2012-03-01,7.721106354
PIR,0000000000,전국,1,3,2012-03-01,2.165443447
PIR,1100000000,서울,1,3,2012-03-01,5.074762704
PIR,0000000000,전국,5,2,2012-03-01,17.74094748
PIR,1100000000,서울,5,2,2012-03-01,32.50052166
PIR,0000000000,전국,4,2,2012-03-01,9.896719518
PIR,1100000000,서울,4,2,2012-03-01,18.93598413
PIR,0000000000,전국,3,2,2012-03-01,7.019980328
PIR,1100000000,서울,3,2,2012-03-01,14.08653476
PIR,0000000000,전국,2,2,2012-03-01,4.998520268
PIR,1100000000,서울,2,2,2012-03-01,10.80291947
PIR,0000000000,전국,1,2,2012-03-01,3.031093247
PIR,1100000000,서울,1,2,2012-03-01,7.100310536
PIR,0000000000,전국,5,1,2012-03-01,38.40661679
PIR,1100000000,서울,5,1,2012-03-01,70.40467305
PIR,0000000000,전국,4,1,2012-03-01,21.4249839
PIR,1100000000,서울,4,1,2012-03-01,41.02031916
PIR,0000000000,전국,3,1,2012-03-01,15.19725452
PIR,1100000000,서울,3,1,2012-03-01,30.51513709
PIR,0000000000,전국,2,1,2012-03-01,10.82108228
PIR,1100000000,서울,2,1,2012-03-01,23.40196323
PIR,0000000000,전국,1,1,2012-03-01,6.561883854
PIR,1100000000,서울,1,1,2012-03-01,15.38113902
PIR,0000000000,전국,5,5,2012-04-01,6.168920769
PIR,1100000000,서울,5,5,2012-04-01,11.3021533
PIR,0000000000,전국,4,5,2012-04-01,3.450411511
PIR,1100000000,서울,4,5,2012-04-01,6.593002811
PIR,0000000000,전국,3,5,2012-04-01,2.451214539
PIR,1100000000,서울,3,5,2012-04-01,4.896460344
PIR,0000000000,전국,2,5,2012-04-01,1.751639837
PIR,1100000000,서울,2,5,2012-04-01,3.747680354
PIR,0000000000,전국,1,5,2012-04-01,1.068292047
PIR,1100000000,서울,1,5,2012-04-01,2.468657941
PIR,0000000000,전국,5,4,2012-04-01,9.799165823
PIR,1100000000,서울,5,4,2012-04-01,17.99965486
PIR,0000000000,전국,4,4,2012-04-01,5.480886499
PIR,1100000000,서울,4,4,2012-04-01,10.49992616
PIR,0000000000,전국,3,4,2012-04-01,3.893688805
PIR,1100000000,서울,3,4,2012-04-01,7.798035816
PIR,0000000000,전국,2,4,2012-04-01,2.782433081
PIR,1100000000,서울,2,4,2012-04-01,5.968504506
PIR,0000000000,전국,1,4,2012-04-01,1.696953374
PIR,1100000000,서울,1,4,2012-04-01,3.931550894
PIR,0000000000,전국,5,3,2012-04-01,12.85689971
PIR,1100000000,서울,5,3,2012-04-01,23.61009189
PIR,0000000000,전국,4,3,2012-04-01,7.191143542
PIR,1100000000,서울,4,3,2012-04-01,13.77272083
PIR,0000000000,전국,3,3,2012-04-01,5.108676326
PIR,1100000000,서울,3,3,2012-04-01,10.22865958
PIR,0000000000,전국,2,3,2012-04-01,3.650664119
PIR,1100000000,서울,2,3,2012-04-01,7.828868994
PIR,0000000000,전국,1,3,2012-04-01,2.226471083
PIR,1100000000,서울,1,3,2012-04-01,5.157003209
PIR,0000000000,전국,5,2,2012-04-01,17.56490021
PIR,1100000000,서울,5,2,2012-04-01,32.24685259
PIR,0000000000,전국,4,2,2012-04-01,9.824430584
PIR,1100000000,서울,4,2,2012-04-01,18.81089241
PIR,0000000000,전국,3,2,2012-04-01,6.979395648
PIR,1100000000,서울,3,2,2012-04-01,13.97038518
PIR,0000000000,전국,2,2,2012-04-01,4.987481617
PIR,1100000000,서울,2,2,2012-04-01,10.69273197
PIR,0000000000,전국,1,2,2012-04-01,3.041770822
PIR,1100000000,서울,1,2,2012-04-01,7.043476284
PIR,0000000000,전국,5,1,2012-04-01,36.21910851
PIR,1100000000,서울,5,1,2012-04-01,66.82524683
PIR,0000000000,전국,4,1,2012-04-01,20.25813487
PIR,1100000000,서울,4,1,2012-04-01,38.98186731
PIR,0000000000,전국,3,1,2012-04-01,14.39162678
PIR,1100000000,서울,3,1,2012-04-01,28.95087002
PIR,0000000000,전국,2,1,2012-04-01,10.28426781
PIR,1100000000,서울,2,1,2012-04-01,22.15857971
PIR,0000000000,전국,1,1,2012-04-01,6.272180664
PIR,1100000000,서울,1,1,2012-04-01,14.59621648
PIR,0000000000,전국,5,5,2012-05-01,6.153719627
PIR,1100000000,서울,5,5,2012-05-01,11.26949265
PIR,0000000000,전국,4,5,2012-05-01,3.45230835
PIR,1100000000,서울,4,5,2012-05-01,6.580243217
PIR,0000000000,전국,3,5,2012-05-01,2.449788517
PIR,1100000000,서울,3,5,2012-05-01,4.896054173
PIR,0000000000,전국,2,5,2012-05-01,1.752136086
PIR,1100000000,서울,2,5,2012-05-01,3.745949196
PIR,0000000000,전국,1,5,2012-05-01,1.074679382
PIR,1100000000,서울,1,5,2012-05-01,2.461805393
PIR,0000000000,전국,5,4,2012-05-01,9.775019215
PIR,1100000000,서울,5,4,2012-05-01,17.94763996
PIR,0000000000,전국,4,4,2012-05-01,5.483899576
PIR,1100000000,서울,4,4,2012-05-01,10.4796054
PIR,0000000000,전국,3,4,2012-05-01,3.891423606
PIR,1100000000,서울,3,4,2012-05-01,7.797388953
PIR,0000000000,전국,2,4,2012-05-01,2.78322136
PIR,1100000000,서울,2,4,2012-05-01,5.965747487
PIR,0000000000,전국,1,4,2012-05-01,1.707099486
PIR,1100000000,서울,1,4,2012-05-01,3.92063762
PIR,0000000000,전국,5,3,2012-05-01,12.82521839
PIR,1100000000,서울,5,3,2012-05-01,23.54186411
PIR,0000000000,전국,4,3,2012-05-01,7.195096821
PIR,1100000000,서울,4,3,2012-05-01,13.74606616
PIR,0000000000,전국,3,3,2012-05-01,5.105704295
PIR,1100000000,서울,3,3,2012-05-01,10.2278111
PIR,0000000000,전국,2,3,2012-05-01,3.651698372
PIR,1100000000,서울,2,3,2012-05-01,7.825252621
PIR,0000000000,전국,1,3,2012-05-01,2.239783189
PIR,1100000000,서울,1,3,2012-05-01,5.142688301
PIR,0000000000,전국,5,2,2012-05-01,17.52161767
PIR,1100000000,서울,5,2,2012-05-01,32.15366654
PIR,0000000000,전국,4,2,2012-05-01,9.829831493
PIR,1100000000,서울,4,2,2012-05-01,18.77448725
PIR,0000000000,전국,3,2,2012-05-01,6.975335304
PIR,1100000000,서울,3,2,2012-05-01,13.96922631
PIR,0000000000,전국,2,2,2012-05-01,4.988894599
PIR,1100000000,서울,2,2,2012-05-01,10.6877927
PIR,0000000000,전국,1,2,2012-05-01,3.059957619
PIR,1100000000,서울,1,2,2012-05-01,7.023924868
PIR,0000000000,전국,5,1,2012-05-01,36.12985922
PIR,1100000000,서울,5,1,2012-05-01,66.63213711
PIR,0000000000,전국,4,1,2012-05-01,20.26927163
PIR,1100000000,서울,4,1,2012-05-01,38.90642478
PIR,0000000000,전국,3,1,2012-05-01,14.38325429
PIR,1100000000,서울,3,1,2012-05-01,28.94846849
PIR,0000000000,전국,2,1,2012-05-01,10.2871814
PIR,1100000000,서울,2,1,2012-05-01,22.14834404
PIR,0000000000,전국,1,1,2012-05-01,6.309682133
PIR,1100000000,서울,1,1,2012-05-01,14.55570003
PIR,0000000000,전국,5,5,2012-06-01,6.123947286
PIR,1100000000,서울,5,5,2012-06-01,11.2195528
PIR,0000000000,전국,4,5,2012-06-01,3.440417744
PIR,1100000000,서울,4,5,2012-06-01,6.546569268
PIR,0000000000,전국,3,5,2012-06-01,2.443945025
PIR,1100000000,서울,3,5,2012-06-01,4.878201419
PIR,0000000000,전국,2,5,2012-06-01,1.766369525
PIR,1100000000,서울,2,5,2012-06-01,3.740852609
PIR,0000000000,전국,1,5,2012-06-01,1.091751357
PIR,1100000000,서울,1,5,2012-06-01,2.461083444
PIR,0000000000,전국,5,4,2012-06-01,9.727726647
PIR,1100000000,서울,5,4,2012-06-01,17.86810643
PIR,0000000000,전국,4,4,2012-06-01,5.465011666
PIR,1100000000,서울,4,4,2012-06-01,10.42597673
PIR,0000000000,전국,3,4,2012-06-01,3.882141377
PIR,1100000000,서울,3,4,2012-06-01,7.768956901
PIR,0000000000,전국,2,4,2012-06-01,2.805830798
PIR,1100000000,서울,2,4,2012-06-01,5.957630733
PIR,0000000000,전국,1,4,2012-06-01,1.734217862
PIR,1100000000,서울,1,4,2012-06-01,3.919487853
PIR,0000000000,전국,5,3,2012-06-01,12.76316863
PIR,1100000000,서울,5,3,2012-06-01,23.43754023
PIR,0000000000,전국,4,3,2012-06-01,7.170315123
PIR,1100000000,서울,4,3,2012-06-01,13.6757216
PIR,0000000000,전국,3,3,2012-06-01,5.093525636
PIR,1100000000,서울,3,3,2012-06-01,10.19051686
PIR,0000000000,전국,2,3,2012-06-01,3.681362864
PIR,1100000000,서울,2,3,2012-06-01,7.8146059
PIR,0000000000,전국,1,3,2012-06-01,2.275363589
PIR,1100000000,서울,1,3,2012-06-01,5.141180156
PIR,0000000000,전국,5,2,2012-06-01,17.43684625
PIR,1100000000,서울,5,2,2012-06-01,32.01118015
PIR,0000000000,전국,4,2,2012-06-01,9.795975116
PIR,1100000000,서울,4,2,2012-06-01,18.67841008
PIR,0000000000,전국,3,2,2012-06-01,6.958697006
PIR,1100000000,서울,3,2,2012-06-01,13.91828954
PIR,0000000000,전국,2,2,2012-06-01,5.029421774
PIR,1100000000,서울,2,2,2012-06-01,10.67325132
PIR,0000000000,전국,1,2,2012-06-01,3.108567018
PIR,1100000000,서울,1,2,2012-06-01,7.021865031
PIR,0000000000,전국,5,1,2012-06-01,35.95505917
PIR,1100000000,서울,5,1,2012-06-01,66.33686215
PIR,0000000000,전국,4,1,2012-06-01,20.19945923
PIR,1100000000,서울,4,1,2012-06-01,38.70732379
PIR,0000000000,전국,3,1,2012-06-01,14.34894585
PIR,1100000000,서울,3,1,2012-06-01,28.84291208
PIR,0000000000,전국,2,1,2012-06-01,10.3707491
PIR,1100000000,서울,2,1,2012-06-01,22.1182099
PIR,0000000000,전국,1,1,2012-06-01,6.409915501
PIR,1100000000,서울,1,1,2012-06-01,14.55143142
PIR,0000000000,전국,5,5,2012-07-01,5.623219962
PIR,1100000000,서울,5,5,2012-07-01,10.35393773
PIR,0000000000,전국,4,5,2012-07-01,3.164741498
PIR,1100000000,서울,4,5,2012-07-01,6.059682864
PIR,0000000000,전국,3,5,2012-07-01,2.257488827
PIR,1100000000,서울,3,5,2012-07-01,4.502844844
PIR,0000000000,전국,2,5,2012-07-01,1.637771049
PIR,1100000000,서울,2,5,2012-07-01,3.410481799
PIR,0000000000,전국,1,5,2012-07-01,1.014114647
PIR,1100000000,서울,1,5,2012-07-01,2.250275533
PIR,0000000000,전국,5,4,2012-07-01,9.268918203
PIR,1100000000,서울,5,4,2012-07-01,17.09882183
PIR,0000000000,전국,4,4,2012-07-01,5.216536126
PIR,1100000000,서울,4,4,2012-07-01,10.00715287
PIR,0000000000,전국,3,4,2012-07-01,3.72108497
PIR,1100000000,서울,3,4,2012-07-01,7.436141082
PIR,0000000000,전국,2,4,2012-07-01,2.699586
PIR,1100000000,서울,2,4,2012-07-01,5.632178033
PIR,0000000000,전국,1,4,2012-07-01,1.671594882
PIR,1100000000,서울,1,4,2012-07-01,3.716176533
PIR,0000000000,전국,5,3,2012-07-01,12.23504874
PIR,1100000000,서울,5,3,2012-07-01,22.55958647
PIR,0000000000,전국,4,3,2012-07-01,6.88587086
PIR,1100000000,서울,4,3,2012-07-01,13.20308689
PIR,0000000000,전국,3,3,2012-07-01,4.911862957
PIR,1100000000,서울,3,3,2012-07-01,9.810984019
PIR,0000000000,전국,2,3,2012-07-01,3.563475863
PIR,1100000000,서울,2,3,2012-07-01,7.430898374
PIR,0000000000,전국,1,3,2012-07-01,2.206519079
PIR,1100000000,서울,1,3,2012-07-01,4.902993122
PIR,0000000000,전국,5,2,2012-07-01,16.82562171
PIR,1100000000,서울,5,2,2012-07-01,31.1159716
PIR,0000000000,전국,4,2,2012-07-01,9.469439859
PIR,1100000000,서울,4,2,2012-07-01,18.21074501
PIR,0000000000,전국,3,2,2012-07-01,6.754786986
PIR,1100000000,서울,3,2,2012-07-01,13.53208759
PIR,0000000000,전국,2,2,2012-07-01,4.900486962
PIR,1100000000,서울,2,2,2012-07-01,10.24928463
PIR,0000000000,전국,1,2,2012-07-01,3.034401914
PIR,1100000000,서울,1,2,2012-07-01,6.762597131
PIR,0000000000,전국,5,1,2012-07-01,34.41583459
PIR,1100000000,서울,5,1,2012-07-01,63.22980262
PIR,0000000000,전국,4,1,2012-07-01,19.36919072
PIR,1100000000,서울,4,1,2012-07-01,37.00549119
PIR,0000000000,전국,3,1,2012-07-01,13.81652551
PIR,1100000000,서울,3,1,2012-07-01,27.49813628
PIR,0000000000,전국,2,1,2012-07-01,10.02366222
PIR,1100000000,서울,2,1,2012-07-01,20.827254
PIR,0000000000,전국,1,1,2012-07-01,6.20669335
PIR,1100000000,서울,1,1,2012-07-01,13.74206428
PIR,0000000000,전국,5,5,2012-08-01,5.586224614
PIR,1100000000,서울,5,5,2012-08-01,10.23880102
PIR,0000000000,전국,4,5,2012-08-01,3.157338009
PIR,1100000000,서울,4,5,2012-08-01,5.964552277
PIR,0000000000,전국,3,5,2012-08-01,2.25747393
PIR,1100000000,서울,3,5,2012-08-01,4.431456338
PIR,0000000000,전국,2,5,2012-08-01,1.637007184
PIR,1100000000,서울,2,5,2012-08-01,3.402237004
PIR,0000000000,전국,1,5,2012-08-01,1.015886118
PIR,1100000000,서울,1,5,2012-08-01,2.250847283
PIR,0000000000,전국,5,4,2012-08-01,9.207937687
PIR,1100000000,서울,5,4,2012-08-01,16.90868141
PIR,0000000000,전국,4,4,2012-08-01,5.204332738
PIR,1100000000,서울,4,4,2012-08-01,9.850051192
PIR,0000000000,전국,3,4,2012-08-01,3.721060414
PIR,1100000000,서울,3,4,2012-08-01,7.318247834
PIR,0000000000,전국,2,4,2012-08-01,2.6983269
PIR,1100000000,서울,2,4,2012-08-01,5.618562316
PIR,0000000000,전국,1,4,2012-08-01,1.67451485
PIR,1100000000,서울,1,4,2012-08-01,3.717120738
PIR,0000000000,전국,5,3,2012-08-01,12.15455395
PIR,1100000000,서울,5,3,2012-08-01,22.30872186
PIR,0000000000,전국,4,3,2012-08-01,6.869762287
PIR,1100000000,서울,4,3,2012-08-01,12.99581245
PIR,0000000000,전국,3,3,2012-08-01,4.911830543
PIR,1100000000,서울,3,3,2012-08-01,9.655439798
PIR,0000000000,전국,2,3,2012-08-01,3.56181384
PIR,1100000000,서울,2,3,2012-08-01,7.412934274
PIR,0000000000,전국,1,3,2012-08-01,2.21037346
PIR,1100000000,서울,1,3,2012-08-01,4.904238873
PIR,0000000000,전국,5,2,2012-08-01,16.71492539
PIR,1100000000,서울,5,2,2012-08-01,30.76995923
PIR,0000000000,전국,4,2,2012-08-01,9.447287372
PIR,1100000000,서울,4,2,2012-08-01,17.92485565
PIR,0000000000,전국,3,2,2012-08-01,6.75474241
PIR,1100000000,서울,3,2,2012-08-01,13.31754866
PIR,0000000000,전국,2,2,2012-08-01,4.898201351
PIR,1100000000,서울,2,2,2012-08-01,10.22450711
PIR,0000000000,전국,1,2,2012-08-01,3.039702454
PIR,1100000000,서울,1,2,2012-08-01,6.76431537
PIR,0000000000,전국,5,1,2012-08-01,34.18941169
PIR,1100000000,서울,5,1,2012-08-01,62.52668159
PIR,0000000000,전국,4,1,2012-08-01,19.32387909
PIR,1100000000,서울,4,1,2012-08-01,36.42454427
PIR,0000000000,전국,3,1,2012-08-01,13.81643434
PIR,1100000000,서울,3,1,2012-08-01,27.06217836
PIR,0000000000,전국,2,1,2012-08-01,10.01898714
PIR,1100000000,서울,2,1,2012-08-01,20.77690439
PIR,0000000000,전국,1,1,2012-08-01,6.217535296
PIR,1100000000,서울,1,1,2012-08-01,13.74555586
PIR,0000000000,전국,5,5,2012-09-01,5.550910371
PIR,1100000000,서울,5,5,2012-09-01,10.054859
PIR,0000000000,전국,4,5,2012-09-01,3.143179098
PIR,1100000000,서울,4,5,2012-09-01,5.916939502
PIR,0000000000,전국,3,5,2012-09-01,2.250396872
PIR,1100000000,서울,3,5,2012-09-01,4.412674243
PIR,0000000000,전국,2,5,2012-09-01,1.633906181
PIR,1100000000,서울,2,5,2012-09-01,3.388669876
PIR,0000000000,전국,1,5,2012-09-01,1.013225594
PIR,1100000000,서울,1,5,2012-09-01,2.23493416
PIR,0000000000,전국,5,4,2012-09-01,9.149728186
PIR,1100000000,서울,5,4,2012-09-01,16.60491372
PIR,0000000000,전국,4,4,2012-09-01,5.180994191
PIR,1100000000,서울,4,4,2012-09-01,9.771421942
PIR,0000000000,전국,3,4,2012-09-01,3.709395092
PIR,1100000000,서울,3,4,2012-09-01,7.287230486
PIR,0000000000,전국,2,4,2012-09-01,2.693215425
PIR,1100000000,서울,2,4,2012-09-01,5.59615713
PIR,0000000000,전국,1,4,2012-09-01,1.67012943
PIR,1100000000,서울,1,4,2012-09-01,3.690841301
PIR,0000000000,전국,5,3,2012-09-01,12.07771693
PIR,1100000000,서울,5,3,2012-09-01,21.9079414
PIR,0000000000,전국,4,3,2012-09-01,6.838955212
PIR,1100000000,서울,4,3,2012-09-01,12.89207177
PIR,0000000000,전국,3,3,2012-09-01,4.896432221
PIR,1100000000,서울,3,3,2012-09-01,9.614516597
PIR,0000000000,전국,2,3,2012-09-01,3.555066651
PIR,1100000000,서울,2,3,2012-09-01,7.383373657
PIR,0000000000,전국,1,3,2012-09-01,2.20458467
PIR,1100000000,서울,1,3,2012-09-01,4.869566705
PIR,0000000000,전국,5,2,2012-09-01,16.60925923
PIR,1100000000,서울,5,2,2012-09-01,30.21717102
PIR,0000000000,전국,4,2,2012-09-01,9.404921527
PIR,1100000000,서울,4,2,2012-09-01,17.78176828
PIR,0000000000,전국,3,2,2012-09-01,6.733566659
PIR,1100000000,서울,3,2,2012-09-01,13.26110413
PIR,0000000000,전국,2,2,2012-09-01,4.888922626
PIR,1100000000,서울,2,2,2012-09-01,10.18373477
PIR,0000000000,전국,1,2,2012-09-01,3.031741717
PIR,1100000000,서울,1,2,2012-09-01,6.716492765
PIR,0000000000,전국,5,1,2012-09-01,33.97327767
PIR,1100000000,서울,5,1,2012-09-01,61.4033778
PIR,0000000000,전국,4,1,2012-09-01,19.23722221
PIR,1100000000,서울,4,1,2012-09-01,36.13378085
PIR,0000000000,전국,3,1,2012-09-01,13.77312057
PIR,1100000000,서울,3,1,2012-09-01,26.94747918
PIR,0000000000,전국,2,1,2012-09-01,10.00000805
PIR,1100000000,서울,2,1,2012-09-01,20.69405216
PIR,0000000000,전국,1,1,2012-09-01,6.201252072
PIR,1100000000,서울,1,1,2012-09-01,13.64837702
PIR,0000000000,전국,5,5,2012-10-01,5.568160303
PIR,1100000000,서울,5,5,2012-10-01,10.21408997
PIR,0000000000,전국,4,5,2012-10-01,3.156226874
PIR,1100000000,서울,4,5,2012-10-01,5.92439618
PIR,0000000000,전국,3,5,2012-10-01,2.268344999
PIR,1100000000,서울,3,5,2012-10-01,4.395917846
PIR,0000000000,전국,2,5,2012-10-01,1.648465531
PIR,1100000000,서울,2,5,2012-10-01,3.386684294
PIR,0000000000,전국,1,5,2012-10-01,1.026238036
PIR,1100000000,서울,1,5,2012-10-01,2.247978347
PIR,0000000000,전국,5,4,2012-10-01,9.154398569
PIR,1100000000,서울,5,4,2012-10-01,16.88131247
PIR,0000000000,전국,4,4,2012-10-01,5.189031422
PIR,1100000000,서울,4,4,2012-10-01,9.79153144
PIR,0000000000,전국,3,4,2012-10-01,3.729298922
PIR,1100000000,서울,3,4,2012-10-01,7.265342575
PIR,0000000000,전국,2,4,2012-10-01,2.710178888
PIR,1100000000,서울,2,4,2012-10-01,5.597334266
PIR,0000000000,전국,1,4,2012-10-01,1.687198553
PIR,1100000000,서울,1,4,2012-10-01,3.715340769
PIR,0000000000,전국,5,3,2012-10-01,12.06327894
PIR,1100000000,서울,5,3,2012-10-01,22.25529303
PIR,0000000000,전국,4,3,2012-10-01,6.837885962
PIR,1100000000,서울,4,3,2012-10-01,12.90855802
PIR,0000000000,전국,3,3,2012-10-01,4.914312262
PIR,1100000000,서울,3,3,2012-10-01,9.578184653
PIR,0000000000,전국,2,3,2012-10-01,3.57135902
PIR,1100000000,서울,2,3,2012-10-01,7.379184204
PIR,0000000000,전국,1,3,2012-10-01,2.223318836
PIR,1100000000,서울,1,3,2012-10-01,4.89807873
PIR,0000000000,전국,5,2,2012-10-01,16.69608343
PIR,1100000000,서울,5,2,2012-10-01,30.80314312
PIR,0000000000,전국,4,2,2012-10-01,9.463920638
PIR,1100000000,서울,4,2,2012-10-01,17.86649852
PIR,0000000000,전국,3,2,2012-10-01,6.801614051
PIR,1100000000,서울,3,2,2012-10-01,13.2569898
PIR,0000000000,전국,2,2,2012-10-01,4.942910503
PIR,1100000000,서울,2,2,2012-10-01,10.21339358
PIR,0000000000,전국,1,2,2012-10-01,3.077166413
PIR,1100000000,서울,1,2,2012-10-01,6.779340981
PIR,0000000000,전국,5,1,2012-10-01,34.98037969
PIR,1100000000,서울,5,1,2012-10-01,64.46117644
PIR,0000000000,전국,4,1,2012-10-01,19.82809553
PIR,1100000000,서울,4,1,2012-10-01,37.38889598
PIR,0000000000,전국,3,1,2012-10-01,14.25023078
PIR,1100000000,서울,3,1,2012-10-01,27.74266104
PIR,0000000000,전국,2,1,2012-10-01,10.35601474
PIR,1100000000,서울,2,1,2012-10-01,21.37338269
PIR,0000000000,전국,1,1,2012-10-01,6.447047892
PIR,1100000000,서울,1,1,2012-10-01,14.18700337
PIR,0000000000,전국,5,5,2012-11-01,5.513061396
PIR,1100000000,서울,5,5,2012-11-01,10.1384923
PIR,0000000000,전국,4,5,2012-11-01,3.14363123
PIR,1100000000,서울,4,5,2012-11-01,5.881404814
PIR,0000000000,전국,3,5,2012-11-01,2.266540324
PIR,1100000000,서울,3,5,2012-11-01,4.372204863
PIR,0000000000,전국,2,5,2012-11-01,1.649630252
PIR,1100000000,서울,2,5,2012-11-01,3.382107279
PIR,0000000000,전국,1,5,2012-11-01,1.027315778
PIR,1100000000,서울,1,5,2012-11-01,2.248271217
PIR,0000000000,전국,5,4,2012-11-01,9.06381257
PIR,1100000000,서울,5,4,2012-11-01,16.75636859
PIR,0000000000,전국,4,4,2012-11-01,5.168323407
PIR,1100000000,서울,4,4,2012-11-01,9.720477564
PIR,0000000000,전국,3,4,2012-11-01,3.726331924
PIR,1100000000,서울,3,4,2012-11-01,7.226151
PIR,0000000000,전국,2,4,2012-11-01,2.712093761
PIR,1100000000,서울,2,4,2012-11-01,5.589769616
PIR,0000000000,전국,1,4,2012-11-01,1.688970428
PIR,1100000000,서울,1,4,2012-11-01,3.71582481
PIR,0000000000,전국,5,3,2012-11-01,11.94390854
PIR,1100000000,서울,5,3,2012-11-01,22.09057465
PIR,0000000000,전국,4,3,2012-11-01,6.810597817
PIR,1100000000,서울,4,3,2012-11-01,12.81488492
PIR,0000000000,전국,3,3,2012-11-01,4.910402478
PIR,1100000000,서울,3,3,2012-11-01,9.52651687
PIR,0000000000,전국,2,3,2012-11-01,3.573882359
PIR,1100000000,서울,2,3,2012-11-01,7.36921143
PIR,0000000000,전국,1,3,2012-11-01,2.225653738
PIR,1100000000,서울,1,3,2012-11-01,4.89871686
PIR,0000000000,전국,5,2,2012-11-01,16.5308698
PIR,1100000000,서울,5,2,2012-11-01,30.57515942
PIR,0000000000,전국,4,2,2012-11-01,9.426152702
PIR,1100000000,서울,4,2,2012-11-01,17.73684731
PIR,0000000000,전국,3,2,2012-11-01,6.796202746
PIR,1100000000,서울,3,2,2012-11-01,13.18547736
PIR,0000000000,전국,2,2,2012-11-01,4.946402909
PIR,1100000000,서울,2,2,2012-11-01,10.19959045
PIR,0000000000,전국,1,2,2012-11-01,3.080398015
PIR,1100000000,서울,1,2,2012-11-01,6.780224205
PIR,0000000000,전국,5,1,2012-11-01,34.63423651
PIR,1100000000,서울,5,1,2012-11-01,63.98407911
PIR,0000000000,전국,4,1,2012-11-01,19.74896699
PIR,1100000000,서울,4,1,2012-11-01,37.11757723
PIR,0000000000,전국,3,1,2012-11-01,14.23889342
PIR,1100000000,서울,3,1,2012-11-01,27.59300827
PIR,0000000000,전국,2,1,2012-11-01,10.36333177
PIR,1100000000,서울,2,1,2012-11-01,21.34449713
PIR,0000000000,전국,1,1,2012-11-01,6.453818501
PIR,1100000000,서울,1,1,2012-11-01,14.18885167
PIR,0000000000,전국,5,5,2012-12-01,5.500802684
PIR,1100000000,서울,5,5,2012-12-01,9.736693013
PIR,0000000000,전국,4,5,2012-12-01,3.138010133
PIR,1100000000,서울,4,5,2012-12-01,5.816648685
PIR,0000000000,전국,3,5,2012-12-01,2.262325097
PIR,1100000000,서울,3,5,2012-12-01,4.360991664
PIR,0000000000,전국,2,5,2012-12-01,1.648040834
PIR,1100000000,서울,2,5,2012-12-01,3.365071245
PIR,0000000000,전국,1,5,2012-12-01,1.028057229
PIR,1100000000,서울,1,5,2012-12-01,2.245769575
PIR,0000000000,전국,5,4,2012-12-01,9.043658493
PIR,1100000000,서울,5,4,2012-12-01,16.0922958
PIR,0000000000,전국,4,4,2012-12-01,5.159081977
PIR,1100000000,서울,4,4,2012-12-01,9.613452028
PIR,0000000000,전국,3,4,2012-12-01,3.719401832
PIR,1100000000,서울,3,4,2012-12-01,7.207618412
PIR,0000000000,전국,2,4,2012-12-01,2.70948066
PIR,1100000000,서울,2,4,2012-12-01,5.561613352
PIR,0000000000,전국,1,4,2012-12-01,1.690189418
PIR,1100000000,서울,1,4,2012-12-01,3.711690227
PIR,0000000000,전국,5,3,2012-12-01,11.91735035
PIR,1100000000,서울,5,3,2012-12-01,21.21510157
PIR,0000000000,전국,4,3,2012-12-01,6.798419852
PIR,1100000000,서울,4,3,2012-12-01,12.67378898
PIR,0000000000,전국,3,3,2012-12-01,4.901270297
PIR,1100000000,서울,3,3,2012-12-01,9.502084636
PIR,0000000000,전국,2,3,2012-12-01,3.570438924
PIR,1100000000,서울,2,3,2012-12-01,7.332091929
PIR,0000000000,전국,1,3,2012-12-01,2.227260071
PIR,1100000000,서울,1,3,2012-12-01,4.893266079
PIR,0000000000,전국,5,2,2012-12-01,16.49411216
PIR,1100000000,서울,5,2,2012-12-01,29.36343318
PIR,0000000000,전국,4,2,2012-12-01,9.409297888
PIR,1100000000,서울,4,2,2012-12-01,17.541559
PIR,0000000000,전국,3,2,2012-12-01,6.783563424
PIR,1100000000,서울,3,2,2012-12-01,13.15166116
PIR,0000000000,전국,2,2,2012-12-01,4.941637052
PIR,1100000000,서울,2,2,2012-12-01,10.14821403
PIR,0000000000,전국,1,2,2012-12-01,3.082621248
PIR,1100000000,서울,1,2,2012-12-01,6.772679879
PIR,0000000000,전국,5,1,2012-12-01,34.55722465
PIR,1100000000,서울,5,1,2012-12-01,61.44832168
PIR,0000000000,전국,4,1,2012-12-01,19.71365405
PIR,1100000000,서울,4,1,2012-12-01,36.70890095
PIR,0000000000,전국,3,1,2012-12-01,14.21241246
PIR,1100000000,서울,3,1,2012-12-01,27.52224171
PIR,0000000000,전국,2,1,2012-12-01,10.3533467
PIR,1100000000,서울,2,1,2012-12-01,21.23698263
PIR,0000000000,전국,1,1,2012-12-01,6.458476453
PIR,1100000000,서울,1,1,2012-12-01,14.1730638
PIR,0000000000,전국,5,5,2013-01-01,5.267743061
PIR,1100000000,서울,5,5,2013-01-01,9.340461519
PIR,0000000000,전국,4,5,2013-01-01,3.008850223
PIR,1100000000,서울,4,5,2013-01-01,5.559238041
PIR,0000000000,전국,3,5,2013-01-01,2.174153792
PIR,1100000000,서울,3,5,2013-01-01,4.169349231
PIR,0000000000,전국,2,5,2013-01-01,1.584349452
PIR,1100000000,서울,2,5,2013-01-01,3.227588683
PIR,0000000000,전국,1,5,2013-01-01,0.986865276
PIR,1100000000,서울,1,5,2013-01-01,2.152603194
PIR,0000000000,전국,5,4,2013-01-01,8.799063489
PIR,1100000000,서울,5,4,2013-01-01,15.62606333
PIR,0000000000,전국,4,4,2013-01-01,5.025883729
PIR,1100000000,서울,4,4,2013-01-01,9.300290516
PIR,0000000000,전국,3,4,2013-01-01,3.631634464
PIR,1100000000,서울,3,4,2013-01-01,6.975085223
PIR,0000000000,전국,2,4,2013-01-01,2.646444835
PIR,1100000000,서울,2,4,2013-01-01,5.399573142
PIR,0000000000,전국,1,4,2013-01-01,1.648427062
PIR,1100000000,서울,1,4,2013-01-01,3.601183278
PIR,0000000000,전국,5,3,2013-01-01,11.8084605
PIR,1100000000,서울,5,3,2013-01-01,21.06809104
PIR,0000000000,전국,4,3,2013-01-01,6.744802961
PIR,1100000000,서울,4,3,2013-01-01,12.53926617
PIR,0000000000,전국,3,3,2013-01-01,4.873701861
PIR,1100000000,서울,3,3,2013-01-01,9.404270763
PIR,0000000000,전국,2,3,2013-01-01,3.551564246
PIR,1100000000,서울,2,3,2013-01-01,7.280061277
PIR,0000000000,전국,1,3,2013-01-01,2.212211091
PIR,1100000000,서울,1,3,2013-01-01,4.855353237
PIR,0000000000,전국,5,2,2013-01-01,16.4538444
PIR,1100000000,서울,5,2,2013-01-01,29.37665824
PIR,0000000000,전국,4,2,2013-01-01,9.398171629
PIR,1100000000,서울,4,2,2013-01-01,17.48434332
PIR,0000000000,전국,3,2,2013-01-01,6.79098957
PIR,1100000000,서울,3,2,2013-01-01,13.11300809
PIR,0000000000,전국,2,2,2013-01-01,4.948730234
PIR,1100000000,서울,2,2,2013-01-01,10.15107974
PIR,0000000000,전국,1,2,2013-01-01,3.082482858
PIR,1100000000,서울,1,2,2013-01-01,6.770146018
PIR,0000000000,전국,5,1,2013-01-01,33.96926171
PIR,1100000000,서울,5,1,2013-01-01,60.34920442
PIR,0000000000,전국,4,1,2013-01-01,19.40269665
PIR,1100000000,서울,4,1,2013-01-01,35.91852418
PIR,0000000000,전국,3,1,2013-01-01,14.02012177
PIR,1100000000,서울,3,1,2013-01-01,26.93838077
PIR,0000000000,전국,2,1,2013-01-01,10.21674378
PIR,1100000000,서울,2,1,2013-01-01,20.85361722
PIR,0000000000,전국,1,1,2013-01-01,6.363842054
PIR,1100000000,서울,1,1,2013-01-01,13.90808044
PIR,0000000000,전국,5,5,2013-02-01,5.252453485
PIR,1100000000,서울,5,5,2013-02-01,9.56439711
PIR,0000000000,전국,4,5,2013-02-01,2.998362135
PIR,1100000000,서울,4,5,2013-02-01,5.572590664
PIR,0000000000,전국,3,5,2013-02-01,2.161345236
PIR,1100000000,서울,3,5,2013-02-01,4.163530798
PIR,0000000000,전국,2,5,2013-02-01,1.58239181
PIR,1100000000,서울,2,5,2013-02-01,3.226953678
PIR,0000000000,전국,1,5,2013-02-01,0.986867017
PIR,1100000000,서울,1,5,2013-02-01,2.148595751
PIR,0000000000,전국,5,4,2013-02-01,8.773524288
PIR,1100000000,서울,5,4,2013-02-01,16.00069489
PIR,0000000000,전국,4,4,2013-02-01,5.008364775
PIR,1100000000,서울,4,4,2013-02-01,9.322628698
PIR,0000000000,전국,3,4,2013-02-01,3.610239477
PIR,1100000000,서울,3,4,2013-02-01,6.965351314
PIR,0000000000,전국,2,4,2013-02-01,2.643174855
PIR,1100000000,서울,2,4,2013-02-01,5.398510815
PIR,0000000000,전국,1,4,2013-02-01,1.64842997
PIR,1100000000,서울,1,4,2013-02-01,3.594479052
PIR,0000000000,전국,5,3,2013-02-01,11.77418655
PIR,1100000000,서울,5,3,2013-02-01,21.57319407
PIR,0000000000,전국,4,3,2013-02-01,6.72129229
PIR,1100000000,서울,4,3,2013-02-01,12.56938399
PIR,0000000000,전국,3,3,2013-02-01,4.844989503
PIR,1100000000,서울,3,3,2013-02-01,9.391146864
PIR,0000000000,전국,2,3,2013-02-01,3.54717589
PIR,1100000000,서울,2,3,2013-02-01,7.278628977
PIR,0000000000,전국,1,3,2013-02-01,2.212214994
PIR,1100000000,서울,1,3,2013-02-01,4.846314156
PIR,0000000000,전국,5,2,2013-02-01,16.40608727
PIR,1100000000,서울,5,2,2013-02-01,30.08095741
PIR,0000000000,전국,4,2,2013-02-01,9.365411989
PIR,1100000000,서울,4,2,2013-02-01,17.52633862
PIR,0000000000,전국,3,2,2013-02-01,6.750981927
PIR,1100000000,서울,3,2,2013-02-01,13.09470855
PIR,0000000000,전국,2,2,2013-02-01,4.942615522
PIR,1100000000,서울,2,2,2013-02-01,10.14908259
PIR,0000000000,전국,1,2,2013-02-01,3.082488297
PIR,1100000000,서울,1,2,2013-02-01,6.75754222
PIR,0000000000,전국,5,1,2013-02-01,33.87066624
PIR,1100000000,서울,5,1,2013-02-01,61.79606384
PIR,0000000000,전국,4,1,2013-02-01,19.33506378
PIR,1100000000,서울,4,1,2013-02-01,36.00479617
PIR,0000000000,전국,3,1,2013-02-01,13.93752526
PIR,1100000000,서울,3,1,2013-02-01,26.90078758
PIR,0000000000,전국,2,1,2013-02-01,10.20411985
PIR,1100000000,서울,2,1,2013-02-01,20.84951442
PIR,0000000000,전국,1,1,2013-02-01,6.363853283
PIR,1100000000,서울,1,1,2013-02-01,13.88218814
PIR,0000000000,전국,5,5,2013-03-01,5.243088605
PIR,1100000000,서울,5,5,2013-03-01,9.549177752
PIR,0000000000,전국,4,5,2013-03-01,2.978644848
PIR,1100000000,서울,4,5,2013-03-01,5.56241616
PIR,0000000000,전국,3,5,2013-03-01,2.148873077
PIR,1100000000,서울,3,5,2013-03-01,4.152969845
PIR,0000000000,전국,2,5,2013-03-01,1.582727677
PIR,1100000000,서울,2,5,2013-03-01,3.224249688
PIR,0000000000,전국,1,5,2013-03-01,0.98454068
PIR,1100000000,서울,1,5,2013-03-01,2.145540634
PIR,0000000000,전국,5,4,2013-03-01,8.757881503
PIR,1100000000,서울,5,4,2013-03-01,15.97523377
PIR,0000000000,전국,4,4,2013-03-01,4.975429671
PIR,1100000000,서울,4,4,2013-03-01,9.30560733
PIR,0000000000,전국,3,4,2013-03-01,3.589406396
PIR,1100000000,서울,3,4,2013-03-01,6.947683438
PIR,0000000000,전국,2,4,2013-03-01,2.643735875
PIR,1100000000,서울,2,4,2013-03-01,5.393987193
PIR,0000000000,전국,1,4,2013-03-01,1.644544135
PIR,1100000000,서울,1,4,2013-03-01,3.589368015
PIR,0000000000,전국,5,3,2013-03-01,11.75319372
PIR,1100000000,서울,5,3,2013-03-01,21.5388657
PIR,0000000000,전국,4,3,2013-03-01,6.677092942
PIR,1100000000,서울,4,3,2013-03-01,12.54643465
PIR,0000000000,전국,3,3,2013-03-01,4.817031232
PIR,1100000000,서울,3,3,2013-03-01,9.367325866
PIR,0000000000,전국,2,3,2013-03-01,3.547928786
PIR,1100000000,서울,2,3,2013-03-01,7.272529931
PIR,0000000000,전국,1,3,2013-03-01,2.207000151
PIR,1100000000,서울,1,3,2013-03-01,4.839423118
PIR,0000000000,전국,5,2,2013-03-01,16.37683598
PIR,1100000000,서울,5,2,2013-03-01,30.03309106
PIR,0000000000,전국,4,2,2013-03-01,9.303824858
PIR,1100000000,서울,4,2,2013-03-01,17.49433882
PIR,0000000000,전국,3,2,2013-03-01,6.712025024
PIR,1100000000,서울,3,2,2013-03-01,13.06149333
PIR,0000000000,전국,2,2,2013-03-01,4.943664604
PIR,1100000000,서울,2,2,2013-03-01,10.14057828
PIR,0000000000,전국,1,2,2013-03-01,3.075221963
PIR,1100000000,서울,1,2,2013-03-01,6.747933581
PIR,0000000000,전국,5,1,2013-03-01,33.81027642
PIR,1100000000,서울,5,1,2013-03-01,61.69773078
PIR,0000000000,전국,4,1,2013-03-01,19.20791603
PIR,1100000000,서울,4,1,2013-03-01,35.93905817
PIR,0000000000,전국,3,1,2013-03-01,13.85709802
PIR,1100000000,서울,3,1,2013-03-01,26.83255272
PIR,0000000000,전국,2,1,2013-03-01,10.2062857
PIR,1100000000,서울,2,1,2013-03-01,20.8320438
PIR,0000000000,전국,1,1,2013-03-01,6.348851804
PIR,1100000000,서울,1,1,2013-03-01,13.86244888
PIR,0000000000,전국,5,5,2013-04-01,5.629187373
PIR,1100000000,서울,5,5,2013-04-01,10.08959947
PIR,0000000000,전국,4,5,2013-04-01,3.281090771
PIR,1100000000,서울,4,5,2013-04-01,6.095951356
PIR,0000000000,전국,3,5,2013-04-01,2.389429403
PIR,1100000000,서울,3,5,2013-04-01,4.534892623
PIR,0000000000,전국,2,5,2013-04-01,1.75554992
PIR,1100000000,서울,2,5,2013-04-01,3.472018753
PIR,0000000000,전국,1,5,2013-04-01,1.085105748
PIR,1100000000,서울,1,5,2013-04-01,2.310632349
PIR,0000000000,전국,5,4,2013-04-01,8.95398617
PIR,1100000000,서울,5,4,2013-04-01,15.99510836
PIR,0000000000,전국,4,4,2013-04-01,5.219019982
PIR,1100000000,서울,4,4,2013-04-01,9.66395175
PIR,0000000000,전국,3,4,2013-04-01,3.800711614
PIR,1100000000,서울,3,4,2013-04-01,7.18919508
PIR,0000000000,전국,2,4,2013-04-01,2.792440305
PIR,1100000000,서울,2,4,2013-04-01,5.504214149
PIR,0000000000,전국,1,4,2013-04-01,1.726007897
PIR,1100000000,서울,1,4,2013-04-01,3.663060649
PIR,0000000000,전국,5,3,2013-04-01,11.70556136
PIR,1100000000,서울,5,3,2013-04-01,20.91647864
PIR,0000000000,전국,4,3,2013-04-01,6.822833704
PIR,1100000000,서울,4,3,2013-04-01,12.63735361
PIR,0000000000,전국,3,3,2013-04-01,4.968676761
PIR,1100000000,서울,3,3,2013-04-01,9.40116453
PIR,0000000000,전국,2,3,2013-04-01,3.650561963
PIR,1100000000,서울,2,3,2013-04-01,7.197749156
PIR,0000000000,전국,1,3,2013-04-01,2.256413061
PIR,1100000000,서울,1,3,2013-04-01,4.790110084
PIR,0000000000,전국,5,2,2013-04-01,15.88841046
PIR,1100000000,서울,5,2,2013-04-01,28.52889468
PIR,0000000000,전국,4,2,2013-04-01,9.260895661
PIR,1100000000,서울,4,2,2013-04-01,17.23663607
PIR,0000000000,전국,3,2,2013-04-01,6.74417684
PIR,1100000000,서울,3,2,2013-04-01,12.82265707
PIR,0000000000,전국,2,2,2013-04-01,4.955048725
PIR,1100000000,서울,2,2,2013-04-01,9.817323034
PIR,0000000000,전국,1,2,2013-04-01,3.062716582
PIR,1100000000,서울,1,2,2013-04-01,6.533439419
PIR,0000000000,전국,5,1,2013-04-01,33.46343032
PIR,1100000000,서울,5,1,2013-04-01,60.13269197
PIR,0000000000,전국,4,1,2013-04-01,19.50486724
PIR,1100000000,서울,4,1,2013-04-01,36.33107203
PIR,0000000000,전국,3,1,2013-04-01,14.20427124
PIR,1100000000,서울,3,1,2013-04-01,27.02736634
PIR,0000000000,전국,2,1,2013-04-01,10.43609291
PIR,1100000000,서울,2,1,2013-04-01,20.69277723
PIR,0000000000,전국,1,1,2013-04-01,6.45055106
PIR,1100000000,서울,1,1,2013-04-01,13.7710663
PIR,0000000000,전국,5,5,2013-05-01,5.631220627
PIR,1100000000,서울,5,5,2013-05-01,10.06512332
PIR,0000000000,전국,4,5,2013-05-01,3.277893668
PIR,1100000000,서울,4,5,2013-05-01,6.094962505
PIR,0000000000,전국,3,5,2013-05-01,2.389442086
PIR,1100000000,서울,3,5,2013-05-01,4.528496271
PIR,0000000000,전국,2,5,2013-05-01,1.758340275
PIR,1100000000,서울,2,5,2013-05-01,3.454725884
PIR,0000000000,전국,1,5,2013-05-01,1.087410277
PIR,1100000000,서울,1,5,2013-05-01,2.311126352
PIR,0000000000,전국,5,4,2013-05-01,8.957220337
PIR,1100000000,서울,5,4,2013-05-01,15.95630616
PIR,0000000000,전국,4,4,2013-05-01,5.213934556
PIR,1100000000,서울,4,4,2013-05-01,9.662384117
PIR,0000000000,전국,3,4,2013-05-01,3.800731789
PIR,1100000000,서울,3,4,2013-05-01,7.179054901
PIR,0000000000,전국,2,4,2013-05-01,2.796878744
PIR,1100000000,서울,2,4,2013-05-01,5.476799649
PIR,0000000000,전국,1,4,2013-05-01,1.729673563
PIR,1100000000,서울,1,4,2013-05-01,3.663843795
PIR,0000000000,전국,5,3,2013-05-01,11.70978939
PIR,1100000000,서울,5,3,2013-05-01,20.86573779
PIR,0000000000,전국,4,3,2013-05-01,6.816185518
PIR,1100000000,서울,4,3,2013-05-01,12.63530365
PIR,0000000000,전국,3,3,2013-05-01,4.968703135
PIR,1100000000,서울,3,3,2013-05-01,9.387904424
PIR,0000000000,전국,2,3,2013-05-01,3.656364341
PIR,1100000000,서울,2,3,2013-05-01,7.161899772
PIR,0000000000,전국,1,3,2013-05-01,2.261205192
PIR,1100000000,서울,1,3,2013-05-01,4.791134188
PIR,0000000000,전국,5,2,2013-05-01,15.89414933
PIR,1100000000,서울,5,2,2013-05-01,28.45968703
PIR,0000000000,전국,4,2,2013-05-01,9.25187182
PIR,1100000000,서울,4,2,2013-05-01,17.23384004
PIR,0000000000,전국,3,2,2013-05-01,6.744212639
PIR,1100000000,서울,3,2,2013-05-01,12.80457103
PIR,0000000000,전국,2,2,2013-05-01,4.962924516
PIR,1100000000,서울,2,2,2013-05-01,9.7684265
PIR,0000000000,전국,1,2,2013-05-01,3.069221128
PIR,1100000000,서울,1,2,2013-05-01,6.534836238
PIR,0000000000,전국,5,1,2013-05-01,33.47551726
PIR,1100000000,서울,5,1,2013-05-01,59.98681733
PIR,0000000000,전국,4,1,2013-05-01,19.48586165
PIR,1100000000,서울,4,1,2013-05-01,36.3251786
PIR,0000000000,전국,3,1,2013-05-01,14.20434664
PIR,1100000000,서울,3,1,2013-05-01,26.98924492
PIR,0000000000,전국,2,1,2013-05-01,10.45268054
PIR,1100000000,서울,2,1,2013-05-01,20.58971399
PIR,0000000000,전국,1,1,2013-05-01,6.464250632
PIR,1100000000,서울,1,1,2013-05-01,13.77401049
PIR,0000000000,전국,5,5,2013-06-01,5.619962731
PIR,1100000000,서울,5,5,2013-06-01,10.04031379
PIR,0000000000,전국,4,5,2013-06-01,3.269972621
PIR,1100000000,서울,4,5,2013-06-01,6.082989433
PIR,0000000000,전국,3,5,2013-06-01,2.388411962
PIR,1100000000,서울,3,5,2013-06-01,4.518639534
PIR,0000000000,전국,2,5,2013-06-01,1.757492448
PIR,1100000000,서울,2,5,2013-06-01,3.444674015
PIR,0000000000,전국,1,5,2013-06-01,1.08510407
PIR,1100000000,서울,1,5,2013-06-01,2.309979722
PIR,0000000000,전국,5,4,2013-06-01,8.939313126
PIR,1100000000,서울,5,4,2013-06-01,15.91697544
PIR,0000000000,전국,4,4,2013-06-01,5.201335057
PIR,1100000000,서울,4,4,2013-06-01,9.643403127
PIR,0000000000,전국,3,4,2013-06-01,3.799093237
PIR,1100000000,서울,3,4,2013-06-01,7.163428952
PIR,0000000000,전국,2,4,2013-06-01,2.79553016
PIR,1100000000,서울,2,4,2013-06-01,5.460864356
PIR,0000000000,전국,1,4,2013-06-01,1.726005228
PIR,1100000000,서울,1,4,2013-06-01,3.662026035
PIR,0000000000,전국,5,3,2013-06-01,11.68637926
PIR,1100000000,서울,5,3,2013-06-01,20.81430581
PIR,0000000000,전국,4,3,2013-06-01,6.799714171
PIR,1100000000,서울,4,3,2013-06-01,12.6104826
PIR,0000000000,전국,3,3,2013-06-01,4.966561053
PIR,1100000000,서울,3,3,2013-06-01,9.367470687
PIR,0000000000,전국,2,3,2013-06-01,3.654601335
PIR,1100000000,서울,2,3,2013-06-01,7.141061512
PIR,0000000000,전국,1,3,2013-06-01,2.256409572
PIR,1100000000,서울,1,3,2013-06-01,4.78875714
PIR,0000000000,전국,5,2,2013-06-01,15.86237386
PIR,1100000000,서울,5,2,2013-06-01,28.38953671
PIR,0000000000,전국,4,2,2013-06-01,9.229514626
PIR,1100000000,서울,4,2,2013-06-01,17.19998552
PIR,0000000000,전국,3,2,2013-06-01,6.741305109
PIR,1100000000,서울,3,2,2013-06-01,12.77670057
PIR,0000000000,전국,2,2,2013-06-01,4.96053152
PIR,1100000000,서울,2,2,2013-06-01,9.740004292
PIR,0000000000,전국,1,2,2013-06-01,3.062711847
PIR,1100000000,서울,1,2,2013-06-01,6.53159408
PIR,0000000000,전국,5,1,2013-06-01,33.40859325
PIR,1100000000,서울,5,1,2013-06-01,59.83895576
PIR,0000000000,전국,4,1,2013-06-01,19.43877397
PIR,1100000000,서울,4,1,2013-06-01,36.25382066
PIR,0000000000,전국,3,1,2013-06-01,14.19822294
PIR,1100000000,서울,3,1,2013-06-01,26.93050006
PIR,0000000000,전국,2,1,2013-06-01,10.44764052
PIR,1100000000,서울,2,1,2013-06-01,20.52980617
PIR,0000000000,전국,1,1,2013-06-01,6.450541087
PIR,1100000000,서울,1,1,2013-06-01,13.76717673
PIR,0000000000,전국,5,5,2013-07-01,5.212870625
PIR,1100000000,서울,5,5,2013-07-01,9.282876078
PIR,0000000000,전국,4,5,2013-07-01,3.037774592
PIR,1100000000,서울,4,5,2013-07-01,5.608814654
PIR,0000000000,전국,3,5,2013-07-01,2.216458791
PIR,1100000000,서울,3,5,2013-07-01,4.162110402
PIR,0000000000,전국,2,5,2013-07-01,1.63417624
PIR,1100000000,서울,2,5,2013-07-01,3.173926154
PIR,0000000000,전국,1,5,2013-07-01,1.011984406
PIR,1100000000,서울,1,5,2013-07-01,2.139156418
PIR,0000000000,전국,5,4,2013-07-01,8.456716252
PIR,1100000000,서울,5,4,2013-07-01,15.04151481
PIR,0000000000,전국,4,4,2013-07-01,4.928109599
PIR,1100000000,서울,4,4,2013-07-01,9.088246788
PIR,0000000000,전국,3,4,2013-07-01,3.595708474
PIR,1100000000,서울,3,4,2013-07-01,6.744078531
PIR,0000000000,전국,2,4,2013-07-01,2.651085316
PIR,1100000000,서울,2,4,2013-07-01,5.142873486
PIR,0000000000,전국,1,4,2013-07-01,1.641718275
PIR,1100000000,서울,1,4,2013-07-01,3.466183614
PIR,0000000000,전국,5,3,2013-07-01,11.24622338
PIR,1100000000,서울,5,3,2013-07-01,20.10721262
PIR,0000000000,전국,4,3,2013-07-01,6.553681093
PIR,1100000000,서울,4,3,2013-07-01,12.14899648
PIR,0000000000,전국,3,3,2013-07-01,4.781778117
PIR,1100000000,서울,3,3,2013-07-01,9.015356672
PIR,0000000000,전국,2,3,2013-07-01,3.525564389
PIR,1100000000,서울,2,3,2013-07-01,6.874896041
PIR,0000000000,전국,1,3,2013-07-01,2.183250555
PIR,1100000000,서울,1,3,2013-07-01,4.633528721
PIR,0000000000,전국,5,2,2013-07-01,15.46985373
PIR,1100000000,서울,5,2,2013-07-01,27.60623136
PIR,0000000000,전국,4,2,2013-07-01,9.014980803
PIR,1100000000,서울,4,2,2013-07-01,16.67998514
PIR,0000000000,전국,3,2,2013-07-01,6.577622151
PIR,1100000000,서울,3,2,2013-07-01,12.3776491
PIR,0000000000,전국,2,2,2013-07-01,4.849624941
PIR,1100000000,서울,2,2,2013-07-01,9.438900077
PIR,0000000000,전국,1,2,2013-07-01,3.00319188
PIR,1100000000,서울,1,2,2013-07-01,6.361611046
PIR,0000000000,전국,5,1,2013-07-01,32.34445589
PIR,1100000000,서울,5,1,2013-07-01,57.50342132
PIR,0000000000,전국,4,1,2013-07-01,18.84857181
PIR,1100000000,서울,4,1,2013-07-01,34.74419236
PIR,0000000000,전국,3,1,2013-07-01,13.75252884
PIR,1100000000,서울,3,1,2013-07-01,25.78248228
PIR,0000000000,전국,2,1,2013-07-01,10.1396227
PIR,1100000000,서울,2,1,2013-07-01,19.66110625
PIR,0000000000,전국,1,1,2013-07-01,6.279090222
PIR,1100000000,서울,1,1,2013-07-01,13.25115317
PIR,0000000000,전국,5,5,2013-08-01,5.177000756
PIR,1100000000,서울,5,5,2013-08-01,9.257722232
PIR,0000000000,전국,4,5,2013-08-01,3.031724153
PIR,1100000000,서울,4,5,2013-08-01,5.577721886
PIR,0000000000,전국,3,5,2013-08-01,2.214901071
PIR,1100000000,서울,3,5,2013-08-01,4.15314242
PIR,0000000000,전국,2,5,2013-08-01,1.633807659
PIR,1100000000,서울,2,5,2013-08-01,3.165014038
PIR,0000000000,전국,1,5,2013-08-01,1.017699794
PIR,1100000000,서울,1,5,2013-08-01,2.135191018
PIR,0000000000,전국,5,4,2013-08-01,8.398525415
PIR,1100000000,서울,5,4,2013-08-01,15.00075676
PIR,0000000000,전국,4,4,2013-08-01,4.918294115
PIR,1100000000,서울,4,4,2013-08-01,9.037865599
PIR,0000000000,전국,3,4,2013-08-01,3.593181423
PIR,1100000000,서울,3,4,2013-08-01,6.729547254
PIR,0000000000,전국,2,4,2013-08-01,2.650487376
PIR,1100000000,서울,2,4,2013-08-01,5.128432732
PIR,0000000000,전국,1,4,2013-08-01,1.650990214
PIR,1100000000,서울,1,4,2013-08-01,3.459758274
PIR,0000000000,전국,5,3,2013-08-01,11.16883789
PIR,1100000000,서울,5,3,2013-08-01,20.05272802
PIR,0000000000,전국,4,3,2013-08-01,6.540627902
PIR,1100000000,서울,4,3,2013-08-01,12.08164786
PIR,0000000000,전국,3,3,2013-08-01,4.7784175
PIR,1100000000,서울,3,3,2013-08-01,8.995931536
PIR,0000000000,전국,2,3,2013-08-01,3.524769215
PIR,1100000000,서울,2,3,2013-08-01,6.855591914
PIR,0000000000,전국,1,3,2013-08-01,2.195580908
PIR,1100000000,서울,1,3,2013-08-01,4.624939448
PIR,0000000000,전국,5,2,2013-08-01,15.36340535
PIR,1100000000,서울,5,2,2013-08-01,27.53142665
PIR,0000000000,전국,4,2,2013-08-01,8.997025358
PIR,1100000000,서울,4,2,2013-08-01,16.58751873
PIR,0000000000,전국,3,2,2013-08-01,6.572999422
PIR,1100000000,서울,3,2,2013-08-01,12.35097932
PIR,0000000000,전국,2,2,2013-08-01,4.848531132
PIR,1100000000,서울,2,2,2013-08-01,9.412396443
PIR,0000000000,전국,1,2,2013-08-01,3.020153019
PIR,1100000000,서울,1,2,2013-08-01,6.34981839
PIR,0000000000,전국,5,1,2013-08-01,32.12189303
PIR,1100000000,서울,5,1,2013-08-01,57.34760407
PIR,0000000000,전국,4,1,2013-08-01,18.81103047
PIR,1100000000,서울,4,1,2013-08-01,34.55158605
PIR,0000000000,전국,3,1,2013-08-01,13.74286361
PIR,1100000000,서울,3,1,2013-08-01,25.72692949
PIR,0000000000,전국,2,1,2013-08-01,10.13733575
PIR,1100000000,서울,2,1,2013-08-01,19.60589952
PIR,0000000000,전국,1,1,2013-08-01,6.314552666
PIR,1100000000,서울,1,1,2013-08-01,13.22658922
PIR,0000000000,전국,5,5,2013-09-01,5.193738909
PIR,1100000000,서울,5,5,2013-09-01,9.259573355
PIR,0000000000,전국,4,5,2013-09-01,3.030936669
PIR,1100000000,서울,4,5,2013-09-01,5.561580189
PIR,0000000000,전국,3,5,2013-09-01,2.21658986
PIR,1100000000,서울,3,5,2013-09-01,4.14179207
PIR,0000000000,전국,2,5,2013-09-01,1.638776248
PIR,1100000000,서울,2,5,2013-09-01,3.163407357
PIR,0000000000,전국,1,5,2013-09-01,1.020359867
PIR,1100000000,서울,1,5,2013-09-01,2.136280443
PIR,0000000000,전국,5,4,2013-09-01,8.425679324
PIR,1100000000,서울,5,4,2013-09-01,15.00375623
PIR,0000000000,전국,4,4,2013-09-01,4.917016599
PIR,1100000000,서울,4,4,2013-09-01,9.011710388
PIR,0000000000,전국,3,4,2013-09-01,3.595921105
PIR,1100000000,서울,3,4,2013-09-01,6.711155707
PIR,0000000000,전국,2,4,2013-09-01,2.6585478
PIR,1100000000,서울,2,4,2013-09-01,5.125829345
PIR,0000000000,전국,1,4,2013-09-01,1.655305588
PIR,1100000000,서울,1,4,2013-09-01,3.461523525
PIR,0000000000,전국,5,3,2013-09-01,11.20494871
PIR,1100000000,서울,5,3,2013-09-01,20.05673765
PIR,0000000000,전국,4,3,2013-09-01,6.538928989
PIR,1100000000,서울,4,3,2013-09-01,12.04668407
PIR,0000000000,전국,3,3,2013-09-01,4.782060886
PIR,1100000000,서울,3,3,2013-09-01,8.971346063
PIR,0000000000,전국,2,3,2013-09-01,3.535488426
PIR,1100000000,서울,2,3,2013-09-01,6.852111756
PIR,0000000000,전국,1,3,2013-09-01,2.201319738
PIR,1100000000,서울,1,3,2013-09-01,4.627299203
PIR,0000000000,전국,5,2,2013-09-01,15.41307794
PIR,1100000000,서울,5,2,2013-09-01,27.53693168
PIR,0000000000,전국,4,2,2013-09-01,8.9946884
PIR,1100000000,서울,4,2,2013-09-01,16.53951514
PIR,0000000000,전국,3,2,2013-09-01,6.578011117
PIR,1100000000,서울,3,2,2013-09-01,12.31722466
PIR,0000000000,전국,2,2,2013-09-01,4.863276049
PIR,1100000000,서울,2,2,2013-09-01,9.407618354
PIR,0000000000,전국,1,2,2013-09-01,3.028047124
PIR,1100000000,서울,1,2,2013-09-01,6.353058219
PIR,0000000000,전국,5,1,2013-09-01,32.22574876
PIR,1100000000,서울,5,1,2013-09-01,57.35907098
PIR,0000000000,전국,4,1,2013-09-01,18.80614435
PIR,1100000000,서울,4,1,2013-09-01,34.45159518
PIR,0000000000,전국,3,1,2013-09-01,13.75334209
PIR,1100000000,서울,3,1,2013-09-01,25.65661896
PIR,0000000000,전국,2,1,2013-09-01,10.16816451
PIR,1100000000,서울,2,1,2013-09-01,19.59594683
PIR,0000000000,전국,1,1,2013-09-01,6.331057704
PIR,1100000000,서울,1,1,2013-09-01,13.23333774
PIR,0000000000,전국,5,5,2013-10-01,5.454153135
PIR,1100000000,서울,5,5,2013-10-01,9.695720363
PIR,0000000000,전국,4,5,2013-10-01,3.181680254
PIR,1100000000,서울,4,5,2013-10-01,5.820610622
PIR,0000000000,전국,3,5,2013-10-01,2.328395372
PIR,1100000000,서울,3,5,2013-10-01,4.338473713
PIR,0000000000,전국,2,5,2013-10-01,1.722492382
PIR,1100000000,서울,2,5,2013-10-01,3.318110109
PIR,0000000000,전국,1,5,2013-10-01,1.069554677
PIR,1100000000,서울,1,5,2013-10-01,2.240647767
PIR,0000000000,전국,5,4,2013-10-01,8.636522851
PIR,1100000000,서울,5,4,2013-10-01,15.34194557
PIR,0000000000,전국,4,4,2013-10-01,5.03811564
PIR,1100000000,서울,4,4,2013-10-01,9.210196663
PIR,0000000000,전국,3,4,2013-10-01,3.686959156
PIR,1100000000,서울,3,4,2013-10-01,6.86494918
PIR,0000000000,전국,2,4,2013-10-01,2.727526061
PIR,1100000000,서울,2,4,2013-10-01,5.250384992
PIR,0000000000,전국,1,4,2013-10-01,1.693614605
PIR,1100000000,서울,1,4,2013-10-01,3.545471073
PIR,0000000000,전국,5,3,2013-10-01,11.31597424
PIR,1100000000,서울,5,3,2013-10-01,20.09525707
PIR,0000000000,전국,4,3,2013-10-01,6.601173616
PIR,1100000000,서울,4,3,2013-10-01,12.06374177
PIR,0000000000,전국,3,3,2013-10-01,4.830825499
PIR,1100000000,서울,3,3,2013-10-01,8.991879024
PIR,0000000000,전국,2,3,2013-10-01,3.573731601
PIR,1100000000,서울,2,3,2013-10-01,6.877083201
PIR,0000000000,전국,1,3,2013-10-01,2.219052687
PIR,1100000000,서울,1,3,2013-10-01,4.64394508
PIR,0000000000,전국,5,2,2013-10-01,15.50337838
PIR,1100000000,서울,5,2,2013-10-01,27.59421713
PIR,0000000000,전국,4,2,2013-10-01,9.043895839
PIR,1100000000,서울,4,2,2013-10-01,16.56557608
PIR,0000000000,전국,3,2,2013-10-01,6.618441686
PIR,1100000000,서울,3,2,2013-10-01,12.34738432
PIR,0000000000,전국,2,2,2013-10-01,4.896168202
PIR,1100000000,서울,2,2,2013-10-01,9.443408779
PIR,0000000000,전국,1,2,2013-10-01,3.04019899
PIR,1100000000,서울,1,2,2013-10-01,6.376929064
PIR,0000000000,전국,5,1,2013-10-01,32.11263767
PIR,1100000000,서울,5,1,2013-10-01,57.24406138
PIR,0000000000,전국,4,1,2013-10-01,18.73290731
PIR,1100000000,서울,4,1,2013-10-01,34.3652023
PIR,0000000000,전국,3,1,2013-10-01,13.70898746
PIR,1100000000,서울,3,1,2013-10-01,25.61458522
PIR,0000000000,전국,2,1,2013-10-01,10.14158796
PIR,1100000000,서울,2,1,2013-10-01,19.5903029
PIR,0000000000,전국,1,1,2013-10-01,6.297260263
PIR,1100000000,서울,1,1,2013-10-01,13.22890652
PIR,0000000000,전국,5,5,2013-11-01,5.452136041
PIR,1100000000,서울,5,5,2013-11-01,9.684639462
PIR,0000000000,전국,4,5,2013-11-01,3.183124136
PIR,1100000000,서울,4,5,2013-11-01,5.817227963
PIR,0000000000,전국,3,5,2013-11-01,2.333754446
PIR,1100000000,서울,3,5,2013-11-01,4.335921246
PIR,0000000000,전국,2,5,2013-11-01,1.729883011
PIR,1100000000,서울,2,5,2013-11-01,3.319402494
PIR,0000000000,전국,1,5,2013-11-01,1.073833573
PIR,1100000000,서울,1,5,2013-11-01,2.248890104
PIR,0000000000,전국,5,4,2013-11-01,8.63332883
PIR,1100000000,서울,5,4,2013-11-01,15.32441179
PIR,0000000000,전국,4,4,2013-11-01,5.040401995
PIR,1100000000,서울,4,4,2013-11-01,9.20484414
PIR,0000000000,전국,3,4,2013-11-01,3.695445123
PIR,1100000000,서울,3,4,2013-11-01,6.860910303
PIR,0000000000,전국,2,4,2013-11-01,2.739228948
PIR,1100000000,서울,2,4,2013-11-01,5.252429987
PIR,0000000000,전국,1,4,2013-11-01,1.700390135
PIR,1100000000,서울,1,4,2013-11-01,3.55851327
PIR,0000000000,전국,5,3,2013-11-01,11.31178928
PIR,1100000000,서울,5,3,2013-11-01,20.0722909
PIR,0000000000,전국,4,3,2013-11-01,6.604169304
PIR,1100000000,서울,4,3,2013-11-01,12.05673091
PIR,0000000000,전국,3,3,2013-11-01,4.841944208
PIR,1100000000,서울,3,3,2013-11-01,8.986588804
PIR,0000000000,전국,2,3,2013-11-01,3.589065268
PIR,1100000000,서울,2,3,2013-11-01,6.879761785
PIR,0000000000,전국,1,3,2013-11-01,2.227930302
PIR,1100000000,서울,1,3,2013-11-01,4.66102807
PIR,0000000000,전국,5,2,2013-11-01,15.49764481
PIR,1100000000,서울,5,2,2013-11-01,27.56268065
PIR,0000000000,전국,4,2,2013-11-01,9.048000062
PIR,1100000000,서울,4,2,2013-11-01,16.55594896
PIR,0000000000,전국,3,2,2013-11-01,6.633674801
PIR,1100000000,서울,3,2,2013-11-01,12.34011995
PIR,0000000000,전국,2,2,2013-11-01,4.917175995
PIR,1100000000,서울,2,2,2013-11-01,9.447086932
PIR,0000000000,전국,1,2,2013-11-01,3.05236171
PIR,1100000000,서울,1,2,2013-11-01,6.400386924
PIR,0000000000,전국,5,1,2013-11-01,32.10076154
PIR,1100000000,서울,5,1,2013-11-01,57.17863914
PIR,0000000000,전국,4,1,2013-11-01,18.74140852
PIR,1100000000,서울,4,1,2013-11-01,34.3452309
PIR,0000000000,전국,3,1,2013-11-01,13.7405403
PIR,1100000000,서울,3,1,2013-11-01,25.59951532
PIR,0000000000,전국,2,1,2013-11-01,10.18510206
PIR,1100000000,서울,2,1,2013-11-01,19.59793321
PIR,0000000000,전국,1,1,2013-11-01,6.32245329
PIR,1100000000,서울,1,1,2013-11-01,13.27756973
PIR,0000000000,전국,5,5,2013-12-01,5.472054239
PIR,1100000000,서울,5,5,2013-12-01,9.683213272
PIR,0000000000,전국,4,5,2013-12-01,3.186643955
PIR,1100000000,서울,4,5,2013-12-01,5.812551725
PIR,0000000000,전국,3,5,2013-12-01,2.34191893
PIR,1100000000,서울,3,5,2013-12-01,4.338627026
PIR,0000000000,전국,2,5,2013-12-01,1.735411184
PIR,1100000000,서울,2,5,2013-12-01,3.319837877
PIR,0000000000,전국,1,5,2013-12-01,1.078444699
PIR,1100000000,서울,1,5,2013-12-01,2.248902587
PIR,0000000000,전국,5,4,2013-12-01,8.664868827
PIR,1100000000,서울,5,4,2013-12-01,15.32215507
PIR,0000000000,전국,4,4,2013-12-01,5.045975545
PIR,1100000000,서울,4,4,2013-12-01,9.197444732
PIR,0000000000,전국,3,4,2013-12-01,3.708373391
PIR,1100000000,서울,3,4,2013-12-01,6.865191773
PIR,0000000000,전국,2,4,2013-12-01,2.747982679
PIR,1100000000,서울,2,4,2013-12-01,5.253118911
PIR,0000000000,전국,1,4,2013-12-01,1.707691746
PIR,1100000000,서울,1,4,2013-12-01,3.558533021
PIR,0000000000,전국,5,3,2013-12-01,11.35311445
PIR,1100000000,서울,5,3,2013-12-01,20.06933499
PIR,0000000000,전국,4,3,2013-12-01,6.611472029
PIR,1100000000,서울,4,3,2013-12-01,12.04703898
PIR,0000000000,전국,3,3,2013-12-01,4.858883427
PIR,1100000000,서울,3,3,2013-12-01,8.992196778
PIR,0000000000,전국,2,3,2013-12-01,3.600534813
PIR,1100000000,서울,2,3,2013-12-01,6.880664155
PIR,0000000000,전국,1,3,2013-12-01,2.237497212
PIR,1100000000,서울,1,3,2013-12-01,4.661053941
PIR,0000000000,전국,5,2,2013-12-01,15.55426209
PIR,1100000000,서울,5,2,2013-12-01,27.55862169
PIR,0000000000,전국,4,2,2013-12-01,9.058005114
PIR,1100000000,서울,4,2,2013-12-01,16.54264029
PIR,0000000000,전국,3,2,2013-12-01,6.65688227
PIR,1100000000,서울,3,2,2013-12-01,12.34782066
PIR,0000000000,전국,2,2,2013-12-01,4.932889773
PIR,1100000000,서울,2,2,2013-12-01,9.44832604
PIR,0000000000,전국,1,2,2013-12-01,3.065468794
PIR,1100000000,서울,1,2,2013-12-01,6.40042245
PIR,0000000000,전국,5,1,2013-12-01,32.21803472
PIR,1100000000,서울,5,1,2013-12-01,57.17021883
PIR,0000000000,전국,4,1,2013-12-01,18.7621323
PIR,1100000000,서울,4,1,2013-12-01,34.31762213
PIR,0000000000,전국,3,1,2013-12-01,13.78861066
PIR,1100000000,서울,3,1,2013-12-01,25.61549039
PIR,0000000000,전국,2,1,2013-12-01,10.21765051
PIR,1100000000,서울,2,1,2013-12-01,19.60050373
PIR,0000000000,전국,1,1,2013-12-01,6.349602407
PIR,1100000000,서울,1,1,2013-12-01,13.27764343
PIR,0000000000,전국,5,5,2014-01-01,4.970557573
PIR,1100000000,서울,5,5,2014-01-01,8.794399337
PIR,0000000000,전국,4,5,2014-01-01,2.896134733
PIR,1100000000,서울,4,5,2014-01-01,5.284717558
PIR,0000000000,전국,3,5,2014-01-01,2.125955727
PIR,1100000000,서울,3,5,2014-01-01,3.947003765
PIR,0000000000,전국,2,5,2014-01-01,1.576357467
PIR,1100000000,서울,2,5,2014-01-01,3.016191113
PIR,0000000000,전국,1,5,2014-01-01,0.979580836
PIR,1100000000,서울,1,5,2014-01-01,2.046605226
PIR,0000000000,전국,5,4,2014-01-01,8.273654226
PIR,1100000000,서울,5,4,2014-01-01,14.70182344
PIR,0000000000,전국,4,4,2014-01-01,4.820710157
PIR,1100000000,서울,4,4,2014-01-01,8.834598188
PIR,0000000000,전국,3,4,2014-01-01,3.538722231
PIR,1100000000,서울,3,4,2014-01-01,6.598307655
PIR,0000000000,전국,2,4,2014-01-01,2.62389811
PIR,1100000000,서울,2,4,2014-01-01,5.042244218
PIR,0000000000,전국,1,4,2014-01-01,1.63054406
PIR,1100000000,서울,1,4,2014-01-01,3.421362566
PIR,0000000000,전국,5,3,2014-01-01,11.0518319
PIR,1100000000,서울,5,3,2014-01-01,19.64139485
PIR,0000000000,전국,4,3,2014-01-01,6.439437379
PIR,1100000000,서울,4,3,2014-01-01,11.8028782
PIR,0000000000,전국,3,3,2014-01-01,4.726975791
PIR,1100000000,서울,3,3,2014-01-01,8.815230746
PIR,0000000000,전국,2,3,2014-01-01,3.504966492
PIR,1100000000,서울,2,3,2014-01-01,6.73635553
PIR,0000000000,전국,1,3,2014-01-01,2.17805801
PIR,1100000000,서울,1,3,2014-01-01,4.570884242
PIR,0000000000,전국,5,2,2014-01-01,15.30938419
PIR,1100000000,서울,5,2,2014-01-01,27.07137792
PIR,0000000000,전국,4,2,2014-01-01,8.920133941
PIR,1100000000,서울,4,2,2014-01-01,16.26769274
PIR,0000000000,전국,3,2,2014-01-01,6.547972239
PIR,1100000000,서울,3,2,2014-01-01,12.14987249
PIR,0000000000,전국,2,2,2014-01-01,4.855202206
PIR,1100000000,서울,2,2,2014-01-01,9.284596524
PIR,0000000000,전국,1,2,2014-01-01,3.017122154
PIR,1100000000,서울,1,2,2014-01-01,6.299966764
PIR,0000000000,전국,5,1,2014-01-01,32.04277843
PIR,1100000000,서울,5,1,2014-01-01,56.28135014
PIR,0000000000,전국,4,1,2014-01-01,18.66997861
PIR,1100000000,서울,4,1,2014-01-01,33.82050642
PIR,0000000000,전국,3,1,2014-01-01,13.7050074
PIR,1100000000,서울,3,1,2014-01-01,25.25956491
PIR,0000000000,전국,2,1,2014-01-01,10.16201348
PIR,1100000000,서울,2,1,2014-01-01,19.30266089
PIR,0000000000,전국,1,1,2014-01-01,6.314883438
PIR,1100000000,서울,1,1,2014-01-01,13.09762053
PIR,0000000000,전국,5,5,2014-02-01,4.976630104
PIR,1100000000,서울,5,5,2014-02-01,8.801074418
PIR,0000000000,전국,4,5,2014-02-01,2.899814482
PIR,1100000000,서울,4,5,2014-02-01,5.291526278
PIR,0000000000,전국,3,5,2014-02-01,2.131513057
PIR,1100000000,서울,3,5,2014-02-01,3.958806778
PIR,0000000000,전국,2,5,2014-02-01,1.580145286
PIR,1100000000,서울,2,5,2014-02-01,3.021960138
PIR,0000000000,전국,1,5,2014-02-01,0.982327249
PIR,1100000000,서울,1,5,2014-02-01,2.046483485
PIR,0000000000,전국,5,4,2014-02-01,8.283762151
PIR,1100000000,서울,5,4,2014-02-01,14.71298234
PIR,0000000000,전국,4,4,2014-02-01,4.826835218
PIR,1100000000,서울,4,4,2014-02-01,8.845980501
PIR,0000000000,전국,3,4,2014-02-01,3.547972587
PIR,1100000000,서울,3,4,2014-02-01,6.618039055
PIR,0000000000,전국,2,4,2014-02-01,2.630203056
PIR,1100000000,서울,2,4,2014-02-01,5.051888444
PIR,0000000000,전국,1,4,2014-02-01,1.635115553
PIR,1100000000,서울,1,4,2014-02-01,3.421159049
PIR,0000000000,전국,5,3,2014-02-01,11.06533392
PIR,1100000000,서울,5,3,2014-02-01,19.65630296
PIR,0000000000,전국,4,3,2014-02-01,6.447619151
PIR,1100000000,서울,4,3,2014-02-01,11.81808478
PIR,0000000000,전국,3,3,2014-02-01,4.739332289
PIR,1100000000,서울,3,3,2014-02-01,8.841591572
PIR,0000000000,전국,2,3,2014-02-01,3.513388552
PIR,1100000000,서울,2,3,2014-02-01,6.749240058
PIR,0000000000,전국,1,3,2014-02-01,2.184164545
PIR,1100000000,서울,1,3,2014-02-01,4.570612347
PIR,0000000000,전국,5,2,2014-02-01,15.32808767
PIR,1100000000,서울,5,2,2014-02-01,27.0919255
PIR,0000000000,전국,4,2,2014-02-01,8.931467617
PIR,1100000000,서울,4,2,2014-02-01,16.28865169
PIR,0000000000,전국,3,2,2014-02-01,6.565088891
PIR,1100000000,서울,3,2,2014-02-01,12.18620514
PIR,0000000000,전국,2,2,2014-02-01,4.866868737
PIR,1100000000,서울,2,2,2014-02-01,9.302355036
PIR,0000000000,전국,1,2,2014-02-01,3.025581141
PIR,1100000000,서울,1,2,2014-02-01,6.299592016
PIR,0000000000,전국,5,1,2014-02-01,32.0819251
PIR,1100000000,서울,5,1,2014-02-01,56.32406853
PIR,0000000000,전국,4,1,2014-02-01,18.69370017
PIR,1100000000,서울,4,1,2014-02-01,33.86408006
PIR,0000000000,전국,3,1,2014-02-01,13.74083282
PIR,1100000000,서울,3,1,2014-02-01,25.33510043
PIR,0000000000,전국,2,1,2014-02-01,10.18643171
PIR,1100000000,서울,2,1,2014-02-01,19.33958081
PIR,0000000000,전국,1,1,2014-02-01,6.332588229
PIR,1100000000,서울,1,1,2014-02-01,13.09684143
PIR,0000000000,전국,5,5,2014-03-01,4.988232247
PIR,1100000000,서울,5,5,2014-03-01,8.821634153
PIR,0000000000,전국,4,5,2014-03-01,2.914457999
PIR,1100000000,서울,4,5,2014-03-01,5.318947086
PIR,0000000000,전국,3,5,2014-03-01,2.140078468
PIR,1100000000,서울,3,5,2014-03-01,3.989158174
PIR,0000000000,전국,2,5,2014-03-01,1.590705764
PIR,1100000000,서울,2,5,2014-03-01,3.049618919
PIR,0000000000,전국,1,5,2014-03-01,0.992203319
PIR,1100000000,서울,1,5,2014-03-01,2.057292149
PIR,0000000000,전국,5,4,2014-03-01,8.303074294
PIR,1100000000,서울,5,4,2014-03-01,14.74735258
PIR,0000000000,전국,4,4,2014-03-01,4.851209826
PIR,1100000000,서울,4,4,2014-03-01,8.891820572
PIR,0000000000,전국,3,4,2014-03-01,3.562229991
PIR,1100000000,서울,3,4,2014-03-01,6.668778263
PIR,0000000000,전국,2,4,2014-03-01,2.647781315
PIR,1100000000,서울,2,4,2014-03-01,5.09812634
PIR,0000000000,전국,1,4,2014-03-01,1.651554592
PIR,1100000000,서울,1,4,2014-03-01,3.439228169
PIR,0000000000,전국,5,3,2014-03-01,11.09113082
PIR,1100000000,서울,5,3,2014-03-01,19.70222104
PIR,0000000000,전국,4,3,2014-03-01,6.480178412
PIR,1100000000,서울,4,3,2014-03-01,11.87932637
PIR,0000000000,전국,3,3,2014-03-01,4.758377129
PIR,1100000000,서울,3,3,2014-03-01,8.909378322
PIR,0000000000,전국,2,3,2014-03-01,3.536869344
PIR,1100000000,서울,2,3,2014-03-01,6.811013128
PIR,0000000000,전국,1,3,2014-03-01,2.206123585
PIR,1100000000,서울,1,3,2014-03-01,4.594752395
PIR,0000000000,전국,5,2,2014-03-01,15.36382243
PIR,1100000000,서울,5,2,2014-03-01,27.15521355
PIR,0000000000,전국,4,2,2014-03-01,8.976569844
PIR,1100000000,서울,4,2,2014-03-01,16.37305985
PIR,0000000000,전국,3,2,2014-03-01,6.591470471
PIR,1100000000,서울,3,2,2014-03-01,12.27963439
PIR,0000000000,전국,2,2,2014-03-01,4.899395152
PIR,1100000000,서울,2,2,2014-03-01,9.387495736
PIR,0000000000,전국,1,2,2014-03-01,3.055999571
PIR,1100000000,서울,1,2,2014-03-01,6.332863806
PIR,0000000000,전국,5,1,2014-03-01,32.1567185
PIR,1100000000,서울,5,1,2014-03-01,56.45564427
PIR,0000000000,전국,4,1,2014-03-01,18.78809983
PIR,1100000000,서울,4,1,2014-03-01,34.03956448
PIR,0000000000,전국,3,1,2014-03-01,13.79604987
PIR,1100000000,서울,3,1,2014-03-01,25.52933968
PIR,0000000000,전국,2,1,2014-03-01,10.25451
PIR,1100000000,서울,2,1,2014-03-01,19.51658818
PIR,0000000000,전국,1,1,2014-03-01,6.396254474
PIR,1100000000,서울,1,1,2014-03-01,13.16601343
PIR,0000000000,전국,5,5,2014-04-01,5.510813444
PIR,1100000000,서울,5,5,2014-04-01,9.797735556
PIR,0000000000,전국,4,5,2014-04-01,3.231764628
PIR,1100000000,서울,4,5,2014-04-01,5.925238135
PIR,0000000000,전국,3,5,2014-04-01,2.379175494
PIR,1100000000,서울,3,5,2014-04-01,4.451940703
PIR,0000000000,전국,2,5,2014-04-01,1.773060571
PIR,1100000000,서울,2,5,2014-04-01,3.410048244
PIR,0000000000,전국,1,5,2014-04-01,1.106479942
PIR,1100000000,서울,1,5,2014-04-01,2.294269281
PIR,0000000000,전국,5,4,2014-04-01,8.68751586
PIR,1100000000,서울,5,4,2014-04-01,15.43459855
PIR,0000000000,전국,4,4,2014-04-01,5.094711833
PIR,1100000000,서울,4,4,2014-04-01,9.334164145
PIR,0000000000,전국,3,4,2014-04-01,3.75064862
PIR,1100000000,서울,3,4,2014-04-01,7.013244758
PIR,0000000000,전국,2,4,2014-04-01,2.795139409
PIR,1100000000,서울,2,4,2014-04-01,5.371927563
PIR,0000000000,전국,1,4,2014-04-01,1.744309102
PIR,1100000000,서울,1,4,2014-04-01,3.614215256
PIR,0000000000,전국,5,3,2014-04-01,11.43058906
PIR,1100000000,서울,5,3,2014-04-01,20.29577005
PIR,0000000000,전국,4,3,2014-04-01,6.70336127
PIR,1100000000,서울,4,3,2014-04-01,12.27398617
PIR,0000000000,전국,3,3,2014-04-01,4.934911634
PIR,1100000000,서울,3,3,2014-04-01,9.2220865
PIR,0000000000,전국,2,3,2014-04-01,3.677701482
PIR,1100000000,서울,2,3,2014-04-01,7.063831702
PIR,0000000000,전국,1,3,2014-04-01,2.295072706
PIR,1100000000,서울,1,3,2014-04-01,4.752522815
PIR,0000000000,전국,5,2,2014-04-01,15.62009113
PIR,1100000000,서울,5,2,2014-04-01,27.67046894
PIR,0000000000,전국,4,2,2014-04-01,9.16025529
PIR,1100000000,서울,4,2,2014-04-01,16.73387864
PIR,0000000000,전국,3,2,2014-04-01,6.743639285
PIR,1100000000,서울,3,2,2014-04-01,12.57303652
PIR,0000000000,전국,2,2,2014-04-01,5.025640585
PIR,1100000000,서울,2,2,2014-04-01,9.630555294
PIR,0000000000,전국,1,2,2014-04-01,3.136255239
PIR,1100000000,서울,1,2,2014-04-01,6.479406034
PIR,0000000000,전국,5,1,2014-04-01,31.94157799
PIR,1100000000,서울,5,1,2014-04-01,56.34687296
PIR,0000000000,전국,4,1,2014-04-01,18.7318375
PIR,1100000000,서울,4,1,2014-04-01,34.07610244
PIR,0000000000,전국,3,1,2014-04-01,13.79009113
PIR,1100000000,서울,3,1,2014-04-01,25.60315451
PIR,0000000000,전국,2,1,2014-04-01,10.27694969
PIR,1100000000,서울,2,1,2014-04-01,19.61122079
PIR,0000000000,전국,1,1,2014-04-01,6.413339106
PIR,1100000000,서울,1,1,2014-04-01,13.19436506
PIR,0000000000,전국,5,5,2014-05-01,5.508856764
PIR,1100000000,서울,5,5,2014-05-01,9.815344638
PIR,0000000000,전국,4,5,2014-05-01,3.234244633
PIR,1100000000,서울,4,5,2014-05-01,5.921818884
PIR,0000000000,전국,3,5,2014-05-01,2.382784115
PIR,1100000000,서울,3,5,2014-05-01,4.463535841
PIR,0000000000,전국,2,5,2014-05-01,1.778919339
PIR,1100000000,서울,2,5,2014-05-01,3.418655568
PIR,0000000000,전국,1,5,2014-05-01,1.11014219
PIR,1100000000,서울,1,5,2014-05-01,2.294722126
PIR,0000000000,전국,5,4,2014-05-01,8.684431255
PIR,1100000000,서울,5,4,2014-05-01,15.46233854
PIR,0000000000,전국,4,4,2014-05-01,5.098621434
PIR,1100000000,서울,4,4,2014-05-01,9.328777721
PIR,0000000000,전국,3,4,2014-05-01,3.756337426
PIR,1100000000,서울,3,4,2014-05-01,7.031510845
PIR,0000000000,전국,2,4,2014-05-01,2.804375457
PIR,1100000000,서울,2,4,2014-05-01,5.385486879
PIR,0000000000,전국,1,4,2014-05-01,1.750082448
PIR,1100000000,서울,1,4,2014-05-01,3.614928633
PIR,0000000000,전국,5,3,2014-05-01,11.4265305
PIR,1100000000,서울,5,3,2014-05-01,20.33224683
PIR,0000000000,전국,4,3,2014-05-01,6.708505323
PIR,1100000000,서울,4,3,2014-05-01,12.26690327
PIR,0000000000,전국,3,3,2014-05-01,4.942396674
PIR,1100000000,서울,3,3,2014-05-01,9.246105544
PIR,0000000000,전국,2,3,2014-05-01,3.689853801
PIR,1100000000,서울,2,3,2014-05-01,7.081661564
PIR,0000000000,전국,1,3,2014-05-01,2.30266898
PIR,1100000000,서울,1,3,2014-05-01,4.753460872
PIR,0000000000,전국,5,2,2014-05-01,15.61454503
PIR,1100000000,서울,5,2,2014-05-01,27.72019998
PIR,0000000000,전국,4,2,2014-05-01,9.167284724
PIR,1100000000,서울,4,2,2014-05-01,16.7242221
PIR,0000000000,전국,3,2,2014-05-01,6.753867718
PIR,1100000000,서울,3,2,2014-05-01,12.60578316
PIR,0000000000,전국,2,2,2014-05-01,5.042246933
PIR,1100000000,서울,2,2,2014-05-01,9.654863839
PIR,0000000000,전국,1,2,2014-05-01,3.146635674
PIR,1100000000,서울,1,2,2014-05-01,6.480684945
PIR,0000000000,전국,5,1,2014-05-01,31.93023675
PIR,1100000000,서울,5,1,2014-05-01,56.44814296
PIR,0000000000,전국,4,1,2014-05-01,18.74621201
PIR,1100000000,서울,4,1,2014-05-01,34.05643829
PIR,0000000000,전국,3,1,2014-05-01,13.81100729
PIR,1100000000,서울,3,1,2014-05-01,25.66983825
PIR,0000000000,전국,2,1,2014-05-01,10.31090807
PIR,1100000000,서울,2,1,2014-05-01,19.66072159
PIR,0000000000,전국,1,1,2014-05-01,6.434566094
PIR,1100000000,서울,1,1,2014-05-01,13.19696938
PIR,0000000000,전국,5,5,2014-06-01,5.49705748
PIR,1100000000,서울,5,5,2014-06-01,9.822550243
PIR,0000000000,전국,4,5,2014-06-01,3.235884147
PIR,1100000000,서울,4,5,2014-06-01,5.914877686
PIR,0000000000,전국,3,5,2014-06-01,2.386292762
PIR,1100000000,서울,3,5,2014-06-01,4.454237895
PIR,0000000000,전국,2,5,2014-06-01,1.782884684
PIR,1100000000,서울,2,5,2014-06-01,3.41559951
PIR,0000000000,전국,1,5,2014-06-01,1.1126833
PIR,1100000000,서울,1,5,2014-06-01,2.294624479
PIR,0000000000,전국,5,4,2014-06-01,8.665830286
PIR,1100000000,서울,5,4,2014-06-01,15.4736897
PIR,0000000000,전국,4,4,2014-06-01,5.101206044
PIR,1100000000,서울,4,4,2014-06-01,9.317843091
PIR,0000000000,전국,3,4,2014-06-01,3.76186863
PIR,1100000000,서울,3,4,2014-06-01,7.016863577
PIR,0000000000,전국,2,4,2014-06-01,2.81062662
PIR,1100000000,서울,2,4,2014-06-01,5.3806726
PIR,0000000000,전국,1,4,2014-06-01,1.754088378
PIR,1100000000,서울,1,4,2014-06-01,3.614774807
PIR,0000000000,전국,5,3,2014-06-01,11.40205629
PIR,1100000000,서울,5,3,2014-06-01,20.34717307
PIR,0000000000,전국,4,3,2014-06-01,6.711906021
PIR,1100000000,서울,4,3,2014-06-01,12.25252475
PIR,0000000000,전국,3,3,2014-06-01,4.949674349
PIR,1100000000,서울,3,3,2014-06-01,9.226845077
PIR,0000000000,전국,2,3,2014-06-01,3.698078763
PIR,1100000000,서울,2,3,2014-06-01,7.075331014
PIR,0000000000,전국,1,3,2014-06-01,2.307939778
PIR,1100000000,서울,1,3,2014-06-01,4.753258599
PIR,0000000000,전국,5,2,2014-06-01,15.58110062
PIR,1100000000,서울,5,2,2014-06-01,27.74054983
PIR,0000000000,전국,4,2,2014-06-01,9.171931836
PIR,1100000000,서울,4,2,2014-06-01,16.70461898
PIR,0000000000,전국,3,2,2014-06-01,6.763812782
PIR,1100000000,서울,3,2,2014-06-01,12.57952418
PIR,0000000000,전국,2,2,2014-06-01,5.05348648
PIR,1100000000,서울,2,2,2014-06-01,9.646233013
PIR,0000000000,전국,1,2,2014-06-01,3.153838307
PIR,1100000000,서울,1,2,2014-06-01,6.480409174
PIR,0000000000,전국,5,1,2014-06-01,31.86184617
PIR,1100000000,서울,5,1,2014-06-01,56.48958247
PIR,0000000000,전국,4,1,2014-06-01,18.7557149
PIR,1100000000,서울,4,1,2014-06-01,34.01651939
PIR,0000000000,전국,3,1,2014-06-01,13.83134398
PIR,1100000000,서울,3,1,2014-06-01,25.61636568
PIR,0000000000,전국,2,1,2014-06-01,10.33389186
PIR,1100000000,서울,2,1,2014-06-01,19.64314617
PIR,0000000000,전국,1,1,2014-06-01,6.449294783
PIR,1100000000,서울,1,1,2014-06-01,13.19640781
PIR,0000000000,전국,5,5,2014-07-01,5.105290874
PIR,1100000000,서울,5,5,2014-07-01,9.068807723
PIR,0000000000,전국,4,5,2014-07-01,3.011455399
PIR,1100000000,서울,4,5,2014-07-01,5.465084885
PIR,0000000000,전국,3,5,2014-07-01,2.220232834
PIR,1100000000,서울,3,5,2014-07-01,4.120573386
PIR,0000000000,전국,2,5,2014-07-01,1.658668486
PIR,1100000000,서울,2,5,2014-07-01,3.159861374
PIR,0000000000,전국,1,5,2014-07-01,1.035749491
PIR,1100000000,서울,1,5,2014-07-01,2.121843769
PIR,0000000000,전국,5,4,2014-07-01,8.300088769
PIR,1100000000,서울,5,4,2014-07-01,14.85749003
PIR,0000000000,전국,4,4,2014-07-01,4.895969252
PIR,1100000000,서울,4,4,2014-07-01,8.953486135
PIR,0000000000,전국,3,4,2014-07-01,3.609614039
PIR,1100000000,서울,3,4,2014-07-01,6.750763705
PIR,0000000000,전국,2,4,2014-07-01,2.696632967
PIR,1100000000,서울,2,4,2014-07-01,5.176822612
PIR,0000000000,전국,1,4,2014-07-01,1.683902627
PIR,1100000000,서울,1,4,2014-07-01,3.476231232
PIR,0000000000,전국,5,3,2014-07-01,10.86397525
PIR,1100000000,서울,5,3,2014-07-01,19.41151537
PIR,0000000000,전국,4,3,2014-07-01,6.408327699
PIR,1100000000,서울,4,3,2014-07-01,11.69785296
PIR,0000000000,전국,3,3,2014-07-01,4.724619058
PIR,1100000000,서울,3,3,2014-07-01,8.819965761
PIR,0000000000,전국,2,3,2014-07-01,3.529619335
PIR,1100000000,서울,2,3,2014-07-01,6.763590044
PIR,0000000000,전국,1,3,2014-07-01,2.204057929
PIR,1100000000,서울,1,3,2014-07-01,4.541743984
PIR,0000000000,전국,5,2,2014-07-01,15.08265129
PIR,1100000000,서울,5,2,2014-07-01,26.93592301
PIR,0000000000,전국,4,2,2014-07-01,8.896796048
PIR,1100000000,서울,4,2,2014-07-01,16.23224465
PIR,0000000000,전국,3,2,2014-07-01,6.559273205
PIR,1100000000,서울,3,2,2014-07-01,12.23881362
PIR,0000000000,전국,2,2,2014-07-01,4.900233701
PIR,1100000000,서울,2,2,2014-07-01,9.385333254
PIR,0000000000,전국,1,2,2014-07-01,3.059933073
PIR,1100000000,서울,1,2,2014-07-01,6.30224194
PIR,0000000000,전국,5,1,2014-07-01,29.9932363
PIR,1100000000,서울,5,1,2014-07-01,53.41140922
PIR,0000000000,전국,4,1,2014-07-01,17.69209544
PIR,1100000000,서울,4,1,2014-07-01,32.18701886
PIR,0000000000,전국,3,1,2014-07-01,13.04371674
PIR,1100000000,서울,3,1,2014-07-01,24.26841963
PIR,0000000000,전국,2,1,2014-07-01,9.744564429
PIR,1100000000,서울,2,1,2014-07-01,18.61023567
PIR,0000000000,전국,1,1,2014-07-01,6.08495774
PIR,1100000000,서울,1,1,2014-07-01,12.49675473
PIR,0000000000,전국,5,5,2014-08-01,5.116851642
PIR,1100000000,서울,5,5,2014-08-01,9.189459163
PIR,0000000000,전국,4,5,2014-08-01,3.026024595
PIR,1100000000,서울,4,5,2014-08-01,5.472825886
PIR,0000000000,전국,3,5,2014-08-01,2.228571952
PIR,1100000000,서울,3,5,2014-08-01,4.109113358
PIR,0000000000,전국,2,5,2014-08-01,1.661813947
PIR,1100000000,서울,2,5,2014-08-01,3.154976348
PIR,0000000000,전국,1,5,2014-08-01,1.038851149
PIR,1100000000,서울,1,5,2014-08-01,2.119378623
PIR,0000000000,전국,5,4,2014-08-01,8.318884054
PIR,1100000000,서울,5,4,2014-08-01,15.05515412
PIR,0000000000,전국,4,4,2014-08-01,4.919655585
PIR,1100000000,서울,4,4,2014-08-01,8.966168271
PIR,0000000000,전국,3,4,2014-08-01,3.623171624
PIR,1100000000,서울,3,4,2014-08-01,6.731988661
PIR,0000000000,전국,2,4,2014-08-01,2.7017468
PIR,1100000000,서울,2,4,2014-08-01,5.168819439
PIR,0000000000,전국,1,4,2014-08-01,1.688945247
PIR,1100000000,서울,1,4,2014-08-01,3.472192567
PIR,0000000000,전국,5,3,2014-08-01,10.88857637
PIR,1100000000,서울,5,3,2014-08-01,19.66976621
PIR,0000000000,전국,4,3,2014-08-01,6.439330709
PIR,1100000000,서울,4,3,2014-08-01,11.71442234
PIR,0000000000,전국,3,3,2014-08-01,4.742364562
PIR,1100000000,서울,3,3,2014-08-01,8.795435908
PIR,0000000000,전국,2,3,2014-08-01,3.536312825
PIR,1100000000,서울,2,3,2014-08-01,6.753133789
PIR,0000000000,전국,1,3,2014-08-01,2.210658208
PIR,1100000000,서울,1,3,2014-08-01,4.536467413
PIR,0000000000,전국,5,2,2014-08-01,15.11680547
PIR,1100000000,서울,5,2,2014-08-01,27.29427859
PIR,0000000000,전국,4,2,2014-08-01,8.939838082
PIR,1100000000,서울,4,2,2014-08-01,16.25523676
PIR,0000000000,전국,3,2,2014-08-01,6.583909606
PIR,1100000000,서울,3,2,2014-08-01,12.20477536
PIR,0000000000,전국,2,2,2014-08-01,4.909526392
PIR,1100000000,서울,2,2,2014-08-01,9.370823882
PIR,0000000000,전국,1,2,2014-08-01,3.069096358
PIR,1100000000,서울,1,2,2014-08-01,6.294920032
PIR,0000000000,전국,5,1,2014-08-01,30.06115502
PIR,1100000000,서울,5,1,2014-08-01,54.12199474
PIR,0000000000,전국,4,1,2014-08-01,17.77768847
PIR,1100000000,서울,4,1,2014-08-01,32.23261006
PIR,0000000000,전국,3,1,2014-08-01,13.09270849
PIR,1100000000,서울,3,1,2014-08-01,24.20092495
PIR,0000000000,전국,2,1,2014-08-01,9.763043799
PIR,1100000000,서울,2,1,2014-08-01,18.58146495
PIR,0000000000,전국,1,1,2014-08-01,6.103179773
PIR,1100000000,서울,1,1,2014-08-01,12.48223608
PIR,0000000000,전국,5,5,2014-09-01,5.146675775
PIR,1100000000,서울,5,5,2014-09-01,9.480140411
PIR,0000000000,전국,4,5,2014-09-01,3.042796933
PIR,1100000000,서울,4,5,2014-09-01,5.520724506
PIR,0000000000,전국,3,5,2014-09-01,2.243750196
PIR,1100000000,서울,3,5,2014-09-01,4.125781888
PIR,0000000000,전국,2,5,2014-09-01,1.669955768
PIR,1100000000,서울,2,5,2014-09-01,3.173835341
PIR,0000000000,전국,1,5,2014-09-01,1.044389193
PIR,1100000000,서울,1,5,2014-09-01,2.12533283
PIR,0000000000,전국,5,4,2014-09-01,8.367371586
PIR,1100000000,서울,5,4,2014-09-01,15.5313792
PIR,0000000000,전국,4,4,2014-09-01,4.946923745
PIR,1100000000,서울,4,4,2014-09-01,9.044640909
PIR,0000000000,전국,3,4,2014-09-01,3.647848137
PIR,1100000000,서울,3,4,2014-09-01,6.75929683
PIR,0000000000,전국,2,4,2014-09-01,2.714983624
PIR,1100000000,서울,2,4,2014-09-01,5.199716257
PIR,0000000000,전국,1,4,2014-09-01,1.697948898
PIR,1100000000,서울,1,4,2014-09-01,3.481947386
PIR,0000000000,전국,5,3,2014-09-01,10.95204164
PIR,1100000000,서울,5,3,2014-09-01,20.29196085
PIR,0000000000,전국,4,3,2014-09-01,6.475021968
PIR,1100000000,서울,4,3,2014-09-01,11.81694792
PIR,0000000000,전국,3,3,2014-09-01,4.774663618
PIR,1100000000,서울,3,3,2014-09-01,8.831114407
PIR,0000000000,전국,2,3,2014-09-01,3.553638486
PIR,1100000000,서울,2,3,2014-09-01,6.793500907
PIR,0000000000,전국,1,3,2014-09-01,2.222443074
PIR,1100000000,서울,1,3,2014-09-01,4.549212217
PIR,0000000000,전국,5,2,2014-09-01,15.20491544
PIR,1100000000,서울,5,2,2014-09-01,28.15765203
PIR,0000000000,전국,4,2,2014-09-01,8.989388896
PIR,1100000000,서울,4,2,2014-09-01,16.39750392
PIR,0000000000,전국,3,2,2014-09-01,6.628750963
PIR,1100000000,서울,3,2,2014-09-01,12.25428377
PIR,0000000000,전국,2,2,2014-09-01,4.933579918
PIR,1100000000,서울,2,2,2014-09-01,9.426838344
PIR,0000000000,전국,1,2,2014-09-01,3.0854575
PIR,1100000000,서울,1,2,2014-09-01,6.312605055
PIR,0000000000,전국,5,1,2014-09-01,30.23636977
PIR,1100000000,서울,5,1,2014-09-01,55.8339833
PIR,0000000000,전국,4,1,2014-09-01,17.87622481
PIR,1100000000,서울,4,1,2014-09-01,32.5147125
PIR,0000000000,전국,3,1,2014-09-01,13.18187964
PIR,1100000000,서울,3,1,2014-09-01,24.29909549
PIR,0000000000,전국,2,1,2014-09-01,9.810876443
PIR,1100000000,서울,2,1,2014-09-01,18.69253637
PIR,0000000000,전국,1,1,2014-09-01,6.135715404
PIR,1100000000,서울,1,1,2014-09-01,12.51730382
PIR,0000000000,전국,5,5,2014-10-01,5.27284458
PIR,1100000000,서울,5,5,2014-10-01,9.817774334
PIR,0000000000,전국,4,5,2014-10-01,3.136274466
PIR,1100000000,서울,4,5,2014-10-01,5.715423914
PIR,0000000000,전국,3,5,2014-10-01,2.314370427
PIR,1100000000,서울,3,5,2014-10-01,4.266810755
PIR,0000000000,전국,2,5,2014-10-01,1.719919781
PIR,1100000000,서울,2,5,2014-10-01,3.280565937
PIR,0000000000,전국,1,5,2014-10-01,1.076251448
PIR,1100000000,서울,1,5,2014-10-01,2.200483629
PIR,0000000000,전국,5,4,2014-10-01,8.603025061
PIR,1100000000,서울,5,4,2014-10-01,15.99935205
PIR,0000000000,전국,4,4,2014-10-01,5.117057296
PIR,1100000000,서울,4,4,2014-10-01,9.314033531
PIR,0000000000,전국,3,4,2014-10-01,3.776061759
PIR,1100000000,서울,3,4,2014-10-01,6.953328228
PIR,0000000000,전국,2,4,2014-10-01,2.806172789
PIR,1100000000,서울,2,4,2014-10-01,5.346112833
PIR,0000000000,전국,1,4,2014-10-01,1.755981623
PIR,1100000000,서울,1,4,2014-10-01,3.58597693
PIR,0000000000,전국,5,3,2014-10-01,11.34335894
PIR,1100000000,서울,5,3,2014-10-01,21.14080585
PIR,0000000000,전국,4,3,2014-10-01,6.747000874
PIR,1100000000,서울,4,3,2014-10-01,12.30713431
PIR,0000000000,전국,3,3,2014-10-01,4.978856111
PIR,1100000000,서울,3,3,2014-10-01,9.187807206
PIR,0000000000,전국,2,3,2014-10-01,3.70002702
PIR,1100000000,서울,2,3,2014-10-01,7.064106914
PIR,0000000000,전국,1,3,2014-10-01,2.31531696
PIR,1100000000,서울,1,3,2014-10-01,4.738344515
PIR,0000000000,전국,5,2,2014-10-01,15.45921149
PIR,1100000000,서울,5,2,2014-10-01,28.7858209
PIR,0000000000,전국,4,2,2014-10-01,9.195099443
PIR,1100000000,서울,4,2,2014-10-01,16.75768495
PIR,0000000000,전국,3,2,2014-10-01,6.785396639
PIR,1100000000,서울,3,2,2014-10-01,12.51033544
PIR,0000000000,전국,2,2,2014-10-01,5.042554022
PIR,1100000000,서울,2,2,2014-10-01,9.618654931
PIR,0000000000,전국,1,2,2014-10-01,3.155412322
PIR,1100000000,서울,1,2,2014-10-01,6.451841881
PIR,0000000000,전국,5,1,2014-10-01,31.33173547
PIR,1100000000,서울,5,1,2014-10-01,58.09276048
PIR,0000000000,전국,4,1,2014-10-01,18.6360361
PIR,1100000000,서울,4,1,2014-10-01,33.81873948
PIR,0000000000,전국,3,1,2014-10-01,13.75220545
PIR,1100000000,서울,3,1,2014-10-01,25.24714938
PIR,0000000000,전국,2,1,2014-10-01,10.21992414
PIR,1100000000,서울,2,1,2014-10-01,19.41143937
PIR,0000000000,전국,1,1,2014-10-01,6.395186729
PIR,1100000000,서울,1,1,2014-10-01,13.02048347
PIR,0000000000,전국,5,5,2014-11-01,5.291845566
PIR,1100000000,서울,5,5,2014-11-01,9.783996632
PIR,0000000000,전국,4,5,2014-11-01,3.151461805
PIR,1100000000,서울,4,5,2014-11-01,5.699729886
PIR,0000000000,전국,3,5,2014-11-01,2.32977604
PIR,1100000000,서울,3,5,2014-11-01,4.284386659
PIR,0000000000,전국,2,5,2014-11-01,1.731710493
PIR,1100000000,서울,2,5,2014-11-01,3.291340585
PIR,0000000000,전국,1,5,2014-11-01,1.08081668
PIR,1100000000,서울,1,5,2014-11-01,2.202471395
PIR,0000000000,전국,5,4,2014-11-01,8.634026536
PIR,1100000000,서울,5,4,2014-11-01,15.94430686
PIR,0000000000,전국,4,4,2014-11-01,5.141836533
PIR,1100000000,서울,4,4,2014-11-01,9.288458052
PIR,0000000000,전국,3,4,2014-11-01,3.801197125
PIR,1100000000,서울,3,4,2014-11-01,6.981970471
PIR,0000000000,전국,2,4,2014-11-01,2.825410183
PIR,1100000000,서울,2,4,2014-11-01,5.363671536
PIR,0000000000,전국,1,4,2014-11-01,1.763430127
PIR,1100000000,서울,1,4,2014-11-01,3.589216257
PIR,0000000000,전국,5,3,2014-11-01,11.38423535
PIR,1100000000,서울,5,3,2014-11-01,21.06807166
PIR,0000000000,전국,4,3,2014-11-01,6.779673076
PIR,1100000000,서울,4,3,2014-11-01,12.27334005
PIR,0000000000,전국,3,3,2014-11-01,5.011997881
PIR,1100000000,서울,3,3,2014-11-01,9.225653743
PIR,0000000000,전국,2,3,2014-11-01,3.725392129
PIR,1100000000,서울,2,3,2014-11-01,7.087308174
PIR,0000000000,전국,1,3,2014-11-01,2.325138047
PIR,1100000000,서울,1,3,2014-11-01,4.742624812
PIR,0000000000,전국,5,2,2014-11-01,15.51491961
PIR,1100000000,서울,5,2,2014-11-01,28.68678431
PIR,0000000000,전국,4,2,2014-11-01,9.239626508
PIR,1100000000,서울,4,2,2014-11-01,16.71166988
PIR,0000000000,전국,3,2,2014-11-01,6.830563652
PIR,1100000000,서울,3,2,2014-11-01,12.56186818
PIR,0000000000,전국,2,2,2014-11-01,5.07712267
PIR,1100000000,서울,2,2,2014-11-01,9.650246315
PIR,0000000000,전국,1,2,2014-11-01,3.168796916
PIR,1100000000,서울,1,2,2014-11-01,6.457670034
PIR,0000000000,전국,5,1,2014-11-01,31.4446411
PIR,1100000000,서울,5,1,2014-11-01,57.89289441
PIR,0000000000,전국,4,1,2014-11-01,18.72628069
PIR,1100000000,서울,4,1,2014-11-01,33.72587633
PIR,0000000000,전국,3,1,2014-11-01,13.84374705
PIR,1100000000,서울,3,1,2014-11-01,25.35114777
PIR,0000000000,전국,2,1,2014-11-01,10.28998565
PIR,1100000000,서울,2,1,2014-11-01,19.47519404
PIR,0000000000,전국,1,1,2014-11-01,6.422313764
PIR,1100000000,서울,1,1,2014-11-01,13.03224528
PIR,0000000000,전국,5,5,2014-12-01,5.313695277
PIR,1100000000,서울,5,5,2014-12-01,9.813655898
PIR,0000000000,전국,4,5,2014-12-01,3.164947521
PIR,1100000000,서울,4,5,2014-12-01,5.711843494
PIR,0000000000,전국,3,5,2014-12-01,2.346017109
PIR,1100000000,서울,3,5,2014-12-01,4.292168104
PIR,0000000000,전국,2,5,2014-12-01,1.74668589
PIR,1100000000,서울,2,5,2014-12-01,3.300749153
PIR,0000000000,전국,1,5,2014-12-01,1.086265708
PIR,1100000000,서울,1,5,2014-12-01,2.203109891
PIR,0000000000,전국,5,4,2014-12-01,8.669675911
PIR,1100000000,서울,5,4,2014-12-01,15.99264052
PIR,0000000000,전국,4,4,2014-12-01,5.163839447
PIR,1100000000,서울,4,4,2014-12-01,9.308198766
PIR,0000000000,전국,3,4,2014-12-01,3.827695597
PIR,1100000000,서울,3,4,2014-12-01,6.994651358
PIR,0000000000,전국,2,4,2014-12-01,2.84984362
PIR,1100000000,서울,2,4,2014-12-01,5.379004033
PIR,0000000000,전국,1,4,2014-12-01,1.772320608
PIR,1100000000,서울,1,4,2014-12-01,3.59025677
PIR,0000000000,전국,5,3,2014-12-01,11.43124018
PIR,1100000000,서울,5,3,2014-12-01,21.13193754
PIR,0000000000,전국,4,3,2014-12-01,6.80868461
PIR,1100000000,서울,4,3,2014-12-01,12.29942452
PIR,0000000000,전국,3,3,2014-12-01,5.046936948
PIR,1100000000,서울,3,3,2014-12-01,9.242409683
PIR,0000000000,전국,2,3,2014-12-01,3.757608384
PIR,1100000000,서울,2,3,2014-12-01,7.107567828
PIR,0000000000,전국,1,3,2014-12-01,2.336860426
PIR,1100000000,서울,1,3,2014-12-01,4.743999699
PIR,0000000000,전국,5,2,2014-12-01,15.57897978
PIR,1100000000,서울,5,2,2014-12-01,28.7737456
PIR,0000000000,전국,4,2,2014-12-01,9.279164659
PIR,1100000000,서울,4,2,2014-12-01,16.74718711
PIR,0000000000,전국,3,2,2014-12-01,6.878180097
PIR,1100000000,서울,3,2,2014-12-01,12.58468346
PIR,0000000000,전국,2,2,2014-12-01,5.121028351
PIR,1100000000,서울,2,2,2014-12-01,9.677832339
PIR,0000000000,전국,1,2,2014-12-01,3.184772672
PIR,1100000000,서울,1,2,2014-12-01,6.459542112
PIR,0000000000,전국,5,1,2014-12-01,31.57447413
PIR,1100000000,서울,5,1,2014-12-01,58.06839128
PIR,0000000000,전국,4,1,2014-12-01,18.80641407
PIR,1100000000,서울,4,1,2014-12-01,33.79755377
PIR,0000000000,전국,3,1,2014-12-01,13.940253
PIR,1100000000,서울,3,1,2014-12-01,25.39719137
PIR,0000000000,전국,2,1,2014-12-01,10.37897086
PIR,1100000000,서울,2,1,2014-12-01,19.53086549
PIR,0000000000,전국,1,1,2014-12-01,6.454692398
PIR,1100000000,서울,1,1,2014-12-01,13.03602333
PIR,0000000000,전국,5,5,2015-01-01,4.92229276
PIR,1100000000,서울,5,5,2015-01-01,9.173497344
PIR,0000000000,전국,4,5,2015-01-01,2.934944889
PIR,1100000000,서울,4,5,2015-01-01,5.291540492
PIR,0000000000,전국,3,5,2015-01-01,2.175842499
PIR,1100000000,서울,3,5,2015-01-01,3.962101929
PIR,0000000000,전국,2,5,2015-01-01,1.617968083
PIR,1100000000,서울,2,5,2015-01-01,3.047188953
PIR,0000000000,전국,1,5,2015-01-01,1.006181774
PIR,1100000000,서울,1,5,2015-01-01,2.034240466
PIR,0000000000,전국,5,4,2015-01-01,8.220487818
PIR,1100000000,서울,5,4,2015-01-01,15.350149
PIR,0000000000,전국,4,4,2015-01-01,4.901512341
PIR,1100000000,서울,4,4,2015-01-01,8.854413095
PIR,0000000000,전국,3,4,2015-01-01,3.633771421
PIR,1100000000,서울,3,4,2015-01-01,6.629843852
PIR,0000000000,전국,2,4,2015-01-01,2.702091802
PIR,1100000000,서울,2,4,2015-01-01,5.098906416
PIR,0000000000,전국,1,4,2015-01-01,1.680376487
PIR,1100000000,서울,1,4,2015-01-01,3.403924707
PIR,0000000000,전국,5,3,2015-01-01,10.97834547
PIR,1100000000,서울,5,3,2015-01-01,20.54811402
PIR,0000000000,전국,4,3,2015-01-01,6.545900557
PIR,1100000000,서울,4,3,2015-01-01,11.85275073
PIR,0000000000,전국,3,3,2015-01-01,4.852850449
PIR,1100000000,서울,3,3,2015-01-01,8.874883715
PIR,0000000000,전국,2,3,2015-01-01,3.608605467
PIR,1100000000,서울,2,3,2015-01-01,6.825530513
PIR,0000000000,전국,1,3,2015-01-01,2.244119083
PIR,1100000000,서울,1,3,2015-01-01,4.556583325
PIR,0000000000,전국,5,2,2015-01-01,15.14384702
PIR,1100000000,서울,5,2,2015-01-01,28.34315736
PIR,0000000000,전국,4,2,2015-01-01,9.029604408
PIR,1100000000,서울,4,2,2015-01-01,16.3491588
PIR,0000000000,전국,3,2,2015-01-01,6.69416216
PIR,1100000000,서울,3,2,2015-01-01,12.24162108
PIR,0000000000,전국,2,2,2015-01-01,4.977814672
PIR,1100000000,서울,2,2,2015-01-01,9.414834141
PIR,0000000000,전국,1,2,2015-01-01,3.09560272
PIR,1100000000,서울,1,2,2015-01-01,6.285148997
PIR,0000000000,전국,5,1,2015-01-01,30.18063531
PIR,1100000000,서울,5,1,2015-01-01,55.90766743
PIR,0000000000,전국,4,1,2015-01-01,17.99537445
PIR,1100000000,서울,4,1,2015-01-01,32.24917116
PIR,0000000000,전국,3,1,2015-01-01,13.34100025
PIR,1100000000,서울,3,1,2015-01-01,24.14693858
PIR,0000000000,전국,2,1,2015-01-01,9.920438916
PIR,1100000000,서울,2,1,2015-01-01,18.57102261
PIR,0000000000,전국,1,1,2015-01-01,6.16932122
PIR,1100000000,서울,1,1,2015-01-01,12.39763148
PIR,0000000000,전국,5,5,2015-02-01,4.932299703
PIR,1100000000,서울,5,5,2015-02-01,9.054855457
PIR,0000000000,전국,4,5,2015-02-01,2.942954303
PIR,1100000000,서울,4,5,2015-02-01,5.278146461
PIR,0000000000,전국,3,5,2015-02-01,2.185483925
PIR,1100000000,서울,3,5,2015-02-01,3.964721672
PIR,0000000000,전국,2,5,2015-02-01,1.623877527
PIR,1100000000,서울,2,5,2015-02-01,3.049003537
PIR,0000000000,전국,1,5,2015-02-01,1.009521845
PIR,1100000000,서울,1,5,2015-02-01,2.037923683
PIR,0000000000,전국,5,4,2015-02-01,8.23719994
PIR,1100000000,서울,5,4,2015-02-01,15.15162377
PIR,0000000000,전국,4,4,2015-02-01,4.914888483
PIR,1100000000,서울,4,4,2015-02-01,8.832000664
PIR,0000000000,전국,3,4,2015-02-01,3.64987311
PIR,1100000000,서울,3,4,2015-02-01,6.634227508
PIR,0000000000,전국,2,4,2015-02-01,2.711960885
PIR,1100000000,서울,2,4,2015-02-01,5.101942786
PIR,0000000000,전국,1,4,2015-02-01,1.685954581
PIR,1100000000,서울,1,4,2015-02-01,3.410087888
PIR,0000000000,전국,5,3,2015-02-01,11.00066427
PIR,1100000000,서울,5,3,2015-02-01,20.28236292
PIR,0000000000,전국,4,3,2015-02-01,6.563764206
PIR,1100000000,서울,4,3,2015-02-01,11.82274886
PIR,0000000000,전국,3,3,2015-02-01,4.874354028
PIR,1100000000,서울,3,3,2015-02-01,8.880751792
PIR,0000000000,전국,2,3,2015-02-01,3.621785488
PIR,1100000000,서울,2,3,2015-02-01,6.829595079
PIR,0000000000,전국,1,3,2015-02-01,2.25156855
PIR,1100000000,서울,1,3,2015-02-01,4.564833523
PIR,0000000000,전국,5,2,2015-02-01,15.17463422
PIR,1100000000,서울,5,2,2015-02-01,27.97659207
PIR,0000000000,전국,4,2,2015-02-01,9.054246043
PIR,1100000000,서울,4,2,2015-02-01,16.30777555
PIR,0000000000,전국,3,2,2015-02-01,6.723824819
PIR,1100000000,서울,3,2,2015-02-01,12.24971524
PIR,0000000000,전국,2,2,2015-02-01,4.995995574
PIR,1100000000,서울,2,2,2015-02-01,9.420440622
PIR,0000000000,전국,1,2,2015-02-01,3.105878729
PIR,1100000000,서울,1,2,2015-02-01,6.296528953
PIR,0000000000,전국,5,1,2015-02-01,30.24199207
PIR,1100000000,서울,5,1,2015-02-01,55.18460719
PIR,0000000000,전국,4,1,2015-02-01,18.04448351
PIR,1100000000,서울,4,1,2015-02-01,32.16754155
PIR,0000000000,전국,3,1,2015-02-01,13.40011587
PIR,1100000000,서울,3,1,2015-02-01,24.16290455
PIR,0000000000,전국,2,1,2015-02-01,9.95667219
PIR,1100000000,서울,2,1,2015-02-01,18.58208155
PIR,0000000000,전국,1,1,2015-02-01,6.189800594
PIR,1100000000,서울,1,1,2015-02-01,12.42007876
PIR,0000000000,전국,5,5,2015-03-01,4.963009238
PIR,1100000000,서울,5,5,2015-03-01,9.212691912
PIR,0000000000,전국,4,5,2015-03-01,2.982868617
PIR,1100000000,서울,4,5,2015-03-01,5.322581419
PIR,0000000000,전국,3,5,2015-03-01,2.212207384
PIR,1100000000,서울,3,5,2015-03-01,3.986902829
PIR,0000000000,전국,2,5,2015-03-01,1.634136467
PIR,1100000000,서울,2,5,2015-03-01,3.089111511
PIR,0000000000,전국,1,5,2015-03-01,1.013313121
PIR,1100000000,서울,1,5,2015-03-01,2.058477461
PIR,0000000000,전국,5,4,2015-03-01,8.288486478
PIR,1100000000,서울,5,4,2015-03-01,15.41573385
PIR,0000000000,전국,4,4,2015-03-01,4.981547488
PIR,1100000000,서울,4,4,2015-03-01,8.906354337
PIR,0000000000,전국,3,4,2015-03-01,3.694502692
PIR,1100000000,서울,3,4,2015-03-01,6.671343566
PIR,0000000000,전국,2,4,2015-03-01,2.729093853
PIR,1100000000,서울,2,4,2015-03-01,5.169056053
PIR,0000000000,전국,1,4,2015-03-01,1.692286211
PIR,1100000000,서울,1,4,2015-03-01,3.444480831
PIR,0000000000,전국,5,3,2015-03-01,11.06915672
PIR,1100000000,서울,5,3,2015-03-01,20.63590763
PIR,0000000000,전국,4,3,2015-03-01,6.652786365
PIR,1100000000,서울,4,3,2015-03-01,11.92228065
PIR,0000000000,전국,3,3,2015-03-01,4.933956205
PIR,1100000000,서울,3,3,2015-03-01,8.930436326
PIR,0000000000,전국,2,3,2015-03-01,3.644666326
PIR,1100000000,서울,2,3,2015-03-01,6.919434667
PIR,0000000000,전국,1,3,2015-03-01,2.260024352
PIR,1100000000,서울,1,3,2015-03-01,4.610872822
PIR,0000000000,전국,5,2,2015-03-01,15.26911468
PIR,1100000000,서울,5,2,2015-03-01,28.46425597
PIR,0000000000,전국,4,2,2015-03-01,9.177045782
PIR,1100000000,서울,4,2,2015-03-01,16.44506528
PIR,0000000000,전국,3,2,2015-03-01,6.806041783
PIR,1100000000,서울,3,2,2015-03-01,12.31824789
PIR,0000000000,전국,2,2,2015-03-01,5.027558063
PIR,1100000000,서울,2,2,2015-03-01,9.544361366
PIR,0000000000,전국,1,2,2015-03-01,3.117542907
PIR,1100000000,서울,1,2,2015-03-01,6.360033521
PIR,0000000000,전국,5,1,2015-03-01,30.43028506
PIR,1100000000,서울,5,1,2015-03-01,56.14653782
PIR,0000000000,전국,4,1,2015-03-01,18.28921487
PIR,1100000000,서울,4,1,2015-03-01,32.43834937
PIR,0000000000,전국,3,1,2015-03-01,13.56396857
PIR,1100000000,서울,3,1,2015-03-01,24.2980871
PIR,0000000000,전국,2,1,2015-03-01,10.01957404
PIR,1100000000,서울,2,1,2015-03-01,18.82651867
PIR,0000000000,전국,1,1,2015-03-01,6.21304649
PIR,1100000000,서울,1,1,2015-03-01,12.54534329
PIR,0000000000,전국,5,5,2015-04-01,5.520134582
PIR,1100000000,서울,5,5,2015-04-01,10.15251445
PIR,0000000000,전국,4,5,2015-04-01,3.312887781
PIR,1100000000,서울,4,5,2015-04-01,5.896778699
PIR,0000000000,전국,3,5,2015-04-01,2.456316408
PIR,1100000000,서울,3,5,2015-04-01,4.416889265
PIR,0000000000,전국,2,5,2015-04-01,1.817293982
PIR,1100000000,서울,2,5,2015-04-01,3.42010517
PIR,0000000000,전국,1,5,2015-04-01,1.127399309
PIR,1100000000,서울,1,5,2015-04-01,2.273339415
PIR,0000000000,전국,5,4,2015-04-01,8.843431229
PIR,1100000000,서울,5,4,2015-04-01,16.32397801
PIR,0000000000,전국,4,4,2015-04-01,5.307351628
PIR,1100000000,서울,4,4,2015-04-01,9.481285279
PIR,0000000000,전국,3,4,2015-04-01,3.935097036
PIR,1100000000,서울,3,4,2015-04-01,7.101807497
PIR,0000000000,전국,2,4,2015-04-01,2.911362779
PIR,1100000000,서울,2,4,2015-04-01,5.499102892
PIR,0000000000,전국,1,4,2015-04-01,1.806129563
PIR,1100000000,서울,1,4,2015-04-01,3.655246471
PIR,0000000000,전국,5,3,2015-04-01,11.4927478
PIR,1100000000,서울,5,3,2015-04-01,21.27925673
PIR,0000000000,전국,4,3,2015-04-01,6.897328893
PIR,1100000000,서울,4,3,2015-04-01,12.35940795
PIR,0000000000,전국,3,3,2015-04-01,5.113974047
PIR,1100000000,서울,3,3,2015-04-01,9.257619979
PIR,0000000000,전국,2,3,2015-04-01,3.783549315
PIR,1100000000,서울,2,3,2015-04-01,7.168401118
PIR,0000000000,전국,1,3,2015-04-01,2.347210152
PIR,1100000000,서울,1,3,2015-04-01,4.76482681
PIR,0000000000,전국,5,2,2015-04-01,15.54473779
PIR,1100000000,서울,5,2,2015-04-01,28.72217964
PIR,0000000000,전국,4,2,2015-04-01,9.329115281
PIR,1100000000,서울,4,2,2015-04-01,16.68240296
PIR,0000000000,전국,3,2,2015-04-01,6.917004273
PIR,1100000000,서울,3,2,2015-04-01,12.49569134
PIR,0000000000,전국,2,2,2015-04-01,5.11751263
PIR,1100000000,서울,2,2,2015-04-01,9.675718814
PIR,0000000000,전국,1,2,2015-04-01,3.174764381
PIR,1100000000,서울,1,2,2015-04-01,6.43143759
PIR,0000000000,전국,5,1,2015-04-01,29.99387239
PIR,1100000000,서울,5,1,2015-04-01,55.24536429
PIR,0000000000,전국,4,1,2015-04-01,18.00070847
PIR,1100000000,서울,4,1,2015-04-01,32.08758667
PIR,0000000000,전국,3,1,2015-04-01,13.3464936
PIR,1100000000,서울,3,1,2015-04-01,24.03470172
PIR,0000000000,전국,2,1,2015-04-01,9.874339654
PIR,1100000000,서울,2,1,2015-04-01,18.6106562
PIR,0000000000,전국,1,1,2015-04-01,6.125769311
PIR,1100000000,서울,1,1,2015-04-01,12.37047874
PIR,0000000000,전국,5,5,2015-05-01,5.547546898
PIR,1100000000,서울,5,5,2015-05-01,10.17494375
PIR,0000000000,전국,4,5,2015-05-01,3.326681152
PIR,1100000000,서울,4,5,2015-05-01,5.919130742
PIR,0000000000,전국,3,5,2015-05-01,2.46900202
PIR,1100000000,서울,3,5,2015-05-01,4.440971899
PIR,0000000000,전국,2,5,2015-05-01,1.827501337
PIR,1100000000,서울,2,5,2015-05-01,3.436704806
PIR,0000000000,전국,1,5,2015-05-01,1.13290009
PIR,1100000000,서울,1,5,2015-05-01,2.294616502
PIR,0000000000,전국,5,4,2015-05-01,8.887346632
PIR,1100000000,서울,5,4,2015-05-01,16.36004153
PIR,0000000000,전국,4,4,2015-05-01,5.329449046
PIR,1100000000,서울,4,4,2015-05-01,9.517224578
PIR,0000000000,전국,3,4,2015-05-01,3.955419789
PIR,1100000000,서울,3,4,2015-05-01,7.140529371
PIR,0000000000,전국,2,4,2015-05-01,2.927715286
PIR,1100000000,서울,2,4,2015-05-01,5.525793038
PIR,0000000000,전국,1,4,2015-05-01,1.814941988
PIR,1100000000,서울,1,4,2015-05-01,3.689457375
PIR,0000000000,전국,5,3,2015-05-01,11.54981938
PIR,1100000000,서울,5,3,2015-05-01,21.32626763
PIR,0000000000,전국,4,3,2015-05-01,6.92604626
PIR,1100000000,서울,4,3,2015-05-01,12.40625692
PIR,0000000000,전국,3,3,2015-05-01,5.140385094
PIR,1100000000,서울,3,3,2015-05-01,9.308096199
PIR,0000000000,전국,2,3,2015-05-01,3.804800709
PIR,1100000000,서울,2,3,2015-05-01,7.20319328
PIR,0000000000,전국,1,3,2015-05-01,2.358662604
PIR,1100000000,서울,1,3,2015-05-01,4.809422717
PIR,0000000000,전국,5,2,2015-05-01,15.62193107
PIR,1100000000,서울,5,2,2015-05-01,28.78563371
PIR,0000000000,전국,4,2,2015-05-01,9.36795751
PIR,1100000000,서울,4,2,2015-05-01,16.74563846
PIR,0000000000,전국,3,2,2015-05-01,6.952727045
PIR,1100000000,서울,3,2,2015-05-01,12.56382281
PIR,0000000000,전국,2,2,2015-05-01,5.146256614
PIR,1100000000,서울,2,2,2015-05-01,9.722680356
PIR,0000000000,전국,1,2,2015-05-01,3.190254617
PIR,1100000000,서울,1,2,2015-05-01,6.491631969
PIR,0000000000,전국,5,1,2015-05-01,30.14281831
PIR,1100000000,서울,5,1,2015-05-01,55.36741433
PIR,0000000000,전국,4,1,2015-05-01,18.0756553
PIR,1100000000,서울,4,1,2015-05-01,32.20921632
PIR,0000000000,전국,3,1,2015-05-01,13.41542138
PIR,1100000000,서울,3,1,2015-05-01,24.16574845
PIR,0000000000,전국,2,1,2015-05-01,9.929801727
PIR,1100000000,서울,2,1,2015-05-01,18.70098387
PIR,0000000000,전국,1,1,2015-05-01,6.15565802
PIR,1100000000,서울,1,1,2015-05-01,12.48625896
PIR,0000000000,전국,5,5,2015-06-01,5.55874141
PIR,1100000000,서울,5,5,2015-06-01,10.19475344
PIR,0000000000,전국,4,5,2015-06-01,3.348171756
PIR,1100000000,서울,4,5,2015-06-01,5.944902089
PIR,0000000000,전국,3,5,2015-06-01,2.482689411
PIR,1100000000,서울,3,5,2015-06-01,4.475228339
PIR,0000000000,전국,2,5,2015-06-01,1.84341606
PIR,1100000000,서울,2,5,2015-06-01,3.4644945
PIR,0000000000,전국,1,5,2015-06-01,1.146083537
PIR,1100000000,서울,1,5,2015-06-01,2.309043799
PIR,0000000000,전국,5,4,2015-06-01,8.905280596
PIR,1100000000,서울,5,4,2015-06-01,16.39189304
PIR,0000000000,전국,4,4,2015-06-01,5.363877679
PIR,1100000000,서울,4,4,2015-06-01,9.558661692
PIR,0000000000,전국,3,4,2015-06-01,3.977347425
PIR,1100000000,서울,3,4,2015-06-01,7.195609457
PIR,0000000000,전국,2,4,2015-06-01,2.953211178
PIR,1100000000,서울,2,4,2015-06-01,5.570475403
PIR,0000000000,전국,1,4,2015-06-01,1.83606229
PIR,1100000000,서울,1,4,2015-06-01,3.712654671
PIR,0000000000,전국,5,3,2015-06-01,11.57312601
PIR,1100000000,서울,5,3,2015-06-01,21.36778793
PIR,0000000000,전국,4,3,2015-06-01,6.970789028
PIR,1100000000,서울,4,3,2015-06-01,12.46027261
PIR,0000000000,전국,3,3,2015-06-01,5.168881815
PIR,1100000000,서울,3,3,2015-06-01,9.379896302
PIR,0000000000,전국,2,3,2015-06-01,3.837934664
PIR,1100000000,서울,2,3,2015-06-01,7.261439347
PIR,0000000000,전국,1,3,2015-06-01,2.38611013
PIR,1100000000,서울,1,3,2015-06-01,4.839661744
PIR,0000000000,전국,5,2,2015-06-01,15.65345489
PIR,1100000000,서울,5,2,2015-06-01,28.84167673
PIR,0000000000,전국,4,2,2015-06-01,9.428475204
PIR,1100000000,서울,4,2,2015-06-01,16.81854742
PIR,0000000000,전국,3,2,2015-06-01,6.991270834
PIR,1100000000,서울,3,2,2015-06-01,12.6607367
PIR,0000000000,전국,2,2,2015-06-01,5.191072584
PIR,1100000000,서울,2,2,2015-06-01,9.801299361
PIR,0000000000,전국,1,2,2015-06-01,3.227379298
PIR,1100000000,서울,1,2,2015-06-01,6.53244781
PIR,0000000000,전국,5,1,2015-06-01,30.20364414
PIR,1100000000,서울,5,1,2015-06-01,55.47520965
PIR,0000000000,전국,4,1,2015-06-01,18.19242537
PIR,1100000000,서울,4,1,2015-06-01,32.34945226
PIR,0000000000,전국,3,1,2015-06-01,13.48979237
PIR,1100000000,서울,3,1,2015-06-01,24.35215641
PIR,0000000000,전국,2,1,2015-06-01,10.01627501
PIR,1100000000,서울,2,1,2015-06-01,18.85220274
PIR,0000000000,전국,1,1,2015-06-01,6.227290811
PIR,1100000000,서울,1,1,2015-06-01,12.56476575
PIR,0000000000,전국,5,5,2015-07-01,5.414805364
PIR,1100000000,서울,5,5,2015-07-01,9.983049647
PIR,0000000000,전국,4,5,2015-07-01,3.264972582
PIR,1100000000,서울,4,5,2015-07-01,5.86814479
PIR,0000000000,전국,3,5,2015-07-01,2.425852669
PIR,1100000000,서울,3,5,2015-07-01,4.398503094
PIR,0000000000,전국,2,5,2015-07-01,1.807183943
PIR,1100000000,서울,2,5,2015-07-01,3.397144353
PIR,0000000000,전국,1,5,2015-07-01,1.115119945
PIR,1100000000,서울,1,5,2015-07-01,2.25978874
PIR,0000000000,전국,5,4,2015-07-01,8.545273259
PIR,1100000000,서울,5,4,2015-07-01,15.76848231
PIR,0000000000,전국,4,4,2015-07-01,5.152555082
PIR,1100000000,서울,4,4,2015-07-01,9.26888482
PIR,0000000000,전국,3,4,2015-07-01,3.828313771
PIR,1100000000,서울,3,4,2015-07-01,6.947548163
PIR,0000000000,전국,2,4,2015-07-01,2.851973355
PIR,1100000000,서울,2,4,2015-07-01,5.365876414
PIR,0000000000,전국,1,4,2015-07-01,1.759805571
PIR,1100000000,서울,1,4,2015-07-01,3.569394127
PIR,0000000000,전국,5,3,2015-07-01,11.25377467
PIR,1100000000,서울,5,3,2015-07-01,20.8057571
PIR,0000000000,전국,4,3,2015-07-01,6.785703873
PIR,1100000000,서울,4,3,2015-07-01,12.22984954
PIR,0000000000,전국,3,3,2015-07-01,5.041732339
PIR,1100000000,서울,3,3,2015-07-01,9.166957013
PIR,0000000000,전국,2,3,2015-07-01,3.755932025
PIR,1100000000,서울,2,3,2015-07-01,7.080016902
PIR,0000000000,전국,1,3,2015-07-01,2.317591814
PIR,1100000000,서울,1,3,2015-07-01,4.709644576
PIR,0000000000,전국,5,2,2015-07-01,15.4146748
PIR,1100000000,서울,5,2,2015-07-01,28.45184087
PIR,0000000000,전국,4,2,2015-07-01,9.294607506
PIR,1100000000,서울,4,2,2015-07-01,16.72430046
PIR,0000000000,전국,3,2,2015-07-01,6.905830865
PIR,1100000000,서울,3,2,2015-07-01,12.53579963
PIR,0000000000,전국,2,2,2015-07-01,5.144626798
PIR,1100000000,서울,2,2,2015-07-01,9.681912238
PIR,0000000000,전국,1,2,2015-07-01,3.17448369
PIR,1100000000,서울,1,2,2015-07-01,6.440431723
PIR,0000000000,전국,5,1,2015-07-01,30.0162521
PIR,1100000000,서울,5,1,2015-07-01,55.01011503
PIR,0000000000,전국,4,1,2015-07-01,18.0989405
PIR,1100000000,서울,4,1,2015-07-01,32.33554188
PIR,0000000000,전국,3,1,2015-07-01,13.44739106
PIR,1100000000,서울,3,1,2015-07-01,24.2372992
PIR,0000000000,전국,2,1,2015-07-01,10.01788341
PIR,1100000000,서울,2,1,2015-07-01,18.71946031
PIR,0000000000,전국,1,1,2015-07-01,6.181518842
PIR,1100000000,서울,1,1,2015-07-01,12.45223083
PIR,0000000000,전국,5,5,2015-08-01,5.454028589
PIR,1100000000,서울,5,5,2015-08-01,10.16036255
PIR,0000000000,전국,4,5,2015-08-01,3.300462248
PIR,1100000000,서울,4,5,2015-08-01,5.904425034
PIR,0000000000,전국,3,5,2015-08-01,2.448308338
PIR,1100000000,서울,3,5,2015-08-01,4.419102105
PIR,0000000000,전국,2,5,2015-08-01,1.813551188
PIR,1100000000,서울,2,5,2015-08-01,3.413207267
PIR,0000000000,전국,1,5,2015-08-01,1.12088361
PIR,1100000000,서울,1,5,2015-08-01,2.26551776
PIR,0000000000,전국,5,4,2015-08-01,8.607172654
PIR,1100000000,서울,5,4,2015-08-01,16.04855257
PIR,0000000000,전국,4,4,2015-08-01,5.208562432
PIR,1100000000,서울,4,4,2015-08-01,9.326190393
PIR,0000000000,전국,3,4,2015-08-01,3.863751763
PIR,1100000000,서울,3,4,2015-08-01,6.980084828
PIR,0000000000,전국,2,4,2015-08-01,2.862021703
PIR,1100000000,서울,2,4,2015-08-01,5.391248198
PIR,0000000000,전국,1,4,2015-08-01,1.768901391
PIR,1100000000,서울,1,4,2015-08-01,3.57844326
PIR,0000000000,전국,5,3,2015-08-01,11.33529363
PIR,1100000000,서울,5,3,2015-08-01,21.17529639
PIR,0000000000,전국,4,3,2015-08-01,6.859463258
PIR,1100000000,서울,4,3,2015-08-01,12.3054615
PIR,0000000000,전국,3,3,2015-08-01,5.088402722
PIR,1100000000,서울,3,3,2015-08-01,9.209887583
PIR,0000000000,전국,2,3,2015-08-01,3.769165287
PIR,1100000000,서울,2,3,2015-08-01,7.113493756
PIR,0000000000,전국,1,3,2015-08-01,2.329570636
PIR,1100000000,서울,1,3,2015-08-01,4.721584473
PIR,0000000000,전국,5,2,2015-08-01,15.52633408
PIR,1100000000,서울,5,2,2015-08-01,28.95718528
PIR,0000000000,전국,4,2,2015-08-01,9.395638224
PIR,1100000000,서울,4,2,2015-08-01,16.82769969
PIR,0000000000,전국,3,2,2015-08-01,6.969756862
PIR,1100000000,서울,3,2,2015-08-01,12.59450712
PIR,0000000000,전국,2,2,2015-08-01,5.162752844
PIR,1100000000,서울,2,2,2015-08-01,9.727691783
PIR,0000000000,전국,1,2,2015-08-01,3.190891487
PIR,1100000000,서울,1,2,2015-08-01,6.456759514
PIR,0000000000,전국,5,1,2015-08-01,30.23368082
PIR,1100000000,서울,5,1,2015-08-01,55.98717147
PIR,0000000000,전국,4,1,2015-08-01,18.29567274
PIR,1100000000,서울,4,1,2015-08-01,32.53545878
PIR,0000000000,전국,3,1,2015-08-01,13.57187107
PIR,1100000000,서울,3,1,2015-08-01,24.35080699
PIR,0000000000,전국,2,1,2015-08-01,10.05317938
PIR,1100000000,서울,2,1,2015-08-01,18.80797262
PIR,0000000000,전국,1,1,2015-08-01,6.213468952
PIR,1100000000,서울,1,1,2015-08-01,12.48379974
PIR,0000000000,전국,5,5,2015-09-01,5.47512682
PIR,1100000000,서울,5,5,2015-09-01,10.26705495
PIR,0000000000,전국,4,5,2015-09-01,3.318900118
PIR,1100000000,서울,4,5,2015-09-01,5.952298411
PIR,0000000000,전국,3,5,2015-09-01,2.473902085
PIR,1100000000,서울,3,5,2015-09-01,4.454382081
PIR,0000000000,전국,2,5,2015-09-01,1.833244502
PIR,1100000000,서울,2,5,2015-09-01,3.463901248
PIR,0000000000,전국,1,5,2015-09-01,1.12373474
PIR,1100000000,서울,1,5,2015-09-01,2.306853481
PIR,0000000000,전국,5,4,2015-09-01,8.64046843
PIR,1100000000,서울,5,4,2015-09-01,16.21707596
PIR,0000000000,전국,4,4,2015-09-01,5.237659809
PIR,1100000000,서울,4,4,2015-09-01,9.401807617
PIR,0000000000,전국,3,4,2015-09-01,3.904142054
PIR,1100000000,서울,3,4,2015-09-01,7.035810453
PIR,0000000000,전국,2,4,2015-09-01,2.893100337
PIR,1100000000,서울,2,4,2015-09-01,5.471320638
PIR,0000000000,전국,1,4,2015-09-01,1.773400848
PIR,1100000000,서울,1,4,2015-09-01,3.643734088
PIR,0000000000,전국,5,3,2015-09-01,11.37914281
PIR,1100000000,서울,5,3,2015-09-01,21.39765493
PIR,0000000000,전국,4,3,2015-09-01,6.897783311
PIR,1100000000,서울,4,3,2015-09-01,12.4052348
PIR,0000000000,전국,3,3,2015-09-01,5.14159508
PIR,1100000000,서울,3,3,2015-09-01,9.283414877
PIR,0000000000,전국,2,3,2015-09-01,3.810094574
PIR,1100000000,서울,2,3,2015-09-01,7.219145505
PIR,0000000000,전국,1,3,2015-09-01,2.335496236
PIR,1100000000,서울,1,3,2015-09-01,4.807732594
PIR,0000000000,전국,5,2,2015-09-01,15.58639577
PIR,1100000000,서울,5,2,2015-09-01,29.26126025
PIR,0000000000,전국,4,2,2015-09-01,9.448126493
PIR,1100000000,서울,4,2,2015-09-01,16.96413953
PIR,0000000000,전국,3,2,2015-09-01,7.042616229
PIR,1100000000,서울,3,2,2015-09-01,12.69505558
PIR,0000000000,전국,2,2,2015-09-01,5.21881507
PIR,1100000000,서울,2,2,2015-09-01,9.872170388
PIR,0000000000,전국,1,2,2015-09-01,3.199007981
PIR,1100000000,서울,1,2,2015-09-01,6.574566937
PIR,0000000000,전국,5,1,2015-09-01,30.35063605
PIR,1100000000,서울,5,1,2015-09-01,56.57508417
PIR,0000000000,전국,4,1,2015-09-01,18.39788061
PIR,1100000000,서울,4,1,2015-09-01,32.79925793
PIR,0000000000,전국,3,1,2015-09-01,13.7137466
PIR,1100000000,서울,3,1,2015-09-01,24.54521207
PIR,0000000000,전국,2,1,2015-09-01,10.16234665
PIR,1100000000,서울,2,1,2015-09-01,19.08731428
PIR,0000000000,전국,1,1,2015-09-01,6.22927381
PIR,1100000000,서울,1,1,2015-09-01,12.7115741
PIR,0000000000,전국,5,5,2015-10-01,5.70436938
PIR,1100000000,서울,5,5,2015-10-01,10.4986376
PIR,0000000000,전국,4,5,2015-10-01,3.440418821
PIR,1100000000,서울,4,5,2015-10-01,6.092143436
PIR,0000000000,전국,3,5,2015-10-01,2.542478362
PIR,1100000000,서울,3,5,2015-10-01,4.606087476
PIR,0000000000,전국,2,5,2015-10-01,1.886766118
PIR,1100000000,서울,2,5,2015-10-01,3.598386134
PIR,0000000000,전국,1,5,2015-10-01,1.154904932
PIR,1100000000,서울,1,5,2015-10-01,2.368608046
PIR,0000000000,전국,5,4,2015-10-01,9.067038143
PIR,1100000000,서울,5,4,2015-10-01,16.69033738
PIR,0000000000,전국,4,4,2015-10-01,5.468511346
PIR,1100000000,서울,4,4,2015-10-01,9.68505945
PIR,0000000000,전국,3,4,2015-10-01,4.041243957
PIR,1100000000,서울,3,4,2015-10-01,7.322583834
PIR,0000000000,전국,2,4,2015-10-01,2.998995896
PIR,1100000000,서울,2,4,2015-10-01,5.720578315
PIR,0000000000,전국,1,4,2015-10-01,1.835709852
PIR,1100000000,서울,1,4,2015-10-01,3.765523576
PIR,0000000000,전국,5,3,2015-10-01,11.79933637
PIR,1100000000,서울,5,3,2015-10-01,21.68625956
PIR,0000000000,전국,4,3,2015-10-01,7.116414841
PIR,1100000000,서울,4,3,2015-10-01,12.58409032
PIR,0000000000,전국,3,3,2015-10-01,5.259048881
PIR,1100000000,서울,3,3,2015-10-01,9.514454384
PIR,0000000000,전국,2,3,2015-10-01,3.902725541
PIR,1100000000,서울,2,3,2015-10-01,7.432920218
PIR,0000000000,전국,1,3,2015-10-01,2.388890139
PIR,1100000000,서울,1,3,2015-10-01,4.892658535
PIR,0000000000,전국,5,2,2015-10-01,16.26854973
PIR,1100000000,서울,5,2,2015-10-01,30.03591911
PIR,0000000000,전국,4,2,2015-10-01,9.811886461
PIR,1100000000,서울,4,2,2015-10-01,17.429226
PIR,0000000000,전국,3,2,2015-10-01,7.251009344
PIR,1100000000,서울,3,2,2015-10-01,13.17771659
PIR,0000000000,전국,2,2,2015-10-01,5.380953859
PIR,1100000000,서울,2,2,2015-10-01,10.29474861
PIR,0000000000,전국,1,2,2015-10-01,3.293725751
PIR,1100000000,서울,1,2,2015-10-01,6.776433511
PIR,0000000000,전국,5,1,2015-10-01,32.3404308
PIR,1100000000,서울,5,1,2015-10-01,59.21990326
PIR,0000000000,전국,4,1,2015-10-01,19.50515814
PIR,1100000000,서울,4,1,2015-10-01,34.36409166
PIR,0000000000,전국,3,1,2015-10-01,14.41436206
PIR,1100000000,서울,3,1,2015-10-01,25.9816621
PIR,0000000000,전국,2,1,2015-10-01,10.69685797
PIR,1100000000,서울,2,1,2015-10-01,20.29749828
PIR,0000000000,전국,1,1,2015-10-01,6.547634023
PIR,1100000000,서울,1,1,2015-10-01,13.36066113
PIR,0000000000,전국,5,5,2015-11-01,5.728708894
PIR,1100000000,서울,5,5,2015-11-01,10.57410358
PIR,0000000000,전국,4,5,2015-11-01,3.46474803
PIR,1100000000,서울,4,5,2015-11-01,6.125087087
PIR,0000000000,전국,3,5,2015-11-01,2.558147118
PIR,1100000000,서울,3,5,2015-11-01,4.617560457
PIR,0000000000,전국,2,5,2015-11-01,1.894454605
PIR,1100000000,서울,2,5,2015-11-01,3.624251757
PIR,0000000000,전국,1,5,2015-11-01,1.162316743
PIR,1100000000,서울,1,5,2015-11-01,2.379634239
PIR,0000000000,전국,5,4,2015-11-01,9.105725558
PIR,1100000000,서울,5,4,2015-11-01,16.81031034
PIR,0000000000,전국,4,4,2015-11-01,5.507182382
PIR,1100000000,서울,4,4,2015-11-01,9.737432021
PIR,0000000000,전국,3,4,2015-11-01,4.066149288
PIR,1100000000,서울,3,4,2015-11-01,7.340823144
PIR,0000000000,전국,2,4,2015-11-01,3.011216669
PIR,1100000000,서울,2,4,2015-11-01,5.761698505
PIR,0000000000,전국,1,4,2015-11-01,1.847490851
PIR,1100000000,서울,1,4,2015-11-01,3.783052601
PIR,0000000000,전국,5,3,2015-11-01,11.84968201
PIR,1100000000,서울,5,3,2015-11-01,21.84214405
PIR,0000000000,전국,4,3,2015-11-01,7.166739164
PIR,1100000000,서울,4,3,2015-11-01,12.65213958
PIR,0000000000,전국,3,3,2015-11-01,5.291459285
PIR,1100000000,서울,3,3,2015-11-01,9.538153271
PIR,0000000000,전국,2,3,2015-11-01,3.918628972
PIR,1100000000,서울,2,3,2015-11-01,7.486348923
PIR,0000000000,전국,1,3,2015-11-01,2.404221274
PIR,1100000000,서울,1,3,2015-11-01,4.915434527
PIR,0000000000,전국,5,2,2015-11-01,16.3379647
PIR,1100000000,서울,5,2,2015-11-01,30.25182236
PIR,0000000000,전국,4,2,2015-11-01,9.881272037
PIR,1100000000,서울,4,2,2015-11-01,17.52347564
PIR,0000000000,전국,3,2,2015-11-01,7.295695779
PIR,1100000000,서울,3,2,2015-11-01,13.21054004
PIR,0000000000,전국,2,2,2015-11-01,5.402881004
PIR,1100000000,서울,2,2,2015-11-01,10.36874847
PIR,0000000000,전국,1,2,2015-11-01,3.314863831
PIR,1100000000,서울,1,2,2015-11-01,6.807978731
PIR,0000000000,전국,5,1,2015-11-01,32.47842158
PIR,1100000000,서울,5,1,2015-11-01,59.6455859
PIR,0000000000,전국,4,1,2015-11-01,19.64309049
PIR,1100000000,서울,4,1,2015-11-01,34.54991766
PIR,0000000000,전국,3,1,2015-11-01,14.50319472
PIR,1100000000,서울,3,1,2015-11-01,26.046378
PIR,0000000000,전국,2,1,2015-11-01,10.74044719
PIR,1100000000,서울,2,1,2015-11-01,20.44339909
PIR,0000000000,전국,1,1,2015-11-01,6.589654648
PIR,1100000000,서울,1,1,2015-11-01,13.42285682
PIR,0000000000,전국,5,5,2015-12-01,5.751686075
PIR,1100000000,서울,5,5,2015-12-01,10.60415743
PIR,0000000000,전국,4,5,2015-12-01,3.474658565
PIR,1100000000,서울,4,5,2015-12-01,6.150377821
PIR,0000000000,전국,3,5,2015-12-01,2.561908647
PIR,1100000000,서울,3,5,2015-12-01,4.642835645
PIR,0000000000,전국,2,5,2015-12-01,1.90086782
PIR,1100000000,서울,2,5,2015-12-01,3.644316854
PIR,0000000000,전국,1,5,2015-12-01,1.167898509
PIR,1100000000,서울,1,5,2015-12-01,2.388661134
PIR,0000000000,전국,5,4,2015-12-01,9.142247558
PIR,1100000000,서울,5,4,2015-12-01,16.85808882
PIR,0000000000,전국,4,4,2015-12-01,5.522935077
PIR,1100000000,서울,4,4,2015-12-01,9.777638274
PIR,0000000000,전국,3,4,2015-12-01,4.072128202
PIR,1100000000,서울,3,4,2015-12-01,7.381004683
PIR,0000000000,전국,2,4,2015-12-01,3.021410411
PIR,1100000000,서울,2,4,2015-12-01,5.793597238
PIR,0000000000,전국,1,4,2015-12-01,1.856363014
PIR,1100000000,서울,1,4,2015-12-01,3.797403217
PIR,0000000000,전국,5,3,2015-12-01,11.89720969
PIR,1100000000,서울,5,3,2015-12-01,21.90422407
PIR,0000000000,전국,4,3,2015-12-01,7.187238841
PIR,1100000000,서울,4,3,2015-12-01,12.70438078
PIR,0000000000,전국,3,3,2015-12-01,5.299239909
PIR,1100000000,서울,3,3,2015-12-01,9.590362358
PIR,0000000000,전국,2,3,2015-12-01,3.931894537
PIR,1100000000,서울,2,3,2015-12-01,7.52779591
PIR,0000000000,전국,1,3,2015-12-01,2.415767009
PIR,1100000000,서울,1,3,2015-12-01,4.934080716
PIR,0000000000,전국,5,2,2015-12-01,16.40349436
PIR,1100000000,서울,5,2,2015-12-01,30.33780448
PIR,0000000000,전국,4,2,2015-12-01,9.909536339
PIR,1100000000,서울,4,2,2015-12-01,17.59583079
PIR,0000000000,전국,3,2,2015-12-01,7.306423456
PIR,1100000000,서울,3,2,2015-12-01,13.2828507
PIR,0000000000,전국,2,2,2015-12-01,5.421171142
PIR,1100000000,서울,2,2,2015-12-01,10.42615341
PIR,0000000000,전국,1,2,2015-12-01,3.330782724
PIR,1100000000,서울,1,2,2015-12-01,6.833804091
PIR,0000000000,전국,5,1,2015-12-01,32.60868873
PIR,1100000000,서울,5,1,2015-12-01,59.81511135
PIR,0000000000,전국,4,1,2015-12-01,19.69927741
PIR,1100000000,서울,4,1,2015-12-01,34.69257567
PIR,0000000000,전국,3,1,2015-12-01,14.52452038
PIR,1100000000,서울,3,1,2015-12-01,26.18894833
PIR,0000000000,전국,2,1,2015-12-01,10.77680636
PIR,1100000000,서울,2,1,2015-12-01,20.55658074
PIR,0000000000,전국,1,1,2015-12-01,6.621299992
PIR,1100000000,서울,1,1,2015-12-01,13.47377504
PIR,0000000000,전국,5,5,2016-01-01,5.215797088
PIR,1100000000,서울,5,5,2016-01-01,9.855495324
PIR,0000000000,전국,4,5,2016-01-01,3.195284199
PIR,1100000000,서울,4,5,2016-01-01,5.740461882
PIR,0000000000,전국,3,5,2016-01-01,2.382084014
PIR,1100000000,서울,3,5,2016-01-01,4.334369179
PIR,0000000000,전국,2,5,2016-01-01,1.773479691
PIR,1100000000,서울,2,5,2016-01-01,3.38350723
PIR,0000000000,전국,1,5,2016-01-01,1.082124206
PIR,1100000000,서울,1,5,2016-01-01,2.214781474
PIR,0000000000,전국,5,4,2016-01-01,8.78421893
PIR,1100000000,서울,5,4,2016-01-01,16.5358055
PIR,0000000000,전국,4,4,2016-01-01,5.381358874
PIR,1100000000,서울,4,4,2016-01-01,9.631495733
PIR,0000000000,전국,3,4,2016-01-01,4.011802441
PIR,1100000000,서울,3,4,2016-01-01,7.272316951
PIR,0000000000,전국,2,4,2016-01-01,2.986817473
PIR,1100000000,서울,2,4,2016-01-01,5.676936128
PIR,0000000000,전국,1,4,2016-01-01,1.82246659
PIR,1100000000,서울,1,4,2016-01-01,3.716017762
PIR,0000000000,전국,5,3,2016-01-01,11.71348572
PIR,1100000000,서울,5,3,2016-01-01,22.04501794
PIR,0000000000,전국,4,3,2016-01-01,7.175876514
PIR,1100000000,서울,4,3,2016-01-01,12.84040842
PIR,0000000000,전국,3,3,2016-01-01,5.349615141
PIR,1100000000,서울,3,3,2016-01-01,9.695225167
PIR,0000000000,전국,2,3,2016-01-01,3.982829218
PIR,1100000000,서울,2,3,2016-01-01,7.568313425
PIR,0000000000,전국,1,3,2016-01-01,2.430203134
PIR,1100000000,서울,1,3,2016-01-01,4.954078482
PIR,0000000000,전국,5,2,2016-01-01,16.47489
PIR,1100000000,서울,5,2,2016-01-01,31.08925814
PIR,0000000000,전국,4,2,2016-01-01,10.09279211
PIR,1100000000,서울,4,2,2016-01-01,18.10834417
PIR,0000000000,전국,3,2,2016-01-01,7.524175393
PIR,1100000000,서울,3,2,2016-01-01,13.67281074
PIR,0000000000,전국,2,2,2016-01-01,5.601805888
PIR,1100000000,서울,2,2,2016-01-01,10.67330725
PIR,0000000000,전국,1,2,2016-01-01,3.418054222
PIR,1100000000,서울,1,2,2016-01-01,6.986550214
PIR,0000000000,전국,5,1,2016-01-01,33.53153903
PIR,1100000000,서울,5,1,2016-01-01,62.54672224
PIR,0000000000,전국,4,1,2016-01-01,20.54197949
PIR,1100000000,서울,4,1,2016-01-01,36.4311547
PIR,0000000000,전국,3,1,2016-01-01,15.31404342
PIR,1100000000,서울,3,1,2016-01-01,27.50755555
PIR,0000000000,전국,2,1,2016-01-01,11.40142197
PIR,1100000000,서울,2,1,2016-01-01,21.47302393
PIR,0000000000,전국,1,1,2016-01-01,6.9568063
PIR,1100000000,서울,1,1,2016-01-01,14.05584571
PIR,0000000000,전국,5,5,2016-02-01,5.219549029
PIR,1100000000,서울,5,5,2016-02-01,9.853848989
PIR,0000000000,전국,4,5,2016-02-01,3.199125823
PIR,1100000000,서울,4,5,2016-02-01,5.740121045
PIR,0000000000,전국,3,5,2016-02-01,2.38319773
PIR,1100000000,서울,3,5,2016-02-01,4.337482435
PIR,0000000000,전국,2,5,2016-02-01,1.779157699
PIR,1100000000,서울,2,5,2016-02-01,3.387867365
PIR,0000000000,전국,1,5,2016-02-01,1.084451454
PIR,1100000000,서울,1,5,2016-02-01,2.221935366
PIR,0000000000,전국,5,4,2016-02-01,8.790537786
PIR,1100000000,서울,5,4,2016-02-01,16.53304324
PIR,0000000000,전국,4,4,2016-02-01,5.387828771
PIR,1100000000,서울,4,4,2016-02-01,9.630923867
PIR,0000000000,전국,3,4,2016-02-01,4.013678112
PIR,1100000000,서울,3,4,2016-02-01,7.277540452
PIR,0000000000,전국,2,4,2016-02-01,2.996380127
PIR,1100000000,서울,2,4,2016-02-01,5.684251675
PIR,0000000000,전국,1,4,2016-02-01,1.82638604
PIR,1100000000,서울,1,4,2016-02-01,3.728020747
PIR,0000000000,전국,5,3,2016-02-01,11.72191172
PIR,1100000000,서울,5,3,2016-02-01,22.04133537
PIR,0000000000,전국,4,3,2016-02-01,7.184503923
PIR,1100000000,서울,4,3,2016-02-01,12.83964603
PIR,0000000000,전국,3,3,2016-02-01,5.352116292
PIR,1100000000,서울,3,3,2016-02-01,9.702188974
PIR,0000000000,전국,2,3,2016-02-01,3.995580723
PIR,1100000000,서울,2,3,2016-02-01,7.578066284
PIR,0000000000,전국,1,3,2016-02-01,2.4354296
PIR,1100000000,서울,1,3,2016-02-01,4.970080486
PIR,0000000000,전국,5,2,2016-02-01,16.48674108
PIR,1100000000,서울,5,2,2016-02-01,31.08406476
PIR,0000000000,전국,4,2,2016-02-01,10.10492647
PIR,1100000000,서울,4,2,2016-02-01,18.10726899
PIR,0000000000,전국,3,2,2016-02-01,7.527693234
PIR,1100000000,서울,3,2,2016-02-01,13.68263153
PIR,0000000000,전국,2,2,2016-02-01,5.619740741
PIR,1100000000,서울,2,2,2016-02-01,10.68706134
PIR,0000000000,전국,1,2,2016-02-01,3.42540519
PIR,1100000000,서울,1,2,2016-02-01,7.009117237
PIR,0000000000,전국,5,1,2016-02-01,33.55565967
PIR,1100000000,서울,5,1,2016-02-01,62.53627397
PIR,0000000000,전국,4,1,2016-02-01,20.56667669
PIR,1100000000,서울,4,1,2016-02-01,36.42899162
PIR,0000000000,전국,3,1,2016-02-01,15.32120333
PIR,1100000000,서울,3,1,2016-02-01,27.52731345
PIR,0000000000,전국,2,1,2016-02-01,11.43792499
PIR,1100000000,서울,2,1,2016-02-01,21.500695
PIR,0000000000,전국,1,1,2016-02-01,6.971767813
PIR,1100000000,서울,1,1,2016-02-01,14.10124703
PIR,0000000000,전국,5,5,2016-03-01,5.217795271
PIR,1100000000,서울,5,5,2016-03-01,9.927549941
PIR,0000000000,전국,4,5,2016-03-01,3.203423997
PIR,1100000000,서울,4,5,2016-03-01,5.757848025
PIR,0000000000,전국,3,5,2016-03-01,2.386149408
PIR,1100000000,서울,3,5,2016-03-01,4.341743705
PIR,0000000000,전국,2,5,2016-03-01,1.782071586
PIR,1100000000,서울,2,5,2016-03-01,3.393910703
PIR,0000000000,전국,1,5,2016-03-01,1.086642182
PIR,1100000000,서울,1,5,2016-03-01,2.231739266
PIR,0000000000,전국,5,4,2016-03-01,8.787584183
PIR,1100000000,서울,5,4,2016-03-01,16.6567006
PIR,0000000000,전국,4,4,2016-03-01,5.395067569
PIR,1100000000,서울,4,4,2016-03-01,9.660666654
PIR,0000000000,전국,3,4,2016-03-01,4.0186492
PIR,1100000000,서울,3,4,2016-03-01,7.284690122
PIR,0000000000,전국,2,4,2016-03-01,3.001287568
PIR,1100000000,서울,2,4,2016-03-01,5.694391343
PIR,0000000000,전국,1,4,2016-03-01,1.83007557
PIR,1100000000,서울,1,4,2016-03-01,3.744469985
PIR,0000000000,전국,5,3,2016-03-01,11.71797318
PIR,1100000000,서울,5,3,2016-03-01,22.2061915
PIR,0000000000,전국,4,3,2016-03-01,7.194156637
PIR,1100000000,서울,4,3,2016-03-01,12.87929818
PIR,0000000000,전국,3,3,2016-03-01,5.358745085
PIR,1100000000,서울,3,3,2016-03-01,9.711720691
PIR,0000000000,전국,2,3,2016-03-01,4.002124645
PIR,1100000000,서울,2,3,2016-03-01,7.591584172
PIR,0000000000,전국,1,3,2016-03-01,2.440349475
PIR,1100000000,서울,1,3,2016-03-01,4.992010095
PIR,0000000000,전국,5,2,2016-03-01,16.48120157
PIR,1100000000,서울,5,2,2016-03-01,31.31655515
PIR,0000000000,전국,4,2,2016-03-01,10.1185029
PIR,1100000000,서울,4,2,2016-03-01,18.16318893
PIR,0000000000,전국,3,2,2016-03-01,7.537016559
PIR,1100000000,서울,3,2,2016-03-01,13.69607375
PIR,0000000000,전국,2,2,2016-03-01,5.628944696
PIR,1100000000,서울,2,2,2016-03-01,10.70612511
PIR,0000000000,전국,1,2,2016-03-01,3.43232494
PIR,1100000000,서울,1,2,2016-03-01,7.040043738
PIR,0000000000,전국,5,1,2016-03-01,33.54438504
PIR,1100000000,서울,5,1,2016-03-01,63.00400824
PIR,0000000000,전국,4,1,2016-03-01,20.59430898
PIR,1100000000,서울,4,1,2016-03-01,36.54149378
PIR,0000000000,전국,3,1,2016-03-01,15.3401792
PIR,1100000000,서울,3,1,2016-03-01,27.5543571
PIR,0000000000,전국,2,1,2016-03-01,11.45665791
PIR,1100000000,서울,2,1,2016-03-01,21.53904832
PIR,0000000000,전국,1,1,2016-03-01,6.985851662
PIR,1100000000,서울,1,1,2016-03-01,14.16346631
PIR,0000000000,전국,5,5,2016-04-01,5.764388484
PIR,1100000000,서울,5,5,2016-04-01,11.00267481
PIR,0000000000,전국,4,5,2016-04-01,3.535638267
PIR,1100000000,서울,4,5,2016-04-01,6.370055459
PIR,0000000000,전국,3,5,2016-04-01,2.637883588
PIR,1100000000,서울,3,5,2016-04-01,4.773573782
PIR,0000000000,전국,2,5,2016-04-01,1.967697176
PIR,1100000000,서울,2,5,2016-04-01,3.760800334
PIR,0000000000,전국,1,5,2016-04-01,1.201627909
PIR,1100000000,서울,1,5,2016-04-01,2.477006691
PIR,0000000000,전국,5,4,2016-04-01,9.172315713
PIR,1100000000,서울,5,4,2016-04-01,17.53057109
PIR,0000000000,전국,4,4,2016-04-01,5.625920342
PIR,1100000000,서울,4,4,2016-04-01,10.14941476
PIR,0000000000,전국,3,4,2016-04-01,4.197409864
PIR,1100000000,서울,3,4,2016-04-01,7.605739149
PIR,0000000000,전국,2,4,2016-04-01,3.131006833
PIR,1100000000,서울,2,4,2016-04-01,5.992086356
PIR,0000000000,전국,1,4,2016-04-01,1.912034656
PIR,1100000000,서울,1,4,2016-04-01,3.946616858
PIR,0000000000,전국,5,3,2016-04-01,12.05079041
PIR,1100000000,서울,5,3,2016-04-01,22.9862421
PIR,0000000000,전국,4,3,2016-04-01,7.391458063
PIR,1100000000,서울,4,3,2016-04-01,13.30800369
PIR,0000000000,전국,3,3,2016-04-01,5.514649531
PIR,1100000000,서울,3,3,2016-04-01,9.97271341
PIR,0000000000,전국,2,3,2016-04-01,4.11358574
PIR,1100000000,서울,2,3,2016-04-01,7.856877391
PIR,0000000000,전국,1,3,2016-04-01,2.512073246
PIR,1100000000,서울,1,3,2016-04-01,5.174839432
PIR,0000000000,전국,5,2,2016-04-01,16.72326614
PIR,1100000000,서울,5,2,2016-04-01,31.95654686
PIR,0000000000,전국,4,2,2016-04-01,10.25736205
PIR,1100000000,서울,4,2,2016-04-01,18.501408
PIR,0000000000,전국,3,2,2016-04-01,7.652855007
PIR,1100000000,서울,3,2,2016-04-01,13.86453175
PIR,0000000000,전국,2,2,2016-04-01,5.708554107
PIR,1100000000,서울,2,2,2016-04-01,10.92299774
PIR,0000000000,전국,1,2,2016-04-01,3.486084149
PIR,1100000000,서울,1,2,2016-04-01,7.194303364
PIR,0000000000,전국,5,1,2016-04-01,33.90138338
PIR,1100000000,서울,5,1,2016-04-01,63.68869538
PIR,0000000000,전국,4,1,2016-04-01,20.79371103
PIR,1100000000,서울,4,1,2016-04-01,36.87289942
PIR,0000000000,전국,3,1,2016-04-01,15.51385773
PIR,1100000000,서울,3,1,2016-04-01,27.63170699
PIR,0000000000,전국,2,1,2016-04-01,11.57237347
PIR,1100000000,서울,2,1,2016-04-01,21.76929437
PIR,0000000000,전국,1,1,2016-04-01,7.066985256
PIR,1100000000,서울,1,1,2016-04-01,14.33808845
PIR,0000000000,전국,5,5,2016-05-01,5.768322898
PIR,1100000000,서울,5,5,2016-05-01,11.09048006
PIR,0000000000,전국,4,5,2016-05-01,3.545879995
PIR,1100000000,서울,4,5,2016-05-01,6.407073667
PIR,0000000000,전국,3,5,2016-05-01,2.643211818
PIR,1100000000,서울,3,5,2016-05-01,4.79016161
PIR,0000000000,전국,2,5,2016-05-01,1.971063563
PIR,1100000000,서울,2,5,2016-05-01,3.778934115
PIR,0000000000,전국,1,5,2016-05-01,1.199078749
PIR,1100000000,서울,1,5,2016-05-01,2.494239355
PIR,0000000000,전국,5,4,2016-05-01,9.178576166
PIR,1100000000,서울,5,4,2016-05-01,17.67047126
PIR,0000000000,전국,4,4,2016-05-01,5.642217017
PIR,1100000000,서울,4,4,2016-05-01,10.2083959
PIR,0000000000,전국,3,4,2016-05-01,4.205888162
PIR,1100000000,서울,3,4,2016-05-01,7.632168549
PIR,0000000000,전국,2,4,2016-05-01,3.136363439
PIR,1100000000,서울,2,4,2016-05-01,6.020978925
PIR,0000000000,전국,1,4,2016-05-01,1.907978423
PIR,1100000000,서울,1,4,2016-05-01,3.974073676
PIR,0000000000,전국,5,3,2016-05-01,12.05901553
PIR,1100000000,서울,5,3,2016-05-01,23.16968046
PIR,0000000000,전국,4,3,2016-05-01,7.412868992
PIR,1100000000,서울,4,3,2016-05-01,13.38534029
PIR,0000000000,전국,3,3,2016-05-01,5.525788507
PIR,1100000000,서울,3,3,2016-05-01,10.00736788
PIR,0000000000,전국,2,3,2016-05-01,4.120623368
PIR,1100000000,서울,2,3,2016-05-01,7.894761585
PIR,0000000000,전국,1,3,2016-05-01,2.506744078
PIR,1100000000,서울,1,3,2016-05-01,5.210841059
PIR,0000000000,전국,5,2,2016-05-01,16.7346804
PIR,1100000000,서울,5,2,2016-05-01,32.21157144
PIR,0000000000,전국,4,2,2016-05-01,10.28707468
PIR,1100000000,서울,4,2,2016-05-01,18.60892496
PIR,0000000000,전국,3,2,2016-05-01,7.668312919
PIR,1100000000,서울,3,2,2016-05-01,13.91271001
PIR,0000000000,전국,2,2,2016-05-01,5.718320447
PIR,1100000000,서울,2,2,2016-05-01,10.97566612
PIR,0000000000,전국,1,2,2016-05-01,3.478688692
PIR,1100000000,서울,1,2,2016-05-01,7.244354505
PIR,0000000000,전국,5,1,2016-05-01,33.92452236
PIR,1100000000,서울,5,1,2016-05-01,64.19695374
PIR,0000000000,전국,4,1,2016-05-01,20.85394443
PIR,1100000000,서울,4,1,2016-05-01,37.08717835
PIR,0000000000,전국,3,1,2016-05-01,15.54519398
PIR,1100000000,서울,3,1,2016-05-01,27.7277252
PIR,0000000000,전국,2,1,2016-05-01,11.59217178
PIR,1100000000,서울,2,1,2016-05-01,21.87426129
PIR,0000000000,전국,1,1,2016-05-01,7.051993197
PIR,1100000000,서울,1,1,2016-05-01,14.43783927
PIR,0000000000,전국,5,5,2016-06-01,5.786826672
PIR,1100000000,서울,5,5,2016-06-01,11.1553201
PIR,0000000000,전국,4,5,2016-06-01,3.550883702
PIR,1100000000,서울,4,5,2016-06-01,6.452574763
PIR,0000000000,전국,3,5,2016-06-01,2.645397689
PIR,1100000000,서울,3,5,2016-06-01,4.82646846
PIR,0000000000,전국,2,5,2016-06-01,1.972584254
PIR,1100000000,서울,2,5,2016-06-01,3.789993282
PIR,0000000000,전국,1,5,2016-06-01,1.196428157
PIR,1100000000,서울,1,5,2016-06-01,2.507418011
PIR,0000000000,전국,5,4,2016-06-01,9.208019439
PIR,1100000000,서울,5,4,2016-06-01,17.77378097
PIR,0000000000,전국,4,4,2016-06-01,5.650178933
PIR,1100000000,서울,4,4,2016-06-01,10.28089283
PIR,0000000000,전국,3,4,2016-06-01,4.209366329
PIR,1100000000,서울,3,4,2016-06-01,7.690016284
PIR,0000000000,전국,2,4,2016-06-01,3.138783168
PIR,1100000000,서울,2,4,2016-06-01,6.038599505
PIR,0000000000,전국,1,4,2016-06-01,1.903760791
PIR,1100000000,서울,1,4,2016-06-01,3.995071241
PIR,0000000000,전국,5,3,2016-06-01,12.09769875
PIR,1100000000,서울,5,3,2016-06-01,23.30514107
PIR,0000000000,전국,4,3,2016-06-01,7.423329533
PIR,1100000000,서울,4,3,2016-06-01,13.48039892
PIR,0000000000,전국,3,3,2016-06-01,5.530358199
PIR,1100000000,서울,3,3,2016-06-01,10.08321834
PIR,0000000000,전국,2,3,2016-06-01,4.123802461
PIR,1100000000,서울,2,3,2016-06-01,7.917865848
PIR,0000000000,전국,1,3,2016-06-01,2.501202859
PIR,1100000000,서울,1,3,2016-06-01,5.238373254
PIR,0000000000,전국,5,2,2016-06-01,16.78836234
PIR,1100000000,서울,5,2,2016-06-01,32.3998951
PIR,0000000000,전국,4,2,2016-06-01,10.30159111
PIR,1100000000,서울,4,2,2016-06-01,18.74107991
PIR,0000000000,전국,3,2,2016-06-01,7.674654426
PIR,1100000000,서울,3,2,2016-06-01,14.01816087
PIR,0000000000,전국,2,2,2016-06-01,5.722732176
PIR,1100000000,서울,2,2,2016-06-01,11.00778674
PIR,0000000000,전국,1,2,2016-06-01,3.470998967
PIR,1100000000,서울,1,2,2016-06-01,7.282631048
PIR,0000000000,전국,5,1,2016-06-01,34.03334632
PIR,1100000000,서울,5,1,2016-06-01,64.57227867
PIR,0000000000,전국,4,1,2016-06-01,20.88337211
PIR,1100000000,서울,4,1,2016-06-01,37.35056026
PIR,0000000000,전국,3,1,2016-06-01,15.55804948
PIR,1100000000,서울,3,1,2016-06-01,27.93788645
PIR,0000000000,전국,2,1,2016-06-01,11.60111523
PIR,1100000000,서울,2,1,2016-06-01,21.93827699
PIR,0000000000,전국,1,1,2016-06-01,7.036404596
PIR,1100000000,서울,1,1,2016-06-01,14.51412358
PIR,0000000000,전국,5,5,2016-07-01,5.596132807
PIR,1100000000,서울,5,5,2016-07-01,11.01562939
PIR,0000000000,전국,4,5,2016-07-01,3.426043408
PIR,1100000000,서울,4,5,2016-07-01,6.280253963
PIR,0000000000,전국,3,5,2016-07-01,2.548688359
PIR,1100000000,서울,3,5,2016-07-01,4.680742835
PIR,0000000000,전국,2,5,2016-07-01,1.897620138
PIR,1100000000,서울,2,5,2016-07-01,3.659746224
PIR,0000000000,전국,1,5,2016-07-01,1.153265155
PIR,1100000000,서울,1,5,2016-07-01,2.419600577
PIR,0000000000,전국,5,4,2016-07-01,8.97041935
PIR,1100000000,서울,5,4,2016-07-01,17.79512959
PIR,0000000000,전국,4,4,2016-07-01,5.491836441
PIR,1100000000,서울,4,4,2016-07-01,10.14539698
PIR,0000000000,전국,3,4,2016-07-01,4.085464759
PIR,1100000000,서울,3,4,2016-07-01,7.561476733
PIR,0000000000,전국,2,4,2016-07-01,3.041823522
PIR,1100000000,서울,2,4,2016-07-01,5.912114145
PIR,0000000000,전국,1,4,2016-07-01,1.848646631
PIR,1100000000,서울,1,4,2016-07-01,3.908728616
PIR,0000000000,전국,5,3,2016-07-01,11.87941263
PIR,1100000000,서울,5,3,2016-07-01,23.51210624
PIR,0000000000,전국,4,3,2016-07-01,7.272769383
PIR,1100000000,서울,4,3,2016-07-01,13.40477182
PIR,0000000000,전국,3,3,2016-07-01,5.410329192
PIR,1100000000,서울,3,3,2016-07-01,9.990724899
PIR,0000000000,전국,2,3,2016-07-01,4.028248331
PIR,1100000000,서울,2,3,2016-07-01,7.811477583
PIR,0000000000,전국,1,3,2016-07-01,2.448139299
PIR,1100000000,서울,1,3,2016-07-01,5.164471662
PIR,0000000000,전국,5,2,2016-07-01,16.46687606
PIR,1100000000,서울,5,2,2016-07-01,32.50906995
PIR,0000000000,전국,4,2,2016-07-01,10.08128901
PIR,1100000000,서울,4,2,2016-07-01,18.53413983
PIR,0000000000,전국,3,2,2016-07-01,7.499631758
PIR,1100000000,서울,3,2,2016-07-01,13.81369969
PIR,0000000000,전국,2,2,2016-07-01,5.583833818
PIR,1100000000,서울,2,2,2016-07-01,10.80055817
PIR,0000000000,전국,1,2,2016-07-01,3.393535326
PIR,1100000000,서울,1,2,2016-07-01,7.140669101
PIR,0000000000,전국,5,1,2016-07-01,33.75067131
PIR,1100000000,서울,5,1,2016-07-01,66.25614529
PIR,0000000000,전국,4,1,2016-07-01,20.66270922
PIR,1100000000,서울,4,1,2016-07-01,37.77409391
PIR,0000000000,전국,3,1,2016-07-01,15.37131909
PIR,1100000000,서울,3,1,2016-07-01,28.15345056
PIR,0000000000,전국,2,1,2016-07-01,11.44468077
PIR,1100000000,서울,2,1,2016-07-01,22.01242153
PIR,0000000000,전국,1,1,2016-07-01,6.955423416
PIR,1100000000,서울,1,1,2016-07-01,14.55326806
PIR,0000000000,전국,5,5,2016-08-01,5.643589076
PIR,1100000000,서울,5,5,2016-08-01,11.07552477
PIR,0000000000,전국,4,5,2016-08-01,3.462085577
PIR,1100000000,서울,4,5,2016-08-01,6.356347077
PIR,0000000000,전국,3,5,2016-08-01,2.566133437
PIR,1100000000,서울,3,5,2016-08-01,4.754989843
PIR,0000000000,전국,2,5,2016-08-01,1.898301097
PIR,1100000000,서울,2,5,2016-08-01,3.700019803
PIR,0000000000,전국,1,5,2016-08-01,1.152482995
PIR,1100000000,서울,1,5,2016-08-01,2.443959029
PIR,0000000000,전국,5,4,2016-08-01,9.046490209
PIR,1100000000,서울,5,4,2016-08-01,17.89188721
PIR,0000000000,전국,4,4,2016-08-01,5.549610869
PIR,1100000000,서울,4,4,2016-08-01,10.26832113
PIR,0000000000,전국,3,4,2016-08-01,4.113428654
PIR,1100000000,서울,3,4,2016-08-01,7.681418598
PIR,0000000000,전국,2,4,2016-08-01,3.042915078
PIR,1100000000,서울,2,4,2016-08-01,5.977173846
PIR,0000000000,전국,1,4,2016-08-01,1.847392855
PIR,1100000000,서울,1,4,2016-08-01,3.948078325
PIR,0000000000,전국,5,3,2016-08-01,11.98015231
PIR,1100000000,서울,5,3,2016-08-01,23.63994883
PIR,0000000000,전국,4,3,2016-08-01,7.349279325
PIR,1100000000,서울,4,3,2016-08-01,13.56718736
PIR,0000000000,전국,3,3,2016-08-01,5.447361424
PIR,1100000000,서울,3,3,2016-08-01,10.14920005
PIR,0000000000,전국,2,3,2016-08-01,4.029693865
PIR,1100000000,서울,2,3,2016-08-01,7.897438778
PIR,0000000000,전국,1,3,2016-08-01,2.446478939
PIR,1100000000,서울,1,3,2016-08-01,5.216463109
PIR,0000000000,전국,5,2,2016-08-01,16.6065183
PIR,1100000000,서울,5,2,2016-08-01,32.68583182
PIR,0000000000,전국,4,2,2016-08-01,10.18734474
PIR,1100000000,서울,4,2,2016-08-01,18.75870407
PIR,0000000000,전국,3,2,2016-08-01,7.550964698
PIR,1100000000,서울,3,2,2016-08-01,14.03281574
PIR,0000000000,전국,2,2,2016-08-01,5.585837573
PIR,1100000000,서울,2,2,2016-08-01,10.91941262
PIR,0000000000,전국,1,2,2016-08-01,3.391233786
PIR,1100000000,서울,1,2,2016-08-01,7.2125552
PIR,0000000000,전국,5,1,2016-08-01,34.03688341
PIR,1100000000,서울,5,1,2016-08-01,66.61640044
PIR,0000000000,전국,4,1,2016-08-01,20.88008208
PIR,1100000000,서울,4,1,2016-08-01,38.23177421
PIR,0000000000,전국,3,1,2016-08-01,15.47653159
PIR,1100000000,서울,3,1,2016-08-01,28.600027
PIR,0000000000,전국,2,1,2016-08-01,11.44878769
PIR,1100000000,서울,2,1,2016-08-01,22.25465664
PIR,0000000000,전국,1,1,2016-08-01,6.950706158
PIR,1100000000,서울,1,1,2016-08-01,14.69977781
PIR,0000000000,전국,5,5,2016-09-01,5.689485135
PIR,1100000000,서울,5,5,2016-09-01,11.26785597
PIR,0000000000,전국,4,5,2016-09-01,3.475760139
PIR,1100000000,서울,4,5,2016-09-01,6.449292469
PIR,0000000000,전국,3,5,2016-09-01,2.589287395
PIR,1100000000,서울,3,5,2016-09-01,4.804170589
PIR,0000000000,전국,2,5,2016-09-01,1.912501145
PIR,1100000000,서울,2,5,2016-09-01,3.746530782
PIR,0000000000,전국,1,5,2016-09-01,1.152882766
PIR,1100000000,서울,1,5,2016-09-01,2.464775077
PIR,0000000000,전국,5,4,2016-09-01,9.120060104
PIR,1100000000,서울,5,4,2016-09-01,18.20258744
PIR,0000000000,전국,4,4,2016-09-01,5.571530748
PIR,1100000000,서울,4,4,2016-09-01,10.41846918
PIR,0000000000,전국,3,4,2016-09-01,4.150543698
PIR,1100000000,서울,3,4,2016-09-01,7.760867326
PIR,0000000000,전국,2,4,2016-09-01,3.065677293
PIR,1100000000,서울,2,4,2016-09-01,6.052309716
PIR,0000000000,전국,1,4,2016-09-01,1.848033675
PIR,1100000000,서울,1,4,2016-09-01,3.98170548
PIR,0000000000,전국,5,3,2016-09-01,12.07757999
PIR,1100000000,서울,5,3,2016-09-01,24.05046659
PIR,0000000000,전국,4,3,2016-09-01,7.378307543
PIR,1100000000,서울,4,3,2016-09-01,13.76557293
PIR,0000000000,전국,3,3,2016-09-01,5.496512405
PIR,1100000000,서울,3,3,2016-09-01,10.25417298
PIR,0000000000,전국,2,3,2016-09-01,4.059837578
PIR,1100000000,서울,2,3,2016-09-01,7.996713276
PIR,0000000000,전국,1,3,2016-09-01,2.447327569
PIR,1100000000,서울,1,3,2016-09-01,5.260893537
PIR,0000000000,전국,5,2,2016-09-01,16.74156955
PIR,1100000000,서울,5,2,2016-09-01,33.25343518
PIR,0000000000,전국,4,2,2016-09-01,10.22758276
PIR,1100000000,서울,4,2,2016-09-01,19.03300235
PIR,0000000000,전국,3,2,2016-09-01,7.619096275
PIR,1100000000,서울,3,2,2016-09-01,14.17795681
PIR,0000000000,전국,2,2,2016-09-01,5.62762186
PIR,1100000000,서울,2,2,2016-09-01,11.05667475
PIR,0000000000,전국,1,2,2016-09-01,3.392410131
PIR,1100000000,서울,1,2,2016-09-01,7.273987038
PIR,0000000000,전국,5,1,2016-09-01,34.31368578
PIR,1100000000,서울,5,1,2016-09-01,67.77322255
PIR,0000000000,전국,4,1,2016-09-01,20.96255433
PIR,1100000000,서울,4,1,2016-09-01,38.79081656
PIR,0000000000,전국,3,1,2016-09-01,15.61617474
PIR,1100000000,서울,3,1,2016-09-01,28.89583639
PIR,0000000000,전국,2,1,2016-09-01,11.53442917
PIR,1100000000,서울,2,1,2016-09-01,22.53440808
PIR,0000000000,전국,1,1,2016-09-01,6.953117206
PIR,1100000000,서울,1,1,2016-09-01,14.82498093
PIR,0000000000,전국,5,5,2016-10-01,5.946909245
PIR,1100000000,서울,5,5,2016-10-01,11.74694631
PIR,0000000000,전국,4,5,2016-10-01,3.615266783
PIR,1100000000,서울,4,5,2016-10-01,6.744554479
PIR,0000000000,전국,3,5,2016-10-01,2.689095435
PIR,1100000000,서울,3,5,2016-10-01,5.004553831
PIR,0000000000,전국,2,5,2016-10-01,1.991110344
PIR,1100000000,서울,2,5,2016-10-01,3.921255946
PIR,0000000000,전국,1,5,2016-10-01,1.195299954
PIR,1100000000,서울,1,5,2016-10-01,2.587738702
PIR,0000000000,전국,5,4,2016-10-01,9.572106011
PIR,1100000000,서울,5,4,2016-10-01,19.02953405
PIR,0000000000,전국,4,4,2016-10-01,5.819109638
PIR,1100000000,서울,4,4,2016-10-01,10.92588028
PIR,0000000000,전국,3,4,2016-10-01,4.328350327
PIR,1100000000,서울,3,4,2016-10-01,8.107156107
PIR,0000000000,전국,2,4,2016-10-01,3.204878115
PIR,1100000000,서울,2,4,2016-10-01,6.352261393
PIR,0000000000,전국,1,4,2016-10-01,1.923946946
PIR,1100000000,서울,1,4,2016-10-01,4.192022372
PIR,0000000000,전국,5,3,2016-10-01,12.58294829
PIR,1100000000,서울,5,3,2016-10-01,24.95757679
PIR,0000000000,전국,4,3,2016-10-01,7.649471873
PIR,1100000000,서울,4,3,2016-10-01,14.32948886
PIR,0000000000,전국,3,3,2016-10-01,5.689804135
PIR,1100000000,서울,3,3,2016-10-01,10.63268131
PIR,0000000000,전국,2,3,2016-10-01,4.212951211
PIR,1100000000,서울,2,3,2016-10-01,8.331105275
PIR,0000000000,전국,1,3,2016-10-01,2.529111661
PIR,1100000000,서울,1,3,2016-10-01,5.497912876
PIR,0000000000,전국,5,2,2016-10-01,17.23911419
PIR,1100000000,서울,5,2,2016-10-01,34.16571251
PIR,0000000000,전국,4,2,2016-10-01,10.48006525
PIR,1100000000,서울,4,2,2016-10-01,19.61637546
PIR,0000000000,전국,3,2,2016-10-01,7.795246466
PIR,1100000000,서울,3,2,2016-10-01,14.55562517
PIR,0000000000,전국,2,2,2016-10-01,5.771902206
PIR,1100000000,서울,2,2,2016-10-01,11.40487917
PIR,0000000000,전국,1,2,2016-10-01,3.464978455
PIR,1100000000,서울,1,2,2016-10-01,7.52637615
PIR,0000000000,전국,5,1,2016-10-01,36.06246913
PIR,1100000000,서울,5,1,2016-10-01,70.77212739
PIR,0000000000,전국,4,1,2016-10-01,21.92322792
PIR,1100000000,서울,4,1,2016-10-01,40.63408959
PIR,0000000000,전국,3,1,2016-10-01,16.30686078
PIR,1100000000,서울,3,1,2016-10-01,30.15106326
PIR,0000000000,전국,2,1,2016-10-01,12.07423089
PIR,1100000000,서울,2,1,2016-10-01,23.62449083
PIR,0000000000,전국,1,1,2016-10-01,7.248381627
PIR,1100000000,서울,1,1,2016-10-01,15.59041544
PIR,0000000000,전국,5,5,2016-11-01,5.983244895
PIR,1100000000,서울,5,5,2016-11-01,11.81485744
PIR,0000000000,전국,4,5,2016-11-01,3.642901506
PIR,1100000000,서울,4,5,2016-11-01,6.811869305
PIR,0000000000,전국,3,5,2016-11-01,2.705596196
PIR,1100000000,서울,3,5,2016-11-01,5.053739924
PIR,0000000000,전국,2,5,2016-11-01,2.001660317
PIR,1100000000,서울,2,5,2016-11-01,3.92989388
PIR,0000000000,전국,1,5,2016-11-01,1.197169578
PIR,1100000000,서울,1,5,2016-11-01,2.599194621
PIR,0000000000,전국,5,4,2016-11-01,9.630591634
PIR,1100000000,서울,5,4,2016-11-01,19.13954707
PIR,0000000000,전국,4,4,2016-11-01,5.863590307
PIR,1100000000,서울,4,4,2016-11-01,11.03492733
PIR,0000000000,전국,3,4,2016-11-01,4.354909843
PIR,1100000000,서울,3,4,2016-11-01,8.186835404
PIR,0000000000,전국,2,4,2016-11-01,3.221859282
PIR,1100000000,서울,2,4,2016-11-01,6.366254464
PIR,0000000000,전국,1,4,2016-11-01,1.92695628
PIR,1100000000,서울,1,4,2016-11-01,4.210580454
PIR,0000000000,전국,5,3,2016-11-01,12.65983018
PIR,1100000000,서울,5,3,2016-11-01,25.10186085
PIR,0000000000,전국,4,3,2016-11-01,7.70794364
PIR,1100000000,서울,4,3,2016-11-01,14.47250602
PIR,0000000000,전국,3,3,2016-11-01,5.72471777
PIR,1100000000,서울,3,3,2016-11-01,10.73718215
PIR,0000000000,전국,2,3,2016-11-01,4.235273691
PIR,1100000000,서울,2,3,2016-11-01,8.349457441
PIR,0000000000,전국,1,3,2016-11-01,2.533067562
PIR,1100000000,서울,1,3,2016-11-01,5.522252134
PIR,0000000000,전국,5,2,2016-11-01,17.34444528
PIR,1100000000,서울,5,2,2016-11-01,34.36323039
PIR,0000000000,전국,4,2,2016-11-01,10.56017378
PIR,1100000000,서울,4,2,2016-11-01,19.81215902
PIR,0000000000,전국,3,2,2016-11-01,7.843079465
PIR,1100000000,서울,3,2,2016-11-01,14.69868175
PIR,0000000000,전국,2,2,2016-11-01,5.802484846
PIR,1100000000,서울,2,2,2016-11-01,11.4300024
PIR,0000000000,전국,1,2,2016-11-01,3.470398187
PIR,1100000000,서울,1,2,2016-11-01,7.559695414
PIR,0000000000,전국,5,1,2016-11-01,36.28281103
PIR,1100000000,서울,5,1,2016-11-01,71.18127328
PIR,0000000000,전국,4,1,2016-11-01,22.09080679
PIR,1100000000,서울,4,1,2016-11-01,41.03964294
PIR,0000000000,전국,3,1,2016-11-01,16.40692253
PIR,1100000000,서울,3,1,2016-11-01,30.44739597
PIR,0000000000,전국,2,1,2016-11-01,12.13820666
PIR,1100000000,서울,2,1,2016-11-01,23.67653201
PIR,0000000000,전국,1,1,2016-11-01,7.259719155
PIR,1100000000,서울,1,1,2016-11-01,15.6594342
PIR,0000000000,전국,5,5,2016-12-01,5.989298597
PIR,1100000000,서울,5,5,2016-12-01,11.92766685
PIR,0000000000,전국,4,5,2016-12-01,3.6448732
PIR,1100000000,서울,4,5,2016-12-01,6.832822914
PIR,0000000000,전국,3,5,2016-12-01,2.710715404
PIR,1100000000,서울,3,5,2016-12-01,5.063286275
PIR,0000000000,전국,2,5,2016-12-01,2.00456456
PIR,1100000000,서울,2,5,2016-12-01,3.922995326
PIR,0000000000,전국,1,5,2016-12-01,1.197853999
PIR,1100000000,서울,1,5,2016-12-01,2.617413849
PIR,0000000000,전국,5,4,2016-12-01,9.640335633
PIR,1100000000,서울,5,4,2016-12-01,19.32229333
PIR,0000000000,전국,4,4,2016-12-01,5.866763932
PIR,1100000000,서울,4,4,2016-12-01,11.06887125
PIR,0000000000,전국,3,4,2016-12-01,4.363149687
PIR,1100000000,서울,3,4,2016-12-01,8.202300071
PIR,0000000000,전국,2,4,2016-12-01,3.226533933
PIR,1100000000,서울,2,4,2016-12-01,6.355079112
PIR,0000000000,전국,1,4,2016-12-01,1.92805792
PIR,1100000000,서울,1,4,2016-12-01,4.2400948
PIR,0000000000,전국,5,3,2016-12-01,12.67263909
PIR,1100000000,서울,5,3,2016-12-01,25.34153587
PIR,0000000000,전국,4,3,2016-12-01,7.712115508
PIR,1100000000,서울,4,3,2016-12-01,14.51702409
PIR,0000000000,전국,3,3,2016-12-01,5.735549403
PIR,1100000000,서울,3,3,2016-12-01,10.75746434
PIR,0000000000,전국,2,3,2016-12-01,4.241418722
PIR,1100000000,서울,2,3,2016-12-01,8.334800765
PIR,0000000000,전국,1,3,2016-12-01,2.534515715
PIR,1100000000,서울,1,3,2016-12-01,5.56096073
PIR,0000000000,전국,5,2,2016-12-01,17.36199397
PIR,1100000000,서울,5,2,2016-12-01,34.69133387
PIR,0000000000,전국,4,2,2016-12-01,10.56588939
PIR,1100000000,서울,4,2,2016-12-01,19.87310209
PIR,0000000000,전국,3,2,2016-12-01,7.85791921
PIR,1100000000,서울,3,2,2016-12-01,14.72644708
PIR,0000000000,전국,2,2,2016-12-01,5.810903771
PIR,1100000000,서울,2,2,2016-12-01,11.40993812
PIR,0000000000,전국,1,2,2016-12-01,3.472382213
PIR,1100000000,서울,1,2,2016-12-01,7.612685606
PIR,0000000000,전국,5,1,2016-12-01,36.31952109
PIR,1100000000,서울,5,1,2016-12-01,71.86091903
PIR,0000000000,전국,4,1,2016-12-01,22.10276328
PIR,1100000000,서울,4,1,2016-12-01,41.16588268
PIR,0000000000,전국,3,1,2016-12-01,16.43796577
PIR,1100000000,서울,3,1,2016-12-01,30.50491011
PIR,0000000000,전국,2,1,2016-12-01,12.15581819
PIR,1100000000,서울,2,1,2016-12-01,23.63497012
PIR,0000000000,전국,1,1,2016-12-01,7.263869533
PIR,1100000000,서울,1,1,2016-12-01,15.76920005
PIR,0000000000,전국,5,5,2017-01-01,5.347775663
PIR,1100000000,서울,5,5,2017-01-01,10.48198361
PIR,0000000000,전국,4,5,2017-01-01,3.250801108
PIR,1100000000,서울,4,5,2017-01-01,6.021929607
PIR,0000000000,전국,3,5,2017-01-01,2.420554494
PIR,1100000000,서울,3,5,2017-01-01,4.446281203
PIR,0000000000,전국,2,5,2017-01-01,1.789979652
PIR,1100000000,서울,2,5,2017-01-01,3.435212516
PIR,0000000000,전국,1,5,2017-01-01,1.070203914
PIR,1100000000,서울,1,5,2017-01-01,2.295499339
PIR,0000000000,전국,5,4,2017-01-01,9.199963272
PIR,1100000000,서울,5,4,2017-01-01,18.33980463
PIR,0000000000,전국,4,4,2017-01-01,5.592465481
PIR,1100000000,서울,4,4,2017-01-01,10.53627029
PIR,0000000000,전국,3,4,2017-01-01,4.164163541
PIR,1100000000,서울,3,4,2017-01-01,7.779436759
PIR,0000000000,전국,2,4,2017-01-01,3.07936385
PIR,1100000000,서울,2,4,2017-01-01,6.010420237
PIR,0000000000,전국,1,4,2017-01-01,1.841108775
PIR,1100000000,서울,1,4,2017-01-01,4.016320858
PIR,0000000000,전국,5,3,2017-01-01,12.34070206
PIR,1100000000,서울,5,3,2017-01-01,24.77225649
PIR,0000000000,전국,4,3,2017-01-01,7.501654982
PIR,1100000000,서울,4,3,2017-01-01,14.23173231
PIR,0000000000,전국,3,3,2017-01-01,5.585750735
PIR,1100000000,서울,3,3,2017-01-01,10.50797468
PIR,0000000000,전국,2,3,2017-01-01,4.130615601
PIR,1100000000,서울,2,3,2017-01-01,8.118498249
PIR,0000000000,전국,1,3,2017-01-01,2.469637562
PIR,1100000000,서울,1,3,2017-01-01,5.424994022
PIR,0000000000,전국,5,2,2017-01-01,17.5217695
PIR,1100000000,서울,5,2,2017-01-01,35.07609015
PIR,0000000000,전국,4,2,2017-01-01,10.65111764
PIR,1100000000,서울,4,2,2017-01-01,20.15131427
PIR,0000000000,전국,3,2,2017-01-01,7.93084837
PIR,1100000000,서울,3,2,2017-01-01,14.87868768
PIR,0000000000,전국,2,2,2017-01-01,5.864795542
PIR,1100000000,서울,2,2,2017-01-01,11.4953265
PIR,0000000000,전국,1,2,2017-01-01,3.506479605
PIR,1100000000,서울,1,2,2017-01-01,7.681479458
PIR,0000000000,전국,5,1,2017-01-01,35.52620897
PIR,1100000000,서울,5,1,2017-01-01,69.33862992
PIR,0000000000,전국,4,1,2017-01-01,21.59564027
PIR,1100000000,서울,4,1,2017-01-01,39.83524151
PIR,0000000000,전국,3,1,2017-01-01,16.08016682
PIR,1100000000,서울,3,1,2017-01-01,29.41228096
PIR,0000000000,전국,2,1,2017-01-01,11.89114787
PIR,1100000000,서울,2,1,2017-01-01,22.72403186
PIR,0000000000,전국,1,1,2017-01-01,7.109551761
PIR,1100000000,서울,1,1,2017-01-01,15.18479566
PIR,0000000000,전국,5,5,2017-02-01,5.38392961
PIR,1100000000,서울,5,5,2017-02-01,10.48419102
PIR,0000000000,전국,4,5,2017-02-01,3.265847073
PIR,1100000000,서울,4,5,2017-02-01,6.029542429
PIR,0000000000,전국,3,5,2017-02-01,2.421861998
PIR,1100000000,서울,3,5,2017-02-01,4.455091755
PIR,0000000000,전국,2,5,2017-02-01,1.787932663
PIR,1100000000,서울,2,5,2017-02-01,3.456164152
PIR,0000000000,전국,1,5,2017-02-01,1.070862992
PIR,1100000000,서울,1,5,2017-02-01,2.297490623
PIR,0000000000,전국,5,4,2017-02-01,9.262160156
PIR,1100000000,서울,5,4,2017-02-01,18.34366682
PIR,0000000000,전국,4,4,2017-02-01,5.618349575
PIR,1100000000,서울,4,4,2017-02-01,10.54959007
PIR,0000000000,전국,3,4,2017-02-01,4.166412886
PIR,1100000000,서울,3,4,2017-02-01,7.794852143
PIR,0000000000,전국,2,4,2017-02-01,3.075842345
PIR,1100000000,서울,2,4,2017-02-01,6.047078271
PIR,0000000000,전국,1,4,2017-02-01,1.842242609
PIR,1100000000,서울,1,4,2017-02-01,4.019804909
PIR,0000000000,전국,5,3,2017-02-01,12.42413209
PIR,1100000000,서울,5,3,2017-02-01,24.7774733
PIR,0000000000,전국,4,3,2017-02-01,7.536375543
PIR,1100000000,서울,4,3,2017-02-01,14.24972383
PIR,0000000000,전국,3,3,2017-02-01,5.588767975
PIR,1100000000,서울,3,3,2017-02-01,10.52879682
PIR,0000000000,전국,2,3,2017-02-01,4.125891903
PIR,1100000000,서울,2,3,2017-02-01,8.168013618
PIR,0000000000,전국,1,3,2017-02-01,2.471158471
PIR,1100000000,서울,1,3,2017-02-01,5.429700058
PIR,0000000000,전국,5,2,2017-02-01,17.64022643
PIR,1100000000,서울,5,2,2017-02-01,35.08347686
PIR,0000000000,전국,4,2,2017-02-01,10.70041513
PIR,1100000000,서울,4,2,2017-02-01,20.17678922
PIR,0000000000,전국,3,2,2017-02-01,7.935132355
PIR,1100000000,서울,3,2,2017-02-01,14.90817062
PIR,0000000000,전국,2,2,2017-02-01,5.858088667
PIR,1100000000,서울,2,2,2017-02-01,11.56543741
PIR,0000000000,전국,1,2,2017-02-01,3.508639046
PIR,1100000000,서울,1,2,2017-02-01,7.688142935
PIR,0000000000,전국,5,1,2017-02-01,35.76638596
PIR,1100000000,서울,5,1,2017-02-01,69.35323202
PIR,0000000000,전국,4,1,2017-02-01,21.69559325
PIR,1100000000,서울,4,1,2017-02-01,39.88560055
PIR,0000000000,전국,3,1,2017-02-01,16.0888528
PIR,1100000000,서울,3,1,2017-02-01,29.47056302
PIR,0000000000,전국,2,1,2017-02-01,11.87754936
PIR,1100000000,서울,2,1,2017-02-01,22.86262754
PIR,0000000000,전국,1,1,2017-02-01,7.11393013
PIR,1100000000,서울,1,1,2017-02-01,15.19796806
PIR,0000000000,전국,5,5,2017-03-01,5.400306517
PIR,1100000000,서울,5,5,2017-03-01,10.48876713
PIR,0000000000,전국,4,5,2017-03-01,3.275421755
PIR,1100000000,서울,4,5,2017-03-01,6.025700071
PIR,0000000000,전국,3,5,2017-03-01,2.423999497
PIR,1100000000,서울,3,5,2017-03-01,4.462495136
PIR,0000000000,전국,2,5,2017-03-01,1.791784685
PIR,1100000000,서울,2,5,2017-03-01,3.455105449
PIR,0000000000,전국,1,5,2017-03-01,1.07207415
PIR,1100000000,서울,1,5,2017-03-01,2.298402091
PIR,0000000000,전국,5,4,2017-03-01,9.290333915
PIR,1100000000,서울,5,4,2017-03-01,18.35167341
PIR,0000000000,전국,4,4,2017-03-01,5.63482123
PIR,1100000000,서울,4,4,2017-03-01,10.54286728
PIR,0000000000,전국,3,4,2017-03-01,4.170090098
PIR,1100000000,서울,3,4,2017-03-01,7.80780547
PIR,0000000000,전국,2,4,2017-03-01,3.082469111
PIR,1100000000,서울,2,4,2017-03-01,6.045225911
PIR,0000000000,전국,1,4,2017-03-01,1.844326207
PIR,1100000000,서울,1,4,2017-03-01,4.021399659
PIR,0000000000,전국,5,3,2017-03-01,12.46192398
PIR,1100000000,서울,5,3,2017-03-01,24.7882881
PIR,0000000000,전국,4,3,2017-03-01,7.558470391
PIR,1100000000,서울,4,3,2017-03-01,14.24064312
PIR,0000000000,전국,3,3,2017-03-01,5.593700536
PIR,1100000000,서울,3,3,2017-03-01,10.54629336
PIR,0000000000,전국,2,3,2017-03-01,4.134780955
PIR,1100000000,서울,2,3,2017-03-01,8.165511567
PIR,0000000000,전국,1,3,2017-03-01,2.47395338
PIR,1100000000,서울,1,3,2017-03-01,5.431854147
PIR,0000000000,전국,5,2,2017-03-01,17.6938847
PIR,1100000000,서울,5,2,2017-03-01,35.09878999
PIR,0000000000,전국,4,2,2017-03-01,10.73178619
PIR,1100000000,서울,4,2,2017-03-01,20.16393145
PIR,0000000000,전국,3,2,2017-03-01,7.942135781
PIR,1100000000,서울,3,2,2017-03-01,14.93294471
PIR,0000000000,전국,2,2,2017-03-01,5.87070966
PIR,1100000000,서울,2,2,2017-03-01,11.56189465
PIR,0000000000,전국,1,2,2017-03-01,3.512607357
PIR,1100000000,서울,1,2,2017-03-01,7.691193001
PIR,0000000000,전국,5,1,2017-03-01,35.87518062
PIR,1100000000,서울,5,1,2017-03-01,69.3835031
PIR,0000000000,전국,4,1,2017-03-01,21.75919953
PIR,1100000000,서울,4,1,2017-03-01,39.86018324
PIR,0000000000,전국,3,1,2017-03-01,16.10305257
PIR,1100000000,서울,3,1,2017-03-01,29.51953661
PIR,0000000000,전국,2,1,2017-03-01,11.90313902
PIR,1100000000,서울,2,1,2017-03-01,22.85562419
PIR,0000000000,전국,1,1,2017-03-01,7.121976066
PIR,1100000000,서울,1,1,2017-03-01,15.20399745
PIR,0000000000,전국,5,5,2017-04-01,6.062065725
PIR,1100000000,서울,5,5,2017-04-01,11.78647685
PIR,0000000000,전국,4,5,2017-04-01,3.68286023
PIR,1100000000,서울,4,5,2017-04-01,6.838082281
PIR,0000000000,전국,3,5,2017-04-01,2.724292708
PIR,1100000000,서울,3,5,2017-04-01,5.070880154
PIR,0000000000,전국,2,5,2017-04-01,2.00869885
PIR,1100000000,서울,2,5,2017-04-01,3.915342824
PIR,0000000000,전국,1,5,2017-04-01,1.205421706
PIR,1100000000,서울,1,5,2017-04-01,2.604866796
PIR,0000000000,전국,5,4,2017-04-01,9.673573326
PIR,1100000000,서울,5,4,2017-04-01,19.06936876
PIR,0000000000,전국,4,4,2017-04-01,5.876943619
PIR,1100000000,서울,4,4,2017-04-01,11.06334949
PIR,0000000000,전국,3,4,2017-04-01,4.347304445
PIR,1100000000,서울,3,4,2017-04-01,8.204188987
PIR,0000000000,전국,2,4,2017-04-01,3.205391775
PIR,1100000000,서울,2,4,2017-04-01,6.33464241
PIR,0000000000,전국,1,4,2017-04-01,1.92355804
PIR,1100000000,서울,1,4,2017-04-01,4.214420146
PIR,0000000000,전국,5,3,2017-04-01,12.72423609
PIR,1100000000,서울,5,3,2017-04-01,25.23134643
PIR,0000000000,전국,4,3,2017-04-01,7.730299405
PIR,1100000000,서울,4,3,2017-04-01,14.63830329
PIR,0000000000,전국,3,3,2017-04-01,5.718272481
PIR,1100000000,서울,3,3,2017-04-01,10.85524839
PIR,0000000000,전국,2,3,2017-04-01,4.216245678
PIR,1100000000,서울,2,3,2017-04-01,8.381586152
PIR,0000000000,전국,1,3,2017-04-01,2.530172235
PIR,1100000000,서울,1,3,2017-04-01,5.576246179
PIR,0000000000,전국,5,2,2017-04-01,17.5532998
PIR,1100000000,서울,5,2,2017-04-01,34.61983091
PIR,0000000000,전국,4,2,2017-04-01,10.66407932
PIR,1100000000,서울,4,2,2017-04-01,20.0851582
PIR,0000000000,전국,3,2,2017-04-01,7.888454005
PIR,1100000000,서울,3,2,2017-04-01,14.89444349
PIR,0000000000,전국,2,2,2017-04-01,5.81638252
PIR,1100000000,서울,2,2,2017-04-01,11.5003413
PIR,0000000000,전국,1,2,2017-04-01,3.49041557
PIR,1100000000,서울,1,2,2017-04-01,7.651145386
PIR,0000000000,전국,5,1,2017-04-01,35.01210078
PIR,1100000000,서울,5,1,2017-04-01,68.30885578
PIR,0000000000,전국,4,1,2017-04-01,21.27074818
PIR,1100000000,서울,4,1,2017-04-01,39.63029683
PIR,0000000000,전국,3,1,2017-04-01,15.73444023
PIR,1100000000,서울,3,1,2017-04-01,29.38842755
PIR,0000000000,전국,2,1,2017-04-01,11.60145234
PIR,1100000000,서울,2,1,2017-04-01,22.69147869
PIR,0000000000,전국,1,1,2017-04-01,6.962040363
PIR,1100000000,서울,1,1,2017-04-01,15.09657826
PIR,0000000000,전국,5,5,2017-05-01,6.089372184
PIR,1100000000,서울,5,5,2017-05-01,12.00014316
PIR,0000000000,전국,4,5,2017-05-01,3.687951608
PIR,1100000000,서울,4,5,2017-05-01,6.890914986
PIR,0000000000,전국,3,5,2017-05-01,2.7257325
PIR,1100000000,서울,3,5,2017-05-01,5.103841502
PIR,0000000000,전국,2,5,2017-05-01,2.007001632
PIR,1100000000,서울,2,5,2017-05-01,3.937862175
PIR,0000000000,전국,1,5,2017-05-01,1.205046014
PIR,1100000000,서울,1,5,2017-05-01,2.616148015
PIR,0000000000,전국,5,4,2017-05-01,9.717147751
PIR,1100000000,서울,5,4,2017-05-01,19.41505998
PIR,0000000000,전국,4,4,2017-05-01,5.885068212
PIR,1100000000,서울,4,4,2017-05-01,11.14882764
PIR,0000000000,전국,3,4,2017-05-01,4.349602001
PIR,1100000000,서울,3,4,2017-05-01,8.25751723
PIR,0000000000,전국,2,4,2017-05-01,3.202683431
PIR,1100000000,서울,2,4,2017-05-01,6.37107652
PIR,0000000000,전국,1,4,2017-05-01,1.922958528
PIR,1100000000,서울,1,4,2017-05-01,4.232672058
PIR,0000000000,전국,5,3,2017-05-01,12.78155217
PIR,1100000000,서울,5,3,2017-05-01,25.68874253
PIR,0000000000,전국,4,3,2017-05-01,7.740986173
PIR,1100000000,서울,4,3,2017-05-01,14.75140242
PIR,0000000000,전국,3,3,2017-05-01,5.721294594
PIR,1100000000,서울,3,3,2017-05-01,10.92580884
PIR,0000000000,전국,2,3,2017-05-01,4.212683229
PIR,1100000000,서울,2,3,2017-05-01,8.429793393
PIR,0000000000,전국,1,3,2017-05-01,2.52938366
PIR,1100000000,서울,1,3,2017-05-01,5.60039592
PIR,0000000000,전국,5,2,2017-05-01,17.6323683
PIR,1100000000,서울,5,2,2017-05-01,35.24742229
PIR,0000000000,전국,4,2,2017-05-01,10.6788219
PIR,1100000000,서울,4,2,2017-05-01,20.24034108
PIR,0000000000,전국,3,2,2017-05-01,7.892623062
PIR,1100000000,서울,3,2,2017-05-01,14.99125922
PIR,0000000000,전국,2,2,2017-05-01,5.811468061
PIR,1100000000,서울,2,2,2017-05-01,11.56648626
PIR,0000000000,전국,1,2,2017-05-01,3.489327718
PIR,1100000000,서울,1,2,2017-05-01,7.68428115
PIR,0000000000,전국,5,1,2017-05-01,35.16981211
PIR,1100000000,서울,5,1,2017-05-01,69.54716481
PIR,0000000000,전국,4,1,2017-05-01,21.30015397
PIR,1100000000,서울,4,1,2017-05-01,39.93649025
PIR,0000000000,전국,3,1,2017-05-01,15.7427559
PIR,1100000000,서울,3,1,2017-05-01,29.57945597
PIR,0000000000,전국,2,1,2017-05-01,11.59164988
PIR,1100000000,서울,2,1,2017-05-01,22.82199021
PIR,0000000000,전국,1,1,2017-05-01,6.959870515
PIR,1100000000,서울,1,1,2017-05-01,15.16195889
PIR,0000000000,전국,5,5,2017-06-01,6.126741873
PIR,1100000000,서울,5,5,2017-06-01,12.58925397
PIR,0000000000,전국,4,5,2017-06-01,3.700711754
PIR,1100000000,서울,4,5,2017-06-01,7.019315228
PIR,0000000000,전국,3,5,2017-06-01,2.731319201
PIR,1100000000,서울,3,5,2017-06-01,5.15929302
PIR,0000000000,전국,2,5,2017-06-01,2.005981743
PIR,1100000000,서울,2,5,2017-06-01,4.029469516
PIR,0000000000,전국,1,5,2017-06-01,1.207176143
PIR,1100000000,서울,1,5,2017-06-01,2.650227643
PIR,0000000000,전국,5,4,2017-06-01,9.776780629
PIR,1100000000,서울,5,4,2017-06-01,20.36818376
PIR,0000000000,전국,4,4,2017-06-01,5.905430282
PIR,1100000000,서울,4,4,2017-06-01,11.3565667
PIR,0000000000,전국,3,4,2017-06-01,4.358517007
PIR,1100000000,서울,3,4,2017-06-01,8.347232373
PIR,0000000000,전국,2,4,2017-06-01,3.201055937
PIR,1100000000,서울,2,4,2017-06-01,6.519288255
PIR,0000000000,전국,1,4,2017-06-01,1.926357691
PIR,1100000000,서울,1,4,2017-06-01,4.287809569
PIR,0000000000,전국,5,3,2017-06-01,12.8599909
PIR,1100000000,서울,5,3,2017-06-01,26.94985381
PIR,0000000000,전국,4,3,2017-06-01,7.767769636
PIR,1100000000,서울,4,3,2017-06-01,15.02626921
PIR,0000000000,전국,3,3,2017-06-01,5.733021041
PIR,1100000000,서울,3,3,2017-06-01,11.04451408
PIR,0000000000,전국,2,3,2017-06-01,4.210542488
PIR,1100000000,서울,2,3,2017-06-01,8.625897504
PIR,0000000000,전국,1,3,2017-06-01,2.533854786
PIR,1100000000,서울,1,3,2017-06-01,5.673350282
PIR,0000000000,전국,5,2,2017-06-01,17.74057586
PIR,1100000000,서울,5,2,2017-06-01,36.97778811
PIR,0000000000,전국,4,2,2017-06-01,10.71577014
PIR,1100000000,서울,4,2,2017-06-01,20.61748471
PIR,0000000000,전국,3,2,2017-06-01,7.908799895
PIR,1100000000,서울,3,2,2017-06-01,15.1541342
PIR,0000000000,전국,2,2,2017-06-01,5.808514873
PIR,1100000000,서울,2,2,2017-06-01,11.83555994
PIR,0000000000,전국,1,2,2017-06-01,3.495495712
PIR,1100000000,서울,1,2,2017-06-01,7.784381543
PIR,0000000000,전국,5,1,2017-06-01,35.3856447
PIR,1100000000,서울,5,1,2017-06-01,72.96137298
PIR,0000000000,전국,4,1,2017-06-01,21.37385154
PIR,1100000000,서울,4,1,2017-06-01,40.68063744
PIR,0000000000,전국,3,1,2017-06-01,15.77502248
PIR,1100000000,서울,3,1,2017-06-01,29.90082679
PIR,0000000000,전국,2,1,2017-06-01,11.5857594
PIR,1100000000,서울,2,1,2017-06-01,23.35290312
PIR,0000000000,전국,1,1,2017-06-01,6.972173296
PIR,1100000000,서울,1,1,2017-06-01,15.35946832
PIR,0000000000,전국,5,5,2017-07-01,5.750465322
PIR,1100000000,서울,5,5,2017-07-01,11.5764648
PIR,0000000000,전국,4,5,2017-07-01,3.448729075
PIR,1100000000,서울,4,5,2017-07-01,6.610443455
PIR,0000000000,전국,3,5,2017-07-01,2.53691809
PIR,1100000000,서울,3,5,2017-07-01,4.84563402
PIR,0000000000,전국,2,5,2017-07-01,1.863982824
PIR,1100000000,서울,2,5,2017-07-01,3.77742678
PIR,0000000000,전국,1,5,2017-07-01,1.121115354
PIR,1100000000,서울,1,5,2017-07-01,2.475847668
PIR,0000000000,전국,5,4,2017-07-01,9.56257575
PIR,1100000000,서울,5,4,2017-07-01,19.42491237
PIR,0000000000,전국,4,4,2017-07-01,5.734967724
PIR,1100000000,서울,4,4,2017-07-01,11.09209824
PIR,0000000000,전국,3,4,2017-07-01,4.218697105
PIR,1100000000,서울,3,4,2017-07-01,8.130808309
PIR,0000000000,전국,2,4,2017-07-01,3.099658194
PIR,1100000000,서울,2,4,2017-07-01,6.338393062
PIR,0000000000,전국,1,4,2017-07-01,1.864327476
PIR,1100000000,서울,1,4,2017-07-01,4.154387786
PIR,0000000000,전국,5,3,2017-07-01,12.66154654
PIR,1100000000,서울,5,3,2017-07-01,25.87193044
PIR,0000000000,전국,4,3,2017-07-01,7.593514827
PIR,1100000000,서울,4,3,2017-07-01,14.77350263
PIR,0000000000,전국,3,3,2017-07-01,5.585862129
PIR,1100000000,서울,3,3,2017-07-01,10.8293774
PIR,0000000000,전국,2,3,2017-07-01,4.104173134
PIR,1100000000,서울,2,3,2017-07-01,8.442069713
PIR,0000000000,전국,1,3,2017-07-01,2.468505319
PIR,1100000000,서울,1,3,2017-07-01,5.533205493
PIR,0000000000,전국,5,2,2017-07-01,18.01266817
PIR,1100000000,서울,5,2,2017-07-01,36.5695326
PIR,0000000000,전국,4,2,2017-07-01,10.80274533
PIR,1100000000,서울,4,2,2017-07-01,20.88209411
PIR,0000000000,전국,3,2,2017-07-01,7.946602782
PIR,1100000000,서울,3,2,2017-07-01,15.30714033
PIR,0000000000,전국,2,2,2017-07-01,5.838710818
PIR,1100000000,서울,2,2,2017-07-01,11.93272162
PIR,0000000000,전국,1,2,2017-07-01,3.511764304
PIR,1100000000,서울,1,2,2017-07-01,7.821091633
PIR,0000000000,전국,5,1,2017-07-01,36.33132495
PIR,1100000000,서울,5,1,2017-07-01,73.64726203
PIR,0000000000,전국,4,1,2017-07-01,21.78900136
PIR,1100000000,서울,4,1,2017-07-01,42.05438099
PIR,0000000000,전국,3,1,2017-07-01,16.02819778
PIR,1100000000,서울,3,1,2017-07-01,30.82699982
PIR,0000000000,전국,2,1,2017-07-01,11.77660622
PIR,1100000000,서울,2,1,2017-07-01,24.03126901
PIR,0000000000,전국,1,1,2017-07-01,7.083184396
PIR,1100000000,서울,1,1,2017-07-01,15.75087085
PIR,0000000000,전국,5,5,2017-08-01,5.80903479
PIR,1100000000,서울,5,5,2017-08-01,11.94095653
PIR,0000000000,전국,4,5,2017-08-01,3.471993796
PIR,1100000000,서울,4,5,2017-08-01,6.710514315
PIR,0000000000,전국,3,5,2017-08-01,2.547391777
PIR,1100000000,서울,3,5,2017-08-01,4.911201438
PIR,0000000000,전국,2,5,2017-08-01,1.871773781
PIR,1100000000,서울,2,5,2017-08-01,3.839034893
PIR,0000000000,전국,1,5,2017-08-01,1.12120598
PIR,1100000000,서울,1,5,2017-08-01,2.50249085
PIR,0000000000,전국,5,4,2017-08-01,9.659972211
PIR,1100000000,서울,5,4,2017-08-01,20.03651703
PIR,0000000000,전국,4,4,2017-08-01,5.773655142
PIR,1100000000,서울,4,4,2017-08-01,11.26001372
PIR,0000000000,전국,3,4,2017-08-01,4.236114031
PIR,1100000000,서울,3,4,2017-08-01,8.240828196
PIR,0000000000,전국,2,4,2017-08-01,3.112613947
PIR,1100000000,서울,2,4,2017-08-01,6.441769369
PIR,0000000000,전국,1,4,2017-08-01,1.864478179
PIR,1100000000,서울,1,4,2017-08-01,4.199094136
PIR,0000000000,전국,5,3,2017-08-01,12.79050655
PIR,1100000000,서울,5,3,2017-08-01,26.68652321
PIR,0000000000,전국,4,3,2017-08-01,7.644739785
PIR,1100000000,서울,4,3,2017-08-01,14.99714831
PIR,0000000000,전국,3,3,2017-08-01,5.608923406
PIR,1100000000,서울,3,3,2017-08-01,10.97591226
PIR,0000000000,전국,2,3,2017-08-01,4.121327494
PIR,1100000000,서울,2,3,2017-08-01,8.57975603
PIR,0000000000,전국,1,3,2017-08-01,2.468704861
PIR,1100000000,서울,1,3,2017-08-01,5.592749626
PIR,0000000000,전국,5,2,2017-08-01,18.19613026
PIR,1100000000,서울,5,2,2017-08-01,37.7209456
PIR,0000000000,전국,4,2,2017-08-01,10.87561938
PIR,1100000000,서울,4,2,2017-08-01,21.19821346
PIR,0000000000,전국,3,2,2017-08-01,7.979410396
PIR,1100000000,서울,3,2,2017-08-01,15.51426486
PIR,0000000000,전국,2,2,2017-08-01,5.863115089
PIR,1100000000,서울,2,2,2017-08-01,12.12733888
PIR,0000000000,전국,1,2,2017-08-01,3.512048179
PIR,1100000000,서울,1,2,2017-08-01,7.90525625
PIR,0000000000,전국,5,1,2017-08-01,36.70136568
PIR,1100000000,서울,5,1,2017-08-01,75.9660889
PIR,0000000000,전국,4,1,2017-08-01,21.9359874
PIR,1100000000,서울,4,1,2017-08-01,42.69101272
PIR,0000000000,전국,3,1,2017-08-01,16.09437033
PIR,1100000000,서울,3,1,2017-08-01,31.24412723
PIR,0000000000,전국,2,1,2017-08-01,11.82582933
PIR,1100000000,서울,2,1,2017-08-01,24.42320808
PIR,0000000000,전국,1,1,2017-08-01,7.083756967
PIR,1100000000,서울,1,1,2017-08-01,15.92036969
PIR,0000000000,전국,5,5,2017-09-01,5.819701402
PIR,1100000000,서울,5,5,2017-09-01,11.95084426
PIR,0000000000,전국,4,5,2017-09-01,3.480735307
PIR,1100000000,서울,4,5,2017-09-01,6.789859804
PIR,0000000000,전국,3,5,2017-09-01,2.553230114
PIR,1100000000,서울,3,5,2017-09-01,4.99173229
PIR,0000000000,전국,2,5,2017-09-01,1.871184301
PIR,1100000000,서울,2,5,2017-09-01,3.868199707
PIR,0000000000,전국,1,5,2017-09-01,1.120767075
PIR,1100000000,서울,1,5,2017-09-01,2.509397
PIR,0000000000,전국,5,4,2017-09-01,9.677709956
PIR,1100000000,서울,5,4,2017-09-01,20.05310831
PIR,0000000000,전국,4,4,2017-09-01,5.788191595
PIR,1100000000,서울,4,4,2017-09-01,11.39315274
PIR,0000000000,전국,3,4,2017-09-01,4.24582273
PIR,1100000000,서울,3,4,2017-09-01,8.375956214
PIR,0000000000,전국,2,4,2017-09-01,3.111633688
PIR,1100000000,서울,2,4,2017-09-01,6.490706931
PIR,0000000000,전국,1,4,2017-09-01,1.863748315
PIR,1100000000,서울,1,4,2017-09-01,4.210682419
PIR,0000000000,전국,5,3,2017-09-01,12.81399261
PIR,1100000000,서울,5,3,2017-09-01,26.70862105
PIR,0000000000,전국,4,3,2017-09-01,7.663987107
PIR,1100000000,서울,4,3,2017-09-01,15.17447541
PIR,0000000000,전국,3,3,2017-09-01,5.621778431
PIR,1100000000,서울,3,3,2017-09-01,11.1558885
PIR,0000000000,전국,2,3,2017-09-01,4.12002956
PIR,1100000000,서울,2,3,2017-09-01,8.64493569
PIR,0000000000,전국,1,3,2017-09-01,2.467738467
PIR,1100000000,서울,1,3,2017-09-01,5.608183995
PIR,0000000000,전국,5,2,2017-09-01,18.22954219
PIR,1100000000,서울,5,2,2017-09-01,37.75218052
PIR,0000000000,전국,4,2,2017-09-01,10.90300116
PIR,1100000000,서울,4,2,2017-09-01,21.4488623
PIR,0000000000,전국,3,2,2017-09-01,7.997698313
PIR,1100000000,서울,3,2,2017-09-01,15.76865821
PIR,0000000000,전국,2,2,2017-09-01,5.861268612
PIR,1100000000,서울,2,2,2017-09-01,12.21946922
PIR,0000000000,전국,1,2,2017-09-01,3.51067336
PIR,1100000000,서울,1,2,2017-09-01,7.927072467
PIR,0000000000,전국,5,1,2017-09-01,36.76875712
PIR,1100000000,서울,5,1,2017-09-01,76.0289928
PIR,0000000000,전국,4,1,2017-09-01,21.99121609
PIR,1100000000,서울,4,1,2017-09-01,43.19579359
PIR,0000000000,전국,3,1,2017-09-01,16.13125682
PIR,1100000000,서울,3,1,2017-09-01,31.75644916
PIR,0000000000,전국,2,1,2017-09-01,11.82210501
PIR,1100000000,서울,2,1,2017-09-01,24.60874907
PIR,0000000000,전국,1,1,2017-09-01,7.080983976
PIR,1100000000,서울,1,1,2017-09-01,15.9643053
PIR,0000000000,전국,5,5,2017-10-01,6.194814552
PIR,1100000000,서울,5,5,2017-10-01,12.77844373
PIR,0000000000,전국,4,5,2017-10-01,3.69580652
PIR,1100000000,서울,4,5,2017-10-01,7.28564502
PIR,0000000000,전국,3,5,2017-10-01,2.704464188
PIR,1100000000,서울,3,5,2017-10-01,5.334094229
PIR,0000000000,전국,2,5,2017-10-01,1.980583514
PIR,1100000000,서울,2,5,2017-10-01,4.131985853
PIR,0000000000,전국,1,5,2017-10-01,1.186290688
PIR,1100000000,서울,1,5,2017-10-01,2.683001511
PIR,0000000000,전국,5,4,2017-10-01,9.8453042
PIR,1100000000,서울,5,4,2017-10-01,20.636243
PIR,0000000000,전국,4,4,2017-10-01,5.873676951
PIR,1100000000,서울,4,4,2017-10-01,11.7657787
PIR,0000000000,전국,3,4,2017-10-01,4.298154917
PIR,1100000000,서울,3,4,2017-10-01,8.614168281
PIR,0000000000,전국,2,4,2017-10-01,3.14770475
PIR,1100000000,서울,2,4,2017-10-01,6.672852024
PIR,0000000000,전국,1,4,2017-10-01,1.885349851
PIR,1100000000,서울,1,4,2017-10-01,4.332849313
PIR,0000000000,전국,5,3,2017-10-01,12.96191936
PIR,1100000000,서울,5,3,2017-10-01,27.21710222
PIR,0000000000,전국,4,3,2017-10-01,7.733039572
PIR,1100000000,서울,4,3,2017-10-01,15.51786347
PIR,0000000000,전국,3,3,2017-10-01,5.658772578
PIR,1100000000,서울,3,3,2017-10-01,11.3612104
PIR,0000000000,전국,2,3,2017-10-01,4.144137581
PIR,1100000000,서울,2,3,2017-10-01,8.80081203
PIR,0000000000,전국,1,3,2017-10-01,2.482173454
PIR,1100000000,서울,1,3,2017-10-01,5.71458684
PIR,0000000000,전국,5,2,2017-10-01,17.97390483
PIR,1100000000,서울,5,2,2017-10-01,37.36703608
PIR,0000000000,전국,4,2,2017-10-01,10.72317405
PIR,1100000000,서울,4,2,2017-10-01,21.30486044
PIR,0000000000,전국,3,2,2017-10-01,7.846850221
PIR,1100000000,서울,3,2,2017-10-01,15.59808813
PIR,0000000000,전국,2,2,2017-10-01,5.746551296
PIR,1100000000,서울,2,2,2017-10-01,12.08285357
PIR,0000000000,전국,1,2,2017-10-01,3.441955486
PIR,1100000000,서울,1,2,2017-10-01,7.845698301
PIR,0000000000,전국,5,1,2017-10-01,34.78432296
PIR,1100000000,서울,5,1,2017-10-01,71.97356055
PIR,0000000000,전국,4,1,2017-10-01,20.75221566
PIR,1100000000,서울,4,1,2017-10-01,41.03581187
PIR,0000000000,전국,3,1,2017-10-01,15.18575818
PIR,1100000000,서울,3,1,2017-10-01,30.04385839
PIR,0000000000,전국,2,1,2017-10-01,11.12111687
PIR,1100000000,서울,2,1,2017-10-01,23.27307927
PIR,0000000000,전국,1,1,2017-10-01,6.661106329
PIR,1100000000,서울,1,1,2017-10-01,15.11179106
PIR,0000000000,전국,5,5,2017-11-01,6.233499885
PIR,1100000000,서울,5,5,2017-11-01,12.69693931
PIR,0000000000,전국,4,5,2017-11-01,3.704196386
PIR,1100000000,서울,4,5,2017-11-01,7.289892478
PIR,0000000000,전국,3,5,2017-11-01,2.708347
PIR,1100000000,서울,3,5,2017-11-01,5.364440964
PIR,0000000000,전국,2,5,2017-11-01,1.983913317
PIR,1100000000,서울,2,5,2017-11-01,4.152606484
PIR,0000000000,전국,1,5,2017-11-01,1.185481375
PIR,1100000000,서울,1,5,2017-11-01,2.691748556
PIR,0000000000,전국,5,4,2017-11-01,9.906786083
PIR,1100000000,서울,5,4,2017-11-01,20.50461938
PIR,0000000000,전국,4,4,2017-11-01,5.88701081
PIR,1100000000,서울,4,4,2017-11-01,11.77263803
PIR,0000000000,전국,3,4,2017-11-01,4.304325799
PIR,1100000000,서울,3,4,2017-11-01,8.663176017
PIR,0000000000,전국,2,4,2017-11-01,3.152996745
PIR,1100000000,서울,2,4,2017-11-01,6.70615282
PIR,0000000000,전국,1,4,2017-11-01,1.884063624
PIR,1100000000,서울,1,4,2017-11-01,4.346975144
PIR,0000000000,전국,5,3,2017-11-01,13.04286386
PIR,1100000000,서울,5,3,2017-11-01,27.04350408
PIR,0000000000,전국,4,3,2017-11-01,7.750594379
PIR,1100000000,서울,4,3,2017-11-01,15.52691023
PIR,0000000000,전국,3,3,2017-11-01,5.666896905
PIR,1100000000,서울,3,3,2017-11-01,11.42584662
PIR,0000000000,전국,2,3,2017-11-01,4.151104802
PIR,1100000000,서울,2,3,2017-11-01,8.844732388
PIR,0000000000,전국,1,3,2017-11-01,2.480480061
PIR,1100000000,서울,1,3,2017-11-01,5.733217372
PIR,0000000000,전국,5,2,2017-11-01,18.08614814
PIR,1100000000,서울,5,2,2017-11-01,37.12869888
PIR,0000000000,전국,4,2,2017-11-01,10.74751678
PIR,1100000000,서울,4,2,2017-11-01,21.31728096
PIR,0000000000,전국,3,2,2017-11-01,7.858115982
PIR,1100000000,서울,3,2,2017-11-01,15.68682879
PIR,0000000000,전국,2,2,2017-11-01,5.756212533
PIR,1100000000,서울,2,2,2017-11-01,12.14315292
PIR,0000000000,전국,1,2,2017-11-01,3.439607308
PIR,1100000000,서울,1,2,2017-11-01,7.871276622
PIR,0000000000,전국,5,1,2017-11-01,35.00154384
PIR,1100000000,서울,5,1,2017-11-01,71.51449345
PIR,0000000000,전국,4,1,2017-11-01,20.79932536
PIR,1100000000,서울,4,1,2017-11-01,41.05973534
PIR,0000000000,전국,3,1,2017-11-01,15.20756044
PIR,1100000000,서울,3,1,2017-11-01,30.21478395
PIR,0000000000,전국,2,1,2017-11-01,11.13981395
PIR,1100000000,서울,2,1,2017-11-01,23.38922332
PIR,0000000000,전국,1,1,2017-11-01,6.656561975
PIR,1100000000,서울,1,1,2017-11-01,15.16105808
PIR,0000000000,전국,5,5,2017-12-01,6.281461268
PIR,1100000000,서울,5,5,2017-12-01,13.26020608
PIR,0000000000,전국,4,5,2017-12-01,3.721543686
PIR,1100000000,서울,4,5,2017-12-01,7.462395881
PIR,0000000000,전국,3,5,2017-12-01,2.710255702
PIR,1100000000,서울,3,5,2017-12-01,5.412383015
PIR,0000000000,전국,2,5,2017-12-01,1.98437732
PIR,1100000000,서울,2,5,2017-12-01,4.184600359
PIR,0000000000,전국,1,5,2017-12-01,1.184824888
PIR,1100000000,서울,1,5,2017-12-01,2.701169736
PIR,0000000000,전국,5,4,2017-12-01,9.983010223
PIR,1100000000,서울,5,4,2017-12-01,21.41425361
PIR,0000000000,전국,4,4,2017-12-01,5.914580553
PIR,1100000000,서울,4,4,2017-12-01,12.05121828
PIR,0000000000,전국,3,4,2017-12-01,4.307359263
PIR,1100000000,서울,3,4,2017-12-01,8.740598889
PIR,0000000000,전국,2,4,2017-12-01,3.153734176
PIR,1100000000,서울,2,4,2017-12-01,6.757820566
PIR,0000000000,전국,1,4,2017-12-01,1.883020282
PIR,1100000000,서울,1,4,2017-12-01,4.362189654
PIR,0000000000,전국,5,3,2017-12-01,13.1432174
PIR,1100000000,서울,5,3,2017-12-01,28.24321896
PIR,0000000000,전국,4,3,2017-12-01,7.78689156
PIR,1100000000,서울,4,3,2017-12-01,15.89432921
PIR,0000000000,전국,3,3,2017-12-01,5.670890639
PIR,1100000000,서울,3,3,2017-12-01,11.5279595
PIR,0000000000,전국,2,3,2017-12-01,4.152075673
PIR,1100000000,서울,2,3,2017-12-01,8.912876882
PIR,0000000000,전국,1,3,2017-12-01,2.479106441
PIR,1100000000,서울,1,3,2017-12-01,5.753283761
PIR,0000000000,전국,5,2,2017-12-01,18.22530539
PIR,1100000000,서울,5,2,2017-12-01,38.77581725
PIR,0000000000,전국,4,2,2017-12-01,10.79784899
PIR,1100000000,서울,4,2,2017-12-01,21.82171961
PIR,0000000000,전국,3,2,2017-12-01,7.863653973
PIR,1100000000,서울,3,2,2017-12-01,15.8270221
PIR,0000000000,전국,2,2,2017-12-01,5.757558811
PIR,1100000000,서울,2,2,2017-12-01,12.23671019
PIR,0000000000,전국,1,2,2017-12-01,3.43770255
PIR,1100000000,서울,1,2,2017-12-01,7.898826265
PIR,0000000000,전국,5,1,2017-12-01,35.27085041
PIR,1100000000,서울,5,1,2017-12-01,74.68704835
PIR,0000000000,전국,4,1,2017-12-01,20.89673168
PIR,1100000000,서울,4,1,2017-12-01,42.03134693
PIR,0000000000,전국,3,1,2017-12-01,15.21827794
PIR,1100000000,서울,3,1,2017-12-01,30.48481371
PIR,0000000000,전국,2,1,2017-12-01,11.14241936
PIR,1100000000,서울,2,1,2017-12-01,23.56942626
PIR,0000000000,전국,1,1,2017-12-01,6.652875757
PIR,1100000000,서울,1,1,2017-12-01,15.21412213
PIR,0000000000,전국,5,5,2018-01-01,5.279477566
PIR,1100000000,서울,5,5,2018-01-01,10.97472755
PIR,0000000000,전국,4,5,2018-01-01,3.102473091
PIR,1100000000,서울,4,5,2018-01-01,6.241508992
PIR,0000000000,전국,3,5,2018-01-01,2.255100671
PIR,1100000000,서울,3,5,2018-01-01,4.505507257
PIR,0000000000,전국,2,5,2018-01-01,1.651741537
PIR,1100000000,서울,2,5,2018-01-01,3.485881215
PIR,0000000000,전국,1,5,2018-01-01,0.983805772
PIR,1100000000,서울,1,5,2018-01-01,2.239897409
PIR,0000000000,전국,5,4,2018-01-01,9.547514818
PIR,1100000000,서울,5,4,2018-01-01,20.13169427
PIR,0000000000,전국,4,4,2018-01-01,5.61057556
PIR,1100000000,서울,4,4,2018-01-01,11.44922735
PIR,0000000000,전국,3,4,2018-01-01,4.078170009
PIR,1100000000,서울,3,4,2018-01-01,8.264760486
PIR,0000000000,전국,2,4,2018-01-01,2.987043056
PIR,1100000000,서울,2,4,2018-01-01,6.394390616
PIR,0000000000,전국,1,4,2018-01-01,1.779134406
PIR,1100000000,서울,1,4,2018-01-01,4.1087972
PIR,0000000000,전국,5,3,2018-01-01,13.28256353
PIR,1100000000,서울,5,3,2018-01-01,27.86356911
PIR,0000000000,전국,4,3,2018-01-01,7.805468514
PIR,1100000000,서울,4,3,2018-01-01,15.84647239
PIR,0000000000,전국,3,3,2018-01-01,5.673576135
PIR,1100000000,서울,3,3,2018-01-01,11.43896395
PIR,0000000000,전국,2,3,2018-01-01,4.155593356
PIR,1100000000,서울,2,3,2018-01-01,8.850250876
PIR,0000000000,전국,1,3,2018-01-01,2.475143136
PIR,1100000000,서울,1,3,2018-01-01,5.686841515
PIR,0000000000,전국,5,2,2018-01-01,19.6851957
PIR,1100000000,서울,5,2,2018-01-01,40.88554447
PIR,0000000000,전국,4,2,2018-01-01,11.56796088
PIR,1100000000,서울,4,2,2018-01-01,23.25228506
PIR,0000000000,전국,3,2,2018-01-01,8.408426304
PIR,1100000000,서울,3,2,2018-01-01,16.78493762
PIR,0000000000,전국,2,2,2018-01-01,6.158725935
PIR,1100000000,서울,2,2,2018-01-01,12.9863954
PIR,0000000000,전국,1,2,2018-01-01,3.668243478
PIR,1100000000,서울,1,2,2018-01-01,8.344573905
PIR,0000000000,전국,5,1,2018-01-01,41.65351562
PIR,1100000000,서울,5,1,2018-01-01,85.44963458
PIR,0000000000,전국,4,1,2018-01-01,24.47759455
PIR,1100000000,서울,4,1,2018-01-01,48.59661983
PIR,0000000000,전국,3,1,2018-01-01,17.79207693
PIR,1100000000,서울,3,1,2018-01-01,35.08004612
PIR,0000000000,전국,2,1,2018-01-01,13.03175192
PIR,1100000000,서울,2,1,2018-01-01,27.14120005
PIR,0000000000,전국,1,1,2018-01-01,7.761936396
PIR,1100000000,서울,1,1,2018-01-01,17.43992406
PIR,0000000000,전국,5,5,2018-02-01,5.330860758
PIR,1100000000,서울,5,5,2018-02-01,11.20441246
PIR,0000000000,전국,4,5,2018-02-01,3.113587755
PIR,1100000000,서울,4,5,2018-02-01,6.388559832
PIR,0000000000,전국,3,5,2018-02-01,2.254859929
PIR,1100000000,서울,3,5,2018-02-01,4.621649767
PIR,0000000000,전국,2,5,2018-02-01,1.651723323
PIR,1100000000,서울,2,5,2018-02-01,3.541375718
PIR,0000000000,전국,1,5,2018-02-01,0.983852002
PIR,1100000000,서울,1,5,2018-02-01,2.247947287
PIR,0000000000,전국,5,4,2018-02-01,9.640437229
PIR,1100000000,서울,5,4,2018-02-01,20.55302103
PIR,0000000000,전국,4,4,2018-02-01,5.630675547
PIR,1100000000,서울,4,4,2018-02-01,11.71897277
PIR,0000000000,전국,3,4,2018-02-01,4.077734646
PIR,1100000000,서울,3,4,2018-02-01,8.477808645
PIR,0000000000,전국,2,4,2018-02-01,2.987010117
PIR,1100000000,서울,2,4,2018-02-01,6.496187983
PIR,0000000000,전국,1,4,2018-02-01,1.77921801
PIR,1100000000,서울,1,4,2018-02-01,4.123563643
PIR,0000000000,전국,5,3,2018-02-01,13.41183778
PIR,1100000000,서울,5,3,2018-02-01,28.44671264
PIR,0000000000,전국,4,3,2018-02-01,7.833431744
PIR,1100000000,서울,4,3,2018-02-01,16.21981753
PIR,0000000000,전국,3,3,2018-02-01,5.672970455
PIR,1100000000,서울,3,3,2018-02-01,11.7338364
PIR,0000000000,전국,2,3,2018-02-01,4.155547532
PIR,1100000000,서울,2,3,2018-02-01,8.991145027
PIR,0000000000,전국,1,3,2018-02-01,2.475259447
PIR,1100000000,서울,1,3,2018-02-01,5.707279229
PIR,0000000000,전국,5,2,2018-02-01,19.87678439
PIR,1100000000,서울,5,2,2018-02-01,41.7412188
PIR,0000000000,전국,4,2,2018-02-01,11.6094033
PIR,1100000000,서울,4,2,2018-02-01,23.8001122
PIR,0000000000,전국,3,2,2018-02-01,8.407528666
PIR,1100000000,서울,3,2,2018-02-01,17.21761804
PIR,0000000000,전국,2,2,2018-02-01,6.158658021
PIR,1100000000,서울,2,2,2018-02-01,13.19313611
PIR,0000000000,전국,1,2,2018-02-01,3.668415854
PIR,1100000000,서울,1,2,2018-02-01,8.374563136
PIR,0000000000,전국,5,1,2018-02-01,42.0589138
PIR,1100000000,서울,5,1,2018-02-01,87.2379698
PIR,0000000000,전국,4,1,2018-02-01,24.56528597
PIR,1100000000,서울,4,1,2018-02-01,49.74156311
PIR,0000000000,전국,3,1,2018-02-01,17.79017755
PIR,1100000000,서울,3,1,2018-02-01,35.984336
PIR,0000000000,전국,2,1,2018-02-01,13.03160822
PIR,1100000000,서울,2,1,2018-02-01,27.5732823
PIR,0000000000,전국,1,1,2018-02-01,7.762301142
PIR,1100000000,서울,1,1,2018-02-01,17.50260071
PIR,0000000000,전국,5,5,2018-03-01,5.405698936
PIR,1100000000,서울,5,5,2018-03-01,11.88806054
PIR,0000000000,전국,4,5,2018-03-01,3.132710118
PIR,1100000000,서울,4,5,2018-03-01,6.673197919
PIR,0000000000,전국,3,5,2018-03-01,2.252714075
PIR,1100000000,서울,3,5,2018-03-01,4.750393141
PIR,0000000000,전국,2,5,2018-03-01,1.648727666
PIR,1100000000,서울,2,5,2018-03-01,3.5890769
PIR,0000000000,전국,1,5,2018-03-01,0.983994279
PIR,1100000000,서울,1,5,2018-03-01,2.266171748
PIR,0000000000,전국,5,4,2018-03-01,9.775776116
PIR,1100000000,서울,5,4,2018-03-01,21.80708351
PIR,0000000000,전국,4,4,2018-03-01,5.665256818
PIR,1100000000,서울,4,4,2018-03-01,12.24110391
PIR,0000000000,전국,3,4,2018-03-01,4.07385404
PIR,1100000000,서울,3,4,2018-03-01,8.713971432
PIR,0000000000,전국,2,4,2018-03-01,2.98159271
PIR,1100000000,서울,2,4,2018-03-01,6.583689528
PIR,0000000000,전국,1,4,2018-03-01,1.779475307
PIR,1100000000,서울,1,4,2018-03-01,4.15699402
PIR,0000000000,전국,5,3,2018-03-01,13.6001221
PIR,1100000000,서울,5,3,2018-03-01,30.18241636
PIR,0000000000,전국,4,3,2018-03-01,7.881541428
PIR,1100000000,서울,4,3,2018-03-01,16.94248085
PIR,0000000000,전국,3,3,2018-03-01,5.667571731
PIR,1100000000,서울,3,3,2018-03-01,12.060701
PIR,0000000000,전국,2,3,2018-03-01,4.148010801
PIR,1100000000,서울,2,3,2018-03-01,9.112252834
PIR,0000000000,전국,1,3,2018-03-01,2.4756174
PIR,1100000000,서울,1,3,2018-03-01,5.753549036
PIR,0000000000,전국,5,2,2018-03-01,20.15582794
PIR,1100000000,서울,5,2,2018-03-01,44.28809969
PIR,0000000000,전국,4,2,2018-03-01,11.68070344
PIR,1100000000,서울,4,2,2018-03-01,24.86051057
PIR,0000000000,전국,3,2,2018-03-01,8.39952758
PIR,1100000000,서울,3,2,2018-03-01,17.69724206
PIR,0000000000,전국,2,2,2018-03-01,6.147488338
PIR,1100000000,서울,2,2,2018-03-01,13.37084338
PIR,0000000000,전국,1,2,2018-03-01,3.668946352
PIR,1100000000,서울,1,2,2018-03-01,8.442457033
PIR,0000000000,전국,5,1,2018-03-01,42.64936487
PIR,1100000000,서울,5,1,2018-03-01,92.56087899
PIR,0000000000,전국,4,1,2018-03-01,24.71615576
PIR,1100000000,서울,4,1,2018-03-01,51.95776578
PIR,0000000000,전국,3,1,2018-03-01,17.7732474
PIR,1100000000,서울,3,1,2018-03-01,36.98673667
PIR,0000000000,전국,2,1,2018-03-01,13.00797337
PIR,1100000000,서울,2,1,2018-03-01,27.94468547
PIR,0000000000,전국,1,1,2018-03-01,7.763423665
PIR,1100000000,서울,1,1,2018-03-01,17.64449704
PIR,0000000000,전국,5,5,2018-04-01,6.069769095
PIR,1100000000,서울,5,5,2018-04-01,14.06284558
PIR,0000000000,전국,4,5,2018-04-01,3.491781287
PIR,1100000000,서울,4,5,2018-04-01,7.718184908
PIR,0000000000,전국,3,5,2018-04-01,2.501254035
PIR,1100000000,서울,3,5,2018-04-01,5.418225021
PIR,0000000000,전국,2,5,2018-04-01,1.829079234
PIR,1100000000,서울,2,5,2018-04-01,4.041428548
PIR,0000000000,전국,1,5,2018-04-01,1.087191582
PIR,1100000000,서울,1,5,2018-04-01,2.537610118
PIR,0000000000,전국,5,4,2018-04-01,10.18460633
PIR,1100000000,서울,5,4,2018-04-01,23.74816705
PIR,0000000000,전국,4,4,2018-04-01,5.8589408
PIR,1100000000,서울,4,4,2018-04-01,13.03383042
PIR,0000000000,전국,3,4,2018-04-01,4.196912154
PIR,1100000000,서울,3,4,2018-04-01,9.149848952
PIR,0000000000,전국,2,4,2018-04-01,3.069054467
PIR,1100000000,서울,2,4,2018-04-01,6.82482928
PIR,0000000000,전국,1,4,2018-04-01,1.82422397
PIR,1100000000,서울,1,4,2018-04-01,4.285305462
PIR,0000000000,전국,5,3,2018-04-01,14.06467214
PIR,1100000000,서울,5,3,2018-04-01,32.76785559
PIR,0000000000,전국,4,3,2018-04-01,8.09104238
PIR,1100000000,서울,4,3,2018-04-01,17.98415314
PIR,0000000000,전국,3,3,2018-04-01,5.79582475
PIR,1100000000,서울,3,3,2018-04-01,12.62501348
PIR,0000000000,전국,2,3,2018-04-01,4.238283096
PIR,1100000000,서울,2,3,2018-04-01,9.416938152
PIR,0000000000,전국,1,3,2018-04-01,2.519205084
PIR,1100000000,서울,1,3,2018-04-01,5.912888783
PIR,0000000000,전국,5,2,2018-04-01,19.80098414
PIR,1100000000,서울,5,2,2018-04-01,45.89286874
PIR,0000000000,전국,4,2,2018-04-01,11.39099442
PIR,1100000000,서울,4,2,2018-04-01,25.18762258
PIR,0000000000,전국,3,2,2018-04-01,8.15966649
PIR,1100000000,서울,3,2,2018-04-01,17.6819043
PIR,0000000000,전국,2,2,2018-04-01,5.966877545
PIR,1100000000,서울,2,2,2018-04-01,13.18884922
PIR,0000000000,전국,1,2,2018-04-01,3.54666923
PIR,1100000000,서울,1,2,2018-04-01,8.281269063
PIR,0000000000,전국,5,1,2018-04-01,41.84920285
PIR,1100000000,서울,5,1,2018-04-01,95.92393721
PIR,0000000000,전국,4,1,2018-04-01,24.0747648
PIR,1100000000,서울,4,1,2018-04-01,52.64643491
PIR,0000000000,전국,3,1,2018-04-01,17.24538213
PIR,1100000000,서울,3,1,2018-04-01,36.95820122
PIR,0000000000,전국,2,1,2018-04-01,12.61094231
PIR,1100000000,서울,2,1,2018-04-01,27.56694839
PIR,0000000000,전국,1,1,2018-04-01,7.495853689
PIR,1100000000,서울,1,1,2018-04-01,17.30926733
PIR,0000000000,전국,5,5,2018-05-01,6.078382614
PIR,1100000000,서울,5,5,2018-05-01,13.83772747
PIR,0000000000,전국,4,5,2018-05-01,3.494716107
PIR,1100000000,서울,4,5,2018-05-01,7.748188626
PIR,0000000000,전국,3,5,2018-05-01,2.500684279
PIR,1100000000,서울,3,5,2018-05-01,5.484901331
PIR,0000000000,전국,2,5,2018-05-01,1.822273584
PIR,1100000000,서울,2,5,2018-05-01,4.077561727
PIR,0000000000,전국,1,5,2018-05-01,1.085439447
PIR,1100000000,서울,1,5,2018-05-01,2.549636459
PIR,0000000000,전국,5,4,2018-05-01,10.19905916
PIR,1100000000,서울,5,4,2018-05-01,23.36800625
PIR,0000000000,전국,4,4,2018-05-01,5.863865204
PIR,1100000000,서울,4,4,2018-05-01,13.08449821
PIR,0000000000,전국,3,4,2018-05-01,4.195956147
PIR,1100000000,서울,3,4,2018-05-01,9.262446374
PIR,0000000000,전국,2,4,2018-05-01,3.057635109
PIR,1100000000,서울,2,4,2018-05-01,6.885847994
PIR,0000000000,전국,1,4,2018-05-01,1.821284021
PIR,1100000000,서울,1,4,2018-05-01,4.30561455
PIR,0000000000,전국,5,3,2018-05-01,14.08463111
PIR,1100000000,서울,5,3,2018-05-01,32.24330757
PIR,0000000000,전국,4,3,2018-05-01,8.097842852
PIR,1100000000,서울,4,3,2018-05-01,18.05406484
PIR,0000000000,전국,3,3,2018-05-01,5.79450453
PIR,1100000000,서울,3,3,2018-05-01,12.78037604
PIR,0000000000,전국,2,3,2018-05-01,4.222513265
PIR,1100000000,서울,2,3,2018-05-01,9.501132119
PIR,0000000000,전국,1,3,2018-05-01,2.515145092
PIR,1100000000,서울,1,3,2018-05-01,5.940911378
PIR,0000000000,전국,5,2,2018-05-01,19.82908342
PIR,1100000000,서울,5,2,2018-05-01,45.15821543
PIR,0000000000,전국,4,2,2018-05-01,11.40056848
PIR,1100000000,서울,4,2,2018-05-01,25.28553709
PIR,0000000000,전국,3,2,2018-05-01,8.157807815
PIR,1100000000,서울,3,2,2018-05-01,17.89949661
PIR,0000000000,전국,2,2,2018-05-01,5.944675948
PIR,1100000000,서울,2,2,2018-05-01,13.30676669
PIR,0000000000,전국,1,2,2018-05-01,3.540953361
PIR,1100000000,서울,1,2,2018-05-01,8.32051598
PIR,0000000000,전국,5,1,2018-05-01,41.90859043
PIR,1100000000,서울,5,1,2018-05-01,94.38838626
PIR,0000000000,전국,4,1,2018-05-01,24.09499949
PIR,1100000000,서울,4,1,2018-05-01,52.85109297
PIR,0000000000,전국,3,1,2018-05-01,17.24145384
PIR,1100000000,서울,3,1,2018-05-01,37.41300634
PIR,0000000000,전국,2,1,2018-05-01,12.56401944
PIR,1100000000,서울,2,1,2018-05-01,27.81341605
PIR,0000000000,전국,1,1,2018-05-01,7.483773251
PIR,1100000000,서울,1,1,2018-05-01,17.39130009
PIR,0000000000,전국,5,5,2018-06-01,6.149145641
PIR,1100000000,서울,5,5,2018-06-01,13.85751404
PIR,0000000000,전국,4,5,2018-06-01,3.503916598
PIR,1100000000,서울,4,5,2018-06-01,7.797084541
PIR,0000000000,전국,3,5,2018-06-01,2.499480665
PIR,1100000000,서울,3,5,2018-06-01,5.5070481
PIR,0000000000,전국,2,5,2018-06-01,1.822477604
PIR,1100000000,서울,2,5,2018-06-01,4.103738772
PIR,0000000000,전국,1,5,2018-06-01,1.085175341
PIR,1100000000,서울,1,5,2018-06-01,2.550919188
PIR,0000000000,전국,5,4,2018-06-01,10.31779408
PIR,1100000000,서울,5,4,2018-06-01,23.40142017
PIR,0000000000,전국,4,4,2018-06-01,5.87930292
PIR,1100000000,서울,4,4,2018-06-01,13.16706957
PIR,0000000000,전국,3,4,2018-06-01,4.193936575
PIR,1100000000,서울,3,4,2018-06-01,9.299846
PIR,0000000000,전국,2,4,2018-06-01,3.057977438
PIR,1100000000,서울,2,4,2018-06-01,6.930053618
PIR,0000000000,전국,1,4,2018-06-01,1.820840871
PIR,1100000000,서울,1,4,2018-06-01,4.307780716
PIR,0000000000,전국,5,3,2018-06-01,14.2486009
PIR,1100000000,서울,5,3,2018-06-01,32.28941229
PIR,0000000000,전국,4,3,2018-06-01,8.119161929
PIR,1100000000,서울,4,3,2018-06-01,18.16799728
PIR,0000000000,전국,3,3,2018-06-01,5.791715554
PIR,1100000000,서울,3,3,2018-06-01,12.83198026
PIR,0000000000,전국,2,3,2018-06-01,4.222986013
PIR,1100000000,서울,2,3,2018-06-01,9.562127289
PIR,0000000000,전국,1,3,2018-06-01,2.514533114
PIR,1100000000,서울,1,3,2018-06-01,5.943900265
PIR,0000000000,전국,5,2,2018-06-01,20.05992871
PIR,1100000000,서울,5,2,2018-06-01,45.22278718
PIR,0000000000,전국,4,2,2018-06-01,11.4305826
PIR,1100000000,서울,4,2,2018-06-01,25.44510465
PIR,0000000000,전국,3,2,2018-06-01,8.153881349
PIR,1100000000,서울,3,2,2018-06-01,17.97177066
PIR,0000000000,전국,2,2,2018-06-01,5.945341507
PIR,1100000000,서울,2,2,2018-06-01,13.39219319
PIR,0000000000,전국,1,2,2018-06-01,3.540091786
PIR,1100000000,서울,1,2,2018-06-01,8.324702052
PIR,0000000000,전국,5,1,2018-06-01,42.39647987
PIR,1100000000,서울,5,1,2018-06-01,94.52335226
PIR,0000000000,전국,4,1,2018-06-01,24.15843406
PIR,1100000000,서울,4,1,2018-06-01,53.18461642
PIR,0000000000,전국,3,1,2018-06-01,17.23315529
PIR,1100000000,서울,3,1,2018-06-01,37.56407145
PIR,0000000000,전국,2,1,2018-06-01,12.56542609
PIR,1100000000,서울,2,1,2018-06-01,27.99197204
PIR,0000000000,전국,1,1,2018-06-01,7.48195232
PIR,1100000000,서울,1,1,2018-06-01,17.4000497
PIR,0000000000,전국,5,5,2018-07-01,5.826028726
PIR,1100000000,서울,5,5,2018-07-01,12.80931449
PIR,0000000000,전국,4,5,2018-07-01,3.30178445
PIR,1100000000,서울,4,5,2018-07-01,7.37249893
PIR,0000000000,전국,3,5,2018-07-01,2.343627159
PIR,1100000000,서울,3,5,2018-07-01,5.248931927
PIR,0000000000,전국,2,5,2018-07-01,1.704495892
PIR,1100000000,서울,2,5,2018-07-01,3.877854281
PIR,0000000000,전국,1,5,2018-07-01,1.015860206
PIR,1100000000,서울,1,5,2018-07-01,2.404113369
PIR,0000000000,전국,5,4,2018-07-01,9.966532245
PIR,1100000000,서울,5,4,2018-07-01,22.04398625
PIR,0000000000,전국,4,4,2018-07-01,5.648331434
PIR,1100000000,서울,4,4,2018-07-01,12.68758489
PIR,0000000000,전국,3,4,2018-07-01,4.009220817
PIR,1100000000,서울,3,4,2018-07-01,9.033066
PIR,0000000000,전국,2,4,2018-07-01,2.915865003
PIR,1100000000,서울,2,4,2018-07-01,6.67353171
PIR,0000000000,전국,1,4,2018-07-01,1.737822448
PIR,1100000000,서울,1,4,2018-07-01,4.137320703
PIR,0000000000,전국,5,3,2018-07-01,13.67585226
PIR,1100000000,서울,5,3,2018-07-01,30.28177239
PIR,0000000000,전국,4,3,2018-07-01,7.750513853
PIR,1100000000,서울,4,3,2018-07-01,17.42890571
PIR,0000000000,전국,3,3,2018-07-01,5.501362986
PIR,1100000000,서울,3,3,2018-07-01,12.40870165
PIR,0000000000,전국,2,3,2018-07-01,4.001084632
PIR,1100000000,서울,2,3,2018-07-01,9.167414911
PIR,0000000000,전국,1,3,2018-07-01,2.38460103
PIR,1100000000,서울,1,3,2018-07-01,5.68342778
PIR,0000000000,전국,5,2,2018-07-01,19.95259256
PIR,1100000000,서울,5,2,2018-07-01,44.02158639
PIR,0000000000,전국,4,2,2018-07-01,11.30773001
PIR,1100000000,서울,4,2,2018-07-01,25.33696075
PIR,0000000000,전국,3,2,2018-07-01,8.026297161
PIR,1100000000,서울,3,2,2018-07-01,18.03892866
PIR,0000000000,전국,2,2,2018-07-01,5.837443248
PIR,1100000000,서울,2,2,2018-07-01,13.32696588
PIR,0000000000,전국,1,2,2018-07-01,3.479049924
PIR,1100000000,서울,1,2,2018-07-01,8.262181744
PIR,0000000000,전국,5,1,2018-07-01,43.04930913
PIR,1100000000,서울,5,1,2018-07-01,94.6742883
PIR,0000000000,전국,4,1,2018-07-01,24.39732898
PIR,1100000000,서울,4,1,2018-07-01,54.49051075
PIR,0000000000,전국,3,1,2018-07-01,17.317376
PIR,1100000000,서울,3,1,2018-07-01,38.79512013
PIR,0000000000,전국,2,1,2018-07-01,12.59474918
PIR,1100000000,서울,2,1,2018-07-01,28.66141622
PIR,0000000000,전국,1,1,2018-07-01,7.50632757
PIR,1100000000,서울,1,1,2018-07-01,17.76892294
PIR,0000000000,전국,5,5,2018-08-01,5.884346257
PIR,1100000000,서울,5,5,2018-08-01,13.17921706
PIR,0000000000,전국,4,5,2018-08-01,3.312477965
PIR,1100000000,서울,4,5,2018-08-01,7.476131568
PIR,0000000000,전국,3,5,2018-08-01,2.344187064
PIR,1100000000,서울,3,5,2018-08-01,5.395005233
PIR,0000000000,전국,2,5,2018-08-01,1.702904529
PIR,1100000000,서울,2,5,2018-08-01,3.989574976
PIR,0000000000,전국,1,5,2018-08-01,1.013111204
PIR,1100000000,서울,1,5,2018-08-01,2.438241686
PIR,0000000000,전국,5,4,2018-08-01,10.06629549
PIR,1100000000,서울,5,4,2018-08-01,22.6805642
PIR,0000000000,전국,4,4,2018-08-01,5.666624729
PIR,1100000000,서울,4,4,2018-08-01,12.86592983
PIR,0000000000,전국,3,4,2018-08-01,4.010178642
PIR,1100000000,서울,3,4,2018-08-01,9.284448535
PIR,0000000000,전국,2,4,2018-08-01,2.913142673
PIR,1100000000,서울,2,4,2018-08-01,6.865795665
PIR,0000000000,전국,1,4,2018-08-01,1.733119756
PIR,1100000000,서울,1,4,2018-08-01,4.196053288
PIR,0000000000,전국,5,3,2018-08-01,13.81274516
PIR,1100000000,서울,5,3,2018-08-01,31.15623802
PIR,0000000000,전국,4,3,2018-08-01,7.775615502
PIR,1100000000,서울,4,3,2018-08-01,17.67389774
PIR,0000000000,전국,3,3,2018-08-01,5.502677292
PIR,1100000000,서울,3,3,2018-08-01,12.75402525
PIR,0000000000,전국,2,3,2018-08-01,3.997349112
PIR,1100000000,서울,2,3,2018-08-01,9.431527456
PIR,0000000000,전국,1,3,2018-08-01,2.378148102
PIR,1100000000,서울,1,3,2018-08-01,5.764108594
PIR,0000000000,전국,5,2,2018-08-01,20.15231453
PIR,1100000000,서울,5,2,2018-08-01,45.29282521
PIR,0000000000,전국,4,2,2018-08-01,11.34435244
PIR,1100000000,서울,4,2,2018-08-01,25.69311354
PIR,0000000000,전국,3,2,2018-08-01,8.028214687
PIR,1100000000,서울,3,2,2018-08-01,18.54093668
PIR,0000000000,전국,2,2,2018-08-01,5.831993255
PIR,1100000000,서울,2,2,2018-08-01,13.71091478
PIR,0000000000,전국,1,2,2018-08-01,3.469635326
PIR,1100000000,서울,1,2,2018-08-01,8.379470038
PIR,0000000000,전국,5,1,2018-08-01,43.4802252
PIR,1100000000,서울,5,1,2018-08-01,97.4082568
PIR,0000000000,전국,4,1,2018-08-01,24.4763448
PIR,1100000000,서울,4,1,2018-08-01,55.2564648
PIR,0000000000,전국,3,1,2018-08-01,17.32151322
PIR,1100000000,서울,3,1,2018-08-01,39.87475529
PIR,0000000000,전국,2,1,2018-08-01,12.58299039
PIR,1100000000,서울,2,1,2018-08-01,29.4871495
PIR,0000000000,전국,1,1,2018-08-01,7.486014825
PIR,1100000000,서울,1,1,2018-08-01,18.02116705
PIR,0000000000,전국,5,5,2018-09-01,6.185628529
PIR,1100000000,서울,5,5,2018-09-01,14.07904474
PIR,0000000000,전국,4,5,2018-09-01,3.400315293
PIR,1100000000,서울,4,5,2018-09-01,7.90233863
PIR,0000000000,전국,3,5,2018-09-01,2.363208513
PIR,1100000000,서울,3,5,2018-09-01,5.654609691
PIR,0000000000,전국,2,5,2018-09-01,1.70086608
PIR,1100000000,서울,2,5,2018-09-01,4.214724351
PIR,0000000000,전국,1,5,2018-09-01,1.013204061
PIR,1100000000,서울,1,5,2018-09-01,2.571079303
PIR,0000000000,전국,5,4,2018-09-01,10.58169623
PIR,1100000000,서울,5,4,2018-09-01,24.22910834
PIR,0000000000,전국,4,4,2018-09-01,5.816887215
PIR,1100000000,서울,4,4,2018-09-01,13.5994041
PIR,0000000000,전국,3,4,2018-09-01,4.042718455
PIR,1100000000,서울,3,4,2018-09-01,9.731210702
PIR,0000000000,전국,2,4,2018-09-01,2.909655519
PIR,1100000000,서울,2,4,2018-09-01,7.253262905
PIR,0000000000,전국,1,4,2018-09-01,1.733278606
PIR,1100000000,서울,1,4,2018-09-01,4.424658074
PIR,0000000000,전국,5,3,2018-09-01,14.5199665
PIR,1100000000,서울,5,3,2018-09-01,33.28346949
PIR,0000000000,전국,4,3,2018-09-01,7.981802319
PIR,1100000000,서울,4,3,2018-09-01,18.68146963
PIR,0000000000,전국,3,3,2018-09-01,5.547327694
PIR,1100000000,서울,3,3,2018-09-01,13.3677414
PIR,0000000000,전국,2,3,2018-09-01,3.992564117
PIR,1100000000,서울,2,3,2018-09-01,9.963790298
PIR,0000000000,전국,1,3,2018-09-01,2.378366072
PIR,1100000000,서울,1,3,2018-09-01,6.078142455
PIR,0000000000,전국,5,2,2018-09-01,21.18412586
PIR,1100000000,서울,5,2,2018-09-01,48.38525
PIR,0000000000,전국,4,2,2018-09-01,11.64517183
PIR,1100000000,서울,4,2,2018-09-01,27.1578532
PIR,0000000000,전국,3,2,2018-09-01,8.09335807
PIR,1100000000,서울,3,2,2018-09-01,19.43311558
PIR,0000000000,전국,2,2,2018-09-01,5.825012114
PIR,1100000000,서울,2,2,2018-09-01,14.48468239
PIR,0000000000,전국,1,2,2018-09-01,3.469953337
PIR,1100000000,서울,1,2,2018-09-01,8.835991161
PIR,0000000000,전국,5,1,2018-09-01,45.70644039
PIR,1100000000,서울,5,1,2018-09-01,104.0589284
PIR,0000000000,전국,4,1,2018-09-01,25.12538662
PIR,1100000000,서울,4,1,2018-09-01,58.40658265
PIR,0000000000,전국,3,1,2018-09-01,17.46206526
PIR,1100000000,서울,3,1,2018-09-01,41.7935049
PIR,0000000000,전국,2,1,2018-09-01,12.56792802
PIR,1100000000,서울,2,1,2018-09-01,31.15123987
PIR,0000000000,전국,1,1,2018-09-01,7.486700959
PIR,1100000000,서울,1,1,2018-09-01,19.00297657
PIR,0000000000,전국,5,5,2018-10-01,6.6655731
PIR,1100000000,서울,5,5,2018-10-01,14.66205742
PIR,0000000000,전국,4,5,2018-10-01,3.628097116
PIR,1100000000,서울,4,5,2018-10-01,8.332597228
PIR,0000000000,전국,3,5,2018-10-01,2.484099093
PIR,1100000000,서울,3,5,2018-10-01,6.13546314
PIR,0000000000,전국,2,5,2018-10-01,1.773545758
PIR,1100000000,서울,2,5,2018-10-01,4.583029789
PIR,0000000000,전국,1,5,2018-10-01,1.056311851
PIR,1100000000,서울,1,5,2018-10-01,2.7833777
PIR,0000000000,전국,5,4,2018-10-01,11.15251798
PIR,1100000000,서울,5,4,2018-10-01,24.68194763
PIR,0000000000,전국,4,4,2018-10-01,6.070358502
PIR,1100000000,서울,4,4,2018-10-01,14.02700334
PIR,0000000000,전국,3,4,2018-10-01,4.156275745
PIR,1100000000,서울,3,4,2018-10-01,10.32837177
PIR,0000000000,전국,2,4,2018-10-01,2.967411903
PIR,1100000000,서울,2,4,2018-10-01,7.715022385
PIR,0000000000,전국,1,4,2018-10-01,1.767370447
PIR,1100000000,서울,1,4,2018-10-01,4.685507677
PIR,0000000000,전국,5,3,2018-10-01,15.12303497
PIR,1100000000,서울,5,3,2018-10-01,33.50237265
PIR,0000000000,전국,4,3,2018-10-01,8.231526196
PIR,1100000000,서울,4,3,2018-10-01,19.03974111
PIR,0000000000,전국,3,3,2018-10-01,5.635992119
PIR,1100000000,서울,3,3,2018-10-01,14.01935394
PIR,0000000000,전국,2,3,2018-10-01,4.023869234
PIR,1100000000,서울,2,3,2018-10-01,10.47208911
PIR,0000000000,전국,1,3,2018-10-01,2.396589284
PIR,1100000000,서울,1,3,2018-10-01,6.359936687
PIR,0000000000,전국,5,2,2018-10-01,22.41347754
PIR,1100000000,서울,5,2,2018-10-01,49.24825327
PIR,0000000000,전국,4,2,2018-10-01,12.19974217
PIR,1100000000,서울,4,2,2018-10-01,27.98828614
PIR,0000000000,전국,3,2,2018-10-01,8.352965063
PIR,1100000000,서울,3,2,2018-10-01,20.60835215
PIR,0000000000,전국,2,2,2018-10-01,5.963677454
PIR,1100000000,서울,2,2,2018-10-01,15.39389768
PIR,0000000000,전국,1,2,2018-10-01,3.551925931
PIR,1100000000,서울,1,2,2018-10-01,9.349062408
PIR,0000000000,전국,5,1,2018-10-01,50.19473439
PIR,1100000000,서울,5,1,2018-10-01,109.4929549
PIR,0000000000,전국,4,1,2018-10-01,27.32118729
PIR,1100000000,서울,4,1,2018-10-01,62.2259664
PIR,0000000000,전국,3,1,2018-10-01,18.70637262
PIR,1100000000,서울,3,1,2018-10-01,45.81826204
PIR,0000000000,전국,2,1,2018-10-01,13.35558952
PIR,1100000000,서울,2,1,2018-10-01,34.22503811
PIR,0000000000,전국,1,1,2018-10-01,7.954498732
PIR,1100000000,서울,1,1,2018-10-01,20.78564012
PIR,0000000000,전국,5,5,2018-11-01,6.717607976
PIR,1100000000,서울,5,5,2018-11-01,14.63295187
PIR,0000000000,전국,4,5,2018-11-01,3.659894379
PIR,1100000000,서울,4,5,2018-11-01,8.433789752
PIR,0000000000,전국,3,5,2018-11-01,2.49690815
PIR,1100000000,서울,3,5,2018-11-01,6.240561021
PIR,0000000000,전국,2,5,2018-11-01,1.761328439
PIR,1100000000,서울,2,5,2018-11-01,4.636540466
PIR,0000000000,전국,1,5,2018-11-01,1.04149828
PIR,1100000000,서울,1,5,2018-11-01,2.803484626
PIR,0000000000,전국,5,4,2018-11-01,11.23958025
PIR,1100000000,서울,5,4,2018-11-01,24.63295166
PIR,0000000000,전국,4,4,2018-11-01,6.12356016
PIR,1100000000,서울,4,4,2018-11-01,14.19734973
PIR,0000000000,전국,3,4,2018-11-01,4.177707248
PIR,1100000000,서울,3,4,2018-11-01,10.50529239
PIR,0000000000,전국,2,4,2018-11-01,2.94697047
PIR,1100000000,서울,2,4,2018-11-01,7.805101676
PIR,0000000000,전국,1,4,2018-11-01,1.74258509
PIR,1100000000,서울,1,4,2018-11-01,4.719355458
PIR,0000000000,전국,5,3,2018-11-01,15.24109313
PIR,1100000000,서울,5,3,2018-11-01,33.43586731
PIR,0000000000,전국,4,3,2018-11-01,8.303668697
PIR,1100000000,서울,4,3,2018-11-01,19.27096307
PIR,0000000000,전국,3,3,2018-11-01,5.66505366
PIR,1100000000,서울,3,3,2018-11-01,14.25949952
PIR,0000000000,전국,2,3,2018-11-01,3.996150246
PIR,1100000000,서울,2,3,2018-11-01,10.59435944
PIR,0000000000,전국,1,3,2018-11-01,2.362979849
PIR,1100000000,서울,1,3,2018-11-01,6.405880425
PIR,0000000000,전국,5,2,2018-11-01,22.58844862
PIR,1100000000,서울,5,2,2018-11-01,49.15049089
PIR,0000000000,전국,4,2,2018-11-01,12.30666279
PIR,1100000000,서울,4,2,2018-11-01,28.32818081
PIR,0000000000,전국,3,2,2018-11-01,8.396036457
PIR,1100000000,서울,3,2,2018-11-01,20.96136448
PIR,0000000000,전국,2,2,2018-11-01,5.922595824
PIR,1100000000,서울,2,2,2018-11-01,15.57363422
PIR,0000000000,전국,1,2,2018-11-01,3.502114216
PIR,1100000000,서울,1,2,2018-11-01,9.416599383
PIR,0000000000,전국,5,1,2018-11-01,50.58658018
PIR,1100000000,서울,5,1,2018-11-01,109.2756012
PIR,0000000000,전국,4,1,2018-11-01,27.56063484
PIR,1100000000,서울,4,1,2018-11-01,62.98164946
PIR,0000000000,전국,3,1,2018-11-01,18.80283053
PIR,1100000000,서울,3,1,2018-11-01,46.60310943
PIR,0000000000,전국,2,1,2018-11-01,13.26358767
PIR,1100000000,서울,2,1,2018-11-01,34.62464384
PIR,0000000000,전국,1,1,2018-11-01,7.842945948
PIR,1100000000,서울,1,1,2018-11-01,20.93579413
PIR,0000000000,전국,5,5,2018-12-01,6.76209395
PIR,1100000000,서울,5,5,2018-12-01,14.63649139
PIR,0000000000,전국,4,5,2018-12-01,3.678015501
PIR,1100000000,서울,4,5,2018-12-01,8.469606395
PIR,0000000000,전국,3,5,2018-12-01,2.498820995
PIR,1100000000,서울,3,5,2018-12-01,6.278187114
PIR,0000000000,전국,2,5,2018-12-01,1.757728312
PIR,1100000000,서울,2,5,2018-12-01,4.698368353
PIR,0000000000,전국,1,5,2018-12-01,1.042465119
PIR,1100000000,서울,1,5,2018-12-01,2.81565451
PIR,0000000000,전국,5,4,2018-12-01,11.31401205
PIR,1100000000,서울,5,4,2018-12-01,24.63891005
PIR,0000000000,전국,4,4,2018-12-01,6.153879555
PIR,1100000000,서울,4,4,2018-12-01,14.25764307
PIR,0000000000,전국,3,4,2018-12-01,4.180907728
PIR,1100000000,서울,3,4,2018-12-01,10.56863175
PIR,0000000000,전국,2,4,2018-12-01,2.940946909
PIR,1100000000,서울,2,4,2018-12-01,7.909182066
PIR,0000000000,전국,1,4,2018-12-01,1.744202758
PIR,1100000000,서울,1,4,2018-12-01,4.739842108
PIR,0000000000,전국,5,3,2018-12-01,15.34202413
PIR,1100000000,서울,5,3,2018-12-01,33.443955
PIR,0000000000,전국,4,3,2018-12-01,8.344782396
PIR,1100000000,서울,4,3,2018-12-01,19.35280305
PIR,0000000000,전국,3,3,2018-12-01,5.669393575
PIR,1100000000,서울,3,3,2018-12-01,14.34547405
PIR,0000000000,전국,2,3,2018-12-01,3.987982179
PIR,1100000000,서울,2,3,2018-12-01,10.73563435
PIR,0000000000,전국,1,3,2018-12-01,2.365173439
PIR,1100000000,서울,1,3,2018-12-01,6.433688255
PIR,0000000000,전국,5,2,2018-12-01,22.73803597
PIR,1100000000,서울,5,2,2018-12-01,49.16237974
PIR,0000000000,전국,4,2,2018-12-01,12.36759639
PIR,1100000000,서울,4,2,2018-12-01,28.44848501
PIR,0000000000,전국,3,2,2018-12-01,8.402468538
PIR,1100000000,서울,3,2,2018-12-01,21.08774643
PIR,0000000000,전국,2,2,2018-12-01,5.910490133
PIR,1100000000,서울,2,2,2018-12-01,15.78130735
PIR,0000000000,전국,1,2,2018-12-01,3.505365281
PIR,1100000000,서울,1,2,2018-12-01,9.457476698
PIR,0000000000,전국,5,1,2018-12-01,50.92157938
PIR,1100000000,서울,5,1,2018-12-01,109.3020335
PIR,0000000000,전국,4,1,2018-12-01,27.69709497
PIR,1100000000,서울,4,1,2018-12-01,63.24912012
PIR,0000000000,전국,3,1,2018-12-01,18.81723511
PIR,1100000000,서울,3,1,2018-12-01,46.88409265
PIR,0000000000,전국,2,1,2018-12-01,13.23647711
PIR,1100000000,서울,2,1,2018-12-01,35.08636062
PIR,0000000000,전국,1,1,2018-12-01,7.850226673
PIR,1100000000,서울,1,1,2018-12-01,21.0266761
PIR,0000000000,전국,5,5,2019-01-01,5.92242426
PIR,1100000000,서울,5,5,2019-01-01,12.8682409
PIR,0000000000,전국,4,5,2019-01-01,3.247770277
PIR,1100000000,서울,4,5,2019-01-01,7.467487019
PIR,0000000000,전국,3,5,2019-01-01,2.220237699
PIR,1100000000,서울,3,5,2019-01-01,5.542477958
PIR,0000000000,전국,2,5,2019-01-01,1.562311717
PIR,1100000000,서울,2,5,2019-01-01,4.192966415
PIR,0000000000,전국,1,5,2019-01-01,0.921504199
PIR,1100000000,서울,1,5,2019-01-01,2.446946736
PIR,0000000000,전국,5,4,2019-01-01,10.15719903
PIR,1100000000,서울,5,4,2019-01-01,22.24648506
PIR,0000000000,전국,4,4,2019-01-01,5.570058416
PIR,1100000000,서울,4,4,2019-01-01,12.90971623
PIR,0000000000,전국,3,4,2019-01-01,3.807798159
PIR,1100000000,서울,3,4,2019-01-01,9.581779986
PIR,0000000000,전국,2,4,2019-01-01,2.67942828
PIR,1100000000,서울,2,4,2019-01-01,7.248758044
PIR,0000000000,전국,1,4,2019-01-01,1.580417265
PIR,1100000000,서울,1,4,2019-01-01,4.230256835
PIR,0000000000,전국,5,3,2019-01-01,13.65001087
PIR,1100000000,서울,5,3,2019-01-01,30.03522322
PIR,0000000000,전국,4,3,2019-01-01,7.485465011
PIR,1100000000,서울,4,3,2019-01-01,17.42954933
PIR,0000000000,전국,3,3,2019-01-01,5.117206636
PIR,1100000000,서울,3,3,2019-01-01,12.93646614
PIR,0000000000,전국,2,3,2019-01-01,3.600818006
PIR,1100000000,서울,2,3,2019-01-01,9.786627657
PIR,0000000000,전국,1,3,2019-01-01,2.123884034
PIR,1100000000,서울,1,3,2019-01-01,5.711316102
PIR,0000000000,전국,5,2,2019-01-01,19.73149022
PIR,1100000000,서울,5,2,2019-01-01,43.07112151
PIR,0000000000,전국,4,2,2019-01-01,10.82045875
PIR,1100000000,서울,4,2,2019-01-01,24.99432854
PIR,0000000000,전국,3,2,2019-01-01,7.39707196
PIR,1100000000,서울,3,2,2019-01-01,18.55115579
PIR,0000000000,전국,2,2,2019-01-01,5.205087815
PIR,1100000000,서울,2,2,2019-01-01,14.03422328
PIR,0000000000,전국,1,2,2019-01-01,3.070136532
PIR,1100000000,서울,1,2,2019-01-01,8.190143551
PIR,0000000000,전국,5,1,2019-01-01,41.46279123
PIR,1100000000,서울,5,1,2019-01-01,89.93605219
PIR,0000000000,전국,4,1,2019-01-01,22.73758431
PIR,1100000000,서울,4,1,2019-01-01,52.19021836
PIR,0000000000,전국,3,1,2019-01-01,15.54384626
PIR,1100000000,서울,3,1,2019-01-01,38.73634251
PIR,0000000000,전국,2,1,2019-01-01,10.93771768
PIR,1100000000,서울,2,1,2019-01-01,29.30461509
PIR,0000000000,전국,1,1,2019-01-01,6.451435176
PIR,1100000000,서울,1,1,2019-01-01,17.10169487
PIR,0000000000,전국,5,5,2019-02-01,5.929714539
PIR,1100000000,서울,5,5,2019-02-01,12.77895099
PIR,0000000000,전국,4,5,2019-02-01,3.247046873
PIR,1100000000,서울,4,5,2019-02-01,7.449719063
PIR,0000000000,전국,3,5,2019-02-01,2.217007731
PIR,1100000000,서울,3,5,2019-02-01,5.546043799
PIR,0000000000,전국,2,5,2019-02-01,1.558966805
PIR,1100000000,서울,2,5,2019-02-01,4.200579339
PIR,0000000000,전국,1,5,2019-02-01,0.918525485
PIR,1100000000,서울,1,5,2019-02-01,2.451054978
PIR,0000000000,전국,5,4,2019-02-01,10.16970215
PIR,1100000000,서울,5,4,2019-02-01,22.09212157
PIR,0000000000,전국,4,4,2019-02-01,5.568817749
PIR,1100000000,서울,4,4,2019-02-01,12.87899917
PIR,0000000000,전국,3,4,2019-02-01,3.802258633
PIR,1100000000,서울,3,4,2019-02-01,9.587944576
PIR,0000000000,전국,2,4,2019-02-01,2.673691621
PIR,1100000000,서울,2,4,2019-02-01,7.261919189
PIR,0000000000,전국,1,4,2019-02-01,1.57530865
PIR,1100000000,서울,1,4,2019-02-01,4.237359122
PIR,0000000000,전국,5,3,2019-02-01,13.66681352
PIR,1100000000,서울,5,3,2019-02-01,29.82681539
PIR,0000000000,전국,4,3,2019-02-01,7.483797709
PIR,1100000000,서울,4,3,2019-02-01,17.38807789
PIR,0000000000,전국,3,3,2019-02-01,5.109762202
PIR,1100000000,서울,3,3,2019-02-01,12.94478902
PIR,0000000000,전국,2,3,2019-02-01,3.59310865
PIR,1100000000,서울,2,3,2019-02-01,9.804396663
PIR,0000000000,전국,1,3,2019-02-01,2.117018691
PIR,1100000000,서울,1,3,2019-02-01,5.720904977
PIR,0000000000,전국,5,2,2019-02-01,19.75577893
PIR,1100000000,서울,5,2,2019-02-01,42.77226043
PIR,0000000000,전국,4,2,2019-02-01,10.81804862
PIR,1100000000,서울,4,2,2019-02-01,24.93485765
PIR,0000000000,전국,3,2,2019-02-01,7.386310814
PIR,1100000000,서울,3,2,2019-02-01,18.56309097
PIR,0000000000,전국,2,2,2019-02-01,5.193943715
PIR,1100000000,서울,2,2,2019-02-01,14.0597044
PIR,0000000000,전국,1,2,2019-02-01,3.060212478
PIR,1100000000,서울,1,2,2019-02-01,8.203894193
PIR,0000000000,전국,5,1,2019-02-01,41.51383035
PIR,1100000000,서울,5,1,2019-02-01,89.31200562
PIR,0000000000,전국,4,1,2019-02-01,22.73251977
PIR,1100000000,서울,4,1,2019-02-01,52.06603823
PIR,0000000000,전국,3,1,2019-02-01,15.52123331
PIR,1100000000,서울,3,1,2019-02-01,38.76126415
PIR,0000000000,전국,2,1,2019-02-01,10.91430001
PIR,1100000000,서울,2,1,2019-02-01,29.35782176
PIR,0000000000,전국,1,1,2019-02-01,6.430581254
PIR,1100000000,서울,1,1,2019-02-01,17.13040735
PIR,0000000000,전국,5,5,2019-03-01,5.929893977
PIR,1100000000,서울,5,5,2019-03-01,12.52082904
PIR,0000000000,전국,4,5,2019-03-01,3.241415514
PIR,1100000000,서울,4,5,2019-03-01,7.423227297
PIR,0000000000,전국,3,5,2019-03-01,2.214286442
PIR,1100000000,서울,3,5,2019-03-01,5.516767458
PIR,0000000000,전국,2,5,2019-03-01,1.552992748
PIR,1100000000,서울,2,5,2019-03-01,4.168243543
PIR,0000000000,전국,1,5,2019-03-01,0.916069636
PIR,1100000000,서울,1,5,2019-03-01,2.450498353
PIR,0000000000,전국,5,4,2019-03-01,10.1700099
PIR,1100000000,서울,5,4,2019-03-01,21.64588295
PIR,0000000000,전국,4,4,2019-03-01,5.55915974
PIR,1100000000,서울,4,4,2019-03-01,12.83320047
PIR,0000000000,전국,3,4,2019-03-01,3.79759151
PIR,1100000000,서울,3,4,2019-03-01,9.537331933
PIR,0000000000,전국,2,4,2019-03-01,2.663445868
PIR,1100000000,서울,2,4,2019-03-01,7.206017393
PIR,0000000000,전국,1,4,2019-03-01,1.571096768
PIR,1100000000,서울,1,4,2019-03-01,4.236396835
PIR,0000000000,전국,5,3,2019-03-01,13.66722708
PIR,1100000000,서울,5,3,2019-03-01,29.22434374
PIR,0000000000,전국,4,3,2019-03-01,7.470818547
PIR,1100000000,서울,4,3,2019-03-01,17.32624457
PIR,0000000000,전국,3,3,2019-03-01,5.103490171
PIR,1100000000,서울,3,3,2019-03-01,12.87645634
PIR,0000000000,전국,2,3,2019-03-01,3.579339634
PIR,1100000000,서울,2,3,2019-03-01,9.728923035
PIR,0000000000,전국,1,3,2019-03-01,2.111358447
PIR,1100000000,서울,1,3,2019-03-01,5.719605783
PIR,0000000000,전국,5,2,2019-03-01,19.75637676
PIR,1100000000,서울,5,2,2019-03-01,41.90830382
PIR,0000000000,전국,4,2,2019-03-01,10.79928686
PIR,1100000000,서울,4,2,2019-03-01,24.8461874
PIR,0000000000,전국,3,2,2019-03-01,7.377244408
PIR,1100000000,서울,3,2,2019-03-01,18.46510051
PIR,0000000000,전국,2,2,2019-03-01,5.1740402
PIR,1100000000,서울,2,2,2019-03-01,13.95147368
PIR,0000000000,전국,1,2,2019-03-01,3.052030429
PIR,1100000000,서울,1,2,2019-03-01,8.202031123
PIR,0000000000,전국,5,1,2019-03-01,41.51508659
PIR,1100000000,서울,5,1,2019-03-01,87.50799301
PIR,0000000000,전국,4,1,2019-03-01,22.69309473
PIR,1100000000,서울,4,1,2019-03-01,51.88088745
PIR,0000000000,전국,3,1,2019-03-01,15.50218161
PIR,1100000000,서울,3,1,2019-03-01,38.556652
PIR,0000000000,전국,2,1,2019-03-01,10.87247574
PIR,1100000000,서울,2,1,2019-03-01,29.1318271
PIR,0000000000,전국,1,1,2019-03-01,6.413387894
PIR,1100000000,서울,1,1,2019-03-01,17.1265171
PIR,0000000000,전국,5,5,2019-04-01,6.325843187
PIR,1100000000,서울,5,5,2019-04-01,13.54173885
PIR,0000000000,전국,4,5,2019-04-01,3.472234294
PIR,1100000000,서울,4,5,2019-04-01,7.971800036
PIR,0000000000,전국,3,5,2019-04-01,2.374044648
PIR,1100000000,서울,3,5,2019-04-01,5.942272319
PIR,0000000000,전국,2,5,2019-04-01,1.659343758
PIR,1100000000,서울,2,5,2019-04-01,4.523687742
PIR,0000000000,전국,1,5,2019-04-01,0.979864539
PIR,1100000000,서울,1,5,2019-04-01,2.66185324
PIR,0000000000,전국,5,4,2019-04-01,10.35590539
PIR,1100000000,서울,5,4,2019-04-01,22.2244185
PIR,0000000000,전국,4,4,2019-04-01,5.684322037
PIR,1100000000,서울,4,4,2019-04-01,13.08315145
PIR,0000000000,전국,3,4,2019-04-01,3.886498768
PIR,1100000000,서울,3,4,2019-04-01,9.752333016
PIR,0000000000,전국,2,4,2019-04-01,2.716476911
PIR,1100000000,서울,2,4,2019-04-01,7.424181685
PIR,0000000000,전국,1,4,2019-04-01,1.604115714
PIR,1100000000,서울,1,4,2019-04-01,4.368577851
PIR,0000000000,전국,5,3,2019-04-01,13.63784631
PIR,1100000000,서울,5,3,2019-04-01,29.26537941
PIR,0000000000,전국,4,3,2019-04-01,7.485768498
PIR,1100000000,서울,4,3,2019-04-01,17.2280499
PIR,0000000000,전국,3,3,2019-04-01,5.118188213
PIR,1100000000,서울,3,3,2019-04-01,12.84198846
PIR,0000000000,전국,2,3,2019-04-01,3.577368973
PIR,1100000000,서울,2,3,2019-04-01,9.776251012
PIR,0000000000,전국,1,3,2019-04-01,2.112483916
PIR,1100000000,서울,1,3,2019-04-01,5.752595431
PIR,0000000000,전국,5,2,2019-04-01,19.17613547
PIR,1100000000,서울,5,2,2019-04-01,40.91025731
PIR,0000000000,전국,4,2,2019-04-01,10.52571701
PIR,1100000000,서울,4,2,2019-04-01,24.08319894
PIR,0000000000,전국,3,2,2019-04-01,7.19666935
PIR,1100000000,서울,3,2,2019-04-01,17.95189616
PIR,0000000000,전국,2,2,2019-04-01,5.030127961
PIR,1100000000,서울,2,2,2019-04-01,13.66628256
PIR,0000000000,전국,1,2,2019-04-01,2.970357404
PIR,1100000000,서울,1,2,2019-04-01,8.041589208
PIR,0000000000,전국,5,1,2019-04-01,37.93635623
PIR,1100000000,서울,5,1,2019-04-01,79.83235893
PIR,0000000000,전국,4,1,2019-04-01,20.82313981
PIR,1100000000,서울,4,1,2019-04-01,46.99600317
PIR,0000000000,전국,3,1,2019-04-01,14.23724882
PIR,1100000000,서울,3,1,2019-04-01,35.0313665
PIR,0000000000,전국,2,1,2019-04-01,9.951156556
PIR,1100000000,서울,2,1,2019-04-01,26.66841146
PIR,0000000000,전국,1,1,2019-04-01,5.876290182
PIR,1100000000,서울,1,1,2019-04-01,15.69237346
PIR,0000000000,전국,5,5,2019-05-01,6.34960571
PIR,1100000000,서울,5,5,2019-05-01,13.60804049
PIR,0000000000,전국,4,5,2019-05-01,3.474738806
PIR,1100000000,서울,4,5,2019-05-01,8.055393638
PIR,0000000000,전국,3,5,2019-05-01,2.372407301
PIR,1100000000,서울,3,5,2019-05-01,5.969661659
PIR,0000000000,전국,2,5,2019-05-01,1.65519128
PIR,1100000000,서울,2,5,2019-05-01,4.523237414
PIR,0000000000,전국,1,5,2019-05-01,0.978377286
PIR,1100000000,서울,1,5,2019-05-01,2.662832793
PIR,0000000000,전국,5,4,2019-05-01,10.39480651
PIR,1100000000,서울,5,4,2019-05-01,22.33323136
PIR,0000000000,전국,4,4,2019-05-01,5.688422119
PIR,1100000000,서울,4,4,2019-05-01,13.22034352
PIR,0000000000,전국,3,4,2019-05-01,3.883818302
PIR,1100000000,서울,3,4,2019-05-01,9.797283828
PIR,0000000000,전국,2,4,2019-05-01,2.709678976
PIR,1100000000,서울,2,4,2019-05-01,7.423442617
PIR,0000000000,전국,1,4,2019-05-01,1.601680963
PIR,1100000000,서울,1,4,2019-05-01,4.370185473
PIR,0000000000,전국,5,3,2019-05-01,13.68907579
PIR,1100000000,서울,5,3,2019-05-01,29.40866549
PIR,0000000000,전국,4,3,2019-05-01,7.491167958
PIR,1100000000,서울,4,3,2019-05-01,17.40870606
PIR,0000000000,전국,3,3,2019-05-01,5.114658267
PIR,1100000000,서울,3,3,2019-05-01,12.90118022
PIR,0000000000,전국,2,3,2019-05-01,3.568416671
PIR,1100000000,서울,2,3,2019-05-01,9.775277799
PIR,0000000000,전국,1,3,2019-05-01,2.109277557
PIR,1100000000,서울,1,3,2019-05-01,5.754712367
PIR,0000000000,전국,5,2,2019-05-01,19.24816909
PIR,1100000000,서울,5,2,2019-05-01,41.11055781
PIR,0000000000,전국,4,2,2019-05-01,10.53330917
PIR,1100000000,서울,4,2,2019-05-01,24.33573931
PIR,0000000000,전국,3,2,2019-05-01,7.191705903
PIR,1100000000,서울,3,2,2019-05-01,18.0346407
PIR,0000000000,전국,2,2,2019-05-01,5.017540156
PIR,1100000000,서울,2,2,2019-05-01,13.6649221
PIR,0000000000,전국,1,2,2019-05-01,2.965848951
PIR,1100000000,서울,1,2,2019-05-01,8.044548486
PIR,0000000000,전국,5,1,2019-05-01,38.07886111
PIR,1100000000,서울,5,1,2019-05-01,80.22322575
PIR,0000000000,전국,4,1,2019-05-01,20.83815947
PIR,1100000000,서울,4,1,2019-05-01,47.48881097
PIR,0000000000,전국,3,1,2019-05-01,14.22742958
PIR,1100000000,서울,3,1,2019-05-01,35.19283437
PIR,0000000000,전국,2,1,2019-05-01,9.926253966
PIR,1100000000,서울,2,1,2019-05-01,26.66575666
PIR,0000000000,전국,1,1,2019-05-01,5.867371062
PIR,1100000000,서울,1,1,2019-05-01,15.6981482
PIR,0000000000,전국,5,5,2019-06-01,6.3556728
PIR,1100000000,서울,5,5,2019-06-01,13.62938568
PIR,0000000000,전국,4,5,2019-06-01,3.465649398
PIR,1100000000,서울,4,5,2019-06-01,8.051117855
PIR,0000000000,전국,3,5,2019-06-01,2.366432774
PIR,1100000000,서울,3,5,2019-06-01,5.950542675
PIR,0000000000,전국,2,5,2019-06-01,1.650811268
PIR,1100000000,서울,2,5,2019-06-01,4.516073307
PIR,0000000000,전국,1,5,2019-06-01,0.973845925
PIR,1100000000,서울,1,5,2019-06-01,2.671459734
PIR,0000000000,전국,5,4,2019-06-01,10.40473882
PIR,1100000000,서울,5,4,2019-06-01,22.36826264
PIR,0000000000,전국,4,4,2019-06-01,5.673542041
PIR,1100000000,서울,4,4,2019-06-01,13.21332619
PIR,0000000000,전국,3,4,2019-06-01,3.874037529
PIR,1100000000,서울,3,4,2019-06-01,9.765906152
PIR,0000000000,전국,2,4,2019-06-01,2.702508551
PIR,1100000000,서울,2,4,2019-06-01,7.411685033
PIR,0000000000,전국,1,4,2019-06-01,1.594262766
PIR,1100000000,서울,1,4,2019-06-01,4.384343827
PIR,0000000000,전국,5,3,2019-06-01,13.70215579
PIR,1100000000,서울,5,3,2019-06-01,29.4547951
PIR,0000000000,전국,4,3,2019-06-01,7.471572161
PIR,1100000000,서울,4,3,2019-06-01,17.39946556
PIR,0000000000,전국,3,3,2019-06-01,5.101777822
PIR,1100000000,서울,3,3,2019-06-01,12.85986173
PIR,0000000000,전국,2,3,2019-06-01,3.558973831
PIR,1100000000,서울,2,3,2019-06-01,9.759795272
PIR,0000000000,전국,1,3,2019-06-01,2.099508422
PIR,1100000000,서울,1,3,2019-06-01,5.773356256
PIR,0000000000,전국,5,2,2019-06-01,19.26656084
PIR,1100000000,서울,5,2,2019-06-01,41.17504268
PIR,0000000000,전국,4,2,2019-06-01,10.50575558
PIR,1100000000,서울,4,2,2019-06-01,24.32282196
PIR,0000000000,전국,3,2,2019-06-01,7.173594747
PIR,1100000000,서울,3,2,2019-06-01,17.97688131
PIR,0000000000,전국,2,2,2019-06-01,5.004262606
PIR,1100000000,서울,2,2,2019-06-01,13.64327898
PIR,0000000000,전국,1,2,2019-06-01,2.9521126
PIR,1100000000,서울,1,2,2019-06-01,8.070610896
PIR,0000000000,전국,5,1,2019-06-01,38.11524571
PIR,1100000000,서울,5,1,2019-06-01,80.34906165
PIR,0000000000,전국,4,1,2019-06-01,20.7836499
PIR,1100000000,서울,4,1,2019-06-01,47.46360402
PIR,0000000000,전국,3,1,2019-06-01,14.19160009
PIR,1100000000,서울,3,1,2019-06-01,35.08012258
PIR,0000000000,전국,2,1,2019-06-01,9.899986846
PIR,1100000000,서울,2,1,2019-06-01,26.62352223
PIR,0000000000,전국,1,1,2019-06-01,5.84019629
PIR,1100000000,서울,1,1,2019-06-01,15.74900644
PIR,0000000000,전국,5,5,2019-07-01,6.203866039
PIR,1100000000,서울,5,5,2019-07-01,13.79167102
PIR,0000000000,전국,4,5,2019-07-01,3.375136253
PIR,1100000000,서울,4,5,2019-07-01,7.926296865
PIR,0000000000,전국,3,5,2019-07-01,2.289772777
PIR,1100000000,서울,3,5,2019-07-01,5.86380313
PIR,0000000000,전국,2,5,2019-07-01,1.597039652
PIR,1100000000,서울,2,5,2019-07-01,4.460530224
PIR,0000000000,전국,1,5,2019-07-01,0.937858081
PIR,1100000000,서울,1,5,2019-07-01,2.625131681
PIR,0000000000,전국,5,4,2019-07-01,10.09402624
PIR,1100000000,서울,5,4,2019-07-01,22.53547295
PIR,0000000000,전국,4,4,2019-07-01,5.491529585
PIR,1100000000,서울,4,4,2019-07-01,12.95150155
PIR,0000000000,전국,3,4,2019-07-01,3.725584393
PIR,1100000000,서울,3,4,2019-07-01,9.581404358
PIR,0000000000,전국,2,4,2019-07-01,2.598470058
PIR,1100000000,서울,2,4,2019-07-01,7.288468384
PIR,0000000000,전국,1,4,2019-07-01,1.525945921
PIR,1100000000,서울,1,4,2019-07-01,4.289442802
PIR,0000000000,전국,5,3,2019-07-01,13.26367573
PIR,1100000000,서울,5,3,2019-07-01,29.55437665
PIR,0000000000,전국,4,3,2019-07-01,7.215938015
PIR,1100000000,서울,4,3,2019-07-01,16.98537927
PIR,0000000000,전국,3,3,2019-07-01,4.89546412
PIR,1100000000,서울,3,3,2019-07-01,12.56563081
PIR,0000000000,전국,2,3,2019-07-01,3.414421899
PIR,1100000000,서울,2,3,2019-07-01,9.558536461
PIR,0000000000,전국,1,3,2019-07-01,2.005111874
PIR,1100000000,서울,1,3,2019-07-01,5.625433667
PIR,0000000000,전국,5,2,2019-07-01,18.31315098
PIR,1100000000,서울,5,2,2019-07-01,40.40596059
PIR,0000000000,전국,4,2,2019-07-01,9.963042299
PIR,1100000000,서울,4,2,2019-07-01,23.22196044
PIR,0000000000,전국,3,2,2019-07-01,6.759165059
PIR,1100000000,서울,3,2,2019-07-01,17.17939747
PIR,0000000000,전국,2,2,2019-07-01,4.714290746
PIR,1100000000,서울,2,2,2019-07-01,13.06817776
PIR,0000000000,전국,1,2,2019-07-01,2.768457043
PIR,1100000000,서울,1,2,2019-07-01,7.69094384
PIR,0000000000,전국,5,1,2019-07-01,37.87320758
PIR,1100000000,서울,5,1,2019-07-01,81.3522212
PIR,0000000000,전국,4,1,2019-07-01,20.60444812
PIR,1100000000,서울,4,1,2019-07-01,46.75444004
PIR,0000000000,전국,3,1,2019-07-01,13.97854808
PIR,1100000000,서울,3,1,2019-07-01,34.58851423
PIR,0000000000,전국,2,1,2019-07-01,9.749568069
PIR,1100000000,서울,2,1,2019-07-01,26.31110044
PIR,0000000000,전국,1,1,2019-07-01,5.725412759
PIR,1100000000,서울,1,1,2019-07-01,15.48472936
PIR,0000000000,전국,5,5,2019-08-01,6.228510073
PIR,1100000000,서울,5,5,2019-08-01,14.13207497
PIR,0000000000,전국,4,5,2019-08-01,3.390597121
PIR,1100000000,서울,4,5,2019-08-01,7.984362675
PIR,0000000000,전국,3,5,2019-08-01,2.296393523
PIR,1100000000,서울,3,5,2019-08-01,5.900503205
PIR,0000000000,전국,2,5,2019-08-01,1.594357691
PIR,1100000000,서울,2,5,2019-08-01,4.51062369
PIR,0000000000,전국,1,5,2019-08-01,0.934188932
PIR,1100000000,서울,1,5,2019-08-01,2.641563153
PIR,0000000000,전국,5,4,2019-08-01,10.13412342
PIR,1100000000,서울,5,4,2019-08-01,23.09169011
PIR,0000000000,전국,4,4,2019-08-01,5.516685255
PIR,1100000000,서울,4,4,2019-08-01,13.04638059
PIR,0000000000,전국,3,4,2019-08-01,3.736356706
PIR,1100000000,서울,3,4,2019-08-01,9.641371967
PIR,0000000000,전국,2,4,2019-08-01,2.594106362
PIR,1100000000,서울,2,4,2019-08-01,7.37032068
PIR,0000000000,전국,1,4,2019-08-01,1.519976016
PIR,1100000000,서울,1,4,2019-08-01,4.316291687
PIR,0000000000,전국,5,3,2019-08-01,13.31636392
PIR,1100000000,서울,5,3,2019-08-01,30.28383334
PIR,0000000000,전국,4,3,2019-08-01,7.248992877
PIR,1100000000,서울,4,3,2019-08-01,17.10980935
PIR,0000000000,전국,3,3,2019-08-01,4.909619073
PIR,1100000000,서울,3,3,2019-08-01,12.64427595
PIR,0000000000,전국,2,3,2019-08-01,3.408687949
PIR,1100000000,서울,2,3,2019-08-01,9.665882493
PIR,0000000000,전국,1,3,2019-08-01,1.997267345
PIR,1100000000,서울,1,3,2019-08-01,5.660644911
PIR,0000000000,전국,5,2,2019-08-01,18.38589754
PIR,1100000000,서울,5,2,2019-08-01,41.40325445
PIR,0000000000,전국,4,2,2019-08-01,10.00868113
PIR,1100000000,서울,4,2,2019-08-01,23.39207795
PIR,0000000000,전국,3,2,2019-08-01,6.778708796
PIR,1100000000,서울,3,2,2019-08-01,17.28691901
PIR,0000000000,전국,2,2,2019-08-01,4.706373883
PIR,1100000000,서울,2,2,2019-08-01,13.21493841
PIR,0000000000,전국,1,2,2019-08-01,2.757626105
PIR,1100000000,서울,1,2,2019-08-01,7.73908372
PIR,0000000000,전국,5,1,2019-08-01,38.02365387
PIR,1100000000,서울,5,1,2019-08-01,83.36014451
PIR,0000000000,전국,4,1,2019-08-01,20.69883324
PIR,1100000000,서울,4,1,2019-08-01,47.09694985
PIR,0000000000,전국,3,1,2019-08-01,14.01896624
PIR,1100000000,서울,3,1,2019-08-01,34.80499507
PIR,0000000000,전국,2,1,2019-08-01,9.7331953
PIR,1100000000,서울,2,1,2019-08-01,26.60658419
PIR,0000000000,전국,1,1,2019-08-01,5.703013427
PIR,1100000000,서울,1,1,2019-08-01,15.58165284
PIR,0000000000,전국,5,5,2019-09-01,6.263236732
PIR,1100000000,서울,5,5,2019-09-01,14.23577172
PIR,0000000000,전국,4,5,2019-09-01,3.40681647
PIR,1100000000,서울,4,5,2019-09-01,8.083669083
PIR,0000000000,전국,3,5,2019-09-01,2.300292891
PIR,1100000000,서울,3,5,2019-09-01,5.951938599
PIR,0000000000,전국,2,5,2019-09-01,1.592722544
PIR,1100000000,서울,2,5,2019-09-01,4.568744909
PIR,0000000000,전국,1,5,2019-09-01,0.933058377
PIR,1100000000,서울,1,5,2019-09-01,2.653248294
PIR,0000000000,전국,5,4,2019-09-01,10.19062557
PIR,1100000000,서울,5,4,2019-09-01,23.26112971
PIR,0000000000,전국,4,4,2019-09-01,5.543075015
PIR,1100000000,서울,4,4,2019-09-01,13.20864641
PIR,0000000000,전국,3,4,2019-09-01,3.742701189
PIR,1100000000,서울,3,4,2019-09-01,9.725416963
PIR,0000000000,전국,2,4,2019-09-01,2.59144589
PIR,1100000000,서울,2,4,2019-09-01,7.465290258
PIR,0000000000,전국,1,4,2019-09-01,1.518136542
PIR,1100000000,서울,1,4,2019-09-01,4.335385108
PIR,0000000000,전국,5,3,2019-09-01,13.39060845
PIR,1100000000,서울,5,3,2019-09-01,30.50604664
PIR,0000000000,전국,4,3,2019-09-01,7.28366935
PIR,1100000000,서울,4,3,2019-09-01,17.32261453
PIR,0000000000,전국,3,3,2019-09-01,4.917955803
PIR,1100000000,서울,3,3,2019-09-01,12.75449762
PIR,0000000000,전국,2,3,2019-09-01,3.405192055
PIR,1100000000,서울,2,3,2019-09-01,9.790431317
PIR,0000000000,전국,1,3,2019-09-01,1.994850254
PIR,1100000000,서울,1,3,2019-09-01,5.685685174
PIR,0000000000,전국,5,2,2019-09-01,18.48840693
PIR,1100000000,서울,5,2,2019-09-01,41.70705858
PIR,0000000000,전국,4,2,2019-09-01,10.05655892
PIR,1100000000,서울,4,2,2019-09-01,23.68301955
PIR,0000000000,전국,3,2,2019-09-01,6.790219315
PIR,1100000000,서울,3,2,2019-09-01,17.43761116
PIR,0000000000,전국,2,2,2019-09-01,4.701547104
PIR,1100000000,서울,2,2,2019-09-01,13.38521826
PIR,0000000000,전국,1,2,2019-09-01,2.754288829
PIR,1100000000,서울,1,2,2019-09-01,7.773318104
PIR,0000000000,전국,5,1,2019-09-01,38.23565231
PIR,1100000000,서울,5,1,2019-09-01,83.97181518
PIR,0000000000,전국,4,1,2019-09-01,20.79784872
PIR,1100000000,서울,4,1,2019-09-01,47.68272346
PIR,0000000000,전국,3,1,2019-09-01,14.04277101
PIR,1100000000,서울,3,1,2019-09-01,35.10839439
PIR,0000000000,전국,2,1,2019-09-01,9.723213097
PIR,1100000000,서울,2,1,2019-09-01,26.94942084
PIR,0000000000,전국,1,1,2019-09-01,5.696111646
PIR,1100000000,서울,1,1,2019-09-01,15.65057938
PIR,0000000000,전국,5,5,2019-10-01,6.518815563
PIR,1100000000,서울,5,5,2019-10-01,14.84746217
PIR,0000000000,전국,4,5,2019-10-01,3.535200458
PIR,1100000000,서울,4,5,2019-10-01,8.431643738
PIR,0000000000,전국,3,5,2019-10-01,2.378848532
PIR,1100000000,서울,3,5,2019-10-01,6.168507919
PIR,0000000000,전국,2,5,2019-10-01,1.646003891
PIR,1100000000,서울,2,5,2019-10-01,4.700793236
PIR,0000000000,전국,1,5,2019-10-01,0.958953818
PIR,1100000000,서울,1,5,2019-10-01,2.714098403
PIR,0000000000,전국,5,4,2019-10-01,10.42158729
PIR,1100000000,서울,5,4,2019-10-01,23.83681953
PIR,0000000000,전국,4,4,2019-10-01,5.651701573
PIR,1100000000,서울,4,4,2019-10-01,13.53656051
PIR,0000000000,전국,3,4,2019-10-01,3.803049403
PIR,1100000000,서울,3,4,2019-10-01,9.903214999
PIR,0000000000,전국,2,4,2019-10-01,2.631455526
PIR,1100000000,서울,2,4,2019-10-01,7.546876278
PIR,0000000000,전국,1,4,2019-10-01,1.533073121
PIR,1100000000,서울,1,4,2019-10-01,4.357342224
PIR,0000000000,전국,5,3,2019-10-01,13.91972441
PIR,1100000000,서울,5,3,2019-10-01,31.62588354
PIR,0000000000,전국,4,3,2019-10-01,7.548766432
PIR,1100000000,서울,4,3,2019-10-01,17.95984929
PIR,0000000000,전국,3,3,2019-10-01,5.079590864
PIR,1100000000,서울,3,3,2019-10-01,13.13924972
PIR,0000000000,전국,2,3,2019-10-01,3.514736737
PIR,1100000000,서울,2,3,2019-10-01,10.01293943
PIR,0000000000,전국,1,3,2019-10-01,2.047668435
PIR,1100000000,서울,1,3,2019-10-01,5.78117385
PIR,0000000000,전국,5,2,2019-10-01,19.45521068
PIR,1100000000,서울,5,2,2019-10-01,44.25720215
PIR,0000000000,전국,4,2,2019-10-01,10.55070036
PIR,1100000000,서울,4,2,2019-10-01,25.13297944
PIR,0000000000,전국,3,2,2019-10-01,7.099602517
PIR,1100000000,서울,3,2,2019-10-01,18.38704143
PIR,0000000000,전국,2,2,2019-10-01,4.912449537
PIR,1100000000,서울,2,2,2019-10-01,14.01208868
PIR,0000000000,전국,1,2,2019-10-01,2.861969077
PIR,1100000000,서울,1,2,2019-10-01,8.090163851
PIR,0000000000,전국,5,1,2019-10-01,39.44613724
PIR,1100000000,서울,5,1,2019-10-01,88.20788924
PIR,0000000000,전국,4,1,2019-10-01,21.39192329
PIR,1100000000,서울,4,1,2019-10-01,50.09189372
PIR,0000000000,전국,3,1,2019-10-01,14.39469866
PIR,1100000000,서울,3,1,2019-10-01,36.64673849
PIR,0000000000,전국,2,1,2019-10-01,9.960167574
PIR,1100000000,서울,2,1,2019-10-01,27.9271329
PIR,0000000000,전국,1,1,2019-10-01,5.802744921
PIR,1100000000,서울,1,1,2019-10-01,16.12429711
PIR,0000000000,전국,5,5,2019-11-01,6.574709843
PIR,1100000000,서울,5,5,2019-11-01,14.85221728
PIR,0000000000,전국,4,5,2019-11-01,3.552524301
PIR,1100000000,서울,4,5,2019-11-01,8.619751599
PIR,0000000000,전국,3,5,2019-11-01,2.378138896
PIR,1100000000,서울,3,5,2019-11-01,6.230959481
PIR,0000000000,전국,2,5,2019-11-01,1.643908296
PIR,1100000000,서울,2,5,2019-11-01,4.733101192
PIR,0000000000,전국,1,5,2019-11-01,0.954378742
PIR,1100000000,서울,1,5,2019-11-01,2.734027868
PIR,0000000000,전국,5,4,2019-11-01,10.51094511
PIR,1100000000,서울,5,4,2019-11-01,23.84445361
PIR,0000000000,전국,4,4,2019-11-01,5.679397085
PIR,1100000000,서울,4,4,2019-11-01,13.83855779
PIR,0000000000,전국,3,4,2019-11-01,3.801914911
PIR,1100000000,서울,3,4,2019-11-01,10.0034777
PIR,0000000000,전국,2,4,2019-11-01,2.628105311
PIR,1100000000,서울,2,4,2019-11-01,7.598745002
PIR,0000000000,전국,1,4,2019-11-01,1.525758978
PIR,1100000000,서울,1,4,2019-11-01,4.389337932
PIR,0000000000,전국,5,3,2019-11-01,14.0390763
PIR,1100000000,서울,5,3,2019-11-01,31.63601218
PIR,0000000000,전국,4,3,2019-11-01,7.585758292
PIR,1100000000,서울,4,3,2019-11-01,18.36052903
PIR,0000000000,전국,3,3,2019-11-01,5.078075566
PIR,1100000000,서울,3,3,2019-11-01,13.27227486
PIR,0000000000,전국,2,3,2019-11-01,3.51026198
PIR,1100000000,서울,2,3,2019-11-01,10.0817571
PIR,0000000000,전국,1,3,2019-11-01,2.037899207
PIR,1100000000,서울,1,3,2019-11-01,5.82362467
PIR,0000000000,전국,5,2,2019-11-01,19.6220255
PIR,1100000000,서울,5,2,2019-11-01,44.27137616
PIR,0000000000,전국,4,2,2019-11-01,10.60240285
PIR,1100000000,서울,4,2,2019-11-01,25.69368992
PIR,0000000000,전국,3,2,2019-11-01,7.097484628
PIR,1100000000,서울,3,2,2019-11-01,18.57319657
PIR,0000000000,전국,2,2,2019-11-01,4.906195294
PIR,1100000000,서울,2,2,2019-11-01,14.10839199
PIR,0000000000,전국,1,2,2019-11-01,2.8483149
PIR,1100000000,서울,1,2,2019-11-01,8.149569449
PIR,0000000000,전국,5,1,2019-11-01,39.78436025
PIR,1100000000,서울,5,1,2019-11-01,88.23613908
PIR,0000000000,전국,4,1,2019-11-01,21.49675194
PIR,1100000000,서울,4,1,2019-11-01,51.20943133
PIR,0000000000,전국,3,1,2019-11-01,14.39040457
PIR,1100000000,서울,3,1,2019-11-01,37.01775951
PIR,0000000000,전국,2,1,2019-11-01,9.947486873
PIR,1100000000,서울,2,1,2019-11-01,28.11907254
PIR,0000000000,전국,1,1,2019-11-01,5.775060588
PIR,1100000000,서울,1,1,2019-11-01,16.24269688
PIR,0000000000,전국,5,5,2019-12-01,6.735363548
PIR,1100000000,서울,5,5,2019-12-01,15.152644
PIR,0000000000,전국,4,5,2019-12-01,3.598995371
PIR,1100000000,서울,4,5,2019-12-01,8.760266061
PIR,0000000000,전국,3,5,2019-12-01,2.393631907
PIR,1100000000,서울,3,5,2019-12-01,6.389376279
PIR,0000000000,전국,2,5,2019-12-01,1.647561812
PIR,1100000000,서울,2,5,2019-12-01,4.874942869
PIR,0000000000,전국,1,5,2019-12-01,0.956333147
PIR,1100000000,서울,1,5,2019-12-01,2.782875681
PIR,0000000000,전국,5,4,2019-12-01,10.76778112
PIR,1100000000,서울,5,4,2019-12-01,24.32677291
PIR,0000000000,전국,4,4,2019-12-01,5.753690078
PIR,1100000000,서울,4,4,2019-12-01,14.06414637
PIR,0000000000,전국,3,4,2019-12-01,3.826683486
PIR,1100000000,서울,3,4,2019-12-01,10.25780753
PIR,0000000000,전국,2,4,2019-12-01,2.633946163
PIR,1100000000,서울,2,4,2019-12-01,7.826464353
PIR,0000000000,전국,1,4,2019-12-01,1.528883472
PIR,1100000000,서울,1,4,2019-12-01,4.467760527
PIR,0000000000,전국,5,3,2019-12-01,14.38212256
PIR,1100000000,서울,5,3,2019-12-01,32.27593707
PIR,0000000000,전국,4,3,2019-12-01,7.684988665
PIR,1100000000,서울,4,3,2019-12-01,18.65983231
PIR,0000000000,전국,3,3,2019-12-01,5.111158025
PIR,1100000000,서울,3,3,2019-12-01,13.60971106
PIR,0000000000,전국,2,3,2019-12-01,3.518063387
PIR,1100000000,서울,2,3,2019-12-01,10.38388741
PIR,0000000000,전국,1,3,2019-12-01,2.042072478
PIR,1100000000,서울,1,3,2019-12-01,5.927673108
PIR,0000000000,전국,5,2,2019-12-01,20.10149169
PIR,1100000000,서울,5,2,2019-12-01,45.16688584
PIR,0000000000,전국,4,2,2019-12-01,10.74109438
PIR,1100000000,서울,4,2,2019-12-01,26.11253436
PIR,0000000000,전국,3,2,2019-12-01,7.143723058
PIR,1100000000,서울,3,2,2019-12-01,19.04540415
PIR,0000000000,전국,2,2,2019-12-01,4.917099103
PIR,1100000000,서울,2,2,2019-12-01,14.53119258
PIR,0000000000,전국,1,2,2019-12-01,2.854147764
PIR,1100000000,서울,1,2,2019-12-01,8.295174638
PIR,0000000000,전국,5,1,2019-12-01,40.75649515
PIR,1100000000,서울,5,1,2019-12-01,90.02095636
PIR,0000000000,전국,4,1,2019-12-01,21.77795398
PIR,1100000000,서울,4,1,2019-12-01,52.04421939
PIR,0000000000,전국,3,1,2019-12-01,14.48415464
PIR,1100000000,서울,3,1,2019-12-01,37.95890428
PIR,0000000000,전국,2,1,2019-12-01,9.969594737
PIR,1100000000,서울,2,1,2019-12-01,28.9617455
PIR,0000000000,전국,1,1,2019-12-01,5.786886928
PIR,1100000000,서울,1,1,2019-12-01,16.53289883
PIR,0000000000,전국,5,5,2020-01-01,5.968653041
PIR,1100000000,서울,5,5,2020-01-01,13.26085367
PIR,0000000000,전국,4,5,2020-01-01,3.183235183
PIR,1100000000,서울,4,5,2020-01-01,7.746903645
PIR,0000000000,전국,3,5,2020-01-01,2.109502589
PIR,1100000000,서울,3,5,2020-01-01,5.578795302
PIR,0000000000,전국,2,5,2020-01-01,1.4454546
PIR,1100000000,서울,2,5,2020-01-01,4.219258102
PIR,0000000000,전국,1,5,2020-01-01,0.837725064
PIR,1100000000,서울,1,5,2020-01-01,2.421751063
PIR,0000000000,전국,5,4,2020-01-01,10.50042129
PIR,1100000000,서울,5,4,2020-01-01,23.53032325
PIR,0000000000,전국,4,4,2020-01-01,5.600142988
PIR,1100000000,서울,4,4,2020-01-01,13.74626034
PIR,0000000000,전국,3,4,2020-01-01,3.711166613
PIR,1100000000,서울,3,4,2020-01-01,9.899125654
PIR,0000000000,전국,2,4,2020-01-01,2.542932575
PIR,1100000000,서울,2,4,2020-01-01,7.486735731
PIR,0000000000,전국,1,4,2020-01-01,1.473777422
PIR,1100000000,서울,1,4,2020-01-01,4.29720339
PIR,0000000000,전국,5,3,2020-01-01,14.41368636
PIR,1100000000,서울,5,3,2020-01-01,32.27844814
PIR,0000000000,전국,4,3,2020-01-01,7.687187247
PIR,1100000000,서울,4,3,2020-01-01,18.85685746
PIR,0000000000,전국,3,3,2020-01-01,5.0942329
PIR,1100000000,서울,3,3,2020-01-01,13.57943155
PIR,0000000000,전국,2,3,2020-01-01,3.490624954
PIR,1100000000,서울,2,3,2020-01-01,10.27016112
PIR,0000000000,전국,1,3,2020-01-01,2.02302031
PIR,1100000000,서울,1,3,2020-01-01,5.894821557
PIR,0000000000,전국,5,2,2020-01-01,21.01045306
PIR,1100000000,서울,5,2,2020-01-01,46.8033024
PIR,0000000000,전국,4,2,2020-01-01,11.20541149
PIR,1100000000,서울,4,2,2020-01-01,27.34218195
PIR,0000000000,전국,3,2,2020-01-01,7.425729863
PIR,1100000000,서울,3,2,2020-01-01,19.68998754
PIR,0000000000,전국,2,2,2020-01-01,5.088192563
PIR,1100000000,서울,2,2,2020-01-01,14.89159127
PIR,0000000000,전국,1,2,2020-01-01,2.948903715
PIR,1100000000,서울,1,2,2020-01-01,8.547409553
PIR,0000000000,전국,5,1,2020-01-01,44.44595932
PIR,1100000000,서울,5,1,2020-01-01,96.71570203
PIR,0000000000,전국,4,1,2020-01-01,23.70416583
PIR,1100000000,서울,4,1,2020-01-01,56.50067809
PIR,0000000000,전국,3,1,2020-01-01,15.70854691
PIR,1100000000,서울,3,1,2020-01-01,40.68796152
PIR,0000000000,전국,2,1,2020-01-01,10.76367078
PIR,1100000000,서울,2,1,2020-01-01,30.77241627
PIR,0000000000,전국,1,1,2020-01-01,6.238173646
PIR,1100000000,서울,1,1,2020-01-01,17.66261509
PIR,0000000000,전국,5,5,2020-02-01,6.065045222
PIR,1100000000,서울,5,5,2020-02-01,13.37619517
PIR,0000000000,전국,4,5,2020-02-01,3.23699729
PIR,1100000000,서울,4,5,2020-02-01,7.86137236
PIR,0000000000,전국,3,5,2020-02-01,2.132427986
PIR,1100000000,서울,3,5,2020-02-01,5.692236683
PIR,0000000000,전국,2,5,2020-02-01,1.454421826
PIR,1100000000,서울,2,5,2020-02-01,4.350454844
PIR,0000000000,전국,1,5,2020-02-01,0.838790823
PIR,1100000000,서울,1,5,2020-02-01,2.458217838
PIR,0000000000,전국,5,4,2020-02-01,10.67000034
PIR,1100000000,서울,5,4,2020-02-01,23.7349875
PIR,0000000000,전국,4,4,2020-02-01,5.694724591
PIR,1100000000,서울,4,4,2020-02-01,13.94937591
PIR,0000000000,전국,3,4,2020-02-01,3.751498379
PIR,1100000000,서울,3,4,2020-02-01,10.1004183
PIR,0000000000,전국,2,4,2020-02-01,2.558708271
PIR,1100000000,서울,2,4,2020-02-01,7.719533847
PIR,0000000000,전국,1,4,2020-02-01,1.475652371
PIR,1100000000,서울,1,4,2020-02-01,4.361910761
PIR,0000000000,전국,5,3,2020-02-01,14.64646361
PIR,1100000000,서울,5,3,2020-02-01,32.55920264
PIR,0000000000,전국,4,3,2020-02-01,7.817017235
PIR,1100000000,서울,4,3,2020-02-01,19.13548752
PIR,0000000000,전국,3,3,2020-02-01,5.149595387
PIR,1100000000,서울,3,3,2020-02-01,13.85556097
PIR,0000000000,전국,2,3,2020-02-01,3.512279888
PIR,1100000000,서울,2,3,2020-02-01,10.58950913
PIR,0000000000,전국,1,3,2020-02-01,2.025594009
PIR,1100000000,서울,1,3,2020-02-01,5.983585894
PIR,0000000000,전국,5,2,2020-02-01,21.34976637
PIR,1100000000,서울,5,2,2020-02-01,47.21039254
PIR,0000000000,전국,4,2,2020-02-01,11.39466127
PIR,1100000000,서울,4,2,2020-02-01,27.74619168
PIR,0000000000,전국,3,2,2020-02-01,7.50643031
PIR,1100000000,서울,3,2,2020-02-01,20.09037136
PIR,0000000000,전국,2,2,2020-02-01,5.119758394
PIR,1100000000,서울,2,2,2020-02-01,15.35464146
PIR,0000000000,전국,1,2,2020-02-01,2.95265533
PIR,1100000000,서울,1,2,2020-02-01,8.676116611
PIR,0000000000,전국,5,1,2020-02-01,45.16374991
PIR,1100000000,서울,5,1,2020-02-01,97.5569249
PIR,0000000000,전국,4,1,2020-02-01,24.10450882
PIR,1100000000,서울,4,1,2020-02-01,57.3355355
PIR,0000000000,전국,3,1,2020-02-01,15.87926235
PIR,1100000000,서울,3,1,2020-02-01,41.51532627
PIR,0000000000,전국,2,1,2020-02-01,10.83044581
PIR,1100000000,서울,2,1,2020-02-01,31.72927662
PIR,0000000000,전국,1,1,2020-02-01,6.246109892
PIR,1100000000,서울,1,1,2020-02-01,17.92857909
PIR,0000000000,전국,5,5,2020-03-01,6.306302785
PIR,1100000000,서울,5,5,2020-03-01,13.43896651
PIR,0000000000,전국,4,5,2020-03-01,3.363561136
PIR,1100000000,서울,4,5,2020-03-01,7.983471145
PIR,0000000000,전국,3,5,2020-03-01,2.164036946
PIR,1100000000,서울,3,5,2020-03-01,5.850751609
PIR,0000000000,전국,2,5,2020-03-01,1.45909251
PIR,1100000000,서울,2,5,2020-03-01,4.503744466
PIR,0000000000,전국,1,5,2020-03-01,0.840707521
PIR,1100000000,서울,1,5,2020-03-01,2.52468724
PIR,0000000000,전국,5,4,2020-03-01,11.09443547
PIR,1100000000,서울,5,4,2020-03-01,23.84637022
PIR,0000000000,전국,4,4,2020-03-01,5.917383489
PIR,1100000000,서울,4,4,2020-03-01,14.16603043
PIR,0000000000,전국,3,4,2020-03-01,3.807106805
PIR,1100000000,서울,3,4,2020-03-01,10.38169035
PIR,0000000000,전국,2,4,2020-03-01,2.566925226
PIR,1100000000,서울,2,4,2020-03-01,7.991534009
PIR,0000000000,전국,1,4,2020-03-01,1.479024343
PIR,1100000000,서울,1,4,2020-03-01,4.479855394
PIR,0000000000,전국,5,3,2020-03-01,15.22907594
PIR,1100000000,서울,5,3,2020-03-01,32.71199533
PIR,0000000000,전국,4,3,2020-03-01,8.122655973
PIR,1100000000,서울,4,3,2020-03-01,19.43269005
PIR,0000000000,전국,3,3,2020-03-01,5.225927792
PIR,1100000000,서울,3,3,2020-03-01,14.24140459
PIR,0000000000,전국,2,3,2020-03-01,3.523559113
PIR,1100000000,서울,2,3,2020-03-01,10.96263376
PIR,0000000000,전국,1,3,2020-03-01,2.030222638
PIR,1100000000,서울,1,3,2020-03-01,6.145380089
PIR,0000000000,전국,5,2,2020-03-01,22.1990251
PIR,1100000000,서울,5,2,2020-03-01,47.43193983
PIR,0000000000,전국,4,2,2020-03-01,11.84018285
PIR,1100000000,서울,4,2,2020-03-01,28.17713123
PIR,0000000000,전국,3,2,2020-03-01,7.617698056
PIR,1100000000,서울,3,2,2020-03-01,20.64983926
PIR,0000000000,전국,2,2,2020-03-01,5.136199824
PIR,1100000000,서울,2,2,2020-03-01,15.895667
PIR,0000000000,전국,1,2,2020-03-01,2.95940236
PIR,1100000000,서울,1,2,2020-03-01,8.910715951
PIR,0000000000,전국,5,1,2020-03-01,46.96028989
PIR,1100000000,서울,5,1,2020-03-01,98.01473664
PIR,0000000000,전국,4,1,2020-03-01,25.04697466
PIR,1100000000,서울,4,1,2020-03-01,58.2260415
PIR,0000000000,전국,3,1,2020-03-01,16.1146405
PIR,1100000000,서울,3,1,2020-03-01,42.67142698
PIR,0000000000,전국,2,1,2020-03-01,10.86522636
PIR,1100000000,서울,2,1,2020-03-01,32.84726749
PIR,0000000000,전국,1,1,2020-03-01,6.260382703
PIR,1100000000,서울,1,1,2020-03-01,18.41336197
PIR,0000000000,전국,5,5,2020-04-01,7.009226072
PIR,1100000000,서울,5,5,2020-04-01,15.00201073
PIR,0000000000,전국,4,5,2020-04-01,3.761340316
PIR,1100000000,서울,4,5,2020-04-01,8.960376029
PIR,0000000000,전국,3,5,2020-04-01,2.426913628
PIR,1100000000,서울,3,5,2020-04-01,6.589646707
PIR,0000000000,전국,2,5,2020-04-01,1.631129198
PIR,1100000000,서울,2,5,2020-04-01,5.105414086
PIR,0000000000,전국,1,5,2020-04-01,0.936929021
PIR,1100000000,서울,1,5,2020-04-01,2.832920415
PIR,0000000000,전국,5,4,2020-04-01,11.1528998
PIR,1100000000,서울,5,4,2020-04-01,24.20169853
PIR,0000000000,전국,4,4,2020-04-01,5.984947729
PIR,1100000000,서울,4,4,2020-04-01,14.45515027
PIR,0000000000,전국,3,4,2020-04-01,3.861642389
PIR,1100000000,서울,3,4,2020-04-01,10.63061785
PIR,0000000000,전국,2,4,2020-04-01,2.595410724
PIR,1100000000,서울,2,4,2020-04-01,8.236208787
PIR,0000000000,전국,1,4,2020-04-01,1.490817301
PIR,1100000000,서울,1,4,2020-04-01,4.5701531
PIR,0000000000,전국,5,3,2020-04-01,14.68677617
PIR,1100000000,서울,5,3,2020-04-01,31.72711471
PIR,0000000000,전국,4,3,2020-04-01,7.881321385
PIR,1100000000,서울,4,3,2020-04-01,18.94991834
PIR,0000000000,전국,3,3,2020-04-01,5.085231504
PIR,1100000000,서울,3,3,2020-04-01,13.93616368
PIR,0000000000,전국,2,3,2020-04-01,3.417785245
PIR,1100000000,서울,2,3,2020-04-01,10.79722321
PIR,0000000000,전국,1,3,2020-04-01,1.963193466
PIR,1100000000,서울,1,3,2020-04-01,5.991222951
PIR,0000000000,전국,5,2,2020-04-01,20.47036809
PIR,1100000000,서울,5,2,2020-04-01,43.93000441
PIR,0000000000,전국,4,2,2020-04-01,10.98495326
PIR,1100000000,서울,4,2,2020-04-01,26.23844001
PIR,0000000000,전국,3,2,2020-04-01,7.087774708
PIR,1100000000,서울,3,2,2020-04-01,19.29629396
PIR,0000000000,전국,2,2,2020-04-01,4.763694985
PIR,1100000000,서울,2,2,2020-04-01,14.95005352
PIR,0000000000,전국,1,2,2020-04-01,2.73629096
PIR,1100000000,서울,1,2,2020-04-01,8.295568413
PIR,0000000000,전국,5,1,2020-04-01,39.6057545
PIR,1100000000,서울,5,1,2020-04-01,84.17491846
PIR,0000000000,전국,4,1,2020-04-01,21.25351924
PIR,1100000000,서울,4,1,2020-04-01,50.27585537
PIR,0000000000,전국,3,1,2020-04-01,13.7133179
PIR,1100000000,서울,3,1,2020-04-01,36.97390866
PIR,0000000000,전국,2,1,2020-04-01,9.216724062
PIR,1100000000,서울,2,1,2020-04-01,28.64601434
PIR,0000000000,전국,1,1,2020-04-01,5.294133821
PIR,1100000000,서울,1,1,2020-04-01,15.89525893
PIR,0000000000,전국,5,5,2020-05-01,7.037930704
PIR,1100000000,서울,5,5,2020-05-01,14.97166598
PIR,0000000000,전국,4,5,2020-05-01,3.776313395
PIR,1100000000,서울,4,5,2020-05-01,8.971697638
PIR,0000000000,전국,3,5,2020-05-01,2.442154944
PIR,1100000000,서울,3,5,2020-05-01,6.617353709
PIR,0000000000,전국,2,5,2020-05-01,1.635409616
PIR,1100000000,서울,2,5,2020-05-01,5.119915667
PIR,0000000000,전국,1,5,2020-05-01,0.938578919
PIR,1100000000,서울,1,5,2020-05-01,2.850609942
PIR,0000000000,전국,5,4,2020-05-01,11.19857387
PIR,1100000000,서울,5,4,2020-05-01,24.15274546
PIR,0000000000,전국,4,4,2020-05-01,6.008772505
PIR,1100000000,서울,4,4,2020-05-01,14.47341463
PIR,0000000000,전국,3,4,2020-05-01,3.885893978
PIR,1100000000,서울,3,4,2020-05-01,10.67531563
PIR,0000000000,전국,2,4,2020-05-01,2.602221613
PIR,1100000000,서울,2,4,2020-05-01,8.259603178
PIR,0000000000,전국,1,4,2020-05-01,1.493442575
PIR,1100000000,서울,1,4,2020-05-01,4.598690382
PIR,0000000000,전국,5,3,2020-05-01,14.7469224
PIR,1100000000,서울,5,3,2020-05-01,31.66293989
PIR,0000000000,전국,4,3,2020-05-01,7.912695213
PIR,1100000000,서울,4,3,2020-05-01,18.97386193
PIR,0000000000,전국,3,3,2020-05-01,5.117167384
PIR,1100000000,서울,3,3,2020-05-01,13.99476004
PIR,0000000000,전국,2,3,2020-05-01,3.426754214
PIR,1100000000,서울,2,3,2020-05-01,10.82789198
PIR,0000000000,전국,1,3,2020-05-01,1.966650577
PIR,1100000000,서울,1,3,2020-05-01,6.02863378
PIR,0000000000,전국,5,2,2020-05-01,20.55419965
PIR,1100000000,서울,5,2,2020-05-01,43.84114665
PIR,0000000000,전국,4,2,2020-05-01,11.02868197
PIR,1100000000,서울,4,2,2020-05-01,26.27159279
PIR,0000000000,전국,3,2,2020-05-01,7.132286805
PIR,1100000000,서울,3,2,2020-05-01,19.37742766
PIR,0000000000,전국,2,2,2020-05-01,4.776195897
PIR,1100000000,서울,2,2,2020-05-01,14.99251813
PIR,0000000000,전국,1,2,2020-05-01,2.741109467
PIR,1100000000,서울,1,2,2020-05-01,8.347368203
PIR,0000000000,전국,5,1,2020-05-01,39.76795053
PIR,1100000000,서울,5,1,2020-05-01,84.00465682
PIR,0000000000,전국,4,1,2020-05-01,21.33812488
PIR,1100000000,서울,4,1,2020-05-01,50.33937989
PIR,0000000000,전국,3,1,2020-05-01,13.79943922
PIR,1100000000,서울,3,1,2020-05-01,37.12937012
PIR,0000000000,전국,2,1,2020-05-01,9.240910635
PIR,1100000000,서울,2,1,2020-05-01,28.72738139
PIR,0000000000,전국,1,1,2020-05-01,5.303456595
PIR,1100000000,서울,1,1,2020-05-01,15.99451325
PIR,0000000000,전국,5,5,2020-06-01,7.155748626
PIR,1100000000,서울,5,5,2020-06-01,15.06275027
PIR,0000000000,전국,4,5,2020-06-01,3.853230002
PIR,1100000000,서울,4,5,2020-06-01,9.040234481
PIR,0000000000,전국,3,5,2020-06-01,2.468537426
PIR,1100000000,서울,3,5,2020-06-01,6.687192787
PIR,0000000000,전국,2,5,2020-06-01,1.643975142
PIR,1100000000,서울,2,5,2020-06-01,5.205388982
PIR,0000000000,전국,1,5,2020-06-01,0.941599443
PIR,1100000000,서울,1,5,2020-06-01,2.883416796
PIR,0000000000,전국,5,4,2020-06-01,11.38604271
PIR,1100000000,서울,5,4,2020-06-01,24.2996854
PIR,0000000000,전국,4,4,2020-06-01,6.131160228
PIR,1100000000,서울,4,4,2020-06-01,14.58398034
PIR,0000000000,전국,3,4,2020-06-01,3.927873103
PIR,1100000000,서울,3,4,2020-06-01,10.78798214
PIR,0000000000,전국,2,4,2020-06-01,2.615850857
PIR,1100000000,서울,2,4,2020-06-01,8.397491321
PIR,0000000000,전국,1,4,2020-06-01,1.498248756
PIR,1100000000,서울,1,4,2020-06-01,4.651615394
PIR,0000000000,전국,5,3,2020-06-01,14.99379209
PIR,1100000000,서울,5,3,2020-06-01,31.85557018
PIR,0000000000,전국,4,3,2020-06-01,8.073862364
PIR,1100000000,서울,4,3,2020-06-01,19.11880758
PIR,0000000000,전국,3,3,2020-06-01,5.172447895
PIR,1100000000,서울,3,3,2020-06-01,14.14245974
PIR,0000000000,전국,2,3,2020-06-01,3.444701982
PIR,1100000000,서울,2,3,2020-06-01,11.00865586
PIR,0000000000,전국,1,3,2020-06-01,1.972979631
PIR,1100000000,서울,1,3,2020-06-01,6.098015601
PIR,0000000000,전국,5,2,2020-06-01,20.8982856
PIR,1100000000,서울,5,2,2020-06-01,44.10786645
PIR,0000000000,전국,4,2,2020-06-01,11.25331608
PIR,1100000000,서울,4,2,2020-06-01,26.47228747
PIR,0000000000,전국,3,2,2020-06-01,7.209336554
PIR,1100000000,서울,3,2,2020-06-01,19.58193565
PIR,0000000000,전국,2,2,2020-06-01,4.801211422
PIR,1100000000,서울,2,2,2020-06-01,15.24280746
PIR,0000000000,전국,1,2,2020-06-01,2.749930876
PIR,1100000000,서울,1,2,2020-06-01,8.443435675
PIR,0000000000,전국,5,1,2020-06-01,40.43368275
PIR,1100000000,서울,5,1,2020-06-01,84.51572249
PIR,0000000000,전국,4,1,2020-06-01,21.77274351
PIR,1100000000,서울,4,1,2020-06-01,50.72393388
PIR,0000000000,전국,3,1,2020-06-01,13.94851389
PIR,1100000000,서울,3,1,2020-06-01,37.52123084
PIR,0000000000,전국,2,1,2020-06-01,9.289310289
PIR,1100000000,서울,2,1,2020-06-01,29.20696439
PIR,0000000000,전국,1,1,2020-06-01,5.320524122
PIR,1100000000,서울,1,1,2020-06-01,16.17858953
PIR,0000000000,전국,5,5,2020-07-01,7.166810912
PIR,1100000000,서울,5,5,2020-07-01,15.0008674
PIR,0000000000,전국,4,5,2020-07-01,3.830365667
PIR,1100000000,서울,4,5,2020-07-01,9.008422363
PIR,0000000000,전국,3,5,2020-07-01,2.423706731
PIR,1100000000,서울,3,5,2020-07-01,6.727498606
PIR,0000000000,전국,2,5,2020-07-01,1.599652043
PIR,1100000000,서울,2,5,2020-07-01,5.277887626
PIR,0000000000,전국,1,5,2020-07-01,0.910778844
PIR,1100000000,서울,1,5,2020-07-01,2.914487841
PIR,0000000000,전국,5,4,2020-07-01,11.67826171
PIR,1100000000,서울,5,4,2020-07-01,24.40347328
PIR,0000000000,전국,4,4,2020-07-01,6.241550563
PIR,1100000000,서울,4,4,2020-07-01,14.65493884
PIR,0000000000,전국,3,4,2020-07-01,3.949410951
PIR,1100000000,서울,3,4,2020-07-01,10.94432262
PIR,0000000000,전국,2,4,2020-07-01,2.606620354
PIR,1100000000,서울,2,4,2020-07-01,8.586089469
PIR,0000000000,전국,1,4,2020-07-01,1.484106923
PIR,1100000000,서울,1,4,2020-07-01,4.741300901
PIR,0000000000,전국,5,3,2020-07-01,15.7521384
PIR,1100000000,서울,5,3,2020-07-01,32.9900227
PIR,0000000000,전국,4,3,2020-07-01,8.418870102
PIR,1100000000,서울,4,3,2020-07-01,19.81139158
PIR,0000000000,전국,3,3,2020-07-01,5.32713425
PIR,1100000000,서울,3,3,2020-07-01,14.79516655
PIR,0000000000,전국,2,3,2020-07-01,3.515920914
PIR,1100000000,서울,2,3,2020-07-01,11.60717097
PIR,0000000000,전국,1,3,2020-07-01,2.001826834
PIR,1100000000,서울,1,3,2020-07-01,6.409564022
PIR,0000000000,전국,5,2,2020-07-01,22.07072768
PIR,1100000000,서울,5,2,2020-07-01,45.86709159
PIR,0000000000,전국,4,2,2020-07-01,11.79589619
PIR,1100000000,서울,4,2,2020-07-01,27.5444161
PIR,0000000000,전국,3,2,2020-07-01,7.463985292
PIR,1100000000,서울,3,2,2020-07-01,20.5701968
PIR,0000000000,전국,2,2,2020-07-01,4.92624754
PIR,1100000000,서울,2,2,2020-07-01,16.13782381
PIR,0000000000,전국,1,2,2020-07-01,2.804811245
PIR,1100000000,서울,1,2,2020-07-01,8.911423395
PIR,0000000000,전국,5,1,2020-07-01,45.5247533
PIR,1100000000,서울,5,1,2020-07-01,92.8797741
PIR,0000000000,전국,4,1,2020-07-01,24.33110824
PIR,1100000000,서울,4,1,2020-07-01,55.7767902
PIR,0000000000,전국,3,1,2020-07-01,15.39578096
PIR,1100000000,서울,3,1,2020-07-01,41.65416132
PIR,0000000000,전국,2,1,2020-07-01,10.16125101
PIR,1100000000,서울,2,1,2020-07-01,32.67871099
PIR,0000000000,전국,1,1,2020-07-01,5.785415951
PIR,1100000000,서울,1,1,2020-07-01,18.0454213
PIR,0000000000,전국,5,5,2020-08-01,7.39680677
PIR,1100000000,서울,5,5,2020-08-01,15.27498611
PIR,0000000000,전국,4,5,2020-08-01,3.91637254
PIR,1100000000,서울,4,5,2020-08-01,9.219849889
PIR,0000000000,전국,3,5,2020-08-01,2.447842315
PIR,1100000000,서울,3,5,2020-08-01,6.885324031
PIR,0000000000,전국,2,5,2020-08-01,1.608071743
PIR,1100000000,서울,2,5,2020-08-01,5.405480281
PIR,0000000000,전국,1,5,2020-08-01,0.912399979
PIR,1100000000,서울,1,5,2020-08-01,2.972828657
PIR,0000000000,전국,5,4,2020-08-01,12.05303814
PIR,1100000000,서울,5,4,2020-08-01,24.84941072
PIR,0000000000,전국,4,4,2020-08-01,6.381698084
PIR,1100000000,서울,4,4,2020-08-01,14.99889002
PIR,0000000000,전국,3,4,2020-08-01,3.988739694
PIR,1100000000,서울,3,4,2020-08-01,11.20107368
PIR,0000000000,전국,2,4,2020-08-01,2.620340189
PIR,1100000000,서울,2,4,2020-08-01,8.793657729
PIR,0000000000,전국,1,4,2020-08-01,1.486748551
PIR,1100000000,서울,1,4,2020-08-01,4.836209983
PIR,0000000000,전국,5,3,2020-08-01,16.25765287
PIR,1100000000,서울,5,3,2020-08-01,33.59286666
PIR,0000000000,전국,4,3,2020-08-01,8.607907066
PIR,1100000000,서울,4,3,2020-08-01,20.27636462
PIR,0000000000,전국,3,3,2020-08-01,5.380182539
PIR,1100000000,서울,3,3,2020-08-01,15.14225744
PIR,0000000000,전국,2,3,2020-08-01,3.534426815
PIR,1100000000,서울,2,3,2020-08-01,11.88777371
PIR,0000000000,전국,1,3,2020-08-01,2.005389974
PIR,1100000000,서울,1,3,2020-08-01,6.537867593
PIR,0000000000,전국,5,2,2020-08-01,22.77901705
PIR,1100000000,서울,5,2,2020-08-01,46.70524497
PIR,0000000000,전국,4,2,2020-08-01,12.06076076
PIR,1100000000,서울,4,2,2020-08-01,28.19088309
PIR,0000000000,전국,3,2,2020-08-01,7.538312619
PIR,1100000000,서울,3,2,2020-08-01,21.05276845
PIR,0000000000,전국,2,2,2020-08-01,4.952176634
PIR,1100000000,서울,2,2,2020-08-01,16.52795485
PIR,0000000000,전국,1,2,2020-08-01,2.809803652
PIR,1100000000,서울,1,2,2020-08-01,9.089807984
PIR,0000000000,전국,5,1,2020-08-01,46.98572455
PIR,1100000000,서울,5,1,2020-08-01,94.57701484
PIR,0000000000,전국,4,1,2020-08-01,24.87743795
PIR,1100000000,서울,4,1,2020-08-01,57.08587056
PIR,0000000000,전국,3,1,2020-08-01,15.54909413
PIR,1100000000,서울,3,1,2020-08-01,42.63135746
PIR,0000000000,전국,2,1,2020-08-01,10.21473432
PIR,1100000000,서울,2,1,2020-08-01,33.4687171
PIR,0000000000,전국,1,1,2020-08-01,5.795713668
PIR,1100000000,서울,1,1,2020-08-01,18.40664587
PIR,0000000000,전국,5,5,2020-09-01,7.582813454
PIR,1100000000,서울,5,5,2020-09-01,15.50026608
PIR,0000000000,전국,4,5,2020-09-01,3.994373713
PIR,1100000000,서울,4,5,2020-09-01,9.46115029
PIR,0000000000,전국,3,5,2020-09-01,2.48489454
PIR,1100000000,서울,3,5,2020-09-01,7.089206869
PIR,0000000000,전국,2,5,2020-09-01,1.621576273
PIR,1100000000,서울,2,5,2020-09-01,5.608868546
PIR,0000000000,전국,1,5,2020-09-01,0.913848305
PIR,1100000000,서울,1,5,2020-09-01,3.074063013
PIR,0000000000,전국,5,4,2020-09-01,12.35613456
PIR,1100000000,서울,5,4,2020-09-01,25.21589712
PIR,0000000000,전국,4,4,2020-09-01,6.508800378
PIR,1100000000,서울,4,4,2020-09-01,15.39143851
PIR,0000000000,전국,3,4,2020-09-01,4.049116002
PIR,1100000000,서울,3,4,2020-09-01,11.53275112
PIR,0000000000,전국,2,4,2020-09-01,2.642345713
PIR,1100000000,서울,2,4,2020-09-01,9.124530602
PIR,0000000000,전국,1,4,2020-09-01,1.489108586
PIR,1100000000,서울,1,4,2020-09-01,5.000898453
PIR,0000000000,전국,5,3,2020-09-01,16.66648227
PIR,1100000000,서울,5,3,2020-09-01,34.08830411
PIR,0000000000,전국,4,3,2020-09-01,8.779348072
PIR,1100000000,서울,4,3,2020-09-01,20.80703431
PIR,0000000000,전국,3,3,2020-09-01,5.461620683
PIR,1100000000,서울,3,3,2020-09-01,15.59063814
PIR,0000000000,전국,2,3,2020-09-01,3.564108805
PIR,1100000000,서울,2,3,2020-09-01,12.33506674
PIR,0000000000,전국,1,3,2020-09-01,2.008573291
PIR,1100000000,서울,1,3,2020-09-01,6.760502966
PIR,0000000000,전국,5,2,2020-09-01,23.35183847
PIR,1100000000,서울,5,2,2020-09-01,47.39406762
PIR,0000000000,전국,4,2,2020-09-01,12.30097118
PIR,1100000000,서울,4,2,2020-09-01,28.92869027
PIR,0000000000,전국,3,2,2020-09-01,7.652417704
PIR,1100000000,서울,3,2,2020-09-01,21.67616658
PIR,0000000000,전국,2,2,2020-09-01,4.993764837
PIR,1100000000,서울,2,2,2020-09-01,17.14984077
PIR,0000000000,전국,1,2,2020-09-01,2.81426388
PIR,1100000000,서울,1,2,2020-09-01,9.399345116
PIR,0000000000,전국,5,1,2020-09-01,48.16726938
PIR,1100000000,서울,5,1,2020-09-01,95.97186439
PIR,0000000000,전국,4,1,2020-09-01,25.37291414
PIR,1100000000,서울,4,1,2020-09-01,58.57991261
PIR,0000000000,전국,3,1,2020-09-01,15.78445592
PIR,1100000000,서울,3,1,2020-09-01,43.89372393
PIR,0000000000,전국,2,1,2020-09-01,10.3005173
PIR,1100000000,서울,2,1,2020-09-01,34.72802135
PIR,0000000000,전국,1,1,2020-09-01,5.804913671
PIR,1100000000,서울,1,1,2020-09-01,19.03345123
PIR,0000000000,전국,5,5,2020-10-01,7.935067801
PIR,1100000000,서울,5,5,2020-10-01,16.21758168
PIR,0000000000,전국,4,5,2020-10-01,4.21482951
PIR,1100000000,서울,4,5,2020-10-01,9.991607653
PIR,0000000000,전국,3,5,2020-10-01,2.624864526
PIR,1100000000,서울,3,5,2020-10-01,7.447623353
PIR,0000000000,전국,2,5,2020-10-01,1.699071
PIR,1100000000,서울,2,5,2020-10-01,5.879056984
PIR,0000000000,전국,1,5,2020-10-01,0.952414211
PIR,1100000000,서울,1,5,2020-10-01,3.242809797
PIR,0000000000,전국,5,4,2020-10-01,12.76743208
PIR,1100000000,서울,5,4,2020-10-01,26.00243418
PIR,0000000000,전국,4,4,2020-10-01,6.781611808
PIR,1100000000,서울,4,4,2020-10-01,16.02002848
PIR,0000000000,전국,3,4,2020-10-01,4.223376585
PIR,1100000000,서울,3,4,2020-10-01,11.94113523
PIR,0000000000,전국,2,4,2020-10-01,2.733785538
PIR,1100000000,서울,2,4,2020-10-01,9.426176803
PIR,0000000000,전국,1,4,2020-10-01,1.532423422
PIR,1100000000,서울,1,4,2020-10-01,5.199354007
PIR,0000000000,전국,5,3,2020-10-01,17.19049962
PIR,1100000000,서울,5,3,2020-10-01,35.16326303
PIR,0000000000,전국,4,3,2020-10-01,9.130990042
PIR,1100000000,서울,4,3,2020-10-01,21.66399004
PIR,0000000000,전국,3,3,2020-10-01,5.686496166
PIR,1100000000,서울,3,3,2020-10-01,16.14807584
PIR,0000000000,전국,2,3,2020-10-01,3.68086072
PIR,1100000000,서울,2,3,2020-10-01,12.74708098
PIR,0000000000,전국,1,3,2020-10-01,2.063306395
PIR,1100000000,서울,1,3,2020-10-01,7.031120673
PIR,0000000000,전국,5,2,2020-10-01,24.29314555
PIR,1100000000,서울,5,2,2020-10-01,49.1729295
PIR,0000000000,전국,4,2,2020-10-01,12.90366627
PIR,1100000000,서울,4,2,2020-10-01,30.29530717
PIR,0000000000,전국,3,2,2020-10-01,8.036001401
PIR,1100000000,서울,3,2,2020-10-01,22.58175511
PIR,0000000000,전국,2,2,2020-10-01,5.201692051
PIR,1100000000,서울,2,2,2020-10-01,17.8257437
PIR,0000000000,전국,1,2,2020-10-01,2.915808363
PIR,1100000000,서울,1,2,2020-10-01,9.832443617
PIR,0000000000,전국,5,1,2020-10-01,48.49836689
PIR,1100000000,서울,5,1,2020-10-01,98.14778704
PIR,0000000000,전국,4,1,2020-10-01,25.76063029
PIR,1100000000,서울,4,1,2020-10-01,60.46858275
PIR,0000000000,전국,3,1,2020-10-01,16.04291809
PIR,1100000000,서울,3,1,2020-10-01,45.07254935
PIR,0000000000,전국,2,1,2020-10-01,10.38455761
PIR,1100000000,서울,2,1,2020-10-01,35.57968408
PIR,0000000000,전국,1,1,2020-10-01,5.821063538
PIR,1100000000,서울,1,1,2020-10-01,19.62528147
PIR,0000000000,전국,5,5,2020-11-01,8.190865576
PIR,1100000000,서울,5,5,2020-11-01,15.94566629
PIR,0000000000,전국,4,5,2020-11-01,4.351018867
PIR,1100000000,서울,4,5,2020-11-01,10.16915616
PIR,0000000000,전국,3,5,2020-11-01,2.694240748
PIR,1100000000,서울,3,5,2020-11-01,7.584113086
PIR,0000000000,전국,2,5,2020-11-01,1.724088559
PIR,1100000000,서울,2,5,2020-11-01,6.0059089
PIR,0000000000,전국,1,5,2020-11-01,0.967824274
PIR,1100000000,서울,1,5,2020-11-01,3.313752817
PIR,0000000000,전국,5,4,2020-11-01,13.17900774
PIR,1100000000,서울,5,4,2020-11-01,25.56645905
PIR,0000000000,전국,4,4,2020-11-01,7.000738905
PIR,1100000000,서울,4,4,2020-11-01,16.3047006
PIR,0000000000,전국,3,4,2020-11-01,4.335002122
PIR,1100000000,서울,3,4,2020-11-01,12.15997583
PIR,0000000000,전국,2,4,2020-11-01,2.774038499
PIR,1100000000,서울,2,4,2020-11-01,9.629564624
PIR,0000000000,전국,1,4,2020-11-01,1.557218034
PIR,1100000000,서울,1,4,2020-11-01,5.313100387
PIR,0000000000,전국,5,3,2020-11-01,17.74465891
PIR,1100000000,서울,5,3,2020-11-01,34.57369099
PIR,0000000000,전국,4,3,2020-11-01,9.426030129
PIR,1100000000,서울,4,3,2020-11-01,22.04895402
PIR,0000000000,전국,3,3,2020-11-01,5.83679254
PIR,1100000000,서울,3,3,2020-11-01,16.44401542
PIR,0000000000,전국,2,3,2020-11-01,3.73505866
PIR,1100000000,서울,2,3,2020-11-01,13.02212367
PIR,0000000000,전국,1,3,2020-11-01,2.096690693
PIR,1100000000,서울,1,3,2020-11-01,7.184940652
PIR,0000000000,전국,5,2,2020-11-01,25.07626835
PIR,1100000000,서울,5,2,2020-11-01,48.34846152
PIR,0000000000,전국,4,2,2020-11-01,13.32060888
PIR,1100000000,서울,4,2,2020-11-01,30.83364762
PIR,0000000000,전국,3,2,2020-11-01,8.24839614
PIR,1100000000,서울,3,2,2020-11-01,22.99560226
PIR,0000000000,전국,2,2,2020-11-01,5.278283102
PIR,1100000000,서울,2,2,2020-11-01,18.21036827
PIR,0000000000,전국,1,2,2020-11-01,2.962986143
PIR,1100000000,서울,1,2,2020-11-01,10.0475482
PIR,0000000000,전국,5,1,2020-11-01,50.06177815
PIR,1100000000,서울,5,1,2020-11-01,96.50217211
PIR,0000000000,전국,4,1,2020-11-01,26.59300647
PIR,1100000000,서울,4,1,2020-11-01,61.54309518
PIR,0000000000,전국,3,1,2020-11-01,16.46693885
PIR,1100000000,서울,3,1,2020-11-01,45.89857665
PIR,0000000000,전국,2,1,2020-11-01,10.53746251
PIR,1100000000,서울,2,1,2020-11-01,36.34738392
PIR,0000000000,전국,1,1,2020-11-01,5.915248348
PIR,1100000000,서울,1,1,2020-11-01,20.05462418
PIR,0000000000,전국,5,5,2020-12-01,8.310050462
PIR,1100000000,서울,5,5,2020-12-01,16.76434146
PIR,0000000000,전국,4,5,2020-12-01,4.487705024
PIR,1100000000,서울,4,5,2020-12-01,10.39168302
PIR,0000000000,전국,3,5,2020-12-01,2.786441714
PIR,1100000000,서울,3,5,2020-12-01,7.748062757
PIR,0000000000,전국,2,5,2020-12-01,1.758702179
PIR,1100000000,서울,2,5,2020-12-01,6.109338946
PIR,0000000000,전국,1,5,2020-12-01,0.975717821
PIR,1100000000,서울,1,5,2020-12-01,3.37879264
PIR,0000000000,전국,5,4,2020-12-01,13.37077483
PIR,1100000000,서울,5,4,2020-12-01,26.87908062
PIR,0000000000,전국,4,4,2020-12-01,7.220665346
PIR,1100000000,서울,4,4,2020-12-01,16.66148869
PIR,0000000000,전국,3,4,2020-12-01,4.483352408
PIR,1100000000,서울,3,4,2020-12-01,12.42284428
PIR,0000000000,전국,2,4,2020-12-01,2.829731413
PIR,1100000000,서울,2,4,2020-12-01,9.795399027
PIR,0000000000,전국,1,4,2020-12-01,1.569918661
PIR,1100000000,서울,1,4,2020-12-01,5.417381884
PIR,0000000000,전국,5,3,2020-12-01,18.00286058
PIR,1100000000,서울,5,3,2020-12-01,36.34875778
PIR,0000000000,전국,4,3,2020-12-01,9.722146481
PIR,1100000000,서울,4,3,2020-12-01,22.53144091
PIR,0000000000,전국,3,3,2020-12-01,6.036536351
PIR,1100000000,서울,3,3,2020-12-01,16.79949416
PIR,0000000000,전국,2,3,2020-12-01,3.81004547
PIR,1100000000,서울,2,3,2020-12-01,13.24638263
PIR,0000000000,전국,1,3,2020-12-01,2.113791244
PIR,1100000000,서울,1,3,2020-12-01,7.325961208
PIR,0000000000,전국,5,2,2020-12-01,25.44115191
PIR,1100000000,서울,5,2,2020-12-01,50.83074634
PIR,0000000000,전국,4,2,2020-12-01,13.73907244
PIR,1100000000,서울,4,2,2020-12-01,31.50836584
PIR,0000000000,전국,3,2,2020-12-01,8.530668649
PIR,1100000000,서울,3,2,2020-12-01,23.49271002
PIR,0000000000,전국,2,2,2020-12-01,5.384252419
PIR,1100000000,서울,2,2,2020-12-01,18.52397596
PIR,0000000000,전국,1,2,2020-12-01,2.987152176
PIR,1100000000,서울,1,2,2020-12-01,10.24475384
PIR,0000000000,전국,5,1,2020-12-01,50.79022464
PIR,1100000000,서울,5,1,2020-12-01,101.4567429
PIR,0000000000,전국,4,1,2020-12-01,27.42841904
PIR,1100000000,서울,4,1,2020-12-01,62.8898138
PIR,0000000000,전국,3,1,2020-12-01,17.03046224
PIR,1100000000,서울,3,1,2020-12-01,46.89078978
PIR,0000000000,전국,2,1,2020-12-01,10.74901761
PIR,1100000000,서울,2,1,2020-12-01,36.97333607
PIR,0000000000,전국,1,1,2020-12-01,5.963492949
PIR,1100000000,서울,1,1,2020-12-01,20.44824111
PIR,0000000000,전국,5,5,2021-01-01,7.972868075
PIR,1100000000,서울,5,5,2021-01-01,15.753482138
PIR,0000000000,전국,4,5,2021-01-01,4.3055997096
PIR,1100000000,서울,4,5,2021-01-01,9.826484192
PIR,0000000000,전국,3,5,2021-01-01,2.6647851626
PIR,1100000000,서울,3,5,2021-01-01,7.329257082
PIR,0000000000,전국,2,5,2021-01-01,1.6772476607
PIR,1100000000,서울,2,5,2021-01-01,5.741768772
PIR,0000000000,전국,1,5,2021-01-01,0.9206611718
PIR,1100000000,서울,1,5,2021-01-01,3.173364092
PIR,0000000000,전국,5,4,2021-01-01,13.37725954
PIR,1100000000,서울,5,4,2021-01-01,26.3998666105
PIR,0000000000,전국,4,4,2021-01-01,7.2241412078
PIR,1100000000,서울,4,4,2021-01-01,16.46733526
PIR,0000000000,전국,3,4,2021-01-01,4.471104051
PIR,1100000000,서울,3,4,2021-01-01,12.28245334
PIR,0000000000,전국,2,4,2021-01-01,2.8141663783
PIR,1100000000,서울,2,4,2021-01-01,9.6221221669
PIR,0000000000,전국,1,4,2021-01-01,1.544729366
PIR,1100000000,서울,1,4,2021-01-01,5.317960056
PIR,0000000000,전국,5,3,2021-01-01,18.5359328659
PIR,1100000000,서울,5,3,2021-01-01,36.61365471
PIR,0000000000,전국,4,3,2021-01-01,10.00998717
PIR,1100000000,서울,4,3,2021-01-01,22.8383474903
PIR,0000000000,전국,3,3,2021-01-01,6.195296148
PIR,1100000000,서울,3,3,2021-01-01,17.0343855253
PIR,0000000000,전국,2,3,2021-01-01,3.8993935113
PIR,1100000000,서울,2,3,2021-01-01,13.3448044958
PIR,0000000000,전국,1,3,2021-01-01,2.1404234352
PIR,1100000000,서울,1,3,2021-01-01,7.375414283
PIR,0000000000,전국,5,2,2021-01-01,26.50709196
PIR,1100000000,서울,5,2,2021-01-01,52.12497676
PIR,0000000000,전국,4,2,2021-01-01,14.31466398
PIR,1100000000,서울,4,2,2021-01-01,32.51378049
PIR,0000000000,전국,3,2,2021-01-01,8.859510114
PIR,1100000000,서울,3,2,2021-01-01,24.2509784
PIR,0000000000,전국,2,2,2021-01-01,5.576281654
PIR,1100000000,서울,2,2,2021-01-01,18.9983116855
PIR,0000000000,전국,1,2,2021-01-01,3.060887263
PIR,1100000000,서울,1,2,2021-01-01,10.49999791
PIR,0000000000,전국,5,1,2021-01-01,53.61221751
PIR,1100000000,서울,5,1,2021-01-01,104.2308776177
PIR,0000000000,전국,4,1,2021-01-01,28.9522849201
PIR,1100000000,서울,4,1,2021-01-01,65.0156620767
PIR,0000000000,전국,3,1,2021-01-01,17.91890201
PIR,1100000000,서울,3,1,2021-01-01,48.4930817988
PIR,0000000000,전국,2,1,2021-01-01,11.27837129
PIR,1100000000,서울,2,1,2021-01-01,37.98967066
PIR,0000000000,전국,1,1,2021-01-01,6.190832023
PIR,1100000000,서울,1,1,2021-01-01,20.9961532
PIR,0000000000,전국,5,5,2021-02-01,8.1508635006
PIR,1100000000,서울,5,5,2021-02-01,16.0514390385
PIR,0000000000,전국,4,5,2021-02-01,4.4428058072
PIR,1100000000,서울,4,5,2021-02-01,9.9993548121
PIR,0000000000,전국,3,5,2021-02-01,2.7403641827
PIR,1100000000,서울,3,5,2021-02-01,7.4913842151
PIR,0000000000,전국,2,5,2021-02-01,1.7001583889
PIR,1100000000,서울,2,5,2021-02-01,5.9000275646
PIR,0000000000,전국,1,5,2021-02-01,0.9236316335
PIR,1100000000,서울,1,5,2021-02-01,3.2376157766
PIR,0000000000,전국,5,4,2021-02-01,13.6759087852
PIR,1100000000,서울,5,4,2021-02-01,26.8991862124
PIR,0000000000,전국,4,4,2021-02-01,7.4543521634
PIR,1100000000,서울,4,4,2021-02-01,16.7570338367
PIR,0000000000,전국,3,4,2021-02-01,4.5979141471
PIR,1100000000,서울,3,4,2021-02-01,12.5541478561
PIR,0000000000,전국,2,4,2021-02-01,2.8526070944
PIR,1100000000,서울,2,4,2021-02-01,9.8873340726
PIR,0000000000,전국,1,4,2021-02-01,1.5497133488
PIR,1100000000,서울,1,4,2021-02-01,5.4256337673
PIR,0000000000,전국,5,3,2021-02-01,18.9497502313
PIR,1100000000,서울,5,3,2021-02-01,37.3061550117
PIR,0000000000,전국,4,3,2021-02-01,10.3289743921
PIR,1100000000,서울,4,3,2021-02-01,23.2401269284
PIR,0000000000,전국,3,3,2021-02-01,6.3710080289
PIR,1100000000,서울,3,3,2021-02-01,17.4111953522
PIR,0000000000,전국,2,3,2021-02-01,3.9526581228
PIR,1100000000,서울,2,3,2021-02-01,13.7126236701
PIR,0000000000,전국,1,3,2021-02-01,2.1473293914
PIR,1100000000,서울,1,3,2021-02-01,7.5247456469
PIR,0000000000,전국,5,2,2021-02-01,27.0988665941
PIR,1100000000,서울,5,2,2021-02-01,53.1108538101
PIR,0000000000,전국,4,2,2021-02-01,14.7708278838
PIR,1100000000,서울,4,2,2021-02-01,33.0857732038
PIR,0000000000,전국,3,2,2021-02-01,9.1107848145
PIR,1100000000,서울,3,2,2021-02-01,24.787423167
PIR,0000000000,전국,2,2,2021-02-01,5.6524520828
PIR,1100000000,서울,2,2,2021-02-01,19.5219569229
PIR,0000000000,전국,1,2,2021-02-01,3.0707630445
PIR,1100000000,서울,1,2,2021-02-01,10.7125932942
PIR,0000000000,전국,5,1,2021-02-01,54.8091179703
PIR,1100000000,서울,5,1,2021-02-01,106.2022709237
PIR,0000000000,전국,4,1,2021-02-01,29.8749043688
PIR,1100000000,서울,4,1,2021-02-01,66.1594381833
PIR,0000000000,전국,3,1,2021-02-01,18.4271204836
PIR,1100000000,서울,3,1,2021-02-01,49.5657750127
PIR,0000000000,전국,2,1,2021-02-01,11.4324306498
PIR,1100000000,서울,2,1,2021-02-01,39.0367694991
PIR,0000000000,전국,1,1,2021-02-01,6.2108063959
PIR,1100000000,서울,1,1,2021-02-01,21.4212661577
PIR,0000000000,전국,5,5,2021-03-01,8.248266922
PIR,1100000000,서울,5,5,2021-03-01,16.3789807715
PIR,0000000000,전국,4,5,2021-03-01,4.5643977439
PIR,1100000000,서울,4,5,2021-03-01,10.1642394267
PIR,0000000000,전국,3,5,2021-03-01,2.8317780989
PIR,1100000000,서울,3,5,2021-03-01,7.6627617446
PIR,0000000000,전국,2,5,2021-03-01,1.7270436179
PIR,1100000000,서울,2,5,2021-03-01,5.9741556729
PIR,0000000000,전국,1,5,2021-03-01,0.932262857
PIR,1100000000,서울,1,5,2021-03-01,3.2765971288
PIR,0000000000,전국,5,4,2021-03-01,13.8393369062
PIR,1100000000,서울,5,4,2021-03-01,27.448084417
PIR,0000000000,전국,4,4,2021-03-01,7.6583649327
PIR,1100000000,서울,4,4,2021-03-01,17.0333493708
PIR,0000000000,전국,3,4,2021-03-01,4.7512927897
PIR,1100000000,서울,3,4,2021-03-01,12.8413442916
PIR,0000000000,전국,2,4,2021-03-01,2.897716418
PIR,1100000000,서울,2,4,2021-03-01,10.0115588093
PIR,0000000000,전국,1,4,2021-03-01,1.5641952286
PIR,1100000000,서울,1,4,2021-03-01,5.4909591657
PIR,0000000000,전국,5,3,2021-03-01,19.1762011474
PIR,1100000000,서울,5,3,2021-03-01,38.0674152723
PIR,0000000000,전국,4,3,2021-03-01,10.6116606168
PIR,1100000000,서울,4,3,2021-03-01,23.6233455903
PIR,0000000000,전국,3,3,2021-03-01,6.5835340857
PIR,1100000000,서울,3,3,2021-03-01,17.8095046043
PIR,0000000000,전국,2,3,2021-03-01,4.0151629573
PIR,1100000000,서울,2,3,2021-03-01,13.8849094504
PIR,0000000000,전국,1,3,2021-03-01,2.1673959194
PIR,1100000000,서울,1,3,2021-03-01,7.6153446495
PIR,0000000000,전국,5,2,2021-03-01,27.4227000532
PIR,1100000000,서울,5,2,2021-03-01,54.1946208828
PIR,0000000000,전국,4,2,2021-03-01,15.1750799819
PIR,1100000000,서울,4,2,2021-03-01,33.6313418995
PIR,0000000000,전국,3,2,2021-03-01,9.4147051928
PIR,1100000000,서울,3,2,2021-03-01,25.3544755596
PIR,0000000000,전국,2,2,2021-03-01,5.7418363834
PIR,1100000000,서울,2,2,2021-03-01,19.7672313256
PIR,0000000000,전국,1,2,2021-03-01,3.0994589458
PIR,1100000000,서울,1,2,2021-03-01,10.8415744337
PIR,0000000000,전국,5,1,2021-03-01,55.4640909819
PIR,1100000000,서울,5,1,2021-03-01,108.3694084487
PIR,0000000000,전국,4,1,2021-03-01,30.6925290048
PIR,1100000000,서울,4,1,2021-03-01,67.2503759157
PIR,0000000000,전국,3,1,2021-03-01,19.0418180693
PIR,1100000000,서울,3,1,2021-03-01,50.6996722768
PIR,0000000000,전국,2,1,2021-03-01,11.6132158741
PIR,1100000000,서울,2,1,2021-03-01,39.5272285427
PIR,0000000000,전국,1,1,2021-03-01,6.2688456145
PIR,1100000000,서울,1,1,2021-03-01,21.6791812342
PIR,0000000000,전국,5,5,2021-04-01,8.6377923442
PIR,1100000000,서울,5,5,2021-04-01,17.0172868227
PIR,0000000000,전국,4,5,2021-04-01,4.8198069203
PIR,1100000000,서울,4,5,2021-04-01,10.689434119
PIR,0000000000,전국,3,5,2021-04-01,3.0122435297
PIR,1100000000,서울,3,5,2021-04-01,8.1400701604
PIR,0000000000,전국,2,5,2021-04-01,1.8300308012
PIR,1100000000,서울,2,5,2021-04-01,6.3466093304
PIR,0000000000,전국,1,5,2021-04-01,0.9808695165
PIR,1100000000,서울,1,5,2021-04-01,3.4675002963
PIR,0000000000,전국,5,4,2021-04-01,14.6721425002
PIR,1100000000,서울,5,4,2021-04-01,28.6361910162
PIR,0000000000,전국,4,4,2021-04-01,8.1869175756
PIR,1100000000,서울,4,4,2021-04-01,17.9878661314
PIR,0000000000,전국,3,4,2021-04-01,5.1165928228
PIR,1100000000,서울,3,4,2021-04-01,13.6978712545
PIR,0000000000,전국,2,4,2021-04-01,3.1084878665
PIR,1100000000,서울,2,4,2021-04-01,10.679887986
PIR,0000000000,전국,1,4,2021-04-01,1.6661036463
PIR,1100000000,서울,1,4,2021-04-01,5.83500777
PIR,0000000000,전국,5,3,2021-04-01,19.3553803557
PIR,1100000000,서울,5,3,2021-04-01,37.9384185109
PIR,0000000000,전국,4,3,2021-04-01,10.8001202698
PIR,1100000000,서울,4,3,2021-04-01,23.8310742175
PIR,0000000000,전국,3,3,2021-04-01,6.7497708811
PIR,1100000000,서울,3,3,2021-04-01,18.147510333
PIR,0000000000,전국,2,3,2021-04-01,4.100693882
PIR,1100000000,서울,2,3,2021-04-01,14.1491604045
PIR,0000000000,전국,1,3,2021-04-01,2.1979114356
PIR,1100000000,서울,1,3,2021-04-01,7.7304613127
PIR,0000000000,전국,5,2,2021-04-01,26.9719491254
PIR,1100000000,서울,5,2,2021-04-01,52.4463135248
PIR,0000000000,전국,4,2,2021-04-01,15.0500940364
PIR,1100000000,서울,4,2,2021-04-01,32.944230126
PIR,0000000000,전국,3,2,2021-04-01,9.4058847446
PIR,1100000000,서울,3,2,2021-04-01,25.0872348921
PIR,0000000000,전국,2,2,2021-04-01,5.7143649327
PIR,1100000000,서울,2,2,2021-04-01,19.5598902594
PIR,0000000000,전국,1,2,2021-04-01,3.0628153172
PIR,1100000000,서울,1,2,2021-04-01,10.6866393912
PIR,0000000000,전국,5,1,2021-04-01,53.9841888194
PIR,1100000000,서울,5,1,2021-04-01,103.4430531785
PIR,0000000000,전국,4,1,2021-04-01,30.1226698313
PIR,1100000000,서울,4,1,2021-04-01,64.9779082612
PIR,0000000000,전국,3,1,2021-04-01,18.8258199548
PIR,1100000000,서울,3,1,2021-04-01,49.4810788144
PIR,0000000000,전국,2,1,2021-04-01,11.4372659564
PIR,1100000000,서울,2,1,2021-04-01,38.5791609034
PIR,0000000000,전국,1,1,2021-04-01,6.1302058533
PIR,1100000000,서울,1,1,2021-04-01,21.0779086754
PIR,0000000000,전국,5,5,2021-05-01,8.6996353007
PIR,1100000000,서울,5,5,2021-05-01,17.420776512
PIR,0000000000,전국,4,5,2021-05-01,4.8992364221
PIR,1100000000,서울,4,5,2021-05-01,10.7781565123
PIR,0000000000,전국,3,5,2021-05-01,3.0676648607
PIR,1100000000,서울,3,5,2021-05-01,8.2077586161
PIR,0000000000,전국,2,5,2021-05-01,1.8621100109
PIR,1100000000,서울,2,5,2021-05-01,6.4228885353
PIR,0000000000,전국,1,5,2021-05-01,0.9902887853
PIR,1100000000,서울,1,5,2021-05-01,3.5190355852
PIR,0000000000,전국,5,4,2021-05-01,14.7771888633
PIR,1100000000,서울,5,4,2021-05-01,29.3151716278
PIR,0000000000,전국,4,4,2021-05-01,8.3218364211
PIR,1100000000,서울,4,4,2021-05-01,18.1371655719
PIR,0000000000,전국,3,4,2021-05-01,5.2107314214
PIR,1100000000,서울,3,4,2021-05-01,13.811775402
PIR,0000000000,전국,2,4,2021-05-01,3.1629775691
PIR,1100000000,서울,2,4,2021-05-01,10.8082483941
PIR,0000000000,전국,1,4,2021-05-01,1.6821032035
PIR,1100000000,서울,1,4,2021-05-01,5.9217298423
PIR,0000000000,전국,5,3,2021-05-01,19.4939567301
PIR,1100000000,서울,5,3,2021-05-01,38.8379603038
PIR,0000000000,전국,4,3,2021-05-01,10.9781041989
PIR,1100000000,서울,4,3,2021-05-01,24.0288723344
PIR,0000000000,전국,3,3,2021-05-01,6.8739578144
PIR,1100000000,서울,3,3,2021-05-01,18.2984152915
PIR,0000000000,전국,2,3,2021-05-01,4.1725762891
PIR,1100000000,서울,2,3,2021-05-01,14.3192176192
PIR,0000000000,전국,1,3,2021-05-01,2.2190179316
PIR,1100000000,서울,1,3,2021-05-01,7.8453543258
PIR,0000000000,전국,5,2,2021-05-01,27.1650569255
PIR,1100000000,서울,5,2,2021-05-01,53.6898458793
PIR,0000000000,전국,4,2,2021-05-01,15.2981167254
PIR,1100000000,서울,4,2,2021-05-01,33.2176675138
PIR,0000000000,전국,3,2,2021-05-01,9.57894069
PIR,1100000000,서울,3,2,2021-05-01,25.2958468764
PIR,0000000000,전국,2,2,2021-05-01,5.8145339086
PIR,1100000000,서울,2,2,2021-05-01,19.7949784457
PIR,0000000000,전국,1,2,2021-05-01,3.0922274664
PIR,1100000000,서울,1,2,2021-05-01,10.8454682308
PIR,0000000000,전국,5,1,2021-05-01,54.370692883
PIR,1100000000,서울,5,1,2021-05-01,105.8957476546
PIR,0000000000,전국,4,1,2021-05-01,30.6190857043
PIR,1100000000,서울,4,1,2021-05-01,65.5172254475
PIR,0000000000,전국,3,1,2021-05-01,19.1721903558
PIR,1100000000,서울,3,1,2021-05-01,49.8925369158
PIR,0000000000,전국,2,1,2021-05-01,11.63775354
PIR,1100000000,서울,2,1,2021-05-01,39.0428396278
PIR,0000000000,전국,1,1,2021-05-01,6.1890740873
PIR,1100000000,서울,1,1,2021-05-01,21.3911764534
PIR,0000000000,전국,5,5,2021-06-01,8.9045239372
PIR,1100000000,서울,5,5,2021-06-01,17.4347873686
PIR,0000000000,전국,4,5,2021-06-01,4.9869685958
PIR,1100000000,서울,4,5,2021-06-01,10.927352209
PIR,0000000000,전국,3,5,2021-06-01,3.1545540507
PIR,1100000000,서울,3,5,2021-06-01,8.285974816
PIR,0000000000,전국,2,5,2021-06-01,1.9127435028
PIR,1100000000,서울,2,5,2021-06-01,6.5179494752
PIR,0000000000,전국,1,5,2021-06-01,0.9992458317
PIR,1100000000,서울,1,5,2021-06-01,3.5578225954
PIR,0000000000,전국,5,4,2021-06-01,15.1252124267
PIR,1100000000,서울,5,4,2021-06-01,29.3387486864
PIR,0000000000,전국,4,4,2021-06-01,8.4708581736
PIR,1100000000,서울,4,4,2021-06-01,18.3882277134
PIR,0000000000,전국,3,4,2021-06-01,5.358321283
PIR,1100000000,서울,3,4,2021-06-01,13.9433953285
PIR,0000000000,전국,2,4,2021-06-01,3.2489835505
PIR,1100000000,서울,2,4,2021-06-01,10.9682141549
PIR,0000000000,전국,1,4,2021-06-01,1.6973176306
PIR,1100000000,서울,1,4,2021-06-01,5.986999485
PIR,0000000000,전국,5,3,2021-06-01,19.953066805
PIR,1100000000,서울,5,3,2021-06-01,38.8691961729
PIR,0000000000,전국,4,3,2021-06-01,11.1746925773
PIR,1100000000,서울,4,3,2021-06-01,24.3614899157
PIR,0000000000,전국,3,3,2021-06-01,7.068657253
PIR,1100000000,서울,3,3,2021-06-01,18.4727908519
PIR,0000000000,전국,2,3,2021-06-01,4.2860347348
PIR,1100000000,서울,2,3,2021-06-01,14.5311469214
PIR,0000000000,전국,1,3,2021-06-01,2.2390886896
PIR,1100000000,서울,1,3,2021-06-01,7.931826267
PIR,0000000000,전국,5,2,2021-06-01,27.8048321898
PIR,1100000000,서울,5,2,2021-06-01,53.7330265455
PIR,0000000000,전국,4,2,2021-06-01,15.5720649322
PIR,1100000000,서울,4,2,2021-06-01,33.6774801955
PIR,0000000000,전국,3,2,2021-06-01,9.8502566371
PIR,1100000000,서울,3,2,2021-06-01,25.5369047716
PIR,0000000000,전국,2,2,2021-06-01,5.9726395809
PIR,1100000000,서울,2,2,2021-06-01,20.0879508748
PIR,0000000000,전국,1,2,2021-06-01,3.1201963027
PIR,1100000000,서울,1,2,2021-06-01,10.9650075979
PIR,0000000000,전국,5,1,2021-06-01,55.6511991049
PIR,1100000000,서울,5,1,2021-06-01,105.9809155082
PIR,0000000000,전국,4,1,2021-06-01,31.1673913405
PIR,1100000000,서울,4,1,2021-06-01,66.4241419587
PIR,0000000000,전국,3,1,2021-06-01,19.7152275403
PIR,1100000000,서울,3,1,2021-06-01,50.36799006
PIR,0000000000,전국,2,1,2021-06-01,11.9542010622
PIR,1100000000,서울,2,1,2021-06-01,39.6206869641
PIR,0000000000,전국,1,1,2021-06-01,6.2450535398
PIR,1100000000,서울,1,1,2021-06-01,21.6269512158
PIR,0000000000,전국,5,5,2021-07-01,8.4324400739
PIR,1100000000,서울,5,5,2021-07-01,16.3373646981
PIR,0000000000,전국,4,5,2021-07-01,4.7773214752
PIR,1100000000,서울,4,5,2021-07-01,10.3596430078
PIR,0000000000,전국,3,5,2021-07-01,3.0250820457
PIR,1100000000,서울,3,5,2021-07-01,7.9242736874
PIR,0000000000,전국,2,5,2021-07-01,1.8136827934
PIR,1100000000,서울,2,5,2021-07-01,6.1799239155
PIR,0000000000,전국,1,5,2021-07-01,0.9417969353
PIR,1100000000,서울,1,5,2021-07-01,3.3473277274
PIR,0000000000,전국,5,4,2021-07-01,13.7519646137
PIR,1100000000,서울,5,4,2021-07-01,26.5140483167
PIR,0000000000,전국,4,4,2021-07-01,7.7910492455
PIR,1100000000,서울,4,4,2021-07-01,16.8127528722
PIR,0000000000,전국,3,4,2021-07-01,4.9334262539
PIR,1100000000,서울,3,4,2021-07-01,12.8603712598
PIR,0000000000,전국,2,4,2021-07-01,2.9578273166
PIR,1100000000,서울,2,4,2021-07-01,10.029451158
PIR,0000000000,전국,1,4,2021-07-01,1.5359205655
PIR,1100000000,서울,1,4,2021-07-01,5.4324066785
PIR,0000000000,전국,5,3,2021-07-01,18.2338074249
PIR,1100000000,서울,5,3,2021-07-01,35.3533296934
PIR,0000000000,전국,4,3,2021-07-01,10.3301961262
PIR,1100000000,서울,4,3,2021-07-01,22.4178061473
PIR,0000000000,전국,3,3,2021-07-01,6.5412576883
PIR,1100000000,서울,3,3,2021-07-01,17.1477753867
PIR,0000000000,전국,2,3,2021-07-01,3.9217999174
PIR,1100000000,서울,2,3,2021-07-01,13.3730801573
PIR,0000000000,전국,1,3,2021-07-01,2.0364857385
PIR,1100000000,서울,1,3,2021-07-01,7.2434681434
PIR,0000000000,전국,5,2,2021-07-01,25.2736312053
PIR,1100000000,서울,5,2,2021-07-01,49.0605260258
PIR,0000000000,전국,4,2,2021-07-01,14.318543631
PIR,1100000000,서울,4,2,2021-07-01,31.1096400669
PIR,0000000000,전국,3,2,2021-07-01,9.0667478591
PIR,1100000000,서울,3,2,2021-07-01,23.7963124814
PIR,0000000000,전국,2,2,2021-07-01,5.4359532523
PIR,1100000000,서울,2,2,2021-07-01,18.5580920607
PIR,0000000000,전국,1,2,2021-07-01,2.8227450422
PIR,1100000000,서울,1,2,2021-07-01,10.051906297
PIR,0000000000,전국,5,1,2021-07-01,49.772948704
PIR,1100000000,서울,5,1,2021-07-01,96.1627675016
PIR,0000000000,전국,4,1,2021-07-01,28.1984069432
PIR,1100000000,서울,4,1,2021-07-01,60.9775175105
PIR,0000000000,전국,3,1,2021-07-01,17.8557158027
PIR,1100000000,서울,3,1,2021-07-01,46.6427788267
PIR,0000000000,전국,2,1,2021-07-01,10.7053640289
PIR,1100000000,서울,2,1,2021-07-01,36.3754251465
PIR,0000000000,전국,1,1,2021-07-01,5.5590090339
PIR,1100000000,서울,1,1,2021-07-01,19.7025838589
PIR,0000000000,전국,5,5,2021-08-01,8.5356160573
PIR,1100000000,서울,5,5,2021-08-01,16.5761459167
PIR,0000000000,전국,4,5,2021-08-01,4.8898682531
PIR,1100000000,서울,4,5,2021-08-01,10.4767679345
PIR,0000000000,전국,3,5,2021-08-01,3.12188888
PIR,1100000000,서울,3,5,2021-08-01,8.060444944
PIR,0000000000,전국,2,5,2021-08-01,1.8758602401
PIR,1100000000,서울,2,5,2021-08-01,6.2859613299
PIR,0000000000,전국,1,5,2021-08-01,0.9653971176
PIR,1100000000,서울,1,5,2021-08-01,3.3855941353
PIR,0000000000,전국,5,4,2021-08-01,13.920228184
PIR,1100000000,서울,5,4,2021-08-01,26.9015683901
PIR,0000000000,전국,4,4,2021-08-01,7.9745950868
PIR,1100000000,서울,4,4,2021-08-01,17.0028359133
PIR,0000000000,전국,3,4,2021-08-01,5.0913027581
PIR,1100000000,서울,3,4,2021-08-01,13.0813647518
PIR,0000000000,전국,2,4,2021-08-01,3.0592288135
PIR,1100000000,서울,2,4,2021-08-01,10.201540181
PIR,0000000000,전국,1,4,2021-08-01,1.5744086983
PIR,1100000000,서울,1,4,2021-08-01,5.4945095579
PIR,0000000000,전국,5,3,2021-08-01,18.4569090415
PIR,1100000000,서울,5,3,2021-08-01,35.8700416174
PIR,0000000000,전국,4,3,2021-08-01,10.5735605921
PIR,1100000000,서울,4,3,2021-08-01,22.6712592731
PIR,0000000000,전국,3,3,2021-08-01,6.7505870354
PIR,1100000000,서울,3,3,2021-08-01,17.442443922
PIR,0000000000,전국,2,3,2021-08-01,4.056248734
PIR,1100000000,서울,2,3,2021-08-01,13.6025404001
PIR,0000000000,전국,1,3,2021-08-01,2.0875173707
PIR,1100000000,서울,1,3,2021-08-01,7.3262749461
PIR,0000000000,전국,5,2,2021-08-01,25.5828693061
PIR,1100000000,서울,5,2,2021-08-01,49.7775775458
PIR,0000000000,전국,4,2,2021-08-01,14.6558677902
PIR,1100000000,서울,4,2,2021-08-01,31.4613620626
PIR,0000000000,전국,3,2,2021-08-01,9.3568964055
PIR,1100000000,서울,3,2,2021-08-01,24.2052299292
PIR,0000000000,전국,2,2,2021-08-01,5.6223109191
PIR,1100000000,서울,2,2,2021-08-01,18.8765186506
PIR,0000000000,전국,1,2,2021-08-01,2.89347929
PIR,1100000000,서울,1,2,2021-08-01,10.1668189611
PIR,0000000000,전국,5,1,2021-08-01,50.381950711
PIR,1100000000,서울,5,1,2021-08-01,97.5682489383
PIR,0000000000,전국,4,1,2021-08-01,28.8627205885
PIR,1100000000,서울,4,1,2021-08-01,61.6669222772
PIR,0000000000,전국,3,1,2021-08-01,18.4271235516
PIR,1100000000,서울,3,1,2021-08-01,47.4442915018
PIR,0000000000,전국,2,1,2021-08-01,11.0723698822
PIR,1100000000,서울,2,1,2021-08-01,36.9995681106
PIR,0000000000,전국,1,1,2021-08-01,5.698310429
PIR,1100000000,서울,1,1,2021-08-01,19.9278223694
PIR,0000000000,전국,5,5,2021-09-01,8.6719043213
PIR,1100000000,서울,5,5,2021-09-01,16.9939664906
PIR,0000000000,전국,4,5,2021-09-01,4.9912358713
PIR,1100000000,서울,4,5,2021-09-01,10.5896926158
PIR,0000000000,전국,3,5,2021-09-01,3.1921930567
PIR,1100000000,서울,3,5,2021-09-01,8.1478097284
PIR,0000000000,전국,2,5,2021-09-01,1.9133995943
PIR,1100000000,서울,2,5,2021-09-01,6.4096744244
PIR,0000000000,전국,1,5,2021-09-01,0.9819862092
PIR,1100000000,서울,1,5,2021-09-01,3.4712475862
PIR,0000000000,전국,5,4,2021-09-01,14.1424926017
PIR,1100000000,서울,5,4,2021-09-01,27.5796529581
PIR,0000000000,전국,4,4,2021-09-01,8.1399095018
PIR,1100000000,서울,4,4,2021-09-01,17.1861023404
PIR,0000000000,전국,3,4,2021-09-01,5.2059576553
PIR,1100000000,서울,3,4,2021-09-01,13.2231498045
PIR,0000000000,전국,2,4,2021-09-01,3.1204495119
PIR,1100000000,서울,2,4,2021-09-01,10.4023152157
PIR,0000000000,전국,1,4,2021-09-01,1.6014628603
PIR,1100000000,서울,1,4,2021-09-01,5.6335172729
PIR,0000000000,전국,5,3,2021-09-01,18.7516106862
PIR,1100000000,서울,5,3,2021-09-01,36.7741867334
PIR,0000000000,전국,4,3,2021-09-01,10.7927519071
PIR,1100000000,서울,4,3,2021-09-01,22.9156232548
PIR,0000000000,전국,3,3,2021-09-01,6.9026086102
PIR,1100000000,서울,3,3,2021-09-01,17.631497425
PIR,0000000000,전국,2,3,2021-09-01,4.1374216032
PIR,1100000000,서울,2,3,2021-09-01,13.8702500276
PIR,0000000000,전국,1,3,2021-09-01,2.1233886367
PIR,1100000000,서울,1,3,2021-09-01,7.5116251997
PIR,0000000000,전국,5,2,2021-09-01,25.9913512271
PIR,1100000000,서울,5,2,2021-09-01,51.0322778918
PIR,0000000000,전국,4,2,2021-09-01,14.9596858755
PIR,1100000000,서울,4,2,2021-09-01,31.8004708705
PIR,0000000000,전국,3,2,2021-09-01,9.567611432
PIR,1100000000,서울,3,2,2021-09-01,24.4675832742
PIR,0000000000,전국,2,2,2021-09-01,5.7348235233
PIR,1100000000,서울,2,2,2021-09-01,19.2480246801
PIR,0000000000,전국,1,2,2021-09-01,2.9431999614
PIR,1100000000,서울,1,2,2021-09-01,10.4240332325
PIR,0000000000,전국,5,1,2021-09-01,51.1863998041
PIR,1100000000,서울,5,1,2021-09-01,100.0275674052
PIR,0000000000,전국,4,1,2021-09-01,29.4610486186
PIR,1100000000,서울,4,1,2021-09-01,62.3316041323
PIR,0000000000,전국,3,1,2021-09-01,18.8420978829
PIR,1100000000,서울,3,1,2021-09-01,47.9585261782
PIR,0000000000,전국,2,1,2021-09-01,11.2939480177
PIR,1100000000,서울,2,1,2021-09-01,37.7277512516
PIR,0000000000,전국,1,1,2021-09-01,5.7962284689
PIR,1100000000,서울,1,1,2021-09-01,20.4319840281
PIR,0000000000,전국,5,5,2021-10-01,8.9375442212
PIR,1100000000,서울,5,5,2021-10-01,17.6097138659
PIR,0000000000,전국,4,5,2021-10-01,5.1161749734
PIR,1100000000,서울,4,5,2021-10-01,10.8068551086
PIR,0000000000,전국,3,5,2021-10-01,3.2831068923
PIR,1100000000,서울,3,5,2021-10-01,8.3149757139
PIR,0000000000,전국,2,5,2021-10-01,1.9830749182
PIR,1100000000,서울,2,5,2021-10-01,6.5538403745
PIR,0000000000,전국,1,5,2021-10-01,1.0049396177
PIR,1100000000,서울,1,5,2021-10-01,3.5444517124
PIR,0000000000,전국,5,4,2021-10-01,15.040241262
PIR,1100000000,서울,5,4,2021-10-01,29.5085134182
PIR,0000000000,전국,4,4,2021-10-01,8.6095804434
PIR,1100000000,서울,4,4,2021-10-01,18.1089954902
PIR,0000000000,전국,3,4,2021-10-01,5.5248643841
PIR,1100000000,서울,3,4,2021-10-01,13.93336509
PIR,0000000000,전국,2,4,2021-10-01,3.3371499454
PIR,1100000000,서울,2,4,2021-10-01,10.9822390133
PIR,0000000000,전국,1,4,2021-10-01,1.6911283379
PIR,1100000000,서울,1,4,2021-10-01,5.9394208056
PIR,0000000000,전국,5,3,2021-10-01,20.0932979973
PIR,1100000000,서울,5,3,2021-10-01,39.6498539594
PIR,0000000000,전국,4,3,2021-10-01,11.5021336737
PIR,1100000000,서울,4,3,2021-10-01,24.3326058605
PIR,0000000000,전국,3,3,2021-10-01,7.3810482512
PIR,1100000000,서울,3,3,2021-10-01,18.7219153724
PIR,0000000000,전국,2,3,2021-10-01,4.4583293011
PIR,1100000000,서울,2,3,2021-10-01,14.7565608221
PIR,0000000000,전국,1,3,2021-10-01,2.2592952501
PIR,1100000000,서울,1,3,2021-10-01,7.9806516922
PIR,0000000000,전국,5,2,2021-10-01,27.9238609382
PIR,1100000000,서울,5,2,2021-10-01,55.0532880039
PIR,0000000000,전국,4,2,2021-10-01,15.9846323506
PIR,1100000000,서울,4,2,2021-10-01,33.7854953942
PIR,0000000000,전국,3,2,2021-10-01,10.2575179532
PIR,1100000000,서울,3,2,2021-10-01,25.9951272466
PIR,0000000000,전국,2,2,2021-10-01,6.1957856514
PIR,1100000000,서울,2,2,2021-10-01,20.4892858803
PIR,0000000000,전국,1,2,2021-10-01,3.1397656269
PIR,1100000000,서울,1,2,2021-10-01,11.081027348
PIR,0000000000,전국,5,1,2021-10-01,57.1887651631
PIR,1100000000,서울,5,1,2021-10-01,112.0257160819
PIR,0000000000,전국,4,1,2021-10-01,32.7369265927
PIR,1100000000,서울,4,1,2021-10-01,68.7487423902
PIR,0000000000,전국,3,1,2021-10-01,21.0076531566
PIR,1100000000,서울,3,1,2021-10-01,52.8964363443
PIR,0000000000,전국,2,1,2021-10-01,12.6891238789
PIR,1100000000,서울,2,1,2021-10-01,41.6928217363
PIR,0000000000,전국,1,1,2021-10-01,6.4303184829
PIR,1100000000,서울,1,1,2021-10-01,22.5483357778
PIR,0000000000,전국,5,5,2021-11-01,8.9673193231
PIR,1100000000,서울,5,5,2021-11-01,17.9676336312
PIR,0000000000,전국,4,5,2021-11-01,5.1927266001
PIR,1100000000,서울,4,5,2021-11-01,10.9510534544
PIR,0000000000,전국,3,5,2021-11-01,3.3588122117
PIR,1100000000,서울,3,5,2021-11-01,8.3899002865
PIR,0000000000,전국,2,5,2021-11-01,2.0364413186
PIR,1100000000,서울,2,5,2021-11-01,6.6147207938
PIR,0000000000,전국,1,5,2021-11-01,1.02712707
PIR,1100000000,서울,1,5,2021-11-01,3.581004572
PIR,0000000000,전국,5,4,2021-11-01,15.090347276
PIR,1100000000,서울,5,4,2021-11-01,30.1082778594
PIR,0000000000,전국,4,4,2021-11-01,8.7384027357
PIR,1100000000,서울,4,4,2021-11-01,18.3506279695
PIR,0000000000,전국,3,4,2021-11-01,5.6522624971
PIR,1100000000,서울,3,4,2021-11-01,14.0589158386
PIR,0000000000,전국,2,4,2021-11-01,3.4269557711
PIR,1100000000,서울,2,4,2021-11-01,11.0842560412
PIR,0000000000,전국,1,4,2021-11-01,1.7284657348
PIR,1100000000,서울,1,4,2021-11-01,6.0006722579
PIR,0000000000,전국,5,3,2021-11-01,20.1602380851
PIR,1100000000,서울,5,3,2021-11-01,40.4557424894
PIR,0000000000,전국,4,3,2021-11-01,11.6742362792
PIR,1100000000,서울,4,3,2021-11-01,24.6572814001
PIR,0000000000,전국,3,3,2021-11-01,7.5512481971
PIR,1100000000,서울,3,3,2021-11-01,18.8906147838
PIR,0000000000,전국,2,3,2021-11-01,4.5783071117
PIR,1100000000,서울,2,3,2021-11-01,14.8936385596
PIR,0000000000,전국,1,3,2021-11-01,2.3091768598
PIR,1100000000,서울,1,3,2021-11-01,8.0629537419
PIR,0000000000,전국,5,2,2021-11-01,28.0168882602
PIR,1100000000,서울,5,2,2021-11-01,56.1722533697
PIR,0000000000,전국,4,2,2021-11-01,16.2238050948
PIR,1100000000,서울,4,2,2021-11-01,34.2363030064
PIR,0000000000,전국,3,2,2021-11-01,10.494046552
PIR,1100000000,서울,3,2,2021-11-01,26.2293641063
PIR,0000000000,전국,2,2,2021-11-01,6.3625200371
PIR,1100000000,서울,2,2,2021-11-01,20.679616472
PIR,0000000000,전국,1,2,2021-11-01,3.209086608
PIR,1100000000,서울,1,2,2021-11-01,11.1953026351
PIR,0000000000,전국,5,1,2021-11-01,57.3792874439
PIR,1100000000,서울,5,1,2021-11-01,114.3026535896
PIR,0000000000,전국,4,1,2021-11-01,33.2267583511
PIR,1100000000,서울,4,1,2021-11-01,69.6660726244
PIR,0000000000,전국,3,1,2021-11-01,21.492069639
PIR,1100000000,서울,3,1,2021-11-01,53.373075486
PIR,0000000000,전국,2,1,2021-11-01,13.0306000682
PIR,1100000000,서울,2,1,2021-11-01,42.0801177835
PIR,0000000000,전국,1,1,2021-11-01,6.5722895849
PIR,1100000000,서울,1,1,2021-11-01,22.7808699521
PIR,0000000000,전국,5,5,2021-12-01,8.9531138534
PIR,1100000000,서울,5,5,2021-12-01,17.8668000515
PIR,0000000000,전국,4,5,2021-12-01,5.2029682171
PIR,1100000000,서울,4,5,2021-12-01,11.0819041058
PIR,0000000000,전국,3,5,2021-12-01,3.3752859032
PIR,1100000000,서울,3,5,2021-12-01,8.4415825022
PIR,0000000000,전국,2,5,2021-12-01,2.0566914248
PIR,1100000000,서울,2,5,2021-12-01,6.6195841269
PIR,0000000000,전국,1,5,2021-12-01,1.0344295208
PIR,1100000000,서울,1,5,2021-12-01,3.5942378053
PIR,0000000000,전국,5,4,2021-12-01,15.0664420861
PIR,1100000000,서울,5,4,2021-12-01,29.9393115115
PIR,0000000000,전국,4,4,2021-12-01,8.7556374913
PIR,1100000000,서울,4,4,2021-12-01,18.569893781
PIR,0000000000,전국,3,4,2021-12-01,5.6799846865
PIR,1100000000,서울,3,4,2021-12-01,14.1455194806
PIR,0000000000,전국,2,4,2021-12-01,3.461032971
PIR,1100000000,서울,2,4,2021-12-01,11.0924055052
PIR,0000000000,전국,1,4,2021-12-01,1.7407544149
PIR,1100000000,서울,1,4,2021-12-01,6.0228471236
PIR,0000000000,전국,5,3,2021-12-01,20.1283014894
PIR,1100000000,서울,5,3,2021-12-01,40.2287066194
PIR,0000000000,전국,4,3,2021-12-01,11.6972613805
PIR,1100000000,서울,4,3,2021-12-01,24.9519034058
PIR,0000000000,전국,3,3,2021-12-01,7.5882841863
PIR,1100000000,서울,3,3,2021-12-01,19.0069819389
PIR,0000000000,전국,2,3,2021-12-01,4.6238331988
PIR,1100000000,서울,2,3,2021-12-01,14.9045887912
PIR,0000000000,전국,1,3,2021-12-01,2.325594157
PIR,1100000000,서울,1,3,2021-12-01,8.0927495562
PIR,0000000000,전국,5,2,2021-12-01,27.9725056477
PIR,1100000000,서울,5,2,2021-12-01,55.8570171232
PIR,0000000000,전국,4,2,2021-12-01,16.2558033127
PIR,1100000000,서울,4,2,2021-12-01,34.6453816917
PIR,0000000000,전국,3,2,2021-12-01,10.5455158434
PIR,1100000000,서울,3,2,2021-12-01,26.3909383334
PIR,0000000000,전국,2,2,2021-12-01,6.4257881042
PIR,1100000000,서울,2,2,2021-12-01,20.6948207209
PIR,0000000000,전국,1,2,2021-12-01,3.2319018933
PIR,1100000000,서울,1,2,2021-12-01,11.2366737219
PIR,0000000000,전국,5,1,2021-12-01,57.2883907442
PIR,1100000000,서울,5,1,2021-12-01,113.6611920615
PIR,0000000000,전국,4,1,2021-12-01,33.2922915011
PIR,1100000000,서울,4,1,2021-12-01,70.4984903476
PIR,0000000000,전국,3,1,2021-12-01,21.5974800344
PIR,1100000000,서울,3,1,2021-12-01,53.7018563662
PIR,0000000000,전국,2,1,2021-12-01,13.1601746511
PIR,1100000000,서울,2,1,2021-12-01,42.1110562966
PIR,0000000000,전국,1,1,2021-12-01,6.6190158594
PIR,1100000000,서울,1,1,2021-12-01,22.8650543086
PIR,0000000000,전국,5,5,2022-01-01,8.0459675121
PIR,1100000000,서울,5,5,2022-01-01,16.2477169562
PIR,0000000000,전국,4,5,2022-01-01,4.6665985563
PIR,1100000000,서울,4,5,2022-01-01,9.8529824098
PIR,0000000000,전국,3,5,2022-01-01,3.0407813991
PIR,1100000000,서울,3,5,2022-01-01,7.4999681157
PIR,0000000000,전국,2,5,2022-01-01,1.8603305504
PIR,1100000000,서울,2,5,2022-01-01,5.8741969804
PIR,0000000000,전국,1,5,2022-01-01,0.9357710285
PIR,1100000000,서울,1,5,2022-01-01,3.1947285184
PIR,0000000000,전국,5,4,2022-01-01,14.4267479312
PIR,1100000000,서울,5,4,2022-01-01,29.5334422082
PIR,0000000000,전국,4,4,2022-01-01,8.3674015545
PIR,1100000000,서울,4,4,2022-01-01,17.9097461731
PIR,0000000000,전국,3,4,2022-01-01,5.4522450772
PIR,1100000000,서울,3,4,2022-01-01,13.6326768558
PIR,0000000000,전국,2,4,2022-01-01,3.3356485567
PIR,1100000000,서울,2,4,2022-01-01,10.6775159556
PIR,0000000000,전국,1,4,2022-01-01,1.6778756227
PIR,1100000000,서울,1,4,2022-01-01,5.8070515583
PIR,0000000000,전국,5,3,2022-01-01,19.3616427233
PIR,1100000000,서울,5,3,2022-01-01,39.6860588602
PIR,0000000000,전국,4,3,2022-01-01,11.2296021385
PIR,1100000000,서울,4,3,2022-01-01,24.0665221407
PIR,0000000000,전국,3,3,2022-01-01,7.3172707894
PIR,1100000000,서울,3,3,2022-01-01,18.3191384298
PIR,0000000000,전국,2,3,2022-01-01,4.4766593215
PIR,1100000000,서울,2,3,2022-01-01,14.3480913504
PIR,0000000000,전국,1,3,2022-01-01,2.2518192247
PIR,1100000000,서울,1,3,2022-01-01,7.8033230371
PIR,0000000000,전국,5,2,2022-01-01,27.4394611223
PIR,1100000000,서울,5,2,2022-01-01,56.2736691864
PIR,0000000000,전국,4,2,2022-01-01,15.9146739614
PIR,1100000000,서울,4,2,2022-01-01,34.1256235643
PIR,0000000000,전국,3,2,2022-01-01,10.3700894711
PIR,1100000000,서울,3,2,2022-01-01,25.9760017847
PIR,0000000000,전국,2,2,2022-01-01,6.3443542041
PIR,1100000000,서울,2,2,2022-01-01,20.3451733252
PIR,0000000000,전국,1,2,2022-01-01,3.1912946104
PIR,1100000000,서울,1,2,2022-01-01,11.0648835323
PIR,0000000000,전국,5,1,2022-01-01,54.1363018555
PIR,1100000000,서울,5,1,2022-01-01,110.1730918425
PIR,0000000000,전국,4,1,2022-01-01,31.3986338751
PIR,1100000000,서울,4,1,2022-01-01,66.8114504259
PIR,0000000000,전국,3,1,2022-01-01,20.4595232893
PIR,1100000000,서울,3,1,2022-01-01,50.8560481607
PIR,0000000000,전국,2,1,2022-01-01,12.5170050805
PIR,1100000000,서울,2,1,2022-01-01,39.831961941
PIR,0000000000,전국,1,1,2022-01-01,6.2962201615
PIR,1100000000,서울,1,1,2022-01-01,21.6629277467
PIR,0000000000,전국,5,5,2022-02-01,8.0538407842
PIR,1100000000,서울,5,5,2022-02-01,15.9834753325
PIR,0000000000,전국,4,5,2022-02-01,4.669597362
PIR,1100000000,서울,4,5,2022-02-01,9.8778546449
PIR,0000000000,전국,3,5,2022-02-01,3.0461862912
PIR,1100000000,서울,3,5,2022-02-01,7.5258245614
PIR,0000000000,전국,2,5,2022-02-01,1.8652591095
PIR,1100000000,서울,2,5,2022-02-01,5.8759549507
PIR,0000000000,전국,1,5,2022-02-01,0.9411380323
PIR,1100000000,서울,1,5,2022-02-01,3.2019641137
PIR,0000000000,전국,5,4,2022-02-01,14.4408650293
PIR,1100000000,서울,5,4,2022-02-01,29.0531307439
PIR,0000000000,전국,4,4,2022-02-01,8.3727785354
PIR,1100000000,서울,4,4,2022-02-01,17.9549563845
PIR,0000000000,전국,3,4,2022-02-01,5.4619362691
PIR,1100000000,서울,3,4,2022-02-01,13.6796760647
PIR,0000000000,전국,2,4,2022-02-01,3.3444856643
PIR,1100000000,서울,2,4,2022-02-01,10.6807114145
PIR,0000000000,전국,1,4,2022-02-01,1.6874988794
PIR,1100000000,서울,1,4,2022-02-01,5.8202036853
PIR,0000000000,전국,5,3,2022-02-01,19.3805887956
PIR,1100000000,서울,5,3,2022-02-01,39.0406322651
PIR,0000000000,전국,4,3,2022-02-01,11.2368183999
PIR,1100000000,서울,4,3,2022-02-01,24.1272741214
PIR,0000000000,전국,3,3,2022-02-01,7.3302770052
PIR,1100000000,서울,3,3,2022-02-01,18.382294406
PIR,0000000000,전국,2,3,2022-02-01,4.4885193
PIR,1100000000,서울,2,3,2022-02-01,14.352385302
PIR,0000000000,전국,1,3,2022-02-01,2.2647342669
PIR,1100000000,서울,1,3,2022-02-01,7.8209964285
PIR,0000000000,전국,5,2,2022-02-01,27.4663116341
PIR,1100000000,서울,5,2,2022-02-01,55.358473177
PIR,0000000000,전국,4,2,2022-02-01,15.9249008996
PIR,1100000000,서울,4,2,2022-02-01,34.2117680936
PIR,0000000000,전국,3,2,2022-02-01,10.3885219748
PIR,1100000000,서울,3,2,2022-02-01,26.0655551092
PIR,0000000000,전국,2,2,2022-02-01,6.3611622521
PIR,1100000000,서울,2,2,2022-02-01,20.3512620228
PIR,0000000000,전국,1,2,2022-02-01,3.2095979023
PIR,1100000000,서울,1,2,2022-02-01,11.0899438837
PIR,0000000000,전국,5,1,2022-02-01,54.189276198
PIR,1100000000,서울,5,1,2022-02-01,108.381312926
PIR,0000000000,전국,4,1,2022-02-01,31.41881097
PIR,1100000000,서울,4,1,2022-02-01,66.9801049544
PIR,0000000000,전국,3,1,2022-02-01,20.4958894403
PIR,1100000000,서울,3,1,2022-02-01,51.0313764588
PIR,0000000000,전국,2,1,2022-02-01,12.5501662841
PIR,1100000000,서울,2,1,2022-02-01,39.8438824475
PIR,0000000000,전국,1,1,2022-02-01,6.3323313857
PIR,1100000000,서울,1,1,2022-02-01,21.7119911265
PIR,0000000000,전국,5,5,2022-03-01,8.0547169655
PIR,1100000000,서울,5,5,2022-03-01,15.9691521997
PIR,0000000000,전국,4,5,2022-03-01,4.6572252606
PIR,1100000000,서울,4,5,2022-03-01,9.8733308669
PIR,0000000000,전국,3,5,2022-03-01,3.0405750256
PIR,1100000000,서울,3,5,2022-03-01,7.5257318358
PIR,0000000000,전국,2,5,2022-03-01,1.868674712
PIR,1100000000,서울,2,5,2022-03-01,5.8631353125
PIR,0000000000,전국,1,5,2022-03-01,0.9434843375
PIR,1100000000,서울,1,5,2022-03-01,3.186579414
PIR,0000000000,전국,5,4,2022-03-01,14.4424360581
PIR,1100000000,서울,5,4,2022-03-01,29.0270956145
PIR,0000000000,전국,4,4,2022-03-01,8.3505948529
PIR,1100000000,서울,4,4,2022-03-01,17.9467335224
PIR,0000000000,전국,3,4,2022-03-01,5.4518750411
PIR,1100000000,서울,3,4,2022-03-01,13.6795075176
PIR,0000000000,전국,2,4,2022-03-01,3.3506099789
PIR,1100000000,서울,2,4,2022-03-01,10.6574091842
PIR,0000000000,전국,1,4,2022-03-01,1.6917059004
PIR,1100000000,서울,1,4,2022-03-01,5.7922389477
PIR,0000000000,전국,5,3,2022-03-01,19.3826972194
PIR,1100000000,서울,5,3,2022-03-01,39.0056471229
PIR,0000000000,전국,4,3,2022-03-01,11.2070464418
PIR,1100000000,서울,4,3,2022-03-01,24.1162245125
PIR,0000000000,전국,3,3,2022-03-01,7.3167741768
PIR,1100000000,서울,3,3,2022-03-01,18.382067918
PIR,0000000000,전국,2,3,2022-03-01,4.4967385322
PIR,1100000000,서울,2,3,2022-03-01,14.3210725387
PIR,0000000000,전국,1,3,2022-03-01,2.2703803652
PIR,1100000000,서울,1,3,2022-03-01,7.7834183428
PIR,0000000000,전국,5,2,2022-03-01,27.4692997076
PIR,1100000000,서울,5,2,2022-03-01,55.3088652699
PIR,0000000000,전국,4,2,2022-03-01,15.8827078637
PIR,1100000000,서울,4,2,2022-03-01,34.1961000718
PIR,0000000000,전국,3,2,2022-03-01,10.369385668
PIR,1100000000,서울,3,2,2022-03-01,26.0652339558
PIR,0000000000,전국,2,2,2022-03-01,6.3728106078
PIR,1100000000,서울,2,2,2022-03-01,20.3068614416
PIR,0000000000,전국,1,2,2022-03-01,3.2175995939
PIR,1100000000,서울,1,2,2022-03-01,11.0366592587
PIR,0000000000,전국,5,1,2022-03-01,54.1951714759
PIR,1100000000,서울,5,1,2022-03-01,108.2841901228
PIR,0000000000,전국,4,1,2022-03-01,31.3355668088
PIR,1100000000,서울,4,1,2022-03-01,66.9494299614
PIR,0000000000,전국,3,1,2022-03-01,20.4581347308
PIR,1100000000,서울,3,1,2022-03-01,51.0307477019
PIR,0000000000,전국,2,1,2022-03-01,12.5731477448
PIR,1100000000,서울,2,1,2022-03-01,39.7569545932
PIR,0000000000,전국,1,1,2022-03-01,6.3481182116
PIR,1100000000,서울,1,1,2022-03-01,21.607670012
PIR,0000000000,전국,5,5,2022-04-01,8.6032969612
PIR,1100000000,서울,5,5,2022-04-01,17.1110292052
PIR,0000000000,전국,4,5,2022-04-01,4.9611658743
PIR,1100000000,서울,4,5,2022-04-01,10.6873796091
PIR,0000000000,전국,3,5,2022-04-01,3.2463333489
PIR,1100000000,서울,3,5,2022-04-01,8.1227531172
PIR,0000000000,전국,2,5,2022-04-01,2.0079233105
PIR,1100000000,서울,2,5,2022-04-01,6.3204388629
PIR,0000000000,전국,1,5,2022-04-01,1.0156437526
PIR,1100000000,서울,1,5,2022-04-01,3.4484149643
PIR,0000000000,전국,5,4,2022-04-01,13.9905496
PIR,1100000000,서울,5,4,2022-04-01,27.9375810138
PIR,0000000000,전국,4,4,2022-04-01,8.0677718729
PIR,1100000000,서울,4,4,2022-04-01,17.4495367913
PIR,0000000000,전국,3,4,2022-04-01,5.2791375145
PIR,1100000000,서울,3,4,2022-04-01,13.2622106213
PIR,0000000000,전국,2,4,2022-04-01,3.2652540991
PIR,1100000000,서울,2,4,2022-04-01,10.3195296237
PIR,0000000000,전국,1,4,2022-04-01,1.6516242971
PIR,1100000000,서울,1,4,2022-04-01,5.6303084565
PIR,0000000000,전국,5,3,2022-04-01,18.7136947549
PIR,1100000000,서울,5,3,2022-04-01,37.1529044204
PIR,0000000000,전국,4,3,2022-04-01,10.7914145261
PIR,1100000000,서울,4,3,2022-04-01,23.2053366491
PIR,0000000000,전국,3,3,2022-04-01,7.0613500427
PIR,1100000000,서울,3,3,2022-04-01,17.636804109
PIR,0000000000,전국,2,3,2022-04-01,4.3675888549
PIR,1100000000,서울,2,3,2022-04-01,13.7234679547
PIR,0000000000,전국,1,3,2022-04-01,2.2092050584
PIR,1100000000,서울,1,3,2022-04-01,7.4874883348
PIR,0000000000,전국,5,2,2022-04-01,26.064973204
PIR,1100000000,서울,5,2,2022-04-01,52.1858255888
PIR,0000000000,전국,4,2,2022-04-01,15.0305930571
PIR,1100000000,서울,4,2,2022-04-01,32.5947505314
PIR,0000000000,전국,3,2,2022-04-01,9.8352517799
PIR,1100000000,서울,3,2,2022-04-01,24.773061421
PIR,0000000000,전국,2,2,2022-04-01,6.0833035892
PIR,1100000000,서울,2,2,2022-04-01,19.2762992915
PIR,0000000000,전국,1,2,2022-04-01,3.0770444534
PIR,1100000000,서울,1,2,2022-04-01,10.5170986342
PIR,0000000000,전국,5,1,2022-04-01,51.36981113
PIR,1100000000,서울,5,1,2022-04-01,101.7643334775
PIR,0000000000,전국,4,1,2022-04-01,29.6228475077
PIR,1100000000,서울,4,1,2022-04-01,63.5609962145
PIR,0000000000,전국,3,1,2022-04-01,19.3836771823
PIR,1100000000,서울,3,1,2022-04-01,48.308406646
PIR,0000000000,전국,2,1,2022-04-01,11.9891992206
PIR,1100000000,서울,2,1,2022-04-01,37.5895126153
PIR,0000000000,전국,1,1,2022-04-01,6.0643527685
PIR,1100000000,서울,1,1,2022-04-01,20.5087400756
PIR,0000000000,전국,5,5,2022-05-01,8.5867531368
PIR,1100000000,서울,5,5,2022-05-01,17.1285240034
PIR,0000000000,전국,4,5,2022-05-01,4.9577067698
PIR,1100000000,서울,4,5,2022-05-01,10.6946363701
PIR,0000000000,전국,3,5,2022-05-01,3.2501835384
PIR,1100000000,서울,3,5,2022-05-01,8.1284918546
PIR,0000000000,전국,2,5,2022-05-01,2.0249518066
PIR,1100000000,서울,2,5,2022-05-01,6.328506355
PIR,0000000000,전국,1,5,2022-05-01,1.0260542331
PIR,1100000000,서울,1,5,2022-05-01,3.4551571108
PIR,0000000000,전국,5,4,2022-05-01,13.9636462865
PIR,1100000000,서울,5,4,2022-05-01,27.9661451834
PIR,0000000000,전국,4,4,2022-05-01,8.0621467302
PIR,1100000000,서울,4,4,2022-05-01,17.4613850763
PIR,0000000000,전국,3,4,2022-05-01,5.2853986335
PIR,1100000000,서울,3,4,2022-05-01,13.2715803933
PIR,0000000000,전국,2,4,2022-05-01,3.2929455784
PIR,1100000000,서울,2,4,2022-05-01,10.3327016083
PIR,0000000000,전국,1,4,2022-05-01,1.6685536608
PIR,1100000000,서울,1,4,2022-05-01,5.6413165182
PIR,0000000000,전국,5,3,2022-05-01,18.6777090065
PIR,1100000000,서울,5,3,2022-05-01,37.1908905962
PIR,0000000000,전국,4,3,2022-05-01,10.7838903611
PIR,1100000000,서울,4,3,2022-05-01,23.2210931386
PIR,0000000000,전국,3,3,2022-05-01,7.0697248867
PIR,1100000000,서울,3,3,2022-05-01,17.6492645378
PIR,0000000000,전국,2,3,2022-05-01,4.4046288502
PIR,1100000000,서울,2,3,2022-05-01,13.7409847713
PIR,0000000000,전국,1,3,2022-05-01,2.2318496974
PIR,1100000000,서울,1,3,2022-05-01,7.5021274498
PIR,0000000000,전국,5,2,2022-05-01,26.0148512169
PIR,1100000000,서울,5,2,2022-05-01,52.2391818465
PIR,0000000000,전국,4,2,2022-05-01,15.0201131833
PIR,1100000000,서울,4,2,2022-05-01,32.6168824595
PIR,0000000000,전국,3,2,2022-05-01,9.846916504
PIR,1100000000,서울,3,2,2022-05-01,24.7905636264
PIR,0000000000,전국,2,2,2022-05-01,6.1348939618
PIR,1100000000,서울,2,2,2022-05-01,19.3009038157
PIR,0000000000,전국,1,2,2022-05-01,3.108584559
PIR,1100000000,서울,1,2,2022-05-01,10.5376610725
PIR,0000000000,전국,5,1,2022-05-01,51.2710288681
PIR,1100000000,서울,5,1,2022-05-01,101.868380198
PIR,0000000000,전국,4,1,2022-05-01,29.6021933858
PIR,1100000000,서울,4,1,2022-05-01,63.6041543112
PIR,0000000000,전국,3,1,2022-05-01,19.4066664509
PIR,1100000000,서울,3,1,2022-05-01,48.3425366086
PIR,0000000000,전국,2,1,2022-05-01,12.0908754309
PIR,1100000000,서울,2,1,2022-05-01,37.6374923681
PIR,0000000000,전국,1,1,2022-05-01,6.1265131727
PIR,1100000000,서울,1,1,2022-05-01,20.5488376079
PIR,0000000000,전국,5,5,2022-06-01,8.596032274
PIR,1100000000,서울,5,5,2022-06-01,17.4765813823
PIR,0000000000,전국,4,5,2022-06-01,4.9506931921
PIR,1100000000,서울,4,5,2022-06-01,10.7512868093
PIR,0000000000,전국,3,5,2022-06-01,3.2390547119
PIR,1100000000,서울,3,5,2022-06-01,8.1254291484
PIR,0000000000,전국,2,5,2022-06-01,2.0257113864
PIR,1100000000,서울,2,5,2022-06-01,6.3295361569
PIR,0000000000,전국,1,5,2022-06-01,1.0290699992
PIR,1100000000,서울,1,5,2022-06-01,3.486881021
PIR,0000000000,전국,5,4,2022-06-01,13.978735877
PIR,1100000000,서울,5,4,2022-06-01,28.5344266762
PIR,0000000000,전국,4,4,2022-06-01,8.0507413578
PIR,1100000000,서울,4,4,2022-06-01,17.5538795846
PIR,0000000000,전국,3,4,2022-06-01,5.2673011066
PIR,1100000000,서울,3,4,2022-06-01,13.2665798406
PIR,0000000000,전국,2,4,2022-06-01,3.2941807954
PIR,1100000000,서울,2,4,2022-06-01,10.3343829902
PIR,0000000000,전국,1,4,2022-06-01,1.6734578536
PIR,1100000000,서울,1,4,2022-06-01,5.6931128948
PIR,0000000000,전국,5,3,2022-06-01,18.6978927734
PIR,1100000000,서울,5,3,2022-06-01,37.946622024
PIR,0000000000,전국,4,3,2022-06-01,10.7686345874
PIR,1100000000,서울,4,3,2022-06-01,23.3440973322
PIR,0000000000,전국,3,3,2022-06-01,7.045517718
PIR,1100000000,서울,3,3,2022-06-01,17.6426145327
PIR,0000000000,전국,2,3,2022-06-01,4.4062810708
PIR,1100000000,서울,2,3,2022-06-01,13.7432207638
PIR,0000000000,전국,1,3,2022-06-01,2.238409523
PIR,1100000000,서울,1,3,2022-06-01,7.5710090694
PIR,0000000000,전국,5,2,2022-06-01,26.0429637489
PIR,1100000000,서울,5,2,2022-06-01,53.3006996227
PIR,0000000000,전국,4,2,2022-06-01,14.9988645023
PIR,1100000000,서울,4,2,2022-06-01,32.7896569841
PIR,0000000000,전국,3,2,2022-06-01,9.8132000619
PIR,1100000000,서울,3,2,2022-06-01,24.781222876
PIR,0000000000,전국,2,2,2022-06-01,6.1371952222
PIR,1100000000,서울,2,2,2022-06-01,19.3040445423
PIR,0000000000,전국,1,2,2022-06-01,3.1177212731
PIR,1100000000,서울,1,2,2022-06-01,10.6344137825
PIR,0000000000,전국,5,1,2022-06-01,51.3264340836
PIR,1100000000,서울,5,1,2022-06-01,103.9383800064
PIR,0000000000,전국,4,1,2022-06-01,29.560315701
PIR,1100000000,서울,4,1,2022-06-01,63.9410711682
PIR,0000000000,전국,3,1,2022-06-01,19.3402168427
PIR,1100000000,서울,3,1,2022-06-01,48.3243217921
PIR,0000000000,전국,2,1,2022-06-01,12.0954108399
PIR,1100000000,서울,2,1,2022-06-01,37.6436169038
PIR,0000000000,전국,1,1,2022-06-01,6.144520146
PIR,1100000000,서울,1,1,2022-06-01,20.7375090514
PIR,0000000000,전국,5,5,2022-07-01,8.6570663275
PIR,1100000000,서울,5,5,2022-07-01,17.5801745018
PIR,0000000000,전국,4,5,2022-07-01,4.96998325
PIR,1100000000,서울,4,5,2022-07-01,10.8025327587
PIR,0000000000,전국,3,5,2022-07-01,3.2543815638
PIR,1100000000,서울,3,5,2022-07-01,8.1558094622
PIR,0000000000,전국,2,5,2022-07-01,2.0436226742
PIR,1100000000,서울,2,5,2022-07-01,6.3608658988
PIR,0000000000,전국,1,5,2022-07-01,1.0400195725
PIR,1100000000,서울,1,5,2022-07-01,3.5075866843
PIR,0000000000,전국,5,4,2022-07-01,13.923852772
PIR,1100000000,서울,5,4,2022-07-01,28.5331169776
PIR,0000000000,전국,4,4,2022-07-01,7.9936219077
PIR,1100000000,서울,4,4,2022-07-01,17.5328140701
PIR,0000000000,전국,3,4,2022-07-01,5.2342823821
PIR,1100000000,서울,3,4,2022-07-01,13.2371078233
PIR,0000000000,전국,2,4,2022-07-01,3.2869219388
PIR,1100000000,서울,2,4,2022-07-01,10.3238640067
PIR,0000000000,전국,1,4,2022-07-01,1.672746732
PIR,1100000000,서울,1,4,2022-07-01,5.6929117036
PIR,0000000000,전국,5,3,2022-07-01,18.80518333
PIR,1100000000,서울,5,3,2022-07-01,38.3330394072
PIR,0000000000,전국,4,3,2022-07-01,10.7959720565
PIR,1100000000,서울,4,3,2022-07-01,23.5545963378
PIR,0000000000,전국,3,3,2022-07-01,7.0692818581
PIR,1100000000,서울,3,3,2022-07-01,17.7834961468
PIR,0000000000,전국,2,3,2022-07-01,4.4392289018
PIR,1100000000,서울,2,3,2022-07-01,13.8696759318
PIR,0000000000,전국,1,3,2022-07-01,2.2591670189
PIR,1100000000,서울,1,3,2022-07-01,7.6481868016
PIR,0000000000,전국,5,2,2022-07-01,26.0433907726
PIR,1100000000,서울,5,2,2022-07-01,53.0331079044
PIR,0000000000,전국,4,2,2022-07-01,14.9513947354
PIR,1100000000,서울,4,2,2022-07-01,32.5873833264
PIR,0000000000,전국,3,2,2022-07-01,9.7902831726
PIR,1100000000,서울,3,2,2022-07-01,24.6031643892
PIR,0000000000,전국,2,2,2022-07-01,6.1479099134
PIR,1100000000,서울,2,2,2022-07-01,19.1884607029
PIR,0000000000,전국,1,2,2022-07-01,3.1287315025
PIR,1100000000,서울,1,2,2022-07-01,10.5811363303
PIR,0000000000,전국,5,1,2022-07-01,51.2833796979
PIR,1100000000,서울,5,1,2022-07-01,102.8719432158
PIR,0000000000,전국,4,1,2022-07-01,29.4415600458
PIR,1100000000,서울,4,1,2022-07-01,63.2119741719
PIR,0000000000,전국,3,1,2022-07-01,19.2785499275
PIR,1100000000,서울,3,1,2022-07-01,47.7244391283
PIR,0000000000,전국,2,1,2022-07-01,12.1061654833
PIR,1100000000,서울,2,1,2022-07-01,37.2211683952
PIR,0000000000,전국,1,1,2022-07-01,6.1609460541
PIR,1100000000,서울,1,1,2022-07-01,20.5249531612
PIR,0000000000,전국,5,5,2022-08-01,8.6374889741
PIR,1100000000,서울,5,5,2022-08-01,17.3112880329
PIR,0000000000,전국,4,5,2022-08-01,4.9192441393
PIR,1100000000,서울,4,5,2022-08-01,10.7856271582
PIR,0000000000,전국,3,5,2022-08-01,3.2332041474
PIR,1100000000,서울,3,5,2022-08-01,8.1367907858
PIR,0000000000,전국,2,5,2022-08-01,2.0396558325
PIR,1100000000,서울,2,5,2022-08-01,6.35585395
PIR,0000000000,전국,1,5,2022-08-01,1.0388335043
PIR,1100000000,서울,1,5,2022-08-01,3.5049073795
PIR,0000000000,전국,5,4,2022-08-01,13.8923649474
PIR,1100000000,서울,5,4,2022-08-01,28.0967066866
PIR,0000000000,전국,4,4,2022-08-01,7.9120141343
PIR,1100000000,서울,4,4,2022-08-01,17.5053758056
PIR,0000000000,전국,3,4,2022-08-01,5.200221048
PIR,1100000000,서울,3,4,2022-08-01,13.2062399773
PIR,0000000000,전국,2,4,2022-08-01,3.2805417497
PIR,1100000000,서울,2,4,2022-08-01,10.315729473
PIR,0000000000,전국,1,4,2022-08-01,1.6708390835
PIR,1100000000,서울,1,4,2022-08-01,5.6885631167
PIR,0000000000,전국,5,3,2022-08-01,18.7626567157
PIR,1100000000,서울,5,3,2022-08-01,37.7467405849
PIR,0000000000,전국,4,3,2022-08-01,10.6857547793
PIR,1100000000,서울,4,3,2022-08-01,23.5177341865
PIR,0000000000,전국,3,3,2022-08-01,7.0232795308
PIR,1100000000,서울,3,3,2022-08-01,17.7420264974
PIR,0000000000,전국,2,3,2022-08-01,4.4306119889
PIR,1100000000,서울,2,3,2022-08-01,13.8587475288
PIR,0000000000,전국,1,3,2022-08-01,2.2565906
PIR,1100000000,서울,1,3,2022-08-01,7.6423446585
PIR,0000000000,전국,5,2,2022-08-01,25.9844954556
PIR,1100000000,서울,5,2,2022-08-01,52.2219734578
PIR,0000000000,전국,4,2,2022-08-01,14.7987542868
PIR,1100000000,서울,4,2,2022-08-01,32.5363851672
PIR,0000000000,전국,3,2,2022-08-01,9.7265743235
PIR,1100000000,서울,3,2,2022-08-01,24.5457918347
PIR,0000000000,전국,2,2,2022-08-01,6.1359763085
PIR,1100000000,서울,2,2,2022-08-01,19.1733414433
PIR,0000000000,전국,1,2,2022-08-01,3.1251634072
PIR,1100000000,서울,1,2,2022-08-01,10.5730538247
PIR,0000000000,전국,5,1,2022-08-01,51.1674059014
PIR,1100000000,서울,5,1,2022-08-01,101.2985303039
PIR,0000000000,전국,4,1,2022-08-01,29.1409878911
PIR,1100000000,서울,4,1,2022-08-01,63.1130495576
PIR,0000000000,전국,3,1,2022-08-01,19.1530975574
PIR,1100000000,서울,3,1,2022-08-01,47.6131496642
PIR,0000000000,전국,2,1,2022-08-01,12.0826664083
PIR,1100000000,서울,2,1,2022-08-01,37.1918405342
PIR,0000000000,전국,1,1,2022-08-01,6.1539199342
PIR,1100000000,서울,1,1,2022-08-01,20.5092749727
PIR,0000000000,전국,5,5,2022-09-01,8.6184933613
PIR,1100000000,서울,5,5,2022-09-01,17.0913063181
PIR,0000000000,전국,4,5,2022-09-01,4.8969727034
PIR,1100000000,서울,4,5,2022-09-01,10.6530971003
PIR,0000000000,전국,3,5,2022-09-01,3.2133415347
PIR,1100000000,서울,3,5,2022-09-01,8.1125024133
PIR,0000000000,전국,2,5,2022-09-01,2.0285450081
PIR,1100000000,서울,2,5,2022-09-01,6.3245050932
PIR,0000000000,전국,1,5,2022-09-01,1.039143421
PIR,1100000000,서울,1,5,2022-09-01,3.4613403486
PIR,0000000000,전국,5,4,2022-09-01,13.8618127828
PIR,1100000000,서울,5,4,2022-09-01,27.739670185
PIR,0000000000,전국,4,4,2022-09-01,7.8761932011
PIR,1100000000,서울,4,4,2022-09-01,17.2902757993
PIR,0000000000,전국,3,4,2022-09-01,5.168274418
PIR,1100000000,서울,3,4,2022-09-01,13.1668192665
PIR,0000000000,전국,2,4,2022-09-01,3.2626713215
PIR,1100000000,서울,2,4,2022-09-01,10.2648493979
PIR,0000000000,전국,1,4,2022-09-01,1.6713375474
PIR,1100000000,서울,1,4,2022-09-01,5.6178526019
PIR,0000000000,전국,5,3,2022-09-01,18.721393779
PIR,1100000000,서울,5,3,2022-09-01,37.2670771012
PIR,0000000000,전국,4,3,2022-09-01,10.6373759846
PIR,1100000000,서울,4,3,2022-09-01,23.2287563989
PIR,0000000000,전국,3,3,2022-09-01,6.9801332664
PIR,1100000000,서울,3,3,2022-09-01,17.6890664349
PIR,0000000000,전국,2,3,2022-09-01,4.4064766663
PIR,1100000000,서울,2,3,2022-09-01,13.7903922936
PIR,0000000000,전국,1,3,2022-09-01,2.2572638119
PIR,1100000000,서울,1,3,2022-09-01,7.5473480637
PIR,0000000000,전국,5,2,2022-09-01,25.9273502119
PIR,1100000000,서울,5,2,2022-09-01,51.5583671881
PIR,0000000000,전국,4,2,2022-09-01,14.7317542563
PIR,1100000000,서울,4,2,2022-09-01,32.1365893141
PIR,0000000000,전국,3,2,2022-09-01,9.66682085
PIR,1100000000,서울,3,2,2022-09-01,24.4725224891
PIR,0000000000,전국,2,2,2022-09-01,6.1025511817
PIR,1100000000,서울,2,2,2022-09-01,19.0787731382
PIR,0000000000,전국,1,2,2022-09-01,3.1260957418
PIR,1100000000,서울,1,2,2022-09-01,10.4416276519
PIR,0000000000,전국,5,1,2022-09-01,51.054878264
PIR,1100000000,서울,5,1,2022-09-01,100.0112878777
PIR,0000000000,전국,4,1,2022-09-01,29.0090546864
PIR,1100000000,서울,4,1,2022-09-01,62.3375382229
PIR,0000000000,전국,3,1,2022-09-01,19.0354339207
PIR,1100000000,서울,3,1,2022-09-01,47.4710241079
PIR,0000000000,전국,2,1,2022-09-01,12.0168472726
PIR,1100000000,서울,2,1,2022-09-01,37.0083999309
PIR,0000000000,전국,1,1,2022-09-01,6.1557558422
PIR,1100000000,서울,1,1,2022-09-01,20.254338645
PIR,0000000000,전국,5,5,2022-10-01,8.6909378676
PIR,1100000000,서울,5,5,2022-10-01,17.2359268284
PIR,0000000000,전국,4,5,2022-10-01,4.8673050355
PIR,1100000000,서울,4,5,2022-10-01,10.7627315124
PIR,0000000000,전국,3,5,2022-10-01,3.2022700322
PIR,1100000000,서울,3,5,2022-10-01,8.1142332217
PIR,0000000000,전국,2,5,2022-10-01,2.0381442547
PIR,1100000000,서울,2,5,2022-10-01,6.2996307718
PIR,0000000000,전국,1,5,2022-10-01,1.0535810778
PIR,1100000000,서울,1,5,2022-10-01,3.4800442416
PIR,0000000000,전국,5,4,2022-10-01,14.0713115693
PIR,1100000000,서울,5,4,2022-10-01,28.0325440156
PIR,0000000000,전국,4,4,2022-10-01,7.8805494528
PIR,1100000000,서울,4,4,2022-10-01,17.504526902
PIR,0000000000,전국,3,4,2022-10-01,5.1847269005
PIR,1100000000,서울,3,4,2022-10-01,13.1970042693
PIR,0000000000,전국,2,4,2022-10-01,3.2999157591
PIR,1100000000,서울,2,4,2022-10-01,10.2457314104
PIR,0000000000,전국,1,4,2022-10-01,1.705830583
PIR,1100000000,서울,1,4,2022-10-01,5.6599505411
PIR,0000000000,전국,5,3,2022-10-01,18.9964076199
PIR,1100000000,서울,5,3,2022-10-01,38.108243081
PIR,0000000000,전국,4,3,2022-10-01,10.638818488
PIR,1100000000,서울,4,3,2022-10-01,23.7961551341
PIR,0000000000,전국,3,3,2022-10-01,6.9994317953
PIR,1100000000,서울,3,3,2022-10-01,17.9403855161
PIR,0000000000,전국,2,3,2022-10-01,4.4549184035
PIR,1100000000,서울,2,3,2022-10-01,13.9283406784
PIR,0000000000,전국,1,3,2022-10-01,2.3028878953
PIR,1100000000,서울,1,3,2022-10-01,7.6942988452
PIR,0000000000,전국,5,2,2022-10-01,26.5875315472
PIR,1100000000,서울,5,2,2022-10-01,53.3440195927
PIR,0000000000,전국,4,2,2022-10-01,14.8901796506
PIR,1100000000,서울,4,2,2022-10-01,33.3099209798
PIR,0000000000,전국,3,2,2022-10-01,9.7964634889
PIR,1100000000,서울,3,2,2022-10-01,25.1129991597
PIR,0000000000,전국,2,2,2022-10-01,6.2351411889
PIR,1100000000,서울,2,2,2022-10-01,19.4969281701
PIR,0000000000,전국,1,2,2022-10-01,3.2231412271
PIR,1100000000,서울,1,2,2022-10-01,10.7704999015
PIR,0000000000,전국,5,1,2022-10-01,51.4736677409
PIR,1100000000,서울,5,1,2022-10-01,101.6528503186
PIR,0000000000,전국,4,1,2022-10-01,28.8275035453
PIR,1100000000,서울,4,1,2022-10-01,63.4756892588
PIR,0000000000,전국,3,1,2022-10-01,18.9660294627
PIR,1100000000,서울,3,1,2022-10-01,47.8555602694
PIR,0000000000,전국,2,1,2022-10-01,12.0712818077
PIR,1100000000,서울,2,1,2022-10-01,37.1535241641
PIR,0000000000,전국,1,1,2022-10-01,6.2400264692
PIR,1100000000,서울,1,1,2022-10-01,20.5243628564
PIR,0000000000,전국,5,5,2022-11-01,8.9246813103
PIR,1100000000,서울,5,5,2022-11-01,16.1421620174
PIR,0000000000,전국,4,5,2022-11-01,3.96960747
PIR,1100000000,서울,4,5,2022-11-01,8.0848639151
PIR,0000000000,전국,3,5,2022-11-01,2.4610662502
PIR,1100000000,서울,3,5,2022-11-01,5.4374279802
PIR,0000000000,전국,2,5,2022-11-01,1.4774508936
PIR,1100000000,서울,2,5,2022-11-01,3.0934006461
PIR,0000000000,전국,1,5,2022-11-01,0.7192410755
PIR,1100000000,서울,1,5,2022-11-01,1.536344935
PIR,0000000000,전국,5,4,2022-11-01,14.4497605767
PIR,1100000000,서울,5,4,2022-11-01,26.253642857
PIR,0000000000,전국,4,4,2022-11-01,6.4271065297
PIR,1100000000,서울,4,4,2022-11-01,13.1492379735
PIR,0000000000,전국,3,4,2022-11-01,3.9846597141
PIR,1100000000,서울,3,4,2022-11-01,8.8434431583
PIR,0000000000,전국,2,4,2022-11-01,2.3921091335
PIR,1100000000,서울,2,4,2022-11-01,5.0311126655
PIR,0000000000,전국,1,4,2022-11-01,1.1645078381
PIR,1100000000,서울,1,4,2022-11-01,2.4987143102
PIR,0000000000,전국,5,3,2022-11-01,19.5073174645
PIR,1100000000,서울,5,3,2022-11-01,35.689953905
PIR,0000000000,전국,4,3,2022-11-01,8.6766563908
PIR,1100000000,서울,4,3,2022-11-01,17.8754506457
PIR,0000000000,전국,3,3,2022-11-01,5.3793294096
PIR,1100000000,서울,3,3,2022-11-01,12.0220298722
PIR,0000000000,전국,2,3,2022-11-01,3.2293706203
PIR,1100000000,서울,2,3,2022-11-01,6.8394386296
PIR,0000000000,전국,1,3,2022-11-01,1.5720969193
PIR,1100000000,서울,1,3,2022-11-01,3.396823787
PIR,0000000000,전국,5,2,2022-11-01,27.302605254
PIR,1100000000,서울,5,2,2022-11-01,49.9588919994
PIR,0000000000,전국,4,2,2022-11-01,12.1439211103
PIR,1100000000,서울,4,2,2022-11-01,25.0221031562
PIR,0000000000,전국,3,2,2022-11-01,7.528954592
PIR,1100000000,서울,3,2,2022-11-01,16.8284692549
PIR,0000000000,전국,2,2,2022-11-01,4.5198542252
PIR,1100000000,서울,2,2,2022-11-01,9.5738643077
PIR,0000000000,전국,1,2,2022-11-01,2.2003200433
PIR,1100000000,서울,1,2,2022-11-01,4.7548829333
PIR,0000000000,전국,5,1,2022-11-01,52.8580559955
PIR,1100000000,서울,5,1,2022-11-01,95.202120299
PIR,0000000000,전국,4,1,2022-11-01,23.5107256644
PIR,1100000000,서울,4,1,2022-11-01,47.6823480159
PIR,0000000000,전국,3,1,2022-11-01,14.5761146128
PIR,1100000000,서울,3,1,2022-11-01,32.0684845146
PIR,0000000000,전국,2,1,2022-11-01,8.750472913
PIR,1100000000,서울,2,1,2022-11-01,18.2440431536
PIR,0000000000,전국,1,1,2022-11-01,4.259836707
PIR,1100000000,서울,1,1,2022-11-01,9.0609482899
PIR,0000000000,전국,5,5,2022-12-01,8.8010005336
PIR,1100000000,서울,5,5,2022-12-01,15.9745681171
PIR,0000000000,전국,4,5,2022-12-01,3.890064593
PIR,1100000000,서울,4,5,2022-12-01,7.9759008883
PIR,0000000000,전국,3,5,2022-12-01,2.4325792989
PIR,1100000000,서울,3,5,2022-12-01,5.3743055966
PIR,0000000000,전국,2,5,2022-12-01,1.4700928108
PIR,1100000000,서울,2,5,2022-12-01,3.0780087285
PIR,0000000000,전국,1,5,2022-12-01,0.718218363
PIR,1100000000,서울,1,5,2022-12-01,1.5373785916
PIR,0000000000,전국,5,4,2022-12-01,14.2495116771
PIR,1100000000,서울,5,4,2022-12-01,25.9810678203
PIR,0000000000,전국,4,4,2022-12-01,6.2983203592
PIR,1100000000,서울,4,4,2022-12-01,12.9720203004
PIR,0000000000,전국,3,4,2022-12-01,3.9385371008
PIR,1100000000,서울,3,4,2022-12-01,8.7407807941
PIR,0000000000,전국,2,4,2022-12-01,2.3801958191
PIR,1100000000,서울,2,4,2022-12-01,5.0060792217
PIR,0000000000,전국,1,4,2022-12-01,1.1628519861
PIR,1100000000,서울,1,4,2022-12-01,2.5003954511
PIR,0000000000,전국,5,3,2022-12-01,19.2369795004
PIR,1100000000,서울,5,3,2022-12-01,35.3194075945
PIR,0000000000,전국,4,3,2022-12-01,8.5027938068
PIR,1100000000,서울,4,3,2022-12-01,17.6345358661
PIR,0000000000,전국,3,3,2022-12-01,5.3170634325
PIR,1100000000,서울,3,3,2022-12-01,11.8824677145
PIR,0000000000,전국,2,3,2022-12-01,3.2132875299
PIR,1100000000,서울,2,3,2022-12-01,6.8054074492
PIR,0000000000,전국,1,3,2022-12-01,1.569861503
PIR,1100000000,서울,1,3,2022-12-01,3.3991091781
PIR,0000000000,전국,5,2,2022-12-01,26.9242379704
PIR,1100000000,서울,5,2,2022-12-01,49.4402002927
PIR,0000000000,전국,4,2,2022-12-01,11.9005815785
PIR,1100000000,서울,4,2,2022-12-01,24.6848700096
PIR,0000000000,전국,3,2,2022-12-01,7.4418066079
PIR,1100000000,서울,3,2,2022-12-01,16.633109777
PIR,0000000000,전국,2,2,2022-12-01,4.4973441969
PIR,1100000000,서울,2,2,2022-12-01,9.5262273712
PIR,0000000000,전국,1,2,2022-12-01,2.1971913359
PIR,1100000000,서울,1,2,2022-12-01,4.7580820298
PIR,0000000000,전국,5,1,2022-12-01,52.1255339934
PIR,1100000000,서울,5,1,2022-12-01,94.2136966513
PIR,0000000000,전국,4,1,2022-12-01,23.0396184394
PIR,1100000000,서울,4,1,2022-12-01,47.0397134557
PIR,0000000000,전국,3,1,2022-12-01,14.4073954382
PIR,1100000000,서울,3,1,2022-12-01,31.6962057115
PIR,0000000000,전국,2,1,2022-12-01,8.7068933231
PIR,1100000000,서울,2,1,2022-12-01,18.153265773
PIR,0000000000,전국,1,1,2022-12-01,4.2537795052
PIR,1100000000,서울,1,1,2022-12-01,9.0670445174
PIR,0000000000,전국,5,5,2023-01-01,7.389033615
PIR,1100000000,서울,5,5,2023-01-01,13.3152830723
PIR,0000000000,전국,4,5,2023-01-01,3.2504152811
PIR,1100000000,서울,4,5,2023-01-01,6.5669360584
PIR,0000000000,전국,3,5,2023-01-01,2.0516755472
PIR,1100000000,서울,3,5,2023-01-01,4.4643497592
PIR,0000000000,전국,2,5,2023-01-01,1.2501349121
PIR,1100000000,서울,2,5,2023-01-01,2.5793224982
PIR,0000000000,전국,1,5,2023-01-01,0.612702551
PIR,1100000000,서울,1,5,2023-01-01,1.2964763881
PIR,0000000000,전국,5,4,2023-01-01,13.2089699824
PIR,1100000000,서울,5,4,2023-01-01,24.095559671
PIR,0000000000,전국,4,4,2023-01-01,5.8105890588
PIR,1100000000,서울,4,4,2023-01-01,11.883637681
PIR,0000000000,전국,3,4,2023-01-01,3.6676678073
PIR,1100000000,서울,3,4,2023-01-01,8.0787622337
PIR,0000000000,전국,2,4,2023-01-01,2.2347975916
PIR,1100000000,서울,2,4,2023-01-01,4.6675852724
PIR,0000000000,전국,1,4,2023-01-01,1.0952947335
PIR,1100000000,서울,1,4,2023-01-01,2.3461254262
PIR,0000000000,전국,5,3,2023-01-01,18.1604875314
PIR,1100000000,서울,5,3,2023-01-01,33.0177164936
PIR,0000000000,전국,4,3,2023-01-01,7.9887478201
PIR,1100000000,서울,4,3,2023-01-01,16.2839371743
PIR,0000000000,전국,3,3,2023-01-01,5.0425306115
PIR,1100000000,서울,3,3,2023-01-01,11.0701840793
PIR,0000000000,전국,2,3,2023-01-01,3.0725343348
PIR,1100000000,서울,2,3,2023-01-01,6.3959090114
PIR,0000000000,전국,1,3,2023-01-01,1.5058771711
PIR,1100000000,서울,1,3,2023-01-01,3.2148539082
PIR,0000000000,전국,5,2,2023-01-01,25.8584088024
PIR,1100000000,서울,5,2,2023-01-01,46.9245955896
PIR,0000000000,전국,4,2,2023-01-01,11.3750419197
PIR,1100000000,서울,4,2,2023-01-01,23.1426412139
PIR,0000000000,전국,3,2,2023-01-01,7.17997343
PIR,1100000000,서울,3,2,2023-01-01,15.7328842266
PIR,0000000000,전국,2,2,2023-01-01,4.3749292936
PIR,1100000000,서울,2,2,2023-01-01,9.0898304202
PIR,0000000000,전국,1,2,2023-01-01,2.1441928489
PIR,1100000000,서울,1,2,2023-01-01,4.5689325473
PIR,0000000000,전국,5,1,2023-01-01,51.0604500005
PIR,1100000000,서울,5,1,2023-01-01,92.2125565508
PIR,0000000000,전국,4,1,2023-01-01,22.4613495607
PIR,1100000000,서울,4,1,2023-01-01,45.4781140861
PIR,0000000000,전국,3,1,2023-01-01,14.1776965911
PIR,1100000000,서울,3,1,2023-01-01,30.9170373921
PIR,0000000000,전국,2,1,2023-01-01,8.6388091456
PIR,1100000000,서울,2,1,2023-01-01,17.8626260093
PIR,0000000000,전국,1,1,2023-01-01,4.2339593511
PIR,1100000000,서울,1,1,2023-01-01,8.9785100031
PIR,0000000000,전국,5,5,2023-02-01,7.3073613672
PIR,1100000000,서울,5,5,2023-02-01,13.2001409411
PIR,0000000000,전국,4,5,2023-02-01,3.2076176481
PIR,1100000000,서울,4,5,2023-02-01,6.4864488388
PIR,0000000000,전국,3,5,2023-02-01,2.0307047171
PIR,1100000000,서울,3,5,2023-02-01,4.4209769148
PIR,0000000000,전국,2,5,2023-02-01,1.2450579073
PIR,1100000000,서울,2,5,2023-02-01,2.5659654082
PIR,0000000000,전국,1,5,2023-02-01,0.6119356106
PIR,1100000000,서울,1,5,2023-02-01,1.2947429437
PIR,0000000000,전국,5,4,2023-02-01,13.062968986
PIR,1100000000,서울,5,4,2023-02-01,23.8871965384
PIR,0000000000,전국,4,4,2023-02-01,5.7340820784
PIR,1100000000,서울,4,4,2023-02-01,11.7379866579
PIR,0000000000,전국,3,4,2023-02-01,3.6301794048
PIR,1100000000,서울,3,4,2023-02-01,8.0002740067
PIR,0000000000,전국,2,4,2023-02-01,2.2257217087
PIR,1100000000,서울,2,4,2023-02-01,4.6434140582
PIR,0000000000,전국,1,4,2023-02-01,1.0939237163
PIR,1100000000,서울,1,4,2023-02-01,2.342988556
PIR,0000000000,전국,5,3,2023-02-01,17.9597565676
PIR,1100000000,서울,5,3,2023-02-01,32.732200202
PIR,0000000000,전국,4,3,2023-02-01,7.8835614152
PIR,1100000000,서울,4,3,2023-02-01,16.0843541702
PIR,0000000000,전국,3,3,2023-02-01,4.9909892978
PIR,1100000000,서울,3,3,2023-02-01,10.962633059
PIR,0000000000,전국,2,3,2023-02-01,3.0600562643
PIR,1100000000,서울,2,3,2023-02-01,6.3627876268
PIR,0000000000,전국,1,3,2023-02-01,1.5039922141
PIR,1100000000,서울,1,3,2023-02-01,3.210555511
PIR,0000000000,전국,5,2,2023-02-01,25.5725914029
PIR,1100000000,서울,5,2,2023-02-01,46.5188214193
PIR,0000000000,전국,4,2,2023-02-01,11.2252687898
PIR,1100000000,서울,4,2,2023-02-01,22.858994955
PIR,0000000000,전국,3,2,2023-02-01,7.1065846315
PIR,1100000000,서울,3,2,2023-02-01,15.580033313
PIR,0000000000,전국,2,2,2023-02-01,4.3571619817
PIR,1100000000,서울,2,2,2023-02-01,9.0427584921
PIR,0000000000,전국,1,2,2023-02-01,2.1415088907
PIR,1100000000,서울,1,2,2023-02-01,4.5628236889
PIR,0000000000,전국,5,1,2023-02-01,50.4960701444
PIR,1100000000,서울,5,1,2023-02-01,91.4151607893
PIR,0000000000,전국,4,1,2023-02-01,22.1656050132
PIR,1100000000,서울,4,1,2023-02-01,44.9207145741
PIR,0000000000,전국,3,1,2023-02-01,14.0327818322
PIR,1100000000,서울,3,1,2023-02-01,30.6166666944
PIR,0000000000,전국,2,1,2023-02-01,8.6037255118
PIR,1100000000,서울,2,1,2023-02-01,17.7701239264
PIR,0000000000,전국,1,1,2023-02-01,4.228659562
PIR,1100000000,서울,1,1,2023-02-01,8.9665053509
PIR,0000000000,전국,5,5,2023-03-01,7.2268961498
PIR,1100000000,서울,5,5,2023-03-01,13.0847485103
PIR,0000000000,전국,4,5,2023-03-01,3.1669676122
PIR,1100000000,서울,4,5,2023-03-01,6.4042870332
PIR,0000000000,전국,3,5,2023-03-01,2.0112811899
PIR,1100000000,서울,3,5,2023-03-01,4.3747403987
PIR,0000000000,전국,2,5,2023-03-01,1.2395557951
PIR,1100000000,서울,2,5,2023-03-01,2.5537533587
PIR,0000000000,전국,1,5,2023-03-01,0.6111666918
PIR,1100000000,서울,1,5,2023-03-01,1.2960008227
PIR,0000000000,전국,5,4,2023-03-01,12.9191257318
PIR,1100000000,서울,5,4,2023-03-01,23.6783804593
PIR,0000000000,전국,4,4,2023-03-01,5.6614142395
PIR,1100000000,서울,4,4,2023-03-01,11.5893052759
PIR,0000000000,전국,3,4,2023-03-01,3.595457031
PIR,1100000000,서울,3,4,2023-03-01,7.9166036312
PIR,0000000000,전국,2,4,2023-03-01,2.2158858846
PIR,1100000000,서울,2,4,2023-03-01,4.6213149284
PIR,0000000000,전국,1,4,2023-03-01,1.0925491623
PIR,1100000000,서울,1,4,2023-03-01,2.3452648349
PIR,0000000000,전국,5,3,2023-03-01,17.7619921978
PIR,1100000000,서울,5,3,2023-03-01,32.446063246
PIR,0000000000,전국,4,3,2023-03-01,7.7836532934
PIR,1100000000,서울,4,3,2023-03-01,15.880618719
PIR,0000000000,전국,3,3,2023-03-01,4.9432508869
PIR,1100000000,서울,3,3,2023-03-01,10.8479810329
PIR,0000000000,전국,2,3,2023-03-01,3.0465333809
PIR,1100000000,서울,2,3,2023-03-01,6.3325055827
PIR,0000000000,전국,1,3,2023-03-01,1.5021023945
PIR,1100000000,서울,1,3,2023-03-01,3.2136746553
PIR,0000000000,전국,5,2,2023-03-01,25.290998086
PIR,1100000000,서울,5,2,2023-03-01,46.1121651641
PIR,0000000000,전국,4,2,2023-03-01,11.0830113173
PIR,1100000000,서울,4,2,2023-03-01,22.5694472617
PIR,0000000000,전국,3,2,2023-03-01,7.0386107216
PIR,1100000000,서울,3,2,2023-03-01,15.4170904893
PIR,0000000000,전국,2,2,2023-03-01,4.3379069784
PIR,1100000000,서울,2,2,2023-03-01,8.9997218189
PIR,0000000000,전국,1,2,2023-03-01,2.1388180088
PIR,1100000000,서울,1,2,2023-03-01,4.5672565996
PIR,0000000000,전국,5,1,2023-03-01,49.9400312331
PIR,1100000000,서울,5,1,2023-03-01,90.6160316235
PIR,0000000000,전국,4,1,2023-03-01,21.8847010095
PIR,1100000000,서울,4,1,2023-03-01,44.351718023
PIR,0000000000,전국,3,1,2023-03-01,13.8985594035
PIR,1100000000,서울,3,1,2023-03-01,30.2964641618
PIR,0000000000,전국,2,1,2023-03-01,8.5657042578
PIR,1100000000,서울,2,1,2023-03-01,17.6855516118
PIR,0000000000,전국,1,1,2023-03-01,4.2233461012
PIR,1100000000,서울,1,1,2023-03-01,8.9752165613
PIR,0000000000,전국,5,5,2023-04-01,8.3675861291
PIR,1100000000,서울,5,5,2023-04-01,15.4059376092
PIR,0000000000,전국,4,5,2023-04-01,3.655929189
PIR,1100000000,서울,4,5,2023-04-01,7.50766722
PIR,0000000000,전국,3,5,2023-04-01,2.3283034571
PIR,1100000000,서울,3,5,2023-04-01,5.1390774212
PIR,0000000000,전국,2,5,2023-04-01,1.4428621861
PIR,1100000000,서울,2,5,2023-04-01,3.0150787355
PIR,0000000000,전국,1,5,2023-04-01,0.7133193492
PIR,1100000000,서울,1,5,2023-04-01,1.5331193625
PIR,0000000000,전국,5,4,2023-04-01,13.2064218258
PIR,1100000000,서울,5,4,2023-04-01,24.3543696243
PIR,0000000000,전국,4,4,2023-04-01,5.7700921497
PIR,1100000000,서울,4,4,2023-04-01,11.8684436567
PIR,0000000000,전국,3,4,2023-04-01,3.6747225685
PIR,1100000000,서울,3,4,2023-04-01,8.1240749001
PIR,0000000000,전국,2,4,2023-04-01,2.2772453576
PIR,1100000000,서울,2,4,2023-04-01,4.7663663085
PIR,0000000000,전국,1,4,2023-04-01,1.1258200485
PIR,1100000000,서울,1,4,2023-04-01,2.4236211116
PIR,0000000000,전국,5,3,2023-04-01,17.372968143
PIR,1100000000,서울,5,3,2023-04-01,31.7405609952
PIR,0000000000,전국,4,3,2023-04-01,7.5905213706
PIR,1100000000,서울,4,3,2023-04-01,15.4679043479
PIR,0000000000,전국,3,3,2023-04-01,4.834075343
PIR,1100000000,서울,3,3,2023-04-01,10.5879437191
PIR,0000000000,전국,2,3,2023-04-01,2.995702513
PIR,1100000000,서울,2,3,2023-04-01,6.2119095207
PIR,0000000000,전국,1,3,2023-04-01,1.4810094737
PIR,1100000000,서울,1,3,2023-04-01,3.1586567383
PIR,0000000000,전국,5,2,2023-04-01,24.3588723155
PIR,1100000000,서울,5,2,2023-04-01,43.9381012353
PIR,0000000000,전국,4,2,2023-04-01,10.6427721132
PIR,1100000000,서울,4,2,2023-04-01,21.4120458438
PIR,0000000000,전국,3,2,2023-04-01,6.7779220611
PIR,1100000000,서울,3,2,2023-04-01,14.6567712862
PIR,0000000000,전국,2,2,2023-04-01,4.2003147884
PIR,1100000000,서울,2,2,2023-04-01,8.5990764128
PIR,0000000000,전국,1,2,2023-04-01,2.076543304
PIR,1100000000,서울,1,2,2023-04-01,4.3724929612
PIR,0000000000,전국,5,1,2023-04-01,48.5790832347
PIR,1100000000,서울,5,1,2023-04-01,88.1343302408
PIR,0000000000,전국,4,1,2023-04-01,21.2249608947
PIR,1100000000,서울,4,1,2023-04-01,42.9498832783
PIR,0000000000,전국,3,1,2023-04-01,13.5172612139
PIR,1100000000,서울,3,1,2023-04-01,29.3996482435
PIR,0000000000,전국,2,1,2023-04-01,8.3767195407
PIR,1100000000,서울,2,1,2023-04-01,17.2486707214
PIR,0000000000,전국,1,1,2023-04-01,4.1412660118
PIR,1100000000,서울,1,1,2023-04-01,8.7706734652
PIR,0000000000,전국,5,5,2023-05-01,8.2979617971
PIR,1100000000,서울,5,5,2023-05-01,15.2333011587
PIR,0000000000,전국,4,5,2023-05-01,3.6356762099
PIR,1100000000,서울,4,5,2023-05-01,7.4394416934
PIR,0000000000,전국,3,5,2023-05-01,2.3144489323
PIR,1100000000,서울,3,5,2023-05-01,5.0926283092
PIR,0000000000,전국,2,5,2023-05-01,1.4384688576
PIR,1100000000,서울,2,5,2023-05-01,3.0015801979
PIR,0000000000,전국,1,5,2023-05-01,0.7128142291
PIR,1100000000,서울,1,5,2023-05-01,1.5313952414
PIR,0000000000,전국,5,4,2023-05-01,13.0965349023
PIR,1100000000,서울,5,4,2023-05-01,24.0814584888
PIR,0000000000,전국,4,4,2023-05-01,5.7381272101
PIR,1100000000,서울,4,4,2023-05-01,11.760589806
PIR,0000000000,전국,3,4,2023-05-01,3.6528562029
PIR,1100000000,서울,3,4,2023-05-01,8.0506461436
PIR,0000000000,전국,2,4,2023-05-01,2.2703114404
PIR,1100000000,서울,2,4,2023-05-01,4.7450272389
PIR,0000000000,전국,1,4,2023-05-01,1.1250228259
PIR,1100000000,서울,1,4,2023-05-01,2.4208955466
PIR,0000000000,전국,5,3,2023-05-01,17.2284125588
PIR,1100000000,서울,5,3,2023-05-01,31.3848813912
PIR,0000000000,전국,4,3,2023-05-01,7.5484716856
PIR,1100000000,서울,4,3,2023-05-01,15.3273405896
PIR,0000000000,전국,3,3,2023-05-01,4.805310271
PIR,1100000000,서울,3,3,2023-05-01,10.4922454948
PIR,0000000000,전국,2,3,2023-05-01,2.9865809868
PIR,1100000000,서울,2,3,2023-05-01,6.1840987397
PIR,0000000000,전국,1,3,2023-05-01,1.4799607322
PIR,1100000000,서울,1,3,2023-05-01,3.1551045642
PIR,0000000000,전국,5,2,2023-05-01,24.1561889865
PIR,1100000000,서울,5,2,2023-05-01,43.4457379639
PIR,0000000000,전국,4,2,2023-05-01,10.5838136842
PIR,1100000000,서울,4,2,2023-05-01,21.2174650157
PIR,0000000000,전국,3,2,2023-05-01,6.7375901668
PIR,1100000000,서울,3,2,2023-05-01,14.5242973118
PIR,0000000000,전국,2,2,2023-05-01,4.1875253738
PIR,1100000000,서울,2,2,2023-05-01,8.5605782619
PIR,0000000000,전국,1,2,2023-05-01,2.0750728494
PIR,1100000000,서울,1,2,2023-05-01,4.3675757265
PIR,0000000000,전국,5,1,2023-05-01,48.1748703394
PIR,1100000000,서울,5,1,2023-05-01,87.1467111598
PIR,0000000000,전국,4,1,2023-05-01,21.1073796541
PIR,1100000000,서울,4,1,2023-05-01,42.5595784977
PIR,0000000000,전국,3,1,2023-05-01,13.4368270122
PIR,1100000000,서울,3,1,2023-05-01,29.1339220359
PIR,0000000000,전국,2,1,2023-05-01,8.3512135147
PIR,1100000000,서울,2,1,2023-05-01,17.1714482505
PIR,0000000000,전국,1,1,2023-05-01,4.1383334731
PIR,1100000000,서울,1,1,2023-05-01,8.7608101081
PIR,0000000000,전국,5,5,2023-06-01,8.2907102656
PIR,1100000000,서울,5,5,2023-06-01,15.2422120039
PIR,0000000000,전국,4,5,2023-06-01,3.6315139297
PIR,1100000000,서울,4,5,2023-06-01,7.4195622832
PIR,0000000000,전국,3,5,2023-06-01,2.309183303
PIR,1100000000,서울,3,5,2023-06-01,5.0760059255
PIR,0000000000,전국,2,5,2023-06-01,1.4366503827
PIR,1100000000,서울,2,5,2023-06-01,2.996178952
PIR,0000000000,전국,1,5,2023-06-01,0.7128545845
PIR,1100000000,서울,1,5,2023-06-01,1.5300004381
PIR,0000000000,전국,5,4,2023-06-01,13.0850899308
PIR,1100000000,서울,5,4,2023-06-01,24.0955451367
PIR,0000000000,전국,4,4,2023-06-01,5.7315579526
PIR,1100000000,서울,4,4,2023-06-01,11.7291635783
PIR,0000000000,전국,3,4,2023-06-01,3.6445455478
PIR,1100000000,서울,3,4,2023-06-01,8.0243687637
PIR,0000000000,전국,2,4,2023-06-01,2.2674413717
PIR,1100000000,서울,2,4,2023-06-01,4.7364887168
PIR,0000000000,전국,1,4,2023-06-01,1.1250865182
PIR,1100000000,서울,1,4,2023-06-01,2.4186905815
PIR,0000000000,전국,5,3,2023-06-01,17.213356768
PIR,1100000000,서울,5,3,2023-06-01,31.4032402366
PIR,0000000000,전국,4,3,2023-06-01,7.5398298671
PIR,1100000000,서울,4,3,2023-06-01,15.2863834179
PIR,0000000000,전국,3,3,2023-06-01,4.7943776545
PIR,1100000000,서울,3,3,2023-06-01,10.4579987131
PIR,0000000000,전국,2,3,2023-06-01,2.9828054287
PIR,1100000000,서울,2,3,2023-06-01,6.1729706552
PIR,0000000000,전국,1,3,2023-06-01,1.4800445189
PIR,1100000000,서울,1,3,2023-06-01,3.1522308775
PIR,0000000000,전국,5,2,2023-06-01,24.1350790597
PIR,1100000000,서울,5,2,2023-06-01,43.4711519069
PIR,0000000000,전국,4,2,2023-06-01,10.5716968742
PIR,1100000000,서울,4,2,2023-06-01,21.160768464
PIR,0000000000,전국,3,2,2023-06-01,6.7222613981
PIR,1100000000,서울,3,2,2023-06-01,14.4768898775
PIR,0000000000,전국,2,2,2023-06-01,4.1822316131
PIR,1100000000,서울,2,2,2023-06-01,8.5451737798
PIR,0000000000,전국,1,2,2023-06-01,2.0751903279
PIR,1100000000,서울,1,2,2023-06-01,4.3635977143
PIR,0000000000,전국,5,1,2023-06-01,48.1327706526
PIR,1100000000,서울,5,1,2023-06-01,87.1976883479
PIR,0000000000,전국,4,1,2023-06-01,21.0832150083
PIR,1100000000,서울,4,1,2023-06-01,42.4458523132
PIR,0000000000,전국,3,1,2023-06-01,13.4062567329
PIR,1100000000,서울,3,1,2023-06-01,29.0388286578
PIR,0000000000,전국,2,1,2023-06-01,8.3406561276
PIR,1100000000,서울,2,1,2023-06-01,17.1405487879
PIR,0000000000,전국,1,1,2023-06-01,4.1385677614
PIR,1100000000,서울,1,1,2023-06-01,8.7528307137
PIR,0000000000,전국,5,5,2023-07-01,7.7713544559
PIR,1100000000,서울,5,5,2023-07-01,14.3767369495
PIR,0000000000,전국,4,5,2023-07-01,3.3997807016
PIR,1100000000,서울,4,5,2023-07-01,6.9750637906
PIR,0000000000,전국,3,5,2023-07-01,2.1599924983
PIR,1100000000,서울,3,5,2023-07-01,4.7568860379
PIR,0000000000,전국,2,5,2023-07-01,1.3436276274
PIR,1100000000,서울,2,5,2023-07-01,2.8130183022
PIR,0000000000,전국,1,5,2023-07-01,0.6675442466
PIR,1100000000,서울,1,5,2023-07-01,1.439491916
PIR,0000000000,전국,5,4,2023-07-01,12.4044000118
PIR,1100000000,서울,5,4,2023-07-01,22.8493538452
PIR,0000000000,전국,4,4,2023-07-01,5.4266267244
PIR,1100000000,서울,4,4,2023-07-01,11.0856657672
PIR,0000000000,전국,3,4,2023-07-01,3.4477144395
PIR,1100000000,서울,3,4,2023-07-01,7.5602532524
PIR,0000000000,전국,2,4,2023-07-01,2.1446576207
PIR,1100000000,서울,2,4,2023-07-01,4.4708093905
PIR,0000000000,전국,1,4,2023-07-01,1.0655138569
PIR,1100000000,서울,1,4,2023-07-01,2.2878251346
PIR,0000000000,전국,5,3,2023-07-01,16.5679603024
PIR,1100000000,서울,5,3,2023-07-01,30.282966683
PIR,0000000000,전국,4,3,2023-07-01,7.248084233
PIR,1100000000,서울,4,3,2023-07-01,14.6921812039
PIR,0000000000,전국,3,3,2023-07-01,4.6049463023
PIR,1100000000,서울,3,3,2023-07-01,10.0198412133
PIR,0000000000,전국,2,3,2023-07-01,2.8645160015
PIR,1100000000,서울,2,3,2023-07-01,5.9253041787
PIR,0000000000,전국,1,3,2023-07-01,1.4231555953
PIR,1100000000,서울,1,3,2023-07-01,3.0321265448
PIR,0000000000,전국,5,2,2023-07-01,23.3594541907
PIR,1100000000,서울,5,2,2023-07-01,42.4594993352
PIR,0000000000,전국,4,2,2023-07-01,10.2191994983
PIR,1100000000,서울,4,2,2023-07-01,20.5997868237
PIR,0000000000,전국,3,2,2023-07-01,6.4925935503
PIR,1100000000,서울,3,2,2023-07-01,14.0487372254
PIR,0000000000,전국,2,2,2023-07-01,4.0387307245
PIR,1100000000,서울,2,2,2023-07-01,8.307820415
PIR,0000000000,전국,1,2,2023-07-01,2.0065317232
PIR,1100000000,서울,1,2,2023-07-01,4.251319772
PIR,0000000000,전국,5,1,2023-07-01,44.5473196056
PIR,1100000000,서울,5,1,2023-07-01,80.9100929232
PIR,0000000000,전국,4,1,2023-07-01,19.4883811261
PIR,1100000000,서울,4,1,2023-07-01,39.2546000825
PIR,0000000000,전국,3,1,2023-07-01,12.3816095013
PIR,1100000000,서울,3,1,2023-07-01,26.7710324465
PIR,0000000000,전국,2,1,2023-07-01,7.7020048035
PIR,1100000000,서울,2,1,2023-07-01,15.8312399414
PIR,0000000000,전국,1,1,2023-07-01,3.8265281903
PIR,1100000000,서울,1,1,2023-07-01,8.1012419643
PIR,0000000000,전국,5,5,2023-08-01,7.7994617085
PIR,1100000000,서울,5,5,2023-08-01,14.4524667278
PIR,0000000000,전국,4,5,2023-08-01,3.4079163481
PIR,1100000000,서울,4,5,2023-08-01,6.9872240911
PIR,0000000000,전국,3,5,2023-08-01,2.1613864815
PIR,1100000000,서울,3,5,2023-08-01,4.7469875241
PIR,0000000000,전국,2,5,2023-08-01,1.3441433622
PIR,1100000000,서울,2,5,2023-08-01,2.8111380479
PIR,0000000000,전국,1,5,2023-08-01,0.6677347474
PIR,1100000000,서울,1,5,2023-08-01,1.4389429419
PIR,0000000000,전국,5,4,2023-08-01,12.4492639551
PIR,1100000000,서울,5,4,2023-08-01,22.9697133194
PIR,0000000000,전국,4,4,2023-08-01,5.4396125963
PIR,1100000000,서울,4,4,2023-08-01,11.104992476
PIR,0000000000,전국,3,4,2023-08-01,3.4499394731
PIR,1100000000,서울,3,4,2023-08-01,7.544521265
PIR,0000000000,전국,2,4,2023-08-01,2.1454808209
PIR,1100000000,서울,2,4,2023-08-01,4.4678210494
PIR,0000000000,전국,1,4,2023-08-01,1.0658179287
PIR,1100000000,서울,1,4,2023-08-01,2.2869526345
PIR,0000000000,전국,5,3,2023-08-01,16.6278829129
PIR,1100000000,서울,5,3,2023-08-01,30.4424828763
PIR,0000000000,전국,4,3,2023-08-01,7.2654288374
PIR,1100000000,서울,4,3,2023-08-01,14.7177954985
PIR,0000000000,전국,3,3,2023-08-01,4.6079181727
PIR,1100000000,서울,3,3,2023-08-01,9.9989911161
PIR,0000000000,전국,2,3,2023-08-01,2.8656155103
PIR,1100000000,서울,2,3,2023-08-01,5.9213436363
PIR,0000000000,전국,1,3,2023-08-01,1.4235617293
PIR,1100000000,서울,1,3,2023-08-01,3.0309701931
PIR,0000000000,전국,5,2,2023-08-01,23.4439401171
PIR,1100000000,서울,5,2,2023-08-01,42.6831556822
PIR,0000000000,전국,4,2,2023-08-01,10.2436539565
PIR,1100000000,서울,4,2,2023-08-01,20.6357004162
PIR,0000000000,전국,3,2,2023-08-01,6.4967836418
PIR,1100000000,서울,3,2,2023-08-01,14.019503475
PIR,0000000000,전국,2,2,2023-08-01,4.040280941
PIR,1100000000,서울,2,2,2023-08-01,8.302267371
PIR,0000000000,전국,1,2,2023-08-01,2.0071043385
PIR,1100000000,서울,1,2,2023-08-01,4.2496984607
PIR,0000000000,전국,5,1,2023-08-01,44.7084373071
PIR,1100000000,서울,5,1,2023-08-01,81.3362886181
PIR,0000000000,전국,4,1,2023-08-01,19.5350166577
PIR,1100000000,서울,4,1,2023-08-01,39.3230364077
PIR,0000000000,전국,3,1,2023-08-01,12.3896001566
PIR,1100000000,서울,3,1,2023-08-01,26.7153251136
PIR,0000000000,전국,2,1,2023-08-01,7.7049611222
PIR,1100000000,서울,2,1,2023-08-01,15.8206581562
PIR,0000000000,전국,1,1,2023-08-01,3.8276201883
PIR,1100000000,서울,1,1,2023-08-01,8.0981524214
PIR,0000000000,전국,5,5,2023-09-01,7.8385881282
PIR,1100000000,서울,5,5,2023-09-01,14.5586877969
PIR,0000000000,전국,4,5,2023-09-01,3.4177808953
PIR,1100000000,서울,4,5,2023-09-01,7.0120548468
PIR,0000000000,전국,3,5,2023-09-01,2.1633444304
PIR,1100000000,서울,3,5,2023-09-01,4.7514805755
PIR,0000000000,전국,2,5,2023-09-01,1.344442367
PIR,1100000000,서울,2,5,2023-09-01,2.8145766542
PIR,0000000000,전국,1,5,2023-09-01,0.6677413216
PIR,1100000000,서울,1,5,2023-09-01,1.4412548065
PIR,0000000000,전국,5,4,2023-09-01,12.5117163581
PIR,1100000000,서울,5,4,2023-09-01,23.1385334629
PIR,0000000000,전국,4,4,2023-09-01,5.455358087
PIR,1100000000,서울,4,4,2023-09-01,11.1444566969
PIR,0000000000,전국,3,4,2023-09-01,3.4530646917
PIR,1100000000,서울,3,4,2023-09-01,7.5516621984
PIR,0000000000,전국,2,4,2023-09-01,2.1459580833
PIR,1100000000,서울,2,4,2023-09-01,4.4732861234
PIR,0000000000,전국,1,4,2023-09-01,1.0658284222
PIR,1100000000,서울,1,4,2023-09-01,2.2906269461
PIR,0000000000,전국,5,3,2023-09-01,16.7112975829
PIR,1100000000,서울,5,3,2023-09-01,30.6662255176
PIR,0000000000,전국,4,3,2023-09-01,7.2864593317
PIR,1100000000,서울,4,3,2023-09-01,14.7700986705
PIR,0000000000,전국,3,3,2023-09-01,4.6120923768
PIR,1100000000,서울,3,3,2023-09-01,10.0084552195
PIR,0000000000,전국,2,3,2023-09-01,2.8662529668
PIR,1100000000,서울,2,3,2023-09-01,5.9285866705
PIR,0000000000,전국,1,3,2023-09-01,1.423575745
PIR,1100000000,서울,1,3,2023-09-01,3.0358398738
PIR,0000000000,전국,5,2,2023-09-01,23.5615479051
PIR,1100000000,서울,5,2,2023-09-01,42.9968634053
PIR,0000000000,전국,4,2,2023-09-01,10.2733052147
PIR,1100000000,서울,4,2,2023-09-01,20.7090342649
PIR,0000000000,전국,3,2,2023-09-01,6.5026689244
PIR,1100000000,서울,3,2,2023-09-01,14.0327730168
PIR,0000000000,전국,2,2,2023-09-01,4.041179702
PIR,1100000000,서울,2,2,2023-09-01,8.3124227699
PIR,0000000000,전국,1,2,2023-09-01,2.0071240994
PIR,1100000000,서울,1,2,2023-09-01,4.2565262001
PIR,0000000000,전국,5,1,2023-09-01,44.9327195902
PIR,1100000000,서울,5,1,2023-09-01,81.934084669
PIR,0000000000,전국,4,1,2023-09-01,19.5915626738
PIR,1100000000,서울,4,1,2023-09-01,39.4627801306
PIR,0000000000,전국,3,1,2023-09-01,12.4008236023
PIR,1100000000,서울,3,1,2023-09-01,26.7406113246
PIR,0000000000,전국,2,1,2023-09-01,7.7066750917
PIR,1100000000,서울,2,1,2023-09-01,15.8400101099
PIR,0000000000,전국,1,1,2023-09-01,3.8276578732
PIR,1100000000,서울,1,1,2023-09-01,8.1111632443
PIR,0000000000,전국,5,5,2023-10-01,8.0398066844
PIR,1100000000,서울,5,5,2023-10-01,14.9338109796
PIR,0000000000,전국,4,5,2023-10-01,3.5005271236
PIR,1100000000,서울,4,5,2023-10-01,7.1799795571
PIR,0000000000,전국,3,5,2023-10-01,2.2123223889
PIR,1100000000,서울,3,5,2023-10-01,4.8516519071
PIR,0000000000,전국,2,5,2023-10-01,1.3734873421
PIR,1100000000,서울,2,5,2023-10-01,2.8690318958
PIR,0000000000,전국,1,5,2023-10-01,0.6819954989
PIR,1100000000,서울,1,5,2023-10-01,1.4696310234
PIR,0000000000,전국,5,4,2023-10-01,13.0550360582
PIR,1100000000,서울,5,4,2023-10-01,24.3264719736
PIR,0000000000,전국,4,4,2023-10-01,5.6841550569
PIR,1100000000,서울,4,4,2023-10-01,11.6958472091
PIR,0000000000,전국,3,4,2023-10-01,3.5923685349
PIR,1100000000,서울,3,4,2023-10-01,7.9031115571
PIR,0000000000,전국,2,4,2023-10-01,2.2302683982
PIR,1100000000,서울,2,4,2023-10-01,4.6735173024
PIR,0000000000,전국,1,4,2023-10-01,1.1074241185
PIR,1100000000,서울,1,4,2023-10-01,2.3939594489
PIR,0000000000,전국,5,3,2023-10-01,17.4126748969
PIR,1100000000,서울,5,3,2023-10-01,32.1968949531
PIR,0000000000,전국,4,3,2023-10-01,7.5814684561
PIR,1100000000,서울,4,3,2023-10-01,15.4798428801
PIR,0000000000,전국,3,3,2023-10-01,4.7914647749
PIR,1100000000,서울,3,3,2023-10-01,10.4600310675
PIR,0000000000,전국,2,3,2023-10-01,2.9747094055
PIR,1100000000,서울,2,3,2023-10-01,6.1855556288
PIR,0000000000,전국,1,3,2023-10-01,1.4770710752
PIR,1100000000,서울,1,3,2023-10-01,3.1684849731
PIR,0000000000,전국,5,2,2023-10-01,24.2070248012
PIR,1100000000,서울,5,2,2023-10-01,44.5052230443
PIR,0000000000,전국,4,2,2023-10-01,10.5397244268
PIR,1100000000,서울,4,2,2023-10-01,21.3975248568
PIR,0000000000,전국,3,2,2023-10-01,6.6610734609
PIR,1100000000,서울,3,2,2023-10-01,14.4587239356
PIR,0000000000,전국,2,2,2023-10-01,4.1354280592
PIR,1100000000,서울,2,2,2023-10-01,8.5501888712
PIR,0000000000,전국,1,2,2023-10-01,2.0534177754
PIR,1100000000,서울,1,2,2023-10-01,4.3797431599
PIR,0000000000,전국,5,1,2023-10-01,45.64005781
PIR,1100000000,서울,5,1,2023-10-01,82.9383430748
PIR,0000000000,전국,4,1,2023-10-01,19.8716544512
PIR,1100000000,서울,4,1,2023-10-01,39.8756625881
PIR,0000000000,전국,3,1,2023-10-01,12.5588245697
PIR,1100000000,서울,3,1,2023-10-01,26.9447611801
PIR,0000000000,전국,2,1,2023-10-01,7.7969588268
PIR,1100000000,서울,2,1,2023-10-01,15.9338264016
PIR,0000000000,전국,1,1,2023-10-01,3.8715251771
PIR,1100000000,서울,1,1,2023-10-01,8.1619328234
PIR,0000000000,전국,5,5,2023-11-01,8.0677946361
PIR,1100000000,서울,5,5,2023-11-01,14.9987602116
PIR,0000000000,전국,4,5,2023-11-01,3.5096260859
PIR,1100000000,서울,4,5,2023-11-01,7.1988388348
PIR,0000000000,전국,3,5,2023-11-01,2.2149353189
PIR,1100000000,서울,3,5,2023-11-01,4.8496904725
PIR,0000000000,전국,2,5,2023-11-01,1.3737655205
PIR,1100000000,서울,2,5,2023-11-01,2.8702538072
PIR,0000000000,전국,1,5,2023-11-01,0.6817980194
PIR,1100000000,서울,1,5,2023-11-01,1.4708238003
PIR,0000000000,전국,5,4,2023-11-01,13.1004828871
PIR,1100000000,서울,5,4,2023-11-01,24.4322712016
PIR,0000000000,전국,4,4,2023-11-01,5.6989299496
PIR,1100000000,서울,4,4,2023-11-01,11.7265680808
PIR,0000000000,전국,3,4,2023-11-01,3.59661141
PIR,1100000000,서울,3,4,2023-11-01,7.8999164728
PIR,0000000000,전국,2,4,2023-11-01,2.2307201044
PIR,1100000000,서울,2,4,2023-11-01,4.6755077383
PIR,0000000000,전국,1,4,2023-11-01,1.1071034513
PIR,1100000000,서울,1,4,2023-11-01,2.3959024261
PIR,0000000000,전국,5,3,2023-11-01,17.4732914171
PIR,1100000000,서울,5,3,2023-11-01,32.336923751
PIR,0000000000,전국,4,3,2023-11-01,7.6011750584
PIR,1100000000,서울,4,3,2023-11-01,15.5205029758
PIR,0000000000,전국,3,3,2023-11-01,4.7971238787
PIR,1100000000,서울,3,3,2023-11-01,10.4558022671
PIR,0000000000,전국,2,3,2023-11-01,2.9753118866
PIR,1100000000,서울,2,3,2023-11-01,6.188190037
PIR,0000000000,전국,1,3,2023-11-01,1.4766433726
PIR,1100000000,서울,1,3,2023-11-01,3.1710565682
PIR,0000000000,전국,5,2,2023-11-01,24.2912936236
PIR,1100000000,서울,5,2,2023-11-01,44.698782482
PIR,0000000000,전국,4,2,2023-11-01,10.5671204594
PIR,1100000000,서울,4,2,2023-11-01,21.4537286189
PIR,0000000000,전국,3,2,2023-11-01,6.6689407224
PIR,1100000000,서울,3,2,2023-11-01,14.4528785364
PIR,0000000000,전국,2,2,2023-11-01,4.1362656258
PIR,1100000000,서울,2,2,2023-11-01,8.5538303689
PIR,0000000000,전국,1,2,2023-11-01,2.0528231851
PIR,1100000000,서울,1,2,2023-11-01,4.3832978322
PIR,0000000000,전국,5,1,2023-11-01,45.7989387117
PIR,1100000000,서울,5,1,2023-11-01,83.2990535253
PIR,0000000000,전국,4,1,2023-11-01,19.9233070819
PIR,1100000000,서울,4,1,2023-11-01,39.9804019106
PIR,0000000000,전국,3,1,2023-11-01,12.5736575479
PIR,1100000000,서울,3,1,2023-11-01,26.9338679031
PIR,0000000000,전국,2,1,2023-11-01,7.7985379794
PIR,1100000000,서울,2,1,2023-11-01,15.9406125667
PIR,0000000000,전국,1,1,2023-11-01,3.8704041332
PIR,1100000000,서울,1,1,2023-11-01,8.1685571836
PIR,0000000000,전국,5,5,2023-12-01,8.0647968704
PIR,1100000000,서울,5,5,2023-12-01,15.0005816152
PIR,0000000000,전국,4,5,2023-12-01,3.5132055257
PIR,1100000000,서울,4,5,2023-12-01,7.1954424857
PIR,0000000000,전국,3,5,2023-12-01,2.2158091158
PIR,1100000000,서울,3,5,2023-12-01,4.8456908651
PIR,0000000000,전국,2,5,2023-12-01,1.374081635
PIR,1100000000,서울,2,5,2023-12-01,2.8694479029
PIR,0000000000,전국,1,5,2023-12-01,0.6821629095
PIR,1100000000,서울,1,5,2023-12-01,1.4703814
PIR,0000000000,전국,5,4,2023-12-01,13.0956151159
PIR,1100000000,서울,5,4,2023-12-01,24.4352381819
PIR,0000000000,전국,4,4,2023-12-01,5.704742243
PIR,1100000000,서울,4,4,2023-12-01,11.7210355887
PIR,0000000000,전국,3,4,2023-12-01,3.5980302812
PIR,1100000000,서울,3,4,2023-12-01,7.8934013015
PIR,0000000000,전국,2,4,2023-12-01,2.231233411
PIR,1100000000,서울,2,4,2023-12-01,4.6741949583
PIR,0000000000,전국,1,4,2023-12-01,1.1076959597
PIR,1100000000,서울,1,4,2023-12-01,2.3951817769
PIR,0000000000,전국,5,3,2023-12-01,17.4667988332
PIR,1100000000,서울,5,3,2023-12-01,32.3408506482
PIR,0000000000,전국,4,3,2023-12-01,7.6089274365
PIR,1100000000,서울,4,3,2023-12-01,15.5131805385
PIR,0000000000,전국,3,3,2023-12-01,4.7990163547
PIR,1100000000,서울,3,3,2023-12-01,10.4471792212
PIR,0000000000,전국,2,3,2023-12-01,2.9759965297
PIR,1100000000,서울,2,3,2023-12-01,6.186452529
PIR,0000000000,전국,1,3,2023-12-01,1.4774336543
PIR,1100000000,서울,1,3,2023-12-01,3.1701027649
PIR,0000000000,전국,5,2,2023-12-01,24.2822676616
PIR,1100000000,서울,5,2,2023-12-01,44.7042105655
PIR,0000000000,전국,4,2,2023-12-01,10.5778977818
PIR,1100000000,서울,4,2,2023-12-01,21.4436069378
PIR,0000000000,전국,3,2,2023-12-01,6.6715716343
PIR,1100000000,서울,3,2,2023-12-01,14.4409590459
PIR,0000000000,전국,2,2,2023-12-01,4.1372174137
PIR,1100000000,서울,2,2,2023-12-01,8.5514286411
PIR,0000000000,전국,1,2,2023-12-01,2.0539218313
PIR,1100000000,서울,1,2,2023-12-01,4.3819794061
PIR,0000000000,전국,5,1,2023-12-01,45.7819211133
PIR,1100000000,서울,5,1,2023-12-01,83.3091691077
PIR,0000000000,전국,4,1,2023-12-01,19.9436267048
PIR,1100000000,서울,4,1,2023-12-01,39.9615395074
PIR,0000000000,전국,3,1,2023-12-01,12.5786178837
PIR,1100000000,서울,3,1,2023-12-01,26.9116551665
PIR,0000000000,전국,2,1,2023-12-01,7.8003324856
PIR,1100000000,서울,2,1,2023-12-01,15.9361367926
PIR,0000000000,전국,1,1,2023-12-01,3.8724755268
PIR,1100000000,서울,1,1,2023-12-01,8.1661002118
PIR,0000000000,전국,5,5,2024-01-01,7.4264484395
PIR,1100000000,서울,5,5,2024-01-01,13.7229042793
PIR,0000000000,전국,4,5,2024-01-01,3.2367499343
PIR,1100000000,서울,4,5,2024-01-01,6.5814275962
PIR,0000000000,전국,3,5,2024-01-01,2.0407885265
PIR,1100000000,서울,3,5,2024-01-01,4.4293722934
PIR,0000000000,전국,2,5,2024-01-01,1.2653085286
PIR,1100000000,서울,2,5,2024-01-01,2.6220768638
PIR,0000000000,전국,1,5,2024-01-01,0.6287931571
PIR,1100000000,서울,1,5,2024-01-01,1.3458672121
PIR,0000000000,전국,5,4,2024-01-01,12.6136515192
PIR,1100000000,서울,5,4,2024-01-01,23.5062921343
PIR,0000000000,전국,4,4,2024-01-01,5.497545167
PIR,1100000000,서울,4,4,2024-01-01,11.2734853052
PIR,0000000000,전국,3,4,2024-01-01,3.4662322788
PIR,1100000000,서울,3,4,2024-01-01,7.5871781208
PIR,0000000000,전국,2,4,2024-01-01,2.1490973747
PIR,1100000000,서울,2,4,2024-01-01,4.4914183985
PIR,0000000000,전국,1,4,2024-01-01,1.0679906857
PIR,1100000000,서울,1,4,2024-01-01,2.3053682528
PIR,0000000000,전국,5,3,2024-01-01,17.0460344017
PIR,1100000000,서울,5,3,2024-01-01,31.5564071391
PIR,0000000000,전국,4,3,2024-01-01,7.4293588893
PIR,1100000000,서울,4,3,2024-01-01,15.1342751181
PIR,0000000000,전국,3,3,2024-01-01,4.6842513906
PIR,1100000000,서울,3,3,2024-01-01,10.1855316206
PIR,0000000000,전국,2,3,2024-01-01,2.9042809472
PIR,1100000000,서울,2,3,2024-01-01,6.0295782424
PIR,0000000000,전국,1,3,2024-01-01,1.4432780183
PIR,1100000000,서울,1,3,2024-01-01,3.0948793955
PIR,0000000000,전국,5,2,2024-01-01,24.3049007237
PIR,1100000000,서울,5,2,2024-01-01,44.5953419907
PIR,0000000000,전국,4,2,2024-01-01,10.5930696836
PIR,1100000000,서울,4,2,2024-01-01,21.3876748294
PIR,0000000000,전국,3,2,2024-01-01,6.67898834
PIR,1100000000,서울,3,2,2024-01-01,14.3941375827
PIR,0000000000,전국,2,2,2024-01-01,4.1410370548
PIR,1100000000,서울,2,2,2024-01-01,8.5209669972
PIR,0000000000,전국,1,2,2024-01-01,2.057882093
PIR,1100000000,서울,1,2,2024-01-01,4.3736666362
PIR,0000000000,전국,5,1,2024-01-01,47.8282987115
PIR,1100000000,서울,5,1,2024-01-01,86.8243263979
PIR,0000000000,전국,4,1,2024-01-01,20.8455285153
PIR,1100000000,서울,4,1,2024-01-01,41.6404578906
PIR,0000000000,전국,3,1,2024-01-01,13.1432196761
PIR,1100000000,서울,3,1,2024-01-01,28.0244806724
PIR,0000000000,전국,2,1,2024-01-01,8.1489227001
PIR,1100000000,서울,2,1,2024-01-01,16.5897868872
PIR,0000000000,전국,1,1,2024-01-01,4.0495947947
PIR,1100000000,서울,1,1,2024-01-01,8.5152538948
PIR,0000000000,전국,5,5,2024-02-01,7.4223407871
PIR,1100000000,서울,5,5,2024-02-01,13.7236819203
PIR,0000000000,전국,4,5,2024-02-01,3.2346689608
PIR,1100000000,서울,4,5,2024-02-01,6.5763215158
PIR,0000000000,전국,3,5,2024-02-01,2.0391826645
PIR,1100000000,서울,3,5,2024-02-01,4.423415128
PIR,0000000000,전국,2,5,2024-02-01,1.2647921936
PIR,1100000000,서울,2,5,2024-02-01,2.6197976011
PIR,0000000000,전국,1,5,2024-02-01,0.6285729116
PIR,1100000000,서울,1,5,2024-02-01,1.3446806691
PIR,0000000000,전국,5,4,2024-02-01,12.6066747662
PIR,1100000000,서울,5,4,2024-02-01,23.5076241744
PIR,0000000000,전국,4,4,2024-02-01,5.4940106813
PIR,1100000000,서울,4,4,2024-02-01,11.2647389775
PIR,0000000000,전국,3,4,2024-02-01,3.4635047592
PIR,1100000000,서울,3,4,2024-02-01,7.576973949
PIR,0000000000,전국,2,4,2024-02-01,2.1482203914
PIR,1100000000,서울,2,4,2024-02-01,4.4875141945
PIR,0000000000,전국,1,4,2024-02-01,1.0676166037
PIR,1100000000,서울,1,4,2024-02-01,2.3033357948
PIR,0000000000,전국,5,3,2024-02-01,17.0366060477
PIR,1100000000,서울,5,3,2024-02-01,31.5581953581
PIR,0000000000,전국,4,3,2024-02-01,7.4245824006
PIR,1100000000,서울,4,3,2024-02-01,15.1225334671
PIR,0000000000,전국,3,3,2024-02-01,4.6805654324
PIR,1100000000,서울,3,3,2024-02-01,10.171832863
PIR,0000000000,전국,2,3,2024-02-01,2.9030957958
PIR,1100000000,서울,2,3,2024-02-01,6.0243369799
PIR,0000000000,전국,1,3,2024-02-01,1.4427724856
PIR,1100000000,서울,1,3,2024-02-01,3.0921508889
PIR,0000000000,전국,5,2,2024-02-01,24.2914574088
PIR,1100000000,서울,5,2,2024-02-01,44.597869092
PIR,0000000000,전국,4,2,2024-02-01,10.5862591797
PIR,1100000000,서울,4,2,2024-02-01,21.3710815924
PIR,0000000000,전국,3,2,2024-02-01,6.673732757
PIR,1100000000,서울,3,2,2024-02-01,14.3747785734
PIR,0000000000,전국,2,2,2024-02-01,4.1393472197
PIR,1100000000,서울,2,2,2024-02-01,8.5135600736
PIR,0000000000,전국,1,2,2024-02-01,2.0571612847
PIR,1100000000,서울,1,2,2024-02-01,4.3698107256
PIR,0000000000,전국,5,1,2024-02-01,47.8018443398
PIR,1100000000,서울,5,1,2024-02-01,86.8292465052
PIR,0000000000,전국,4,1,2024-02-01,20.8321264933
PIR,1100000000,서울,4,1,2024-02-01,41.6081519016
PIR,0000000000,전국,3,1,2024-02-01,13.1328774987
PIR,1100000000,서울,3,1,2024-02-01,27.9867898986
PIR,0000000000,전국,2,1,2024-02-01,8.1455973652
PIR,1100000000,서울,2,1,2024-02-01,16.5753660727
PIR,0000000000,전국,1,1,2024-02-01,4.0481763552
PIR,1100000000,서울,1,1,2024-02-01,8.5077466793
PIR,0000000000,전국,5,5,2024-03-01,7.4171233524
PIR,1100000000,서울,5,5,2024-03-01,13.7250835193
PIR,0000000000,전국,4,5,2024-03-01,3.2317754269
PIR,1100000000,서울,4,5,2024-03-01,6.5705901792
PIR,0000000000,전국,3,5,2024-03-01,2.0379867965
PIR,1100000000,서울,3,5,2024-03-01,4.4189375273
PIR,0000000000,전국,2,5,2024-03-01,1.2632168236
PIR,1100000000,서울,2,5,2024-03-01,2.6203436109
PIR,0000000000,전국,1,5,2024-03-01,0.6279522235
PIR,1100000000,서울,1,5,2024-03-01,1.3439338782
PIR,0000000000,전국,5,4,2024-03-01,12.5978130736
PIR,1100000000,서울,5,4,2024-03-01,23.510025007
PIR,0000000000,전국,4,4,2024-03-01,5.4890960806
PIR,1100000000,서울,4,4,2024-03-01,11.2549216335
PIR,0000000000,전국,3,4,2024-03-01,3.4614736049
PIR,1100000000,서울,3,4,2024-03-01,7.5693041593
PIR,0000000000,전국,2,4,2024-03-01,2.1455446619
PIR,1100000000,서울,2,4,2024-03-01,4.4884494679
PIR,0000000000,전국,1,4,2024-03-01,1.0665623794
PIR,1100000000,서울,1,4,2024-03-01,2.3020565988
PIR,0000000000,전국,5,3,2024-03-01,17.0246303946
PIR,1100000000,서울,5,3,2024-03-01,31.5614183951
PIR,0000000000,전국,4,3,2024-03-01,7.4179408304
PIR,1100000000,서울,4,3,2024-03-01,15.1093540128
PIR,0000000000,전국,3,3,2024-03-01,4.6778205391
PIR,1100000000,서울,3,3,2024-03-01,10.161536428
PIR,0000000000,전국,2,3,2024-03-01,2.8994798264
PIR,1100000000,서울,2,3,2024-03-01,6.025592553
PIR,0000000000,전국,1,3,2024-03-01,1.4413478114
PIR,1100000000,서울,1,3,2024-03-01,3.0904336113
PIR,0000000000,전국,5,2,2024-03-01,24.2743820554
PIR,1100000000,서울,5,2,2024-03-01,44.6024238703
PIR,0000000000,전국,4,2,2024-03-01,10.5767893698
PIR,1100000000,서울,4,2,2024-03-01,21.3524564596
PIR,0000000000,전국,3,2,2024-03-01,6.6698189811
PIR,1100000000,서울,3,2,2024-03-01,14.3602277078
PIR,0000000000,전국,2,2,2024-03-01,4.1341914295
PIR,1100000000,서울,2,2,2024-03-01,8.5153344426
PIR,0000000000,전국,1,2,2024-03-01,2.0551299287
PIR,1100000000,서울,1,2,2024-03-01,4.3673838783
PIR,0000000000,전국,5,1,2024-03-01,47.7682426759
PIR,1100000000,서울,5,1,2024-03-01,86.8381143722
PIR,0000000000,전국,4,1,2024-03-01,20.813491367
PIR,1100000000,서울,4,1,2024-03-01,41.5718899393
PIR,0000000000,전국,3,1,2024-03-01,13.125175791
PIR,1100000000,서울,3,1,2024-03-01,27.9584602785
PIR,0000000000,전국,2,1,2024-03-01,8.1354515646
PIR,1100000000,서울,2,1,2024-03-01,16.5788206577
PIR,0000000000,전국,1,1,2024-03-01,4.0441789596
PIR,1100000000,서울,1,1,2024-03-01,8.5030217603
PIR,0000000000,전국,5,5,2024-04-01,7.8365447801
PIR,1100000000,서울,5,5,2024-04-01,14.5290729073
PIR,0000000000,전국,4,5,2024-04-01,3.4142482675
PIR,1100000000,서울,4,5,2024-04-01,6.9390615792
PIR,0000000000,전국,3,5,2024-04-01,2.152776752
PIR,1100000000,서울,3,5,2024-04-01,4.6650616958
PIR,0000000000,전국,2,5,2024-04-01,1.3332457555
PIR,1100000000,서울,2,5,2024-04-01,2.7662309263
PIR,0000000000,전국,1,5,2024-04-01,0.6628233933
PIR,1100000000,서울,1,5,2024-04-01,1.4201345192
PIR,0000000000,전국,5,4,2024-04-01,12.9418846795
PIR,1100000000,서울,5,4,2024-04-01,24.1285431462
PIR,0000000000,전국,4,4,2024-04-01,5.6385573725
PIR,1100000000,서울,4,4,2024-04-01,11.5237529454
PIR,0000000000,전국,3,4,2024-04-01,3.5552643731
PIR,1100000000,서울,3,4,2024-04-01,7.7473038456
PIR,0000000000,전국,2,4,2024-04-01,2.2018266086
PIR,1100000000,서울,2,4,2024-04-01,4.5939009794
PIR,0000000000,전국,1,4,2024-04-01,1.0946385378
PIR,1100000000,서울,1,4,2024-04-01,2.3584283209
PIR,0000000000,전국,5,3,2024-04-01,17.1553951636
PIR,1100000000,서울,5,3,2024-04-01,31.972335321
PIR,0000000000,전국,4,3,2024-04-01,7.4743116845
PIR,1100000000,서울,4,3,2024-04-01,15.2699353249
PIR,0000000000,전국,3,3,2024-04-01,4.7127575884
PIR,1100000000,서울,3,3,2024-04-01,10.2658247904
PIR,0000000000,전국,2,3,2024-04-01,2.9186788855
PIR,1100000000,서울,2,3,2024-04-01,6.0873025634
PIR,0000000000,전국,1,3,2024-04-01,1.4510217903
PIR,1100000000,서울,1,3,2024-04-01,3.1251145438
PIR,0000000000,전국,5,2,2024-04-01,23.7825973648
PIR,1100000000,서울,5,2,2024-04-01,44.0599779287
PIR,0000000000,전국,4,2,2024-04-01,10.3616701145
PIR,1100000000,서울,4,2,2024-04-01,21.0429737656
PIR,0000000000,전국,3,2,2024-04-01,6.5333159122
PIR,1100000000,서울,3,2,2024-04-01,14.1469807926
PIR,0000000000,전국,2,2,2024-04-01,4.0461769671
PIR,1100000000,서울,2,2,2024-04-01,8.3887027299
PIR,0000000000,전국,1,2,2024-04-01,2.0115576865
PIR,1100000000,서울,1,2,2024-04-01,4.3066130903
PIR,0000000000,전국,5,1,2024-04-01,47.4514071344
PIR,1100000000,서울,5,1,2024-04-01,87.504019921
PIR,0000000000,전국,4,1,2024-04-01,20.6737649238
PIR,1100000000,서울,4,1,2024-04-01,41.7917775302
PIR,0000000000,전국,3,1,2024-04-01,13.0353732409
PIR,1100000000,서울,3,1,2024-04-01,28.0961940359
PIR,0000000000,전국,2,1,2024-04-01,8.0729950416
PIR,1100000000,서울,2,1,2024-04-01,16.6601356899
PIR,0000000000,전국,1,1,2024-04-01,4.0134910957
PIR,1100000000,서울,1,1,2024-04-01,8.5530219343
PIR,0000000000,전국,5,5,2024-05-01,7.844717216
PIR,1100000000,서울,5,5,2024-05-01,14.5722778396
PIR,0000000000,전국,4,5,2024-05-01,3.413013933
PIR,1100000000,서울,4,5,2024-05-01,6.9395985302
PIR,0000000000,전국,3,5,2024-05-01,2.153200094
PIR,1100000000,서울,3,5,2024-05-01,4.6598124982
PIR,0000000000,전국,2,5,2024-05-01,1.3337263223
PIR,1100000000,서울,2,5,2024-05-01,2.7643316959
PIR,0000000000,전국,1,5,2024-05-01,0.6635254812
PIR,1100000000,서울,1,5,2024-05-01,1.4201265883
PIR,0000000000,전국,5,4,2024-05-01,12.955381281
PIR,1100000000,서울,5,4,2024-05-01,24.2002939097
PIR,0000000000,전국,4,4,2024-05-01,5.6365188956
PIR,1100000000,서울,4,4,2024-05-01,11.5246446641
PIR,0000000000,전국,3,4,2024-05-01,3.5559635133
PIR,1100000000,서울,3,4,2024-05-01,7.7385864628
PIR,0000000000,전국,2,4,2024-05-01,2.2026202544
PIR,1100000000,서울,2,4,2024-05-01,4.5907469129
PIR,0000000000,전국,1,4,2024-05-01,1.0957980207
PIR,1100000000,서울,1,4,2024-05-01,2.3584151499
PIR,0000000000,전국,5,3,2024-05-01,17.1732858758
PIR,1100000000,서울,5,3,2024-05-01,32.0674110766
PIR,0000000000,전국,4,3,2024-05-01,7.4716095373
PIR,1100000000,서울,4,3,2024-05-01,15.2711169266
PIR,0000000000,전국,3,3,2024-05-01,4.7136843488
PIR,1100000000,서울,3,3,2024-05-01,10.2542735299
PIR,0000000000,전국,2,3,2024-05-01,2.9197309199
PIR,1100000000,서울,2,3,2024-05-01,6.0831231617
PIR,0000000000,전국,1,3,2024-05-01,1.4525587679
PIR,1100000000,서울,1,3,2024-05-01,3.1250970911
PIR,0000000000,전국,5,2,2024-05-01,23.8073993352
PIR,1100000000,서울,5,2,2024-05-01,44.1909985642
PIR,0000000000,전국,4,2,2024-05-01,10.3579241165
PIR,1100000000,서울,4,2,2024-05-01,21.0446020905
PIR,0000000000,전국,3,2,2024-05-01,6.5346006841
PIR,1100000000,서울,3,2,2024-05-01,14.1310623971
PIR,0000000000,전국,2,2,2024-05-01,4.0476354067
PIR,1100000000,서울,2,2,2024-05-01,8.3829432399
PIR,0000000000,전국,1,2,2024-05-01,2.0136884051
PIR,1100000000,서울,1,2,2024-05-01,4.3065890394
PIR,0000000000,전국,5,1,2024-05-01,47.5008924105
PIR,1100000000,서울,5,1,2024-05-01,87.7642295906
PIR,0000000000,전국,4,1,2024-05-01,20.6662908504
PIR,1100000000,서울,4,1,2024-05-01,41.7950114168
PIR,0000000000,전국,3,1,2024-05-01,13.0379366377
PIR,1100000000,서울,3,1,2024-05-01,28.0645797759
PIR,0000000000,전국,2,1,2024-05-01,8.0759049431
PIR,1100000000,서울,2,1,2024-05-01,16.6486972247
PIR,0000000000,전국,1,1,2024-05-01,4.0177423385
PIR,1100000000,서울,1,1,2024-05-01,8.5529741687
PIR,0000000000,전국,5,5,2024-06-01,7.8658974111
PIR,1100000000,서울,5,5,2024-06-01,14.642093463
PIR,0000000000,전국,4,5,2024-06-01,3.4147937022
PIR,1100000000,서울,4,5,2024-06-01,6.957703678
PIR,0000000000,전국,3,5,2024-06-01,2.1535089441
PIR,1100000000,서울,3,5,2024-06-01,4.6637830326
PIR,0000000000,전국,2,5,2024-06-01,1.3329502024
PIR,1100000000,서울,2,5,2024-06-01,2.7652565476
PIR,0000000000,전국,1,5,2024-06-01,0.6632338616
PIR,1100000000,서울,1,5,2024-06-01,1.4229496543
PIR,0000000000,전국,5,4,2024-06-01,12.9903599165
PIR,1100000000,서울,5,4,2024-06-01,24.3162372526
PIR,0000000000,전국,4,4,2024-06-01,5.6394581462
PIR,1100000000,서울,4,4,2024-06-01,11.5547120222
PIR,0000000000,전국,3,4,2024-06-01,3.5564735726
PIR,1100000000,서울,3,4,2024-06-01,7.7451803597
PIR,0000000000,전국,2,4,2024-06-01,2.2013385092
PIR,1100000000,서울,2,4,2024-06-01,4.5922828211
PIR,0000000000,전국,1,4,2024-06-01,1.0953164173
PIR,1100000000,서울,1,4,2024-06-01,2.3631034373
PIR,0000000000,전국,5,3,2024-06-01,17.2196525626
PIR,1100000000,서울,5,3,2024-06-01,32.2210456917
PIR,0000000000,전국,4,3,2024-06-01,7.4755057244
PIR,1100000000,서울,4,3,2024-06-01,15.310958688
PIR,0000000000,전국,3,3,2024-06-01,4.714360469
PIR,1100000000,서울,3,3,2024-06-01,10.2630109942
PIR,0000000000,전국,2,3,2024-06-01,2.9180318747
PIR,1100000000,서울,2,3,2024-06-01,6.0851583685
PIR,0000000000,전국,1,3,2024-06-01,1.4519203681
PIR,1100000000,서울,1,3,2024-06-01,3.1313094636
PIR,0000000000,전국,5,2,2024-06-01,23.8716776705
PIR,1100000000,서울,5,2,2024-06-01,44.402717154
PIR,0000000000,전국,4,2,2024-06-01,10.3633254172
PIR,1100000000,서울,4,2,2024-06-01,21.0995066543
PIR,0000000000,전국,3,2,2024-06-01,6.5355379923
PIR,1100000000,서울,3,2,2024-06-01,14.1431031967
PIR,0000000000,전국,2,2,2024-06-01,4.0452800132
PIR,1100000000,서울,2,2,2024-06-01,8.3857478884
PIR,0000000000,전국,1,2,2024-06-01,2.0128033888
PIR,1100000000,서울,1,2,2024-06-01,4.3151500967
PIR,0000000000,전국,5,1,2024-06-01,47.629141542
PIR,1100000000,서울,5,1,2024-06-01,88.1847070527
PIR,0000000000,전국,4,1,2024-06-01,20.6770676094
PIR,1100000000,서울,4,1,2024-06-01,41.9040530067
PIR,0000000000,전국,3,1,2024-06-01,13.0398067696
PIR,1100000000,서울,3,1,2024-06-01,28.0884930507
PIR,0000000000,전국,2,1,2024-06-01,8.0712054253
PIR,1100000000,서울,2,1,2024-06-01,16.6542673142
PIR,0000000000,전국,1,1,2024-06-01,4.0159765402
PIR,1100000000,서울,1,1,2024-06-01,8.5699766041
PIR,0000000000,전국,5,5,2024-07-01,7.3718473008
PIR,1100000000,서울,5,5,2024-07-01,13.7710399178
PIR,0000000000,전국,4,5,2024-07-01,3.1821808941
PIR,1100000000,서울,4,5,2024-07-01,6.5009336035
PIR,0000000000,전국,3,5,2024-07-01,2.0080834255
PIR,1100000000,서울,3,5,2024-07-01,4.3299058381
PIR,0000000000,전국,2,5,2024-07-01,1.2414023454
PIR,1100000000,서울,2,5,2024-07-01,2.5724679555
PIR,0000000000,전국,1,5,2024-07-01,0.6176416922
PIR,1100000000,서울,1,5,2024-07-01,1.322201923
PIR,0000000000,전국,5,4,2024-07-01,12.3949197121
PIR,1100000000,서울,5,4,2024-07-01,23.2873724043
PIR,0000000000,전국,4,4,2024-07-01,5.3504739154
PIR,1100000000,서울,4,4,2024-07-01,10.9933354855
PIR,0000000000,전국,3,4,2024-07-01,3.3763630496
PIR,1100000000,서울,3,4,2024-07-01,7.322041787
PIR,0000000000,전국,2,4,2024-07-01,2.0872763331
PIR,1100000000,서울,2,4,2024-07-01,4.3501449155
PIR,0000000000,전국,1,4,2024-07-01,1.0384939993
PIR,1100000000,서울,1,4,2024-07-01,2.2358956738
PIR,0000000000,전국,5,3,2024-07-01,16.5570332325
PIR,1100000000,서울,5,3,2024-07-01,31.1049434338
PIR,0000000000,전국,4,3,2024-07-01,7.1471196656
PIR,1100000000,서울,4,3,2024-07-01,14.6837982615
PIR,0000000000,전국,3,3,2024-07-01,4.5101183804
PIR,1100000000,서울,3,3,2024-07-01,9.7800512505
PIR,0000000000,전국,2,3,2024-07-01,2.7881667986
PIR,1100000000,서울,2,3,2024-07-01,5.8104885847
PIR,0000000000,전국,1,3,2024-07-01,1.3872118625
PIR,1100000000,서울,1,3,2024-07-01,2.9864858623
PIR,0000000000,전국,5,2,2024-07-01,22.9493657653
PIR,1100000000,서울,5,2,2024-07-01,42.9902170638
PIR,0000000000,전국,4,2,2024-07-01,9.9064766659
PIR,1100000000,서울,4,2,2024-07-01,20.2945128619
PIR,0000000000,전국,3,2,2024-07-01,6.2513830168
PIR,1100000000,서울,3,2,2024-07-01,13.5170323345
PIR,0000000000,전국,2,2,2024-07-01,3.8646210814
PIR,1100000000,서울,2,2,2024-07-01,8.0306902354
PIR,0000000000,전국,1,2,2024-07-01,1.9227860438
PIR,1100000000,서울,1,2,2024-07-01,4.1276292867
PIR,0000000000,전국,5,1,2024-07-01,45.0753041406
PIR,1100000000,서울,5,1,2024-07-01,83.5204899152
PIR,0000000000,전국,4,1,2024-07-01,19.4575071591
PIR,1100000000,서울,4,1,2024-07-01,39.4277529303
PIR,0000000000,전국,3,1,2024-07-01,12.2784652814
PIR,1100000000,서울,3,1,2024-07-01,26.2606062467
PIR,0000000000,전국,2,1,2024-07-01,7.5905788601
PIR,1100000000,서울,2,1,2024-07-01,15.6018561576
PIR,0000000000,전국,1,1,2024-07-01,3.7765821769
PIR,1100000000,서울,1,1,2024-07-01,8.0190714018
PIR,0000000000,전국,5,5,2024-08-01,7.4498006945
PIR,1100000000,서울,5,5,2024-08-01,14.0341398467
PIR,0000000000,전국,4,5,2024-08-01,3.1920990482
PIR,1100000000,서울,4,5,2024-08-01,6.5644692783
PIR,0000000000,전국,3,5,2024-08-01,2.0165369619
PIR,1100000000,서울,3,5,2024-08-01,4.3305265838
PIR,0000000000,전국,2,5,2024-08-01,1.2445813944
PIR,1100000000,서울,2,5,2024-08-01,2.5850127563
PIR,0000000000,전국,1,5,2024-08-01,0.61823887
PIR,1100000000,서울,1,5,2024-08-01,1.3381224556
PIR,0000000000,전국,5,4,2024-08-01,12.525989445
PIR,1100000000,서울,5,4,2024-08-01,23.7322847756
PIR,0000000000,전국,4,4,2024-08-01,5.3671501594
PIR,1100000000,서울,4,4,2024-08-01,11.100776821
PIR,0000000000,전국,3,4,2024-08-01,3.3905767061
PIR,1100000000,서울,3,4,2024-08-01,7.3230914924
PIR,0000000000,전국,2,4,2024-08-01,2.0926215411
PIR,1100000000,서울,2,4,2024-08-01,4.371358669
PIR,0000000000,전국,1,4,2024-08-01,1.0394980856
PIR,1100000000,서울,1,4,2024-08-01,2.2628179231
PIR,0000000000,전국,5,3,2024-08-01,16.7321151187
PIR,1100000000,서울,5,3,2024-08-01,31.6992128902
PIR,0000000000,전국,4,3,2024-08-01,7.1693956569
PIR,1100000000,서울,4,3,2024-08-01,14.8273076538
PIR,0000000000,전국,3,3,2024-08-01,4.5291048675
PIR,1100000000,서울,3,3,2024-08-01,9.781453342
PIR,0000000000,전국,2,3,2024-08-01,2.7953068841
PIR,1100000000,서울,2,3,2024-08-01,5.8388237954
PIR,0000000000,전국,1,3,2024-08-01,1.3885531127
PIR,1100000000,서울,1,3,2024-08-01,3.0224459109
PIR,0000000000,전국,5,2,2024-08-01,23.1920431936
PIR,1100000000,서울,5,2,2024-08-01,43.8115583075
PIR,0000000000,전국,4,2,2024-08-01,9.9373529628
PIR,1100000000,서울,4,2,2024-08-01,20.4928575377
PIR,0000000000,전국,3,2,2024-08-01,6.2776997989
PIR,1100000000,서울,3,2,2024-08-01,13.5189701684
PIR,0000000000,전국,2,2,2024-08-01,3.8745178081
PIR,1100000000,서울,2,2,2024-08-01,8.0698523981
PIR,0000000000,전국,1,2,2024-08-01,1.9246451233
PIR,1100000000,서울,1,2,2024-08-01,4.1773297562
PIR,0000000000,전국,5,1,2024-08-01,45.5519516872
PIR,1100000000,서울,5,1,2024-08-01,85.1161744161
PIR,0000000000,전국,4,1,2024-08-01,19.5181519058
PIR,1100000000,서울,4,1,2024-08-01,39.8130927967
PIR,0000000000,전국,3,1,2024-08-01,12.3301545947
PIR,1100000000,서울,3,1,2024-08-01,26.2643710298
PIR,0000000000,전국,2,1,2024-08-01,7.6100172172
PIR,1100000000,서울,2,1,2024-08-01,15.677939584
PIR,0000000000,전국,1,1,2024-08-01,3.7802336319
PIR,1100000000,서울,1,1,2024-08-01,8.1156284291
PIR,0000000000,전국,5,5,2024-09-01,7.5181050565
PIR,1100000000,서울,5,5,2024-09-01,14.2450220236
PIR,0000000000,전국,4,5,2024-09-01,3.2020149654
PIR,1100000000,서울,4,5,2024-09-01,6.6260097354
PIR,0000000000,전국,3,5,2024-09-01,2.0233985113
PIR,1100000000,서울,3,5,2024-09-01,4.3489003996
PIR,0000000000,전국,2,5,2024-09-01,1.2466221512
PIR,1100000000,서울,2,5,2024-09-01,2.6060555482
PIR,0000000000,전국,1,5,2024-09-01,0.6183617842
PIR,1100000000,서울,1,5,2024-09-01,1.3447920688
PIR,0000000000,전국,5,4,2024-09-01,12.6408354324
PIR,1100000000,서울,5,4,2024-09-01,24.0888948659
PIR,0000000000,전국,4,4,2024-09-01,5.3838226422
PIR,1100000000,서울,4,4,2024-09-01,11.2048441647
PIR,0000000000,전국,3,4,2024-09-01,3.4021136182
PIR,1100000000,서울,3,4,2024-09-01,7.3541623407
PIR,0000000000,전국,2,4,2024-09-01,2.0960528406
PIR,1100000000,서울,2,4,2024-09-01,4.4069428612
PIR,0000000000,전국,1,4,2024-09-01,1.0397047518
PIR,1100000000,서울,1,4,2024-09-01,2.2740965025
PIR,0000000000,전국,5,3,2024-09-01,16.8855254574
PIR,1100000000,서울,5,3,2024-09-01,32.1755369895
PIR,0000000000,전국,4,3,2024-09-01,7.1916666243
PIR,1100000000,서울,4,3,2024-09-01,14.9663104052
PIR,0000000000,전국,3,3,2024-09-01,4.5445157811
PIR,1100000000,서울,3,3,2024-09-01,9.8229546742
PIR,0000000000,전국,2,3,2024-09-01,2.7998903861
PIR,1100000000,서울,2,3,2024-09-01,5.8863536011
PIR,0000000000,전국,1,3,2024-09-01,1.3888291758
PIR,1100000000,서울,1,3,2024-09-01,3.0375107094
PIR,0000000000,전국,5,2,2024-09-01,23.4046821323
PIR,1100000000,서울,5,2,2024-09-01,44.4698869899
PIR,0000000000,전국,4,2,2024-09-01,9.9682222959
PIR,1100000000,서울,4,2,2024-09-01,20.6849735746
PIR,0000000000,전국,3,2,2024-09-01,6.2990605517
PIR,1100000000,서울,3,2,2024-09-01,13.5763292594
PIR,0000000000,전국,2,2,2024-09-01,3.8808709067
PIR,1100000000,서울,2,2,2024-09-01,8.1355434568
PIR,0000000000,전국,1,2,2024-09-01,1.9250277687
PIR,1100000000,서울,1,2,2024-09-01,4.1981508505
PIR,0000000000,전국,5,1,2024-09-01,45.969600041
PIR,1100000000,서울,5,1,2024-09-01,86.3951615399
PIR,0000000000,전국,4,1,2024-09-01,19.5787829749
PIR,1100000000,서울,4,1,2024-09-01,40.1863317941
PIR,0000000000,전국,3,1,2024-09-01,12.3721096727
PIR,1100000000,서울,3,1,2024-09-01,26.3758070659
PIR,0000000000,전국,2,1,2024-09-01,7.6224954641
PIR,1100000000,서울,2,1,2024-09-01,15.8055627918
PIR,0000000000,전국,1,1,2024-09-01,3.7809851933
PIR,1100000000,서울,1,1,2024-09-01,8.1560792133
PIR,0000000000,전국,5,5,2024-10-01,7.9754012606
PIR,1100000000,서울,5,5,2024-10-01,15.3691302985
PIR,0000000000,전국,4,5,2024-10-01,3.3862525604
PIR,1100000000,서울,4,5,2024-10-01,7.1311420837
PIR,0000000000,전국,3,5,2024-10-01,2.1390520256
PIR,1100000000,서울,3,5,2024-10-01,4.6623164549
PIR,0000000000,전국,2,5,2024-10-01,1.3178400107
PIR,1100000000,서울,2,5,2024-10-01,2.7915799136
PIR,0000000000,전국,1,5,2024-10-01,0.6525525609
PIR,1100000000,서울,1,5,2024-10-01,1.4403561513
PIR,0000000000,전국,5,4,2024-10-01,13.0567918897
PIR,1100000000,서울,5,4,2024-10-01,25.1186254991
PIR,0000000000,전국,4,4,2024-10-01,5.5437455148
PIR,1100000000,서울,4,4,2024-10-01,11.6548226153
PIR,0000000000,전국,3,4,2024-10-01,3.5019124714
PIR,1100000000,서울,3,4,2024-10-01,7.61988341
PIR,0000000000,전국,2,4,2024-10-01,2.1574792542
PIR,1100000000,서울,2,4,2024-10-01,4.5624345059
PIR,0000000000,전국,1,4,2024-10-01,1.0683152742
PIR,1100000000,서울,1,4,2024-10-01,2.3540542664
PIR,0000000000,전국,5,3,2024-10-01,17.2030724943
PIR,1100000000,서울,5,3,2024-10-01,32.9707370215
PIR,0000000000,전국,4,3,2024-10-01,7.3042028077
PIR,1100000000,서울,4,3,2024-10-01,15.2981337093
PIR,0000000000,전국,3,3,2024-10-01,4.6139706157
PIR,1100000000,서울,3,3,2024-10-01,10.0018678194
PIR,0000000000,전국,2,3,2024-10-01,2.8426027103
PIR,1100000000,서울,2,3,2024-10-01,5.9886568346
PIR,0000000000,전국,1,3,2024-10-01,1.4075666721
PIR,1100000000,서울,1,3,2024-10-01,3.0899343659
PIR,0000000000,전국,5,2,2024-10-01,23.804105289
PIR,1100000000,서울,5,2,2024-10-01,45.6189215467
PIR,0000000000,전국,4,2,2024-10-01,10.1069162351
PIR,1100000000,서울,4,2,2024-10-01,21.1667807439
PIR,0000000000,전국,3,2,2024-10-01,6.3844085045
PIR,1100000000,서울,3,2,2024-10-01,13.8387693025
PIR,0000000000,전국,2,2,2024-10-01,3.9333447112
PIR,1100000000,서울,2,2,2024-10-01,8.2860163584
PIR,0000000000,전국,1,2,2024-10-01,1.9476675038
PIR,1100000000,서울,1,2,2024-10-01,4.2752903379
PIR,0000000000,전국,5,1,2024-10-01,45.5634764913
PIR,1100000000,서울,5,1,2024-10-01,86.2634759338
PIR,0000000000,전국,4,1,2024-10-01,19.3456647367
PIR,1100000000,서울,4,1,2024-10-01,40.0254986174
PIR,0000000000,전국,3,1,2024-10-01,12.2204066599
PIR,1100000000,서울,3,1,2024-10-01,26.1685349457
PIR,0000000000,전국,2,1,2024-10-01,7.5288214829
PIR,1100000000,서울,2,1,2024-10-01,15.6685109706
PIR,0000000000,전국,1,1,2024-10-01,3.7280335239
PIR,1100000000,서울,1,1,2024-10-01,8.0843955242
PIR,0000000000,전국,5,5,2024-11-01,8.015757048
PIR,1100000000,서울,5,5,2024-11-01,15.5127457441
PIR,0000000000,전국,4,5,2024-11-01,3.3901779611
PIR,1100000000,서울,4,5,2024-11-01,7.1564360907
PIR,0000000000,전국,3,5,2024-11-01,2.1413907667
PIR,1100000000,서울,3,5,2024-11-01,4.6732557973
PIR,0000000000,전국,2,5,2024-11-01,1.3181769101
PIR,1100000000,서울,2,5,2024-11-01,2.7969287046
PIR,0000000000,전국,1,5,2024-11-01,0.6523654898
PIR,1100000000,서울,1,5,2024-11-01,1.442540969
PIR,0000000000,전국,5,4,2024-11-01,13.1228596775
PIR,1100000000,서울,5,4,2024-11-01,25.3533442193
PIR,0000000000,전국,4,4,2024-11-01,5.5501719175
PIR,1100000000,서울,4,4,2024-11-01,11.6961620195
PIR,0000000000,전국,3,4,2024-11-01,3.5057413014
PIR,1100000000,서울,3,4,2024-11-01,7.6377621865
PIR,0000000000,전국,2,4,2024-11-01,2.1580308033
PIR,1100000000,서울,2,4,2024-11-01,4.5711763329
PIR,0000000000,전국,1,4,2024-11-01,1.068009014
PIR,1100000000,서울,1,4,2024-11-01,2.3576250356
PIR,0000000000,전국,5,3,2024-11-01,17.2901205955
PIR,1100000000,서울,5,3,2024-11-01,33.2788290863
PIR,0000000000,전국,4,3,2024-11-01,7.312669962
PIR,1100000000,서울,4,3,2024-11-01,15.3523958594
PIR,0000000000,전국,3,3,2024-11-01,4.6190153189
PIR,1100000000,서울,3,3,2024-11-01,10.0253355221
PIR,0000000000,전국,2,3,2024-11-01,2.843329408
PIR,1100000000,서울,2,3,2024-11-01,6.000131367
PIR,0000000000,전국,1,3,2024-11-01,1.4071631568
PIR,1100000000,서울,1,3,2024-11-01,3.0946213616
PIR,0000000000,전국,5,2,2024-11-01,23.9245548289
PIR,1100000000,서울,5,2,2024-11-01,46.0452034259
PIR,0000000000,전국,4,2,2024-11-01,10.1186323419
PIR,1100000000,서울,4,2,2024-11-01,21.2418588582
PIR,0000000000,전국,3,2,2024-11-01,6.3913889231
PIR,1100000000,서울,3,2,2024-11-01,13.87123965
PIR,0000000000,전국,2,2,2024-11-01,3.9343502518
PIR,1100000000,서울,2,2,2024-11-01,8.3018927336
PIR,0000000000,전국,1,2,2024-11-01,1.9471091547
PIR,1100000000,서울,1,2,2024-11-01,4.2817753519
PIR,0000000000,전국,5,1,2024-11-01,45.7940291508
PIR,1100000000,서울,5,1,2024-11-01,87.069557169
PIR,0000000000,전국,4,1,2024-11-01,19.3680905556
PIR,1100000000,서울,4,1,2024-11-01,40.167468197
PIR,0000000000,전국,3,1,2024-11-01,12.2337678904
PIR,1100000000,서울,3,1,2024-11-01,26.2299350172
PIR,0000000000,전국,2,1,2024-11-01,7.5307461898
PIR,1100000000,서울,2,1,2024-11-01,15.6985325332
PIR,0000000000,전국,1,1,2024-11-01,3.7269647869
PIR,1100000000,서울,1,1,2024-11-01,8.096658415
PIR,0000000000,전국,5,5,2024-12-01,8.064243415
PIR,1100000000,서울,5,5,2024-12-01,15.7235336547
PIR,0000000000,전국,4,5,2024-12-01,3.3936519977
PIR,1100000000,서울,4,5,2024-12-01,7.1925072073
PIR,0000000000,전국,3,5,2024-12-01,2.1406931475
PIR,1100000000,서울,3,5,2024-12-01,4.6942605692
PIR,0000000000,전국,2,5,2024-12-01,1.3174038959
PIR,1100000000,서울,2,5,2024-12-01,2.8014685256
PIR,0000000000,전국,1,5,2024-12-01,0.6522178253
PIR,1100000000,서울,1,5,2024-12-01,1.4439875864
PIR,0000000000,전국,5,4,2024-12-01,13.2022383047
PIR,1100000000,서울,5,4,2024-12-01,25.6978466395
PIR,0000000000,전국,4,4,2024-12-01,5.5558593772
PIR,1100000000,서울,4,4,2024-12-01,11.755115054
PIR,0000000000,전국,3,4,2024-12-01,3.5045992061
PIR,1100000000,서울,3,4,2024-12-01,7.6720914549
PIR,0000000000,전국,2,4,2024-12-01,2.1567652763
PIR,1100000000,서울,2,4,2024-12-01,4.5785960151
PIR,0000000000,전국,1,4,2024-12-01,1.0677672675
PIR,1100000000,서울,1,4,2024-12-01,2.3599893229
PIR,0000000000,전국,5,3,2024-12-01,17.3947064915
PIR,1100000000,서울,5,3,2024-12-01,33.7310233635
PIR,0000000000,전국,4,3,2024-12-01,7.3201635165
PIR,1100000000,서울,4,3,2024-12-01,15.429777681
PIR,0000000000,전국,3,3,2024-12-01,4.6175105428
PIR,1100000000,서울,3,3,2024-12-01,10.0703961598
PIR,0000000000,전국,2,3,2024-12-01,2.8416620036
PIR,1100000000,서울,2,3,2024-12-01,6.0098704504
PIR,0000000000,전국,1,3,2024-12-01,1.4068446419
PIR,1100000000,서울,1,3,2024-12-01,3.0977247279
PIR,0000000000,전국,5,2,2024-12-01,24.0692716334
PIR,1100000000,서울,5,2,2024-12-01,46.6708677913
PIR,0000000000,전국,4,2,2024-12-01,10.1290012663
PIR,1100000000,서울,4,2,2024-12-01,21.3489257779
PIR,0000000000,전국,3,2,2024-12-01,6.3893067456
PIR,1100000000,서울,3,2,2024-12-01,13.9335863817
PIR,0000000000,전국,2,2,2024-12-01,3.9320430436
PIR,1100000000,서울,2,2,2024-12-01,8.3153679096
PIR,0000000000,전국,1,2,2024-12-01,1.9466684217
PIR,1100000000,서울,1,2,2024-12-01,4.2860692269
PIR,0000000000,전국,5,1,2024-12-01,46.0710318207
PIR,1100000000,서울,5,1,2024-12-01,88.2526623608
PIR,0000000000,전국,4,1,2024-12-01,19.3879377307
PIR,1100000000,서울,4,1,2024-12-01,40.3699272717
PIR,0000000000,전국,3,1,2024-12-01,12.2297823911
PIR,1100000000,서울,3,1,2024-12-01,26.3478300836
PIR,0000000000,전국,2,1,2024-12-01,7.5263299588
PIR,1100000000,서울,2,1,2024-12-01,15.7240135284
PIR,0000000000,전국,1,1,2024-12-01,3.7261211791
PIR,1100000000,서울,1,1,2024-12-01,8.1047779533
PIR,0000000000,전국,5,5,2025-01-01,7.3436619924
PIR,1100000000,서울,5,5,2025-01-01,14.2898649441
PIR,0000000000,전국,4,5,2025-01-01,3.0868792188
PIR,1100000000,서울,4,5,2025-01-01,6.5470759936
PIR,0000000000,전국,3,5,2025-01-01,1.9470947224
PIR,1100000000,서울,3,5,2025-01-01,4.2615533227
PIR,0000000000,전국,2,5,2025-01-01,1.1975100196
PIR,1100000000,서울,2,5,2025-01-01,2.5420585485
PIR,0000000000,전국,1,5,2025-01-01,0.592657187
PIR,1100000000,서울,1,5,2025-01-01,1.3117843803
PIR,0000000000,전국,5,4,2025-01-01,12.4836611003
PIR,1100000000,서울,5,4,2025-01-01,24.4565251568
PIR,0000000000,전국,4,4,2025-01-01,5.2474574762
PIR,1100000000,서울,4,4,2025-01-01,11.2050554269
PIR,0000000000,전국,3,4,2025-01-01,3.3099114133
PIR,1100000000,서울,3,4,2025-01-01,7.2934759323
PIR,0000000000,전국,2,4,2025-01-01,2.0356750167
PIR,1100000000,서울,2,4,2025-01-01,4.3506302603
PIR,0000000000,전국,1,4,2025-01-01,1.0074716782
PIR,1100000000,서울,1,4,2025-01-01,2.2450658438
PIR,0000000000,전국,5,3,2025-01-01,16.7171660761
PIR,1100000000,서울,5,3,2025-01-01,32.6615157912
PIR,0000000000,전국,4,3,2025-01-01,7.0269945173
PIR,1100000000,서울,4,3,2025-01-01,14.9642720059
PIR,0000000000,전국,3,3,2025-01-01,4.4323807215
PIR,1100000000,서울,3,3,2025-01-01,9.7403853493
PIR,0000000000,전국,2,3,2025-01-01,2.7260206007
PIR,1100000000,서울,2,3,2025-01-01,5.8102358384
PIR,0000000000,전국,1,3,2025-01-01,1.3491291718
PIR,1100000000,서울,1,3,2025-01-01,2.9982695023
PIR,0000000000,전국,5,2,2025-01-01,23.9882464757
PIR,1100000000,서울,5,2,2025-01-01,46.590253365
PIR,0000000000,전국,4,2,2025-01-01,10.0833643511
PIR,1100000000,서울,4,2,2025-01-01,21.3458930881
PIR,0000000000,전국,3,2,2025-01-01,6.3602311981
PIR,1100000000,서울,3,2,2025-01-01,13.8942425147
PIR,0000000000,전국,2,2,2025-01-01,3.9116949469
PIR,1100000000,서울,2,2,2025-01-01,8.2880525679
PIR,0000000000,전국,1,2,2025-01-01,1.9359287904
PIR,1100000000,서울,1,2,2025-01-01,4.2769030274
PIR,0000000000,전국,5,1,2025-01-01,47.4904656658
PIR,1100000000,서울,5,1,2025-01-01,91.4709992143
PIR,0000000000,전국,4,1,2025-01-01,19.9624290587
PIR,1100000000,서울,4,1,2025-01-01,41.9085544481
PIR,0000000000,전국,3,1,2025-01-01,12.5915973743
PIR,1100000000,서울,3,1,2025-01-01,27.2786721331
PIR,0000000000,전국,2,1,2025-01-01,7.7441348103
PIR,1100000000,서울,2,1,2025-01-01,16.2719967197
PIR,0000000000,전국,1,1,2025-01-01,3.8326336127
PIR,1100000000,서울,1,1,2025-01-01,8.3968762821
PIR,0000000000,전국,5,5,2025-02-01,7.3541152125
PIR,1100000000,서울,5,5,2025-02-01,14.341294698
PIR,0000000000,전국,4,5,2025-02-01,3.0859361424
PIR,1100000000,서울,4,5,2025-02-01,6.5572590511
PIR,0000000000,전국,3,5,2025-02-01,1.9458256633
PIR,1100000000,서울,3,5,2025-02-01,4.2683969516
PIR,0000000000,전국,2,5,2025-02-01,1.1970325499
PIR,1100000000,서울,2,5,2025-02-01,2.5469070792
PIR,0000000000,전국,1,5,2025-02-01,0.5923627174
PIR,1100000000,서울,1,5,2025-02-01,1.311101007
PIR,0000000000,전국,5,4,2025-02-01,12.5014307712
PIR,1100000000,서울,5,4,2025-02-01,24.5445450979
PIR,0000000000,전국,4,4,2025-02-01,5.2458543188
PIR,1100000000,서울,4,4,2025-02-01,11.2224833174
PIR,0000000000,전국,3,4,2025-02-01,3.3077541105
PIR,1100000000,서울,3,4,2025-02-01,7.3051885258
PIR,0000000000,전국,2,4,2025-02-01,2.0348633549
PIR,1100000000,서울,2,4,2025-02-01,4.3589283242
PIR,0000000000,전국,1,4,2025-02-01,1.0069711025
PIR,1100000000,서울,1,4,2025-02-01,2.2438962779
PIR,0000000000,전국,5,3,2025-02-01,16.7409618631
PIR,1100000000,서울,5,3,2025-02-01,32.7790657978
PIR,0000000000,전국,4,3,2025-02-01,7.0248476913
PIR,1100000000,서울,4,3,2025-02-01,14.9875468299
PIR,0000000000,전국,3,3,2025-02-01,4.4294918261
PIR,1100000000,서울,3,3,2025-02-01,9.756027435
PIR,0000000000,전국,2,3,2025-02-01,2.7249336852
PIR,1100000000,서울,2,3,2025-02-01,5.8213178438
PIR,0000000000,전국,1,3,2025-02-01,1.348458839
PIR,1100000000,서울,1,3,2025-02-01,2.9967075553
PIR,0000000000,전국,5,2,2025-02-01,24.0223921676
PIR,1100000000,서울,5,2,2025-02-01,46.7579334148
PIR,0000000000,전국,4,2,2025-02-01,10.0802837697
PIR,1100000000,서울,4,2,2025-02-01,21.3790936278
PIR,0000000000,전국,3,2,2025-02-01,6.3560857865
PIR,1100000000,서울,3,2,2025-02-01,13.9165552798
PIR,0000000000,전국,2,2,2025-02-01,3.9101352809
PIR,1100000000,서울,2,2,2025-02-01,8.3038605739
PIR,0000000000,전국,1,2,2025-02-01,1.9349668984
PIR,1100000000,서울,1,2,2025-02-01,4.274674977
PIR,0000000000,전국,5,1,2025-02-01,47.5580652217
PIR,1100000000,서울,5,1,2025-02-01,91.800206733
PIR,0000000000,전국,4,1,2025-02-01,19.9563303117
PIR,1100000000,서울,4,1,2025-02-01,41.9737373205
PIR,0000000000,전국,3,1,2025-02-01,12.5833905416
PIR,1100000000,서울,3,1,2025-02-01,27.3224789549
PIR,0000000000,전국,2,1,2025-02-01,7.7410470787
PIR,1100000000,서울,2,1,2025-02-01,16.3030326982
PIR,0000000000,전국,1,1,2025-02-01,3.8307293176
PIR,1100000000,서울,1,1,2025-02-01,8.3925019338
PIR,0000000000,전국,5,5,2025-03-01,7.4120657417
PIR,1100000000,서울,5,5,2025-03-01,14.6209920197
PIR,0000000000,전국,4,5,2025-03-01,3.0865716096
PIR,1100000000,서울,4,5,2025-03-01,6.5832646178
PIR,0000000000,전국,3,5,2025-03-01,1.9463674024
PIR,1100000000,서울,3,5,2025-03-01,4.2722020279
PIR,0000000000,전국,2,5,2025-03-01,1.1964209557
PIR,1100000000,서울,2,5,2025-03-01,2.5464287599
PIR,0000000000,전국,1,5,2025-03-01,0.5916735448
PIR,1100000000,서울,1,5,2025-03-01,1.3108919974
PIR,0000000000,전국,5,4,2025-03-01,12.5999422179
PIR,1100000000,서울,5,4,2025-03-01,25.0232357372
PIR,0000000000,전국,4,4,2025-03-01,5.2469345642
PIR,1100000000,서울,4,4,2025-03-01,11.2669907916
PIR,0000000000,전국,3,4,2025-03-01,3.3086750252
PIR,1100000000,서울,3,4,2025-03-01,7.3117007598
PIR,0000000000,전국,2,4,2025-03-01,2.0338236917
PIR,1100000000,서울,2,4,2025-03-01,4.3581097001
PIR,0000000000,전국,1,4,2025-03-01,1.0057995619
PIR,1100000000,서울,1,4,2025-03-01,2.2435385666
PIR,0000000000,전국,5,3,2025-03-01,16.8728808732
PIR,1100000000,서울,5,3,2025-03-01,33.4183537495
PIR,0000000000,전국,4,3,2025-03-01,7.0262942734
PIR,1100000000,서울,4,3,2025-03-01,15.0469862459
PIR,0000000000,전국,3,3,2025-03-01,4.4307250449
PIR,1100000000,서울,3,3,2025-03-01,9.7647244773
PIR,0000000000,전국,2,3,2025-03-01,2.7235414476
PIR,1100000000,서울,2,3,2025-03-01,5.8202245771
PIR,0000000000,전국,1,3,2025-03-01,1.3468900013
PIR,1100000000,서울,1,3,2025-03-01,2.9962298344
PIR,0000000000,전국,5,2,2025-03-01,24.2116889488
PIR,1100000000,서울,5,2,2025-03-01,47.6698502968
PIR,0000000000,전국,4,2,2025-03-01,10.0823595383
PIR,1100000000,서울,4,2,2025-03-01,21.4638814089
PIR,0000000000,전국,3,2,2025-03-01,6.35785539
PIR,1100000000,서울,3,2,2025-03-01,13.9289612382
PIR,0000000000,전국,2,2,2025-03-01,3.9081374938
PIR,1100000000,서울,2,2,2025-03-01,8.3023010758
PIR,0000000000,전국,1,2,2025-03-01,1.9327156995
PIR,1100000000,서울,1,2,2025-03-01,4.2739935285
PIR,0000000000,전국,5,1,2025-03-01,47.9328234308
PIR,1100000000,서울,5,1,2025-03-01,93.5905800917
PIR,0000000000,전국,4,1,2025-03-01,19.9604397917
PIR,1100000000,서울,4,1,2025-03-01,42.1402018167
PIR,0000000000,전국,3,1,2025-03-01,12.5868938946
PIR,1100000000,서울,3,1,2025-03-01,27.3468356674
PIR,0000000000,전국,2,1,2025-03-01,7.7370919818
PIR,1100000000,서울,2,1,2025-03-01,16.2999709237
PIR,0000000000,전국,1,1,2025-03-01,3.8262725316
PIR,1100000000,서울,1,1,2025-03-01,8.3911640408
PIR,0000000000,전국,5,5,2025-04-01,8.403019406
PIR,1100000000,서울,5,5,2025-04-01,16.6775685397
PIR,0000000000,전국,4,5,2025-04-01,3.4530861418
PIR,1100000000,서울,4,5,2025-04-01,7.362455355
PIR,0000000000,전국,3,5,2025-04-01,2.1820533879
PIR,1100000000,서울,3,5,2025-04-01,4.75836114
PIR,0000000000,전국,2,5,2025-04-01,1.3427874699
PIR,1100000000,서울,2,5,2025-04-01,2.8535223386
PIR,0000000000,전국,1,5,2025-04-01,0.6621783249
PIR,1100000000,서울,1,5,2025-04-01,1.4645231688
PIR,0000000000,전국,5,4,2025-04-01,13.5450746442
PIR,1100000000,서울,5,4,2025-04-01,27.1788124017
PIR,0000000000,전국,4,4,2025-04-01,5.5661313254
PIR,1100000000,서울,4,4,2025-04-01,11.9983193253
PIR,0000000000,전국,3,4,2025-04-01,3.517316168
PIR,1100000000,서울,3,4,2025-04-01,7.7545239556
PIR,0000000000,전국,2,4,2025-04-01,2.164478699
PIR,1100000000,서울,2,4,2025-04-01,4.6502790943
PIR,0000000000,전국,1,4,2025-04-01,1.0673847585
PIR,1100000000,서울,1,4,2025-04-01,2.3866788715
PIR,0000000000,전국,5,3,2025-04-01,17.7866018414
PIR,1100000000,서울,5,3,2025-04-01,35.7080643306
PIR,0000000000,전국,4,3,2025-04-01,7.3091189442
PIR,1100000000,서울,4,3,2025-04-01,15.7636305809
PIR,0000000000,전국,3,3,2025-04-01,4.6187344015
PIR,1100000000,서울,3,3,2025-04-01,10.1880478134
PIR,0000000000,전국,2,3,2025-04-01,2.8422671579
PIR,1100000000,서울,2,3,2025-04-01,6.10962917
PIR,0000000000,전국,1,3,2025-04-01,1.4016273966
PIR,1100000000,서울,1,3,2025-04-01,3.1356661734
PIR,0000000000,전국,5,2,2025-04-01,24.8017291216
PIR,1100000000,서울,5,2,2025-04-01,49.6557742521
PIR,0000000000,전국,4,2,2025-04-01,10.1918730619
PIR,1100000000,서울,4,2,2025-04-01,21.9209664873
PIR,0000000000,전국,3,2,2025-04-01,6.4403870134
PIR,1100000000,서울,3,2,2025-04-01,14.1675392317
PIR,0000000000,전국,2,2,2025-04-01,3.9632719488
PIR,1100000000,서울,2,2,2025-04-01,8.4960742766
PIR,0000000000,전국,1,2,2025-04-01,1.9544364533
PIR,1100000000,서울,1,2,2025-04-01,4.3604696741
PIR,0000000000,전국,5,1,2025-04-01,48.6558122897
PIR,1100000000,서울,5,1,2025-04-01,97.4145166619
PIR,0000000000,전국,4,1,2025-04-01,19.994326208
PIR,1100000000,서울,4,1,2025-04-01,43.0044720335
PIR,0000000000,전국,3,1,2025-04-01,12.6346941401
PIR,1100000000,서울,3,1,2025-04-01,27.7938267469
PIR,0000000000,전국,2,1,2025-04-01,7.7751117693
PIR,1100000000,서울,2,1,2025-04-01,16.6675675014
PIR,0000000000,전국,1,1,2025-04-01,3.8341961054
PIR,1100000000,서울,1,1,2025-04-01,8.554353489
PIR,0000000000,전국,5,5,2025-05-01,8.4873637051
PIR,1100000000,서울,5,5,2025-05-01,16.9703987986
PIR,0000000000,전국,4,5,2025-05-01,3.466302206
PIR,1100000000,서울,4,5,2025-05-01,7.4009870448
PIR,0000000000,전국,3,5,2025-05-01,2.1877398625
PIR,1100000000,서울,3,5,2025-05-01,4.7811673628
PIR,0000000000,전국,2,5,2025-05-01,1.3449280117
PIR,1100000000,서울,2,5,2025-05-01,2.8728688434
PIR,0000000000,전국,1,5,2025-05-01,0.6622432669
PIR,1100000000,서울,1,5,2025-05-01,1.4764343493
PIR,0000000000,전국,5,4,2025-05-01,13.681031706
PIR,1100000000,서울,5,4,2025-05-01,27.65602697
PIR,0000000000,전국,4,4,2025-05-01,5.5874346889
PIR,1100000000,서울,4,4,2025-05-01,12.0611129852
PIR,0000000000,전국,3,4,2025-05-01,3.526482364
PIR,1100000000,서울,3,4,2025-05-01,7.7916904076
PIR,0000000000,전국,2,4,2025-05-01,2.1679291014
PIR,1100000000,서울,2,4,2025-05-01,4.6818073728
PIR,0000000000,전국,1,4,2025-05-01,1.0674894403
PIR,1100000000,서울,1,4,2025-05-01,2.4060900789
PIR,0000000000,전국,5,3,2025-05-01,17.9651327236
PIR,1100000000,서울,5,3,2025-05-01,36.3350383224
PIR,0000000000,전국,4,3,2025-05-01,7.3370932783
PIR,1100000000,서울,4,3,2025-05-01,15.8461301403
PIR,0000000000,전국,3,3,2025-05-01,4.6307709154
PIR,1100000000,서울,3,3,2025-05-01,10.2368778373
PIR,0000000000,전국,2,3,2025-05-01,2.8467980251
PIR,1100000000,서울,2,3,2025-05-01,6.1510516494
PIR,0000000000,전국,1,3,2025-05-01,1.4017648587
PIR,1100000000,서울,1,3,2025-05-01,3.1611690037
PIR,0000000000,전국,5,2,2025-05-01,25.0506735022
PIR,1100000000,서울,5,2,2025-05-01,50.5276467432
PIR,0000000000,전국,4,2,2025-05-01,10.2308806173
PIR,1100000000,서울,4,2,2025-05-01,22.035690698
PIR,0000000000,전국,3,2,2025-05-01,6.4571707903
PIR,1100000000,서울,3,2,2025-05-01,14.2354424544
PIR,0000000000,전국,2,2,2025-05-01,3.9695898133
PIR,1100000000,서울,2,2,2025-05-01,8.5536765389
PIR,0000000000,전국,1,2,2025-05-01,1.9546281312
PIR,1100000000,서울,1,2,2025-05-01,4.39593401
PIR,0000000000,전국,5,1,2025-05-01,49.1441891684
PIR,1100000000,서울,5,1,2025-05-01,99.1249529322
PIR,0000000000,전국,4,1,2025-05-01,20.0708508844
PIR,1100000000,서울,4,1,2025-05-01,43.2295375713
PIR,0000000000,전국,3,1,2025-05-01,12.6676204048
PIR,1100000000,서울,3,1,2025-05-01,27.9270390413
PIR,0000000000,전국,2,1,2025-05-01,7.7875061
PIR,1100000000,서울,2,1,2025-05-01,16.7805714092
PIR,0000000000,전국,1,1,2025-05-01,3.8345721374
PIR,1100000000,서울,1,1,2025-05-01,8.6239272936
PIR,0000000000,전국,5,5,2025-06-01,8.6299350822
PIR,1100000000,서울,5,5,2025-06-01,17.5748124509
PIR,0000000000,전국,4,5,2025-06-01,3.4721225976
PIR,1100000000,서울,4,5,2025-06-01,7.4950297931
PIR,0000000000,전국,3,5,2025-06-01,2.1913281093
PIR,1100000000,서울,3,5,2025-06-01,4.801127543
PIR,0000000000,전국,2,5,2025-06-01,1.3466313741
PIR,1100000000,서울,2,5,2025-06-01,2.8825683309
PIR,0000000000,전국,1,5,2025-06-01,0.6620930367
PIR,1100000000,서울,1,5,2025-06-01,1.4892243821
PIR,0000000000,전국,5,4,2025-06-01,13.9108467107
PIR,1100000000,서울,5,4,2025-06-01,28.6410173917
PIR,0000000000,전국,4,4,2025-06-01,5.5968167495
PIR,1100000000,서울,4,4,2025-06-01,12.2143709501
PIR,0000000000,전국,3,4,2025-06-01,3.5322663648
PIR,1100000000,서울,3,4,2025-06-01,7.8242187701
PIR,0000000000,전국,2,4,2025-06-01,2.1706748014
PIR,1100000000,서울,2,4,2025-06-01,4.6976142663
PIR,0000000000,전국,1,4,2025-06-01,1.0672472799
PIR,1100000000,서울,1,4,2025-06-01,2.426933519
PIR,0000000000,전국,5,3,2025-06-01,18.266912381
PIR,1100000000,서울,5,3,2025-06-01,37.6291383303
PIR,0000000000,전국,4,3,2025-06-01,7.349413253
PIR,1100000000,서울,4,3,2025-06-01,16.0474835029
PIR,0000000000,전국,3,3,2025-06-01,4.6383661278
PIR,1100000000,서울,3,3,2025-06-01,10.279614247
PIR,0000000000,전국,2,3,2025-06-01,2.8504035181
PIR,1100000000,서울,2,3,2025-06-01,6.1718190605
PIR,0000000000,전국,1,3,2025-06-01,1.4014468678
PIR,1100000000,서울,1,3,2025-06-01,3.1885535299
PIR,0000000000,전국,5,2,2025-06-01,25.4714766092
PIR,1100000000,서울,5,2,2025-06-01,52.3272272877
PIR,0000000000,전국,4,2,2025-06-01,10.2480596535
PIR,1100000000,서울,4,2,2025-06-01,22.3156934735
PIR,0000000000,전국,3,2,2025-06-01,6.4677615935
PIR,1100000000,서울,3,2,2025-06-01,14.2948718732
PIR,0000000000,전국,2,2,2025-06-01,3.9746173313
PIR,1100000000,서울,2,2,2025-06-01,8.5825557822
PIR,0000000000,전국,1,2,2025-06-01,1.954184723
PIR,1100000000,서울,1,2,2025-06-01,4.4340150395
PIR,0000000000,전국,5,1,2025-06-01,49.9697169727
PIR,1100000000,서울,5,1,2025-06-01,102.6553634751
PIR,0000000000,전국,4,1,2025-06-01,20.1045525653
PIR,1100000000,서울,4,1,2025-06-01,43.7788459941
PIR,0000000000,전국,3,1,2025-06-01,12.6883973486
PIR,1100000000,서울,3,1,2025-06-01,28.0436274581
PIR,0000000000,전국,2,1,2025-06-01,7.7973690402
PIR,1100000000,서울,2,1,2025-06-01,16.8372266033
PIR,0000000000,전국,1,1,2025-06-01,3.833702263
PIR,1100000000,서울,1,1,2025-06-01,8.6986345183
PIR,0000000000,전국,5,5,2025-07-01,8.0841836699
PIR,1100000000,서울,5,5,2025-07-01,16.6327183596
PIR,0000000000,전국,4,5,2025-07-01,3.2213577581
PIR,1100000000,서울,4,5,2025-07-01,7.0412020395
PIR,0000000000,전국,3,5,2025-07-01,2.0332468778
PIR,1100000000,서울,3,5,2025-07-01,4.4718083427
PIR,0000000000,전국,2,5,2025-07-01,1.2486835965
PIR,1100000000,서울,2,5,2025-07-01,2.681253574
PIR,0000000000,전국,1,5,2025-07-01,0.613943757
PIR,1100000000,서울,1,5,2025-07-01,1.3832937278
PIR,0000000000,전국,5,4,2025-07-01,13.1124803913
PIR,1100000000,서울,5,4,2025-07-01,27.2619091114
PIR,0000000000,전국,4,4,2025-07-01,5.225016175
PIR,1100000000,서울,4,4,2025-07-01,11.5409042518
PIR,0000000000,전국,3,4,2025-07-01,3.2979099566
PIR,1100000000,서울,3,4,2025-07-01,7.3295314672
PIR,0000000000,전국,2,4,2025-07-01,2.0253546731
PIR,1100000000,서울,2,4,2025-07-01,4.3947170666
PIR,0000000000,전국,1,4,2025-07-01,0.995811798
PIR,1100000000,서울,1,4,2025-07-01,2.2672919162
PIR,0000000000,전국,5,3,2025-07-01,17.2364502013
PIR,1100000000,서울,5,3,2025-07-01,35.902867927
PIR,0000000000,전국,4,3,2025-07-01,6.8683215085
PIR,1100000000,서울,4,3,2025-07-01,15.1989194673
PIR,0000000000,전국,3,3,2025-07-01,4.3351264626
PIR,1100000000,서울,3,3,2025-07-01,9.6527062415
PIR,0000000000,전국,2,3,2025-07-01,2.6623433493
PIR,1100000000,서울,2,3,2025-07-01,5.7876704737
PIR,0000000000,전국,1,3,2025-07-01,1.3090018024
PIR,1100000000,서울,1,3,2025-07-01,2.9859347665
PIR,0000000000,전국,5,2,2025-07-01,23.3986632687
PIR,1100000000,서울,5,2,2025-07-01,48.5023894564
PIR,0000000000,전국,4,2,2025-07-01,9.3238190185
PIR,1100000000,서울,4,2,2025-07-01,20.5327304999
PIR,0000000000,전국,3,2,2025-07-01,5.884979978
PIR,1100000000,서울,3,2,2025-07-01,13.04016488
PIR,0000000000,전국,2,2,2025-07-01,3.6141592271
PIR,1100000000,서울,2,2,2025-07-01,7.8187583212
PIR,0000000000,전국,1,2,2025-07-01,1.7769837776
PIR,1100000000,서울,1,2,2025-07-01,4.0337995068
PIR,0000000000,전국,5,1,2025-07-01,43.794754039
PIR,1100000000,서울,5,1,2025-07-01,89.0905620097
PIR,0000000000,전국,4,1,2025-07-01,17.4511832548
PIR,1100000000,서울,4,1,2025-07-01,37.7151006442
PIR,0000000000,전국,3,1,2025-07-01,11.0147852336
PIR,1100000000,서울,3,1,2025-07-01,23.9525440061
PIR,0000000000,전국,2,1,2025-07-01,6.764540888
PIR,1100000000,서울,2,1,2025-07-01,14.361716626
PIR,0000000000,전국,1,1,2025-07-01,3.325940742
PIR,1100000000,서울,1,1,2025-07-01,7.4093971271
PIR,0000000000,전국,5,5,2025-08-01,8.1482863657
PIR,1100000000,서울,5,5,2025-08-01,16.8752269802
PIR,0000000000,전국,4,5,2025-08-01,3.2258748414
PIR,1100000000,서울,4,5,2025-08-01,7.1074411194
PIR,0000000000,전국,3,5,2025-08-01,2.0368710126
PIR,1100000000,서울,3,5,2025-08-01,4.4885614734
PIR,0000000000,전국,2,5,2025-08-01,1.2494637323
PIR,1100000000,서울,2,5,2025-08-01,2.6863446478
PIR,0000000000,전국,1,5,2025-08-01,0.6136976661
PIR,1100000000,서울,1,5,2025-08-01,1.3852268206
PIR,0000000000,전국,5,4,2025-08-01,13.2164544443
PIR,1100000000,서울,5,4,2025-08-01,27.6593936253
PIR,0000000000,전국,4,4,2025-08-01,5.2323428474
PIR,1100000000,서울,4,4,2025-08-01,11.6494736232
PIR,0000000000,전국,3,4,2025-08-01,3.3037882738
PIR,1100000000,서울,3,4,2025-08-01,7.3569907386
PIR,0000000000,전국,2,4,2025-08-01,2.026620047
PIR,1100000000,서울,2,4,2025-08-01,4.4030616071
PIR,0000000000,전국,1,4,2025-08-01,0.9954126405
PIR,1100000000,서울,1,4,2025-08-01,2.270460358
PIR,0000000000,전국,5,3,2025-08-01,17.3731248452
PIR,1100000000,서울,5,3,2025-08-01,36.4263394839
PIR,0000000000,전국,4,3,2025-08-01,6.8779524723
PIR,1100000000,서울,4,3,2025-08-01,15.3419010827
PIR,0000000000,전국,3,3,2025-08-01,4.3428535531
PIR,1100000000,서울,3,3,2025-08-01,9.6888690278
PIR,0000000000,전국,2,3,2025-08-01,2.6640066925
PIR,1100000000,서울,2,3,2025-08-01,5.7986599071
PIR,0000000000,전국,1,3,2025-08-01,1.308477107
PIR,1100000000,서울,1,3,2025-08-01,2.9901074806
PIR,0000000000,전국,5,2,2025-08-01,23.5842005419
PIR,1100000000,서울,5,2,2025-08-01,49.2095647543
PIR,0000000000,전국,4,2,2025-08-01,9.3368931536
PIR,1100000000,서울,4,2,2025-08-01,20.7258891637
PIR,0000000000,전국,3,2,2025-08-01,5.895469585
PIR,1100000000,서울,3,2,2025-08-01,13.0890184019
PIR,0000000000,전국,2,2,2025-08-01,3.6164172329
PIR,1100000000,서울,2,2,2025-08-01,7.8336043157
PIR,0000000000,전국,1,2,2025-08-01,1.7762714981
PIR,1100000000,서울,1,2,2025-08-01,4.0394365663
PIR,0000000000,전국,5,1,2025-08-01,44.1420199982
PIR,1100000000,서울,5,1,2025-08-01,90.3895216163
PIR,0000000000,전국,4,1,2025-08-01,17.4756538207
PIR,1100000000,서울,4,1,2025-08-01,38.0698999459
PIR,0000000000,전국,3,1,2025-08-01,11.0344183962
PIR,1100000000,서울,3,1,2025-08-01,24.0422795382
PIR,0000000000,전국,2,1,2025-08-01,6.7687671471
PIR,1100000000,서울,2,1,2025-08-01,14.3889861688
PIR,0000000000,전국,1,1,2025-08-01,3.3246075844
PIR,1100000000,서울,1,1,2025-08-01,7.4197514375
PIR,0000000000,전국,5,5,2025-09-01,8.2029098679
PIR,1100000000,서울,5,5,2025-09-01,17.0275214329
PIR,0000000000,전국,4,5,2025-09-01,3.2308269327
PIR,1100000000,서울,4,5,2025-09-01,7.1753037691
PIR,0000000000,전국,3,5,2025-09-01,2.0382127508
PIR,1100000000,서울,3,5,2025-09-01,4.5027176909
PIR,0000000000,전국,2,5,2025-09-01,1.2493080127
PIR,1100000000,서울,2,5,2025-09-01,2.6929217446
PIR,0000000000,전국,1,5,2025-09-01,0.6134347627
PIR,1100000000,서울,1,5,2025-09-01,1.385249666
PIR,0000000000,전국,5,4,2025-09-01,13.3050533222
PIR,1100000000,서울,5,4,2025-09-01,27.909012325
PIR,0000000000,전국,4,4,2025-09-01,5.2403750993
PIR,1100000000,서울,4,4,2025-09-01,11.7607041117
PIR,0000000000,전국,3,4,2025-09-01,3.3059645623
PIR,1100000000,서울,3,4,2025-09-01,7.3801935312
PIR,0000000000,전국,2,4,2025-09-01,2.0263674711
PIR,1100000000,서울,2,4,2025-09-01,4.4138418181
PIR,0000000000,전국,1,4,2025-09-01,0.9949862133
PIR,1100000000,서울,1,4,2025-09-01,2.2704978029
PIR,0000000000,전국,5,3,2025-09-01,17.4895887102
PIR,1100000000,서울,5,3,2025-09-01,36.7550775473
PIR,0000000000,전국,4,3,2025-09-01,6.8885109255
PIR,1100000000,서울,4,3,2025-09-01,15.4883872852
PIR,0000000000,전국,3,3,2025-09-01,4.3457143001
PIR,1100000000,서울,3,3,2025-09-01,9.7194261981
PIR,0000000000,전국,2,3,2025-09-01,2.6636746796
PIR,1100000000,서울,2,3,2025-09-01,5.8128570233
PIR,0000000000,전국,1,3,2025-09-01,1.3079165653
PIR,1100000000,서울,1,3,2025-09-01,2.9901567939
PIR,0000000000,전국,5,2,2025-09-01,23.7423014692
PIR,1100000000,서울,5,2,2025-09-01,49.6536680391
PIR,0000000000,전국,4,2,2025-09-01,9.3512263654
PIR,1100000000,서울,4,2,2025-09-01,20.9237822919
PIR,0000000000,전국,3,2,2025-09-01,5.8993530792
PIR,1100000000,서울,3,2,2025-09-01,13.130299109
PIR,0000000000,전국,2,2,2025-09-01,3.6159665219
PIR,1100000000,서울,2,2,2025-09-01,7.8527836765
PIR,0000000000,전국,1,2,2025-09-01,1.7755105569
PIR,1100000000,서울,1,2,2025-09-01,4.0395031854
PIR,0000000000,전국,5,1,2025-09-01,44.4379339631
PIR,1100000000,서울,5,1,2025-09-01,91.205263102
PIR,0000000000,전국,4,1,2025-09-01,17.5024809722
PIR,1100000000,서울,4,1,2025-09-01,38.433395646
PIR,0000000000,전국,3,1,2025-09-01,11.0416870453
PIR,1100000000,서울,3,1,2025-09-01,24.1181051095
PIR,0000000000,전국,2,1,2025-09-01,6.7679235614
PIR,1100000000,서울,2,1,2025-09-01,14.4242153618
PIR,0000000000,전국,1,1,2025-09-01,3.3231833477
PIR,1100000000,서울,1,1,2025-09-01,7.4198738053
PIR,0000000000,전국,5,5,2025-10-01,8.4412073508
PIR,1100000000,서울,5,5,2025-10-01,17.6176443748
PIR,0000000000,전국,4,5,2025-10-01,3.2865771151
PIR,1100000000,서울,4,5,2025-10-01,7.4355908981
PIR,0000000000,전국,3,5,2025-10-01,2.0728090245
PIR,1100000000,서울,3,5,2025-10-01,4.6025570548
PIR,0000000000,전국,2,5,2025-10-01,1.268785531
PIR,1100000000,서울,2,5,2025-10-01,2.7461539367
PIR,0000000000,전국,1,5,2025-10-01,0.6229816131
PIR,1100000000,서울,1,5,2025-10-01,1.410811914
PIR,0000000000,전국,5,4,2025-10-01,13.8925542782
PIR,1100000000,서울,5,4,2025-10-01,29.4030114138
PIR,0000000000,전국,4,4,2025-10-01,5.4090545421
PIR,1100000000,서울,4,4,2025-10-01,12.4096479298
PIR,0000000000,전국,3,4,2025-10-01,3.4114328301
PIR,1100000000,서울,3,4,2025-10-01,7.6814490483
PIR,0000000000,전국,2,4,2025-10-01,2.0881695147
PIR,1100000000,서울,2,4,2025-10-01,4.5832004454
PIR,0000000000,전국,1,4,2025-10-01,1.0253042621
PIR,1100000000,서울,1,4,2025-10-01,2.3545780541
PIR,0000000000,전국,5,3,2025-10-01,18.4662316818
PIR,1100000000,서울,5,3,2025-10-01,38.9161477139
PIR,0000000000,전국,4,3,2025-10-01,7.1898120643
PIR,1100000000,서울,4,3,2025-10-01,16.4247017123
PIR,0000000000,전국,3,3,2025-10-01,4.5345375476
PIR,1100000000,서울,3,3,2025-10-01,10.1667275373
PIR,0000000000,전국,2,3,2025-10-01,2.7756322759
PIR,1100000000,서울,2,3,2025-10-01,6.0660625208
PIR,0000000000,전국,1,3,2025-10-01,1.3628527676
PIR,1100000000,서울,1,3,2025-10-01,3.1163851236
PIR,0000000000,전국,5,2,2025-10-01,25.5889555968
PIR,1100000000,서울,5,2,2025-10-01,53.5237174643
PIR,0000000000,전국,4,2,2025-10-01,9.9630387419
PIR,1100000000,서울,4,2,2025-10-01,22.589879665
PIR,0000000000,전국,3,2,2025-10-01,6.2835819434
PIR,1100000000,서울,3,2,2025-10-01,13.9829115729
PIR,0000000000,전국,2,2,2025-10-01,3.8462384901
PIR,1100000000,서울,2,2,2025-10-01,8.343020457
PIR,0000000000,전국,1,2,2025-10-01,1.8885270994
PIR,1100000000,서울,1,2,2025-10-01,4.2861518075
PIR,0000000000,전국,5,1,2025-10-01,47.8262555737
PIR,1100000000,서울,5,1,2025-10-01,99.4910253291
PIR,0000000000,전국,4,1,2025-10-01,18.6211131345
PIR,1100000000,서울,4,1,2025-10-01,41.9905491698
PIR,0000000000,전국,3,1,2025-10-01,11.744136833
PIR,1100000000,서울,3,1,2025-10-01,25.9917336722
PIR,0000000000,전국,2,1,2025-10-01,7.188694526
PIR,1100000000,서울,2,1,2025-10-01,15.5081840151
PIR,0000000000,전국,1,1,2025-10-01,3.5296938703
PIR,1100000000,서울,1,1,2025-10-01,7.9671902149
PIR,0000000000,전국,5,5,2025-11-01,8.5632194142
PIR,1100000000,서울,5,5,2025-11-01,17.9064918991
PIR,0000000000,전국,4,5,2025-11-01,3.29471228
PIR,1100000000,서울,4,5,2025-11-01,7.609811061
PIR,0000000000,전국,3,5,2025-11-01,2.0769959847
PIR,1100000000,서울,3,5,2025-11-01,4.6350406481
PIR,0000000000,전국,2,5,2025-11-01,1.2695787528
PIR,1100000000,서울,2,5,2025-11-01,2.75233609
PIR,0000000000,전국,1,5,2025-11-01,0.6232425477
PIR,1100000000,서울,1,5,2025-11-01,1.4090492831
PIR,0000000000,전국,5,4,2025-11-01,14.0933619521
PIR,1100000000,서울,5,4,2025-11-01,29.8850842082
PIR,0000000000,전국,4,4,2025-11-01,5.4224434111
PIR,1100000000,서울,4,4,2025-11-01,12.7004131043
PIR,0000000000,전국,3,4,2025-11-01,3.4183237366
PIR,1100000000,서울,3,4,2025-11-01,7.735662622
PIR,0000000000,전국,2,4,2025-11-01,2.0894750006
PIR,1100000000,서울,2,4,2025-11-01,4.5935181655
PIR,0000000000,전국,1,4,2025-11-01,1.0257337088
PIR,1100000000,서울,1,4,2025-11-01,2.3516363069
PIR,0000000000,전국,5,3,2025-11-01,18.7331488345
PIR,1100000000,서울,5,3,2025-11-01,39.55419175
PIR,0000000000,전국,4,3,2025-11-01,7.2076087885
PIR,1100000000,서울,4,3,2025-11-01,16.8095419016
PIR,0000000000,전국,3,3,2025-11-01,4.5436970639
PIR,1100000000,서울,3,3,2025-11-01,10.2384815293
PIR,0000000000,전국,2,3,2025-11-01,2.7773675511
PIR,1100000000,서울,2,3,2025-11-01,6.0797184662
PIR,0000000000,전국,1,3,2025-11-01,1.363423596
PIR,1100000000,서울,1,3,2025-11-01,3.1124915949
PIR,0000000000,전국,5,2,2025-11-01,25.9588270077
PIR,1100000000,서울,5,2,2025-11-01,54.4012577843
PIR,0000000000,전국,4,2,2025-11-01,9.9876999502
PIR,1100000000,서울,4,2,2025-11-01,23.1191735127
PIR,0000000000,전국,3,2,2025-11-01,6.296274433
PIR,1100000000,서울,3,2,2025-11-01,14.0815991517
PIR,0000000000,전국,2,2,2025-11-01,3.8486430889
PIR,1100000000,서울,2,2,2025-11-01,8.3618022997
PIR,0000000000,전국,1,2,2025-11-01,1.8893181055
PIR,1100000000,서울,1,2,2025-11-01,4.2807968034
PIR,0000000000,전국,5,1,2025-11-01,48.5175524327
PIR,1100000000,서울,5,1,2025-11-01,101.1222159554
PIR,0000000000,전국,4,1,2025-11-01,18.6672054123
PIR,1100000000,서울,4,1,2025-11-01,42.9744118405
PIR,0000000000,전국,3,1,2025-11-01,11.7678593429
PIR,1100000000,서울,3,1,2025-11-01,26.1751762443
PIR,0000000000,전국,2,1,2025-11-01,7.193188768
PIR,1100000000,서울,2,1,2025-11-01,15.5430961041
PIR,0000000000,전국,1,1,2025-11-01,3.5311722759
PIR,1100000000,서울,1,1,2025-11-01,7.9572362193
PIR,0000000000,전국,5,5,2025-12-01,8.6439781455
PIR,1100000000,서울,5,5,2025-12-01,18.136109532
PIR,0000000000,전국,4,5,2025-12-01,3.3041041798
PIR,1100000000,서울,4,5,2025-12-01,7.7046742856
PIR,0000000000,전국,3,5,2025-12-01,2.0833268818
PIR,1100000000,서울,3,5,2025-12-01,4.6570195809
PIR,0000000000,전국,2,5,2025-12-01,1.2708929583
PIR,1100000000,서울,2,5,2025-12-01,2.7601391334
PIR,0000000000,전국,1,5,2025-12-01,0.6240237268
PIR,1100000000,서울,1,5,2025-12-01,1.4125175562
PIR,0000000000,전국,5,4,2025-12-01,14.2262748177
PIR,1100000000,서울,5,4,2025-12-01,30.268305128
PIR,0000000000,전국,4,4,2025-12-01,5.4379006167
PIR,1100000000,서울,4,4,2025-12-01,12.8587353189
PIR,0000000000,전국,3,4,2025-12-01,3.4287431385
PIR,1100000000,서울,3,4,2025-12-01,7.7723444166
PIR,0000000000,전국,2,4,2025-12-01,2.0916379223
PIR,1100000000,서울,2,4,2025-12-01,4.6065410743
PIR,0000000000,전국,1,4,2025-12-01,1.0270193748
PIR,1100000000,서울,1,4,2025-12-01,2.3574246899
PIR,0000000000,전국,5,3,2025-12-01,18.9098189932
PIR,1100000000,서울,5,3,2025-12-01,40.0614010868
PIR,0000000000,전국,4,3,2025-12-01,7.2281547828
PIR,1100000000,서울,4,3,2025-12-01,17.0190881486
PIR,0000000000,전국,3,3,2025-12-01,4.5575467193
PIR,1100000000,서울,3,3,2025-12-01,10.2870314589
PIR,0000000000,전국,2,3,2025-12-01,2.7802425454
PIR,1100000000,서울,2,3,2025-12-01,6.096954845
PIR,0000000000,전국,1,3,2025-12-01,1.3651325262
PIR,1100000000,서울,1,3,2025-12-01,3.1201527682
PIR,0000000000,전국,5,2,2025-12-01,26.2036417011
PIR,1100000000,서울,5,2,2025-12-01,55.098853277
PIR,0000000000,전국,4,2,2025-12-01,10.0161708664
PIR,1100000000,서울,4,2,2025-12-01,23.4073750635
PIR,0000000000,전국,3,2,2025-12-01,6.3154661243
PIR,1100000000,서울,3,2,2025-12-01,14.1483727887
PIR,0000000000,전국,2,2,2025-12-01,3.852627015
PIR,1100000000,서울,2,2,2025-12-01,8.3855085276
PIR,0000000000,전국,1,2,2025-12-01,1.8916861977
PIR,1100000000,서울,1,2,2025-12-01,4.2913336757
PIR,0000000000,전국,5,1,2025-12-01,48.9751158549
PIR,1100000000,서울,5,1,2025-12-01,102.4189213063
PIR,0000000000,전국,4,1,2025-12-01,18.7204181083
PIR,1100000000,서울,4,1,2025-12-01,43.5101270177
PIR,0000000000,전국,3,1,2025-12-01,11.8037289872
PIR,1100000000,서울,3,1,2025-12-01,26.299296502
PIR,0000000000,전국,2,1,2025-12-01,7.2006348033
PIR,1100000000,서울,2,1,2025-12-01,15.5871617451
PIR,0000000000,전국,1,1,2025-12-01,3.5355982863
PIR,1100000000,서울,1,1,2025-12-01,7.9768223817
PIR,0000000000,전국,5,5,2026-01-01,7.8842116412
PIR,1100000000,서울,5,5,2026-01-01,16.9195627687
PIR,0000000000,전국,4,5,2026-01-01,3.0045308689
PIR,1100000000,서울,4,5,2026-01-01,7.1993178806
PIR,0000000000,전국,3,5,2026-01-01,1.8899262689
PIR,1100000000,서울,3,5,2026-01-01,4.3175173409
PIR,0000000000,전국,2,5,2026-01-01,1.1545703922
PIR,1100000000,서울,2,5,2026-01-01,2.5465503496
PIR,0000000000,전국,1,5,2026-01-01,0.5717257106
PIR,1100000000,서울,1,5,2026-01-01,1.3115825534
PIR,0000000000,전국,5,4,2026-01-01,13.4677587266
PIR,1100000000,서울,5,4,2026-01-01,28.9671677602
PIR,0000000000,전국,4,4,2026-01-01,5.1323199669
PIR,1100000000,서울,4,4,2026-01-01,12.3256050796
PIR,0000000000,전국,3,4,2026-01-01,3.2283596837
PIR,1100000000,서울,3,4,2026-01-01,7.3918133011
PIR,0000000000,전국,2,4,2026-01-01,1.9722295877
PIR,1100000000,서울,2,4,2026-01-01,4.3598260897
PIR,0000000000,전국,1,4,2026-01-01,0.9766181171
PIR,1100000000,서울,1,4,2026-01-01,2.2454972611
PIR,0000000000,전국,5,3,2026-01-01,18.5373592633
PIR,1100000000,서울,5,3,2026-01-01,39.9615860431
PIR,0000000000,전국,4,3,2026-01-01,7.064253304
PIR,1100000000,서울,4,3,2026-01-01,17.0037586
PIR,0000000000,전국,3,3,2026-01-01,4.4435948477
PIR,1100000000,서울,3,3,2026-01-01,10.1973581156
PIR,0000000000,전국,2,3,2026-01-01,2.7146260309
PIR,1100000000,서울,2,3,2026-01-01,6.0145875103
PIR,0000000000,전국,1,3,2026-01-01,1.3442415526
PIR,1100000000,서울,1,3,2026-01-01,3.0977703016
PIR,0000000000,전국,5,2,2026-01-01,26.2662959305
PIR,1100000000,서울,5,2,2026-01-01,56.0430619632
PIR,0000000000,전국,4,2,2026-01-01,10.0096116806
PIR,1100000000,서울,4,2,2026-01-01,23.8464683509
PIR,0000000000,전국,3,2,2026-01-01,6.2963001152
PIR,1100000000,서울,3,2,2026-01-01,14.301013281
PIR,0000000000,전국,2,2,2026-01-01,3.8464578291
PIR,1100000000,서울,2,2,2026-01-01,8.4349980543
PIR,0000000000,전국,1,2,2026-01-01,1.904707457
PIR,1100000000,서울,1,2,2026-01-01,4.3443854498
PIR,0000000000,전국,5,1,2026-01-01,52.9773921785
PIR,1100000000,서울,5,1,2026-01-01,111.8714673131
PIR,0000000000,전국,4,1,2026-01-01,20.1887287405
PIR,1100000000,서울,4,1,2026-01-01,47.6015997556
PIR,0000000000,전국,3,1,2026-01-01,12.6992234216
PIR,1100000000,서울,3,1,2026-01-01,28.5472506991
PIR,0000000000,전국,2,1,2026-01-01,7.7580525799
PIR,1100000000,서울,2,1,2026-01-01,16.8376883072
PIR,0000000000,전국,1,1,2026-01-01,3.8416697277
PIR,1100000000,서울,1,1,2026-01-01,8.6721309975
PIR,0000000000,전국,5,5,2026-02-01,7.9596774967
PIR,1100000000,서울,5,5,2026-02-01,17.0203556317
PIR,0000000000,전국,4,5,2026-02-01,3.0157240542
PIR,1100000000,서울,4,5,2026-02-01,7.3311132287
PIR,0000000000,전국,3,5,2026-02-01,1.8942386554
PIR,1100000000,서울,3,5,2026-02-01,4.3628192216
PIR,0000000000,전국,2,5,2026-02-01,1.1575877049
PIR,1100000000,서울,2,5,2026-02-01,2.5652563632
PIR,0000000000,전국,1,5,2026-02-01,0.5728401032
PIR,1100000000,서울,1,5,2026-02-01,1.3163285422
PIR,0000000000,전국,5,4,2026-02-01,13.596669007
PIR,1100000000,서울,5,4,2026-02-01,29.139730362
PIR,0000000000,전국,4,4,2026-02-01,5.1514400928
PIR,1100000000,서울,4,4,2026-02-01,12.5512455415
PIR,0000000000,전국,3,4,2026-02-01,3.2357260742
PIR,1100000000,서울,3,4,2026-02-01,7.469372467
PIR,0000000000,전국,2,4,2026-02-01,1.9773837416
PIR,1100000000,서울,2,4,2026-02-01,4.3918517539
PIR,0000000000,전국,1,4,2026-02-01,0.9785217153
PIR,1100000000,서울,1,4,2026-02-01,2.2536226397
PIR,0000000000,전국,5,3,2026-02-01,18.7147945909
PIR,1100000000,서울,5,3,2026-02-01,40.1996443619
PIR,0000000000,전국,4,3,2026-02-01,7.0905707224
PIR,1100000000,서울,4,3,2026-02-01,17.3150403521
PIR,0000000000,전국,3,3,2026-02-01,4.4537341314
PIR,1100000000,서울,3,3,2026-02-01,10.3043546749
PIR,0000000000,전국,2,3,2026-02-01,2.721720337
PIR,1100000000,서울,2,3,2026-02-01,6.0587684377
PIR,0000000000,전국,1,3,2026-02-01,1.3468617126
PIR,1100000000,서울,1,3,2026-02-01,3.1089796479
PIR,0000000000,전국,5,2,2026-02-01,26.5177108572
PIR,1100000000,서울,5,2,2026-02-01,56.3769205117
PIR,0000000000,전국,4,2,2026-02-01,10.046901841
PIR,1100000000,서울,4,2,2026-02-01,24.283017153
PIR,0000000000,전국,3,2,2026-02-01,6.3106668555
PIR,1100000000,서울,3,2,2026-02-01,14.4510677558
PIR,0000000000,전국,2,2,2026-02-01,3.8565100237
PIR,1100000000,서울,2,2,2026-02-01,8.4969584192
PIR,0000000000,전국,1,2,2026-02-01,1.9084200624
PIR,1100000000,서울,1,2,2026-02-01,4.3601056991
PIR,0000000000,전국,5,1,2026-02-01,53.4844795581
PIR,1100000000,서울,5,1,2026-02-01,112.5379056623
PIR,0000000000,전국,4,1,2026-02-01,20.2639405427
PIR,1100000000,서울,4,1,2026-02-01,48.4730252869
PIR,0000000000,전국,3,1,2026-02-01,12.7282001923
PIR,1100000000,서울,3,1,2026-02-01,28.8467849088
PIR,0000000000,전국,2,1,2026-02-01,7.7783271957
PIR,1100000000,서울,2,1,2026-02-01,16.9613717158
PIR,0000000000,전국,1,1,2026-02-01,3.8491578087
PIR,1100000000,서울,1,1,2026-02-01,8.7035112842
PIR,0000000000,전국,5,5,2026-03-01,8.0394078701
PIR,1100000000,서울,5,5,2026-03-01,17.0494422506
PIR,0000000000,전국,4,5,2026-03-01,3.0307575678
PIR,1100000000,서울,4,5,2026-03-01,7.5120151782
PIR,0000000000,전국,3,5,2026-03-01,1.8987048723
PIR,1100000000,서울,3,5,2026-03-01,4.4399853258
PIR,0000000000,전국,2,5,2026-03-01,1.1584054281
PIR,1100000000,서울,2,5,2026-03-01,2.5841118656
PIR,0000000000,전국,1,5,2026-03-01,0.5729663278
PIR,1100000000,서울,1,5,2026-03-01,1.3197318934
PIR,0000000000,전국,5,4,2026-03-01,13.7328639091
PIR,1100000000,서울,5,4,2026-03-01,29.18952816
PIR,0000000000,전국,4,4,2026-03-01,5.1771202423
PIR,1100000000,서울,4,4,2026-03-01,12.8609590483
PIR,0000000000,전국,3,4,2026-03-01,3.2433552366
PIR,1100000000,서울,3,4,2026-03-01,7.601484834
PIR,0000000000,전국,2,4,2026-03-01,1.978780571
PIR,1100000000,서울,2,4,2026-03-01,4.4241333506
PIR,0000000000,전국,1,4,2026-03-01,0.9787373314
PIR,1100000000,서울,1,4,2026-03-01,2.2594493532
PIR,0000000000,전국,5,3,2026-03-01,18.9022566535
PIR,1100000000,서울,5,3,2026-03-01,40.2683427935
PIR,0000000000,전국,4,3,2026-03-01,7.1259175212
PIR,1100000000,서울,4,3,2026-03-01,17.7423048695
PIR,0000000000,전국,3,3,2026-03-01,4.464235101
PIR,1100000000,서울,3,3,2026-03-01,10.4866099705
PIR,0000000000,전국,2,3,2026-03-01,2.7236429678
PIR,1100000000,서울,2,3,2026-03-01,6.103302436
PIR,0000000000,전국,1,3,2026-03-01,1.347158492
PIR,1100000000,서울,1,3,2026-03-01,3.1170178764
PIR,0000000000,전국,5,2,2026-03-01,26.7833330498
PIR,1100000000,서울,5,2,2026-03-01,56.4732647972
PIR,0000000000,전국,4,2,2026-03-01,10.0969860771
PIR,1100000000,서울,4,2,2026-03-01,24.8822228952
PIR,0000000000,전국,3,2,2026-03-01,6.3255460825
PIR,1100000000,서울,3,2,2026-03-01,14.7066668406
PIR,0000000000,전국,2,2,2026-03-01,3.859234273
PIR,1100000000,서울,2,2,2026-03-01,8.5594139389
PIR,0000000000,전국,1,2,2026-03-01,1.9088405804
PIR,1100000000,서울,1,2,2026-03-01,4.3713786986
PIR,0000000000,전국,5,1,2026-03-01,54.0202220589
PIR,1100000000,서울,5,1,2026-03-01,112.7302252145
PIR,0000000000,전국,4,1,2026-03-01,20.3649571545
PIR,1100000000,서울,4,1,2026-03-01,49.6691416883
PIR,0000000000,전국,3,1,2026-03-01,12.7582106149
PIR,1100000000,서울,3,1,2026-03-01,29.3570040806
PIR,0000000000,전국,2,1,2026-03-01,7.7838218275
PIR,1100000000,서울,2,1,2026-03-01,17.0860435377
PIR,0000000000,전국,1,1,2026-03-01,3.8500059659
PIR,1100000000,서울,1,1,2026-03-01,8.7260141052
