month,Mach,ElcEq,Aero,Ships,Cnstr,Util,Market
192607,0.054400000000000004,0.0318,-0.006500000000000001,0.0113,-0.0821,0.0704,0.031100000000000003
192608,0.0207,0.021,-0.0659,0.0172,0.0737,-0.017,0.0289
192609,0.0036,-0.005699999999999999,-0.0709,0.0288,-0.12050000000000001,0.020499999999999997,0.0060999999999999995
192610,0.0095,-0.057300000000000004,-0.1336,-0.0545,-0.0859,-0.0327,-0.0295
192611,0.0335,0.0508,0.06559999999999999,0.0789,0.0225,0.044000000000000004,0.028499999999999998
192612,0.050199999999999995,-0.024900000000000002,0.0917,0.023799999999999998,0.0076,-0.0018,0.029
192701,0.011899999999999999,-0.0102,-0.0229,-0.0059,-0.0355,-0.0179,0.002
192702,0.0787,0.043,-0.0392,0.0472,0.0801,0.0454,0.0443
192703,-0.0223,0.0040999999999999995,0.0,-0.0179,0.0521,0.0037,0.0044
192704,0.0182,0.0629,-0.1148,-0.0060999999999999995,-0.0867,0.0171,0.0072
192705,0.0875,0.0823,0.3215,0.10779999999999999,-0.10439999999999999,0.09230000000000001,0.0575
192706,-0.0229,0.035,0.1449,-0.0417,-0.1386,-0.0358,-0.021199999999999997
192707,0.09609999999999999,0.1469,-0.0278,0.12210000000000001,-0.008,0.055,0.0756
192708,0.0089,0.0706,0.30329999999999996,0.0362,-0.021099999999999997,0.0326,0.0227
192709,0.053,0.0012,0.1765,0.0349,-0.009899999999999999,0.08289999999999999,0.04979999999999999
192710,-0.0521,-0.0824,-0.1833,-0.0649,-0.0012,-0.0435,-0.0404
192711,0.11539999999999999,0.113,0.1941,0.0795,-0.013000000000000001,0.0633,0.0673
192712,0.029300000000000003,0.012,0.4056,0.0207,0.0765,0.022400000000000003,0.0231
192801,-0.0124,-0.0101,0.015300000000000001,0.0426,0.08289999999999999,0.0588,-0.0031999999999999993
192802,-0.0274,-0.0146,-0.09820000000000001,-0.0447,0.030299999999999997,-0.0077,-0.013599999999999998
192803,0.0638,0.2621,0.2483,0.060899999999999996,0.0375,0.0665,0.09079999999999999
192804,0.0348,0.024399999999999998,0.6183,0.0060999999999999995,0.0268,0.1096,0.044700000000000004
192805,0.0478,0.0176,0.19879999999999998,-0.0262,0.19820000000000002,0.015,0.0184
192806,-0.0317,-0.0567,-0.11689999999999999,-0.056100000000000004,-0.048799999999999996,-0.0344,-0.0459
192807,0.0040999999999999995,-0.0101,0.0554,-0.0232,-0.0271,-0.0123,0.0095
192808,0.076,0.12300000000000001,0.1422,0.049699999999999994,-0.0032,0.06480000000000001,0.0701
192809,0.0382,0.0028000000000000004,0.0599,-0.0125,-0.0022,0.0379,0.0314
192810,0.0213,0.021099999999999997,-0.059500000000000004,-0.0066,0.0192,-0.0191,0.0172
192811,0.158,0.235,0.43439999999999995,0.057699999999999994,0.0070999999999999995,0.22010000000000002,0.122
192812,0.0334,0.07139999999999999,0.0053,0.0151,0.0196,0.0154,0.0046
192901,0.12179999999999999,0.12789999999999999,0.0172,0.0073,0.0087,0.133,0.05
192902,0.0121,-0.0184,0.020099999999999996,0.0073,0.091,-0.0199,0.00019999999999999966
192903,-0.04190000000000001,0.0567,-0.0698,0.0209,-0.0024,-0.0318,-0.0051
192904,0.042300000000000004,0.0106,0.0695,-0.0149,0.17629999999999998,0.050199999999999995,0.0183
192905,-0.0969,0.0083,-0.13019999999999998,-0.0674,-0.0638,0.046799999999999994,-0.059399999999999994
192906,0.15259999999999999,0.19269999999999998,0.14300000000000002,0.1016,0.0347,0.2348,0.10219999999999999
192907,0.0554,0.10099999999999999,0.0629,0.0388,-0.025699999999999997,0.0917,0.048100000000000004
192908,0.1032,0.1338,-0.0111,0.043899999999999995,0.0049,0.0901,0.0854
192909,-0.057699999999999994,-0.1148,-0.2324,-0.0001,-0.014499999999999999,0.0092,-0.051000000000000004
192910,-0.2256,-0.30219999999999997,-0.40340000000000004,-0.12619999999999998,-0.0837,-0.29719999999999996,-0.1961
192911,-0.1386,-0.18350000000000002,-0.3002,-0.0329,-0.020099999999999996,-0.1537,-0.12499999999999999
192912,0.0327,0.1283,0.1447,0.0034999999999999996,0.09970000000000001,0.0816,0.0165
193001,0.08439999999999999,0.10949999999999999,0.0098,0.027999999999999997,0.003,0.0851,0.0575
193002,0.0473,0.0783,0.24609999999999999,0.012199999999999999,0.0736,0.08650000000000001,0.028
193003,0.052199999999999996,0.0916,0.281,-0.018000000000000002,0.021400000000000002,0.09849999999999999,0.07440000000000001
193004,0.0623,0.0297,-0.0548,-0.0702,0.0816,0.0331,-0.018399999999999996
193005,-0.0593,-0.049,-0.08349999999999999,-0.0453,0.0143,-0.0128,-0.014
193006,-0.1684,-0.2007,-0.2849,-0.1306,-0.042,-0.193,-0.15809999999999996
193007,0.030299999999999997,0.039900000000000005,0.0736,0.0356,0.0426,0.0408,0.0432
193008,0.0098,0.0163,-0.0078000000000000005,0.0091,-0.032400000000000005,0.011899999999999999,0.0039
193009,-0.16620000000000001,-0.20120000000000002,-0.306,-0.11199999999999999,-0.11349999999999999,-0.11939999999999999,-0.12589999999999998
193010,-0.1076,-0.1864,-0.1703,-0.0959,-0.21420000000000003,-0.08289999999999999,-0.08689999999999999
193011,-0.0062,-0.0361,-0.0677,0.071,-0.06860000000000001,-0.0876,-0.0291
193012,-0.0955,-0.12050000000000001,-0.1592,-0.1368,-0.1222,-0.0368,-0.0772
193101,0.0565,0.050499999999999996,0.22440000000000002,0.0779,-0.0302,0.056100000000000004,0.064
193102,0.11810000000000001,0.2506,0.2817,0.055999999999999994,0.1461,0.1531,0.1092
193103,-0.0827,-0.08,-0.102,-0.0716,0.0034999999999999996,-0.0286,-0.0622
193104,-0.15789999999999998,-0.1465,-0.1242,-0.18309999999999998,-0.1332,-0.0904,-0.09920000000000001
193105,-0.1912,-0.11470000000000001,-0.1247,-0.1848,-0.18309999999999998,-0.1117,-0.13199999999999998
193106,0.12390000000000001,0.1861,0.2426,0.2018,0.1383,0.1093,0.1401
193107,-0.1217,-0.10339999999999999,-0.107,-0.0828,-0.1384,-0.0541,-0.0657
193108,-0.0175,0.038,0.050199999999999995,-0.0735,-0.0053,0.0,0.0043
193109,-0.33409999999999995,-0.3456,-0.4054,-0.2531,-0.354,-0.29600000000000004,-0.28709999999999997
193110,0.0907,0.11869999999999999,0.1307,0.1325,0.0374,0.1048,0.0809
193111,-0.0732,-0.15869999999999998,-0.0371,-0.17489999999999997,-0.16870000000000002,-0.0481,-0.0897
193112,-0.1761,-0.1422,-0.1398,-0.1832,-0.16899999999999998,-0.1325,-0.13399999999999998
193201,0.016399999999999998,-0.1422,0.0969,0.1391,0.0255,-0.0253,-0.013400000000000002
193202,-0.0138,0.0859,-0.0337,0.0458,0.054000000000000006,0.0708,0.0568
193203,-0.12619999999999998,-0.1728,-0.297,-0.1696,-0.0978,-0.10400000000000001,-0.1114
193204,-0.2028,-0.2297,-0.135,-0.1613,-0.19079999999999997,-0.1565,-0.17830000000000001
193205,-0.21309999999999998,-0.33740000000000003,-0.2865,-0.2322,-0.20120000000000002,-0.2729,-0.20450000000000002
193206,-0.0579,0.1012,0.08539999999999999,0.1015,-0.0594,0.0146,-0.007500000000000001
193207,0.43689999999999996,0.5549000000000001,0.4117,0.47450000000000003,0.2773,0.2942,0.3363
193208,0.5213,0.5001,0.7237,0.32549999999999996,0.6096,0.4355,0.3715
193209,-0.0414,-0.0601,0.2626,0.0101,-0.08199999999999999,-0.04650000000000001,-0.029099999999999997
193210,-0.2238,-0.21309999999999998,-0.2125,-0.21280000000000002,-0.23739999999999997,-0.10830000000000001,-0.1313
193211,-0.0664,-0.09380000000000001,-0.1002,-0.0461,-0.0796,-0.0362,-0.0586
193212,0.0275,0.0735,0.2043,-0.0383,-0.08900000000000001,0.0915,0.0443
193301,0.0669,0.0033,-0.0178,0.2133,0.0403,-0.044000000000000004,0.012499999999999999
193302,-0.23370000000000002,-0.22440000000000002,-0.2702,-0.11,-0.2655,-0.1991,-0.15319999999999998
193303,0.23920000000000002,0.0717,0.09380000000000001,0.1539,-0.0055000000000000005,-0.1305,0.031000000000000003
193304,0.4868,0.5958,0.44439999999999996,0.5036,0.3721,0.2569,0.3891
193305,0.3053,0.1894,0.2366,0.26539999999999997,0.6062,0.193,0.2147
193306,0.1462,0.1011,0.0733,0.2636,0.12029999999999999,0.1559,0.1312
193307,-0.20079999999999998,-0.11359999999999999,-0.13390000000000002,-0.1776,-0.1949,-0.1349,-0.0962
193308,0.1974,0.13470000000000001,0.23129999999999998,0.2433,0.0664,-0.0124,0.12069999999999999
193309,-0.1574,-0.193,-0.2014,-0.11699999999999999,-0.3016,-0.19760000000000003,-0.10629999999999999
193310,-0.0537,-0.10890000000000001,-0.1324,-0.1365,-0.08220000000000001,-0.07519999999999999,-0.08349999999999999
193311,0.1338,0.12210000000000001,0.1746,0.102,0.0058,-0.024399999999999998,0.09990000000000002
193312,0.0225,0.0038,0.0144,0.11320000000000001,-0.0265,0.0106,0.0184
193401,0.1864,0.17329999999999998,0.5085999999999999,0.1305,0.36469999999999997,0.2054,0.1265
193402,-0.041100000000000005,-0.0819,-0.1925,-0.030600000000000002,-0.0668,-0.0175,-0.0249
193403,-0.0042,0.0647,0.0158,0.0006,-0.0385,-0.0181,0.0011
193404,-0.0405,-0.0441,-0.0868,0.0083,-0.07629999999999999,-0.037599999999999995,-0.0178
193405,-0.132,-0.0812,-0.0925,-0.14150000000000001,-0.1501,-0.0779,-0.0725
193406,0.025,0.0141,-0.0545,-0.026099999999999998,0.024700000000000003,0.0432,0.0272
193407,-0.18289999999999998,-0.1421,-0.18989999999999999,-0.1646,-0.2749,-0.1726,-0.1093
193408,0.1065,0.0717,0.0818,0.0004,0.12240000000000001,0.0203,0.055900000000000005
193409,0.026600000000000002,-0.008199999999999999,-0.06480000000000001,-0.0016,-0.0026,0.0161,-0.0023
193410,0.0182,-0.0472,-0.0416,0.0509,-0.15,-0.076,-0.0165
193411,0.2173,0.1558,0.2957,0.1728,0.0901,-0.0029,0.0834
193412,0.0837,0.0545,0.047400000000000005,-0.006,-0.1069,-0.0864,0.0036999999999999997
193501,-0.0083,0.026600000000000002,-0.0559,-0.013000000000000001,-0.0828,-0.0317,-0.034499999999999996
193502,0.0055000000000000005,-0.022400000000000003,-0.0767,-0.0897,-0.1757,-0.1219,-0.0194
193503,-0.0761,-0.0616,-0.0688,-0.0932,0.0406,0.12359999999999999,-0.037
193504,0.0993,0.0909,0.1475,-0.0789,0.1809,0.1115,0.0907
193505,0.0286,0.037000000000000005,-0.08070000000000001,0.0843,0.11699999999999999,0.1377,0.0347
193506,0.1201,0.091,0.0652,0.0819,0.0278,0.0913,0.0594
193507,0.15560000000000002,0.141,0.1375,0.1661,0.27940000000000004,0.09230000000000001,0.0755
193508,0.0229,0.0464,0.0882,-0.0767,0.1063,0.0723,0.0266
193509,0.058600000000000006,0.08410000000000001,0.0526,-0.1206,-0.1182,-0.0204,0.0263
193510,0.0823,0.0806,-0.003,0.12960000000000002,0.5009,0.1416,0.0704
193511,0.0536,0.0843,0.155,0.11939999999999999,-0.0558,0.0083,0.0489
193512,0.0378,0.044800000000000006,0.22399999999999998,0.057800000000000004,0.266,0.056299999999999996,0.0456
193601,0.08289999999999999,0.0741,0.0315,0.138,0.17670000000000002,0.12539999999999998,0.069
193602,0.0661,-0.0088,0.04019999999999999,0.0967,-0.059800000000000006,-0.066,0.025
193603,0.0779,-0.0055000000000000005,0.0933,-0.0726,0.10220000000000001,0.006500000000000001,0.0098
193604,-0.1074,-0.094,-0.1495,-0.1052,-0.1127,-0.08349999999999999,-0.0812
193605,0.08109999999999999,0.0678,0.11699999999999999,0.1247,0.11019999999999999,0.0953,0.0521
193606,0.0159,0.0086,-0.061399999999999996,0.0187,0.0008,0.0362,0.024300000000000002
193607,0.0147,0.145,0.1797,0.0635,0.0655,0.1159,0.0669
193608,0.0106,0.0425,-0.0192,0.07490000000000001,-0.0337,-0.0102,0.0101
193609,0.0405,-0.0242,0.0626,0.0613,-0.0212,-0.020499999999999997,0.0098
193610,0.0815,0.066,-0.0346,0.0129,0.08130000000000001,0.057300000000000004,0.0712
193611,0.057300000000000004,0.0557,0.0755,0.0759,0.22769999999999999,-0.028399999999999998,0.0327
193612,0.0513,0.0325,0.0259,0.0971,0.1678,-0.0163,0.002
193701,0.0431,0.1223,0.0576,0.044500000000000005,0.0458,0.026099999999999998,0.033600000000000005
193702,-0.0032,-0.0232,-0.0017000000000000001,0.0032,-0.0366,-0.0421,0.011000000000000001
193703,-0.0048,-0.0487,-0.0351,-0.0495,-0.1307,-0.0632,-0.0025
193704,-0.0356,-0.0767,-0.1422,-0.0908,-0.10099999999999999,-0.0748,-0.0733
193705,0.011399999999999999,-0.0098,-0.039900000000000005,0.0006,-0.1358,-0.053,-0.0077
193706,-0.034,-0.0055000000000000005,-0.015300000000000001,-0.0906,-0.0904,-0.0527,-0.042
193707,0.09759999999999999,0.096,0.10890000000000001,0.039,0.29719999999999996,0.19329999999999997,0.0894
193708,-0.04190000000000001,-0.0643,-0.0815,-0.0576,-0.1457,-0.102,-0.0486
193709,-0.1562,-0.15810000000000002,-0.2285,-0.2498,-0.2677,-0.1176,-0.13579999999999998
193710,-0.17079999999999998,-0.0701,-0.0718,-0.1421,-0.08800000000000001,-0.048,-0.0957
193711,-0.1283,-0.0194,-0.0731,-0.048,0.0935,0.0296,-0.0831
193712,-0.0431,-0.0333,0.2341,-0.008100000000000001,0.1812,-0.1073,-0.0429
193801,-0.030299999999999997,-0.035699999999999996,-0.0504,-0.046900000000000004,-0.1457,-0.0572,0.0048
193802,0.1167,0.0435,0.0484,0.1381,0.056799999999999996,0.0363,0.058499999999999996
193803,-0.2631,-0.3099,-0.22899999999999998,-0.3442,-0.3577,-0.1966,-0.2392
193804,0.1493,0.17170000000000002,0.3406,0.1859,0.3323,0.1478,0.1449
193805,-0.09359999999999999,-0.0349,-0.0478,-0.0873,-0.0706,0.0215,-0.038599999999999995
193806,0.34259999999999996,0.3105,0.1351,0.3937,0.35509999999999997,0.16949999999999998,0.2389
193807,0.051,0.04769999999999999,0.0992,0.0783,0.08900000000000001,0.0067,0.0732
193808,-0.0528,-0.0045000000000000005,-0.0479,-0.07690000000000001,-0.09369999999999999,-0.0553,-0.0268
193809,0.0083,0.022400000000000003,-0.009300000000000001,-0.0253,0.0063,0.0125,0.0085
193810,0.0801,0.12179999999999999,0.2945,0.20120000000000002,0.674,0.2109,0.0781
193811,-0.045,-0.0591,0.0736,0.008,-0.1784,-0.0702,-0.018
193812,0.0371,0.029900000000000003,0.13449999999999998,0.15460000000000002,0.2007,0.0395,0.0416
193901,-0.0959,-0.0791,-0.1048,-0.1229,-0.1348,0.0121,-0.0598
193902,0.064,0.038599999999999995,0.0323,0.052300000000000006,0.047599999999999996,0.08789999999999999,0.0352
193903,-0.1726,-0.1794,-0.2022,-0.2894,-0.36229999999999996,-0.1366,-0.1204
193904,-0.01,-0.0053,0.0559,0.0038,0.0263,0.030299999999999997,-0.0018
193905,0.092,0.0719,0.0848,0.099,0.1655,0.066,0.0682
193906,-0.0877,-0.09,-0.099,-0.1106,-0.1637,-0.0355,-0.0532
193907,0.1125,0.1625,0.1185,0.14529999999999998,0.235,0.1272,0.10220000000000001
193908,-0.1048,-0.08380000000000001,-0.1396,-0.0872,-0.1678,-0.0604,-0.0669
193909,0.3506,0.185,0.387,0.6336999999999999,0.2841,0.036000000000000004,0.16899999999999998
193910,-0.0527,-0.03,0.1329,-0.0839,0.0279,0.0212,-0.0053
193911,-0.0762,-0.0323,-0.08289999999999999,-0.1379,-0.1707,-0.015,-0.0365
193912,0.057800000000000004,0.046900000000000004,0.08529999999999999,0.0322,0.0332,0.029500000000000002,0.029300000000000003
194001,-0.0616,-0.049699999999999994,-0.0268,-0.1245,-0.09380000000000001,-0.0005,-0.0241
194002,0.0092,-0.0007000000000000001,0.0297,0.0089,-0.03,-0.0125,0.0144
194003,0.0329,0.0437,0.0282,0.0034000000000000002,0.0189,0.0175,0.020499999999999997
194004,0.0017000000000000001,-0.022400000000000003,-0.0021,-0.0053,-0.061200000000000004,-0.0134,0.0022
194005,-0.2396,-0.21289999999999998,-0.17350000000000002,-0.24050000000000002,-0.3804,-0.20010000000000003,-0.2202
194006,0.0632,0.056600000000000004,-0.1063,0.10490000000000001,0.3691,0.1747,0.0669
194007,0.0571,0.0608,0.058600000000000006,0.0281,-0.038,0.0008,0.0318
194008,0.015600000000000001,0.0259,0.0621,0.015300000000000001,-0.0029,-0.0105,0.022
194009,0.0694,0.0384,-0.0015,0.08529999999999999,0.0196,-0.0219,0.0239
194010,0.08689999999999999,0.0194,0.0519,0.0633,0.1243,0.0383,0.030299999999999997
194011,0.0032,-0.0434,0.028900000000000002,0.0146,-0.1032,-0.1311,-0.0165
194012,0.0089,0.0007000000000000001,-0.0064,0.0166,-0.0005,0.0177,0.0069
194101,-0.061,-0.027000000000000003,-0.0675,-0.0698,-0.09910000000000001,-0.0218,-0.0419
194102,-0.025699999999999997,-0.0024,-0.0055000000000000005,-0.0268,-0.038,-0.011899999999999999,-0.0144
194103,0.0038,-0.0079,0.001,0.0342,-0.0048,-0.0334,0.008499999999999999
194104,-0.0757,-0.0932,-0.0478,-0.08220000000000001,-0.14,-0.09630000000000001,-0.054700000000000006
194105,0.0436,-0.0096,0.044199999999999996,0.08410000000000001,-0.0066,-0.0447,0.0137
194106,0.0605,0.1183,0.052199999999999996,0.060700000000000004,0.0412,0.039,0.0583
194107,0.08560000000000001,0.0028000000000000004,0.0958,0.057300000000000004,0.327,0.0533,0.059000000000000004
194108,-0.0011,0.0138,0.0183,-0.0287,-0.054000000000000006,-0.020499999999999997,-0.0016
194109,-0.0279,-0.0202,-0.0301,-0.053099999999999994,-0.1168,-0.0285,-0.008700000000000001
194110,-0.0735,-0.1242,-0.04,-0.0799,-0.1048,-0.0973,-0.0526
194111,-0.031,-0.0236,0.0161,-0.0374,0.020099999999999996,-0.0673,-0.0195
194112,0.0088,0.005,0.0026,0.024700000000000003,-0.1364,-0.0751,-0.04869999999999999
194201,0.042300000000000004,0.025,-0.06480000000000001,0.0495,0.0384,0.0405,0.008100000000000001
194202,-0.0258,-0.0282,0.0118,-0.01,-0.0473,-0.0248,-0.0245
194203,-0.06309999999999999,-0.0639,-0.018799999999999997,-0.0453,-0.07730000000000001,-0.122,-0.0659
194204,-0.049800000000000004,-0.04,-0.114,-0.08839999999999999,-0.045899999999999996,-0.0346,-0.0436
194205,0.0394,0.0843,-0.0447,-0.0235,0.0644,0.0839,0.0599
194206,0.0366,0.0286,0.009899999999999999,-0.0254,0.028900000000000002,0.0166,0.027
194207,0.0326,0.013300000000000001,0.044800000000000006,0.06480000000000001,0.0452,-0.004699999999999999,0.0354
194208,-0.0021,0.0181,0.0584,0.0416,-0.049800000000000004,0.008100000000000001,0.018300000000000004
194209,0.036000000000000004,0.053099999999999994,0.0451,0.0255,0.1257,0.058600000000000006,0.026500000000000003
194210,0.07519999999999999,0.071,0.0718,0.07339999999999999,0.1942,0.1519,0.06849999999999999
194211,-0.0121,0.0096,-0.10800000000000001,-0.0768,0.0313,-0.0132,0.0015999999999999999
194212,0.0819,0.06709999999999999,0.0176,0.0526,0.0579,0.0436,0.051699999999999996
194301,0.0548,0.1192,0.1033,0.12390000000000001,0.2305,0.14730000000000001,0.0716
194302,0.0791,0.0464,0.0823,0.1054,0.22899999999999998,0.0796,0.061900000000000004
194303,0.0706,0.0755,0.0949,0.11019999999999999,0.08109999999999999,0.047,0.0606
194304,-0.0083,0.013600000000000001,0.011000000000000001,-0.0288,0.055,0.0403,0.008400000000000001
194305,0.0332,0.0613,0.0108,0.155,0.051100000000000007,0.0455,0.0577
194306,0.0495,0.0334,-0.0335,-0.0159,-0.0058,0.042,0.018500000000000003
194307,-0.0797,-0.0866,-0.1222,-0.1293,-0.1295,-0.005,-0.0475
194308,0.0192,0.0076,-0.0087,0.0109,-0.0152,0.0184,0.013300000000000001
194309,0.024300000000000002,0.0576,0.0037,0.0151,0.0318,0.0387,0.024300000000000002
194310,-0.012199999999999999,-0.0404,-0.0066,0.0381,0.034300000000000004,0.005699999999999999,-0.0112
194311,-0.0726,-0.0687,-0.1329,-0.0794,-0.10710000000000001,-0.084,-0.059
194312,0.1152,0.0805,0.0926,0.1378,0.069,0.07429999999999999,0.064
194401,0.020499999999999997,0.0084,0.0371,0.0545,0.08349999999999999,-0.0032,0.0177
194402,-0.0027,-0.029900000000000003,0.0331,0.0070999999999999995,-0.023700000000000002,0.0151,0.004
194403,0.0146,0.0332,-0.005699999999999999,0.0111,0.0181,0.0178,0.0248
194404,-0.0285,-0.012199999999999999,-0.0455,-0.034,-0.0604,-0.0088,-0.016599999999999997
194405,0.07339999999999999,0.0322,0.0252,0.0929,0.061,0.0278,0.0511
194406,0.0718,0.0843,0.0788,0.0711,0.2648,0.0492,0.0554
194407,-0.0178,-0.0177,-0.0208,0.0005,-0.0716,0.002,-0.0146
194408,0.036699999999999997,0.0174,0.052199999999999996,0.0489,0.08130000000000001,0.0366,0.0159
194409,-0.0012,-0.006999999999999999,0.09939999999999999,0.018500000000000003,-0.0039000000000000003,-0.0152,0.0004
194410,-0.016399999999999998,0.0089,0.014199999999999999,-0.0181,-0.0018,0.0134,0.0019
194411,0.0196,0.016200000000000003,0.0315,0.0425,0.0329,-0.004,0.017400000000000002
194412,0.045700000000000005,0.05,0.0584,0.0649,0.122,0.031200000000000002,0.0406
194501,0.0345,0.008,0.0038,0.0069,0.0564,0.056900000000000006,0.020399999999999998
194502,0.0557,0.0783,0.0932,0.0858,0.154,0.061200000000000004,0.0625
194503,-0.051699999999999996,-0.0404,-0.07429999999999999,-0.0444,-0.1389,-0.0311,-0.038900000000000004
194504,0.1069,0.0906,0.0528,0.0726,0.1191,0.1012,0.0783
194505,0.009399999999999999,0.0169,0.024700000000000003,-0.009300000000000001,-0.013500000000000002,0.0189,0.0177
194506,-0.0066,-0.022799999999999997,0.1356,0.0127,0.12050000000000001,0.0516,0.0041
194507,-0.0354,-0.0125,-0.0761,-0.0322,-0.0394,-0.0034000000000000002,-0.0214
194508,0.08900000000000001,0.10949999999999999,0.0329,0.10710000000000001,0.0742,0.0103,0.0625
194509,0.0447,0.0219,0.042800000000000005,0.0385,0.1431,0.0659,0.047999999999999994
194510,0.027000000000000003,-0.020099999999999996,0.0553,0.0195,0.0464,0.061900000000000004,0.039200000000000006
194511,0.0649,0.023799999999999998,0.0761,0.0425,0.2859,0.0481,0.054200000000000005
194512,0.008,0.0276,0.045899999999999996,0.037000000000000005,-0.0593,-0.0109,0.012199999999999999
194601,0.055999999999999994,0.0629,0.08900000000000001,0.0864,0.1506,0.1093,0.0627
194602,-0.0803,-0.0781,-0.06849999999999999,-0.0774,-0.12359999999999999,-0.0574,-0.0581
194603,0.050199999999999995,-0.0060999999999999995,0.0008,0.0273,0.0334,0.0629,0.0591
194604,0.0373,-0.0103,-0.0673,0.035,0.0815,0.0434,0.042600000000000006
194605,0.0701,0.0588,0.046799999999999994,0.042800000000000005,-0.0278,0.0304,0.0397
194606,-0.0482,-0.051,-0.065,-0.0479,-0.0757,-0.027999999999999997,-0.0386
194607,-0.0552,-0.037599999999999995,-0.0242,-0.0596,-0.0172,-0.0363,-0.0266
194608,-0.08990000000000001,-0.08039999999999999,-0.0365,-0.0661,-0.1189,-0.0537,-0.06430000000000001
194609,-0.12240000000000001,-0.1079,-0.10279999999999999,-0.132,-0.106,-0.0897,-0.1015
194610,-0.035,-0.0395,-0.0866,-0.0017000000000000001,0.0371,0.014199999999999999,-0.0141
194611,-0.0103,-0.052000000000000005,-0.050499999999999996,-0.003,0.0,0.008,9.999999999999996e-05
194612,0.0717,0.048799999999999996,0.041299999999999996,0.0482,-0.0171,0.060899999999999996,0.049999999999999996
194701,0.034,0.07339999999999999,0.024700000000000003,0.0731,0.044199999999999996,-0.0014000000000000002,0.0128
194702,-0.0037,-0.0294,-0.012199999999999999,-0.0064,-0.0089,-0.009000000000000001,-0.0106
194703,0.0005,-0.04,-0.0274,-0.028399999999999998,-0.0335,-0.0279,-0.016499999999999997
194704,-0.0767,-0.0499,-0.1014,-0.06849999999999999,-0.1383,-0.037599999999999995,-0.0477
194705,-0.0155,0.0045000000000000005,-0.0876,-0.0191,-0.0672,-0.0248,-0.0093
194706,0.08960000000000001,0.04650000000000001,0.010700000000000001,0.042800000000000005,0.056900000000000006,0.0395,0.0533
194707,0.0368,0.0691,0.0242,0.04190000000000001,0.0756,0.025099999999999997,0.0416
194708,-0.0235,-0.0368,0.0348,-0.0096,-0.0336,0.0024,-0.017099999999999997
194709,0.0274,0.0123,0.051100000000000007,-0.0111,-0.0207,-0.013300000000000001,-0.0048000000000000004
194710,0.043899999999999995,0.0158,0.0002,0.0154,0.042199999999999994,0.0015,0.025300000000000003
194711,-0.0075,-0.0176,-0.0040999999999999995,-0.0239,-0.0932,-0.07629999999999999,-0.0193
194712,0.032799999999999996,0.0331,-0.006,0.0338,0.0934,0.0118,0.030899999999999997
194801,-0.034300000000000004,-0.0404,0.08039999999999999,-0.0356,0.0757,-0.0022,-0.0386
194802,-0.0596,-0.0504,-0.0383,-0.0636,-0.0467,-0.0359,-0.0431
194803,0.09480000000000001,0.1192,0.2032,0.11689999999999999,0.019299999999999998,0.0676,0.08199999999999999
194804,0.035699999999999996,-0.0158,0.0359,0.0104,0.0691,0.0151,0.0373
194805,0.0794,0.1702,0.0297,0.0429,0.1109,0.0575,0.074
194806,-0.0151,-0.0067,-0.0455,-0.0342,0.13390000000000002,0.024900000000000002,-0.0002000000000000001
194807,-0.0726,-0.0736,0.017,-0.053200000000000004,-0.0906,-0.0414,-0.049999999999999996
194808,-0.015300000000000001,0.0124,-0.0007000000000000001,0.011899999999999999,0.0416,0.001,0.0033
194809,-0.045599999999999995,-0.0236,-0.0079,-0.0317,-0.0575,-0.0092,-0.029500000000000002
194810,0.0599,0.0779,0.0384,0.0073,0.1432,0.044500000000000005,0.06
194811,-0.1091,-0.11810000000000001,-0.1329,-0.1423,-0.18710000000000002,-0.0909,-0.093
194812,0.0213,0.0692,0.0368,0.0092,0.028300000000000002,0.026600000000000002,0.032999999999999995
194901,-0.015300000000000001,-0.03,0.0199,0.0078000000000000005,0.001,0.047599999999999996,0.0033
194902,-0.0355,-0.0584,0.0066,-0.054299999999999994,-0.0409,0.0067,-0.0284
194903,0.0571,0.0571,0.075,0.0696,0.1013,0.038,0.0415
194904,-0.0397,-0.041100000000000005,-0.061900000000000004,-0.0349,0.0179,0.012199999999999999,-0.0178
194905,-0.0308,-0.0593,-0.048499999999999995,-0.08470000000000001,-0.065,-0.0059,-0.0288
194906,0.03,0.0023,-0.0108,0.0043,0.049699999999999994,-0.0101,0.002
194907,0.0507,0.0708,0.0253,0.0487,0.08109999999999999,0.0472,0.056299999999999996
194908,0.026600000000000002,0.0087,0.0024,0.0052,0.0118,0.0368,0.0268
194909,0.032799999999999996,0.0352,0.054299999999999994,0.0173,0.1085,0.0406,0.031799999999999995
194910,0.029500000000000002,0.026600000000000002,0.0444,0.0213,0.018799999999999997,0.0131,0.0323
194911,-0.0038,0.0404,-0.0003,-0.011399999999999999,0.032799999999999996,0.032799999999999996,0.0189
194912,0.0588,0.0934,0.0906,0.049100000000000005,0.1607,0.0325,0.05229999999999999
195001,0.016399999999999998,0.054400000000000004,0.053,0.048499999999999995,0.0599,0.0375,0.017900000000000003
195002,0.0037,0.0437,0.087,0.0151,0.0104,0.024,0.015700000000000002
195003,-0.011200000000000002,0.0407,-0.030899999999999997,-0.0356,-0.014499999999999999,0.005600000000000001,0.013600000000000001
195004,0.0275,0.06709999999999999,0.16010000000000002,0.0208,0.0416,0.009399999999999999,0.040299999999999996
195005,0.0412,0.0034999999999999996,-0.0381,0.0391,0.0092,0.0183,0.0442
195006,-0.0587,-0.078,-0.0305,-0.08380000000000001,-0.1317,-0.07690000000000001,-0.0586
195007,0.049400000000000006,-0.0159,0.1592,0.201,-0.0365,-0.052300000000000006,0.014700000000000001
195008,0.045899999999999996,0.039,-0.0313,-0.0046,0.0719,0.0345,0.049600000000000005
195009,0.0709,0.046799999999999994,-0.018500000000000003,0.0189,0.0641,0.0453,0.0492
195010,-0.0077,-0.0139,-0.0002,0.0599,-0.06309999999999999,-0.0075,-0.0007000000000000001
195011,0.031400000000000004,0.0052,0.0858,0.0278,0.019299999999999998,-0.011899999999999999,0.0285
195012,0.1002,0.0508,0.1307,0.0836,0.0673,0.0361,0.056799999999999996
195101,0.0639,0.10439999999999999,0.0192,0.0518,0.1018,0.050499999999999996,0.058300000000000005
195102,0.0171,0.013000000000000001,0.0308,-0.0062,0.1003,0.0313,0.015
195103,-0.0453,-0.003,-0.0857,-0.0677,-0.0747,-0.013999999999999999,-0.0205
195104,0.046799999999999994,0.028999999999999998,0.0536,0.057300000000000004,0.0276,0.0022,0.04990000000000001
195105,-0.0258,-0.0339,-0.033,-0.0171,-0.0026,-0.0004,-0.0224
195106,-0.0493,-0.0168,-0.0894,-0.085,-0.07490000000000001,-0.0042,-0.0251
195107,0.0659,0.050199999999999995,0.1069,0.0855,0.0365,0.053099999999999994,0.0708
195108,0.0473,0.0729,0.0499,0.0208,0.012,0.0213,0.0442
195109,0.018500000000000003,0.0354,0.0464,0.0239,0.0967,0.013300000000000001,0.008199999999999999
195110,-0.023700000000000002,-0.0644,-0.0171,-0.013300000000000001,-0.0106,0.006999999999999999,-0.0237
195111,0.0171,0.0192,-0.026000000000000002,-0.0022,-0.004,0.0166,0.0069
195112,0.0379,0.0481,0.0195,0.0026,0.0371,0.032799999999999996,0.0345
195201,0.006999999999999999,-0.0109,0.0447,0.0148,0.0297,0.0308,0.016
195202,-0.0253,-0.038599999999999995,-0.0449,-0.022799999999999997,0.0319,0.0069,-0.0252
195203,0.0316,0.0775,0.0106,0.019299999999999998,0.0344,0.0223,0.0455
195204,-0.0446,-0.0378,-0.0652,-0.0038,-0.0111,-0.018000000000000002,-0.048499999999999995
195205,0.0291,0.030699999999999998,0.0735,0.021400000000000002,0.038,0.029900000000000003,0.0333
195206,0.018600000000000002,0.0667,0.073,0.0278,0.0683,0.011000000000000001,0.0399
195207,0.038900000000000004,0.0144,0.0044,0.011699999999999999,0.0075,0.0203,0.0106
195208,-0.020499999999999997,-0.0007000000000000001,0.0121,-0.0134,0.0219,0.0182,-0.006200000000000001
195209,-0.017,0.0227,-0.0178,-0.013000000000000001,-0.063,0.0033,-0.0188
195210,-0.02,-0.0059,0.0174,-0.0118,0.0031,0.0034000000000000002,-0.0052
195211,0.0729,0.10550000000000001,0.051399999999999994,0.0674,0.0313,0.0509,0.0606
195212,0.0236,0.0253,0.032400000000000005,0.0069,0.019,0.020099999999999996,0.030900000000000004
195301,-0.0016,-0.0334,0.0782,0.0408,-0.0048,0.0092,-0.0018000000000000002
195302,-0.006999999999999999,0.0034000000000000002,0.0147,0.019299999999999998,0.0032,0.0051,-0.0013
195303,-0.0072,-0.0165,-0.0572,-0.0158,-0.016399999999999998,0.0015,-0.0126
195304,-0.0177,0.008100000000000001,-0.042300000000000004,-0.038599999999999995,-0.0281,-0.0296,-0.0267
195305,-0.004,0.009899999999999999,0.0269,0.037200000000000004,0.0144,-0.0014000000000000002,0.0068000000000000005
195306,-0.0416,-0.0187,-0.0301,-0.039900000000000005,-0.0461,-0.0282,-0.0171
195307,0.0062,0.0242,-0.0032,0.006500000000000001,0.0182,0.0341,0.025500000000000002
195308,-0.0644,-0.0603,-0.022400000000000003,-0.0513,-0.0408,-0.0036,-0.043899999999999995
195309,0.0043,0.050300000000000004,0.039599999999999996,-0.0401,0.018799999999999997,0.016399999999999998,0.0037
195310,0.0433,0.0861,0.0604,0.053399999999999996,0.0433,0.0447,0.0473
195311,0.0308,0.069,0.056100000000000004,0.0394,0.036000000000000004,0.03,0.029199999999999997
195312,-0.0024,-0.0069,0.031400000000000004,-0.0089,-0.0393,0.0069,0.0015
195401,0.0809,0.07150000000000001,0.08259999999999999,0.0737,0.0639,0.0332,0.052399999999999995
195402,0.025,0.055,0.0718,0.031200000000000002,-0.0034000000000000002,0.0159,0.0174
195403,0.0175,0.0713,0.1625,0.035699999999999996,0.0327,0.0296,0.0374
195404,0.0537,0.1245,0.0,0.0131,0.0458,0.0125,0.04359999999999999
195405,0.0467,-0.0345,0.07400000000000001,0.060899999999999996,0.0337,0.0264,0.0315
195406,0.022099999999999998,0.1308,0.0408,0.027000000000000003,0.027999999999999997,0.0129,0.0114
195407,0.0507,-0.013300000000000001,0.1597,0.0704,0.0584,0.0542,0.0505
195408,-0.029900000000000003,-0.0524,0.028300000000000002,-0.0218,-0.0703,-0.0173,-0.023
195409,0.0571,0.0735,0.028900000000000002,0.0304,-0.011899999999999999,0.020099999999999996,0.0649
195410,0.017,-0.0277,0.0072,-0.0085,-0.0105,-0.0381,-0.016
195411,0.098,0.09849999999999999,0.0926,0.1097,0.0537,0.056799999999999996,0.0947
195412,0.062,0.0424,0.1757,0.0833,0.1091,0.0354,0.055700000000000006
195501,0.0001,0.044000000000000004,0.0907,0.0795,-0.0067,0.0146,0.0068000000000000005
195502,0.042199999999999994,0.0452,0.027200000000000002,0.0634,0.0424,0.0364,0.031100000000000003
195503,0.0052,-0.032,-0.0737,0.09939999999999999,-0.026000000000000002,-0.0074,-0.0005
195504,0.0167,0.0425,-0.0688,-0.0877,-0.0001,0.0256,0.0321
195505,-0.0095,-0.0039000000000000003,-0.0038,-0.011200000000000002,-0.0046,-0.0015,0.010799999999999999
195506,0.0482,0.032,-0.016200000000000003,0.0262,0.0001,0.0167,0.0665
195507,-0.0039000000000000003,-0.0321,-0.0144,-0.029300000000000003,0.0043,0.0368,0.0199
195508,0.0027,0.021,0.0953,0.0158,0.027999999999999997,0.0005,0.0038000000000000004
195509,-0.0015,-0.0581,-0.024399999999999998,-0.029900000000000003,-0.0183,-0.0268,-0.0021000000000000003
195510,-0.019299999999999998,-0.061900000000000004,0.0483,-0.015300000000000001,0.045700000000000005,-0.009399999999999999,-0.0249
195511,0.0911,0.1225,0.1182,0.1085,0.0369,0.034,0.0721
195512,0.0404,0.0641,0.0821,0.06309999999999999,0.0282,-0.0012,0.0167
195601,-0.0415,-0.0571,-0.0684,-0.0555,0.0015,-0.0034000000000000002,-0.028099999999999997
195602,0.055999999999999994,0.0611,0.0463,0.019,-0.051699999999999996,0.0194,0.0397
195603,0.0438,0.08650000000000001,-0.0068000000000000005,0.0327,0.011000000000000001,0.0377,0.0679
195604,0.0288,-0.0256,0.0345,-0.004,-0.0021,-0.0218,0.0047
195605,-0.0277,-0.0756,-0.0565,-0.0358,-0.0227,-0.0073,-0.0499
195606,0.0633,0.0519,0.0415,0.0318,0.0441,0.0236,0.0367
195607,0.0874,0.0533,0.0451,0.08990000000000001,0.0735,0.0524,0.0506
195608,-0.035699999999999996,-0.0304,0.085,-0.0148,-0.0384,-0.024900000000000002,-0.030199999999999998
195609,-0.031400000000000004,-0.0688,-0.0496,-0.0426,-0.0412,-0.0387,-0.04959999999999999
195610,0.034300000000000004,0.0333,0.0446,0.0196,0.0208,0.0113,0.0077
195611,0.0194,-0.0138,0.0291,0.08310000000000001,0.058600000000000006,0.0040999999999999995,0.0055
195612,0.0664,0.0381,0.0371,0.0426,0.061399999999999996,0.0182,0.034
195701,-0.02,-0.07769999999999999,-0.0337,0.0179,0.0075,0.0263,-0.032999999999999995
195702,-0.0216,0.0049,-0.09119999999999999,-0.009000000000000001,-0.017,-0.003,-0.0183
195703,0.0189,0.0538,-0.0078000000000000005,0.0098,0.0478,0.0169,0.0236
195704,0.0292,0.0784,-0.0011,0.0605,0.0791,0.0316,0.0451
195705,0.0255,0.0446,0.0006,-0.0124,0.021,0.0225,0.0372
195706,-0.0233,0.0282,-0.060599999999999994,-0.04769999999999999,-0.04190000000000001,-0.0512,-0.0051
195707,-0.018600000000000002,0.011399999999999999,-0.0527,-0.0003,0.015700000000000002,0.0001,0.009600000000000001
195708,-0.056900000000000006,-0.0652,-0.008,-0.025699999999999997,-0.060599999999999994,-0.0258,-0.0487
195709,-0.0729,-0.0669,-0.0981,-0.095,-0.061799999999999994,-0.0174,-0.057300000000000004
195710,-0.0643,-0.023,-0.0466,-0.0258,-0.071,-0.006999999999999999,-0.0403
195711,-0.0163,0.0819,0.1613,0.051,0.1165,0.044000000000000004,0.0259
195712,-0.07440000000000001,-0.0472,-0.063,-0.0481,-0.08810000000000001,0.0256,-0.0366
195801,0.1066,0.0351,0.0425,0.0733,0.1932,0.060599999999999994,0.04930000000000001
195802,-0.034,-0.0374,-0.0263,-0.0086,-0.0392,0.0129,-0.014100000000000001
195803,0.0393,0.0091,0.0067,-0.0018,0.0784,0.0207,0.0336
195804,0.0277,-0.0151,0.0557,0.0028000000000000004,-0.0179,0.0495,0.0317
195805,0.030699999999999998,0.0227,0.0641,0.0301,0.0011,0.014499999999999999,0.0243
195806,0.031200000000000002,0.0166,0.0206,0.009000000000000001,0.018600000000000002,0.0219,0.029600000000000005
195807,0.08439999999999999,0.0484,0.0574,0.06509999999999999,0.0154,0.011200000000000002,0.044599999999999994
195808,0.0369,0.021400000000000002,0.0013,0.0116,-0.0031,-0.01,0.0194
195809,0.042,0.0567,-0.015600000000000001,0.0167,0.0567,0.0346,0.0485
195810,0.032400000000000005,0.04019999999999999,0.0712,0.0401,0.09179999999999999,0.042800000000000005,0.0271
195811,0.042,0.0391,-0.0104,0.0287,0.0809,0.0296,0.0312
195812,0.0286,0.11470000000000001,0.001,0.0431,-0.0297,0.0594,0.0538
195901,0.0127,-0.0068000000000000005,0.0148,-0.0231,0.08,0.0125,0.0092
195902,0.029900000000000003,0.0454,0.0649,0.0333,0.0296,0.0126,0.0114
195903,-0.0022,0.0315,0.047,0.013500000000000002,-0.0204,0.016399999999999998,0.005000000000000001
195904,0.0401,0.0706,0.031200000000000002,-0.022799999999999997,-0.039599999999999996,-0.0113,0.0386
195905,0.0455,0.0121,0.029900000000000003,-0.0062,-0.0029,-0.011000000000000001,0.0195
195906,0.0434,-0.0092,-0.0542,-0.015,0.0007000000000000001,-0.0223,0.0
195907,0.0212,0.005699999999999999,-0.0037,0.0196,0.0072,0.0382,0.034300000000000004
195908,-0.0207,-0.0233,-0.14029999999999998,-0.0304,-0.0268,0.0134,-0.011899999999999999
195909,-0.0716,-0.0462,-0.054900000000000004,-0.053,-0.084,-0.0435,-0.045
195910,0.0172,0.0579,0.0655,-0.022799999999999997,0.0143,0.0089,0.0158
195911,0.0004,0.10369999999999999,0.1388,0.0538,0.0048,0.004,0.0186
195912,0.0345,0.0591,-0.06480000000000001,0.0049,0.0526,0.021400000000000002,0.028
196001,-0.040999999999999995,-0.1199,-0.0581,-0.0197,-0.0242,-0.0208,-0.0665
196002,-0.0184,0.0538,0.020499999999999997,0.0296,0.0108,0.0277,0.014499999999999999
196003,-0.0323,-0.005,-0.0951,-0.040999999999999995,-0.0084,0.0175,-0.012799999999999999
196004,-0.0392,-0.0106,-0.005600000000000001,-0.026000000000000002,-0.0941,0.0138,-0.0152
196005,0.011899999999999999,0.0666,0.10529999999999999,0.0738,-0.07490000000000001,0.015,0.0339
196006,0.0187,0.0006,0.0016,0.0171,0.016399999999999998,0.057699999999999994,0.0232
196007,-0.0375,-0.0683,0.0371,-0.0235,-0.0282,-0.010700000000000001,-0.022400000000000003
196008,0.0095,-0.0088,0.10619999999999999,-0.015300000000000001,0.0034000000000000002,0.0432,0.0317
196009,-0.0555,-0.1032,-0.0816,-0.0968,-0.0487,-0.0449,-0.0584
196010,-0.012199999999999999,-0.0335,0.0129,0.0087,-0.0483,-0.0034000000000000002,-0.0049
196011,0.08410000000000001,0.0533,0.0832,0.061200000000000004,0.1193,0.0374,0.04820000000000001
196012,0.049400000000000006,0.011699999999999999,0.0298,0.0141,0.0481,0.0636,0.0489
196101,0.0611,-0.0040999999999999995,0.0559,0.0962,0.1533,0.0496,0.0639
196102,0.0917,-0.0015,0.0808,0.0084,0.0718,0.0363,0.037099999999999994
196103,0.017,0.0318,0.0232,-0.0023,0.07980000000000001,0.0202,0.030900000000000004
196104,-0.0215,-0.0236,0.0325,-0.014199999999999999,0.0226,0.018600000000000002,0.0046
196105,0.0481,0.04650000000000001,0.0269,0.0115,0.0669,0.0239,0.0258
196106,-0.0296,-0.0371,-0.0387,-0.0089,-0.0762,-0.0187,-0.0288
196107,0.0129,0.0336,0.0464,0.0182,0.0075,0.0287,0.030100000000000002
196108,0.017,0.0338,-0.006999999999999999,-0.0075,0.0274,0.0381,0.0271
196109,-0.0436,-0.012199999999999999,-0.069,-0.0395,-0.0604,0.0141,-0.019799999999999998
196110,0.0075,-0.0176,-0.0545,-0.0388,0.0454,0.053099999999999994,0.0277
196111,0.028900000000000002,0.058899999999999994,0.029500000000000002,0.0449,0.052000000000000005,0.0342,0.046000000000000006
196112,0.0032,-0.0118,0.005600000000000001,-0.001,-0.0147,-0.042,0.00019999999999999987
196201,-0.0038,-0.0223,0.0702,0.0576,-0.0108,-0.0259,-0.0363
196202,0.0182,-0.0025,-0.0335,-0.025099999999999997,0.0311,0.0263,0.0201
196203,-0.0163,0.0144,-0.0353,-0.0275,-0.0264,0.0196,-0.0048000000000000004
196204,-0.0771,-0.0999,-0.10369999999999999,-0.0886,-0.1048,-0.0279,-0.0637
196205,-0.0791,-0.08529999999999999,-0.039900000000000005,-0.0933,-0.1444,-0.1047,-0.0842
196206,-0.0819,-0.10400000000000001,-0.0683,-0.0858,-0.0756,-0.051100000000000007,-0.083
196207,0.0431,0.0973,0.1149,0.0429,0.1052,0.0739,0.06539999999999999
196208,0.022099999999999998,0.0392,0.061799999999999994,-0.009399999999999999,0.0242,0.0315,0.0236
196209,-0.061900000000000004,-0.0784,-0.0663,-0.0333,-0.0562,-0.0287,-0.0501
196210,-0.0003,0.024300000000000002,0.0101,0.0253,-0.0639,-0.0109,0.0021
196211,0.133,0.1418,0.096,0.1727,0.1092,0.0765,0.11090000000000001
196212,0.0060999999999999995,0.0075,-0.025,-0.005,-0.0011,0.0348,0.0124
196301,0.0761,0.049699999999999994,0.0106,0.0161,0.0536,0.0525,0.05190000000000001
196302,-0.0259,-0.0637,-0.0176,0.0129,-0.027200000000000002,-0.0146,-0.0217
196303,0.0291,0.0143,-0.015300000000000001,0.051100000000000007,0.0054,0.0179,0.033100000000000004
196304,0.0338,0.0592,0.0381,0.022400000000000003,0.0978,0.023700000000000002,0.0476
196305,0.060899999999999996,0.0471,-0.016,0.009000000000000001,-0.015,0.0104,0.02
196306,-0.0149,-0.0265,-0.0096,-0.011000000000000001,-0.0454,-0.0113,-0.0177
196307,-0.03,-0.025,-0.036000000000000004,-0.0271,0.0155,0.008100000000000001,-0.0012000000000000001
196308,0.049,0.0518,0.0281,0.034,0.0354,0.0412,0.0533
196309,-0.0273,-0.0176,-0.052199999999999996,-0.0256,-0.042300000000000004,-0.024900000000000002,-0.013000000000000001
196310,0.04019999999999999,-0.0046,0.0281,0.0053,-0.0064,-0.0067,0.0283
196311,-0.0064,-0.0169,0.0559,0.0404,-0.021400000000000002,-0.0106,-0.0059
196312,0.019299999999999998,-0.0253,-0.06269999999999999,0.003,-0.0263,0.0241,0.0212
196401,0.0353,-0.028900000000000002,0.0373,0.038900000000000004,0.0202,0.0139,0.025400000000000002
196402,0.0344,0.049699999999999994,0.0617,0.0105,0.0233,0.0087,0.018099999999999998
196403,0.064,0.0356,0.0195,0.0176,0.0524,-0.0074,0.0172
196404,-0.0009,-0.0447,-0.047,-0.0139,0.006500000000000001,0.0105,0.0039
196405,0.022099999999999998,-0.0144,0.0716,0.023700000000000002,0.0265,0.0084,0.0167
196406,0.0353,-0.001,0.026699999999999998,0.0246,0.036000000000000004,0.022099999999999998,0.0157
196407,0.0195,0.0761,0.045899999999999996,0.0951,0.0070999999999999995,0.0493,0.020399999999999998
196408,-0.0079,0.027000000000000003,0.055099999999999996,-0.0191,0.0151,-0.0004,-0.0116
196409,0.032,0.0409,0.0542,0.035699999999999996,0.0337,0.018799999999999997,0.0297
196410,0.0219,0.060599999999999994,-0.0076,0.0418,-0.0106,0.0095,0.0089
196411,0.0137,0.0070999999999999995,0.005600000000000001,0.0012,0.013500000000000002,0.0137,0.0028
196412,-0.0274,-0.0274,0.0097,-0.0412,-0.0078000000000000005,0.0049,0.0035
196501,0.0415,0.0981,0.03,0.026000000000000002,0.0499,0.039599999999999996,0.0382
196502,0.0555,0.051699999999999996,0.051,-0.005699999999999999,0.050199999999999995,0.0043,0.0074
196503,-0.0231,-0.0072,0.006999999999999999,0.0279,-0.022400000000000003,-0.0052,-0.0098
196504,0.053,0.0512,0.08220000000000001,0.0449,0.0259,0.0066,0.0342
196505,-0.0232,0.0083,0.015300000000000001,-0.0455,-0.0255,-0.0097,-0.004700000000000001
196506,-0.063,-0.0793,-0.06709999999999999,-0.0709,-0.0731,-0.0366,-0.05159999999999999
196507,0.0168,0.0466,0.10279999999999999,0.0385,0.0183,0.0106,0.017499999999999998
196508,0.0395,0.0655,0.022799999999999997,0.0346,0.0713,0.009300000000000001,0.030600000000000002
196509,0.0617,0.0519,0.1247,0.0315,0.0441,0.0139,0.0317
196510,0.0542,0.056100000000000004,0.0864,0.0414,0.1319,0.0105,0.0291
196511,0.0554,0.0832,0.17420000000000002,0.0401,0.18489999999999998,-0.0101,0.0031999999999999997
196512,0.0192,-0.0032,-0.038900000000000004,0.07200000000000001,0.065,-0.0033,0.013399999999999999
196601,0.0297,0.04,0.1033,0.0338,0.07339999999999999,-0.0301,0.011
196602,-0.0077,0.013000000000000001,-0.0014000000000000002,-0.024300000000000002,-0.0288,-0.0418,-0.0086
196603,-0.0154,0.008,0.0022,-0.0554,-0.023799999999999998,-0.0014000000000000002,-0.021299999999999996
196604,0.011399999999999999,0.0397,0.0437,0.0034000000000000002,0.02,0.0118,0.0247
196605,-0.0584,-0.0874,-0.0843,-0.0375,-0.1383,-0.0274,-0.0526
196606,-0.0146,-0.0264,0.011000000000000001,0.0004,0.0005,-0.0179,-0.0106
196607,-0.0365,-0.052300000000000006,-0.0795,-0.0287,-0.0337,-0.0018,-0.012799999999999999
196608,-0.07150000000000001,-0.0922,-0.0751,-0.10369999999999999,-0.106,-0.0861,-0.0753
196609,-0.055999999999999994,-0.0002,-0.0292,-0.0601,-0.019799999999999998,0.0436,-0.0066
196610,0.028900000000000002,0.023399999999999997,-0.038,0.09230000000000001,-0.0346,0.09960000000000001,0.0431
196611,0.0138,0.0787,0.1891,-0.0591,0.15,-0.0137,0.0178
196612,0.0073,-0.0268,0.0179,0.0169,0.0407,0.0209,0.0053
196701,0.1366,0.158,0.1052,0.12990000000000002,0.2032,0.028399999999999998,0.0858
196702,-0.0176,0.0501,0.028300000000000002,-0.0149,0.04,-0.0173,0.011300000000000001
196703,0.1117,0.0438,0.071,0.07769999999999999,0.1478,0.0154,0.043800000000000006
196704,0.044800000000000006,0.0504,0.0596,0.0048,0.0252,0.018799999999999997,0.042100000000000005
196705,-0.0217,-0.0354,0.0083,-0.0013,-0.01,-0.0412,-0.039900000000000005
196706,0.041100000000000005,0.0731,0.1097,0.0611,0.0922,-0.0131,0.0269
196707,0.059699999999999996,0.0849,0.0447,0.0165,0.0349,0.0233,0.049
196708,0.0009,0.0275,-0.044500000000000005,-0.0155,0.0431,-0.006500000000000001,-0.005900000000000001
196709,0.045,0.058600000000000006,-0.0271,-0.014199999999999999,0.06,-0.001,0.0342
196710,-0.059800000000000006,-0.0288,-0.0412,-0.0325,-0.0524,-0.0537,-0.0269
196711,-0.0034999999999999996,0.0103,0.028999999999999998,-0.0259,0.0434,0.0319,0.0073
196712,0.0412,0.052199999999999996,0.042199999999999994,0.0783,0.11019999999999999,0.0329,0.0338
196801,-0.0332,-0.08900000000000001,-0.1208,-0.013300000000000001,-0.0004,0.0018,-0.0363
196802,-0.0634,-0.0467,-0.036699999999999997,-0.042300000000000004,-0.08130000000000001,-0.0149,-0.0335
196803,-0.0086,-0.009300000000000001,0.0073,0.0206,-0.028399999999999998,-0.0394,0.0059
196804,0.1202,0.1484,0.1058,0.1073,0.13,0.0242,0.0945
196805,0.0333,0.0178,0.0038,0.0587,0.1623,0.0044,0.027299999999999998
196806,0.0046,-0.013300000000000001,-0.0353,0.1023,0.07429999999999999,0.08449999999999999,0.0113
196807,-0.042699999999999995,-0.0371,-0.0683,-0.0471,-0.06509999999999999,0.0018,-0.0221
196808,0.0425,0.0158,0.004,0.022099999999999998,0.0326,-0.0087,0.0177
196809,0.0526,0.044500000000000005,0.018500000000000003,0.0542,0.07769999999999999,0.0026,0.0448
196810,0.015,-0.0118,-0.0181,0.004,-0.0212,0.0049,0.0087
196811,0.048499999999999995,0.0519,0.0722,0.12029999999999999,0.0512,0.08810000000000001,0.058499999999999996
196812,-0.0258,-0.0441,-0.0327,0.0161,-0.046,-0.0292,-0.035
196901,-0.0055000000000000005,-0.0217,-0.028399999999999998,-0.0354,-0.002,0.024399999999999998,-0.007200000000000001
196902,-0.0629,-0.039599999999999996,-0.0729,-0.086,-0.1258,-0.052199999999999996,-0.054000000000000006
196903,0.032400000000000005,0.035699999999999996,-0.019,0.0342,0.0524,-0.0129,0.031200000000000002
196904,-0.0052,-0.0085,-0.0331,-0.0681,0.0126,0.0134,0.0199
196905,-0.0064,-0.0098,-0.0823,0.0161,0.0060999999999999995,0.0002,0.0039
196906,-0.08810000000000001,-0.056600000000000004,-0.0863,-0.11380000000000001,-0.1226,-0.0574,-0.0668
196907,-0.0645,-0.0852,-0.1376,-0.0864,-0.09519999999999999,-0.0298,-0.06470000000000001
196908,0.029900000000000003,0.04769999999999999,0.0509,0.096,0.08689999999999999,-0.0129,0.0519
196909,-0.029900000000000003,-0.0183,-0.0542,0.0001,-0.024300000000000002,-0.0415,-0.0235
196910,0.0472,0.1038,0.061200000000000004,0.0591,0.0968,0.083,0.0566
196911,-0.0329,-0.0354,-0.09119999999999999,-0.0509,-0.0975,-0.0528,-0.032799999999999996
196912,-0.0282,-0.0282,-0.0637,-0.0384,-0.08070000000000001,-0.0063,-0.0199
197001,-0.065,-0.0621,-0.1353,-0.0332,-0.121,-0.0424,-0.075
197002,0.0642,0.0843,0.042300000000000004,0.1092,-0.0003,0.08380000000000001,0.05759999999999999
197003,0.0262,0.0233,-0.0277,0.0012,0.0044,0.0291,-0.004900000000000001
197004,-0.109,-0.08380000000000001,-0.16010000000000002,-0.0689,-0.1714,-0.08070000000000001,-0.1049
197005,-0.0947,-0.08539999999999999,-0.0832,-0.10060000000000001,-0.11,-0.0535,-0.0637
197006,-0.0447,0.0083,-0.1229,-0.0489,-0.1336,-0.0471,-0.052199999999999996
197007,0.0331,0.051500000000000004,0.0441,0.0406,0.0687,0.08710000000000001,0.0744
197008,0.0426,0.0254,0.12240000000000001,0.0154,0.0745,0.046900000000000004,0.0503
197009,0.0781,0.0315,0.0906,0.0877,0.16390000000000002,-0.0052,0.0472
197010,-0.0327,0.0023,-0.1119,-0.047599999999999996,-0.1164,-0.0083,-0.0181
197011,0.0313,0.0366,0.0273,0.11699999999999999,0.014499999999999999,0.0941,0.0508
197012,0.1234,0.0362,0.0552,0.0592,0.1003,0.0718,0.0616
197101,0.0791,0.0756,0.22260000000000002,0.032799999999999996,0.1202,0.029300000000000003,0.0521
197102,0.0064,0.071,0.0405,0.0388,0.0208,-0.026000000000000002,0.0174
197103,0.0395,0.0203,0.025099999999999997,0.0684,0.0674,0.0241,0.0442
197104,0.0484,0.0891,0.06509999999999999,0.0633,0.0533,-0.0355,0.0343
197105,-0.042699999999999995,-0.03,-0.040999999999999995,-0.0199,-0.0178,-0.0371,-0.037000000000000005
197106,0.0015,0.0168,-0.0197,0.013600000000000001,-0.028399999999999998,0.0432,0.0028000000000000004
197107,-0.045599999999999995,-0.0684,-0.0977,-0.0106,-0.096,-0.021400000000000002,-0.040900000000000006
197108,0.0928,0.09210000000000002,0.0355,0.09630000000000001,0.11410000000000001,-0.0233,0.0426
197109,-0.0128,0.0115,-0.0005,-0.0086,-0.0098,-0.0151,-0.0049
197110,-0.0821,-0.0666,-0.0603,-0.0727,-0.0756,0.020499999999999997,-0.040499999999999994
197111,-0.0218,-0.021099999999999997,0.0031,-0.0695,-0.0579,-0.012,-0.0008999999999999998
197112,0.1265,0.11710000000000001,0.1322,0.12369999999999999,0.09820000000000001,0.08109999999999999,0.0908
197201,0.0313,0.0239,0.1892,-0.0349,0.068,-0.003,0.027600000000000003
197202,0.0373,0.031400000000000004,0.0273,-0.0169,0.0308,-0.025,0.0312
197203,0.0179,0.0329,-0.0064,-0.0232,0.0006,-0.0016,0.0089
197204,0.0406,0.061200000000000004,-0.0097,-0.0438,0.0128,-0.0282,0.0058
197205,0.026600000000000002,0.019299999999999998,0.0254,-0.012,-0.0478,-0.0018,0.0159
197206,-0.0147,-0.0148,-0.0496,-0.019799999999999998,-0.047400000000000005,-0.0155,-0.021400000000000002
197207,-0.0070999999999999995,-0.0406,0.0168,-0.0354,-0.060899999999999996,0.0004,-0.0049
197208,0.047599999999999996,0.0052,0.0131,0.09300000000000001,0.013999999999999999,0.059699999999999996,0.0356
197209,-0.0116,-0.0213,-0.019799999999999998,-0.0316,0.019799999999999998,0.002,-0.007999999999999998
197210,-0.0083,0.0246,-0.024900000000000002,0.0277,-0.0158,0.0677,0.0092
197211,0.062400000000000004,0.0268,0.0908,0.0253,0.0548,0.064,0.0497
197212,-0.005699999999999999,0.0038,-0.037200000000000004,-0.0222,0.023,-0.0154,0.009899999999999999
197301,-0.0435,-0.057300000000000004,-0.0851,-0.0176,-0.0703,-0.042699999999999995,-0.0283
197302,-0.0388,-0.061200000000000004,-0.0587,-0.0046,-0.12119999999999999,-0.019799999999999998,-0.04429999999999999
197303,-0.0407,-0.0002,-0.0151,-0.0132,0.0083,-0.0215,-0.008400000000000001
197304,-0.059699999999999996,-0.10060000000000001,-0.09210000000000002,0.0043,-0.1016,-0.006,-0.05159999999999999
197305,-0.030600000000000002,0.018000000000000002,-0.0645,0.0277,-0.0789,0.0034999999999999996,-0.0246
197306,-0.0177,0.0333,-0.111,0.024,-0.0026,-0.025,-0.010600000000000002
197307,0.1258,0.087,0.152,0.1097,0.1674,-0.024,0.0568
197308,0.0225,-0.0526,-0.0471,-0.0194,-0.011200000000000002,-0.021,-0.0312
197309,0.0892,0.09630000000000001,0.069,0.1365,0.13720000000000002,0.0791,0.054200000000000005
197310,0.018600000000000002,-0.030899999999999997,-0.011399999999999999,0.018600000000000002,0.0252,-0.0341,-0.0017999999999999995
197311,-0.1356,-0.0984,-0.21109999999999998,-0.0231,-0.1566,-0.1164,-0.1222
197312,0.029900000000000003,-0.1073,-0.0809,0.1827,0.0432,0.034300000000000004,0.0123
197401,-0.029500000000000002,-0.0092,0.10339999999999999,-0.0031,0.0026,0.0455,0.0047
197402,0.0055000000000000005,-0.018000000000000002,0.09029999999999999,-0.0199,0.02,0.0029,0.0011999999999999997
197403,-0.0483,-0.022000000000000002,-0.0461,-0.0793,-0.052000000000000005,-0.0366,-0.0226
197404,-0.045,-0.0403,-0.0014000000000000002,-0.1027,-0.0664,-0.1223,-0.0453
197405,-0.0418,-0.0602,-0.0301,-0.13419999999999999,-0.0897,-0.0493,-0.0395
197406,-0.0077,-0.0803,-0.029900000000000003,0.0645,-0.022099999999999998,-0.0622,-0.022399999999999996
197407,-0.0718,-0.0781,-0.0596,-0.0747,-0.1234,0.0074,-0.0736
197408,-0.0967,-0.1042,-0.08449999999999999,-0.1363,-0.0281,-0.08689999999999999,-0.0879
197409,-0.1197,-0.12890000000000001,-0.056100000000000004,-0.13849999999999998,-0.12119999999999999,-0.0132,-0.1098
197410,0.23079999999999998,0.17420000000000002,0.06849999999999999,0.188,0.2143,0.13019999999999998,0.1662
197411,-0.0344,-0.0718,-0.0018,-0.0060999999999999995,-0.0611,-0.0015,-0.0399
197412,-0.0384,-0.0443,-0.0509,-0.0882,-0.0977,-0.0083,-0.0274
197501,0.1183,0.19030000000000002,0.1884,0.1449,0.1244,0.1883,0.1425
197502,0.07769999999999999,0.1235,0.0808,0.0688,0.08929999999999999,0.0088,0.059899999999999995
197503,0.057300000000000004,0.042300000000000004,0.13369999999999999,-0.0097,0.13119999999999998,-0.013300000000000001,0.0307
197504,0.062400000000000004,0.0848,0.12050000000000001,0.0417,0.0737,-0.0163,0.046599999999999996
197505,0.049699999999999994,0.1265,0.1182,0.0713,0.053099999999999994,0.08539999999999999,0.056400000000000006
197506,0.0513,0.023399999999999997,0.1016,0.0060999999999999995,0.1366,0.1074,0.0528
197507,-0.046799999999999994,-0.064,-0.0791,-0.0067,-0.102,-0.048,-0.061200000000000004
197508,-0.0179,-0.0555,0.0083,-0.0907,-0.0268,-0.0123,-0.0236
197509,-0.0391,-0.0742,-0.032,-0.08349999999999999,-0.04650000000000001,-0.0098,-0.0373
197510,0.0317,0.0048,0.0253,-0.0281,-0.0264,0.0655,0.058800000000000005
197511,0.0054,0.0659,-0.0187,0.08380000000000001,-0.0538,0.0316,0.0306
197512,0.0032,-0.06570000000000001,-0.0322,-0.039900000000000005,0.0369,0.013500000000000002,-0.011200000000000002
197601,0.187,0.174,0.1875,0.13699999999999998,0.1032,0.08310000000000001,0.1262
197602,0.043899999999999995,0.0252,0.044000000000000004,0.061500000000000006,0.0506,-0.0355,0.006500000000000001
197603,0.0055000000000000005,-0.0004,0.0641,0.0513,0.0218,0.014499999999999999,0.0272
197604,-0.0009,0.0148,0.0452,-0.04769999999999999,-0.0387,0.0063,-0.010700000000000001
197605,0.025,-0.0127,0.0253,-0.0381,-0.0443,-0.0147,-0.0097
197606,0.0646,0.057,0.1188,0.0897,0.10220000000000001,0.0426,0.044899999999999995
197607,-0.0182,-0.012,-0.048,-0.0078000000000000005,-0.030899999999999997,0.0282,-0.005900000000000001
197608,-0.024300000000000002,-0.0167,0.0026,0.0155,-0.0039000000000000003,0.0297,-0.0014999999999999996
197609,0.0027,0.044199999999999996,0.0444,0.0155,0.023,0.0408,0.025
197610,-0.032799999999999996,-0.0512,-0.0603,-0.0691,-0.035699999999999996,-0.008100000000000001,-0.0201
197611,0.0154,-0.0037,0.0398,0.0069,0.004699999999999999,0.0315,0.0076
197612,0.0604,0.0315,0.0533,0.0981,0.08990000000000001,0.065,0.0605
197701,-0.04769999999999999,-0.0332,-0.0291,0.0318,-0.043,0.0084,-0.0367
197702,-0.0046,-0.0051,-0.0044,-0.0222,0.0213,-0.0342,-0.0159
197703,0.041299999999999996,0.0401,-0.0069,0.026600000000000002,-0.0074,0.0018,-0.009700000000000002
197704,0.0368,0.0435,0.0226,0.0391,0.0552,0.0194,0.0053
197705,-0.001,-0.019799999999999998,0.023700000000000002,-0.0304,-0.0034999999999999996,0.0167,-0.011
197706,0.0321,0.059699999999999996,0.10769999999999999,0.0144,0.0479,0.0571,0.051199999999999996
197707,-0.0684,-0.0048,-0.0225,0.001,-0.0072,0.0087,-0.0127
197708,-0.0217,-0.0067,-0.0335,-0.01,-0.0138,-0.0325,-0.0132
197709,0.0177,-0.024300000000000002,-0.0353,-0.018799999999999997,0.0178,0.020099999999999996,0.0015999999999999999
197710,-0.0546,-0.0166,-0.0304,-0.0333,-0.0553,-0.0315,-0.03899999999999999
197711,0.0722,0.049100000000000005,0.08199999999999999,0.0353,0.051500000000000004,0.0429,0.045
197712,0.0127,-0.015600000000000001,0.0176,-0.0285,0.0127,-0.0033,0.0076
197801,-0.0711,-0.028999999999999998,-0.0672,-0.061399999999999996,-0.0796,-0.0454,-0.055099999999999996
197802,-0.005600000000000001,-0.0242,0.0438,-0.0332,0.0034999999999999996,-0.0042,-0.0093
197803,0.0339,0.031,0.0989,0.0682,0.061500000000000006,0.0248,0.033800000000000004
197804,0.1176,0.1235,0.1321,0.13019999999999998,0.13019999999999998,0.0018,0.08410000000000001
197805,0.0518,0.0886,0.1201,0.0482,0.0258,0.0070999999999999995,0.0227
197806,-0.009899999999999999,-0.024900000000000002,0.0352,0.0368,-0.027999999999999997,0.0083,-0.011499999999999998
197807,0.0601,0.0882,0.162,0.0984,0.0279,0.0282,0.0568
197808,0.0425,0.014499999999999999,0.0451,0.040999999999999995,0.1103,0.0045000000000000005,0.0434
197809,-0.0069,-0.0478,-0.0789,-0.024900000000000002,0.0199,-0.0025,-0.008199999999999999
197810,-0.1391,-0.12619999999999998,-0.1533,-0.1822,-0.20190000000000002,-0.071,-0.11220000000000001
197811,0.0353,0.0263,0.10289999999999999,0.049400000000000006,0.026600000000000002,0.03,0.0341
197812,0.0311,-0.0025,0.024300000000000002,0.0329,0.0111,-0.0125,0.0165
197901,0.054400000000000004,0.067,0.049699999999999994,0.031,0.0698,0.0637,0.04989999999999999
197902,-0.03,-0.0547,-0.129,-0.0608,-0.0259,-0.016399999999999998,-0.0283
197903,0.0729,0.0501,0.07,0.0709,0.1467,0.0232,0.0648
197904,-0.0044,-0.0002,-0.0085,-0.0147,0.029300000000000003,-0.0275,0.0073
197905,-0.0074,-0.0097,-0.0584,-0.014499999999999999,-0.004699999999999999,0.0144,-0.013800000000000003
197906,0.058600000000000006,0.1027,0.039,0.10039999999999999,0.1383,0.049699999999999994,0.0465
197907,0.0292,0.0239,0.0382,0.0375,0.0401,0.0207,0.016
197908,0.06,0.0556,0.12689999999999999,0.1746,0.0509,0.020499999999999997,0.0631
197909,-0.0103,-0.04019999999999999,-0.0024,0.031,0.0287,-0.0219,0.0
197910,-0.08779999999999999,-0.067,-0.0897,-0.041100000000000005,-0.0504,-0.0583,-0.0723
197911,0.0748,0.0481,0.1106,0.1689,0.0966,0.07780000000000001,0.062099999999999995
197912,0.029300000000000003,0.046,0.09630000000000001,0.0346,0.0718,-0.0101,0.027299999999999998
198001,0.0775,0.0809,0.2541,0.19879999999999998,0.1617,0.0155,0.063
198002,-0.0325,-0.0431,-0.0781,-0.0906,-0.039900000000000005,-0.0342,-0.0034000000000000002
198003,-0.12240000000000001,-0.08929999999999999,-0.1249,-0.11130000000000001,-0.1512,-0.066,-0.1169
198004,0.0026,0.0242,-0.030299999999999997,0.018500000000000003,0.0489,0.1204,0.0521
198005,0.0587,0.0793,0.0059,-0.0033,0.0353,0.046,0.060700000000000004
198006,0.0602,0.0064,-0.0011,0.018799999999999997,0.15810000000000002,0.0455,0.0359
198007,0.1189,0.1461,0.11939999999999999,0.0911,0.1984,-0.0012,0.07039999999999999
198008,0.0087,-0.0084,0.015600000000000001,0.0359,0.0432,-0.011699999999999999,0.0239
198009,0.059000000000000004,0.0177,0.0434,0.0447,0.0633,0.0012,0.0294
198010,0.0341,0.024700000000000003,-0.031400000000000004,-0.013999999999999999,0.1389,0.0192,0.0199
198011,0.126,0.1195,0.1752,0.1845,0.1117,0.0739,0.1056
198012,-0.0404,-0.0462,0.0593,0.0218,-0.08470000000000001,-0.0192,-0.0315
198101,-0.0676,-0.0248,-0.0683,-0.1183,-0.11560000000000001,-0.0256,-0.0402
198102,0.0355,0.0206,-0.0383,-0.0148,0.0003,-0.0127,0.016800000000000002
198103,0.0536,0.09359999999999999,0.029300000000000003,0.016200000000000003,0.0535,0.03,0.048799999999999996
198104,-0.0005,0.049100000000000005,0.0106,0.0034999999999999996,-0.0762,-0.0269,-0.0108
198105,-0.011000000000000001,0.034,-0.0069,-0.0191,-0.038599999999999995,0.0184,0.012799999999999999
198106,-0.031200000000000002,-0.0463,-0.027999999999999997,-0.015,-0.0424,0.0346,-0.009899999999999996
198107,0.0060999999999999995,-0.0545,-0.0664,-0.08470000000000001,-0.038900000000000004,0.027999999999999997,-0.0031000000000000003
198108,-0.0682,-0.0451,-0.1099,-0.1481,-0.0582,-0.0085,-0.0574
198109,-0.0969,-0.0537,-0.0471,-0.0521,-0.1297,-0.0554,-0.059500000000000004
198110,0.0373,0.0397,0.0691,0.1167,-0.0366,0.0489,0.0613
198111,0.0674,0.0352,-0.016399999999999998,-0.0533,0.1012,0.059500000000000004,0.044700000000000004
198112,-0.0281,-0.0054,-0.0038,0.0268,-0.0189,-0.0235,-0.0276
198201,-0.0541,-0.0212,-0.044000000000000004,0.0254,-0.08199999999999999,-0.0067,-0.024300000000000002
198202,-0.0825,-0.0393,-0.0565,-0.08929999999999999,-0.09759999999999999,-0.0034000000000000002,-0.049400000000000006
198203,-0.038599999999999995,0.0242,0.0045000000000000005,0.0067,-0.0666,0.0166,-0.008400000000000001
198204,0.0039000000000000003,0.0665,0.0509,0.1405,0.0121,0.0385,0.0437
198205,-0.0843,-0.0349,-0.0435,-0.09179999999999999,-0.06860000000000001,-0.0054,-0.028700000000000003
198206,-0.0547,-0.020099999999999996,-0.0183,0.0348,-0.046900000000000004,-0.022099999999999998,-0.021200000000000004
198207,-0.0599,-0.0172,0.039,0.0103,-0.0803,-0.0259,-0.0215
198208,0.1173,0.15439999999999998,0.2051,0.1435,0.192,0.1208,0.1199
198209,-0.0473,-0.025,0.0075,-0.0197,0.0227,0.010700000000000001,0.0182
198210,0.114,0.1794,0.1624,0.0216,0.2426,0.0473,0.1189
198211,0.0484,0.073,0.0433,-0.035699999999999996,0.1398,0.0012,0.053099999999999994
198212,0.0464,0.0154,0.0209,0.0434,-0.0165,0.0434,0.012300000000000002
198301,0.0604,0.0625,0.07690000000000001,0.1324,0.0665,0.036699999999999997,0.042800000000000005
198302,0.0069,0.0519,0.0536,0.0757,-0.0018,0.0159,0.0321
198303,0.004699999999999999,-0.0191,0.0707,0.011699999999999999,0.0521,0.0025,0.0344
198304,0.0582,0.008199999999999999,0.0509,0.14150000000000001,0.0968,0.0478,0.0737
198305,0.0487,0.0709,0.005,0.0415,0.0599,0.0254,0.012
198306,0.0368,0.0694,0.07519999999999999,0.0337,-0.0084,-0.0055000000000000005,0.037399999999999996
198307,-0.0308,-0.0729,-0.059800000000000006,-0.0139,-0.0565,0.0102,-0.03319999999999999
198308,-0.0115,-0.022000000000000002,-0.0518,-0.0858,-0.053200000000000004,0.0152,0.0026
198309,0.04190000000000001,0.0336,0.0395,0.14679999999999999,0.013999999999999999,0.0466,0.0168
198310,-0.0484,-0.025,-0.0377,0.0017000000000000001,-0.1042,0.0305,-0.026700000000000005
198311,0.0625,0.10859999999999999,0.10779999999999999,0.0616,0.0661,-0.016399999999999998,0.0287
198312,0.0125,-0.004,-0.0169,-0.0016,-0.0168,-0.0364,-0.0104
198401,-0.0091,-0.0458,-0.013999999999999999,-0.06849999999999999,-0.0096,0.0144,-0.0116
198402,-0.0746,-0.0736,-0.0681,-0.075,-0.0317,-0.0334,-0.04059999999999999
198403,0.047400000000000005,-0.0045000000000000005,-0.0387,-0.0259,0.037599999999999995,-0.0031,0.0138
198404,-0.0155,0.0316,0.0092,0.0758,-0.0508,-0.005,0.003000000000000001
198405,-0.0787,-0.0866,-0.0147,-0.0764,-0.1052,-0.0083,-0.052000000000000005
198406,-0.0083,0.0518,0.0928,0.1257,0.0038,0.0044,0.0256
198407,-0.050499999999999996,-0.024399999999999998,0.0398,0.004699999999999999,-0.0359,-0.0001,-0.019000000000000003
198408,0.1277,0.1499,0.1376,0.1894,0.09300000000000001,0.07780000000000001,0.111
198409,-0.0149,-0.0591,-0.0236,-0.0434,0.035,0.048600000000000004,0.0005999999999999998
198410,-0.032,0.0074,0.059000000000000004,0.0576,-0.0025,0.0335,0.0016000000000000007
198411,-0.019299999999999998,-0.0431,-0.0704,0.0206,-0.0113,0.030600000000000002,-0.0104
198412,0.0128,0.0452,0.040999999999999995,0.0521,-0.025099999999999997,0.0265,0.0248
198501,0.1186,0.1344,0.1005,0.1042,0.1775,0.024,0.0862
198502,0.0018,-0.0111,0.0677,0.0218,-0.0062,0.0137,0.018
198503,-0.045,-0.0536,-0.038599999999999995,-0.053,-0.0292,0.0613,-0.0021000000000000003
198504,-0.0338,-0.0241,-0.0217,-0.09,-0.0044,0.016,-0.0023999999999999994
198505,0.0374,0.0702,0.09449999999999999,0.057999999999999996,0.0311,0.0538,0.057300000000000004
198506,0.0018,0.015300000000000001,0.0083,0.0311,0.0095,0.0362,0.0182
198507,0.0391,0.042,0.0362,0.025099999999999997,0.029500000000000002,-0.04650000000000001,-0.001
198508,-0.024,0.0037,-0.0040999999999999995,0.0178,-0.0354,0.0192,-0.004599999999999999
198509,-0.0462,-0.0332,-0.07719999999999999,-0.0969,-0.073,-0.0538,-0.0391
198510,0.020099999999999996,0.046799999999999994,0.0078000000000000005,-0.061,-0.013000000000000001,0.0633,0.0465
198511,0.0775,0.07400000000000001,0.0594,0.0774,0.0877,0.040999999999999995,0.0707
198512,0.0382,0.031200000000000002,0.033,0.0072,0.034300000000000004,0.049800000000000004,0.0453
198601,0.0209,0.0022,-0.0060999999999999995,0.0311,0.0216,0.0379,0.012100000000000001
198602,0.08779999999999999,0.0877,0.11019999999999999,0.0815,0.1388,0.0659,0.07669999999999999
198603,0.04769999999999999,0.039,0.058899999999999994,0.0701,0.1446,0.0398,0.0551
198604,-0.0070999999999999995,-0.0086,-0.044800000000000006,-0.0591,-0.0074,-0.0393,-0.007600000000000001
198605,0.009399999999999999,0.0159,0.0215,0.0233,0.0559,0.0363,0.0511
198606,-0.038900000000000004,-0.0394,0.0155,-0.0054,-0.024300000000000002,0.050499999999999996,0.0158
198607,-0.0904,-0.0707,-0.0868,-0.0898,-0.11,0.051500000000000004,-0.0591
198608,0.0712,0.0818,0.0526,0.042300000000000004,0.0412,0.07919999999999999,0.0653
198609,-0.0661,-0.0753,-0.0796,-0.0516,-0.0403,-0.0911,-0.0814
198610,0.0269,0.0435,0.0158,0.018600000000000002,-0.0066,0.0521,0.051
198611,0.0209,0.030299999999999997,0.028399999999999998,0.0184,-0.0076,0.0055000000000000005,0.0156
198612,0.0026,-0.0576,-0.0322,-0.0724,-0.0358,-0.033,-0.027699999999999995
198701,0.1409,0.1677,0.0355,0.0969,0.1142,0.09300000000000001,0.1287
198702,0.0732,0.0493,0.0713,0.0579,0.0789,-0.0215,0.0481
198703,0.0147,0.0006,-0.018500000000000003,-0.07139999999999999,0.060599999999999994,-0.0168,0.020999999999999998
198704,0.001,-0.0060999999999999995,-0.1065,-0.0958,-0.0746,-0.0433,-0.016499999999999997
198705,0.0347,-0.0025,0.0058,-0.0008,-0.0137,-0.018500000000000003,0.0049
198706,0.0382,0.043,0.0536,0.0412,0.0206,0.034,0.0439
198707,0.11789999999999999,0.046900000000000004,0.11539999999999999,0.0521,0.041100000000000005,-0.0167,0.043
198708,0.011899999999999999,0.0472,0.0104,0.0088,-0.0046,0.0371,0.039900000000000005
198709,0.0388,0.022099999999999998,-0.024399999999999998,-0.0069,-0.024300000000000002,-0.0231,-0.0213
198710,-0.3164,-0.3207,-0.3019,-0.32280000000000003,-0.3166,-0.0693,-0.22590000000000002
198711,-0.0134,-0.0666,-0.09380000000000001,-0.0683,-0.0978,-0.0255,-0.0741
198712,0.11630000000000001,0.1351,0.0545,0.1329,0.0679,0.005600000000000001,0.0721
198801,0.022099999999999998,-0.002,0.1454,0.07490000000000001,0.0594,0.0977,0.045
198802,0.11130000000000001,0.076,0.0512,0.0385,0.1476,-0.0141,0.05229999999999999
198803,0.0444,-0.042,-0.0046,0.032,-0.0021,-0.0318,-0.018199999999999997
198804,0.023399999999999997,0.0138,0.014499999999999999,0.0506,0.0015,-0.003,0.0103
198805,-0.0048,-0.0106,0.024700000000000003,-0.0054,-0.0087,0.0362,0.0024000000000000002
198806,0.0587,0.0859,0.0554,-0.0084,0.1333,0.0323,0.052700000000000004
198807,-0.029300000000000003,-0.0391,0.0016,-0.0504,-0.0097,-0.0022,-0.0074
198808,-0.0591,-0.063,-0.032799999999999996,-0.0638,-0.039,-0.0012,-0.0272
198809,0.020099999999999996,0.0616,0.0604,-0.0383,0.0124,0.026699999999999998,0.039299999999999995
198810,-0.0064,-0.008,0.0161,-0.0034999999999999996,-0.0131,0.025099999999999997,0.0177
198811,-0.0064,0.0141,-0.0305,-0.0433,0.0027,-0.005,-0.017
198812,0.0315,0.0168,-0.0029,0.034300000000000004,0.0501,0.0104,0.0211
198901,0.0409,0.07690000000000001,0.0593,0.059800000000000006,0.0529,0.026699999999999998,0.06620000000000001
198902,-0.016,-0.04769999999999999,-0.0086,0.0449,-0.024,-0.0178,-0.0162
198903,0.0167,-0.0101,0.039,0.0031,0.02,0.0055000000000000005,0.022400000000000003
198904,0.043,0.0781,0.044199999999999996,0.07519999999999999,0.0421,0.0397,0.050199999999999995
198905,0.0506,0.1158,0.0245,0.032,0.054299999999999994,0.0528,0.0407
198906,-0.0341,-0.0431,-0.0453,-0.053200000000000004,0.027200000000000002,0.0342,-0.0062000000000000015
198907,0.0727,0.1105,0.0738,-0.013600000000000001,0.07980000000000001,0.0581,0.07880000000000001
198908,0.0346,0.0,0.032,-0.0059,0.053,-0.008,0.0217
198909,-0.0229,-0.0141,-0.008,0.0027,-0.0263,0.0048,-0.0010999999999999994
198910,-0.0541,-0.028900000000000002,-0.047,-0.1368,-0.0872,0.0101,-0.029699999999999997
198911,0.0525,0.09519999999999999,-0.0024,-0.08199999999999999,0.062,0.032400000000000005,0.0173
198912,0.0182,0.039900000000000005,-0.0004,-0.0405,0.0322,0.048,0.0179
199001,-0.0352,-0.0383,-0.04,-0.1422,-0.0058,-0.0535,-0.0723
199002,0.0526,0.0176,0.0454,-0.0873,0.0719,0.0021,0.016900000000000002
199003,0.0368,0.0412,0.0823,0.1505,0.0106,-0.0075,0.0247
199004,-0.0254,-0.0072,-0.055999999999999994,0.0196,-0.0564,-0.0552,-0.026699999999999998
199005,0.0584,0.09960000000000001,0.1074,0.013300000000000001,0.1338,0.054299999999999994,0.0911
199006,-0.023799999999999998,0.0002,0.0033,0.041299999999999996,-0.0323,0.0075,-0.0046
199007,-0.0178,0.0154,-0.0271,-0.0425,0.0268,0.009000000000000001,-0.012199999999999999
199008,-0.1321,-0.13470000000000001,-0.133,-0.09539999999999998,-0.1282,-0.0664,-0.0946
199009,-0.095,-0.10099999999999999,-0.1017,-0.0416,-0.0672,0.0048,-0.0551
199010,-0.109,-0.0302,0.031200000000000002,-0.19469999999999998,-0.1101,0.0722,-0.012399999999999998
199011,0.08800000000000001,0.0638,0.021400000000000002,0.0783,0.1092,0.0231,0.0692
199012,0.052000000000000005,0.0552,0.039,0.0394,-0.01,0.0079,0.030600000000000002
199101,0.0603,0.11560000000000001,0.06709999999999999,0.0163,0.07139999999999999,-0.0137,0.05210000000000001
199102,0.07629999999999999,0.0707,0.0151,0.09820000000000001,0.22510000000000002,0.0484,0.0767
199103,-0.0215,0.022000000000000002,0.0024,-0.0013,-0.0622,0.0172,0.031000000000000003
199104,-0.0285,0.0097,-0.0064,0.0666,-0.0421,-0.0005,0.0024999999999999996
199105,0.0848,0.10460000000000001,0.0625,-0.0663,0.0473,0.0015,0.0413
199106,-0.0691,-0.046900000000000004,-0.0349,-0.0707,-0.1009,-0.023700000000000002,-0.045200000000000004
199107,0.0087,0.0037,0.057699999999999994,0.0616,0.0096,0.04,0.0473
199108,0.0007000000000000001,0.0203,0.0318,-0.0737,0.0052,0.0352,0.0278
199109,-0.0335,-0.0591,0.0032,-0.0975,-0.0481,0.037200000000000004,-0.011300000000000001
199110,-0.0084,0.005,0.033,0.0121,-0.0151,0.0125,0.0171
199111,-0.09380000000000001,-0.058499999999999996,-0.0594,-0.0504,-0.0848,0.019,-0.0381
199112,0.0855,0.18109999999999998,0.0977,0.1575,0.1267,0.0501,0.1123
199201,0.057699999999999994,-0.0116,0.0398,0.0611,0.07919999999999999,-0.045700000000000005,-0.0024999999999999996
199202,0.0495,0.0344,-0.0329,-0.0086,-0.0044,-0.0124,0.013600000000000001
199203,-0.0163,-0.030899999999999997,-0.0085,-0.0024,-0.0877,-0.0053,-0.0231
199204,0.0254,-0.0003,0.0212,0.17170000000000002,-0.0046,0.0269,0.0141
199205,-0.0013,-0.0028000000000000004,-0.0197,-0.0747,0.0058,0.0254,0.0058000000000000005
199206,-0.0579,0.012,-0.047,-0.0828,-0.0616,0.0054,-0.0201
199207,0.0222,-0.005699999999999999,0.032400000000000005,-0.0592,0.0725,0.0673,0.0409
199208,-0.0375,-0.0281,-0.0453,-0.039599999999999996,-0.01,-0.004699999999999999,-0.021199999999999997
199209,0.020499999999999997,0.0677,-0.0219,-0.0195,0.023,0.0083,0.014499999999999999
199210,-0.0132,-0.0134,0.0344,0.0726,-0.0028000000000000004,-0.0042,0.0125
199211,0.0275,0.0828,0.0097,0.1036,0.0375,-0.0023,0.0437
199212,0.0231,0.0253,0.0875,0.0697,-0.0242,0.0271,0.0181
199301,0.0403,0.009399999999999999,-0.036699999999999997,-0.0084,0.036699999999999997,0.0246,0.011600000000000001
199302,0.0392,-0.0216,0.0207,-0.0034000000000000002,0.0394,0.0623,0.0034000000000000002
199303,0.0229,0.061500000000000006,0.0375,-0.031400000000000004,-0.0115,0.0176,0.025699999999999997
199304,0.0326,-0.0022,0.020499999999999997,-0.0691,-0.0095,-0.0015,-0.0281
199305,0.0438,0.029900000000000003,0.0475,0.0802,0.0239,-0.0004,0.031100000000000003
199306,0.019799999999999998,0.028300000000000002,0.0176,-0.0947,0.004699999999999999,0.0319,0.0055
199307,-0.0003,0.021,0.0355,0.0187,0.015600000000000001,0.0194,-0.0010000000000000005
199308,0.0803,0.0049,0.032,0.0516,0.0703,0.037000000000000005,0.039700000000000006
199309,-0.0144,-0.0127,-0.0134,0.09179999999999999,-0.0356,-0.0064,0.0014
199310,0.026099999999999998,0.013500000000000002,0.0055000000000000005,0.038,-0.0092,-0.0197,0.016399999999999998
199311,-0.021099999999999997,0.0022,0.0246,-0.0483,-0.015600000000000001,-0.0552,-0.016200000000000003
199312,0.0481,0.0655,0.0683,0.0226,0.0348,0.0161,0.0188
199401,0.061500000000000006,0.0218,0.0236,0.0091,0.0526,-0.012,0.0312
199402,0.011200000000000002,-0.0152,0.0196,0.0103,-0.0397,-0.049800000000000004,-0.023399999999999997
199403,-0.0319,-0.0429,-0.039599999999999996,-0.0839,-0.035,-0.0394,-0.0452
199404,-0.0161,-0.0353,-0.0029,-0.0452,-0.0231,0.0213,0.009500000000000001
199405,-0.029900000000000003,0.0305,0.030299999999999997,0.0482,-0.038,-0.0536,0.009
199406,-0.022799999999999997,-0.0493,-0.0191,-0.0326,0.0049,-0.0315,-0.0273
199407,0.0426,0.0719,0.004,-0.0294,0.0241,0.0519,0.031
199408,0.0429,0.0045000000000000005,0.0443,0.0951,-0.012199999999999999,0.0066,0.043899999999999995
199409,-0.028999999999999998,-0.0179,-0.0537,-0.0327,-0.0504,-0.0279,-0.0191
199410,0.0404,0.0087,0.024700000000000003,-0.0414,0.010700000000000001,0.0159,0.017300000000000003
199411,-0.0754,-0.0556,-0.0288,-0.0394,-0.0801,0.0028000000000000004,-0.0366
199412,0.0202,0.0891,0.051699999999999996,0.0626,-0.0044,0.0034999999999999996,0.013000000000000001
199501,-0.008100000000000001,0.009300000000000001,0.0025,-0.016200000000000003,0.0407,0.0622,0.0222
199502,0.0555,0.058499999999999996,0.0622,0.0524,0.0454,0.008199999999999999,0.0403
199503,0.0602,-0.0025,0.0787,0.009399999999999999,-0.0226,-0.0175,0.0265
199504,0.048499999999999995,0.029300000000000003,0.0416,-0.004,0.038900000000000004,0.023799999999999998,0.0255
199505,0.0366,0.0308,0.060599999999999994,-0.04769999999999999,0.042300000000000004,0.0604,0.0344
199506,0.030299999999999997,-0.0055000000000000005,0.051100000000000007,0.010700000000000001,0.0116,-0.0046,0.0319
199507,0.0842,0.036699999999999997,0.0625,0.11699999999999999,0.058600000000000006,-0.0037,0.0416
199508,-0.011399999999999999,0.0006,-0.016200000000000003,0.029500000000000002,0.0374,0.009899999999999999,0.0102
199509,-0.0264,0.061200000000000004,0.0558,0.015,-0.0084,0.063,0.037899999999999996
199510,-0.0338,-0.005699999999999999,-0.0177,-0.0414,0.0066,0.0148,-0.010400000000000001
199511,0.0499,0.056299999999999996,0.0911,0.057,0.0433,0.0158,0.0438
199512,-0.0025,0.0655,0.0415,-0.0002,0.0797,0.051,0.0153
199601,0.0206,0.0525,0.0070999999999999995,-0.0019,0.0194,0.018600000000000002,0.0269
199602,0.0356,-0.0064,0.0317,0.022099999999999998,0.0037,-0.026699999999999998,0.0172
199603,0.0174,0.0297,0.04019999999999999,-0.0026,0.0183,-0.0052,0.011300000000000001
199604,0.036000000000000004,0.0063,0.0053,0.1052,-0.0026,-0.026600000000000002,0.0252
199605,0.0088,0.061799999999999994,0.0287,-0.0123,0.0121,0.0132,0.0278
199606,-0.0462,0.0297,0.010700000000000001,-0.0087,-0.011899999999999999,0.0527,-0.007299999999999999
199607,-0.0827,-0.0481,-0.0109,-0.0165,-0.0802,-0.0581,-0.055099999999999996
199608,0.0467,0.017,0.040999999999999995,0.0361,0.032400000000000005,0.028900000000000002,0.031799999999999995
199609,0.06280000000000001,0.09960000000000001,0.0492,0.0796,-0.0098,0.0068000000000000005,0.0545
199610,-0.005600000000000001,0.0537,0.028399999999999998,0.001,0.0252,0.0361,0.012899999999999998
199611,0.0917,0.0691,0.0449,0.0676,0.0483,0.026000000000000002,0.06659999999999999
199612,-0.0095,-0.028900000000000002,0.057300000000000004,-0.023700000000000002,-0.009399999999999999,0.0013,-0.012400000000000001
199701,0.0564,0.0408,0.0171,0.0239,0.1082,0.0092,0.054099999999999995
199702,-0.019299999999999998,-0.0088,-0.0168,0.0102,-0.0753,-0.005699999999999999,-0.0008999999999999993
199703,-0.0173,-0.0298,-0.0084,-0.0241,-0.045599999999999995,-0.0279,-0.045899999999999996
199704,0.0404,0.0986,0.0069,0.0537,0.0204,-0.0139,0.0447
199705,0.1197,0.0908,0.0695,0.0746,0.0678,0.0363,0.0722
199706,0.0689,0.0662,0.0391,0.0296,0.051100000000000007,0.031400000000000004,0.0447
199707,0.1038,0.08710000000000001,0.0795,0.1285,0.136,0.028300000000000002,0.0774
199708,0.0138,-0.0929,-0.0663,-0.043,0.0245,-0.0116,-0.036899999999999995
199709,0.011399999999999999,0.08220000000000001,0.0216,0.14679999999999999,0.0504,0.0462,0.0578
199710,-0.0857,-0.0521,-0.12380000000000001,-0.0337,-0.019299999999999998,0.0089,-0.0338
199711,-0.0308,0.11710000000000001,0.0699,0.014499999999999999,-0.0222,0.0718,0.033800000000000004
199712,-0.009000000000000001,-0.0018,-0.0207,-0.024399999999999998,0.034300000000000004,0.0801,0.0181
199801,-0.033,0.048499999999999995,0.012,-0.019,0.076,-0.0438,0.0058
199802,0.1162,0.0159,0.135,0.0279,0.0814,0.0264,0.0742
199803,0.023399999999999997,0.096,-0.0042,0.028399999999999998,0.0683,0.067,0.0515
199804,0.013600000000000001,-0.0087,0.011699999999999999,-0.019,-0.0365,-0.024900000000000002,0.0117
199805,-0.0622,-0.0253,-0.0359,0.0146,-0.0621,-0.0109,-0.026699999999999998
199806,-0.056799999999999996,0.0599,-0.019799999999999998,-0.053099999999999994,0.0673,0.03,0.036
199807,-0.10210000000000001,-0.0231,-0.055,-0.042699999999999995,-0.005,-0.0541,-0.0202
199808,-0.1977,-0.11359999999999999,-0.20559999999999998,-0.0998,-0.23829999999999998,0.0196,-0.1562
199809,0.022000000000000002,0.0002,0.0616,0.0416,0.0907,0.0817,0.0665
199810,0.1396,0.09949999999999999,0.1391,0.1707,0.0909,-0.0177,0.073
199811,0.0298,0.039599999999999996,0.1012,0.015600000000000001,0.0479,0.013300000000000001,0.06380000000000001
199812,0.003,0.11689999999999999,-0.06709999999999999,0.0401,0.1401,0.0286,0.06530000000000001
199901,0.058899999999999994,0.0226,0.006,-0.0287,0.06849999999999999,-0.0625,0.0383
199902,-0.0326,-0.043899999999999995,0.042,-0.0154,-0.0559,-0.0363,-0.0373
199903,0.0287,0.0906,0.0453,0.028900000000000002,0.0556,-0.016399999999999998,0.039099999999999996
199904,0.16210000000000002,-0.024,0.1506,0.09880000000000001,0.1588,0.0735,0.0471
199905,-0.0222,-0.0258,-0.02,-0.0132,0.0079,0.0673,-0.0212
199906,0.0946,0.10369999999999999,0.0663,0.0725,-0.0962,-0.0449,0.051699999999999996
199907,-0.0137,-0.0276,0.0005,-0.0183,-0.056600000000000004,-0.0058,-0.0311
199908,-0.0182,0.022799999999999997,-0.0177,-0.058600000000000006,-0.0786,0.0058,-0.0098
199909,-0.0146,0.045700000000000005,-0.0665,-0.0126,-0.016399999999999998,-0.042800000000000005,-0.023799999999999998
199910,0.025699999999999997,0.1219,0.009300000000000001,-0.0801,-0.0633,0.0216,0.0648
199911,0.0027,-0.0341,-0.0452,-0.039,0.0248,-0.0736,0.0377
199912,0.11699999999999999,0.17329999999999998,0.0401,-0.011000000000000001,0.0409,-0.023700000000000002,0.081
200001,-0.0055000000000000005,-0.1247,-0.091,-0.1076,-0.0764,0.0554,-0.043300000000000005
200002,0.0933,-0.0072,-0.0725,-0.057999999999999996,0.0167,-0.0707,0.028900000000000002
200003,0.0599,0.1698,0.09939999999999999,0.1255,0.1476,0.058899999999999994,0.0568
200004,0.0513,0.006500000000000001,0.0436,0.1344,0.018000000000000002,0.0742,-0.0593
200005,-0.09880000000000001,0.0024,-0.0092,0.0069,-0.04019999999999999,0.039599999999999996,-0.0389
200006,0.0108,0.0068000000000000005,-0.0987,-0.0851,-0.0038,-0.046799999999999994,0.0508
200007,-0.0639,0.0002,0.071,0.0765,-0.024399999999999998,0.0387,-0.02
200008,0.0915,0.073,0.10300000000000001,0.1002,0.14429999999999998,0.1166,0.0753
200009,-0.16440000000000002,-0.1061,0.0843,0.0092,-0.0248,0.08800000000000001,-0.049300000000000004
200010,-0.0487,-0.1093,0.1431,0.12869999999999998,0.0397,-0.0167,-0.022199999999999998
200011,-0.1003,-0.0953,-0.015300000000000001,0.0613,0.0013,0.0296,-0.10189999999999999
200012,0.0998,0.0641,-0.0031,0.0225,0.11599999999999999,0.0647,0.0168
200101,0.1112,0.0232,-0.0559,-0.0682,0.0359,-0.1023,0.0379
200102,-0.0908,-0.1424,0.042,-0.0277,-0.003,0.061799999999999994,-0.0965
200103,-0.021,-0.1188,-0.0949,-0.0782,0.0513,0.0105,-0.0683
200104,0.1537,0.0969,0.11460000000000001,0.2205,0.0703,0.0541,0.0832
200105,-0.0018,0.0447,0.0259,0.0079,-0.0219,0.004699999999999999,0.01
200106,-0.0483,-0.08070000000000001,-0.1549,-0.0001,-0.0197,-0.061500000000000006,-0.0166
200107,-0.0235,-0.0583,0.0326,0.042300000000000004,0.0137,-0.0384,-0.0183
200108,-0.0527,-0.0226,-0.0633,-0.0126,-0.0713,0.0053,-0.0609
200109,-0.19879999999999998,-0.1338,-0.2919,0.0803,-0.17329999999999998,-0.066,-0.0896
200110,0.1058,0.0036,0.0642,-0.0473,0.050199999999999995,0.0176,0.027
200111,0.0796,0.10619999999999999,0.0934,0.0146,0.1065,-0.0143,0.07700000000000001
200112,0.0662,0.043899999999999995,0.0693,-0.0256,0.1331,0.0404,0.0176
200201,0.0227,0.018500000000000003,0.044800000000000006,0.09910000000000001,0.0236,-0.0433,-0.013
200202,0.0361,-0.0034000000000000002,0.09539999999999998,0.0116,0.0536,-0.0036,-0.0217
200203,0.1033,0.051,0.030299999999999997,0.0388,0.0085,0.10289999999999999,0.0437
200204,-0.0268,-0.014199999999999999,-0.044800000000000006,0.0361,0.08199999999999999,-0.0042,-0.0506
200205,-0.0447,0.0348,0.0021,0.0212,-0.0482,-0.0692,-0.0122
200206,-0.0748,-0.0688,-0.013999999999999999,0.056600000000000004,0.0213,-0.0581,-0.07100000000000001
200207,-0.1422,-0.09119999999999999,-0.051399999999999994,-0.22510000000000002,-0.179,-0.1219,-0.0804
200208,-0.0079,0.0007000000000000001,-0.10890000000000001,-0.026600000000000002,0.0058,0.034,0.0064
200209,-0.09970000000000001,-0.0974,-0.1192,0.028999999999999998,-0.0767,-0.10880000000000001,-0.102
200210,0.09949999999999999,0.0533,0.0038,-0.021099999999999997,0.0265,-0.0060999999999999995,0.0798
200211,0.1213,0.1127,0.0791,0.0379,0.029300000000000003,0.0158,0.0608
200212,-0.09230000000000001,-0.0449,-0.028399999999999998,-0.026699999999999998,-0.0302,0.0383,-0.0565
200301,-0.057800000000000004,-0.046900000000000004,-0.009000000000000001,-0.155,0.025699999999999997,-0.0321,-0.024699999999999996
200302,0.018600000000000002,-0.0009,-0.084,-0.0983,0.0006,-0.0398,-0.017899999999999996
200303,-0.0182,-0.0446,-0.0542,-0.0571,0.026099999999999998,0.0431,0.0119
200304,0.0873,0.1005,0.0861,0.11779999999999999,0.1363,0.0723,0.0828
200305,0.061500000000000006,0.0582,0.12029999999999999,0.07719999999999999,0.16699999999999998,0.1016,0.061399999999999996
200306,0.0254,-0.0068000000000000005,0.061200000000000004,0.0802,0.0177,0.0106,0.015199999999999998
200307,0.1001,0.06509999999999999,0.0317,0.1059,-0.026000000000000002,-0.054299999999999994,0.024
200308,0.07690000000000001,0.06570000000000001,0.0787,0.087,0.0691,0.0192,0.024
200309,-0.0789,-0.044199999999999996,-0.0652,-0.0814,0.0375,0.0384,-0.0116
200310,0.1281,0.10060000000000001,0.12,0.0638,0.16570000000000001,0.0151,0.0615
200311,0.04,0.073,0.0009,-0.0245,0.0596,0.0095,0.0142
200312,0.0345,0.0604,0.107,0.1213,-0.0004,0.058600000000000006,0.0437
200401,-0.016,-0.0084,0.025699999999999997,0.0158,-0.04769999999999999,0.0191,0.022199999999999998
200402,0.0046,-0.032400000000000005,-0.0085,-0.0004,0.10619999999999999,0.021099999999999997,0.014599999999999998
200403,0.0125,0.0073,-0.049800000000000004,-0.0331,0.0495,0.011399999999999999,-0.0123
200404,-0.025699999999999997,-0.024700000000000003,0.018600000000000002,0.0604,-0.1125,-0.035699999999999996,-0.017300000000000003
200405,0.0218,0.0069,0.0079,0.0166,0.013500000000000002,0.0126,0.0124
200406,0.059500000000000004,0.0662,0.0973,0.048,-0.0003,0.0203,0.0193
200407,-0.0621,-0.0727,0.0121,-0.0075,-0.018500000000000003,0.0106,-0.0394
200408,-0.024399999999999998,0.010700000000000001,0.0039000000000000003,-0.018000000000000002,0.0393,0.036699999999999997,0.0018000000000000002
200409,0.0608,0.0208,-0.0022,0.0526,0.081,0.0138,0.0171
200410,-0.0096,0.0276,-0.028999999999999998,0.0073,0.0096,0.0424,0.0153
200411,0.07690000000000001,0.0806,0.0666,0.07440000000000001,0.07429999999999999,0.0489,0.0468
200412,0.031400000000000004,0.039599999999999996,0.0108,-0.0276,0.1073,0.0248,0.0358
200501,-0.051100000000000007,-0.0034999999999999996,-0.009399999999999999,-0.0246,0.030899999999999997,0.0176,-0.0259
200502,0.0625,0.029900000000000003,0.0475,0.0174,0.0926,0.0236,0.020399999999999998
200503,-0.0291,-0.024399999999999998,0.024399999999999998,0.018500000000000003,-0.071,0.0060999999999999995,-0.0173
200504,-0.054000000000000006,-0.0793,-0.0042,-0.032400000000000005,-0.0345,0.0213,-0.023999999999999997
200505,0.0575,0.07339999999999999,0.0554,0.0385,0.1026,0.0166,0.0389
200506,0.005699999999999999,-0.0286,-0.0014000000000000002,0.0217,0.0889,0.0556,0.0081
200507,0.10369999999999999,0.0667,0.0174,0.06559999999999999,0.1116,0.0298,0.0416
200508,0.0123,0.0039000000000000003,-0.0002,-0.0012,-0.034,0.0125,-0.009000000000000001
200509,-0.0019,0.0227,0.009899999999999999,0.0458,0.011200000000000002,0.0438,0.007699999999999999
200510,-0.0466,-0.0391,-0.048,-0.027999999999999997,-0.1097,-0.06849999999999999,-0.0177
200511,0.0713,0.0644,0.056600000000000004,-0.0067,0.0729,-0.0022,0.0392
200512,0.0069,-0.0063,0.030699999999999998,0.0062,-0.0042,0.0124,0.0008000000000000004
200601,0.1159,0.0658,0.0143,0.050199999999999995,0.10800000000000001,0.030299999999999997,0.0338
200602,-0.0086,0.0323,0.048799999999999996,0.06,-0.0738,0.0023,0.0004000000000000002
200603,0.0316,0.0509,0.038,0.0296,0.021,-0.0365,0.0184
200604,0.0592,0.0076,0.053099999999999994,0.0444,-0.0134,0.0182,0.0109
200605,-0.0368,-0.042800000000000005,-0.0088,-0.0346,-0.0943,0.0151,-0.0313
200606,-0.0088,0.0129,-0.006500000000000001,0.0199,-0.0354,0.0242,0.0005000000000000004
200607,-0.06,-0.0613,-0.0349,-0.018799999999999997,-0.0665,0.0483,-0.0037
200608,-0.0066,0.013999999999999999,-0.0097,0.0115,0.0124,0.022799999999999997,0.024499999999999997
200609,0.0015,0.0346,0.0364,0.0437,-0.0355,-0.0212,0.0225
200610,0.0301,0.0492,0.0322,0.017,0.0582,0.0536,0.0363
200611,0.042300000000000004,0.020099999999999996,0.044199999999999996,0.0496,0.0765,0.030600000000000002,0.0212
200612,0.0005,-0.0054,0.0029,-0.015,-0.022799999999999997,0.0073,0.0125
200701,0.0138,0.0352,0.0393,0.049100000000000005,0.011399999999999999,0.0048,0.0182
200702,0.0262,-0.0154,-0.016399999999999998,-0.013500000000000002,-0.0341,0.0416,-0.015799999999999998
200703,0.026099999999999998,-0.0026,0.0058,0.0018,-0.0444,0.0433,0.0114
200704,0.066,0.0629,0.0679,0.0381,0.042800000000000005,0.0392,0.0393
200705,0.057999999999999996,0.0751,0.0682,0.027200000000000002,0.08289999999999999,0.011899999999999999,0.0364
200706,0.0158,-0.011699999999999999,-0.0155,-0.0298,-0.0737,-0.0482,-0.0156
200707,0.0124,0.0019,0.0472,-0.009300000000000001,-0.0732,-0.0373,-0.03320000000000001
200708,0.0131,0.0121,-0.015700000000000002,-0.0178,-0.0354,0.0184,0.013599999999999998
200709,0.0467,0.04650000000000001,0.0796,0.04769999999999999,-0.026699999999999998,0.0348,0.0354
200710,-0.012,-0.0025,-0.0192,0.0622,0.0713,0.06559999999999999,0.0211
200711,-0.0269,0.036699999999999997,-0.0345,-0.0537,-0.1192,-0.0070999999999999995,-0.0446
200712,0.0323,0.0060999999999999995,0.0029,0.0019,0.03,0.009000000000000001,-0.005999999999999999
200801,-0.09849999999999999,-0.1056,-0.07730000000000001,-0.034,-0.0124,-0.0693,-0.0612
200802,0.032,-0.0118,-0.023799999999999998,-0.0259,-0.0365,-0.030299999999999997,-0.029599999999999998
200803,-0.0068000000000000005,0.0034999999999999996,-0.046,0.012,0.0063,0.008100000000000001,-0.0076999999999999985
200804,0.095,0.0258,0.09359999999999999,0.08800000000000001,0.0394,0.0639,0.047900000000000005
200805,0.058600000000000006,0.11220000000000001,-0.004699999999999999,0.0361,0.0483,0.0359,0.0205
200806,-0.0622,-0.12179999999999999,-0.1809,-0.09230000000000001,-0.09230000000000001,-0.0040999999999999995,-0.0826
200807,-0.0516,-0.002,-0.0025,0.075,-0.026600000000000002,-0.071,-0.006
200808,0.0032,-0.013500000000000002,0.0377,0.0282,0.038900000000000004,-0.0046,0.0166
200809,-0.2095,-0.1582,-0.1387,-0.1956,-0.1485,-0.1184,-0.092
200810,-0.2978,-0.24710000000000001,-0.1442,-0.21050000000000002,-0.2626,-0.1112,-0.1712
200811,-0.0809,-0.0013,-0.1185,-0.1351,-0.041299999999999996,0.0126,-0.0771
200812,0.030899999999999997,0.055999999999999994,0.0746,0.1059,0.0843,-0.0204,0.0177
200901,-0.0983,-0.11939999999999999,-0.0437,-0.045599999999999995,-0.1177,-0.0084,-0.0809
200902,-0.1284,-0.1533,-0.1812,-0.21969999999999998,-0.1219,-0.1252,-0.1013
200903,0.11699999999999999,0.07730000000000001,0.0666,-0.0334,0.1523,0.0282,0.0903
200904,0.19640000000000002,0.2271,0.1518,0.2854,0.147,0.0209,0.1018
200905,0.042699999999999995,-0.0174,0.0941,0.0724,0.0,0.0464,0.0521
200906,-0.024900000000000002,0.014499999999999999,-0.0369,-0.0282,-0.0018,0.0464,0.0043
200907,0.1502,0.1274,0.0541,0.1367,0.1065,0.0441,0.0775
200908,0.017,0.022799999999999997,0.11130000000000001,0.12689999999999999,0.063,0.0025,0.033400000000000006
200909,0.0872,0.07339999999999999,0.056100000000000004,0.0875,-0.0325,0.022400000000000003,0.040900000000000006
200910,-0.0005,-0.057800000000000004,-0.0435,-0.071,-0.0902,-0.0271,-0.0253
200911,0.0601,0.058600000000000006,0.09390000000000001,0.055,-0.040999999999999995,0.0458,0.056299999999999996
200912,0.0384,0.0519,0.0352,0.0548,0.062400000000000004,0.0587,0.028099999999999997
201001,-0.0654,-0.0479,0.0088,-0.0913,-0.0017000000000000001,-0.044500000000000005,-0.0335
201002,0.08349999999999999,0.1047,0.0397,0.052000000000000005,0.0202,-0.0042,0.0339
201003,0.0638,0.0708,0.1091,0.1778,0.059500000000000004,0.031200000000000002,0.0631
201004,0.0602,0.0451,0.0222,0.2214,0.0958,0.0285,0.02
201005,-0.10339999999999999,-0.1012,-0.09609999999999999,-0.1133,-0.1072,-0.063,-0.0789
201006,-0.0545,-0.0712,-0.0567,-0.1711,-0.134,-0.0070999999999999995,-0.055499999999999994
201007,0.1419,0.1359,0.10289999999999999,0.1255,0.06860000000000001,0.0681,0.0693
201008,-0.0821,-0.0708,-0.0819,-0.09609999999999999,-0.0722,0.0036,-0.0477
201009,0.1602,0.1418,0.10099999999999999,0.1941,0.0968,0.0365,0.0956
201010,0.0453,0.049800000000000004,0.0608,0.014499999999999999,-0.0194,0.018600000000000002,0.0388
201011,0.0665,0.0406,-0.0051,-0.0028000000000000004,0.026600000000000002,-0.013600000000000001,0.006
201012,0.1041,0.056299999999999996,0.0409,0.1636,0.1452,0.0323,0.0683
201101,0.0547,0.0377,0.0506,0.0278,0.0668,0.0218,0.019899999999999998
201102,0.0405,0.0273,0.0281,0.0674,-0.0029,0.0242,0.0349
201103,0.0425,0.0096,0.0217,0.1802,0.0149,0.0092,0.004600000000000001
201104,0.0171,0.0032,0.0425,0.0168,0.0008,0.04,0.028999999999999998
201105,-0.058499999999999996,-0.060899999999999996,-0.0166,-0.0626,-0.0263,0.0132,-0.0127
201106,-0.005699999999999999,0.002,0.003,-0.0275,-0.049699999999999994,-0.0034000000000000002,-0.0174
201107,-0.0467,-0.0933,-0.0596,-0.0605,-0.0461,-0.0033,-0.0235
201108,-0.0815,-0.07919999999999999,-0.0718,-0.08960000000000001,-0.1014,0.002,-0.0595
201109,-0.16390000000000002,-0.1374,-0.0437,-0.18899999999999997,-0.1533,-0.0161,-0.0758
201110,0.2293,0.1869,0.1056,0.2933,0.1993,0.067,0.1133
201111,0.021099999999999997,0.057800000000000004,0.0174,0.0527,0.0282,0.0101,-0.0027
201112,-0.039,-0.0447,0.0029,0.0225,-0.0028000000000000004,0.0291,0.0075
201201,0.1276,0.1027,0.049,0.0472,0.0967,-0.0271,0.050499999999999996
201202,0.0447,0.017,0.042800000000000005,0.07490000000000001,0.060899999999999996,0.013000000000000001,0.044199999999999996
201203,-0.023799999999999998,0.010700000000000001,0.0004,-0.023799999999999998,0.0143,0.0148,0.031200000000000002
201204,-0.0161,-0.016399999999999998,0.0025,-0.0187,0.0212,0.017,-0.0085
201205,-0.1109,-0.0765,-0.07519999999999999,-0.10779999999999999,-0.0805,-0.0088,-0.061599999999999995
201206,0.0001,-0.020499999999999997,0.024399999999999998,0.0872,0.08130000000000001,0.0342,0.038900000000000004
201207,0.015,0.0342,-0.014199999999999999,0.0246,-0.0195,0.035,0.0079
201208,0.0408,0.0373,0.031,-0.0073,0.0796,-0.0346,0.0255
201209,0.02,-0.0017000000000000001,-0.0089,0.0397,0.06509999999999999,0.021099999999999997,0.0274
201210,-0.008,0.0129,0.0059,0.0286,0.0296,0.0109,-0.0175
201211,0.0168,0.0548,0.0409,0.0202,-0.0097,-0.0379,0.0079
201212,0.0414,0.037000000000000005,0.0239,0.0546,0.061799999999999994,0.0012,0.011899999999999999
201301,0.08070000000000001,0.0728,0.024700000000000003,0.0901,0.111,0.050499999999999996,0.0557
201302,-0.0113,0.0097,0.0363,0.0636,-0.0347,0.022000000000000002,0.0128
201303,0.0036,0.0062,0.0564,0.0645,0.06309999999999999,0.056900000000000006,0.0404
201304,-0.0126,-0.0141,0.0055000000000000005,-0.0286,-0.032400000000000005,0.0513,0.015600000000000001
201305,0.053,0.0407,0.0663,0.0174,0.0345,-0.07139999999999999,0.027999999999999997
201306,-0.0352,-0.0333,0.0123,-0.0196,-0.0692,0.008199999999999999,-0.012
201307,0.0437,0.0971,0.0688,0.0682,-0.005699999999999999,0.0458,0.0565
201308,-0.0031,-0.019799999999999998,-0.031200000000000002,0.0219,-0.0533,-0.0443,-0.0271
201309,0.0605,0.071,0.0858,0.0757,0.0761,0.0105,0.0377
201310,0.014499999999999999,0.055,0.0528,0.0647,0.0308,0.0334,0.0417
201311,0.0151,0.0339,0.046,0.076,0.024,-0.0181,0.0311
201312,0.0535,0.0323,0.0286,0.0728,0.06309999999999999,0.0179,0.0281
201401,-0.044199999999999996,-0.0273,-0.0384,0.0304,-0.0048,0.024900000000000002,-0.0332
201402,0.059500000000000004,0.038,0.0354,0.13419999999999999,0.045899999999999996,0.030899999999999997,0.0466
201403,0.0105,0.0009,-0.0129,-0.0022,-0.0349,0.0268,0.0043
201404,0.0138,-0.0083,0.013000000000000001,0.0091,-0.0408,0.0398,-0.0018
201405,0.005,-0.0051,0.0172,0.054299999999999994,0.0088,0.0001,0.020499999999999997
201406,0.0542,0.0358,-0.0233,0.013500000000000002,0.0192,0.054299999999999994,0.026000000000000002
201407,-0.0601,-0.06570000000000001,-0.060599999999999994,-0.0085,-0.0992,-0.064,-0.0203
201408,0.054400000000000004,0.0352,0.0548,0.091,0.0701,0.053099999999999994,0.0424
201409,-0.0677,-0.0484,-0.009300000000000001,-0.0172,-0.0764,-0.0338,-0.0196
201410,0.023399999999999997,0.0317,0.0176,-0.06309999999999999,0.0344,0.06709999999999999,0.025099999999999997
201411,-0.0101,-0.0005,0.052000000000000005,-0.027200000000000002,0.0126,0.0026,0.0256
201412,-0.0096,-0.0102,-0.0036,-0.034,-0.0166,0.018600000000000002,-0.0005
201501,-0.0767,-0.0547,0.011699999999999999,-0.022099999999999998,-0.0639,0.0124,-0.031
201502,0.0629,0.0552,0.055099999999999996,0.1825,0.1063,-0.0436,0.0613
201503,-0.0366,-0.0051,-0.0143,0.0067,0.016,-0.0031,-0.0111
201504,0.0213,0.0143,-0.0252,-0.07490000000000001,-0.0547,0.0028000000000000004,0.0059
201505,0.0022,0.0287,0.0167,0.0305,0.0127,-0.0043,0.0137
201506,-0.0086,-0.0345,-0.024,-0.0915,0.0305,-0.0527,-0.0152
201507,-0.0564,-0.042,-0.0192,0.0513,0.0064,0.0265,0.015700000000000002
201508,-0.035,-0.0895,-0.0507,-0.0495,-0.0256,-0.0408,-0.0602
201509,-0.09050000000000001,-0.08800000000000001,-0.0204,-0.099,-0.0518,-0.005,-0.030600000000000002
201510,0.0859,0.07980000000000001,0.09390000000000001,0.0745,0.0255,0.0209,0.0775
201511,0.0197,0.013500000000000002,-0.0052,0.013500000000000002,0.0633,-0.0342,0.005699999999999999
201512,-0.0571,-0.0019,-0.0134,-0.0883,-0.0634,-0.0239,-0.0214
201601,-0.0495,-0.08220000000000001,-0.0984,-0.06269999999999999,-0.10099999999999999,0.0467,-0.0573
201602,0.0489,0.0354,0.0341,-0.01,0.0018,0.0172,-0.00039999999999999996
201603,0.09789999999999999,0.0911,0.037200000000000004,0.09050000000000001,0.1207,0.0784,0.06970000000000001
201604,0.0347,0.0235,0.0509,0.054900000000000004,-0.0111,-0.008,0.0093
201605,0.0032,-0.01,-0.0174,-0.022099999999999998,0.0317,0.022400000000000003,0.0179
201606,-0.0077,-0.0015,0.008,0.0038,0.0008,0.07429999999999999,-9.999999999999996e-05
201607,0.0666,0.051699999999999996,0.0407,0.0516,0.0478,-0.0026,0.039599999999999996
201608,0.0397,0.0015,0.0011,0.03,0.0033,-0.0378,0.0050999999999999995
201609,0.0268,0.015700000000000002,-0.0066,-0.0034999999999999996,-0.0226,0.0183,0.0029000000000000002
201610,-0.0392,-0.056799999999999996,0.0259,-0.030299999999999997,-0.0417,-0.0066,-0.019899999999999998
201611,0.12480000000000001,0.09390000000000001,0.0836,0.1505,0.08800000000000001,-0.0265,0.04870000000000001
201612,-0.0024,-0.0073,0.0141,0.014199999999999999,0.0019,0.0361,0.018400000000000003
201701,0.0453,0.0406,0.0187,0.029500000000000002,0.048799999999999996,0.0109,0.0198
201702,0.022000000000000002,0.0225,0.06709999999999999,0.0178,0.0226,0.0385,0.035899999999999994
201703,0.0151,0.0055000000000000005,-0.016200000000000003,-0.042,0.0345,0.0038,0.002
201704,0.04019999999999999,-0.0045000000000000005,0.0473,0.030899999999999997,0.0022,0.0032,0.011300000000000001
201705,0.029900000000000003,-0.021,0.0305,-0.0215,-0.0279,0.024399999999999998,0.011300000000000001
201706,-0.0016,0.0199,0.016,0.0436,0.0584,-0.0191,0.0085
201707,0.030600000000000002,-0.0002,0.07730000000000001,-0.030899999999999997,-0.0012,0.029900000000000003,0.019499999999999997
201708,-0.0184,-0.0268,0.0235,0.0036,0.0005,0.0218,0.0027
201709,0.0913,0.0559,0.0246,0.0789,0.0732,-0.0195,0.025800000000000003
201710,0.055999999999999994,0.0464,0.019,0.0223,0.0932,0.0302,0.0235
201711,0.022000000000000002,0.0052,0.0405,0.0345,0.08990000000000001,0.0242,0.032
201712,0.0248,0.0331,0.0405,0.015700000000000002,0.0069,-0.049800000000000004,0.0115
201801,0.0383,0.0227,0.1322,-0.0134,-0.0118,-0.0281,0.0569
201802,-0.042199999999999994,-0.0555,-0.0015,0.0296,-0.1008,-0.0454,-0.035300000000000005
201803,-0.0115,-0.0147,-0.061,-0.008100000000000001,0.018600000000000002,0.0317,-0.0223
201804,-0.056299999999999996,-0.0659,-0.0182,-0.005,-0.0083,0.0278,0.0041
201805,0.0288,0.07980000000000001,0.0451,0.03,-0.0060999999999999995,0.0027,0.028000000000000004
201806,-0.0501,-0.0146,-0.0319,-0.0026,-0.0189,0.025699999999999997,0.0063
201807,0.0611,0.0908,0.0719,0.0888,-0.0022,0.0168,0.0336
201808,-0.0212,-0.0022,-0.0239,0.0116,0.006999999999999999,0.009300000000000001,0.0361
201809,0.0083,-0.002,0.06709999999999999,0.0245,-0.049800000000000004,-0.005699999999999999,0.0021
201810,-0.1408,-0.11789999999999999,-0.0928,-0.17010000000000003,-0.0915,-0.0006,-0.0746
201811,0.0727,0.0363,0.0076,0.07400000000000001,0.0168,0.0326,0.0189
201812,-0.09630000000000001,-0.1229,-0.10189999999999999,-0.1747,-0.0962,-0.04769999999999999,-0.0936
201901,0.1094,0.1134,0.1551,0.064,0.1354,0.0538,0.0858
201902,0.038900000000000004,0.0536,0.10300000000000001,0.030299999999999997,0.0209,0.0355,0.036000000000000004
201903,0.0025,-0.038900000000000004,-0.0676,-0.0374,0.0282,0.0333,0.012900000000000002
201904,0.0645,0.064,0.0354,0.0408,0.0806,0.01,0.0418
201905,-0.11789999999999999,-0.11699999999999999,-0.08810000000000001,-0.11599999999999999,-0.049400000000000006,-0.0155,-0.06709999999999999
201906,0.1232,0.1065,0.0719,0.1045,0.055999999999999994,0.0364,0.0717
201907,0.0060999999999999995,-0.008100000000000001,-0.0223,0.030699999999999998,0.0026,-0.0101,0.0142
201908,-0.0638,-0.0516,0.0406,-0.1001,0.0319,0.0345,-0.023899999999999998
201909,0.0608,0.0557,0.023399999999999997,0.0434,0.0644,0.0394,0.0159
201910,0.063,0.0304,-0.0378,0.004699999999999999,0.0191,-0.0139,0.0222
201911,0.0296,0.0892,0.061500000000000006,0.11720000000000001,0.019,-0.021400000000000002,0.0399
201912,0.0387,0.023799999999999998,-0.053,0.0029,-0.0265,0.0412,0.0291
202001,-0.0512,-0.0438,0.0019,-0.0235,0.059500000000000004,0.0483,0.00019999999999999987
202002,-0.053200000000000004,-0.06509999999999999,-0.1219,-0.1096,-0.0868,-0.0989,-0.0803
202003,-0.17489999999999997,-0.2107,-0.358,-0.23550000000000001,-0.3214,-0.1305,-0.13249999999999998
202004,0.0974,0.1458,0.0703,0.1283,0.2202,0.0518,0.136
202005,0.0711,0.09609999999999999,0.0521,0.0837,0.1503,0.0463,0.0558
202006,0.048499999999999995,0.052300000000000006,0.0693,-0.049400000000000006,0.021400000000000002,-0.050199999999999995,0.0246
202007,0.0889,0.08869999999999999,-0.0794,0.039,0.1323,0.0634,0.0584
202008,0.047599999999999996,0.1229,0.0885,0.0028000000000000004,0.0724,-0.0225,0.0763
202009,0.0037,0.0074,-0.053099999999999994,-0.059000000000000004,0.0392,-0.0032,-0.0363
202010,0.0239,-0.0049,-0.0623,-0.011899999999999999,-0.058899999999999994,0.0447,-0.0207
202011,0.17559999999999998,0.18289999999999998,0.3257,0.1825,0.1112,0.026600000000000002,0.1246
202012,0.0282,0.0363,0.0241,0.0398,0.0113,0.0062,0.046400000000000004
202101,0.0217,0.0265,-0.0748,0.0039000000000000003,0.0592,-0.0044,-0.0007000000000000001
202102,0.11869999999999999,0.0649,0.0898,0.053,0.0414,-0.045899999999999996,0.0281
202103,0.0726,0.0443,0.11630000000000001,0.0767,0.1334,0.1039,0.0317
202104,0.0225,-0.0072,0.0132,0.029500000000000002,0.0701,0.0398,0.0495
202105,0.0235,-0.002,0.0521,0.0038,-0.0111,-0.0116,0.003
202106,-0.0134,0.0594,-0.0275,-0.019,-0.0458,-0.014199999999999999,0.0274
202107,0.0036,-0.0043,-0.011899999999999999,0.0171,0.032400000000000005,0.0297,0.0134
202108,0.0104,0.0169,-0.0199,0.0271,0.0104,0.0323,0.0294
202109,-0.076,-0.0625,0.0039000000000000003,-0.0453,-0.08529999999999999,-0.0487,-0.044000000000000004
202110,0.0484,0.13470000000000001,0.0004,0.0434,0.0746,0.051100000000000007,0.0663
202111,0.012199999999999999,-0.0354,-0.0625,-0.0483,0.037599999999999995,-0.0197,-0.0158
202112,0.045700000000000005,-0.0401,0.061,0.053099999999999994,0.0883,0.08560000000000001,0.032400000000000005
202201,-0.0653,-0.1442,0.0023,-0.0319,-0.1344,-0.021,-0.0616
202202,-0.045899999999999996,0.0025,0.0958,0.057999999999999996,-0.0391,-0.0109,-0.022799999999999997
202203,0.0294,0.0125,-0.0242,0.0292,-0.0548,0.0969,0.0308
202204,-0.1013,-0.1338,-0.0932,-0.053399999999999996,-0.0637,-0.0371,-0.0941
202205,0.030899999999999997,-0.0097,-0.0333,0.019,0.054900000000000004,0.048,-0.0031000000000000003
202206,-0.1366,-0.1017,-0.0143,-0.07730000000000001,-0.1009,-0.0654,-0.0834
202207,0.135,0.2164,0.0633,0.0827,0.1534,0.06269999999999999,0.0965
202208,-0.050199999999999995,-0.042800000000000005,-0.0171,-0.0239,-0.0583,0.0011,-0.0358
202209,-0.09759999999999999,-0.10490000000000001,-0.12789999999999999,-0.0758,-0.08,-0.1161,-0.0915
202210,0.1689,0.024399999999999998,0.1594,0.1714,0.11710000000000001,0.0345,0.0808
202211,0.09970000000000001,0.056299999999999996,0.086,0.031,0.0819,0.06849999999999999,0.049400000000000006
202212,-0.0418,-0.07519999999999999,0.019799999999999998,-0.0187,-0.0021,-0.011200000000000002,-0.0605
202301,0.0806,0.1232,0.039599999999999996,0.013999999999999999,0.1407,-0.012199999999999999,0.06960000000000001
202302,-0.0086,0.0331,-0.018799999999999997,-0.0007000000000000001,-0.0084,-0.053200000000000004,-0.022299999999999997
202303,0.0039000000000000003,-0.0383,0.0144,-0.0403,0.0385,0.0395,0.028399999999999998
202304,-0.04019999999999999,-0.0525,-0.0058,-0.032,0.06309999999999999,0.0172,0.0097
202305,-0.0091,0.0115,-0.041299999999999996,-0.037000000000000005,-0.009899999999999999,-0.0583,0.007
202306,0.1409,0.1765,0.0727,0.17859999999999998,0.1591,0.025099999999999997,0.06860000000000001
202307,0.0602,0.039,0.0176,0.0526,0.037000000000000005,0.0277,0.036599999999999994
202308,-0.0179,-0.08650000000000001,-0.023700000000000002,-0.0557,-0.0179,-0.0536,-0.0191
202309,-0.0669,-0.0742,-0.1061,-0.0545,-0.0931,-0.050499999999999996,-0.04800000000000001
202310,-0.0697,-0.1293,0.0377,-0.0049,-0.056900000000000006,0.0102,-0.0268
202311,0.09910000000000001,0.1008,0.11259999999999999,0.0962,0.1675,0.051500000000000004,0.0932
202312,0.1036,0.1321,0.0663,0.0971,0.1631,0.0173,0.05279999999999999
202401,-0.002,-0.0926,-0.023700000000000002,0.0104,-0.0279,-0.0301,0.012
202402,0.0863,0.0808,0.019799999999999998,0.0894,0.10830000000000001,0.0239,0.054900000000000004
202403,0.058600000000000006,0.05,0.0321,0.0253,0.0932,0.0704,0.0327
202404,-0.057,-0.0761,-0.0152,0.0387,-0.0733,0.0158,-0.041800000000000004
202405,0.018799999999999997,0.0467,0.0765,0.0296,0.058499999999999996,0.0803,0.0477
202406,0.0219,-0.0443,-0.0351,-0.0583,-0.050499999999999996,-0.0416,0.0321
202407,-0.0028000000000000004,0.0757,0.086,0.054299999999999994,0.16079999999999997,0.0639,0.0167
202408,-0.013600000000000001,-0.0331,0.0121,0.0338,0.013600000000000001,0.0458,0.0208
202409,0.0467,0.0125,-0.018799999999999997,0.0379,0.0521,0.053399999999999996,0.0212
202410,-0.0481,-0.0023,-0.0199,-0.0337,-0.0521,0.0069,-0.0060999999999999995
202411,0.065,0.1081,0.031200000000000002,0.07200000000000001,0.09140000000000001,0.0621,0.0689
202412,-0.08839999999999999,-0.084,-0.0226,-0.0581,-0.1527,-0.07780000000000001,-0.027999999999999997
202501,0.0601,0.0242,0.054000000000000006,0.08560000000000001,0.0179,0.0292,0.0317
202502,-0.04,-0.0803,0.0178,-0.1133,-0.10980000000000001,0.0202,-0.021099999999999997
202503,-0.057800000000000004,-0.1036,-0.0027,-0.0023,-0.0412,0.0076,-0.0605
202504,-0.0305,-0.022799999999999997,0.0087,0.0246,0.0315,-0.0132,-0.0049
202505,0.0816,0.16510000000000002,0.1052,0.06709999999999999,0.075,0.034300000000000004,0.0644
202506,0.07400000000000001,0.09390000000000001,0.061,0.044000000000000004,0.0917,0.0101,0.052000000000000005
202507,0.0351,0.1308,0.049100000000000005,-0.0338,0.0895,0.0337,0.0232
202508,-0.0208,0.0178,0.0032,0.0103,0.0645,-0.0159,0.0222
202509,0.0907,0.086,0.046799999999999994,0.0373,0.0374,0.0398,0.0372
202510,0.085,0.16870000000000002,0.0189,0.0335,-0.0009,0.0044,0.0233
202511,0.0105,-0.07769999999999999,-0.0227,0.009000000000000001,0.031,0.028999999999999998,0.0017000000000000001
202512,0.015,-0.0516,0.0387,0.038,-0.07200000000000001,-0.042699999999999995,-0.00019999999999999966
202601,0.1727,0.19649999999999998,0.0507,0.1188,0.10189999999999999,0.0286,0.0133
202602,0.0947,0.005,0.0506,0.12029999999999999,0.11689999999999999,0.099,-0.008899999999999998
202603,-0.087,-0.0718,-0.11130000000000001,-0.079,-0.08529999999999999,-0.020499999999999997,-0.0489
202604,0.1524,0.28850000000000003,0.0155,0.044800000000000006,0.1938,0.020499999999999997,0.10239999999999999
202605,0.0426,0.0637,0.061900000000000004,-0.055099999999999996,-0.0137,-0.049699999999999994,0.0522
202606,0.2713,0.034300000000000004,0.0604,0.0105,0.0638,0.027999999999999997,-0.007800000000000001
202607,-0.21059999999999998,-0.19640000000000002,0.0165,0.0824,-0.12240000000000001,-0.0178,-0.0027
