country,year,iso_code,population,gdp,biofuel_cons_change_pct,biofuel_cons_change_twh,biofuel_cons_per_capita,biofuel_consumption,biofuel_elec_per_capita,biofuel_electricity,biofuel_share_elec,biofuel_share_energy,carbon_intensity_elec,coal_cons_change_pct,coal_cons_change_twh,coal_cons_per_capita,coal_consumption,coal_elec_per_capita,coal_electricity,coal_prod_change_pct,coal_prod_change_twh,coal_prod_per_capita,coal_production,coal_share_elec,coal_share_energy,electricity_demand,electricity_demand_per_capita,electricity_generation,electricity_share_energy,energy_cons_change_pct,energy_cons_change_twh,energy_per_capita,energy_per_gdp,fossil_cons_change_pct,fossil_cons_change_twh,fossil_elec_per_capita,fossil_electricity,fossil_energy_per_capita,fossil_fuel_consumption,fossil_share_elec,fossil_share_energy,gas_cons_change_pct,gas_cons_change_twh,gas_consumption,gas_elec_per_capita,gas_electricity,gas_energy_per_capita,gas_prod_change_pct,gas_prod_change_twh,gas_prod_per_capita,gas_production,gas_share_elec,gas_share_energy,greenhouse_gas_emissions,hydro_cons_change_pct,hydro_cons_change_twh,hydro_consumption,hydro_elec_per_capita,hydro_electricity,hydro_energy_per_capita,hydro_share_elec,hydro_share_energy,low_carbon_cons_change_pct,low_carbon_cons_change_twh,low_carbon_consumption,low_carbon_elec_per_capita,low_carbon_electricity,low_carbon_energy_per_capita,low_carbon_share_elec,low_carbon_share_energy,net_elec_imports,net_elec_imports_share_demand,nuclear_cons_change_pct,nuclear_cons_change_twh,nuclear_consumption,nuclear_elec_per_capita,nuclear_electricity,nuclear_energy_per_capita,nuclear_share_elec,nuclear_share_energy,oil_cons_change_pct,oil_cons_change_twh,oil_consumption,oil_elec_per_capita,oil_electricity,oil_energy_per_capita,oil_prod_change_pct,oil_prod_change_twh,oil_prod_per_capita,oil_production,oil_share_elec,oil_share_energy,other_renewable_consumption,other_renewable_electricity,other_renewable_exc_biofuel_electricity,other_renewables_cons_change_pct,other_renewables_cons_change_twh,other_renewables_elec_per_capita,other_renewables_elec_per_capita_exc_biofuel,other_renewables_energy_per_capita,other_renewables_share_elec,other_renewables_share_elec_exc_biofuel,other_renewables_share_energy,per_capita_electricity,primary_energy_consumption,renewables_cons_change_pct,renewables_cons_change_twh,renewables_consumption,renewables_elec_per_capita,renewables_electricity,renewables_energy_per_capita,renewables_share_elec,renewables_share_energy,solar_cons_change_pct,solar_cons_change_twh,solar_consumption,solar_elec_per_capita,solar_electricity,solar_energy_per_capita,solar_share_elec,solar_share_energy,wind_cons_change_pct,wind_cons_change_twh,wind_consumption,wind_elec_per_capita,wind_electricity,wind_energy_per_capita,wind_share_elec,wind_share_energy
China,1900,CHN,395929430,388800000000,,,,,,,,,,,,,,,,,,0.000,0.000,,,,,,,,,,,,,,,,,,,,,,,,,,,0.000,0.000,,,,,,,,,,,,,,,,,,,,,,,,,,,,,,,,,,,,,,0.000,0.000,,,,,,,,,,,,,,,,,,,,,,,,,,,,,,,,,,,,,,,
China,1901,CHN,397991980,,,,,,,,,,,,,,,,,,0.000,0.000,0.000,,,,,,,,,,,,,,,,,,,,,,,,,,0.000,0.000,0.000,,,,,,,,,,,,,,,,,,,,,,,,,,,,,,,,,,,,,0.000,0.000,0.000,,,,,,,,,,,,,,,,,,,,,,,,,,,,,,,,,,,,,,,
China,1902,CHN,400101986,,,,,,,,,,,,,,,,,,0.291,0.726,0.291,,,,,,,,,,,,,,,,,,,,,,,,,,0.000,0.000,0.000,,,,,,,,,,,,,,,,,,,,,,,,,,,,,,,,,,,,,0.000,0.000,0.000,,,,,,,,,,,,,,,,,,,,,,,,,,,,,,,,,,,,,,,
China,1903,CHN,402259874,,,,,,,,,,,,,,,,,1972.000,5.731,14.970,6.022,,,,,,,,,,,,,,,,,,,,,,,,,,0.000,0.000,0.000,,,,,,,,,,,,,,,,,,,,,,,,,,,,,,,,,,,,,0.000,0.000,0.000,,,,,,,,,,,,,,,,,,,,,,,,,,,,,,,,,,,,,,,
China,1904,CHN,404429383,,,,,,,,,,,,,,,,,6.467,0.389,15.853,6.411,,,,,,,,,,,,,,,,,,,,,,,,,,0.000,0.000,0.000,,,,,,,,,,,,,,,,,,,,,,,,,,,,,,,,,,,,,0.000,0.000,0.000,,,,,,,,,,,,,,,,,,,,,,,,,,,,,,,,,,,,,,,
China,1905,CHN,406610574,,,,,,,,,,,,,,,,,9.973,0.639,17.340,7.051,,,,,,,,,,,,,,,,,,,,,,,,,,0.000,0.000,0.000,,,,,,,,,,,,,,,,,,,,,,,,,,,,,,,,,,,,,0.000,0.000,0.000,,,,,,,,,,,,,,,,,,,,,,,,,,,,,,,,,,,,,,,
China,1906,CHN,408803510,,,,,,,,,,,,,,,,,644.683,45.455,128.438,52.506,,,,,,,,,,,,,,,,,,,,,,,,,,0.000,0.000,0.000,,,,,,,,,,,,,,,,,,,,,,,,,,,,,,,,,,,,,0.000,0.000,0.000,,,,,,,,,,,,,,,,,,,,,,,,,,,,,,,,,,,,,,,
China,1907,CHN,411008255,,,,,,,,,,,,,,,,,-1.583,-0.831,125.727,51.675,,,,,,,,,,,,,,,,,,,,,,,,,,0.000,0.000,0.000,,,,,,,,,,,,,,,,,,,,,,,,,,,,,,,,,,,,,0.000,0.000,0.000,,,,,,,,,,,,,,,,,,,,,,,,,,,,,,,,,,,,,,,
China,1908,CHN,413224872,,,,,,,,,,,,,,,,,34.983,18.077,168.799,69.752,,,,,,,,,,,,,,,,,,,,,,,,,,0.000,0.000,0.000,,,,,,,,,,,,,,,,,,,,,,,,,,,,,,,,,,,,,0.000,0.000,0.000,,,,,,,,,,,,,,,,,,,,,,,,,,,,,,,,,,,,,,,
China,1909,CHN,415905832,,,,,,,,,,,,,,,,,-8.333,-5.813,153.735,63.939,,,,,,,,,,,,,,,,,,,,,,,,,,0.000,0.000,0.000,,,,,,,,,,,,,,,,,,,,,,,,,,,,,,,,,,,,,0.000,0.000,0.000,,,,,,,,,,,,,,,,,,,,,,,,,,,,,,,,,,,,,,,
China,1910,CHN,419058430,,,,,,,,,,,,,,,,,-10.018,-6.406,137.293,57.534,,,,,,,,,,,,,,,,,,,,,,,,,,0.000,0.000,0.000,,,,,,,,,,,,,,,,,,,,,,,,,,,,,,,,,,,,,0.000,0.000,0.000,,,,,,,,,,,,,,,,,,,,,,,,,,,,,,,,,,,,,,,
China,1911,CHN,422690056,387034110000,,,,,,,,,,,,,,,,48.515,27.912,202.149,85.446,,,,,,,,,,,,,,,,,,,,,,,,,,0.000,0.000,0.000,,,,,,,,,,,,,,,,,,,,,,,,,,,,,,,,,,,,,0.000,0.000,0.000,,,,,,,,,,,,,,,,,,,,,,,,,,,,,,,,,,,,,,,
China,1912,CHN,426808190,,,,,,,,,,,,,,,,,-64.857,-55.418,70.355,30.028,,,,,,,,,,,,,,,,,,,,,,,,,,0.000,0.000,0.000,,,,,,,,,,,,,,,,,,,,,,,,,,,,,,,,,,,,,0.000,0.000,0.000,,,,,,,,,,,,,,,,,,,,,,,,,,,,,,,,,,,,,,,
China,1913,CHN,431420404,430582900000,,,,,,,,,,,,,,,,9.911,2.976,76.502,33.004,,,,,,,,,,,,,,,,,,,,,,,,,,0.000,0.000,0.000,,,,,,,,,,,,,,,,,,,,,,,,,,,,,,,,,,,,,0.000,0.000,0.000,,,,,,,,,,,,,,,,,,,,,,,,,,,,,,,,,,,,,,,
China,1914,CHN,436082439,,,,,,,,,,,,,,,,,40.437,13.346,106.288,46.350,,,,,,,,,,,,,,,,,,,,,,,,,,0.000,0.000,0.000,,,,,,,,,,,,,,,,,,,,,,,,,,,,,,,,,,,,,0.000,0.000,0.000,,,,,,,,,,,,,,,,,,,,,,,,,,,,,,,,,,,,,,,
China,1915,CHN,440794834,,,,,,,,,,,,,,,,,6.509,3.017,111.995,49.367,,,,,,,,,,,,,,,,,,,,,,,,,,0.000,0.000,0.000,,,,,,,,,,,,,,,,,,,,,,,,,,,,,,,,,,,,,0.000,0.000,0.000,,,,,,,,,,,,,,,,,,,,,,,,,,,,,,,,,,,,,,,
China,1916,CHN,445558131,,,,,,,,,,,,,,,,,11.657,5.755,123.714,55.122,,,,,,,,,,,,,,,,,,,,,,,,,,0.000,0.000,0.000,,,,,,,,,,,,,,,,,,,,,,,,,,,,,,,,,,,,,0.000,0.000,0.000,,,,,,,,,,,,,,,,,,,,,,,,,,,,,,,,,,,,,,,
China,1917,CHN,450372881,,,,,,,,,,,,,,,,,10.503,5.789,135.246,60.911,,,,,,,,,,,,,,,,,,,,,,,,,,0.000,0.000,0.000,,,,,,,,,,,,,,,,,,,,,,,,,,,,,,,,,,,,,0.000,0.000,0.000,,,,,,,,,,,,,,,,,,,,,,,,,,,,,,,,,,,,,,,
China,1918,CHN,455336427,,,,,,,,,,,,,,,,,6.012,3.662,141.814,64.573,,,,,,,,,,,,,,,,,,,,,,,,,,0.000,0.000,0.000,,,,,,,,,,,,,,,,,,,,,,,,,,,,,,,,,,,,,0.000,0.000,0.000,,,,,,,,,,,,,,,,,,,,,,,,,,,,,,,,,,,,,,,
China,1919,CHN,459658818,,,,,,,,,,,,,,,,,15.267,9.858,161.927,74.431,,,,,,,,,,,,,,,,,,,,,,,,,,0.000,0.000,0.000,,,,,,,,,,,,,,,,,,,,,,,,,,,,,,,,,,,,,0.000,0.000,0.000,,,,,,,,,,,,,,,,,,,,,,,,,,,,,,,,,,,,,,,
China,1920,CHN,463330522,,,,,,,,,,,,,,,,,10.355,7.708,177.279,82.139,,,,,,,,,,,,,,,,,,,,,,,,,,0.000,0.000,0.000,,,,,,,,,,,,,,,,,,,,,,,,,,,,,,,,,,,,,0.000,0.000,0.000,,,,,,,,,,,,,,,,,,,,,,,,,,,,,,,,,,,,,,,
China,1921,CHN,466341893,,,,,,,,,,,,,,,,,-5.527,-4.540,166.400,77.599,,,,,,,,,,,,,,,,,,,,,,,,,,0.000,0.000,0.000,,,,,,,,,,,,,,,,,,,,,,,,,,,,,,,,,,,,,0.000,0.000,0.000,,,,,,,,,,,,,,,,,,,,,,,,,,,,,,,,,,,,,,,
China,1922,CHN,468683169,,,,,,,,,,,,,,,,,5.318,4.127,174.374,81.726,,,,,,,,,,,,,,,,,,,,,,,,,,0.000,0.000,0.000,,,,,,,,,,,,,,,,,,,,,,,,,,,,,,,,,,,,,0.000,0.000,0.000,,,,,,,,,,,,,,,,,,,,,,,,,,,,,,,,,,,,,,,
China,1923,CHN,470344471,,,,,,,,,,,,,,,,,20.718,16.932,209.758,98.659,,,,,,,,,,,,,,,,,,,,,,,,,,0.000,0.000,0.000,,,,,,,,,,,,,,,,,,,,,,,,,,,,,,,,,,,,,0.000,0.000,0.000,,,,,,,,,,,,,,,,,,,,,,,,,,,,,,,,,,,,,,,
China,1924,CHN,472011663,,,,,,,,,,,,,,,,,9.144,9.021,228.130,107.680,,,,,,,,,,,,,,,,,,,,,,,,,,0.000,0.000,0.000,,,,,,,,,,,,,,,,,,,,,,,,,,,,,,,,,,,,,0.000,0.000,0.000,,,,,,,,,,,,,,,,,,,,,,,,,,,,,,,,,,,,,,,
China,1925,CHN,473684764,,,,,,,,,,,,,,,,,-5.328,-5.737,215.212,101.943,,,,,,,,,,,,,,,,,,,,,,,,,,0.000,0.000,0.000,,,,,,,,,,,,,,,,,,,,,,,,,,,,,,,,,,,,,0.000,0.000,0.000,,,,,,,,,,,,,,,,,,,,,,,,,,,,,,,,,,,,,,,
China,1926,CHN,475363795,,,,,,,,,,,,,,,,,-10.953,-11.166,190.962,90.777,,,,,,,,,,,,,,,,,,,,,,,,,,0.000,0.000,0.000,,,,,,,,,,,,,,,,,,,,,,,,,,,,,,,,,,,,,0.023,0.049,0.023,,,,,,,,,,,,,,,,,,,,,,,,,,,,,,,,,,,,,,,
China,1927,CHN,477048778,,,,,,,,,,,,,,,,,13.300,12.073,215.595,102.849,,,,,,,,,,,,,,,,,,,,,,,,,,0.000,0.000,0.000,,,,,,,,,,,,,,,,,,,,,,,,,,,,,,,,,,,,50.000,0.012,0.073,0.035,,,,,,,,,,,,,,,,,,,,,,,,,,,,,,,,,,,,,,,
China,1928,CHN,478739734,,,,,,,,,,,,,,,,,1.616,1.662,218.306,104.512,,,,,,,,,,,,,,,,,,,,,,,,,,0.000,0.000,0.000,,,,,,,,,,,,,,,,,,,,,,,,,,,,,,,,,,,,0.000,0.000,0.073,0.035,,,,,,,,,,,,,,,,,,,,,,,,,,,,,,,,,,,,,,,
China,1929,CHN,480666438,488734819000,,,,,,,,,,,,,,,,4.861,5.080,228.000,109.592,,,,,,,,,,,,,,,,,,,,,,,,,,0.000,0.000,0.000,,,,,,,,,,,,,,,,,,,,,,,,,,,,,,,,,,,,33.333,0.012,0.097,0.047,,,,,,,,,,,,,,,,,,,,,,,,,,,,,,,,,,,,,,,
China,1930,CHN,482831090,494868000000,,,,,,,,,,,,,,,,5.505,6.034,239.474,115.626,,,,,,,,,,,,,,,,,,,,,,,,,,0.000,0.000,0.000,,,,,,,,,,,,,,,,,,,,,,,,,,,,,,,,,,,,1150.000,0.535,1.204,0.581,,,,,,,,,,,,,,,,,,,,,,,,,,,,,,,,,,,,,,,
China,1931,CHN,485235901,500029600000,,,,,,,,,,,,,,,,6.038,6.981,252.674,122.607,,,,,,,,,,,,,,,,,,,,,,,,,,0.000,0.000,0.000,,,,,,,,,,,,,,,,,,,,,,,,,,,,,,,,,,,,22.000,0.128,1.462,0.709,,,,,,,,,,,,,,,,,,,,,,,,,,,,,,,,,,,,,,,
China,1932,CHN,487883101,515662973000,,,,,,,,,,,,,,,,-4.172,-5.115,240.819,117.492,,,,,,,,,,,,,,,,,,,,,,,,,,0.000,0.000,0.000,,,,,,,,,,,,,,,,,,,,,,,,,,,,,,,,,,,,14.754,0.105,1.669,0.814,,,,,,,,,,,,,,,,,,,,,,,,,,,,,,,,,,,,,,,
China,1933,CHN,490774936,461500000000,,,,,,,,,,,,,,,,9.212,10.823,261.453,128.315,,,,,,,,,,,,,,,,,,,,,,,,,,0.000,0.000,0.000,,,,,,,,,,,,,,,,,,,,,,,,,,,,,,,,,,,,24.286,0.198,2.062,1.012,,,,,,,,,,,,,,,,,,,,,,,,,,,,,,,,,,,,,,,
China,1934,CHN,493683911,470972743000,,,,,,,,,,,,,,,,16.879,21.658,303.783,149.973,,,,,,,,,,,,,,,,,,,,,,,,,,0.000,0.000,0.000,,,,,,,,,,,,,,,,,,,,,,,,,,,,,,,,,,,,5.747,0.058,2.167,1.070,,,,,,,,,,,,,,,,,,,,,,,,,,,,,,,,,,,,,,,
China,1935,CHN,496610129,508829044000,,,,,,,,,,,,,,,,16.635,24.948,352.230,174.921,,,,,,,,,,,,,,,,,,,,,,,,,,0.000,0.000,0.000,,,,,,,,,,,,,,,,,,,,,,,,,,,,,,,,,,,,53.261,0.570,3.302,1.640,,,,,,,,,,,,,,,,,,,,,,,,,,,,,,,,,,,,,,,
China,1936,CHN,499553692,540976335000,,,,,,,,,,,,,,,,12.299,21.513,393.218,196.434,,,,,,,,,,,,,,,,,,,,,,,,,,0.000,0.000,0.000,,,,,,,,,,,,,,,,,,,,,,,,,,,,,,,,,,,,17.730,0.291,3.865,1.931,,,,,,,,,,,,,,,,,,,,,,,,,,,,,,,,,,,,,,,
China,1937,CHN,502514702,528001760000,,,,,,,,,,,,,,,,-7.123,-13.991,363.059,182.442,,,,,,,,,,,,,,,,,,,,,,,,,,0.000,0.000,0.000,,,,,,,,,,,,,,,,,,,,,,,,,,,,,,,,,,,,16.867,0.326,4.490,2.256,,,,,,,,,,,,,,,,,,,,,,,,,,,,,,,,,,,,,,,
China,1938,CHN,505493263,514876008000,,,,,,,,,,,,,,,,-8.405,-15.334,330.585,167.109,,,,,,,,,,,,,,,,,,,,,,,,,,0.000,0.000,0.000,,,,,,,,,,,,,,,,,,,,,,,,,,,,,,,,,,,,40.206,0.907,6.258,3.163,,,,,,,,,,,,,,,,,,,,,,,,,,,,,,,,,,,,,,,
China,1939,CHN,508423146,,,,,,,,,,,,,,,,,20.658,34.521,396.579,201.630,,,,,,,,,,,,,,,,,,,,,,,,,,0.000,0.000,0.000,,,,,,,,,,,,,,,,,,,,,,,,,,,,,,,,,,,,41.176,1.303,8.784,4.466,,,,,,,,,,,,,,,,,,,,,,,,,,,,,,,,,,,,,,,
China,1940,CHN,511303712,,,,,,,,,,,,,,,,,27.808,56.069,504.004,257.699,,,,,,,,,,,,,,,,,,,,,,,,,,0.000,0.000,0.000,,,,,,,,,,,,,,,,,,,,,,,,,,,,,,,,,,,,52.344,2.338,13.306,6.804,,,,,,,,,,,,,,,,,,,,,,,,,,,,,,,,,,,,,,,
China,1941,CHN,514134316,,,,,,,,,,,,,,,,,25.012,64.457,626.599,322.156,,,,,,,,,,,,,,,,,,,,,,,,,,0.000,0.000,0.000,,,,,,,,,,,,,,,,,,,,,,,,,,,,,,,,,,,,13.333,0.907,14.997,7.711,,,,,,,,,,,,,,,,,,,,,,,,,,,,,,,,,,,,,,,
China,1942,CHN,516914309,,,,,,,,,,,,,,,,,5.325,17.153,656.413,339.309,,,,,,,,,,,,,,,,,,,,,,,,,,0.000,0.000,0.000,,,,,,,,,,,,,,,,,,,,,,,,,,,,,,,,,,,,23.228,1.791,18.382,9.502,,,,,,,,,,,,,,,,,,,,,,,,,,,,,,,,,,,,,,,
China,1943,CHN,519643036,,,,,,,,,,,,,,,,,-13.559,-46.007,564.429,293.302,,,,,,,,,,,,,,,,,,,,,,,,,,0.000,0.000,0.000,,,,,,,,,,,,,,,,,,,,,,,,,,,,,,,,,,,,-61.934,-5.885,6.960,3.617,,,,,,,,,,,,,,,,,,,,,,,,,,,,,,,,,,,,,,,
China,1944,CHN,522386167,,,,,,,,,,,,,,,,,1.126,3.302,567.786,296.603,,,,,,,,,,,,,,,,,,,,,,,,,,0.000,0.000,0.000,,,,,,,,,,,,,,,,,,,,,,,,,,,,,,,,,,,,-35.370,-1.279,4.475,2.338,,,,,,,,,,,,,,,,,,,,,,,,,,,,,,,,,,,,,,,
China,1945,CHN,525143778,,,,,,,,,,,,,,,,,-48.488,-143.817,290.942,152.786,,,,,,,,,,,,,,,,,,,,,,,,,,0.000,0.000,0.000,,,,,,,,,,,,,,,,,,,,,,,,,,,,,,,,,,,,-12.935,-0.302,3.876,2.035,,,,,,,,,,,,,,,,,,,,,,,,,,,,,,,,,,,,,,,
China,1946,CHN,527915947,,,,,,,,,,,,,,,,,-37.828,-57.795,179.935,94.991,,,,,,,,,,,,,,,,,,,,,,,,,,0.000,0.000,0.000,,,,,,,,,,,,,,,,,,,,,,,,,,,,,,,,,,,,-60.000,-1.221,1.542,0.814,,,,,,,,,,,,,,,,,,,,,,,,,,,,,,,,,,,,,,,
China,1947,CHN,530702750,,,,,,,,,,,,,,,,,7.319,6.952,192.090,101.943,,,,,,,,,,,,,,,,,,,,,,,,,,0.000,0.000,0.000,,,,,,,,,,,,,,,,,,,,,,,,,,,,,,,,,,,,-25.714,-0.209,1.140,0.605,,,,,,,,,,,,,,,,,,,,,,,,,,,,,,,,,,,,,,,
China,1948,CHN,533504263,,,,,,,,,,,,,,,,,-29.182,-29.749,135.319,72.193,,,,,,,,,,,,,,,,,,,,,,,,,,0.000,0.000,0.000,,,,,,,,,,,,,,,,,,,,,,,,,,,,,,,,,,,,40.385,0.244,1.591,0.849,,,,,,,,,,,,,,,,,,,,,,,,,,,,,,,,,,,,,,,
China,1949,CHN,537916245,,,,,,,,,,,,,,,,,149.597,107.999,334.983,180.193,,,,,,,,,,,,,,,,,,,,,,,,,,0.000,0.000,0.000,,,,,,,,,,,,,,,,,,,,,,,,,,,,,,,,,,,,61.644,0.523,2.551,1.372,,,,,,,,,,,,,,,,,,,,,,,,,,,,,,,,,,,,,,,
China,1950,CHN,544044355,436905185000,,,,,,,,,,,,,,,,38.452,69.287,458.565,249.480,,,,,,,,,,,,,,,,,,,,,,,,,,0.000,0.000,0.000,,,,,,,,,,,,,,,,,,,,,,,,,,,,,,,,,,,,71.186,0.977,4.318,2.349,,,,,,,,,,,,,,,,,,,,,,,,,,,,,,,,,,,,,,,
China,1951,CHN,553758251,529606000000,,,,,,,,,,,,,,,,23.695,59.115,557.274,308.595,,,,,,,,,,,,,,,,,,,,,,,,,,0.000,0.000,0.000,,,,,,,,,,,,,,,,,,,,,,,,,,,,,,,,,,,,51.485,1.210,6.427,3.559,,,,,,,,,,,,,,,,,,,,,,,,,,,,,,,,,,,,,,,
China,1952,CHN,565131435,595648770000,,,,,,,,,,,,,,,,25.240,77.890,683.885,386.485,,,,,,,,,,,,,,,,,,,,,,,,,,0.000,0.000,0.000,,,,,,,,,,,,,,,,,,,,,,,,,,,,,,,,,,,,42.484,1.512,8.973,5.071,,,,,,,,,,,,,,,,,,,,,,,,,,,,,,,,,,,,,,,
China,1953,CHN,577557140,672668230000,,,,,,,,,,,,,,,,4.798,18.542,701.276,405.027,,,,,,,,,,,,,,,,,,,,,,,,,,0.000,0.000,0.000,,,,,,,,,,,,,,,,,,,,,,,,,,,,,,,,,,,,42.661,2.163,12.525,7.234,,,,,,,,,,,,,,,,,,,,,,,,,,,,,,,,,,,,,,,
China,1954,CHN,590113859,624480190000,,,,,,,,,,,,,,,,20.063,81.261,824.058,486.288,,,,,,,,,,,,,,,,,,,,,,,,,,0.000,0.000,0.000,,,,,,,,,,,,,,,,,,,,,,,,,,,,,,,,,,,,26.849,1.942,15.550,9.176,,,,,,,,,,,,,,,,,,,,,,,,,,,,,,,,,,,,,,,
China,1955,CHN,603547014,681084945000,,,,,,,,,,,,,,,,17.499,85.098,946.713,571.386,,,,,,,,,,,,,,,,,,,,,,,,,,1.325,2.195,1.325,,,,,,,,,,,,,,,,,,,,,,,,,,,,,,,,,,,,22.433,2.059,18.614,11.235,,,,,,,,,,,,,,,,,,,,,,,,,,,,,,,,,,,,,,,
China,1956,CHN,616558585,738921885000,,,,,,,,,,,,,,,,12.269,70.101,1040.431,641.487,,,,,,,,,,,,,,,,,,,,,,,,,109.091,1.445,4.493,2.770,,,,,,,,,,,,,,,,,,,,,,,,,,,,,,,,,,,,20.393,2.291,21.937,13.526,,,,,,,,,,,,,,,,,,,,,,,,,,,,,,,,,,,,,,,
China,1957,CHN,630356210,761702560000,,,,,,,,,,,,,,,,18.458,118.404,1205.494,759.891,,,,,,,,,,,,,,,,,,,,,,,,,43.478,1.204,6.305,3.974,,,,,,,,,,,,,,,,,,,,,,,,,,,,,,,,,,,,25.537,3.454,26.937,16.980,,,,,,,,,,,,,,,,,,,,,,,,,,,,,,,,,,,,,,,
China,1958,CHN,644219478,766244655000,,,,,,,,,,,,,,,,106.533,809.531,2436.160,1569.422,,,,,,,,,,,,,,,,,,,,,,,,,19.697,0.783,7.384,4.757,,,,,,,,,,,,,,,,,,,,,,,,,,,,,,,,,,,,55.069,9.351,40.872,26.330,,,,,,,,,,,,,,,,,,,,,,,,,,,,,,,,,,,,,,,
China,1959,CHN,652708211,743927585000,,,,,,,,,,,,,,,,28.815,452.226,3097.323,2021.648,,,,,,,,,,,,,,,,,,,,,,,,,16.456,0.783,8.488,5.540,,,,,,,,,,,,,,,,,,,,,,,,,,,,,,,,,,,,63.428,16.701,65.927,43.031,,,,,,,,,,,,,,,,,,,,,,,,,,,,,,,,,,,,,,,
China,1960,CHN,654802068,705092990000,,,,,,,,,,,,,,,,20.759,419.675,3728.337,2441.323,,,,,,,,,,,,,,,,,,,,,,,,,14.130,0.783,9.656,6.323,,,,,,,,,,,,,,,,,,,,,,,,,,,,,,,,,,,,48.649,20.934,97.686,63.965,,,,,,,,,,,,,,,,,,,,,,,,,,,,,,,,,,,,,,,
China,1961,CHN,655773484,577128420000,,,,,,,,,,,,,,,,-40.476,-988.155,2215.961,1453.168,,,,,,,,,,,,,,,,,,,,,,,,,12.381,0.783,10.835,7.106,,,,,,,,,,,,,,,,,,,,,,,,,,,,,,,,,,,,12.727,8.141,109.956,72.106,,,,,,,,,,,,,,,,,,,,,,,,,,,,,,,,,,,,,,,
China,1962,CHN,665073690,616503020000,,,,,,,,,,,,,,,,0.000,0.000,2184.974,1453.168,,,,,,,,,,,,,,,,,,,,,,,,,11.017,0.783,11.861,7.888,,,,,,,,,,,,,,,,,,,,,,,,,,,,,,,,,,,,9.677,6.978,118.910,79.084,,,,,,,,,,,,,,,,,,,,,,,,,,,,,,,,,,,,,,,
China,1963,CHN,684552646,705534390000,,,,,,,,,,,,,,,,0.000,0.000,2122.800,1453.168,,,,,,,,,,,,,,,,,,,,,,,,,9.924,0.783,12.667,8.671,,,,,,,,,,,,,,,,,,,,,,,,,,,,,,,,,,,,10.294,8.141,127.419,87.225,,,,,,,,,,,,,,,,,,,,,,,,,,,,,,,,,,,,,,,
China,1964,CHN,704798263,804504960000,,,,,,,,,,,,,,,,16.000,232.507,2391.713,1685.675,,,,,,,,,,,,,,,,,,,,,,,,,9.028,0.783,13.414,9.454,,,,,,,,,,,,,,,,,,,,,,,,,,,,,,,,,,,,13.333,11.630,140.260,98.855,,,,,,,,,,,,,,,,,,,,,,,,,,,,,,,,,,,,,,,
China,1965,CHN,723415737,896126805000,,,0.000,0.000,,,,0.000,,,,1839.474,1330.705,,,3.103,52.314,2402.477,1737.990,,86.847,,,,,,,2123.529,1.714,,,,,2033.207,1470.854,,95.994,,,11.087,,,15.325,8.280,0.783,14.151,10.237,,0.724,,,,61.381,30.545,22.097,84.848,,4.006,,,61.381,30.545,22.097,84.848,,4.006,,,,,0.000,0.000,0.000,0.000,,0.000,,,129.063,,,178.407,33.059,32.680,181.825,131.535,,8.423,0.000,0.000,,,,0.000,,0.000,,,0.000,,1536.194,,,61.381,30.545,22.097,84.848,,4.006,,,0.000,0.000,0.000,0.000,,0.000,,,0.000,0.000,0.000,0.000,,0.000
China,1966,CHN,742402206,927339400000,,0.000,0.000,0.000,,,,0.000,,6.974,92.807,1917.441,1423.512,,,9.365,162.755,2560.262,1900.744,,85.482,,,,,8.665,133.114,2248.522,1.800,8.972,131.964,,,2158.961,1602.817,,96.249,21.818,2.419,13.505,,,18.191,7.647,0.783,14.843,11.020,,0.811,,1.760,1.080,62.461,30.288,22.486,84.133,,3.751,1.760,1.080,62.461,30.288,22.486,84.133,,3.751,,,,0.000,0.000,0.000,0.000,0.000,,0.000,28.465,36.737,165.800,,,223.329,28.647,37.681,227.931,169.217,,9.956,0.000,0.000,,,0.000,0.000,,0.000,,,0.000,,1669.308,1.760,1.080,62.461,30.288,22.486,84.133,,3.751,,0.000,0.000,0.000,0.000,0.000,,0.000,,0.000,0.000,0.000,0.000,0.000,,0.000
China,1967,CHN,761026025,933378350000,,0.000,0.000,0.000,,,,0.000,,-11.111,-158.168,1662.682,1265.344,,,-30.581,-581.267,1733.813,1319.477,,84.492,,,,,-10.078,-168.240,1972.427,1.608,-9.924,-159.066,,,1897.112,1443.752,,96.405,8.955,1.209,14.715,,,19.336,7.104,0.783,15.509,11.802,,0.983,,-13.797,-8.618,53.843,25.470,19.383,70.751,,3.595,-13.797,-8.618,53.843,25.470,19.383,70.751,,3.595,,,,0.000,0.000,0.000,0.000,0.000,,0.000,-1.271,-2.107,163.693,,,215.095,-4.605,-7.792,212.114,161.424,,10.930,0.000,0.000,,,0.000,0.000,,0.000,,,0.000,,1501.068,-13.797,-8.618,53.843,25.470,19.383,70.751,,3.595,,0.000,0.000,0.000,0.000,0.000,,0.000,,0.000,0.000,0.000,0.000,0.000,,0.000
China,1968,CHN,781011030,912372780000,,0.000,0.000,0.000,,,,0.000,,-0.744,-9.420,1608.074,1255.924,,,32.159,424.325,2232.750,1743.802,,83.031,,,,,1.041,15.627,1941.965,1.662,0.368,5.317,,,1855.375,1449.068,,95.800,-4.110,-0.605,14.110,,,18.066,6.633,0.783,16.114,12.585,,0.933,,17.989,9.686,63.529,29.283,22.870,81.342,,4.200,17.989,9.686,63.529,29.283,22.870,81.342,,4.200,,,,0.000,0.000,0.000,0.000,0.000,,0.000,9.372,15.342,179.035,,,229.234,15.202,24.539,238.106,185.964,,11.836,0.000,0.000,,,0.000,0.000,,0.000,,,0.000,,1516.696,17.989,9.686,63.529,29.283,22.870,81.342,,4.200,,0.000,0.000,0.000,0.000,0.000,,0.000,,0.000,0.000,0.000,0.000,0.000,,0.000
China,1969,CHN,802140341,1006175600000,,0.000,0.000,0.000,,,,0.000,,20.757,260.687,1890.704,1516.610,,,8.333,145.317,2355.098,1889.119,,82.379,,,,,21.658,328.490,2300.328,1.834,22.590,327.340,,,2214.586,1776.409,,96.491,40.000,5.644,19.754,,,24.627,22.010,2.770,19.143,15.355,,1.073,,1.700,1.080,64.609,28.997,23.259,80.546,,3.509,1.700,1.080,64.609,28.997,23.259,80.546,,3.509,,,,0.000,0.000,0.000,0.000,0.000,,0.000,34.077,61.010,240.044,,,299.255,35.960,66.872,315.202,252.836,,13.039,0.000,0.000,,,0.000,0.000,,0.000,,,0.000,,1845.186,1.700,1.080,64.609,28.997,23.259,80.546,,3.509,,0.000,0.000,0.000,0.000,0.000,,0.000,,0.000,0.000,0.000,0.000,0.000,,0.000
China,1970,CHN,823308964,1144004370000,,0.000,0.000,0.000,,,,0.000,,27.234,413.040,2343.773,1929.650,,,10.769,203.444,2541.649,2092.563,,81.855,,,,,27.992,516.512,2868.545,2.064,28.947,514.212,,,2782.213,2290.621,,97.168,46.429,9.172,28.926,,,35.134,88.378,13.571,35.134,28.926,,1.227,,3.344,2.161,66.770,29.196,24.037,81.099,,2.832,3.344,2.161,66.770,29.196,24.037,81.099,,2.832,,,,0.000,0.000,0.000,0.000,0.000,,0.000,38.327,92.001,332.046,,,403.306,40.984,103.623,432.960,356.460,,14.085,0.000,0.000,,,0.000,0.000,,0.000,,,0.000,,2361.698,3.344,2.161,66.770,29.196,24.037,81.099,,2.832,,0.000,0.000,0.000,0.000,0.000,,0.000,,0.000,0.000,0.000,0.000,0.000,,0.000
China,1971,CHN,844069870,1216237830000,,0.000,0.000,0.000,,,,0.000,,15.300,295.228,2635.892,2224.877,,,8.333,174.380,2685.729,2266.943,,79.605,,,,,18.564,438.426,3317.408,2.302,18.490,423.528,,,3215.550,2714.149,,97.110,30.314,8.768,37.694,,,44.658,30.314,8.768,44.658,37.694,,1.349,,20.960,13.995,80.765,34.446,29.075,95.685,,2.890,20.960,13.995,80.765,34.446,29.075,95.685,,2.890,,,,0.000,0.000,0.000,0.000,0.000,,0.000,35.999,119.532,451.578,,,535.000,28.581,101.879,543.010,458.338,,16.157,0.000,0.000,,,0.000,0.000,,0.000,,,0.000,,2800.124,20.960,13.995,80.765,34.446,29.075,95.685,,2.890,,0.000,0.000,0.000,0.000,0.000,,0.000,,0.000,0.000,0.000,0.000,0.000,,0.000
China,1972,CHN,863677810,1233564930000,,0.000,0.000,0.000,,,,0.000,,5.755,128.046,2724.307,2352.924,,,2.564,58.127,2692.057,2325.070,,78.094,,,,,7.811,218.712,3495.327,2.447,7.636,207.252,,,3382.512,2921.401,,96.962,29.412,11.087,48.781,,,56.480,29.412,11.087,56.480,48.781,,1.619,,13.330,10.766,91.531,38.152,32.951,105.978,,3.038,13.330,10.766,91.531,38.152,32.951,105.978,,3.038,,,,0.000,0.000,0.000,0.000,0.000,,0.000,15.085,68.119,519.697,,,601.725,15.884,72.804,614.977,531.142,,17.249,0.000,0.000,,,0.000,0.000,,0.000,,,0.000,,3018.837,13.330,10.766,91.531,38.152,32.951,105.978,,3.038,,0.000,0.000,0.000,0.000,0.000,,0.000,,0.000,0.000,0.000,0.000,0.000,,0.000
China,1973,CHN,882576945,1334375220000,,0.000,0.000,0.000,,,,0.000,,1.310,30.819,2700.890,2383.743,,,7.500,174.380,2831.991,2499.450,,74.954,,,,,5.567,168.056,3610.895,2.388,5.360,156.596,,,3487.510,3077.996,,96.783,23.554,11.490,60.270,,,68.289,23.554,11.490,68.289,60.270,,1.895,,11.762,10.766,102.297,41.727,36.827,115.907,,3.217,11.762,10.766,102.297,41.727,36.827,115.907,,3.217,,,,0.000,0.000,0.000,0.000,0.000,,0.000,21.991,114.287,633.983,,,718.332,17.386,92.342,706.436,623.484,,19.935,0.000,0.000,,,0.000,0.000,,0.000,,,0.000,,3186.893,11.762,10.766,102.297,41.727,36.827,115.907,,3.217,,0.000,0.000,0.000,0.000,0.000,,0.000,,0.000,0.000,0.000,0.000,0.000,,0.000
China,1974,CHN,900307580,1367631650000,,0.000,0.000,0.000,,,,0.000,,-1.056,-25.179,2619.731,2358.564,,,4.651,116.254,2905.344,2615.703,,71.923,,,,,3.134,99.869,3650.710,2.403,2.779,85.533,,,3513.832,3163.529,,96.470,25.920,15.622,75.892,,,84.296,25.920,15.622,84.296,75.892,,2.314,,13.165,13.467,115.764,46.290,41.675,128.582,,3.530,13.165,13.467,115.764,46.290,41.675,128.582,,3.530,,,,0.000,0.000,0.000,0.000,0.000,,0.000,14.999,95.090,729.073,,,809.804,20.966,130.721,837.720,754.206,,22.233,0.000,0.000,,,0.000,0.000,,0.000,,,0.000,,3286.762,13.165,13.467,115.764,46.290,41.675,128.582,,3.530,,0.000,0.000,0.000,0.000,0.000,,0.000,,0.000,0.000,0.000,0.000,0.000,,0.000
China,1975,CHN,916116796,1460733630000,,0.000,0.000,0.000,,,,0.000,,12.705,299.647,2901.607,2658.211,,,4.444,116.253,2982.105,2731.957,,72.379,,,,,11.978,393.680,4017.437,2.520,12.263,387.956,,,3876.673,3551.485,,96.702,17.530,13.304,89.196,,,97.363,17.530,13.304,97.363,89.196,,2.429,,4.645,5.377,121.141,47.604,43.611,132.233,,3.298,4.645,5.377,121.141,47.604,43.611,132.233,,3.298,,,,0.000,0.000,0.000,0.000,0.000,,0.000,10.288,75.005,804.078,,,877.703,18.828,142.002,978.268,896.208,,21.894,0.000,0.000,,,0.000,0.000,,0.000,,,0.000,,3680.441,4.645,5.377,121.141,47.604,43.611,132.233,,3.298,,0.000,0.000,0.000,0.000,0.000,,0.000,,0.000,0.000,0.000,0.000,0.000,,0.000
China,1976,CHN,930372293,1413710515000,,0.000,0.000,0.000,,,,0.000,,2.444,64.954,2926.962,2723.165,,,2.128,58.127,2998.889,2790.083,,70.422,,,,,5.282,194.385,4164.813,2.741,5.425,192.660,,,4024.352,3744.146,,96.825,14.124,12.598,101.794,,,109.413,14.124,12.598,109.413,101.794,,2.632,,1.338,1.620,122.761,47.501,44.194,131.948,,3.175,1.338,1.620,122.761,47.501,44.194,131.948,,3.175,,,,0.000,0.000,0.000,0.000,0.000,,0.000,14.316,115.108,919.186,,,987.977,13.107,117.463,1089.532,1013.671,,23.771,0.000,0.000,,,0.000,0.000,,0.000,,,0.000,,3874.827,1.338,1.620,122.761,47.501,44.194,131.948,,3.175,,0.000,0.000,0.000,0.000,0.000,,0.000,,0.000,0.000,0.000,0.000,0.000,,0.000
China,1977,CHN,943546374,1493489265000,,0.000,0.000,0.000,,,,0.000,,10.002,272.375,3174.766,2995.539,,,9.792,273.196,3246.559,3063.279,,71.037,,,,,9.041,350.325,4477.948,2.829,9.203,344.589,,,4333.369,4088.734,,96.961,20.000,20.359,122.153,,,129.462,20.000,20.359,129.462,122.153,,2.897,,4.390,5.389,128.150,48.894,46.134,135.818,,3.039,4.390,5.389,128.150,48.894,46.134,135.818,,3.039,,,,0.000,0.000,0.000,0.000,0.000,,0.000,5.641,51.855,971.042,,,1029.141,7.435,75.362,1154.192,1089.033,,23.027,0.000,0.000,,,0.000,0.000,,0.000,,,0.000,,4225.152,4.390,5.389,128.150,48.894,46.134,135.818,,3.039,,0.000,0.000,0.000,0.000,0.000,,0.000,,0.000,0.000,0.000,0.000,0.000,,0.000
China,1978,CHN,956161482,1667551760000,,0.000,0.000,0.000,,,,0.000,,9.803,293.657,3440.001,3289.197,,,12.524,383.636,3604.951,3446.916,,71.129,,,,,9.630,406.881,4844.404,2.778,10.162,415.479,,,4710.725,4504.213,,97.403,13.284,16.227,138.380,,,144.725,13.284,16.227,144.725,138.380,,2.992,,-6.303,-8.078,120.073,45.208,43.226,125.578,,2.597,-6.303,-8.078,120.073,45.208,43.226,125.578,,2.597,,,,0.000,0.000,0.000,0.000,0.000,,0.000,10.874,105.595,1076.637,,,1125.999,11.117,121.068,1265.583,1210.102,,23.282,0.000,0.000,,,0.000,0.000,,0.000,,,0.000,,4632.033,-6.303,-8.078,120.073,45.208,43.226,125.578,,2.597,,0.000,0.000,0.000,0.000,0.000,,0.000,,0.000,0.000,0.000,0.000,0.000,,0.000
China,1979,CHN,969288071,1801380295000,,0.000,0.000,0.000,,,,0.000,,3.451,113.509,3510.521,3402.706,,,2.867,98.815,3658.078,3545.731,,71.439,,,,,3.018,139.793,4923.021,2.649,2.754,124.033,,,4774.893,4628.247,,97.168,5.681,7.861,146.241,,,150.875,5.681,7.861,150.875,146.241,,3.070,,12.330,14.805,134.878,50.094,48.556,139.151,,2.832,12.330,14.805,134.878,50.094,48.556,139.151,,2.832,,,,0.000,0.000,0.000,0.000,0.000,,0.000,0.247,2.663,1079.300,,,1113.497,2.018,24.423,1273.641,1234.525,,22.659,0.000,0.000,,,0.000,0.000,,0.000,,,0.000,,4771.826,12.330,14.805,134.878,50.094,48.556,139.151,,2.832,,0.000,0.000,0.000,0.000,0.000,,0.000,,0.000,0.000,0.000,0.000,0.000,,0.000
China,1980,CHN,983163540,1893783550000,,0.000,0.000,0.000,,,,0.000,,4.006,136.313,3599.624,3539.019,,,14.258,505.552,4120.661,4051.284,,73.468,,,,,1.167,55.708,4910.204,2.549,0.586,27.128,,,4735.097,4655.375,,96.643,-1.654,-2.419,143.823,,,146.285,-1.654,-2.419,146.285,143.823,,2.986,,19.905,26.848,161.725,59.218,58.221,164.495,,3.357,19.905,26.848,161.725,59.218,58.221,164.495,,3.357,,,,0.000,0.000,0.000,0.000,0.000,,0.000,-9.892,-106.767,972.533,,,989.187,-0.188,-2.326,1253.300,1232.198,,20.189,0.000,0.000,,,0.000,0.000,,0.000,,,0.000,,4827.534,19.905,26.848,161.725,59.218,58.221,164.495,,3.357,,0.000,0.000,0.000,0.000,0.000,,0.000,,0.000,0.000,0.000,0.000,0.000,,0.000
China,1981,CHN,997721072,1949955282000,,0.000,0.000,0.000,,,,0.000,,-0.532,-18.824,3528.236,3520.195,,,-10.779,-436.680,3622.860,3614.604,,74.076,,,,,-1.319,-63.684,4774.731,2.443,-1.831,-85.246,,,4580.567,4570.128,,96.171,-10.722,-15.420,128.402,,,128.695,-10.722,-15.420,128.695,128.402,,2.702,,12.525,20.256,181.981,65.663,65.513,182.397,,3.829,12.525,20.256,181.981,65.663,65.513,182.397,,3.829,,,,0.000,0.000,0.000,0.000,0.000,,0.000,-5.244,-51.002,921.531,,,923.636,-4.464,-55.010,1179.877,1177.189,,19.392,0.000,0.000,,,0.000,0.000,,0.000,,,0.000,,4763.850,12.525,20.256,181.981,65.663,65.513,182.397,,3.829,,0.000,0.000,0.000,0.000,0.000,,0.000,,0.000,0.000,0.000,0.000,0.000,,0.000
China,1982,CHN,1013588177,2128597968000,,0.000,0.000,0.000,,,,0.000,,5.813,204.643,3674.903,3724.838,,,7.191,259.930,3822.592,3874.534,,75.044,,,,,4.472,213.021,4910.150,2.338,4.085,186.701,,,4693.059,4756.829,,95.836,-6.358,-8.164,120.238,,,118.627,-6.358,-8.164,118.627,120.238,,2.422,,13.586,24.724,206.705,73.416,74.414,203.934,,4.164,13.586,24.724,206.705,73.416,74.414,203.934,,4.164,,,,0.000,0.000,0.000,0.000,0.000,,0.000,-1.061,-9.778,911.753,,,899.530,0.889,10.467,1171.734,1187.656,,18.369,0.000,0.000,,,0.000,0.000,,0.000,,,0.000,,4976.870,13.586,24.724,206.705,73.416,74.414,203.934,,4.164,,0.000,0.000,0.000,0.000,0.000,,0.000,,0.000,0.000,0.000,0.000,0.000,,0.000
China,1983,CHN,1029064952,2278862376000,,0.000,0.000,0.000,,,,0.000,,7.092,264.167,3876.339,3989.005,,,7.234,280.283,4037.469,4154.817,,75.518,,,,,6.446,320.828,5148.070,2.325,5.998,285.335,,,4899.753,5042.165,,95.456,2.347,2.822,123.060,,,119.585,2.347,2.822,119.585,123.060,,2.330,,16.130,33.342,240.047,83.976,86.417,233.267,,4.544,16.130,33.342,240.047,83.976,86.417,233.267,,4.544,,,,0.000,0.000,0.000,0.000,0.000,,0.000,2.012,18.346,930.099,,,903.830,3.868,45.938,1198.752,1233.594,,17.608,0.000,0.000,,,0.000,0.000,,0.000,,,0.000,,5297.698,16.130,33.342,240.047,83.976,86.417,233.267,,4.544,,0.000,0.000,0.000,0.000,0.000,,0.000,,0.000,0.000,0.000,0.000,0.000,,0.000
China,1984,CHN,1043849645,2534000300000,,0.000,0.000,0.000,,,,0.000,,8.756,349.261,4156.026,4338.266,,,10.455,434.380,4396.417,4589.198,,76.518,,,,,7.313,387.446,5446.325,2.244,7.661,386.270,,,5200.398,5428.434,,95.747,1.802,2.217,125.278,,,120.015,1.802,2.217,120.015,125.278,,2.210,,0.460,1.105,241.152,83.168,86.815,231.022,,4.253,0.460,1.105,241.152,83.168,86.815,231.022,,4.253,,,,0.000,0.000,0.000,0.000,0.000,,0.000,3.741,34.791,964.890,,,924.357,8.051,99.320,1276.922,1332.914,,17.019,0.000,0.000,,,0.000,0.000,,0.000,,,0.000,,5685.145,0.460,1.105,241.152,83.168,86.815,231.022,,4.253,,0.000,0.000,0.000,0.000,0.000,,0.000,,0.000,0.000,0.000,0.000,0.000,,0.000
China,1985,CHN,1059807818,2752673760000,,0.000,0.000,0.000,,,,0.000,,9.174,397.999,4468.984,4736.265,245.937,260.645,10.530,483.227,4786.174,5072.425,63.465,77.216,,,410.690,6.880,8.183,465.227,5803.289,2.234,8.267,448.748,300.340,318.302,5545.517,5877.182,77.504,95.816,4.023,5.039,130.317,0.917,0.972,122.963,4.023,5.039,122.963,130.317,0.237,2.125,,6.419,15.480,256.632,87.174,92.388,242.150,22.496,4.184,6.419,15.480,256.632,87.174,92.388,242.150,22.496,4.184,,,,0.000,0.000,0.000,0.000,0.000,0.000,0.000,4.737,45.710,1010.600,53.486,56.685,953.570,8.978,119.673,1370.614,1452.587,13.802,16.476,0.000,0.000,,,0.000,0.000,,0.000,0.000,,0.000,387.514,6150.371,6.419,15.480,256.632,87.174,92.388,242.150,22.496,4.184,,0.000,0.000,0.000,0.000,0.000,0.000,0.000,,0.000,0.000,0.000,0.000,0.000,0.000,0.000
China,1986,CHN,1077233607,2931538920000,,0.000,0.000,0.000,,,,0.000,,4.543,215.159,4596.425,4951.424,278.129,299.610,2.488,126.185,4825.889,5198.610,66.650,77.039,,,449.530,7.182,4.776,293.735,5982.088,2.198,4.889,287.345,329.531,354.981,5722.553,6164.527,78.967,95.914,6.419,8.365,138.682,1.572,1.693,128.739,6.419,8.365,128.739,138.682,0.377,2.158,,2.339,6.003,262.635,87.770,94.549,243.805,21.033,4.086,2.339,6.003,262.635,87.770,94.549,243.805,21.033,4.086,,,,0.000,0.000,0.000,0.000,0.000,0.000,0.000,6.315,63.820,1074.421,49.829,53.678,997.389,4.636,67.338,1410.952,1519.925,11.941,16.717,0.000,0.000,,,0.000,0.000,,0.000,0.000,,0.000,417.300,6444.106,2.339,6.003,262.635,87.770,94.549,243.805,21.033,4.086,,0.000,0.000,0.000,0.000,0.000,0.000,0.000,,0.000,0.000,0.000,0.000,0.000,0.000,0.000
China,1987,CHN,1096217445,3177306585000,,0.000,0.000,0.000,,,,0.000,,8.499,420.818,4900.708,5372.242,310.031,339.862,3.814,198.292,4923.203,5396.901,68.346,77.496,,,497.267,7.362,7.854,506.133,6340.201,2.187,7.948,489.941,362.376,397.243,6070.391,6654.468,79.885,95.992,0.945,1.310,139.993,2.497,2.737,127.705,0.945,1.310,127.705,139.993,0.550,2.019,,5.791,15.210,277.845,91.245,100.024,253.458,20.115,4.008,5.791,15.210,277.845,91.245,100.024,253.458,20.115,4.008,,,,0.000,0.000,0.000,0.000,0.000,0.000,0.000,6.312,67.813,1142.234,49.848,54.644,1041.977,2.640,40.124,1423.119,1560.048,10.989,16.477,0.000,0.000,,,0.000,0.000,,0.000,0.000,,0.000,453.621,6950.239,5.791,15.210,277.845,91.245,100.024,253.458,20.115,4.008,,0.000,0.000,0.000,0.000,0.000,0.000,0.000,,0.000,0.000,0.000,0.000,0.000,0.000,0.000
China,1988,CHN,1115244168,3354463350000,,0.000,0.000,0.000,,,,0.000,,7.427,398.982,5174.852,5771.224,335.041,373.653,5.581,301.217,5109.301,5698.119,68.534,77.492,,,545.210,7.517,7.437,516.873,6695.495,2.226,7.361,489.835,390.983,436.042,6406.044,7144.304,79.977,95.928,2.664,3.729,143.722,1.841,2.053,128.870,2.664,3.729,128.870,143.722,0.377,1.930,,9.142,25.399,303.245,97.887,109.168,271.909,20.023,4.072,9.142,25.399,303.245,97.887,109.168,271.909,20.023,4.072,,,,0.000,0.000,0.000,0.000,0.000,0.000,0.000,7.628,87.124,1229.358,54.101,60.336,1102.322,2.169,33.843,1429.186,1593.891,11.067,16.507,0.000,0.000,,,0.000,0.000,,0.000,0.000,,0.000,488.871,7467.112,9.142,25.399,303.245,97.887,109.168,271.909,20.023,4.072,,0.000,0.000,0.000,0.000,0.000,0.000,0.000,,0.000,0.000,0.000,0.000,0.000,0.000,0.000
China,1989,CHN,1133991006,3380560300000,,0.000,0.000,0.000,,,,0.000,,4.777,275.678,5332.407,6046.902,357.199,405.060,7.582,432.054,5405.839,6130.173,69.264,77.373,,,584.810,7.690,4.946,369.325,6910.493,2.318,4.787,341.999,411.292,466.401,6601.730,7486.302,79.753,95.791,5.533,7.952,151.674,3.271,3.709,133.752,5.533,7.952,133.752,151.674,0.634,1.941,,8.465,25.669,328.914,104.418,118.409,290.050,20.247,4.209,8.465,25.669,328.914,104.418,118.409,290.050,20.247,4.209,,,,0.000,0.000,0.000,0.000,0.000,0.000,0.000,4.748,58.369,1287.727,50.822,57.632,1135.571,0.430,6.862,1411.610,1600.753,9.855,16.477,0.000,0.000,,,0.000,0.000,,0.000,0.000,,0.000,515.710,7836.437,8.465,25.669,328.914,104.418,118.409,290.050,20.247,4.209,,0.000,0.000,0.000,0.000,0.000,0.000,0.000,,0.000,0.000,0.000,0.000,0.000,0.000,0.000
China,1990,CHN,1153582725,3385121670000,,0.000,0.000,0.000,,,,0.000,,1.449,87.615,5317.795,6134.517,382.505,441.251,2.436,149.347,5443.493,6279.520,71.032,77.500,,,621.200,8.078,1.299,101.813,6881.387,2.345,1.028,76.971,428.567,494.388,6556.333,7563.273,79.586,95.550,1.655,2.510,154.183,2.402,2.771,133.656,1.655,2.510,133.656,154.183,0.446,1.948,,7.039,23.153,352.067,109.870,126.744,305.194,20.403,4.448,7.097,23.364,352.278,109.929,126.812,305.377,20.414,4.450,,,,0.000,0.000,0.000,0.000,0.000,0.000,0.000,-1.022,-13.154,1274.573,43.661,50.366,1104.882,0.487,7.792,1394.391,1608.545,8.108,16.102,0.200,0.064,,,0.200,0.055,,0.173,0.010,,0.003,538.496,7938.250,7.097,23.364,352.278,109.929,126.812,305.377,20.414,4.450,,0.006,0.006,0.002,0.002,0.005,0.000,0.000,,0.006,0.006,0.002,0.002,0.005,0.000,0.000
China,1991,CHN,1170788533,3508948004345,,0.000,0.000,0.000,,,,0.000,,4.873,298.911,5494.953,6433.428,425.725,498.434,0.697,43.747,5400.861,6323.266,73.564,77.369,,,677.550,8.372,5.031,399.361,7121.363,2.376,5.360,405.417,472.148,552.786,6806.259,7968.690,81.586,95.832,1.255,1.935,156.118,2.075,2.429,133.345,1.255,1.935,133.345,156.118,0.358,1.877,,-1.621,-5.708,346.358,106.500,124.689,295.833,18.403,4.165,-1.615,-5.689,346.589,106.564,124.764,296.030,18.414,4.168,,,,0.000,0.000,0.000,0.000,0.000,0.000,0.000,8.204,104.571,1379.144,44.349,51.923,1177.961,1.938,31.168,1400.521,1639.714,7.663,16.586,0.200,0.064,,0.000,0.000,0.055,,0.171,0.009,,0.002,578.713,8337.610,-1.615,-5.689,346.589,106.564,124.764,296.030,18.414,4.168,0.000,0.000,0.006,0.002,0.002,0.005,0.000,0.000,350.000,0.020,0.025,0.008,0.009,0.022,0.001,0.000
China,1992,CHN,1184574236,3755037703201,,0.000,0.000,0.000,,,,0.000,,4.633,298.069,5682.630,6731.497,478.931,567.330,2.664,168.483,5480.239,6491.750,75.249,76.929,,,753.940,8.852,5.230,436.098,7406.634,2.337,5.244,417.861,525.933,623.007,7079.802,8386.551,82.633,95.843,1.937,3.024,159.142,2.083,2.467,134.345,1.937,3.024,134.345,159.142,0.327,1.819,,4.810,16.659,363.017,110.323,130.686,306.453,17.334,4.149,4.945,17.154,363.743,110.532,130.933,307.067,17.367,4.157,,,,0.000,0.000,0.000,0.000,0.000,0.000,0.000,8.467,116.768,1495.912,44.919,53.210,1262.827,0.745,12.211,1394.531,1651.925,7.058,17.096,0.353,0.113,,76.562,0.153,0.095,,0.298,0.015,,0.004,636.465,8773.708,4.945,17.154,363.743,110.532,130.933,307.067,17.367,4.157,50.000,0.003,0.008,0.003,0.003,0.007,0.000,0.000,1344.444,0.340,0.365,0.111,0.131,0.308,0.017,0.004
China,1993,CHN,1197308574,4126169229667,,0.000,0.000,0.000,,,,0.000,,6.519,438.859,5988.729,7170.356,492.127,589.228,3.072,199.396,5588.489,6691.146,72.602,76.035,,,811.590,8.863,7.795,683.926,7899.078,2.292,7.352,616.550,549.404,657.806,7519.450,9003.102,81.052,95.470,6.175,9.827,168.969,2.609,3.124,141.124,6.175,9.827,141.124,168.969,0.385,1.792,,16.192,58.778,421.795,126.823,151.846,352.286,18.710,4.473,17.452,63.473,427.216,128.441,153.783,356.814,18.948,4.530,,,,4.456,4.456,1.340,1.604,3.721,0.198,0.047,11.222,167.864,1663.776,54.668,65.454,1389.597,1.401,23.144,1399.029,1675.069,8.065,17.643,0.366,0.117,,3.540,0.012,0.098,,0.305,0.014,,0.004,677.845,9457.634,16.226,59.018,422.761,127.101,152.179,353.093,18.751,4.483,33.333,0.003,0.011,0.003,0.004,0.009,0.000,0.000,61.538,0.224,0.589,0.177,0.212,0.492,0.026,0.006
China,1994,CHN,1209003099,4438753488140,,0.000,0.000,0.000,,,,0.000,,6.573,471.311,6320.635,7641.667,573.537,693.408,7.755,518.878,5963.611,7210.024,74.737,76.280,,,927.800,9.573,6.251,591.179,8311.651,2.264,5.622,506.176,616.013,744.761,7865.387,9509.277,80.272,94.923,4.736,8.002,176.971,2.609,3.154,146.378,4.736,8.002,146.378,176.971,0.340,1.767,,10.262,43.286,465.080,138.485,167.429,384.681,18.046,4.643,19.021,81.371,508.587,151.392,183.034,420.666,19.728,5.077,,,819.950,36.533,40.989,12.205,14.756,33.903,1.590,0.409,1.615,26.862,1690.638,39.867,48.199,1398.374,1.423,23.842,1405.216,1698.910,5.195,16.876,1.438,0.460,,293.162,1.072,0.380,,1.189,0.050,,0.014,767.409,10048.812,10.579,44.837,467.598,139.187,168.278,386.763,18.137,4.668,25.000,0.003,0.014,0.004,0.005,0.011,0.001,0.000,80.952,0.477,1.066,0.317,0.384,0.882,0.041,0.011
China,1995,CHN,1220133929,4809999898743,,0.000,0.000,0.000,,,,0.000,,1.246,95.183,6340.984,7736.850,608.036,741.886,9.745,702.626,6485.067,7912.651,73.671,74.988,,,1007.030,10.123,3.024,303.846,8484.854,2.152,2.440,231.999,655.648,799.979,7983.776,9741.276,79.439,94.415,1.031,1.824,178.795,2.458,2.999,146.538,2.227,3.941,148.272,180.912,0.298,1.733,,13.827,64.308,529.389,156.196,190.580,433.878,18.925,5.131,13.121,67.599,576.186,169.695,207.050,472.232,20.560,5.585,,,-13.032,-5.342,35.647,10.518,12.833,29.216,1.274,0.346,7.985,134.992,1825.631,45.154,55.094,1496.254,2.013,34.192,1420.420,1733.103,5.471,17.695,9.419,3.014,,555.217,7.981,2.470,,7.719,0.299,,0.091,825.344,10352.658,15.415,72.941,540.539,159.177,194.217,443.016,19.286,5.239,40.000,0.006,0.019,0.006,0.007,0.016,0.001,0.000,60.526,0.645,1.712,0.505,0.616,1.403,0.061,0.017
China,1996,CHN,1230944809,5127589598793,,0.000,0.000,0.000,,,,0.000,,4.634,358.540,6576.566,8095.390,669.554,824.184,2.643,209.156,6598.027,8121.807,76.221,74.455,,,1081.310,10.289,5.359,554.792,8861.039,2.127,5.795,564.504,712.756,877.363,8372.252,10305.780,81.139,94.785,4.791,8.567,187.362,2.297,2.828,152.210,12.056,21.810,164.688,202.722,0.262,1.723,,-1.370,-7.250,522.139,152.704,187.970,424.177,17.384,4.802,-1.500,-9.143,567.043,165.681,203.944,460.657,18.861,5.215,,,11.728,4.181,39.828,11.648,14.338,32.355,1.326,0.366,10.813,197.398,2023.029,40.904,50.351,1643.476,6.375,110.485,1497.701,1843.588,4.656,18.606,4.791,1.533,,-49.137,-4.628,1.245,,3.892,0.142,,0.044,878.439,10907.450,-2.374,-13.323,527.215,154.033,189.606,428.301,17.535,4.849,28.571,0.006,0.025,0.007,0.009,0.020,0.001,0.000,-84.754,-1.451,0.261,0.076,0.094,0.212,0.009,0.002
China,1997,CHN,1241139623,5291338914515,,0.000,0.000,0.000,,,,0.000,,-2.019,-163.478,6390.830,7931.912,698.573,867.026,-0.656,-53.312,6500.875,8068.494,76.353,72.471,,,1135.550,10.748,0.676,73.684,8847.622,2.075,0.443,45.662,743.042,922.219,8340.272,10351.442,81.213,94.577,5.670,10.623,197.985,6.508,8.077,159.519,12.872,26.094,184.359,228.816,0.711,1.809,,4.261,22.250,544.389,157.903,195.980,438.620,17.259,4.974,4.602,26.482,593.526,171.882,213.329,478.210,18.786,5.423,,,0.558,0.222,40.050,11.617,14.418,32.269,1.270,0.366,9.813,198.517,2221.545,37.961,47.115,1789.924,1.016,18.724,1500.485,1862.312,4.149,20.297,8.506,2.722,,77.560,3.716,2.193,,6.854,0.240,,0.078,914.925,10981.134,4.908,26.260,553.476,160.265,198.911,445.941,17.517,5.057,22.222,0.006,0.031,0.009,0.011,0.025,0.001,0.000,110.753,0.289,0.550,0.160,0.198,0.443,0.017,0.005
China,1998,CHN,1250847122,5338703042331,,0.000,0.000,0.000,,,,0.000,,-0.759,-60.195,6293.108,7871.717,712.856,891.674,-4.000,-322.748,6192.401,7745.747,76.407,71.797,,,1167.000,11.031,0.177,19.433,8794.493,2.061,0.116,12.028,760.411,951.158,8285.162,10363.471,81.505,94.524,3.121,6.178,204.163,4.870,6.092,163.220,2.537,5.805,187.570,234.621,0.522,1.862,,1.485,8.083,552.472,159.004,198.890,441.678,17.043,5.039,1.177,6.890,600.415,172.555,215.840,480.007,18.495,5.476,,,-2.206,-0.883,39.167,11.272,14.100,31.312,1.208,0.357,2.973,66.045,2287.591,42.685,53.392,1828.833,0.031,0.581,1489.305,1862.893,4.575,20.865,7.750,2.480,,-8.891,-0.756,1.983,,6.196,0.213,,0.071,932.968,11000.566,1.422,7.773,561.249,161.282,201.740,448.695,17.287,5.119,27.273,0.008,0.039,0.011,0.014,0.031,0.001,0.000,79.592,0.438,0.988,0.284,0.356,0.790,0.030,0.009
China,1999,CHN,1260176650,5578503091801,,0.000,0.000,0.000,,,,0.000,,2.888,227.316,6426.903,8099.033,769.483,969.684,2.400,185.897,6294.073,7931.644,78.245,71.359,,,1239.300,11.300,3.504,385.502,9035.296,2.041,3.758,389.437,813.186,1024.758,8532.858,10752.908,82.688,94.742,6.107,12.467,216.631,3.819,4.813,171.905,8.243,19.341,201.529,253.962,0.388,1.909,,-1.161,-6.417,546.056,155.994,196.580,433.317,15.862,4.811,-0.602,-3.597,596.819,170.246,214.540,473.599,17.311,5.258,,,6.021,2.358,41.525,11.863,14.949,32.952,1.206,0.366,6.542,149.654,2437.245,39.884,50.261,1934.050,0.025,0.465,1478.649,1863.359,4.056,21.474,7.875,2.520,,1.613,0.125,2.000,,6.249,0.203,,0.069,983.434,11386.068,-1.065,-5.955,555.294,158.383,199.591,440.648,16.105,4.893,21.429,0.008,0.047,0.013,0.017,0.037,0.001,0.000,33.239,0.328,1.316,0.376,0.474,1.044,0.038,0.012
China,2000,CHN,1269581174,5952682232028,,0.000,0.000,0.000,2.001,2.540,0.187,0.000,783.510,1.387,112.374,6467.807,8211.406,835.126,1060.260,3.713,294.467,6479.390,8226.111,78.213,69.830,1346.850,1060.862,1355.600,11.967,3.638,414.216,9294.628,1.982,3.091,332.351,876.903,1113.300,8731.431,11085.260,82.126,94.269,13.999,30.327,246.957,4.545,5.770,194.519,7.945,20.177,215.929,274.140,0.426,2.100,1062.120,13.140,71.750,617.806,175.184,222.410,486.622,16.407,5.254,12.938,77.106,673.925,190.850,242.300,530.825,17.874,5.731,-8.750,-0.650,11.961,4.967,46.492,13.185,16.740,36.620,1.235,0.395,7.781,189.651,2626.896,37.233,47.270,2069.104,1.498,27.912,1489.681,1891.271,3.487,22.339,7.928,2.540,,0.675,0.053,2.001,,6.245,0.187,,0.067,1067.754,11800.284,13.011,72.140,627.433,177.665,225.560,494.205,16.639,5.336,29.412,0.014,0.061,0.016,0.020,0.048,0.001,0.001,24.520,0.323,1.639,0.465,0.590,1.291,0.044,0.014
China,2001,CHN,1278725061,6329737256820,,0.000,0.000,0.000,1.994,2.550,0.172,0.000,762.880,5.168,424.349,6753.410,8635.755,883.020,1129.140,5.946,489.118,6815.562,8715.229,76.253,69.530,1472.190,1151.295,1480.790,12.450,5.676,669.779,9751.950,1.970,4.603,510.202,924.820,1182.590,9067.986,11595.462,79.862,93.360,11.945,29.500,276.458,3.855,4.930,216.198,11.504,31.536,239.047,305.676,0.333,2.226,1129.670,24.738,148.576,766.381,216.958,277.430,599.332,18.735,6.170,23.075,150.775,824.700,233.201,298.200,644.939,20.138,6.640,-8.600,-0.584,4.391,1.774,48.265,13.662,17.470,37.745,1.180,0.389,2.145,56.353,2683.249,37.944,48.520,2098.378,1.359,25.702,1499.128,1916.973,3.277,21.604,7.981,2.550,,0.670,0.053,1.994,,6.242,0.172,,0.064,1158.021,12470.063,24.462,149.001,776.435,219.539,280.730,607.195,18.958,6.251,40.909,0.025,0.086,0.023,0.030,0.067,0.002,0.001,21.918,0.348,1.987,0.563,0.720,1.554,0.049,0.016
China,2002,CHN,1286866835,6814493895929,,1.715,1.333,1.715,1.982,2.550,0.154,0.013,773.300,9.631,831.703,7356.983,9467.458,996.661,1282.570,6.794,592.093,7232.545,9307.322,77.543,69.989,1645.610,1278.773,1654.010,12.747,8.905,1110.428,10553.145,1.993,9.156,1061.730,1039.323,1337.470,9835.665,12657.191,80.862,93.569,6.394,17.678,294.136,3.256,4.190,228.567,7.689,23.503,255.799,329.179,0.253,2.174,1279.040,3.799,22.578,788.959,223.776,287.970,613.085,17.410,5.832,6.719,45.197,869.897,245.977,316.540,675.981,19.138,6.431,-8.400,-0.510,43.813,20.576,68.841,19.528,25.130,53.495,1.519,0.509,7.914,212.349,2895.598,39.406,50.710,2250.115,1.235,23.679,1508.044,1940.651,3.066,21.406,7.956,2.550,,-0.313,-0.025,1.982,,6.183,0.154,,0.059,1285.300,13580.491,4.411,24.621,801.056,226.449,291.410,622.486,17.618,5.922,54.839,0.046,0.132,0.039,0.050,0.102,0.003,0.001,16.433,0.307,2.294,0.653,0.840,1.783,0.051,0.017
China,2003,CHN,1294517323,7248623080792,176.000,3.019,3.657,4.735,1.962,2.540,0.133,0.030,790.920,19.177,1815.601,8716.035,11283.059,1174.160,1519.970,18.125,1686.979,8492.974,10994.302,79.555,71.565,1903.220,1470.216,1910.580,12.574,16.481,2238.265,12219.811,2.182,17.400,2202.377,1220.501,1579.960,11478.849,14859.568,82.695,94.250,16.187,47.612,341.747,3.986,5.160,263.996,7.207,23.725,272.615,352.904,0.270,2.168,1511.110,-1.490,-15.989,772.970,219.140,283.680,597.111,14.848,4.903,5.376,36.721,906.619,255.400,330.620,700.353,17.305,5.750,-7.360,-0.387,72.492,49.257,118.098,33.480,43.340,91.229,2.268,0.749,11.713,339.165,3234.762,42.356,54.830,2498.817,1.629,31.622,1523.559,1972.274,2.870,20.517,7.925,2.540,,-0.393,-0.031,1.962,,6.122,0.133,,0.050,1475.901,15818.756,-0.377,-12.536,788.520,221.921,287.280,609.123,15.036,5.001,33.333,0.043,0.174,0.046,0.060,0.135,0.003,0.001,19.059,0.422,2.717,0.772,1.000,2.098,0.052,0.017
China,2004,CHN,1302100316,7830953177799,26.103,1.236,4.585,5.970,1.943,2.530,0.115,0.032,778.500,16.593,1872.222,10103.123,13155.280,1322.801,1722.420,17.095,1879.429,9886.896,12873.730,78.174,71.320,2197.230,1687.451,2203.310,12.415,17.008,2690.381,14214.832,2.364,16.645,2473.324,1378.857,1795.410,13311.487,17332.893,81.487,93.969,16.999,58.092,399.840,5.729,7.460,307.073,18.406,64.957,320.913,417.861,0.339,2.168,1715.280,24.628,185.144,958.114,271.515,353.540,735.822,16.046,5.194,23.412,205.807,1112.425,313.263,407.900,854.332,18.513,6.031,-6.080,-0.277,16.444,18.674,136.772,38.760,50.470,105.040,2.291,0.742,16.787,543.010,3777.772,50.326,65.530,2901.291,2.633,51.939,1554.575,2024.213,2.974,20.481,7.900,2.530,,-0.315,-0.025,1.943,,6.067,0.115,,0.043,1692.120,18509.137,24.446,187.133,975.653,274.503,357.430,749.292,16.222,5.289,18.750,0.032,0.206,0.061,0.080,0.158,0.004,0.001,28.166,0.746,3.463,0.983,1.280,2.659,0.058,0.019
China,2005,CHN,1310027135,8602939667333,40.280,2.405,6.393,8.375,4.061,5.320,0.213,0.040,782.080,17.102,2249.826,11759.380,15405.106,1511.534,1980.150,12.174,1567.260,11023.429,14440.990,79.198,73.520,2494.080,1903.839,2500.260,12.390,13.604,2518.027,16050.938,2.444,13.734,2380.453,1559.357,2042.800,15048.043,19713.346,81.704,94.080,17.485,69.911,469.751,9.267,12.140,358.581,18.958,79.218,379.442,497.080,0.486,2.242,1955.410,12.296,109.136,1067.250,303.062,397.020,814.678,15.879,5.093,12.557,127.998,1240.423,349.199,457.460,946.868,18.296,5.920,-6.180,-0.248,5.189,5.937,142.710,40.526,53.090,108.936,2.123,0.681,1.607,60.715,3838.487,38.556,50.510,2930.082,4.195,84.921,1609.993,2109.134,2.020,18.319,16.631,5.320,,110.522,8.731,4.061,,12.695,0.213,,0.079,1908.556,21027.164,13.580,122.061,1097.714,308.673,404.370,837.932,16.173,5.239,10.526,0.020,0.226,0.061,0.080,0.172,0.003,0.001,52.300,1.769,5.231,1.489,1.950,3.993,0.078,0.025
China,2006,CHN,1318054030,9489543138489,44.090,3.693,9.156,12.068,5.409,7.130,0.249,0.053,786.640,9.823,1513.274,12835.878,16918.381,1746.833,2302.420,6.984,1008.564,11721.488,15449.555,80.344,73.656,2858.840,2168.986,2865.720,12.951,9.612,2021.170,17486.639,2.429,9.636,1899.643,1793.675,2364.160,16397.648,21612.988,82.498,94.095,23.009,108.086,577.838,18.072,23.820,438.402,18.721,93.056,447.733,590.136,0.831,2.516,2254.300,9.765,97.953,1165.203,330.631,435.790,884.033,15.207,5.073,10.262,115.956,1356.380,380.531,501.560,1029.077,17.502,5.905,-6.880,-0.241,3.306,3.929,146.639,41.607,54.840,111.254,1.914,0.638,7.250,278.282,4116.769,28.770,37.920,3123.369,1.882,39.691,1630.301,2148.825,1.323,17.923,22.291,7.130,,34.029,5.659,5.409,,16.912,0.249,,0.097,2174.205,23048.334,11.157,112.027,1209.740,338.924,446.720,917.823,15.588,5.267,13.095,0.028,0.254,0.068,0.090,0.193,0.003,0.001,90.735,4.693,9.925,2.815,3.710,7.530,0.129,0.043
China,2007,CHN,1325813576,10358206113742,10.591,1.278,10.066,13.346,7.437,9.860,0.300,0.053,785.240,8.899,1505.533,13896.309,18423.914,2003.826,2656.700,8.345,1289.311,12625.354,16738.865,80.959,73.804,3271.230,2467.338,3281.540,13.659,8.683,2001.242,18893.740,2.418,8.492,1835.273,2050.590,2718.700,17685.941,23448.260,82.848,93.932,23.007,132.941,710.779,25.577,33.910,536.108,18.252,107.711,526.354,697.847,1.033,2.847,2576.800,11.354,125.393,1290.596,366.009,485.260,973.437,14.788,5.170,12.180,158.499,1514.879,424.524,562.840,1142.603,17.152,6.068,-10.310,-0.315,13.287,18.600,165.239,46.862,62.130,124.632,1.893,0.662,4.780,196.798,4313.567,21.187,28.090,3253.525,0.840,18.056,1634.378,2166.881,0.856,17.280,30.822,9.860,,38.273,8.531,7.437,,23.248,0.300,,0.123,2475.114,25049.576,12.047,139.899,1349.640,377.662,500.710,1017.971,15.258,5.407,20.000,0.049,0.303,0.083,0.110,0.229,0.003,0.001,47.617,4.648,14.573,4.133,5.480,10.991,0.167,0.058
China,2008,CHN,1333821011,10799148337884,36.213,4.833,13.629,18.179,11.148,14.870,0.425,0.070,747.060,1.585,292.006,14031.808,18715.920,2030.940,2708.910,3.647,610.418,13007.205,17349.283,77.491,72.251,3482.960,2611.265,3495.760,14.156,3.876,970.887,19508.211,2.409,2.111,495.080,2070.960,2762.290,17950.939,23943.340,79.018,92.431,15.272,108.550,819.329,25.918,34.570,614.272,15.973,111.470,606.766,809.317,0.989,3.163,2611.530,31.261,390.037,1680.633,477.545,636.960,1260.014,18.221,6.488,30.451,445.815,1960.693,549.901,733.470,1469.982,20.982,7.569,-12.800,-0.368,10.082,15.220,180.459,51.274,68.390,135.295,1.956,0.697,2.191,94.524,4408.092,14.102,18.810,3304.860,2.212,47.932,1660.502,2214.812,0.538,17.017,46.456,14.870,,50.725,15.634,11.148,,34.829,0.425,,0.179,2620.861,26020.463,32.912,430.595,1780.234,498.628,665.080,1334.688,19.025,6.872,33.333,0.098,0.401,0.112,0.150,0.301,0.004,0.002,139.082,19.992,34.565,9.821,13.100,25.914,0.375,0.133
China,2009,CHN,1342522717,11572544299171,9.404,1.710,14.814,19.889,15.538,20.860,0.562,0.074,753.130,4.750,889.100,14603.119,19605.020,2168.693,2911.520,3.090,536.068,13322.196,17885.352,78.380,72.489,3703.260,2758.434,3714.640,14.374,4.375,1138.436,20229.750,2.347,4.779,1144.217,2219.851,2980.200,18686.879,25087.559,80.229,92.760,10.119,82.911,902.240,42.130,56.560,672.048,6.188,50.081,640.136,859.398,1.523,3.336,2797.620,-3.347,-64.770,1615.863,458.570,615.640,1203.602,16.573,5.975,0.357,-2.684,1958.009,547.060,734.440,1458.455,19.771,7.240,-11.380,-0.307,2.422,3.400,183.859,52.178,70.050,136.951,1.886,0.680,3.907,172.207,4580.298,9.028,12.120,3411.710,-0.499,-11.044,1641.513,2203.769,0.326,16.935,65.185,20.860,,40.316,18.729,15.538,,48.554,0.562,,0.241,2766.910,27158.898,0.151,-6.084,1774.150,494.882,664.390,1321.505,17.886,6.560,83.553,0.331,0.732,0.209,0.280,0.545,0.008,0.003,110.802,37.916,72.480,20.566,27.610,53.988,0.743,0.268
China,2010,CHN,1351561505,12858808500983,-0.463,-0.092,14.647,19.797,18.423,24.900,0.592,0.068,740.750,3.752,735.523,15049.661,20340.543,2392.492,3233.600,8.286,1481.898,14329.536,19367.250,76.859,70.336,4193.650,3102.818,4207.160,15.285,6.984,1896.711,21497.809,2.260,6.203,1556.216,2475.685,3346.040,19713.326,26643.773,79.532,92.132,20.671,186.500,1088.741,57.511,77.730,805.543,12.340,106.048,714.318,965.445,1.848,3.765,3116.460,15.551,236.697,1852.560,526.339,711.380,1370.681,16.909,6.406,16.781,317.272,2275.281,637.130,861.120,1683.446,20.468,7.868,-13.510,-0.322,6.698,10.782,194.641,55.299,74.740,144.012,1.776,0.673,13.846,634.192,5214.490,25.681,34.710,3858.123,7.137,157.284,1746.908,2361.053,0.825,18.031,77.813,24.900,,19.372,12.628,18.423,,57.573,0.592,,0.269,3112.814,29055.609,17.813,306.490,2080.640,581.831,786.380,1539.434,18.691,7.195,151.254,1.093,1.826,0.518,0.700,1.351,0.017,0.006,78.887,56.165,128.645,36.550,49.400,95.182,1.174,0.445
China,2011,CHN,1360250658,13691526496125,10.629,2.104,16.101,21.901,20.312,27.630,0.586,0.070,752.360,8.864,1803.061,16279.062,22143.604,2713.375,3690.870,11.193,2167.818,15831.691,21535.068,78.312,70.970,4700.280,3455.451,4713.020,15.822,7.850,2280.928,23037.326,2.289,8.415,2242.192,2818.187,3833.440,21235.768,28885.965,81.337,92.579,24.146,262.888,1351.629,79.963,108.770,993.661,9.965,96.211,780.486,1061.656,2.308,4.332,3545.880,-3.281,-70.060,1782.500,505.819,688.040,1310.420,14.599,5.713,2.335,40.107,2315.388,646.631,879.580,1702.177,18.663,7.421,-12.740,-0.271,16.668,31.266,225.907,64.106,87.200,166.077,1.850,0.724,3.380,176.243,5390.733,24.848,33.800,3963.044,-0.068,-1.611,1734.564,2359.442,0.717,17.277,86.350,27.630,,10.971,8.537,20.312,,63.481,0.586,,0.277,3464.817,31336.537,1.006,8.841,2089.481,582.525,792.380,1536.100,16.813,6.697,272.325,4.936,6.762,1.919,2.610,4.971,0.055,0.022,50.001,63.324,191.969,54.475,74.100,141.128,1.572,0.615
China,2012,CHN,1369520866,14773157494771,17.792,3.897,18.837,25.797,22.000,30.130,0.604,0.079,720.280,1.259,278.754,16372.410,22422.357,2736.862,3748.190,1.181,254.234,15910.165,21789.303,75.151,69.083,4976.760,3633.942,4987.540,16.241,4.109,1287.643,23821.602,2.208,2.421,699.467,2840.161,3889.660,21602.762,29585.432,77.988,91.152,11.626,157.147,1508.776,80.503,110.250,1101.682,5.004,53.125,813.993,1114.781,2.211,4.648,3592.410,25.398,441.196,2223.696,629.994,862.790,1623.704,17.299,6.851,24.648,556.526,2871.914,801.653,1097.880,2097.021,22.012,8.848,-10.780,-0.217,12.750,27.491,253.398,71.792,98.320,185.027,1.971,0.781,4.889,263.566,5654.299,22.796,31.220,4128.670,2.269,53.527,1761.907,2412.969,0.626,17.421,94.166,30.130,,9.051,7.816,22.000,,68.758,0.604,,0.290,3641.814,32624.180,25.922,529.035,2618.516,729.861,999.560,1911.994,20.041,8.068,37.721,2.503,9.264,2.621,3.590,6.765,0.072,0.029,39.069,73.624,265.593,75.245,103.050,193.931,2.066,0.818
China,2013,CHN,1379008040,15925464549520,37.161,9.586,25.659,35.384,26.925,37.130,0.684,0.105,717.510,2.140,479.773,16607.686,22902.131,2956.741,4077.370,1.124,244.834,15978.251,22034.137,75.067,68.027,5420.400,3930.651,5431.630,17.097,3.765,1228.387,24548.490,2.126,3.187,942.953,3065.073,4226.760,22137.932,30528.387,77.818,90.679,13.919,210.010,1718.785,84.401,116.390,1246.393,9.269,103.326,883.321,1218.107,2.143,5.105,3897.270,5.426,102.678,2326.374,659.612,909.610,1686.991,16.747,6.910,10.375,266.086,3138.000,873.722,1204.870,2275.549,22.182,9.321,-11.230,-0.207,13.408,31.770,285.168,80.855,111.500,206.792,2.053,0.847,4.477,253.170,5907.470,23.930,33.000,4283.854,1.196,28.857,1770.712,2441.826,0.608,17.547,116.041,37.130,,23.230,21.875,26.925,,84.148,0.684,,0.345,3938.795,33852.566,10.084,234.316,2852.832,792.867,1093.370,2068.756,20.130,8.474,132.963,12.152,21.417,6.070,8.370,15.530,0.154,0.064,34.172,88.024,353.617,100.260,138.260,256.428,2.545,1.050
China,2014,CHN,1387951970,17103948867278,4.440,1.571,26.625,36.955,33.337,46.270,0.799,0.107,693.850,-0.425,-97.428,16430.471,22804.703,3028.246,4203.060,-1.604,-353.375,15620.686,21680.762,72.536,66.074,5783.040,4166.600,5794.450,17.945,2.589,876.500,25021.807,2.030,0.991,302.465,3149.965,4372.000,22213.197,30830.852,75.452,89.328,9.591,164.846,1883.631,96.026,133.280,1357.130,7.692,93.701,945.140,1311.809,2.300,5.458,4020.490,16.499,370.042,2696.416,763.492,1059.690,1942.730,18.288,7.812,17.669,545.283,3683.283,1024.855,1422.450,2653.754,24.548,10.672,-11.410,-0.197,19.477,53.808,338.976,95.983,133.220,244.227,2.299,0.982,3.979,235.047,6142.517,25.693,35.660,4425.597,0.700,17.093,1771.617,2458.919,0.615,17.797,144.588,46.270,,24.601,28.548,33.337,,104.174,0.799,,0.419,4174.820,34729.066,17.490,491.476,3344.307,928.872,1289.230,2409.527,22.249,9.690,180.780,38.411,59.827,16.939,23.510,43.105,0.406,0.173,15.549,52.904,406.521,115.105,159.760,292.893,2.757,1.178
China,2015,CHN,1396134171,18301224436466,-26.129,-9.656,19.553,27.299,38.728,54.070,0.930,0.078,667.850,-2.086,-475.660,15993.479,22329.043,2898.124,4046.170,-1.876,-406.803,15237.761,21273.959,69.587,63.967,5802.140,4155.861,5814.580,17.903,1.172,406.922,25166.627,1.920,0.178,54.983,3043.791,4249.540,22122.396,30885.834,73.084,88.480,3.359,63.264,1946.895,119.552,166.910,1394.490,3.421,44.880,971.747,1356.689,2.871,5.577,3883.250,5.174,125.142,2821.558,798.290,1114.520,2020.979,19.168,8.083,9.108,338.214,4021.498,1120.981,1565.040,2880.452,26.916,11.520,-12.440,-0.214,28.645,94.893,433.869,122.753,171.380,310.764,2.947,1.243,7.609,467.379,6609.896,26.115,36.460,4734.427,1.481,36.414,1787.316,2495.333,0.627,18.936,168.970,54.070,,16.863,24.381,38.728,,121.027,0.930,,0.484,4164.771,35135.988,7.146,243.322,3587.629,998.228,1393.660,2569.688,23.968,10.278,67.916,40.123,99.951,28.278,39.480,71.591,0.679,0.286,16.167,63.331,469.852,132.931,185.590,336.538,3.192,1.346
China,2016,CHN,1404052628,19545709173693,1.889,0.516,19.810,27.815,44.250,62.130,1.013,0.079,651.760,-2.926,-653.264,15438.011,21675.779,2960.252,4156.350,-7.534,-1602.727,14010.324,19671.232,67.768,61.893,6120.440,4359.125,6133.160,18.954,0.403,141.723,25125.633,1.805,-0.946,-292.065,3131.784,4397.190,21789.617,30593.770,71.695,87.357,7.577,147.516,2094.411,134.098,188.280,1491.690,1.675,22.727,982.453,1379.416,3.070,5.980,3997.360,3.477,76.099,2897.657,821.387,1153.270,2063.781,18.804,8.274,10.767,406.102,4427.600,1236.400,1735.970,3153.443,28.305,12.643,-12.720,-0.208,24.391,101.755,535.624,151.832,213.180,381.484,3.476,1.529,3.233,213.683,6823.579,37.434,52.560,4859.917,-6.933,-172.996,1654.024,2322.336,0.857,19.484,194.171,62.130,,14.915,25.201,44.250,,138.293,1.013,,0.554,4368.184,35277.711,9.124,304.347,3891.976,1084.568,1522.790,2771.958,24.829,11.113,68.508,67.205,167.156,47.384,66.530,119.052,1.085,0.477,29.780,135.325,605.177,171.546,240.860,431.022,3.927,1.728
China,2017,CHN,1412354730,20894362082435,-6.755,-1.879,18.364,25.936,56.360,79.600,1.205,0.071,644.210,1.106,239.664,15516.954,21915.443,3136.627,4430.030,3.329,654.877,14391.646,20326.109,67.077,60.249,6591.390,4666.951,6604.440,19.743,3.888,1371.672,25949.135,1.754,2.999,917.368,3320.186,4689.280,22311.064,31511.137,71.002,86.629,15.189,318.111,2412.522,143.873,203.200,1708.156,8.161,112.579,1056.388,1491.995,3.077,6.632,4254.610,1.023,15.005,2912.662,824.906,1165.060,2062.274,17.641,8.007,10.053,435.995,4863.595,1356.005,1915.160,3443.607,28.998,13.371,-13.050,-0.198,16.381,84.626,620.250,175.664,248.100,439.160,3.757,1.705,5.270,359.593,7183.172,39.685,56.050,5085.955,-4.096,-95.122,1576.951,2227.215,0.849,19.748,248.747,79.600,,28.107,54.575,56.360,,176.122,1.205,,0.684,4676.190,36649.383,9.183,351.369,4243.345,1180.341,1667.060,3004.447,25.242,11.666,77.068,127.344,294.500,83.407,117.800,208.517,1.784,0.810,26.463,156.323,761.500,215.668,304.600,539.170,4.612,2.093
China,2018,CHN,1419008954,22294284747546,29.818,7.733,23.727,33.669,66.102,93.800,1.309,0.088,636.890,1.993,436.703,15751.941,22352.146,3357.167,4763.850,5.052,1026.842,15047.792,21352.951,66.477,58.647,7150.920,5039.376,7166.140,20.543,4.803,1760.438,27068.061,1.723,3.837,1209.011,3548.780,5035.750,23058.451,32720.148,70.271,85.850,17.688,426.738,2839.260,151.867,215.500,2000.875,8.190,122.194,1137.546,1614.188,3.007,7.450,4564.010,2.903,69.644,2982.306,844.878,1198.890,2101.682,16.730,7.825,11.486,529.323,5392.917,1501.322,2130.390,3800.482,29.729,14.150,-15.220,-0.213,18.904,113.581,733.831,207.892,295.000,517.143,4.117,1.925,4.811,345.569,7528.741,39.746,56.400,5305.633,-1.139,-25.377,1551.673,2201.838,0.787,19.754,293.112,93.800,,17.835,44.365,66.102,,206.561,1.309,,0.769,5050.102,38409.820,10.399,415.742,4659.087,1293.431,1835.390,3283.339,25.612,12.224,50.170,145.550,440.050,124.664,176.900,310.111,2.469,1.155,20.092,148.450,909.950,257.786,365.800,641.258,5.105,2.388
China,2019,CHN,1423520357,23631941251482,7.079,2.383,25.327,36.053,79.240,112.800,1.503,0.090,619.630,2.550,570.090,16102.500,22922.236,3410.643,4855.120,3.754,801.488,15563.135,22154.439,64.705,57.512,7486.630,5259.236,7503.430,20.672,4.631,1778.902,28231.928,1.701,3.598,1177.367,3610.830,5140.090,23812.455,33897.516,68.503,85.048,8.612,244.508,3083.768,163.327,232.500,2166.297,9.492,153.226,1241.580,1767.414,3.099,7.737,4649.370,6.143,167.541,3149.846,893.939,1272.540,2212.716,16.959,7.903,10.875,566.260,5959.178,1660.208,2363.340,4186.226,31.497,14.952,-16.800,-0.224,18.203,129.288,863.119,244.956,348.700,606.327,4.647,2.166,4.818,362.769,7891.510,36.859,52.470,5543.658,1.217,26.796,1565.579,2228.634,0.699,19.800,352.487,112.800,,20.257,59.375,79.240,,247.616,1.503,,0.884,5271.038,40188.723,9.718,436.972,5096.059,1415.252,2014.640,3579.899,26.850,12.786,26.625,114.406,554.455,157.356,224.000,389.496,2.985,1.391,10.798,93.268,1003.218,284.717,405.300,704.744,5.402,2.517
China,2020,CHN,1426106093,24151843898871,-23.742,-8.560,19.279,27.493,95.154,135.700,1.744,0.067,606.290,2.095,480.316,16410.105,23402.553,3451.279,4921.890,0.950,210.496,15682.519,22364.936,63.271,56.879,7762.030,5442.813,7779.070,20.851,3.248,1305.168,29095.936,1.718,2.451,830.877,3665.828,5227.860,24351.900,34728.391,67.204,84.407,9.158,282.404,3366.173,177.056,252.500,2360.394,9.770,172.678,1360.412,1940.092,3.246,8.181,4716.400,3.864,113.633,3263.479,926.796,1321.710,2288.385,16.991,7.932,7.473,456.586,6415.764,1788.934,2551.210,4498.798,32.796,15.593,-17.040,-0.220,5.019,41.079,904.198,256.783,366.200,634.032,4.708,2.198,0.864,68.157,7959.667,37.494,53.470,5581.399,1.639,36.530,1588.355,2265.163,0.687,19.346,424.051,135.700,,20.303,71.564,95.154,,297.349,1.744,,1.031,5454.762,41493.891,7.891,415.507,5511.566,1532.151,2185.010,3864.766,28.088,13.396,16.563,90.236,644.691,183.086,261.100,452.064,3.356,1.567,15.100,148.634,1151.852,327.115,466.500,807.690,5.997,2.800
China,2021,CHN,1426437269,26180600167672,4.063,1.117,20.057,28.610,116.374,166.000,1.945,0.066,599.050,3.901,912.924,17046.299,24315.477,3739.246,5333.800,3.635,813.039,16248.856,23177.975,62.499,55.941,8520.020,5972.937,8534.260,21.784,5.671,2353.289,30738.947,1.675,4.503,1563.858,3980.519,5677.960,25442.584,36292.250,66.531,83.496,12.967,436.507,3802.679,201.271,287.100,2665.858,7.837,152.037,1466.681,2092.129,3.364,8.749,5112.410,-1.642,-61.509,3201.970,911.362,1300.000,2244.733,15.233,7.367,11.875,757.938,7173.702,2002.401,2856.300,5029.104,33.469,16.504,-14.240,-0.167,11.278,99.497,1003.695,285.677,407.500,703.637,4.775,2.309,2.694,214.428,8174.095,40.002,57.060,5730.427,2.111,47.823,1621.513,2312.986,0.669,18.806,518.737,166.000,,22.329,94.686,116.374,,363.659,1.945,,1.193,5982.920,43847.180,11.973,658.441,6170.007,1716.725,2448.800,4325.467,28.694,14.195,25.239,160.727,805.419,229.242,327.000,564.637,3.832,1.853,40.579,463.419,1615.271,459.747,655.800,1132.381,7.684,3.716
China,2022,CHN,1425179562,26966016991166,2.003,0.573,20.477,29.183,128.124,182.600,2.064,0.066,586.750,0.338,82.303,17119.092,24397.779,3799.325,5414.720,9.439,2187.658,17798.201,25365.633,61.192,55.309,8835.760,6199.752,8848.710,22.407,1.526,669.312,31235.707,1.651,0.222,80.396,4041.785,5760.270,25521.449,36372.648,65.097,82.455,-0.689,-26.204,3776.475,193.393,275.620,2649.824,6.036,126.285,1556.586,2218.414,3.115,8.561,5191.990,-0.144,-12.481,3189.489,910.847,1298.120,2237.956,14.670,7.230,8.067,565.754,7739.456,2167.053,3088.440,5430.513,34.903,17.545,-12.950,-0.147,2.523,22.792,1026.486,293.142,417.780,720.251,4.721,2.327,0.297,24.298,8198.393,49.068,69.930,5752.533,2.937,67.931,1670.608,2380.917,0.790,18.585,570.612,182.600,,10.000,51.875,128.124,,400.379,2.064,,1.294,6208.839,44516.492,8.979,542.962,6712.969,1873.911,2670.660,4710.262,30.181,15.218,30.664,244.385,1049.803,299.801,427.270,736.611,4.829,2.380,16.296,258.611,1873.882,535.140,762.670,1314.839,8.619,4.248
China,2023,CHN,1422584930,,8.564,2.499,22.271,31.683,139.324,198.200,2.096,0.068,583.040,3.211,783.430,17701.023,25181.209,4043.864,5752.740,2.240,568.186,18230.066,25933.818,60.834,54.028,9439.370,6635.365,9456.450,22.687,5.741,2555.520,33089.070,,5.356,1948.171,4307.307,6127.510,26937.455,38320.816,64.797,82.220,7.200,271.906,4048.381,209.337,297.800,2845.792,5.597,124.169,1646.709,2342.583,3.149,8.686,5513.500,-5.556,-199.256,2990.233,861.811,1226.000,2101.971,12.965,6.416,7.794,547.529,8286.984,2340.064,3328.940,5825.300,35.203,17.780,-17.080,-0.181,4.055,33.806,1060.293,305.585,434.720,745.328,4.597,2.275,10.890,892.835,9091.228,54.106,76.970,6390.640,2.102,50.056,1708.842,2430.972,0.814,19.506,619.362,198.200,,8.543,48.750,139.324,,435.378,2.096,,1.329,6647.371,47072.012,8.373,513.723,7226.692,2034.480,2894.220,5079.972,30.606,15.505,36.717,374.953,1424.756,410.626,584.150,1001.526,6.177,3.057,16.154,286.776,2160.658,622.719,885.870,1518.826,9.368,4.636
China,2024,CHN,1419321284,,17.503,5.546,26.230,37.228,146.901,208.500,2.067,0.077,555.400,1.660,418.098,18036.301,25599.307,4105.906,5827.600,1.200,311.205,18491.250,26245.023,57.774,52.807,10069.880,7094.856,10086.880,23.571,4.068,1915.090,34514.457,,1.530,586.456,4394.495,6237.200,27412.590,38907.273,61.835,80.259,7.300,295.532,4343.913,225.967,320.720,3060.557,6.032,141.313,1750.059,2483.896,3.180,8.961,5602.240,10.462,312.826,3303.059,954.153,1354.250,2327.210,13.426,6.814,15.661,1282.732,9569.717,2712.339,3849.680,6742.459,38.165,19.741,-17.000,-0.169,3.710,39.341,1099.634,317.652,450.850,774.761,4.470,2.268,-1.399,-127.174,8964.054,62.621,88.880,6315.732,1.849,44.950,1744.441,2475.922,0.881,18.491,651.551,208.500,,5.197,32.189,146.901,,459.058,2.067,,1.344,7106.833,48987.102,17.436,1243.390,8470.082,2394.687,3398.830,5967.699,33.696,17.472,43.634,621.683,2046.439,591.156,839.040,1441.843,8.318,4.221,12.549,271.146,2431.805,702.477,997.040,1713.358,9.885,5.016
China,2025,CHN,1416096093,,,,,,150.421,213.010,2.013,,525.340,,,,,4061.561,5751.560,,,,,54.345,,10563.900,7459.875,10583.360,,,,,,,,4360.777,6175.280,,,58.349,,,,,235.980,334.170,,,,,,3.158,,5559.880,,,,986.557,1397.060,,13.201,,,,,3112.840,4408.080,,41.651,,-19.460,-0.184,,,,344.334,487.610,,4.607,,,,,63.237,89.550,,,,,,0.846,,,213.010,,,,150.421,,,2.013,,,7473.617,,,,,2768.506,3920.470,,37.044,,,,,829.718,1174.960,,11.102,,,,,801.810,1135.440,,10.729,
Japan,1900,JPN,44416502,93641716284,,,,,,,,,,,,,,,,,,1293.715,57.462,,,,,,,,,,,,,,,,,,,,,,,,,,,0.000,0.000,,,,,,,,,,,,,,,,,,,,,,,,,,,,,,,,,,,,,,29.850,1.326,,,,,,,,,,,,,,,,,,,,,,,,,,,,,,,,,,,,,,,
Japan,1901,JPN,44903535,96537578132,,,,,,,,,,,,,,,,20.463,11.759,1541.549,69.221,,,,,,,,,,,,,,,,,,,,,,,,,,0.000,0.000,0.000,,,,,,,,,,,,,,,,,,,,,,,,,,,,,,,,,,,,27.193,0.361,37.555,1.686,,,,,,,,,,,,,,,,,,,,,,,,,,,,,,,,,,,,,,,
Japan,1902,JPN,45413962,91087774650,,,,,,,,,,,,,,,,7.702,5.332,1641.622,74.553,,,,,,,,,,,,,,,,,,,,,,,,,,0.000,0.000,0.000,,,,,,,,,,,,,,,,,,,,,,,,,,,,,,,,,,,,8.276,0.140,40.206,1.826,,,,,,,,,,,,,,,,,,,,,,,,,,,,,,,,,,,,,,,
Japan,1903,JPN,45948233,101027677191,,,,,,,,,,,,,,,,4.015,2.994,1687.685,77.546,,,,,,,,,,,,,,,,,,,,,,,,,,0.000,0.000,0.000,,,,,,,,,,,,,,,,,,,,,,,,,,,,,,,,,,,,-19.745,-0.361,31.892,1.465,,,,,,,,,,,,,,,,,,,,,,,,,,,,,,,,,,,,,,,
Japan,1904,JPN,46488789,101057243058,,,,,,,,,,,,,,,,6.276,4.867,1772.751,82.413,,,,,,,,,,,,,,,,,,,,,,,,,,0.000,0.000,0.000,,,,,,,,,,,,,,,,,,,,,,,,,,,,,,,,,,,,46.825,0.686,46.281,2.152,,,,,,,,,,,,,,,,,,,,,,,,,,,,,,,,,,,,,,,
Japan,1905,JPN,47035703,98867771981,,,,,,,,,,,,,,,,7.626,6.284,1885.749,88.698,,,,,,,,,,,,,,,,,,,,,,,,,,0.000,0.000,0.000,,,,,,,,,,,,,,,,,,,,,,,,,,,,,,,,,,,,-4.865,-0.105,43.518,2.047,,,,,,,,,,,,,,,,,,,,,,,,,,,,,,,,,,,,,,,
Japan,1906,JPN,47589051,109990610707,,,,,,,,,,,,,,,,12.500,11.087,2096.803,99.785,,,,,,,,,,,,,,,,,,,,,,,,,,0.000,0.000,0.000,,,,,,,,,,,,,,,,,,,,,,,,,,,,,,,,,,,,29.545,0.605,55.720,2.652,,,,,,,,,,,,,,,,,,,,,,,,,,,,,,,,,,,,,,,
Japan,1907,JPN,48148908,112465891909,,,,,,,,,,,,,,,,6.336,6.322,2203.733,106.107,,,,,,,,,,,,,,,,,,,,,,,,,,0.000,0.000,0.000,,,,,,,,,,,,,,,,,,,,,,,,,,,,,,,,,,,,17.544,0.465,64.733,3.117,,,,,,,,,,,,,,,,,,,,,,,,,,,,,,,,,,,,,,,
Japan,1908,JPN,48715351,113744837607,,,,,,,,,,,,,,,,7.413,7.866,2339.583,113.974,,,,,,,,,,,,,,,,,,,,,,,,,,0.000,0.000,0.000,,,,,,,,,,,,,,,,,,,,,,,,,,,,,,,,,,,,2.985,0.093,65.891,3.210,,,,,,,,,,,,,,,,,,,,,,,,,,,,,,,,,,,,,,,
Japan,1909,JPN,49292444,114021208068,,,,,,,,,,,,,,,,1.539,1.754,2347.777,115.728,,,,,,,,,,,,,,,,,,,,,,,,,,0.000,0.000,0.000,,,,,,,,,,,,,,,,,,,,,,,,,,,,,,,,,,,,-2.899,-0.093,63.232,3.117,,,,,,,,,,,,,,,,,,,,,,,,,,,,,,,,,,,,,,,
Japan,1910,JPN,49880362,114732009153,,,,,,,,,,,,,,,,4.199,4.860,2417.530,120.587,,,,,,,,,,,,,,,,,,,,,,,,,,0.000,0.000,0.000,,,,,,,,,,,,,,,,,,,,,,,,,,,,,,,,,,,,-4.104,-0.128,59.922,2.989,,,,,,,,,,,,,,,,,,,,,,,,,,,,,,,,,,,,,,,
Japan,1911,JPN,50479280,120504684461,,,,,,,,,,,,,,,,12.414,14.969,2685.393,135.557,,,,,,,,,,,,,,,,,,,,,,,,,,0.000,0.000,0.000,,,,,,,,,,,,,,,,,,,,,,,,,,,,,,,,,,,,8.949,0.267,64.510,3.256,,,,,,,,,,,,,,,,,,,,,,,,,,,,,,,,,,,,,,,
Japan,1912,JPN,51089380,123262420246,,,,,,,,,,,,,,,,11.382,15.429,2955.325,150.986,,,,,,,,,,,,,,,,,,,,,,,,,,0.000,0.000,0.000,,,,,,,,,,,,,,,,,,,,,,,,,,,,,,,,,,,,-16.429,-0.535,53.268,2.721,,,,,,,,,,,,,,,,,,,,,,,,,,,,,,,,,,,,,,,
Japan,1913,JPN,51710843,125595255000,,,,,,,,,,,,,,,,8.503,12.838,3168.079,163.824,,,,,,,,,,,,,,,,,,,,,,,,,,0.000,0.000,0.000,,,,,,,,,,,,,,,,,,,,,,,,,,,,,,,,,,,,16.667,0.454,61.399,3.175,,,,,,,,,,,,,,,,,,,,,,,,,,,,,,,,,,,,,,,
Japan,1914,JPN,52339865,123539496030,,,,,,,,,,,,,,,,4.584,7.510,3273.487,171.334,,,,,,,,,,,,,,,,,,,,,,,,,,0.000,0.000,0.000,,,,,,,,,,,,,,,,,,,,,,,,,,,,,,,,,,,,35.897,1.140,82.437,4.315,,,,,,,,,,,,,,,,,,,,,,,,,,,,,,,,,,,,,,,
Japan,1915,JPN,52976538,133450924977,,,,,,,,,,,,,,,,-8.078,-13.840,2972.899,157.494,,,,,,,,,,,,,,,,,,,,,,,,,,0.000,0.000,0.000,,,,,,,,,,,,,,,,,,,,,,,,,,,,,,,,,,,,11.051,0.477,90.447,4.792,,,,,,,,,,,,,,,,,,,,,,,,,,,,,,,,,,,,,,,
Japan,1916,JPN,53620954,152258085791,,,,,,,,,,,,,,,,11.761,18.524,3282.624,176.017,,,,,,,,,,,,,,,,,,,,,,,,,,0.000,0.000,0.000,,,,,,,,,,,,,,,,,,,,,,,,,,,,,,,,,,,,1.214,0.058,90.444,4.850,,,,,,,,,,,,,,,,,,,,,,,,,,,,,,,,,,,,,,,
Japan,1917,JPN,54273209,160078842995,,,,,,,,,,,,,,,,15.146,26.659,3734.368,202.676,,,,,,,,,,,,,,,,,,,,,,,,,,0.000,0.000,0.000,,,,,,,,,,,,,,,,,,,,,,,,,,,,,,,,,,,,-3.357,-0.163,86.357,4.687,,,,,,,,,,,,,,,,,,,,,,,,,,,,,,,,,,,,,,,
Japan,1918,JPN,54927094,163202864404,,,,,,,,,,,,,,,,6.341,12.852,3923.897,215.528,,,,,,,,,,,,,,,,,,,,,,,,,,0.000,0.000,0.000,,,,,,,,,,,,,,,,,,,,,,,,,,,,,,,,,,,,-14.640,-0.686,72.837,4.001,,,,,,,,,,,,,,,,,,,,,,,,,,,,,,,,,,,,,,,
Japan,1919,JPN,55611871,177876282366,,,,,,,,,,,,,,,,11.563,24.921,4323.708,240.449,,,,,,,,,,,,,,,,,,,,,,,,,,0.000,0.000,0.000,,,,,,,,,,,,,,,,,,,,,,,,,,,,,,,,,,,,-8.430,-0.337,65.875,3.663,,,,,,,,,,,,,,,,,,,,,,,,,,,,,,,,,,,,,,,
Japan,1920,JPN,56328237,166000633374,,,,,,,,,,,,,,,,-6.478,-15.578,3992.171,224.872,,,,,,,,,,,,,,,,,,,,,,,,,,0.000,0.000,0.000,,,,,,,,,,,,,,,,,,,,,,,,,,,,,,,,,,,,-0.635,-0.023,64.625,3.640,,,,,,,,,,,,,,,,,,,,,,,,,,,,,,,,,,,,,,,
Japan,1921,JPN,57076902,183273447348,,,,,,,,,,,,,,,,-10.355,-23.286,3531.829,201.586,,,,,,,,,,,,,,,,,,,,,,,,,,0.000,0.000,0.000,,,,,,,,,,,,,,,,,,,,,,,,,,,,,,,,,,,,-4.792,-0.174,60.721,3.466,,,,,,,,,,,,,,,,,,,,,,,,,,,,,,,,,,,,,,,
Japan,1922,JPN,57858589,185576274939,,,,,,,,,,,,,,,,5.662,11.415,3681.397,213.000,,,,,,,,,,,,,,,,,,,,,,,,,,0.339,5.853,0.339,,,,,,,,,,,,,,,,,,,,,,,,,,,,,,,,,,,,-4.362,-0.151,57.287,3.315,,,,,,,,,,,,,,,,,,,,,,,,,,,,,,,,,,,,,,,
Japan,1923,JPN,58674033,187921545034,,,,,,,,,,,,,,,,4.473,9.528,3792.619,222.528,,,,,,,,,,,,,,,,,,,,,,,,,-1.111,-0.004,5.708,0.335,,,,,,,,,,,,,,,,,,,,,,,,,,,,,,,,,,,,-11.930,-0.395,49.752,2.919,,,,,,,,,,,,,,,,,,,,,,,,,,,,,,,,,,,,,,,
Japan,1924,JPN,59500970,194623737332,,,,,,,,,,,,,,,,4.038,8.986,3890.928,231.514,,,,,,,,,,,,,,,,,,,,,,,,,-1.124,-0.004,5.565,0.331,,,,,,,,,,,,,,,,,,,,,,,,,,,,,,,,,,,,0.398,0.012,49.256,2.931,,,,,,,,,,,,,,,,,,,,,,,,,,,,,,,,,,,,,,,
Japan,1925,JPN,60339562,203229179020,,,,,,,,,,,,,,,,4.458,10.322,4007.910,241.836,,,,,,,,,,,,,,,,,,,,,,,,,-1.136,-0.004,5.426,0.327,,,,,,,,,,,,,,,,,,,,,,,,,,,,,,,,,,,,5.556,0.163,51.270,3.094,,,,,,,,,,,,,,,,,,,,,,,,,,,,,,,,,,,,,,,
Japan,1926,JPN,61189973,203158042658,,,,,,,,,,,,,,,,-0.110,-0.267,3947.845,241.569,,,,,,,,,,,,,,,,,,,,,,,,,-1.149,-0.004,5.289,0.324,,,,,,,,,,,,,,,,,,,,,,,,,,,,,,,,,,,,-6.767,-0.209,47.136,2.884,,,,,,,,,,,,,,,,,,,,,,,,,,,,,,,,,,,,,,,
Japan,1927,JPN,62052369,205599581079,,,,,,,,,,,,,,,,6.703,16.192,4153.921,257.761,,,,,,,,,,,,,,,,,,,,,,,,,-1.163,-0.004,5.155,0.320,,,,,,,,,,,,,,,,,,,,,,,,,,,,,,,,,,,,0.000,0.000,46.481,2.884,,,,,,,,,,,,,,,,,,,,,,,,,,,,,,,,,,,,,,,
Japan,1928,JPN,62926919,221638210580,,,,,,,,,,,,,,,,0.947,2.441,4134.983,260.202,,,,,,,,,,,,,,,,,,,,,,,,,-1.176,-0.004,5.023,0.316,,,,,,,,,,,,,,,,,,,,,,,,,,,,,,,,,,,,5.242,0.151,48.237,3.035,,,,,,,,,,,,,,,,,,,,,,,,,,,,,,,,,,,,,,,
Japan,1929,JPN,63798063,231794741352,,,,,,,,,,,,,,,,1.164,3.030,4126.009,263.231,,,,,,,,,,,,,,,,,,,,,,,,,7.937,0.025,5.348,0.341,,,,,,,,,,,,,,,,,,,,,,,,,,,,,,,,,,,,6.513,0.198,50.678,3.233,,,,,,,,,,,,,,,,,,,,,,,,,,,,,,,,,,,,,,,
Japan,1930,JPN,64665549,214059745830,,,,,,,,,,,,,,,,-8.411,-22.140,3728.279,241.091,,,,,,,,,,,,,,,,,,,,,,,,,7.353,0.025,5.664,0.366,,,,,,,,,,,,,,,,,,,,,,,,,,,,,,,,,,,,1.439,0.047,50.717,3.280,,,,,,,,,,,,,,,,,,,,,,,,,,,,,,,,,,,,,,,
Japan,1931,JPN,65529121,216533467628,,,,,,,,,,,,,,,,-10.798,-26.033,3281.873,215.058,,,,,,,,,,,,,,,,,,,,,,,,,6.849,0.025,5.972,0.391,,,,,,,,,,,,,,,,,,,,,,,,,,,,,,,,,,,,-3.191,-0.105,48.452,3.175,,,,,,,,,,,,,,,,,,,,,,,,,,,,,,,,,,,,,,,
Japan,1932,JPN,66388515,233600032960,,,,,,,,,,,,,,,,0.223,0.480,3246.613,215.538,,,,,,,,,,,,,,,,,,,,,,,,,6.410,0.025,6.273,0.416,,,,,,,,,,,,,,,,,,,,,,,,,,,,,,,,,,,,-17.216,-0.547,39.591,2.628,,,,,,,,,,,,,,,,,,,,,,,,,,,,,,,,,,,,,,,
Japan,1933,JPN,67243463,254404915693,,,,,,,,,,,,,,,,15.926,34.327,3715.823,249.865,,,,,,,,,,,,,,,,,,,,,,,,,6.024,0.025,6.566,0.442,,,,,,,,,,,,,,,,,,,,,,,,,,,,,,,,,,,,-10.619,-0.279,34.937,2.349,,,,,,,,,,,,,,,,,,,,,,,,,,,,,,,,,,,,,,,
Japan,1934,JPN,68109421,255724778498,,,,,,,,,,,,,,,,10.454,26.120,4052.075,275.984,,,,,,,,,,,,,,,,,,,,,,,,,5.682,0.025,6.851,0.467,,,,,,,,,,,,,,,,,,,,,,,,,,,,,,,,,,,,25.743,0.605,43.372,2.954,,,,,,,,,,,,,,,,,,,,,,,,,,,,,,,,,,,,,,,
Japan,1935,JPN,68986531,264856327626,,,,,,,,,,,,,,,,5.092,14.052,4204.250,290.037,,,,,,,,,,,,,,,,,,,,,,,,,5.376,0.025,7.127,0.492,,,,,,,,,,,,,,,,,,,,,,,,,,,,,,,,,,,,23.622,0.698,52.935,3.652,,,,,,,,,,,,,,,,,,,,,,,,,,,,,,,,,,,,,,,
Japan,1936,JPN,69874936,279669724107,,,,,,,,,,,,,,,,10.690,31.006,4594.534,321.043,,,,,,,,,,,,,,,,,,,,,,,,,5.102,0.025,7.396,0.517,,,,,,,,,,,,,,,,,,,,,,,,,,,,,,,,,,,,12.102,0.442,58.587,4.094,,,,,,,,,,,,,,,,,,,,,,,,,,,,,,,,,,,,,,,
Japan,1937,JPN,70774782,290452316209,,,,,,,,,,,,,,,,8.267,26.542,4911.140,347.585,,,,,,,,,,,,,,,,,,,,,,,,,4.854,0.025,7.656,0.542,,,,,,,,,,,,,,,,,,,,,,,,,,,,,,,,,,,,0.284,0.012,58.006,4.105,,,,,,,,,,,,,,,,,,,,,,,,,,,,,,,,,,,,,,,
Japan,1938,JPN,71686216,305977496420,,,,,,,,,,,,,,,,7.579,26.344,5216.186,373.929,,,,,,,,,,,,,,,,,,,,,,,,,-2.778,-0.015,7.349,0.527,,,,,,,,,,,,,,,,,,,,,,,,,,,,,,,,,,,,-0.283,-0.012,57.107,4.094,,,,,,,,,,,,,,,,,,,,,,,,,,,,,,,,,,,,,,,
Japan,1939,JPN,72625078,347620932376,,,,,,,,,,,,,,,,5.014,18.749,5406.917,392.678,,,,,,,,,,,,,,,,,,,,,,,,,-2.857,-0.015,7.047,0.512,,,,,,,,,,,,,,,,,,,,,,,,,,,,,,,,,,,,-8.523,-0.349,51.564,3.745,,,,,,,,,,,,,,,,,,,,,,,,,,,,,,,,,,,,,,,
Japan,1940,JPN,73591941,356253966789,,,,,,,,,,,,,,,,10.221,40.137,5881.279,432.815,,,,,,,,,,,,,,,,,,,,,,,,,-2.941,-0.015,6.750,0.497,,,,,,,,,,,,,,,,,,,,,,,,,,,,,,,,,,,,-7.453,-0.279,47.094,3.466,,,,,,,,,,,,,,,,,,,,,,,,,,,,,,,,,,,,,,,
Japan,1941,JPN,74587386,369006708544,,,,,,,,,,,,,,,,0.320,1.386,5821.372,434.201,,,,,,,,,,,,,,,,,,,,,,,,,-3.030,-0.015,6.458,0.482,,,,,,,,,,,,,,,,,,,,,,,,,,,,,,,,,,,,-13.423,-0.465,40.229,3.001,,,,,,,,,,,,,,,,,,,,,,,,,,,,,,,,,,,,,,,
Japan,1942,JPN,75612006,370533720590,,,,,,,,,,,,,,,,-4.394,-19.077,5490.186,415.124,,,,,,,,,,,,,,,,,,,,,,,,,-3.125,-0.015,6.171,0.467,,,,,,,,,,,,,,,,,,,,,,,,,,,,,,,,,,,,-8.527,-0.256,36.300,2.745,,,,,,,,,,,,,,,,,,,,,,,,,,,,,,,,,,,,,,,
Japan,1943,JPN,76666406,366773520827,,,,,,,,,,,,,,,,3.520,14.612,5605.265,429.736,,,,,,,,,,,,,,,,,,,,,,,,,-3.226,-0.015,5.890,0.452,,,,,,,,,,,,,,,,,,,,,,,,,,,,,,,,,,,,3.390,0.093,37.014,2.838,,,,,,,,,,,,,,,,,,,,,,,,,,,,,,,,,,,,,,,
Japan,1944,JPN,77735509,371697727028,,,,,,,,,,,,,,,,-4.027,-17.304,5305.568,412.431,,,,,,,,,,,,,,,,,,,,,,,,,-3.333,-0.015,5.615,0.437,,,,,,,,,,,,,,,,,,,,,,,,,,,,,,,,,,,,-6.148,-0.174,34.261,2.663,,,,,,,,,,,,,,,,,,,,,,,,,,,,,,,,,,,,,,,
Japan,1945,JPN,78819521,280326712125,,,,,,,,,,,,,,,,-43.341,-178.751,2964.748,233.680,,,,,,,,,,,,,,,,,,,,,,,,,-3.448,-0.015,5.347,0.421,,,,,,,,,,,,,,,,,,,,,,,,,,,,,,,,,,,,-3.493,-0.093,32.609,2.570,,,,,,,,,,,,,,,,,,,,,,,,,,,,,,,,,,,,,,,
Japan,1946,JPN,79918650,213947001676,,,,,,,,,,,,,,,,-30.158,-70.473,2042.168,163.207,,,,,,,,,,,,,,,,,,,,,,,,,-3.571,-0.015,5.085,0.406,,,,,,,,,,,,,,,,,,,,,,,,,,,,,,,,,,,,-13.122,-0.337,27.940,2.233,,,,,,,,,,,,,,,,,,,,,,,,,,,,,,,,,,,,,,,
Japan,1947,JPN,81033105,211776699235,,,,,,,,,,,,,,,,32.885,53.671,2676.413,216.878,,,,,,,,,,,,,,,,,,,,,,,,,8.333,0.034,5.433,0.440,,,,,,,,,,,,,,,,,,,,,,,,,,,,,,,,,,,,-5.729,-0.128,25.977,2.105,,,,,,,,,,,,,,,,,,,,,,,,,,,,,,,,,,,,,,,
Japan,1948,JPN,82163102,229021269084,,,,,,,,,,,,,,,,22.508,48.816,3233.736,265.694,,,,,,,,,,,,,,,,,,,,,,,,,30.769,0.135,7.007,0.576,,,,,,,,,,,,,,,,,,,,,,,,,,,,,,,,,,,,-12.155,-0.256,22.506,1.849,,,,,,,,,,,,,,,,,,,,,,,,,,,,,,,,,,,,,,,
Japan,1949,JPN,83270008,234992005270,,,,,,,,,,,,,,,,11.449,30.419,3556.052,296.113,,,,,,,,,,,,,,,,,,,,,,,,,13.725,0.079,7.863,0.655,,,,,,,,,,,,,,,,,,,,,,,,,,,,,,,,,,,,22.013,0.407,27.095,2.256,,,,,,,,,,,,,,,,,,,,,,,,,,,,,,,,,,,,,,,
Japan,1950,JPN,86443278,256610910000,,,,,,,,,,,,,,,,0.823,2.437,3453.702,298.549,,,,,,,,,,,,,,,,,,,,,,,,,18.966,0.124,9.011,0.779,,,,,,,,,,,,,,,,,,,,,,,,,,,,,,,,,,,,51.031,1.151,39.420,3.408,,,,,,,,,,,,,,,,,,,,,,,,,,,,,,,,,,,,,,,
Japan,1951,JPN,87849929,288620292945,,,,,,,,,,,,,,,,12.577,37.548,3825.814,336.098,,,,,,,,,,,,,,,,,,,,,,,,,20.290,0.158,10.666,0.937,,,,,,,,,,,,,,,,,,,,,,,,,,,,,,,,,,,,14.676,0.500,44.481,3.908,,,,,,,,,,,,,,,,,,,,,,,,,,,,,,,,,,,,,,,
Japan,1952,JPN,89135133,321973403281,,,,,,,,,,,,,,,,0.216,0.726,3778.796,336.824,,,,,,,,,,,,,,,,,,,,,,,,,9.639,0.090,11.525,1.027,,,,,,,,,,,,,,,,,,,,,,,,,,,,,,,,,,,,-8.929,-0.349,39.926,3.559,,,,,,,,,,,,,,,,,,,,,,,,,,,,,,,,,,,,,,,
Japan,1953,JPN,90324185,345711967062,,,,,,,,,,,,,,,,7.184,24.196,3996.931,361.020,,,,,,,,,,,,,,,,,,,,,,,,,20.879,0.214,13.748,1.242,,,,,,,,,,,,,,,,,,,,,,,,,,,,,,,,,,,,-3.268,-0.116,38.112,3.442,,,,,,,,,,,,,,,,,,,,,,,,,,,,,,,,,,,,,,,
Japan,1954,JPN,91407673,365311013812,,,,,,,,,,,,,,,,-8.135,-29.370,3628.251,331.650,,,,,,,,,,,,,,,,,,,,,,,,,28.182,0.350,17.414,1.592,,,,,,,,,,,,,,,,,,,,,,,,,,,,,,,,,,,,1.351,0.047,38.170,3.489,,,,,,,,,,,,,,,,,,,,,,,,,,,,,,,,,,,,,,,
Japan,1955,JPN,92425476,396713131062,,,,,,,,,,,,,,,,-0.744,-2.468,3561.597,329.182,,,,,,,,,,,,,,,,,,,,,,,,,10.638,0.169,19.054,1.761,,,,,,,,,,,,,,,,,,,,,,,,,,,,,,,,,,,,4.667,0.163,39.511,3.652,,,,,,,,,,,,,,,,,,,,,,,,,,,,,,,,,,,,,,,
Japan,1956,JPN,93342005,426510425195,,,,,,,,,,,,,,,,9.781,32.199,3871.580,361.381,,,,,,,,,,,,,,,,,,,,,,,,,13.462,0.237,21.407,1.998,,,,,,,,,,,,,,,,,,,,,,,,,,,,,,,,,,,,-1.274,-0.047,38.625,3.605,,,,,,,,,,,,,,,,,,,,,,,,,,,,,,,,,,,,,,,
Japan,1957,JPN,94108980,457723476054,,,,,,,,,,,,,,,,11.074,40.018,4265.258,401.399,,,,,,,,,,,,,,,,,,,,,,,,,37.853,0.756,29.269,2.754,,,,,,,,,,,,,,,,,,,,,,,,,,,,,,,,,,,,3.548,0.128,39.669,3.733,,,,,,,,,,,,,,,,,,,,,,,,,,,,,,,,,,,,,,,
Japan,1958,JPN,94846958,484394339132,,,,,,,,,,,,,,,,-3.987,-16.006,4063.318,385.393,,,,,,,,,,,,,,,,,,,,,,,,,50.820,1.400,43.800,4.154,,,,,,,,,,,,,,,,,,,,,,,,,,,,,,,,,,,,14.330,0.535,45.001,4.268,,,,,,,,,,,,,,,,,,,,,,,,,,,,,,,,,,,,,,,
Japan,1959,JPN,95622973,528525026562,,,,,,,,,,,,,,,,-4.889,-18.841,3833.305,366.552,,,,,,,,,,,,,,,,,,,,,,,,,37.772,1.569,59.854,5.723,,,,,,,,,,,,,,,,,,,,,,,,,,,,,,,,,,,,10.627,0.454,49.379,4.722,,,,,,,,,,,,,,,,,,,,,,,,,,,,,,,,,,,,,,,
Japan,1960,JPN,96399755,597858284531,,,,,,,,,,,,,,,,7.929,29.065,4103.920,395.617,,,,,,,,,,,,,,,,,,,,,,,,,44.181,2.529,85.603,8.252,,,,,,,,,,,,,,,,,,,,,,,,,,,,,,,,,,,,29.557,1.396,63.458,6.117,,,,,,,,,,,,,,,,,,,,,,,,,,,,,,,,,,,,,,,
Japan,1961,JPN,97217594,669824959453,,,,,,,,,,,,,,,,6.559,25.950,4336.319,421.567,,,,,,,,,,,,,,,,,,,,,,,,,53.215,4.391,130.054,12.644,,,,,,,,,,,,,,,,,,,,,,,,,,,,,,,,,,,,24.905,1.524,78.596,7.641,,,,,,,,,,,,,,,,,,,,,,,,,,,,,,,,,,,,,,,
Japan,1962,JPN,98076405,729663003984,,,,,,,,,,,,,,,,-0.281,-1.184,4286.275,420.382,,,,,,,,,,,,,,,,,,,,,,,,,27.589,3.488,164.482,16.132,,,,,,,,,,,,,,,,,,,,,,,,,,,,,,,,,,,,10.198,0.779,85.853,8.420,,,,,,,,,,,,,,,,,,,,,,,,,,,,,,,,,,,,,,,
Japan,1963,JPN,98958230,791534401000,,,,,,,,,,,,,,,,-4.410,-18.538,4060.752,401.845,,,,,,,,,,,,,,,,,,,,,,,,,35.339,5.701,220.625,21.833,,,,,,,,,,,,,,,,,,,,,,,,,,,,,,,,,,,,11.602,0.977,94.960,9.397,,,,,,,,,,,,,,,,,,,,,,,,,,,,,,,,,,,,,,,
Japan,1964,JPN,99890175,883860309921,,,,,,,,,,,,,,,,-2.293,-9.216,3930.608,392.629,,,,,,,,,,,,,,,,,,,,,,,,,8.738,1.908,237.666,23.740,,,,,,,,,,,,,,,,,,,,,,,,,,,,,,,,,,,,-14.728,-1.384,80.219,8.013,,,,,,,,,,,,,,,,,,,,,,,,,,,,,,,,,,,,,,,
Japan,1965,JPN,100916018,935329863093,,,0.000,0.000,,,,0.000,,,,5613.805,566.523,,,-2.807,-11.021,3781.446,381.608,,31.158,,,,,,,18152.096,1.958,,,,,15922.428,1606.828,,88.375,,,18.261,,,180.957,-2.996,-0.711,228.202,23.029,,1.004,,,,211.306,753.795,76.070,2093.875,,11.622,,,211.375,754.043,76.095,2094.563,,11.625,,,,,0.069,0.248,0.025,0.688,,0.004,,,1022.044,,,10127.665,-1.887,-0.151,77.905,7.862,,56.212,0.000,0.000,,,,0.000,,0.000,,,0.000,,1831.837,,,211.306,753.795,76.070,2093.875,,11.622,,,0.000,0.000,0.000,0.000,,0.000,,,0.000,0.000,0.000,0.000,,0.000
Japan,1966,JPN,101887833,1034825459609,,0.000,0.000,0.000,,,,0.000,,6.575,37.250,5925.858,603.773,,,3.560,13.586,3878.720,395.194,,29.244,,,,,13.486,247.038,20403.564,2.009,14.672,235.753,,,18084.406,1842.581,,89.246,2.619,0.478,18.740,,,183.925,4.559,1.050,236.330,24.079,,0.908,,4.312,9.111,220.417,778.798,79.350,2163.327,,10.676,5.045,10.664,222.039,784.529,79.934,2179.248,,10.754,,,2236.000,1.553,1.622,5.732,0.584,15.922,,0.079,19.375,198.025,1220.068,,,11974.621,15.680,1.233,89.261,9.095,,59.094,0.000,0.000,,,0.000,0.000,,0.000,,,0.000,,2078.875,4.312,9.111,220.417,778.798,79.350,2163.327,,10.676,,0.000,0.000,0.000,0.000,0.000,,0.000,,0.000,0.000,0.000,0.000,0.000,,0.000
Japan,1967,JPN,102965530,1149408206250,,0.000,0.000,0.000,,,,0.000,,9.842,59.422,6440.939,663.195,,,-7.563,-29.887,3547.863,365.308,,28.589,,,,,12.181,253.232,22649.395,2.029,15.470,285.040,,,20663.426,2127.621,,91.716,3.449,0.646,19.386,,,188.277,5.626,1.355,247.013,25.434,,0.836,,-13.611,-30.000,190.417,665.757,68.550,1849.324,,8.208,-13.455,-29.875,192.164,671.866,69.179,1866.293,,8.284,,,7.705,0.125,1.747,6.109,0.629,16.969,,0.075,18.439,224.972,1445.040,,,14034.209,0.767,0.070,89.005,9.164,,62.292,0.000,0.000,,,0.000,0.000,,0.000,,,0.000,,2332.107,-13.611,-30.000,190.417,665.757,68.550,1849.324,,8.208,,0.000,0.000,0.000,0.000,0.000,,0.000,,0.000,0.000,0.000,0.000,0.000,,0.000
Japan,1968,JPN,104237476,1297449549609,,0.000,0.000,0.000,,,,0.000,,2.904,19.260,6547.118,682.455,,,-1.943,-7.096,3436.492,358.211,,26.699,,,,,10.170,237.181,24648.406,1.980,10.411,221.514,,,22536.369,2349.134,,91.904,8.816,1.709,21.095,,,202.374,7.190,1.829,261.543,27.263,,0.825,,7.148,13.611,204.028,704.641,73.450,1957.336,,7.982,7.683,14.764,206.928,714.657,74.494,1985.157,,8.096,,,65.978,1.153,2.900,10.016,1.044,27.821,,0.113,13.878,200.544,1645.584,,,15786.877,-5.584,-0.512,83.010,8.653,,64.380,0.000,0.000,,,0.000,0.000,,0.000,,,0.000,,2569.288,7.148,13.611,204.028,704.641,73.450,1957.336,,7.982,,0.000,0.000,0.000,0.000,0.000,,0.000,,0.000,0.000,0.000,0.000,0.000,,0.000
Japan,1969,JPN,105475169,1459365508828,,0.000,0.000,0.000,,,,0.000,,6.818,46.528,6911.415,728.983,,,-4.086,-14.635,3257.410,343.576,,24.445,,,,,16.597,426.424,28402.051,2.053,17.909,420.698,,,26260.510,2769.832,,92.881,10.574,2.231,23.326,,,221.147,8.406,2.292,280.201,29.554,,0.782,,2.587,5.278,209.306,714.386,75.350,1984.406,,7.019,2.602,5.383,212.311,724.644,76.432,2012.901,,7.119,,,3.640,0.106,3.006,10.258,1.082,28.495,,0.101,22.602,371.939,2017.524,,,19127.947,0.672,0.058,82.587,8.711,,67.653,0.000,0.000,,,0.000,0.000,,0.000,,,0.000,,2995.711,2.587,5.278,209.306,714.386,75.350,1984.406,,7.019,,0.000,0.000,0.000,0.000,0.000,,0.000,,0.000,0.000,0.000,0.000,0.000,,0.000
Japan,1970,JPN,106712370,1615677617093,,0.000,0.000,0.000,,,,0.000,,-3.660,-26.677,6581.292,702.305,,,-11.200,-38.479,2859.060,305.097,,20.625,,,,,14.123,423.074,32037.387,2.116,14.886,412.309,,,29819.797,3182.141,,93.453,53.143,12.396,35.721,,,334.746,-9.893,-2.924,249.553,26.630,,1.049,,0.066,0.139,209.444,706.572,75.400,1962.701,,6.151,4.961,10.617,222.928,751.775,80.224,2089.054,,6.547,,,323.383,9.719,12.725,42.928,4.581,119.246,,0.374,21.144,426.591,2444.115,,,22903.760,2.804,0.244,83.918,8.955,,71.779,0.758,0.243,,,0.758,2.274,,7.107,,,0.022,,3418.785,0.388,0.897,210.203,708.847,75.643,1969.808,,6.173,,0.000,0.000,0.000,0.000,0.000,,0.000,,0.000,0.000,0.000,0.000,0.000,,0.000
Japan,1971,JPN,107952031,1691571412156,,0.000,0.000,0.000,,,,0.000,,-9.204,-64.639,5906.939,637.666,,,-15.804,-48.217,2379.577,256.880,,17.881,,,,,4.767,162.965,33179.094,2.117,3.998,127.234,,,30655.980,3309.375,,92.797,7.223,2.580,38.302,,,354.803,3.137,0.835,254.426,27.466,,1.074,,11.671,24.444,233.889,779.976,84.200,2166.600,,6.558,15.235,33.947,256.875,856.358,92.446,2379.531,,7.203,,,74.853,9.525,22.250,74.200,8.010,206.110,,0.624,7.745,189.293,2633.407,,,24394.238,-2.338,-0.209,81.015,8.746,,73.842,0.736,0.236,,-2.922,-0.022,2.183,,6.820,,,0.021,,3581.751,11.624,24.422,234.625,782.159,84.436,2173.420,,6.579,,0.000,0.000,0.000,0.000,0.000,,0.000,,0.000,0.000,0.000,0.000,0.000,,0.000
Japan,1972,JPN,109238963,1833991358515,,0.000,0.000,0.000,,,,0.000,,-2.281,-14.545,5704.205,623.121,,,-15.966,-41.013,1976.099,215.867,,16.315,,,,,7.072,253.306,35107.043,2.091,7.447,246.437,,,32550.770,3555.812,,93.101,0.039,0.015,38.317,,,350.761,1.726,0.474,255.769,27.940,,1.003,,1.069,2.500,236.389,779.026,85.100,2163.961,,6.189,2.578,6.624,263.499,868.084,94.829,2412.134,,6.899,,,18.352,4.083,26.333,86.782,9.480,241.062,,0.689,9.910,260.967,2894.374,,,26495.803,-4.787,-0.419,76.228,8.327,,75.783,0.777,0.249,,5.509,0.041,2.276,,7.111,,,0.020,,3835.057,1.081,2.541,237.166,781.302,85.349,2171.073,,6.210,,0.000,0.000,0.000,0.000,0.000,,0.000,,0.000,0.000,0.000,0.000,0.000,,0.000
Japan,1973,JPN,110614742,1981290079843,,0.000,0.000,0.000,,,,0.000,,5.729,35.700,5956.000,658.821,,,-20.223,-43.656,1556.856,172.211,,15.698,,,,,9.759,374.279,38054.023,2.125,12.031,427.797,,,36013.371,3983.610,,94.919,39.156,15.003,53.320,,,482.035,4.848,1.355,264.834,29.295,,1.270,,-21.530,-50.894,185.494,603.699,66.778,1676.941,,4.420,-19.076,-50.247,213.252,693.750,76.739,1927.881,,5.081,,,2.395,0.631,26.964,87.755,9.707,243.764,,0.642,13.029,377.094,3271.468,,,29575.334,-2.235,-0.186,73.598,8.141,,77.950,0.794,0.254,,2.175,0.017,2.296,,7.176,,,0.019,,4209.336,-21.461,-50.878,186.288,605.995,67.032,1684.117,,4.439,,0.000,0.000,0.000,0.000,0.000,,0.000,,0.000,0.000,0.000,0.000,0.000,,0.000
Japan,1974,JPN,112009689,1957033342773,,0.000,0.000,0.000,,,,0.000,,5.999,39.524,6234.690,698.346,,,-9.289,-15.997,1394.651,156.214,,16.808,,,,,-0.914,-38.481,37236.551,2.131,-2.862,-114.008,,,34547.027,3869.602,,93.132,36.671,19.553,72.873,,,650.595,-0.886,-0.260,259.218,29.035,,1.754,,23.813,44.172,229.667,738.150,82.680,2050.418,,5.528,33.813,72.095,285.347,916.765,102.687,2547.522,,6.868,,,102.936,27.756,54.719,175.869,19.699,488.524,,1.317,-5.291,-173.085,3098.383,,,27661.742,-4.000,-0.326,69.774,7.815,,74.571,0.961,0.308,,21.082,0.167,2.746,,8.580,,,0.023,,4170.854,23.803,44.340,230.628,740.896,82.988,2058.998,,5.551,,0.000,0.000,0.000,0.000,0.000,,0.000,,0.000,0.000,0.000,0.000,0.000,,0.000
Japan,1975,JPN,113321197,2017465104984,,0.000,0.000,0.000,,,,0.000,,-6.456,-45.082,5764.705,653.263,,,-6.576,-10.273,1287.854,145.941,,15.880,,,,,-0.978,-40.781,36445.727,2.047,-1.512,-58.526,,,33630.742,3811.076,,92.643,19.775,14.411,87.284,,,770.232,-5.288,-1.535,242.670,27.500,,2.122,,0.878,2.017,231.683,736.014,83.406,2044.484,,5.632,6.060,17.311,302.658,961.069,108.910,2670.796,,7.357,,,27.545,15.072,69.792,221.715,25.125,615.875,,1.697,-0.899,-27.854,3070.529,,,27095.807,-9.821,-0.768,62.193,7.048,,74.641,1.183,0.379,,23.073,0.222,3.340,,10.438,,,0.029,,4130.073,0.960,2.238,232.866,739.354,83.785,2054.921,,5.661,,0.000,0.000,0.000,0.000,0.000,,0.000,,0.000,0.000,0.000,0.000,0.000,,0.000
Japan,1976,JPN,114502792,2097612093750,,0.000,0.000,0.000,,,,0.000,,-2.215,-14.473,5578.820,638.791,,,-3.185,-4.648,1233.969,141.293,,14.899,,,,,4.219,174.246,37591.391,2.052,3.892,148.326,,,34579.086,3959.402,,92.350,19.879,17.351,104.635,,,913.819,2.340,0.643,245.785,28.143,,2.441,,0.221,0.511,232.194,730.026,83.590,2027.849,,5.416,8.380,25.349,328.007,1030.862,118.037,2864.619,,7.650,,,35.638,24.872,94.664,297.626,34.079,826.739,,2.208,4.737,145.447,3215.977,,,28086.447,-4.290,-0.302,58.910,6.745,,75.010,1.149,0.368,,-2.894,-0.034,3.210,,10.031,,,0.027,,4304.319,0.207,0.477,233.343,733.236,83.958,2037.881,,5.443,,0.000,0.000,0.000,0.000,0.000,,0.000,,0.000,0.000,0.000,0.000,0.000,,0.000
Japan,1977,JPN,115574278,2189767724296,,0.000,0.000,0.000,,,,0.000,,-5.657,-36.134,5214.454,602.657,,,-0.807,-1.140,1212.664,140.153,,14.114,,,,,-0.454,-19.539,37073.824,1.957,0.461,18.266,,,34416.547,3977.667,,93.155,22.125,23.150,127.785,,,1105.653,12.475,3.511,273.884,31.654,,2.993,,-12.707,-29.506,202.689,631.352,72.968,1753.754,,4.747,-10.908,-35.708,292.299,909.898,105.161,2529.097,,6.845,,,-7.101,-6.722,87.942,273.928,31.659,760.910,,2.060,0.972,31.249,3247.226,,,28096.438,2.241,0.151,59.672,6.897,,76.048,1.668,0.534,,45.224,0.519,4.618,,14.433,,,0.039,,4284.780,-12.454,-28.986,204.357,635.970,73.502,1768.187,,4.786,,0.000,0.000,0.000,0.000,0.000,,0.000,,0.000,0.000,0.000,0.000,0.000,,0.000
Japan,1978,JPN,116576940,2305153056093,,0.000,0.000,0.000,,,,0.000,,-9.446,-56.924,4681.307,545.732,,,4.044,5.668,1250.854,145.821,,12.512,,,,,2.163,92.682,37549.984,1.899,0.554,22.017,,,34309.395,3999.684,,91.702,40.348,51.559,179.344,,,1538.420,-5.813,-1.840,255.744,29.814,,4.112,,-4.003,-8.114,194.575,600.865,70.047,1669.069,,4.461,23.799,69.621,361.920,1116.753,130.188,3104.557,,8.298,,,87.350,76.817,164.758,508.788,59.313,1413.301,,3.777,0.843,27.382,3274.607,,,28089.666,-8.769,-0.605,53.971,6.292,,75.078,2.586,0.828,,55.055,0.918,7.100,,22.186,,,0.059,,4377.462,-3.574,-7.196,197.161,607.964,70.875,1691.255,,4.520,,0.000,0.000,0.000,0.000,0.000,,0.000,,0.000,0.000,0.000,0.000,0.000,,0.000
Japan,1979,JPN,117521561,2431612995703,,0.000,0.000,0.000,,,,0.000,,6.795,37.082,4959.211,582.814,,,-7.116,-10.377,1152.499,135.443,,13.126,,,,,1.855,81.202,37939.117,1.834,0.434,17.362,,,34181.355,4017.046,,90.468,18.648,33.445,212.789,,,1810.636,-8.595,-2.563,231.883,27.251,,4.792,,15.270,29.711,224.286,687.048,80.743,1908.468,,5.051,16.936,61.339,423.259,1295.385,152.236,3601.542,,9.532,,,18.681,30.778,195.536,598.979,70.393,1663.832,,4.404,-1.624,-53.164,3221.443,,,27411.508,-10.906,-0.686,47.699,5.606,,72.550,3.437,1.100,,32.875,0.850,9.358,,29.243,,,0.077,,4458.664,15.475,30.561,227.723,696.406,81.843,1937.710,,5.129,,0.000,0.000,0.000,0.000,0.000,,0.000,,0.000,0.000,0.000,0.000,0.000,,0.000
Japan,1980,JPN,118358761,2500143716750,,0.000,0.000,0.000,,,,0.000,,16.171,94.246,5720.409,677.060,,,-9.115,-12.346,1040.041,123.098,,15.826,,,,,-3.591,-160.106,36318.035,1.719,-5.402,-217.017,,,32106.020,3800.029,,88.825,18.338,39.021,251.809,,,2127.509,-7.562,-2.061,212.833,25.191,,5.886,,9.349,20.969,245.256,745.969,88.292,2072.137,,5.733,12.966,54.827,478.086,1452.993,171.974,4039.293,,11.175,,,17.328,33.883,229.419,697.802,82.591,1938.339,,5.363,-10.874,-350.284,2871.159,,,24258.102,21.320,1.195,57.459,6.801,,67.113,3.411,1.091,,-0.754,-0.026,9.221,,28.817,,,0.080,,4298.558,9.214,20.944,248.666,755.191,89.383,2100.954,,5.813,,0.000,0.000,0.000,0.000,0.000,,0.000,,0.000,0.000,0.000,0.000,0.000,,0.000
Japan,1981,JPN,118994054,2579316807375,,0.000,0.000,0.000,,,,0.000,,12.113,82.010,6379.058,759.070,,,-8.061,-9.923,951.095,113.175,,18.031,,,,,-1.588,-68.250,35550.578,1.640,-2.136,-81.151,,,31252.635,3718.878,,88.341,0.199,0.501,252.311,,,2120.362,-5.128,-1.292,200.841,23.899,,5.994,,-0.791,-1.939,243.317,736.121,87.594,2044.780,,5.780,2.661,12.727,490.813,1483.692,176.551,4124.683,,11.659,,,6.331,14.525,243.944,738.020,87.820,2050.056,,5.795,-5.700,-163.662,2707.497,,,22753.215,-28.145,-1.914,41.067,4.887,,64.316,3.552,1.137,,4.131,0.141,9.551,,29.847,,,0.084,,4230.308,-0.730,-1.798,246.868,745.672,88.731,2074.627,,5.864,,0.000,0.000,0.000,0.000,0.000,,0.000,,0.000,0.000,0.000,0.000,0.000,,0.000
Japan,1982,JPN,119485775,2658129674062,,0.000,0.000,0.000,,,,0.000,,-4.627,-35.123,6058.858,723.947,,,1.267,1.434,959.181,114.608,,17.745,,,,,-3.063,-129.583,34319.773,1.543,-4.872,-181.173,,,29607.746,3537.705,,86.714,2.407,6.073,258.383,,,2162.461,-2.703,-0.646,194.608,23.253,,6.333,,-6.836,-16.633,226.683,682.977,81.606,1897.157,,5.556,9.831,51.245,542.057,1622.844,193.907,4536.584,,13.286,,,16.636,40.583,284.528,857.257,102.430,2381.269,,6.974,-5.619,-152.124,2555.374,,,21386.428,25.884,1.265,51.484,6.152,,62.635,30.846,9.871,,768.503,27.294,82.610,,258.157,,,0.756,,4100.725,3.095,10.661,257.529,765.587,91.477,2155.315,,6.312,,0.000,0.000,0.000,0.000,0.000,,0.000,,0.000,0.000,0.000,0.000,0.000,,0.000
Japan,1983,JPN,119948943,2719951102851,,0.000,0.000,0.000,,,,0.000,,-1.432,-10.365,5949.051,713.582,,,-3.123,-3.579,925.636,111.029,,16.997,,,,,2.920,119.740,35185.508,1.552,2.108,74.564,,,30115.049,3612.268,,86.041,7.617,19.680,278.063,,,2318.181,2.778,0.646,199.242,23.899,,6.623,,3.268,7.408,234.092,702.574,84.273,1951.594,,5.576,8.090,43.979,586.036,1747.362,209.594,4885.713,,13.959,,,11.580,32.947,317.475,952.830,114.291,2646.751,,7.562,2.553,65.249,2620.623,,,21847.816,0.000,0.000,51.285,6.152,,62.421,34.469,11.030,,11.746,3.623,91.958,,287.368,,,0.821,,4220.464,4.183,11.032,268.561,794.532,95.303,2238.962,,6.397,,0.000,0.000,0.000,0.000,0.000,,0.000,,0.000,0.000,0.000,0.000,0.000,,0.000
Japan,1984,JPN,120384395,2826577005218,,0.000,0.000,0.000,,,,0.000,,11.827,84.398,6628.604,797.980,,,-2.403,-2.668,900.122,108.361,,18.345,,,,,3.569,150.624,36309.426,1.546,3.540,127.877,,,31068.355,3740.145,,85.982,34.495,95.918,373.981,,,3106.556,1.351,0.323,201.204,24.222,,8.597,,-15.018,-35.156,198.936,594.903,71.617,1652.507,,4.573,4.011,23.727,609.764,1810.866,218.000,5065.138,,14.018,,,17.476,55.481,372.956,1115.294,134.264,3098.039,,8.574,-2.001,-52.439,2568.184,,,21333.195,-14.545,-0.895,43.667,5.257,,59.040,37.872,12.119,,9.871,3.402,100.669,,314.592,,,0.871,,4371.088,-12.137,-31.753,236.808,695.572,83.736,1967.099,,5.444,,0.000,0.000,0.000,0.000,0.000,,0.000,,0.000,0.000,0.000,0.000,0.000,,0.000
Japan,1985,JPN,120832158,2950873707304,,0.000,0.000,0.000,,,,0.000,,4.367,34.846,6892.424,832.826,822.084,99.334,-1.622,-1.757,882.244,106.603,14.783,18.688,,,671.953,16.806,2.517,110.000,37085.230,1.519,0.082,3.071,3403.378,411.238,30978.641,3743.216,61.200,83.997,7.117,26.617,400.598,1059.678,128.043,3315.323,5.333,1.292,211.149,25.514,19.055,8.989,,15.718,31.269,230.206,685.860,82.874,1905.168,12.333,5.166,17.042,103.400,713.164,2111.619,255.151,5902.102,37.972,16.003,,,18.854,70.317,443.272,1320.658,159.578,3668.495,23.748,9.947,-2.274,-58.392,2509.792,1521.617,183.860,20770.893,35.754,1.880,59.060,7.136,27.362,56.319,39.686,12.699,,4.790,1.814,105.100,,328.438,1.890,,0.891,5561.044,4481.088,14.137,33.083,269.891,790.961,95.573,2233.606,14.223,6.056,,0.000,0.000,0.000,0.000,0.000,0.000,0.000,,0.000,0.000,0.000,0.000,0.000,0.000,0.000
Japan,1986,JPN,121366733,3036325916250,,0.000,0.000,0.000,,,,0.000,,-4.773,-39.751,6534.539,793.076,813.850,98.774,-2.259,-2.408,858.517,104.195,14.604,17.821,,,676.363,16.980,-0.135,-6.051,36872.027,1.474,-0.533,-19.961,3381.923,410.453,30677.719,3723.255,60.685,83.664,1.752,7.020,407.618,1078.018,130.836,3358.566,-6.329,-1.615,196.914,23.899,19.344,9.159,,-2.483,-5.717,224.489,665.883,80.816,1849.674,11.949,5.044,1.896,13.821,726.985,2142.177,259.989,5989.983,38.439,16.336,,,3.629,16.088,459.360,1362.562,165.370,3784.895,24.450,10.322,0.509,12.769,2522.561,1490.055,180.843,20784.615,17.039,1.216,68.819,8.352,26.738,56.684,43.135,13.803,,8.692,3.450,113.733,,355.415,2.041,,0.969,5572.886,4475.038,-0.998,-2.267,267.624,779.615,94.619,2205.089,13.989,6.014,,0.000,0.000,0.000,0.000,0.000,0.000,0.000,,0.000,0.000,0.000,0.000,0.000,0.000,0.000
Japan,1987,JPN,121943588,3162653763750,,0.000,0.000,0.000,,,,0.000,,2.049,16.251,6636.892,809.326,880.187,107.333,-18.488,-19.264,696.480,84.931,14.926,17.424,,,719.085,17.347,4.359,195.073,38297.301,1.477,3.863,143.816,3560.372,434.165,31711.959,3867.070,60.377,83.253,2.558,10.427,418.045,1107.383,135.038,3428.187,4.054,0.969,203.928,24.868,18.779,9.000,,-7.460,-16.747,207.742,613.292,74.787,1703.588,10.400,4.472,6.999,50.886,777.871,2281.255,278.184,6378.940,38.686,16.747,,,14.051,64.542,523.903,1546.658,188.605,4296.271,26.228,11.279,4.644,117.137,2639.698,1572.801,191.793,21646.881,-6.471,-0.540,64.061,7.812,26.672,56.830,46.226,14.792,,7.166,3.091,121.306,,379.081,2.057,,0.995,5896.866,4670.110,-5.326,-13.656,253.968,734.598,89.579,2082.669,12.457,5.468,,0.000,0.000,0.000,0.000,0.000,0.000,0.000,,0.000,0.000,0.000,0.000,0.000,0.000,0.000
Japan,1988,JPN,122476957,3358737909000,,0.000,0.000,0.000,,,,0.000,,8.086,65.445,7142.338,874.772,916.072,112.198,-13.946,-11.845,596.737,73.087,14.886,17.852,,,753.728,17.144,5.508,257.228,40230.734,1.467,6.447,249.292,3814.428,467.180,33609.281,4116.363,61.983,84.004,6.063,25.345,443.390,1158.854,141.933,3620.192,-3.896,-0.969,195.129,23.899,18.831,9.048,,20.731,43.067,250.808,737.208,90.291,2047.800,11.979,5.118,0.715,5.942,783.813,2287.569,280.174,6399.680,37.172,15.996,,,-7.798,-40.856,483.047,1419.834,173.897,3943.983,23.072,9.858,6.005,158.502,2798.201,1739.502,213.049,22846.752,-0.336,-0.026,63.568,7.786,28.266,57.104,49.958,15.987,,8.072,3.732,130.527,,407.897,2.121,,1.020,6154.040,4927.338,18.641,46.798,300.766,867.735,106.278,2455.697,14.100,6.138,,0.000,0.000,0.000,0.000,0.000,0.000,0.000,,0.000,0.000,0.000,0.000,0.000,0.000,0.000
Japan,1989,JPN,122947411,3520997607500,,0.000,0.000,0.000,,,,0.000,,0.159,1.392,7126.333,876.164,950.540,116.866,-9.261,-6.768,539.402,66.318,14.613,17.411,,,799.769,17.762,2.704,133.215,41160.309,1.437,2.229,91.735,4052.552,498.251,34226.805,4208.097,62.299,83.621,3.872,17.170,460.560,1216.683,149.588,3745.989,-4.054,-0.969,186.502,22.930,18.704,9.152,,1.606,4.028,254.836,746.181,91.741,2072.724,11.471,5.064,5.150,40.445,824.258,2396.164,294.602,6704.154,36.836,16.379,,,6.853,33.104,516.151,1511.331,185.814,4198.141,23.233,10.257,2.615,73.173,2871.374,1885.329,231.796,23354.486,-8.385,-0.653,58.014,7.133,28.983,57.058,53.272,17.047,,6.633,3.314,138.653,,433.289,2.131,,1.059,6504.968,5060.553,2.362,7.342,308.108,884.833,108.788,2506.014,13.602,6.123,,0.000,0.000,0.000,0.000,0.000,0.000,0.000,,0.000,0.000,0.000,0.000,0.000,0.000,0.000
Japan,1990,JPN,123399767,3699821545804,,0.000,0.000,0.000,,,,0.000,,3.598,31.526,7355.685,907.690,966.650,119.284,-18.940,-12.561,435.635,53.757,13.532,17.601,,,881.500,19.029,2.445,123.732,42012.113,1.401,3.126,131.550,4698.166,579.753,35167.387,4339.647,65.769,84.152,9.249,42.599,503.159,1401.383,172.930,4077.470,14.606,3.349,212.960,26.279,19.618,9.757,,-5.282,-13.461,241.375,704.175,86.895,1956.041,9.858,4.681,-0.609,-6.967,817.291,2372.836,292.807,6623.120,33.217,15.848,,,4.713,24.325,540.476,1576.756,194.571,4379.877,22.073,10.481,2.000,57.425,2928.799,2330.133,287.538,23734.232,0.000,0.000,57.802,7.133,32.619,56.793,35.438,11.340,,-33.477,-17.834,91.897,,287.180,1.286,,0.687,7143.450,5184.285,-9.699,-31.292,276.816,796.080,98.236,2243.243,11.144,5.368,,0.003,0.003,0.008,0.001,0.023,0.000,0.000,,0.000,0.000,0.000,0.000,0.000,0.000,0.000
Japan,1991,JPN,123889870,3824677506935,,0.000,0.000,0.000,,,,0.000,,-0.794,-7.209,7268.397,900.481,1013.577,125.572,-2.542,-1.367,422.880,52.391,13.779,16.882,,,911.303,19.103,3.457,179.223,43292.547,1.402,2.672,115.937,4724.863,585.363,35964.074,4455.584,64.234,83.532,5.735,28.856,532.015,1487.968,184.344,4294.254,5.000,1.314,222.722,27.593,20.229,9.974,,8.655,20.892,262.267,762.096,94.416,2116.934,10.361,4.917,7.498,61.091,878.383,2540.655,314.761,7090.027,34.540,16.468,,,7.258,39.228,579.704,1684.508,208.694,4679.190,22.901,10.868,3.219,94.290,3023.089,2223.318,275.447,24401.424,35.419,2.526,77.965,9.659,30.226,56.676,36.409,11.651,,2.740,0.971,94.042,,293.881,1.278,,0.683,7355.750,5363.508,7.972,21.863,298.678,856.146,106.068,2410.838,11.639,5.600,0.000,0.000,0.003,0.008,0.001,0.022,0.000,0.000,,0.000,0.000,0.000,0.000,0.000,0.000,0.000
Japan,1992,JPN,124383707,3856515730401,,0.000,0.000,0.000,,,,0.000,,-1.691,-15.226,7117.127,885.255,1061.028,131.975,-5.590,-2.929,397.656,49.462,14.395,16.397,,,916.787,18.920,1.171,62.786,43625.438,1.407,1.817,80.949,4809.917,598.275,36472.086,4536.533,65.258,84.028,3.965,21.094,553.108,1480.573,184.159,4446.792,-0.933,-0.258,219.767,27.335,20.087,10.245,,-15.220,-39.917,222.350,643.541,80.046,1787.614,8.731,4.118,-1.849,-16.097,862.286,2483.780,308.942,6932.468,33.698,15.972,,,3.997,23.171,602.875,1744.884,217.035,4846.899,23.673,11.167,2.484,75.081,3098.170,2268.315,282.141,24908.166,13.387,1.293,88.051,10.952,30.775,57.386,37.032,11.850,,1.710,0.623,95.271,,297.721,1.293,,0.686,7370.636,5426.293,-13.351,-39.268,259.411,738.896,91.907,2085.569,10.025,4.805,950.000,0.026,0.029,0.084,0.010,0.234,0.001,0.001,,0.000,0.000,0.000,0.000,0.000,0.000,0.000
Japan,1993,JPN,124839955,3860865231367,,0.000,0.000,0.000,,,,0.000,,1.983,17.551,7231.704,902.806,1123.281,140.230,-5.000,-2.473,376.393,46.989,15.142,16.458,,,926.103,19.072,1.671,90.685,44192.410,1.429,-0.717,-32.523,4496.559,561.350,36078.270,4504.010,60.614,82.109,0.693,3.830,556.939,1460.462,182.324,4461.222,3.233,0.884,226.043,28.219,19.687,10.153,,15.659,34.817,257.167,741.590,92.580,2059.971,9.997,4.688,13.893,119.124,981.410,2818.511,351.863,7861.347,37.994,17.891,,,14.129,85.180,688.055,1984.140,247.700,5511.499,26.746,12.543,-1.740,-53.905,3044.265,1912.817,238.796,24385.346,-13.033,-1.427,76.295,9.525,25.785,55.497,36.123,11.559,,-2.454,-0.909,92.594,,289.355,1.248,,0.659,7418.322,5516.979,13.336,33.944,293.355,834.371,104.163,2349.848,11.247,5.348,114.286,0.033,0.062,0.180,0.023,0.501,0.002,0.001,,0.003,0.003,0.008,0.001,0.021,0.000,0.000
Japan,1994,JPN,125286861,3893220587047,,0.000,0.000,0.000,,,,0.000,,4.710,42.520,7545.290,945.326,1251.904,156.847,-4.017,-1.887,359.986,45.101,15.932,16.609,,,984.493,19.345,3.651,201.418,45642.430,1.469,5.528,248.976,5084.999,637.083,37936.820,4752.985,64.712,83.509,6.944,38.676,595.615,1589.309,199.120,4754.007,-0.892,-0.252,223.227,27.967,20.226,10.465,,-30.372,-78.106,179.061,514.515,64.462,1429.209,6.548,3.146,-4.448,-42.809,938.601,2683.542,336.212,7491.619,34.151,16.491,,,4.258,29.300,717.355,2061.254,258.248,5725.704,26.232,12.604,5.511,167.780,3212.045,2243.786,281.117,25637.523,-8.185,-0.780,69.801,8.745,28.554,56.435,42.102,13.473,,16.551,5.979,107.533,,336.042,1.368,,0.740,7857.911,5718.397,-25.151,-72.109,221.246,622.288,77.964,1765.915,7.919,3.887,28.889,0.018,0.081,0.231,0.029,0.643,0.003,0.001,0.000,0.000,0.003,0.008,0.001,0.021,0.000,0.000
Japan,1995,JPN,125672659,3997430939864,,0.000,0.000,0.000,,,,0.000,,3.653,34.530,7796.887,979.856,1341.587,168.601,-9.668,-4.360,324.184,40.741,16.679,16.662,,,1010.880,19.439,3.384,193.508,47042.098,1.479,1.414,67.230,4921.040,618.440,38355.324,4820.216,61.178,81.966,1.773,10.561,606.176,1600.703,201.165,4823.451,1.584,0.443,226.066,28.410,19.900,10.308,,22.232,39.808,218.869,626.970,78.793,1741.583,7.794,3.722,13.029,121.965,1060.566,3023.863,380.017,8439.115,37.593,18.034,,,11.090,79.556,796.912,2282.822,286.888,6341.171,28.380,13.551,0.689,22.139,3234.184,1978.749,248.675,25734.988,1.693,0.148,70.764,8.893,24.600,54.996,44.672,14.295,,6.106,2.571,113.749,,355.466,1.414,,0.760,8043.754,5911.905,19.450,42.408,263.654,741.041,93.129,2097.944,9.213,4.483,36.207,0.029,0.110,0.314,0.040,0.873,0.004,0.002,0.000,0.000,0.003,0.008,0.001,0.021,0.000,0.000
Japan,1996,JPN,125975304,4118875121023,,0.000,0.000,0.000,,,,0.000,,2.626,25.727,7982.378,1005.582,1416.503,178.444,3.514,1.432,334.770,42.173,17.327,16.765,,,1029.857,19.426,1.988,117.509,47861.875,1.464,1.911,92.128,4990.016,628.619,38994.496,4912.344,61.039,81.898,6.697,40.597,646.772,1690.142,212.916,5134.121,-2.313,-0.657,220.306,27.753,20.674,10.783,,-2.056,-4.500,214.369,612.604,77.173,1701.678,7.494,3.574,2.358,25.223,1085.790,3087.734,388.978,8619.066,37.770,18.102,,,3.351,26.702,823.614,2353.645,296.501,6537.903,28.791,13.731,0.798,25.804,3259.989,1883.371,237.258,25877.998,3.413,0.303,73.003,9.197,23.038,54.350,47.649,15.248,,6.663,2.977,121.037,,378.241,1.481,,0.794,8175.071,6029.414,-0.700,-1.479,262.175,734.089,92.477,2081.163,8.980,4.371,37.975,0.042,0.151,0.433,0.054,1.202,0.005,0.003,100.000,0.003,0.005,0.015,0.002,0.042,0.000,0.000
Japan,1997,JPN,126265926,4160709430865,,0.000,0.000,0.000,,,,0.000,,2.721,27.364,8180.719,1032.946,1489.991,188.135,-34.105,-14.383,220.089,27.790,17.835,16.899,,,1054.864,19.707,1.950,117.550,48682.684,1.477,0.332,16.304,4884.573,616.755,39033.867,4928.647,58.468,80.632,3.800,24.575,671.348,1739.799,219.677,5316.936,4.639,1.287,229.995,29.041,20.825,10.983,,12.008,25.742,240.111,684.587,86.440,1901.630,8.194,3.928,9.037,98.062,1183.851,3359.036,424.132,9375.858,40.207,19.368,,,8.316,68.488,892.103,2543.497,321.157,7065.268,30.445,14.595,-1.093,-35.635,3224.353,1654.784,208.943,25536.211,-9.868,-0.908,65.648,8.289,19.808,52.750,51.368,16.438,,7.804,3.719,130.183,,406.821,1.558,,0.840,8354.305,6146.964,11.352,29.574,291.749,815.540,102.975,2310.591,9.762,4.773,76.702,0.116,0.268,0.763,0.096,2.119,0.009,0.004,-50.000,-0.003,0.003,0.008,0.001,0.021,0.000,0.000
Japan,1998,JPN,126549182,4111245191910,,0.000,0.000,0.000,,,,0.000,,-4.669,-48.227,7781.318,984.719,1519.032,192.232,-14.286,-3.970,188.226,23.820,18.141,16.373,,,1059.663,20.215,-1.583,-97.283,47804.980,1.471,-2.397,-118.146,4857.686,614.736,38012.902,4810.501,58.012,79.983,3.022,20.291,691.639,1818.262,230.100,5465.376,-0.778,-0.226,227.695,28.815,21.714,11.500,,3.053,7.331,247.442,703.908,89.079,1955.300,8.406,4.114,1.708,20.030,1203.881,3408.760,431.376,9513.151,40.709,20.017,,,1.500,13.380,905.483,2575.867,325.974,7155.186,30.762,15.055,-2.798,-90.210,3134.143,1520.392,192.404,24766.207,-1.245,-0.103,64.686,8.186,18.157,52.111,50.539,16.173,,-1.612,-0.828,127.797,,399.366,1.526,,0.840,8373.526,6049.681,2.357,6.650,298.399,832.893,105.402,2357.966,9.947,4.961,48.746,0.130,0.398,1.132,0.143,3.144,0.014,0.007,636.842,0.017,0.020,0.056,0.007,0.155,0.001,0.000
Japan,1999,JPN,126801566,4098283065888,,0.000,0.000,0.000,,,,0.000,,5.205,51.258,8170.066,1035.977,1668.851,211.613,6.831,1.627,200.683,25.447,19.609,16.955,,,1079.142,20.127,1.559,94.330,48453.750,1.499,2.773,133.412,5122.475,649.538,38989.371,4943.913,60.190,80.914,5.029,34.780,726.419,1929.683,244.687,5728.783,0.351,0.101,228.039,28.916,22.674,11.889,,-5.935,-14.686,232.756,660.812,83.792,1835.589,7.765,3.809,-3.154,-37.690,1166.192,3294.661,417.768,9196.980,38.713,19.086,,,-2.681,-24.275,881.208,2501.822,317.235,6949.504,29.397,14.422,1.512,47.374,3181.517,1523.941,193.238,25090.521,-8.350,-0.683,59.167,7.502,17.907,52.070,51.521,16.487,,1.943,0.982,130.021,,406.314,1.528,,0.843,8510.479,6144.011,-4.619,-13.415,284.983,792.839,100.533,2247.476,9.316,4.664,52.203,0.208,0.606,1.719,0.218,4.776,0.020,0.010,414.286,0.081,0.101,0.287,0.036,0.797,0.003,0.002
Japan,2000,JPN,127027794,4209651870326,,0.000,0.000,0.000,126.823,16.110,1.465,0.000,424.430,7.203,74.626,8742.995,1110.603,1875.495,238.240,-25.814,-6.569,148.613,18.878,21.665,17.858,1099.670,8656.925,1099.670,20.116,1.779,109.312,49227.996,1.485,2.074,102.546,5349.381,679.520,39727.203,5046.459,61.793,81.144,4.162,30.232,756.650,2034.988,258.500,5956.572,7.844,2.268,245.488,31.184,23.507,12.166,466.730,0.807,1.878,234.633,664.973,84.470,1847.102,7.681,3.773,0.571,6.496,1172.688,3307.544,420.150,9231.741,38.207,18.856,0.000,0.000,0.595,5.241,886.449,2512.206,319.120,6978.385,29.020,14.254,-0.073,-2.312,3179.205,1438.898,182.780,25027.635,8.625,0.647,64.155,8.150,16.621,51.120,50.347,16.110,,-2.279,-1.174,126.823,,396.347,1.465,,0.810,8656.925,6253.324,0.496,1.256,286.239,795.338,101.030,2253.357,9.187,4.603,57.808,0.350,0.956,2.677,0.340,7.524,0.031,0.015,199.750,0.202,0.303,0.866,0.110,2.384,0.010,0.005
Japan,2001,JPN,127260144,4224163277272,,0.000,0.000,0.000,125.962,16.030,1.480,0.000,424.020,2.391,26.551,8935.670,1137.155,1995.204,253.910,2.236,0.422,151.660,19.300,23.442,18.480,1083.140,8511.228,1083.140,20.024,-1.081,-67.620,48606.762,1.464,-1.110,-56.011,5219.859,664.280,39214.539,4990.448,61.329,81.102,2.727,20.634,777.284,2015.714,256.520,6107.835,-0.474,-0.148,243.879,31.036,23.683,12.632,459.270,-3.470,-9.393,225.240,640.735,81.540,1769.921,7.528,3.660,-0.309,-9.817,1162.871,3291.368,418.860,9137.747,38.671,18.898,0.000,0.000,0.444,-0.985,885.464,2518.778,320.540,6957.906,29.594,14.390,-3.246,-103.196,3076.010,1208.941,153.850,24171.035,0.252,0.021,64.200,8.170,14.204,49.989,50.090,16.030,,-0.511,-0.257,125.962,,393.602,1.480,,0.814,8511.228,6185.704,-2.687,-8.832,277.407,772.591,98.320,2179.840,9.077,4.508,45.247,0.425,1.380,3.929,0.500,10.848,0.046,0.022,131.193,0.393,0.696,1.964,0.250,5.470,0.023,0.011
Japan,2002,JPN,127484599,4226576076119,,0.000,0.000,0.000,132.879,16.940,1.536,0.000,433.730,6.222,70.753,9474.934,1207.908,2074.133,264.420,-57.205,-11.041,64.789,8.260,23.971,19.698,1103.070,8652.574,1103.070,20.399,-0.320,-19.807,48365.816,1.459,0.081,4.033,5413.752,690.170,39177.137,4994.481,62.568,81.446,-2.164,-16.824,760.460,1982.671,252.760,5965.116,10.691,3.318,269.477,34.354,22.914,12.401,478.430,-1.149,-4.418,220.822,632.233,80.600,1732.146,7.307,3.601,-1.421,-25.097,1137.774,3238.823,412.900,8924.793,37.432,18.554,0.000,0.000,-1.959,-24.482,860.982,2465.082,314.260,6753.614,28.490,14.040,-1.622,-49.896,3026.113,1356.948,172.990,23737.088,-1.211,-0.099,63.310,8.071,15.683,49.347,52.935,16.940,,5.681,2.846,132.879,,415.229,1.536,,0.863,8652.574,6165.896,0.335,-0.615,276.792,773.741,98.640,2171.179,8.942,4.514,38.996,0.523,1.903,5.412,0.690,14.928,0.063,0.031,63.889,0.435,1.132,3.216,0.410,8.876,0.037,0.018
Japan,2003,JPN,127671254,4288493482445,,0.000,0.000,0.000,140.047,17.880,1.636,0.000,476.320,2.761,33.351,9722.310,1241.259,2287.594,292.060,-2.302,-0.190,63.205,8.069,26.731,20.238,1092.590,8557.839,1092.590,19.737,-0.048,-2.984,48271.730,1.437,3.987,199.139,5877.439,750.380,40679.637,5193.620,68.679,84.680,9.800,74.522,834.982,2139.088,273.100,6540.096,3.134,1.077,277.515,35.431,24.996,13.614,520.420,14.730,31.145,251.967,724.282,92.470,1973.563,8.463,4.108,-17.121,-198.161,939.612,2680.400,342.210,7359.623,31.321,15.320,0.000,0.000,-26.787,-234.067,626.915,1802.128,230.080,4910.382,21.058,10.222,3.016,91.266,3117.379,1450.757,185.220,24417.232,2.265,0.183,64.650,8.254,16.952,50.828,55.864,17.880,,5.532,2.929,140.047,,437.561,1.636,,0.911,8557.839,6162.913,13.672,35.906,312.698,878.271,112.130,2449.240,10.263,5.098,37.335,0.696,2.599,7.441,0.950,20.360,0.087,0.042,101.453,1.136,2.267,6.501,0.830,17.757,0.076,0.037
Japan,2004,JPN,127815769,4380398118363,,0.000,0.000,0.000,141.219,18.050,1.610,0.000,450.260,2.646,32.843,9968.273,1274.103,2311.061,295.390,0.044,0.004,63.161,8.073,26.346,20.499,1121.190,8771.922,1121.190,20.287,1.366,84.194,48875.867,1.426,-1.254,-65.153,5655.719,722.890,40123.898,5128.467,64.475,82.513,-3.466,-28.942,806.041,2017.435,257.860,6306.269,3.809,1.349,287.759,36.780,22.999,12.969,504.830,-0.871,-3.547,248.420,717.204,91.670,1943.579,8.176,3.997,16.389,147.277,1086.889,3116.204,398.300,8503.561,35.525,17.487,0.000,0.000,24.247,147.789,774.703,2236.578,285.870,6061.095,25.497,12.464,-2.215,-69.055,3048.324,1327.223,169.640,23849.357,7.947,0.656,69.708,8.910,15.130,49.045,56.417,18.050,,0.990,0.553,141.219,,441.393,1.610,,0.908,8771.922,6247.106,0.265,-0.512,312.186,879.625,112.430,2442.466,10.028,5.023,33.300,0.847,3.446,9.936,1.270,26.962,0.113,0.055,73.077,1.635,3.902,11.266,1.440,30.532,0.128,0.063
Japan,2005,JPN,127913331,4450600710060,,0.000,0.000,0.000,169.568,21.690,1.881,0.000,461.800,4.765,60.712,10435.302,1334.814,2495.440,319.200,-16.805,-1.357,52.507,6.716,27.683,21.113,1153.070,9014.463,1153.070,20.428,1.710,106.830,49673.758,1.428,2.345,120.263,5919.946,757.240,41033.484,5248.729,65.672,83.020,2.635,21.239,827.280,1978.605,253.090,6467.501,7.366,2.709,308.722,39.490,21.949,13.085,532.490,-15.388,-39.921,208.499,606.348,77.560,1629.999,6.726,3.298,-0.621,-13.368,1073.521,3094.517,395.830,8392.563,34.328,16.980,0.000,0.000,2.509,13.034,787.737,2290.926,293.040,6158.365,25.414,12.460,1.257,38.312,3086.636,1445.901,184.950,24130.680,9.044,0.806,75.955,9.716,16.040,48.822,67.769,21.690,,20.121,11.352,169.568,,529.802,1.881,,1.072,9014.463,6353.936,-8.578,-26.402,285.784,803.591,102.790,2234.198,8.914,4.520,28.190,0.936,4.382,12.743,1.630,34.257,0.141,0.069,32.639,1.232,5.134,14.932,1.910,40.140,0.166,0.081
Japan,2006,JPN,127997247,4514225078439,,0.043,0.337,0.043,168.207,21.530,1.849,0.001,447.250,-1.699,-22.672,10251.329,1312.142,2432.396,311.340,22.118,1.486,64.078,8.202,26.739,20.818,1164.350,9096.680,1164.350,20.821,-0.281,-17.834,49501.863,1.404,-1.434,-75.262,5825.047,745.590,40418.582,5173.467,64.035,82.081,7.038,58.224,885.503,2187.860,280.040,6918.144,10.242,4.045,340.118,43.534,24.051,14.049,520.750,14.499,28.953,237.452,693.843,88.810,1855.133,7.627,3.767,5.804,55.905,1129.426,3271.633,418.760,8823.827,35.965,17.919,0.000,0.000,3.840,25.874,813.611,2377.317,304.290,6356.473,26.134,12.909,-3.590,-110.813,2975.822,1204.792,154.210,23249.111,0.993,0.096,76.658,9.812,13.244,47.214,67.275,21.530,,-0.729,-0.494,168.207,,525.597,1.849,,1.067,9096.680,6336.102,11.403,30.031,315.815,894.316,114.470,2467.354,9.831,5.011,22.425,0.954,5.336,15.625,2.000,41.688,0.172,0.085,11.780,0.574,5.709,16.641,2.130,44.599,0.183,0.091
Japan,2007,JPN,128087683,4590814009043,80.527,0.035,0.608,0.078,173.319,22.200,1.881,0.001,470.190,4.974,65.262,10753.599,1377.404,2477.287,317.310,4.667,0.383,67.021,8.585,26.888,22.049,1180.110,9213.298,1180.110,21.055,-0.958,-60.681,48993.164,1.367,0.975,50.446,6240.569,799.340,40783.887,5223.913,67.734,83.623,7.724,68.397,953.901,2317.553,296.850,7447.247,6.247,2.720,361.110,46.254,25.154,15.270,554.880,-16.099,-39.288,198.164,581.711,74.510,1547.098,6.314,3.172,-9.062,-106.333,1023.093,2972.729,380.770,7987.439,32.266,16.377,0.000,0.000,-8.308,-71.567,742.044,2178.273,279.010,5793.252,23.643,11.878,-2.796,-83.213,2892.609,1445.728,185.180,22583.039,3.708,0.364,79.445,10.176,15.692,46.304,69.369,22.200,,3.112,2.094,173.319,,541.572,1.881,,1.110,9213.298,6275.421,-11.065,-34.766,281.048,794.456,101.760,2194.187,8.623,4.499,15.877,0.814,6.150,18.035,2.310,48.015,0.196,0.098,28.337,1.579,7.287,21.392,2.740,56.893,0.232,0.117
Japan,2008,JPN,128155992,4542408020234,5.517,0.004,0.641,0.082,166.126,21.290,1.799,0.001,485.220,2.714,37.377,11039.521,1414.781,2603.858,333.700,-13.741,-1.180,57.781,7.405,28.191,23.081,1183.700,9236.399,1183.700,21.368,-1.870,-117.336,48051.477,1.356,-0.730,-38.134,6476.326,829.980,40464.586,5185.779,70.117,84.603,3.889,37.094,990.995,2534.645,324.830,7732.725,-0.460,-0.213,359.256,46.041,27.442,16.167,574.360,0.879,0.159,198.323,586.473,75.160,1547.512,6.350,3.236,-7.096,-79.300,943.793,2760.074,353.720,7364.408,29.883,15.397,0.000,0.000,-9.772,-77.812,664.233,1964.325,251.740,5183.001,21.267,10.837,-3.893,-112.606,2780.003,1337.823,171.450,21692.338,3.860,0.393,82.468,10.569,14.484,45.354,66.541,21.290,,-4.077,-2.828,166.126,,519.216,1.799,,1.086,9236.399,6158.084,0.236,-1.488,279.560,795.749,101.980,2181.407,8.615,4.561,12.173,0.694,6.844,20.210,2.590,53.406,0.219,0.112,7.482,0.483,7.770,22.941,2.940,60.633,0.248,0.127
Japan,2009,JPN,128192471,4298103109270,612.660,0.504,4.570,0.586,158.590,20.330,1.825,0.010,460.210,-16.104,-227.833,9259.104,1186.947,2434.464,312.080,4.310,0.319,60.254,7.724,28.014,21.217,1114.020,8690.214,1114.020,22.370,-8.700,-535.752,43858.520,1.308,-11.152,-578.328,5788.874,742.090,35941.664,4607.451,66.614,82.359,-6.682,-66.215,924.780,2533.066,324.720,7213.998,-3.704,-1.706,345.850,44.335,29.148,16.531,512.680,-6.251,-13.372,184.951,549.720,70.470,1442.758,6.326,3.306,5.279,43.118,986.911,2901.340,371.930,7698.666,33.386,17.641,0.000,0.000,9.099,56.635,720.867,2142.481,274.650,5623.322,24.654,12.886,-10.226,-284.280,2495.723,821.343,105.290,19468.562,-7.604,-0.804,76.175,9.765,9.451,44.611,63.518,20.330,,-4.543,-3.023,158.590,,495.489,1.825,,1.135,8690.214,5622.332,-4.142,-13.517,266.043,758.859,97.280,2075.344,8.732,4.756,17.407,1.149,7.993,23.792,3.050,62.355,0.274,0.143,16.377,1.225,8.996,26.757,3.430,70.172,0.308,0.161
Japan,2010,JPN,128185273,4480295644398,282.328,1.654,17.472,2.240,170.300,21.830,1.888,0.038,446.660,13.968,165.787,10552.965,1352.735,2471.813,316.850,-28.396,-2.193,43.147,5.531,27.408,22.738,1156.040,9018.509,1156.040,21.898,6.418,360.837,46675.945,1.335,5.621,258.972,5815.333,745.440,37963.977,4866.423,64.482,81.799,8.065,74.587,999.367,2543.896,326.090,7796.271,-7.890,-3.498,318.579,40.837,28.208,16.798,516.360,25.596,45.525,230.476,690.407,88.500,1797.990,7.655,3.874,10.827,95.946,1082.857,3203.176,410.600,8447.595,35.518,18.201,0.000,0.000,6.446,40.473,761.341,2280.761,292.360,5939.377,25.290,12.797,0.745,18.598,2514.321,799.624,102.500,19614.740,-4.551,-0.444,72.712,9.321,8.866,42.263,68.210,21.830,,7.386,4.692,170.300,,532.118,1.888,,1.147,9018.509,5983.169,23.123,55.473,321.517,922.415,118.240,2508.218,10.228,5.404,30.729,2.375,10.368,31.049,3.980,80.884,0.344,0.174,14.543,1.228,10.223,30.659,3.930,79.754,0.340,0.172
Japan,2011,JPN,128096430,4468738319171,-2.640,-0.059,17.023,2.181,164.798,21.110,1.912,0.039,505.340,-5.181,-70.085,10013.157,1282.650,2225.433,285.070,38.659,2.138,59.869,7.669,25.817,22.722,1104.200,8620.068,1104.200,21.259,-5.241,-313.575,44260.359,1.269,1.005,48.888,6462.085,827.770,38371.953,4915.311,74.966,87.076,12.096,120.885,1120.252,2965.188,379.830,8745.384,-0.109,-0.045,318.452,40.793,34.399,19.845,558.000,-6.797,-16.780,213.696,643.968,82.490,1668.245,7.471,3.786,-32.515,-353.292,729.565,2157.984,276.430,5695.436,25.034,12.924,0.000,0.000,-44.271,-339.249,422.091,1271.932,162.930,3295.107,14.755,7.477,-0.076,-1.913,2512.408,1271.464,162.870,19613.414,-4.062,-0.379,69.807,8.942,14.750,44.508,65.954,21.110,,-3.307,-2.256,164.798,,514.876,1.912,,1.168,8620.068,5669.594,-3.989,-14.043,307.474,886.051,113.500,2400.329,10.279,5.447,36.615,3.723,14.091,42.468,5.440,110.004,0.493,0.250,13.585,1.329,11.552,34.818,4.460,90.181,0.404,0.205
Japan,2012,JPN,127928283,4530172048567,-0.839,-0.018,16.902,2.162,172.988,22.130,1.999,0.039,594.530,5.578,71.549,10585.611,1354.199,2613.183,334.300,3.896,0.299,62.283,7.968,30.202,24.184,1106.880,8652.348,1106.880,20.560,-0.958,-54.310,43894.004,1.240,6.851,336.744,7641.469,977.560,41054.680,5252.055,88.317,93.793,9.989,111.898,1232.151,3404.173,435.490,9631.574,-4.651,-1.897,304.039,38.895,39.344,22.004,658.070,-6.530,-14.985,198.711,602.681,77.100,1553.302,6.966,3.549,-52.805,-381.982,347.583,1010.879,129.320,2717.016,11.683,6.207,0.000,0.000,-88.957,-375.722,46.370,140.626,17.990,362.466,1.625,0.828,6.102,153.296,2665.705,1624.113,207.770,20837.492,-3.594,-0.321,67.387,8.621,18.771,47.605,69.156,22.130,,4.856,3.202,172.988,,540.586,1.999,,1.235,8652.348,5615.285,-1.884,-6.260,301.214,870.253,111.330,2354.550,10.058,5.379,35.534,4.909,19.000,57.610,7.370,148.519,0.666,0.339,6.019,0.632,12.184,36.974,4.730,95.241,0.427,0.218
Japan,2013,JPN,127723642,4621006950566,18.604,0.402,20.079,2.565,181.486,23.180,2.131,0.046,595.900,4.079,55.239,11035.061,1409.438,2838.550,362.550,2.390,0.190,63.874,8.158,33.330,25.354,1087.760,8516.513,1087.760,20.388,-0.696,-39.064,43658.484,1.207,-1.037,-54.478,7458.369,952.610,40693.926,5197.576,87.575,93.499,0.261,3.218,1235.369,3316.379,423.580,9672.201,-8.665,-3.370,278.138,35.525,38.941,22.223,648.200,2.894,4.183,202.894,621.107,79.330,1588.539,7.293,3.650,4.742,13.793,361.376,1058.144,135.150,2829.362,12.425,6.501,0.000,0.000,-18.834,-9.022,37.348,114.309,14.600,292.409,1.342,0.672,-4.237,-112.935,2552.770,1303.439,166.480,19986.664,-1.327,-0.114,66.599,8.506,15.305,45.922,72.427,23.180,,4.730,3.271,181.486,,567.062,2.131,,1.303,8516.513,5576.221,8.479,22.815,324.029,943.835,120.550,2536.953,11.082,5.829,75.108,14.015,33.015,101.078,12.910,258.486,1.187,0.594,8.583,0.944,13.128,40.165,5.130,102.787,0.472,0.236
Japan,2014,JPN,127486601,4634693421103,21.485,0.551,24.438,3.116,185.353,23.630,2.224,0.058,591.530,-1.682,-23.703,10869.657,1385.736,2789.313,355.600,8.631,0.704,69.515,8.862,33.461,25.597,1062.720,8335.935,1062.720,20.464,-2.590,-144.426,42606.789,1.172,-2.723,-141.540,7285.628,928.820,39659.359,5056.037,87.400,93.396,0.984,12.152,1247.521,3536.686,450.880,9785.509,-6.669,-2.369,260.071,33.156,42.427,23.044,628.630,2.996,5.016,207.910,640.930,81.710,1630.837,7.689,3.841,-0.511,-3.837,357.539,1050.306,133.900,2804.523,12.600,6.604,0.000,0.000,-100.000,-37.348,0.000,0.000,0.000,0.000,0.000,0.000,-5.092,-129.990,2422.780,959.630,122.340,19004.193,-4.816,-0.410,63.510,8.097,11.512,44.754,73.837,23.630,,1.946,1.409,185.353,,579.171,2.224,,1.364,8335.935,5431.795,11.290,33.510,357.539,1050.306,133.900,2804.523,12.600,6.604,82.420,26.904,59.919,184.725,23.550,470.002,2.216,1.107,-2.322,-0.370,12.758,39.298,5.010,100.075,0.471,0.236
Japan,2015,JPN,127275868,4707025000790,21.066,0.656,29.635,3.772,223.844,28.490,2.766,0.071,578.050,0.884,12.245,10983.865,1397.981,2747.104,349.640,-10.455,-0.927,62.351,7.936,33.942,26.167,1030.120,8093.600,1030.120,20.267,-1.262,-68.534,42138.867,1.139,-2.682,-135.606,6847.960,871.580,38659.578,4920.431,84.610,92.100,-4.837,-60.345,1187.176,3280.276,417.500,9327.584,-1.118,-0.371,257.588,32.785,40.529,22.222,595.460,4.965,9.217,217.127,673.891,85.770,1705.955,8.326,4.064,18.462,64.496,422.035,1245.641,158.540,3315.906,15.390,7.900,0.000,0.000,,11.454,11.454,35.513,4.520,89.995,0.439,0.214,-3.612,-87.506,2335.274,820.580,104.440,18348.129,-3.933,-0.318,61.113,7.778,10.139,43.712,89.016,28.490,,20.558,15.180,223.844,,699.396,2.766,,1.666,8093.600,5363.261,15.160,53.042,410.581,1210.127,154.020,3225.911,14.952,7.685,46.679,27.524,87.443,271.379,34.540,687.039,3.353,1.637,4.165,0.464,13.222,41.013,5.220,103.887,0.507,0.247
Japan,2016,JPN,127159950,4742508721138,22.316,0.842,36.282,4.614,186.144,23.670,2.225,0.087,567.040,-0.186,-2.595,10973.467,1395.385,2662.709,338.590,14.486,1.150,71.448,9.085,31.831,26.460,1063.700,8365.055,1063.700,21.262,-1.257,-67.441,41646.914,1.117,-1.863,-91.667,7032.481,894.250,37973.938,4828.764,84.070,91.565,-1.938,-23.002,1164.174,3605.145,458.430,9155.197,3.007,0.986,265.575,33.770,43.098,22.075,603.160,-7.391,-17.564,199.562,624.646,79.430,1569.382,7.467,3.784,7.237,22.808,444.843,1332.574,169.450,3498.295,15.930,8.435,0.000,0.000,290.733,32.964,44.418,139.037,17.680,349.308,1.662,0.842,-2.829,-66.070,2269.204,764.628,97.230,17845.271,-20.318,-1.580,48.740,6.198,9.141,43.029,73.971,23.670,,-16.901,-15.045,186.144,,581.719,2.225,,1.403,8365.055,5295.819,-0.893,-10.156,400.425,1193.536,151.770,3148.987,14.268,7.593,25.436,21.415,108.859,340.752,43.330,856.076,4.074,2.064,2.259,0.197,13.419,41.994,5.340,105.529,0.502,0.254
Japan,2017,JPN,127064686,4821960242931,3.420,0.158,37.551,4.771,187.306,23.800,2.210,0.090,558.030,1.475,20.578,11143.642,1415.963,2860.511,363.470,3.588,0.326,74.067,9.411,33.753,26.566,1076.860,8474.896,1076.860,21.423,1.102,58.377,42137.562,1.110,0.015,0.709,6960.943,884.490,38007.988,4829.473,82.136,90.608,0.489,5.690,1169.865,3652.707,464.130,9206.845,,,,,43.100,21.948,600.920,-0.230,-1.454,198.109,623.619,79.240,1559.116,7.358,3.717,13.272,55.766,500.609,1513.953,192.370,3939.799,17.864,9.392,0.000,0.000,64.458,28.266,72.684,228.781,29.070,572.020,2.700,1.364,-1.126,-25.559,2243.645,447.725,56.890,17657.502,,,,,5.283,42.094,74.390,23.800,,0.566,0.418,187.306,,585.449,2.210,,1.396,8474.896,5354.196,7.485,27.501,427.926,1285.172,163.300,3367.779,15.164,8.029,24.732,26.244,135.102,425.295,54.040,1063.255,5.018,2.535,16.492,2.135,15.554,48.951,6.220,122.409,0.578,0.292
Japan,2018,JPN,126913432,4852985093686,7.653,0.365,40.473,5.137,202.894,25.750,2.378,0.097,541.470,-2.074,-29.366,10925.536,1386.597,2841.780,360.660,-28.650,-2.696,52.910,6.715,33.304,26.204,1082.930,8532.824,1082.930,21.916,-0.682,-36.526,41899.980,1.096,-2.441,-117.881,6764.296,858.480,37124.453,4711.592,79.274,89.042,-1.093,-12.783,1157.082,3511.133,445.610,9117.093,,,,,41.149,21.867,586.370,2.213,3.378,201.486,638.230,81.000,1587.587,7.480,3.808,16.445,79.250,579.860,1768.528,224.450,4568.938,20.726,10.958,0.000,0.000,68.904,49.471,122.155,386.957,49.110,962.506,4.535,2.309,-3.375,-75.732,2167.913,411.383,52.210,17081.826,,,,,4.821,40.970,80.461,25.750,,8.162,6.071,202.894,,633.985,2.378,,1.521,8532.824,5317.670,7.371,29.779,457.705,1381.572,175.340,3606.433,16.191,8.650,13.289,17.192,152.294,482.376,61.220,1199.984,5.653,2.878,18.417,2.773,18.327,58.071,7.370,144.404,0.681,0.346
Japan,2019,JPN,126699421,4833467877373,-6.931,-0.356,37.731,4.781,217.838,27.600,2.635,0.092,528.490,-1.731,-24.003,10754.539,1362.594,2768.521,350.770,-27.131,-1.822,38.620,4.893,33.490,26.315,1047.400,8266.810,1047.400,21.807,-2.108,-112.070,41086.219,1.077,-3.296,-155.308,6356.382,805.350,35961.363,4556.284,76.890,87.991,-6.555,-75.849,1081.233,3290.860,416.950,8533.842,,,,,39.808,20.881,553.540,-8.739,-18.517,182.969,583.428,73.920,1444.116,7.057,3.534,7.510,41.954,621.813,1910.427,242.050,4907.784,23.110,12.009,0.000,0.000,33.661,40.311,162.466,518.077,65.640,1282.292,6.267,3.138,-2.558,-55.456,2112.457,297.002,37.630,16672.982,,,,,3.593,40.796,86.241,27.600,,7.183,5.780,217.838,,680.674,2.635,,1.665,8266.810,5205.600,0.394,1.643,459.348,1392.350,176.410,3625.492,16.843,8.871,10.139,14.610,166.904,532.204,67.430,1317.324,6.438,3.223,1.191,0.126,18.453,58.880,7.460,145.646,0.712,0.356
Japan,2020,JPN,126304533,4626661481209,7.684,0.367,40.757,5.148,240.451,30.370,3.004,0.107,527.750,-6.740,-91.842,10061.016,1270.752,2693.886,340.250,1.802,0.088,39.439,4.981,33.654,26.488,1011.030,8004.701,1011.030,22.819,-7.307,-380.360,38203.219,1.043,-8.049,-366.740,6135.963,775.000,33170.184,4189.544,76.654,87.329,-3.696,-39.958,1041.275,3241.689,409.440,8244.162,,,,,40.497,21.705,533.570,5.970,10.444,193.413,620.168,78.330,1531.321,7.748,4.032,-2.285,-13.953,607.860,1868.737,236.030,4812.655,23.345,12.671,0.000,0.000,-34.488,-56.294,106.172,340.447,43.000,840.600,4.253,2.213,-11.122,-234.940,1877.518,200.389,25.310,14865.006,,,,,2.503,39.136,94.916,30.370,,10.059,8.675,240.451,,751.483,3.004,,1.978,8004.701,4825.240,9.382,42.341,501.689,1528.290,193.030,3972.055,19.092,10.457,12.593,20.554,187.459,601.087,75.920,1484.180,7.509,3.908,12.743,2.300,20.753,66.585,8.410,164.313,0.832,0.433
Japan,2021,JPN,125679342,4725883595048,-2.865,-0.148,39.786,5.000,276.816,34.790,3.362,0.100,514.490,7.768,98.716,10896.520,1369.467,2771.020,348.260,-8.711,-0.434,36.182,4.547,33.659,27.390,1034.670,8232.618,1034.670,22.578,4.237,204.468,40020.164,1.064,2.836,118.806,6089.386,765.310,34280.500,4308.351,73.967,86.170,-1.342,-13.977,1027.298,3069.558,385.780,8173.963,,,,,37.285,20.547,532.330,1.652,2.711,196.124,633.597,79.630,1560.509,7.696,3.923,13.759,83.622,691.482,2143.232,269.360,5501.958,26.033,13.830,0.000,0.000,42.380,44.623,150.795,487.113,61.220,1199.837,5.917,3.016,1.814,34.067,1911.585,248.808,31.270,15210.018,,,,,3.022,38.233,108.731,34.790,,14.556,13.816,276.816,,865.149,3.362,,2.175,8232.618,5029.708,7.549,38.999,540.688,1656.119,208.140,4302.122,20.117,10.814,10.881,19.885,207.344,669.800,84.180,1649.787,8.136,4.147,13.457,2.735,23.488,75.907,9.540,186.890,0.922,0.470
Japan,2022,JPN,124997585,4774494846664,0.828,0.041,40.335,5.042,302.646,37.830,3.636,0.101,519.600,-0.288,-3.943,10924.409,1365.525,2807.974,350.990,3.325,0.151,37.589,4.699,33.731,27.488,1040.570,8324.721,1040.570,22.838,-0.655,-32.937,39974.945,1.047,-0.510,-21.990,6205.000,775.610,34291.551,4286.361,74.537,86.285,-3.109,-31.940,995.358,3030.779,378.840,7963.021,,,,,36.407,20.037,540.680,-5.975,-12.172,183.952,598.972,74.870,1471.641,7.195,3.703,-1.589,-10.166,681.316,2119.721,264.960,5450.634,25.463,13.715,0.000,0.000,-15.433,-23.586,127.209,414.168,51.770,1017.693,4.975,2.561,0.727,13.893,1925.478,366.247,45.780,15404.122,,,,,4.400,38.760,118.218,37.830,,8.725,9.487,302.646,,945.766,3.636,,2.380,8324.721,4996.771,2.387,13.419,554.107,1705.553,213.190,4432.941,20.488,11.154,8.184,16.417,223.761,728.574,91.070,1790.124,8.752,4.504,-1.266,-0.354,23.134,75.361,9.420,185.075,0.905,0.466
Japan,2023,JPN,124370947,,-1.921,-0.097,39.759,4.945,337.780,42.010,4.173,0.102,492.450,-7.720,-105.414,10131.873,1260.111,2628.668,326.930,-4.950,-0.233,35.908,4.466,32.474,26.116,1006.730,8094.575,1006.730,23.068,-2.767,-138.241,39064.832,,-5.307,-227.479,5679.863,706.410,32635.295,4058.882,70.169,84.119,-7.962,-79.247,916.112,2789.880,346.980,7365.962,,,,,34.466,18.986,495.760,-0.450,-2.168,181.783,599.256,74.530,1461.623,7.403,3.767,13.062,84.943,766.259,2414.712,300.320,6161.080,29.831,15.881,0.000,0.000,49.613,61.719,188.928,622.814,77.460,1519.071,7.694,3.915,-2.224,-42.818,1882.660,261.315,32.500,15137.459,,,,,3.228,39.018,131.292,42.010,,11.059,13.073,337.780,,1055.647,4.173,,2.721,8094.575,4858.530,4.390,23.224,577.331,1791.898,222.860,4642.009,22.137,11.965,5.809,11.265,235.026,774.779,96.360,1889.719,9.572,4.871,5.749,1.151,24.285,80.083,9.960,195.261,0.989,0.503
Japan,2024,JPN,123753041,,1.204,0.060,40.439,5.004,367.021,45.420,4.469,0.105,483.430,-0.124,-1.558,10169.868,1258.552,2643.410,327.130,-18.229,-0.814,29.509,3.652,32.185,26.425,1016.390,8213.051,1016.390,23.781,-1.311,-63.714,38745.039,,-2.661,-108.002,5643.255,698.370,31925.525,3950.881,68.711,82.955,-0.728,-6.673,909.438,2797.830,346.240,7348.817,,,,,34.066,19.095,491.350,6.599,11.995,193.778,642.004,79.450,1565.848,7.817,4.069,5.815,45.548,811.808,2569.795,318.020,6559.901,31.289,17.045,0.000,0.000,9.611,18.159,207.087,686.125,84.910,1673.388,8.354,4.348,-5.299,-99.770,1782.890,202.015,25.000,14406.841,,,,,2.460,37.435,141.931,45.420,,8.103,10.639,367.021,,1146.888,4.469,,2.980,8213.051,4794.816,4.525,27.390,604.721,1883.671,233.110,4886.513,22.935,12.697,0.355,0.835,235.861,781.395,96.700,1905.901,9.514,4.952,15.900,3.861,28.146,93.250,11.540,227.437,1.135,0.591
Japan,2025,JPN,123103480,,,,,,446.129,54.920,5.333,,477.260,,,,,2681.321,330.080,,,,,32.051,,1029.860,8365.808,1029.860,,,,,,,,5629.735,693.040,,,67.295,,,,,2742.165,337.570,,,,,,32.778,,491.510,,,,600.308,73.900,,7.176,,,,,2736.072,336.820,,32.705,,0.000,0.000,,,,764.316,94.090,,9.136,,,,,206.249,25.390,,,,,,2.465,,,54.920,,,,446.129,,,5.333,,,8365.808,,,,,1971.756,242.730,,23.569,,,,,820.935,101.060,,9.813,,,,,104.384,12.850,,1.248,
United Kingdom,1900,GBR,41089602,312531070000,,,,,,,,,,,,,,,,,,38122.945,1566.457,,,,,,,,,,,,,,,,,,,,,,,,,,,0.000,0.000,,,,,,,,,,,,,,,,,,,,,,,,,,,,,,,,,,,,,,0.000,0.000,,,,,,,,,,,,,,,,,,,,,,,,,,,,,,,,,,,,,,,
United Kingdom,1901,GBR,41459153,312199608000,,,,,,,,,,,,,,,,-2.724,-42.668,36753.977,1523.789,,,,,,,,,,,,,,,,,,,,,,,,,,0.000,0.000,0.000,,,,,,,,,,,,,,,,,,,,,,,,,,,,,,,,,,,,,0.000,0.000,0.000,,,,,,,,,,,,,,,,,,,,,,,,,,,,,,,,,,,,,,,
United Kingdom,1902,GBR,41827091,319853055000,,,,,,,,,,,,,,,,3.674,55.984,37769.137,1579.773,,,,,,,,,,,,,,,,,,,,,,,,,,0.000,0.000,0.000,,,,,,,,,,,,,,,,,,,,,,,,,,,,,,,,,,,,,0.000,0.000,0.000,,,,,,,,,,,,,,,,,,,,,,,,,,,,,,,,,,,,,,,
United Kingdom,1903,GBR,42193357,316084572000,,,,,,,,,,,,,,,,1.426,22.532,37975.297,1602.305,,,,,,,,,,,,,,,,,,,,,,,,,,0.000,0.000,0.000,,,,,,,,,,,,,,,,,,,,,,,,,,,,,,,,,,,,,0.000,0.000,0.000,,,,,,,,,,,,,,,,,,,,,,,,,,,,,,,,,,,,,,,
United Kingdom,1904,GBR,42562831,317665005000,,,,,,,,,,,,,,,,0.909,14.570,37987.953,1616.875,,,,,,,,,,,,,,,,,,,,,,,,,,0.000,0.000,0.000,,,,,,,,,,,,,,,,,,,,,,,,,,,,,,,,,,,,,0.000,0.000,0.000,,,,,,,,,,,,,,,,,,,,,,,,,,,,,,,,,,,,,,,
United Kingdom,1905,GBR,42935539,326784543000,,,,,,,,,,,,,,,,1.592,25.743,38257.773,1642.618,,,,,,,,,,,,,,,,,,,,,,,,,,0.000,0.000,0.000,,,,,,,,,,,,,,,,,,,,,,,,,,,,,,,,,,,,,0.000,0.000,0.000,,,,,,,,,,,,,,,,,,,,,,,,,,,,,,,,,,,,,,,
United Kingdom,1906,GBR,43311511,337435302000,,,,,,,,,,,,,,,,6.327,103.924,40325.129,1746.542,,,,,,,,,,,,,,,,,,,,,,,,,,0.000,0.000,0.000,,,,,,,,,,,,,,,,,,,,,,,,,,,,,,,,,,,,,0.000,0.000,0.000,,,,,,,,,,,,,,,,,,,,,,,,,,,,,,,,,,,,,,,
United Kingdom,1907,GBR,43690776,343554135000,,,,,,,,,,,,,,,,6.677,116.611,42644.086,1863.153,,,,,,,,,,,,,,,,,,,,,,,,,,0.000,0.000,0.000,,,,,,,,,,,,,,,,,,,,,,,,,,,,,,,,,,,,,0.000,0.000,0.000,,,,,,,,,,,,,,,,,,,,,,,,,,,,,,,,,,,,,,,
United Kingdom,1908,GBR,44073361,329209164000,,,,,,,,,,,,,,,,-2.353,-43.839,41279.234,1819.315,,,,,,,,,,,,,,,,,,,,,,,,,,0.000,0.000,0.000,,,,,,,,,,,,,,,,,,,,,,,,,,,,,,,,,,,,,0.000,0.000,0.000,,,,,,,,,,,,,,,,,,,,,,,,,,,,,,,,,,,,,,,
United Kingdom,1909,GBR,44417852,336437640000,,,,,,,,,,,,,,,,0.858,15.617,41310.680,1834.932,,,,,,,,,,,,,,,,,,,,,,,,,,0.000,0.000,0.000,,,,,,,,,,,,,,,,,,,,,,,,,,,,,,,,,,,,,0.000,0.000,0.000,,,,,,,,,,,,,,,,,,,,,,,,,,,,,,,,,,,,,,,
United Kingdom,1910,GBR,44723743,346661688000,,,,,,,,,,,,,,,,0.250,4.580,41130.547,1839.512,,,,,,,,,,,,,,,,,,,,,,,,,,0.000,0.000,0.000,,,,,,,,,,,,,,,,,,,,,,,,,,,,,,,,,,,,,0.000,0.000,0.000,,,,,,,,,,,,,,,,,,,,,,,,,,,,,,,,,,,,,,,
United Kingdom,1911,GBR,44990527,356440232000,,,,,,,,,,,,,,,,2.821,51.890,42040.012,1891.402,,,,,,,,,,,,,,,,,,,,,,,,,,0.000,0.000,0.000,,,,,,,,,,,,,,,,,,,,,,,,,,,,,,,,,,,,,0.000,0.000,0.000,,,,,,,,,,,,,,,,,,,,,,,,,,,,,,,,,,,,,,,
United Kingdom,1912,GBR,45217688,361318404000,,,,,,,,,,,,,,,,-4.221,-79.831,40063.328,1811.571,,,,,,,,,,,,,,,,,,,,,,,,,,0.000,0.000,0.000,,,,,,,,,,,,,,,,,,,,,,,,,,,,,,,,,,,,,0.000,0.000,0.000,,,,,,,,,,,,,,,,,,,,,,,,,,,,,,,,,,,,,,,
United Kingdom,1913,GBR,45404707,374869588000,,,,,,,,,,,,,,,,10.373,187.918,44037.047,1999.489,,,,,,,,,,,,,,,,,,,,,,,,,,0.000,0.000,0.000,,,,,,,,,,,,,,,,,,,,,,,,,,,,,,,,,,,,,0.000,0.000,0.000,,,,,,,,,,,,,,,,,,,,,,,,,,,,,,,,,,,,,,,
United Kingdom,1914,GBR,45592500,374424419000,,,,,,,,,,,,,,,,-7.573,-151.412,40534.672,1848.077,,,,,,,,,,,,,,,,,,,,,,,,,,0.000,0.000,0.000,,,,,,,,,,,,,,,,,,,,,,,,,,,,,,,,,,,,,0.000,0.000,0.000,,,,,,,,,,,,,,,,,,,,,,,,,,,,,,,,,,,,,,,
United Kingdom,1915,GBR,45781070,400331260000,,,,,,,,,,,,,,,,-4.692,-86.705,38473.805,1761.372,,,,,,,,,,,,,,,,,,,,,,,,,,0.000,0.000,0.000,,,,,,,,,,,,,,,,,,,,,,,,,,,,,,,,,,,,,0.000,0.000,0.000,,,,,,,,,,,,,,,,,,,,,,,,,,,,,,,,,,,,,,,
United Kingdom,1916,GBR,45970420,404764828000,,,,,,,,,,,,,,,,1.254,22.087,38795.793,1783.459,,,,,,,,,,,,,,,,,,,,,,,,,,0.000,0.000,0.000,,,,,,,,,,,,,,,,,,,,,,,,,,,,,,,,,,,,,0.000,0.000,0.000,,,,,,,,,,,,,,,,,,,,,,,,,,,,,,,,,,,,,,,
United Kingdom,1917,GBR,46160552,403910310000,,,,,,,,,,,,,,,,-3.072,-54.786,37449.133,1728.673,,,,,,,,,,,,,,,,,,,,,,,,,,0.000,0.000,0.000,,,,,,,,,,,,,,,,,,,,,,,,,,,,,,,,,,,,,0.000,0.000,0.000,,,,,,,,,,,,,,,,,,,,,,,,,,,,,,,,,,,,,,,
United Kingdom,1918,GBR,46352692,401942250000,,,,,,,,,,,,,,,,-8.350,-144.347,34179.809,1584.326,,,,,,,,,,,,,,,,,,,,,,,,,,0.000,0.000,0.000,,,,,,,,,,,,,,,,,,,,,,,,,,,,,,,,,,,,,0.000,0.000,0.000,,,,,,,,,,,,,,,,,,,,,,,,,,,,,,,,,,,,,,,
United Kingdom,1919,GBR,46487478,353891070000,,,,,,,,,,,,,,,,0.887,14.049,34382.922,1598.375,,,,,,,,,,,,,,,,,,,,,,,,,,0.000,0.000,0.000,,,,,,,,,,,,,,,,,,,,,,,,,,,,,,,,,,,,,0.000,0.000,0.000,,,,,,,,,,,,,,,,,,,,,,,,,,,,,,,,,,,,,,,
United Kingdom,1920,GBR,46564792,328542957000,,,,,,,,,,,,,,,,-0.108,-1.718,34288.934,1596.657,,,,,,,,,,,,,,,,,,,,,,,,,,0.000,0.000,0.000,,,,,,,,,,,,,,,,,,,,,,,,,,,,,,,,,,,,,0.000,0.000,0.000,,,,,,,,,,,,,,,,,,,,,,,,,,,,,,,,,,,,,,,
United Kingdom,1921,GBR,46584515,299337024000,,,,,,,,,,,,,,,,-28.877,-461.062,24377.080,1135.594,,,,,,,,,,,,,,,,,,,,,,,,,,0.000,0.000,0.000,,,,,,,,,,,,,,,,,,,,,,,,,,,,,,,,,,,,,0.000,0.000,0.000,,,,,,,,,,,,,,,,,,,,,,,,,,,,,,,,,,,,,,,
United Kingdom,1922,GBR,46546526,327953452000,,,,,,,,,,,,,,,,52.898,600.705,37302.457,1736.300,,,,,,,,,,,,,,,,,,,,,,,,,,0.000,0.000,0.000,,,,,,,,,,,,,,,,,,,,,,,,,,,,,,,,,,,,,0.000,0.000,0.000,,,,,,,,,,,,,,,,,,,,,,,,,,,,,,,,,,,,,,,
United Kingdom,1923,GBR,46450703,338349852000,,,,,,,,,,,,,,,,10.574,183.598,41331.941,1919.898,,,,,,,,,,,,,,,,,,,,,,,,,,0.000,0.000,0.000,,,,,,,,,,,,,,,,,,,,,,,,,,,,,,,,,,,,,0.000,0.000,0.000,,,,,,,,,,,,,,,,,,,,,,,,,,,,,,,,,,,,,,,
United Kingdom,1924,GBR,46355077,352313260000,,,,,,,,,,,,,,,,-3.314,-63.625,40044.641,1856.272,,,,,,,,,,,,,,,,,,,,,,,,,,0.000,0.000,0.000,,,,,,,,,,,,,,,,,,,,,,,,,,,,,,,,,,,,,0.000,0.000,0.000,,,,,,,,,,,,,,,,,,,,,,,,,,,,,,,,,,,,,,,
United Kingdom,1925,GBR,46259648,369438741000,,,,,,,,,,,,,,,,-8.441,-156.691,36740.043,1699.582,,,,,,,,,,,,,,,,,,,,,,,,,,0.000,0.000,0.000,,,,,,,,,,,,,,,,,,,,,,,,,,,,,,,,,,,,,0.000,0.000,0.000,,,,,,,,,,,,,,,,,,,,,,,,,,,,,,,,,,,,,,,
United Kingdom,1926,GBR,46164416,355885376000,,,,,,,,,,,,,,,,-48.604,-826.067,18921.807,873.514,,,,,,,,,,,,,,,,,,,,,,,,,,0.000,0.000,0.000,,,,,,,,,,,,,,,,,,,,,,,,,,,,,,,,,,,,,0.000,0.000,0.000,,,,,,,,,,,,,,,,,,,,,,,,,,,,,,,,,,,,,,,
United Kingdom,1927,GBR,46069379,384535608000,,,,,,,,,,,,,,,,100.075,874.172,37935.949,1747.686,,,,,,,,,,,,,,,,,,,,,,,,,,0.000,0.000,0.000,,,,,,,,,,,,,,,,,,,,,,,,,,,,,,,,,,,,,0.000,0.000,0.000,,,,,,,,,,,,,,,,,,,,,,,,,,,,,,,,,,,,,,,
United Kingdom,1928,GBR,45974538,389190542000,,,,,,,,,,,,,,,,-5.486,-95.873,35928.867,1651.813,,,,,,,,,,,,,,,,,,,,,,,,,,0.000,0.000,0.000,,,,,,,,,,,,,,,,,,,,,,,,,,,,,,,,,,,,,0.000,0.000,0.000,,,,,,,,,,,,,,,,,,,,,,,,,,,,,,,,,,,,,,,
United Kingdom,1929,GBR,45944804,400634784000,,,,,,,,,,,,,,,,8.607,142.169,39046.465,1793.982,,,,,,,,,,,,,,,,,,,,,,,,,,0.000,0.000,0.000,,,,,,,,,,,,,,,,,,,,,,,,,,,,,,,,,,,,,0.000,0.000,0.000,,,,,,,,,,,,,,,,,,,,,,,,,,,,,,,,,,,,,,,
United Kingdom,1930,GBR,45980369,397795818000,,,,,,,,,,,,,,,,-5.439,-97.571,36894.258,1696.412,,,,,,,,,,,,,,,,,,,,,,,,,,0.000,0.000,0.000,,,,,,,,,,,,,,,,,,,,,,,,,,,,,,,,,,,,,0.000,0.000,0.000,,,,,,,,,,,,,,,,,,,,,,,,,,,,,,,,,,,,,,,
United Kingdom,1931,GBR,46081427,377346060000,,,,,,,,,,,,,,,,-10.015,-169.891,33126.590,1526.521,,,,,,,,,,,,,,,,,,,,,,,,,,0.000,0.000,0.000,,,,,,,,,,,,,,,,,,,,,,,,,,,,,,,,,,,,,0.000,0.000,0.000,,,,,,,,,,,,,,,,,,,,,,,,,,,,,,,,,,,,,,,
United Kingdom,1932,GBR,46248173,380225010000,,,,,,,,,,,,,,,,-4.881,-74.511,31396.033,1452.009,,,,,,,,,,,,,,,,,,,,,,,,,,0.000,0.000,0.000,,,,,,,,,,,,,,,,,,,,,,,,,,,,,,,,,,,,,0.000,0.000,0.000,,,,,,,,,,,,,,,,,,,,,,,,,,,,,,,,,,,,,,,
United Kingdom,1933,GBR,46480802,391279720000,,,,,,,,,,,,,,,,-0.777,-11.283,30996.154,1440.726,,,,,,,,,,,,,,,,,,,,,,,,,,0.000,0.000,0.000,,,,,,,,,,,,,,,,,,,,,,,,,,,,,,,,,,,,,0.000,0.000,0.000,,,,,,,,,,,,,,,,,,,,,,,,,,,,,,,,,,,,,,,
United Kingdom,1934,GBR,46714602,417147374000,,,,,,,,,,,,,,,,6.574,94.709,32868.414,1535.435,,,,,,,,,,,,,,,,,,,,,,,,,,0.000,0.000,0.000,,,,,,,,,,,,,,,,,,,,,,,,,,,,,,,,,,,,,0.000,0.000,0.000,,,,,,,,,,,,,,,,,,,,,,,,,,,,,,,,,,,,,,,
United Kingdom,1935,GBR,46949578,433247792000,,,,,,,,,,,,,,,,0.688,10.557,32928.777,1545.992,,,,,,,,,,,,,,,,,,,,,,,,,,0.000,0.000,0.000,,,,,,,,,,,,,,,,,,,,,,,,,,,,,,,,,,,,,0.000,0.000,0.000,,,,,,,,,,,,,,,,,,,,,,,,,,,,,,,,,,,,,,,
United Kingdom,1936,GBR,47185735,452919220000,,,,,,,,,,,,,,,,2.788,43.099,33677.371,1589.091,,,,,,,,,,,,,,,,,,,,,,,,,,0.000,0.000,0.000,,,,,,,,,,,,,,,,,,,,,,,,,,,,,,,,,,,,,0.000,0.000,0.000,,,,,,,,,,,,,,,,,,,,,,,,,,,,,,,,,,,,,,,
United Kingdom,1937,GBR,47423081,468681279000,,,,,,,,,,,,,,,,5.235,83.193,35263.090,1672.284,,,,,,,,,,,,,,,,,,,,,,,,,,0.000,0.000,0.000,,,,,,,,,,,,,,,,,,,,,,,,,,,,,,,,,,,,,0.000,0.000,0.000,,,,,,,,,,,,,,,,,,,,,,,,,,,,,,,,,,,,,,,
United Kingdom,1938,GBR,47661620,474370072000,,,,,,,,,,,,,,,,-5.574,-93.216,33130.812,1579.068,,,,,,,,,,,,,,,,,,,,,,,,,,0.000,0.000,0.000,,,,,,,,,,,,,,,,,,,,,,,,,,,,,,,,,,,,,0.000,0.000,0.000,,,,,,,,,,,,,,,,,,,,,,,,,,,,,,,,,,,,,,,
United Kingdom,1939,GBR,47890226,479046162000,,,,,,,,,,,,,,,,1.914,30.221,33603.699,1609.289,,,,,,,,,,,,,,,,,,,,,,,,,,0.000,0.000,0.000,,,,,,,,,,,,,,,,,,,,,,,,,,,,,,,,,,,,,0.047,0.971,0.047,,,,,,,,,,,,,,,,,,,,,,,,,,,,,,,,,,,,,,,
United Kingdom,1940,GBR,48108804,527013728000,,,,,,,,,,,,,,,,-3.043,-48.967,32433.193,1560.322,,,,,,,,,,,,,,,,,,,,,,,,,,0.000,0.000,0.000,,,,,,,,,,,,,,,,,,,,,,,,,,,,,,,,,,,,325.000,0.151,4.110,0.198,,,,,,,,,,,,,,,,,,,,,,,,,,,,,,,,,,,,,,,
United Kingdom,1941,GBR,48317261,575024016000,,,,,,,,,,,,,,,,-8.005,-124.902,29708.223,1435.420,,,,,,,,,,,,,,,,,,,,,,,,,,0.000,0.000,0.000,,,,,,,,,,,,,,,,,,,,,,,,,,,,,,,,,,,,82.353,0.163,7.462,0.361,,,,,,,,,,,,,,,,,,,,,,,,,,,,,,,,,,,,,,,
United Kingdom,1942,GBR,48515502,589318400000,,,,,,,,,,,,,,,,-0.675,-9.688,29387.145,1425.732,,,,,,,,,,,,,,,,,,,,,,,,,,0.000,0.000,0.000,,,,,,,,,,,,,,,,,,,,,,,,,,,,,,,,,,,,167.742,0.605,19.897,0.965,,,,,,,,,,,,,,,,,,,,,,,,,,,,,,,,,,,,,,,
United Kingdom,1943,GBR,48703433,602251416000,,,,,,,,,,,,,,,,-2.927,-41.730,28416.930,1384.002,,,,,,,,,,,,,,,,,,,,,,,,,,0.000,0.000,0.000,,,,,,,,,,,,,,,,,,,,,,,,,,,,,,,,,,,,38.554,0.372,27.461,1.337,,,,,,,,,,,,,,,,,,,,,,,,,,,,,,,,,,,,,,,
United Kingdom,1944,GBR,48892093,578535848000,,,,,,,,,,,,,,,,-3.110,-43.038,27427.021,1340.964,,,,,,,,,,,,,,,,,,,,,,,,,,0.000,0.000,0.000,,,,,,,,,,,,,,,,,,,,,,,,,,,,,,,,,,,,-16.522,-0.221,22.836,1.116,,,,,,,,,,,,,,,,,,,,,,,,,,,,,,,,,,,,,,,
United Kingdom,1945,GBR,49081483,553149954000,,,,,,,,,,,,,,,,-5.178,-69.438,25906.439,1271.526,,,,,,,,,,,,,,,,,,,,,,,,,,0.000,0.000,0.000,,,,,,,,,,,,,,,,,,,,,,,,,,,,,,,,,,,,-23.958,-0.267,17.298,0.849,,,,,,,,,,,,,,,,,,,,,,,,,,,,,,,,,,,,,,,
United Kingdom,1946,GBR,49271606,529131967000,,,,,,,,,,,,,,,,3.993,50.767,26836.832,1322.294,,,,,,,,,,,,,,,,,,,,,,,,,,0.000,0.000,0.000,,,,,,,,,,,,,,,,,,,,,,,,,,,,,,,,,,,,-23.288,-0.198,13.218,0.651,,,,,,,,,,,,,,,,,,,,,,,,,,,,,,,,,,,,,,,
United Kingdom,1947,GBR,49462466,521286513000,,,,,,,,,,,,,,,,3.884,51.356,27771.566,1373.650,,,,,,,,,,,,,,,,,,,,,,,,,,0.000,0.000,0.000,,,,,,,,,,,,,,,,,,,,,,,,,,,,,,,,,,,,-16.071,-0.105,11.051,0.547,,,,,,,,,,,,,,,,,,,,,,,,,,,,,,,,,,,,,,,
United Kingdom,1948,GBR,49654066,537800542000,,,,,,,,,,,,,,,,6.067,83.343,29342.885,1456.994,,,,,,,,,,,,,,,,,,,,,,,,,,0.000,0.000,0.000,,,,,,,,,,,,,,,,,,,,,,,,,,,,,,,,,,,,-6.383,-0.035,10.306,0.512,,,,,,,,,,,,,,,,,,,,,,,,,,,,,,,,,,,,,,,
United Kingdom,1949,GBR,49851583,557859456000,,,,,,,,,,,,,,,,2.727,39.731,30023.605,1496.724,,,,,,,,,,,,,,,,,,,,,,,,,,0.000,0.000,0.000,,,,,,,,,,,,,,,,,,,,,,,,,,,,,,,,,,,,4.545,0.023,10.731,0.535,,,,,,,,,,,,,,,,,,,,,,,,,,,,,,,,,,,,,,,
United Kingdom,1950,GBR,50121020,554454747000,,,,,,,,,,,,,,,,0.534,7.990,30021.621,1504.714,,,,,,,,,,,,,,,,,,,,,,,,,,0.011,0.215,0.011,,,,,,,,,,,,,,,,,,,,,,,,,,,,,,,,,,,,0.000,0.000,10.674,0.535,,,,,,,,,,,,,,,,,,,,,,,,,,,,,,,,,,,,,,,
United Kingdom,1951,GBR,50346821,570992660000,,,,,,,,,,,,,,,,3.045,45.824,30797.145,1550.538,,,,,,,,,,,,,,,,,,,,,,,,,-100.000,-0.011,0.000,0.000,,,,,,,,,,,,,,,,,,,,,,,,,,,,,,,,,,,,-2.174,-0.012,10.395,0.523,,,,,,,,,,,,,,,,,,,,,,,,,,,,,,,,,,,,,,,
United Kingdom,1952,GBR,50496231,570010290000,,,,,,,,,,,,,,,,1.614,25.031,31201.725,1575.569,,,,,,,,,,,,,,,,,,,,,,,,,,0.000,0.000,0.000,,,,,,,,,,,,,,,,,,,,,,,,,,,,,,,,,,,,24.444,0.128,12.898,0.651,,,,,,,,,,,,,,,,,,,,,,,,,,,,,,,,,,,,,,,
United Kingdom,1953,GBR,50727035,592393437000,,,,,,,,,,,,,,,,-1.008,-15.884,30746.631,1559.685,,,,,,,,,,,,,,,,,,,,,,,,,,0.097,1.911,0.097,,,,,,,,,,,,,,,,,,,,,,,,,,,,,,,,,,,,-1.786,-0.012,12.610,0.640,,,,,,,,,,,,,,,,,,,,,,,,,,,,,,,,,,,,,,,
United Kingdom,1954,GBR,50958246,616540925000,,,,,,,,,,,,,,,,-0.052,-0.815,30591.135,1558.871,,,,,,,,,,,,,,,,,,,,,,,,,-100.000,-0.097,0.000,0.000,,,,,,,,,,,,,,,,,,,,,,,,,,,,,,,,,,,,7.273,0.047,13.465,0.686,,,,,,,,,,,,,,,,,,,,,,,,,,,,,,,,,,,,,,,
United Kingdom,1955,GBR,51176749,638913786000,,,,,,,,,,,,,,,,-1.100,-17.144,30125.533,1541.727,,,,,,,,,,,,,,,,,,,,,,,,,,0.323,6.315,0.323,,,,,,,,,,,,,,,,,,,,,,,,,,,,,,,,,,,,-8.475,-0.058,12.272,0.628,,,,,,,,,,,,,,,,,,,,,,,,,,,,,,,,,,,,,,,
United Kingdom,1956,GBR,51400458,646914576000,,,,,,,,,,,,,,,,0.172,2.650,30045.967,1544.376,,,,,,,,,,,,,,,,,,,,,,,,,-46.667,-0.151,3.354,0.172,,,,,,,,,,,,,,,,,,,,,,,,,,,,,,,,,,,,22.222,0.140,14.933,0.768,,,,,,,,,,,,,,,,,,,,,,,,,,,,,,,,,,,,,,,
United Kingdom,1957,GBR,51655911,657223970000,,,,,,,,,,,,,,,,0.731,11.283,30115.809,1555.660,,,,,,,,,,,,,,,,,,,,,,,,,81.250,0.140,6.048,0.312,,,,,,,,,,,,,,,,,,,,,,,,,,,,,,,,,,,,24.242,0.186,18.462,0.954,,,,,,,,,,,,,,,,,,,,,,,,,,,,,,,,,,,,,,,
United Kingdom,1958,GBR,51935640,655877096000,,,,,,,,,,,,,,,,-3.491,-54.307,28907.943,1501.353,,,,,,,,,,,,,,,,,,,,,,,,,65.517,0.205,9.957,0.517,,,,,,,,,,,,,,,,,,,,,,,,,,,,,,,,,,,,-2.439,-0.023,17.914,0.930,,,,,,,,,,,,,,,,,,,,,,,,,,,,,,,,,,,,,,,
United Kingdom,1959,GBR,52226466,682390104000,,,,,,,,,,,,,,,,-4.502,-67.589,27452.807,1433.763,,,,,,,,,,,,,,,,,,,,,,,,,29.167,0.151,12.789,0.668,,,,,,,,,,,,,,,,,,,,,,,,,,,,,,,,,,,,3.750,0.035,18.483,0.965,,,,,,,,,,,,,,,,,,,,,,,,,,,,,,,,,,,,,,,
United Kingdom,1960,GBR,52538548,721686160000,,,,,,,,,,,,,,,,-6.066,-86.965,25634.471,1346.798,,,,,,,,,,,,,,,,,,,,,,,,,27.419,0.183,16.199,0.851,,,,,,,,,,,,,,,,,,,,,,,,,,,,,,,,,,,,3.614,0.035,19.037,1.000,,,,,,,,,,,,,,,,,,,,,,,,,,,,,,,,,,,,,,,
United Kingdom,1961,GBR,52884952,745529226000,,,,,,,,,,,,,,,,-1.519,-20.464,25079.600,1326.333,,,,,,,,,,,,,,,,,,,,,,,,,3.797,0.032,16.704,0.883,,,,,,,,,,,,,,,,,,,,,,,,,,,,,,,,,,,,23.256,0.233,23.311,1.233,,,,,,,,,,,,,,,,,,,,,,,,,,,,,,,,,,,,,,,
United Kingdom,1962,GBR,53272836,753069252000,,,,,,,,,,,,,,,,3.553,47.118,25781.461,1373.452,,,,,,,,,,,,,,,,,,,,,,,,,45.122,0.399,24.065,1.282,,,,,,,,,,,,,,,,,,,,,,,,,,,,,,,,,,,,4.717,0.058,24.232,1.291,,,,,,,,,,,,,,,,,,,,,,,,,,,,,,,,,,,,,,,
United Kingdom,1963,GBR,53652939,782013375000,,,,,,,,,,,,,,,,-0.831,-11.420,25385.963,1362.031,,,,,,,,,,,,,,,,,,,,,,,,,33.613,0.431,31.926,1.713,,,,,,,,,,,,,,,,,,,,,,,,,,,,,,,,,,,,10.811,0.140,26.662,1.430,,,,,,,,,,,,,,,,,,,,,,,,,,,,,,,,,,,,,,,
United Kingdom,1964,GBR,54009130,823416741000,,,,,,,,,,,,,,,,-1.111,-15.138,24938.260,1346.894,,,,,,,,,,,,,,,,,,,,,,,,,11.950,0.205,35.506,1.918,,,,,,,,,,,,,,,,,,,,,,,,,,,,,,,,,,,,3.252,0.047,27.347,1.477,,,,,,,,,,,,,,,,,,,,,,,,,,,,,,,,,,,,,,,
United Kingdom,1965,GBR,54359022,844870750000,,,0.000,0.000,,,,0.000,,,,25116.846,1365.327,,,-3.165,-42.627,23993.566,1304.267,,58.990,,,,,,,42609.754,2.742,,,,,41568.836,2259.641,,97.630,,,8.595,,,158.108,6.180,0.119,37.457,2.036,,0.371,,,,12.811,84.843,4.612,235.676,,0.554,,,54.853,363.270,19.747,1009.083,,2.370,,,,,42.042,278.427,15.135,773.407,,1.816,,,885.720,,,16293.883,-33.858,-0.500,17.972,0.977,,38.268,0.000,0.000,,,,0.000,,0.000,,,0.000,,2316.225,,,12.811,84.843,4.612,235.676,,0.554,,,0.000,0.000,0.000,0.000,,0.000,,,0.000,0.000,0.000,0.000,,0.000
United Kingdom,1966,GBR,54676346,861009751000,,0.000,0.000,0.000,,,,0.000,,-4.827,-65.907,23765.668,1299.420,,,-6.882,-89.766,22212.555,1214.501,,55.878,,,,,0.487,11.275,42568.684,2.703,-0.129,-2.920,,,41274.172,2256.721,,97.043,-2.436,-0.209,8.385,,,153.361,-2.646,-0.054,36.255,1.982,,0.361,,-1.648,-0.211,12.600,82.961,4.536,230.447,,0.542,25.351,13.906,68.758,452.719,24.753,1257.552,,2.957,,,33.578,14.117,56.158,369.758,20.217,1027.105,,2.415,7.135,63.196,948.916,,,17355.143,-7.143,-0.070,16.591,0.907,,40.805,0.000,0.000,,,0.000,0.000,,0.000,,,0.000,,2327.500,-1.648,-0.211,12.600,82.961,4.536,230.447,,0.542,,0.000,0.000,0.000,0.000,0.000,,0.000,,0.000,0.000,0.000,0.000,0.000,,0.000
United Kingdom,1967,GBR,54973661,880333262000,,0.000,0.000,0.000,,,,0.000,,-6.586,-85.585,22080.297,1213.835,,,-1.404,-17.048,21782.311,1197.453,,52.187,,,,,0.031,0.714,42351.449,2.645,-0.399,-9.001,,,40887.223,2247.720,,96.637,68.239,5.722,14.107,,,256.617,253.261,5.020,127.381,7.003,,0.607,,7.694,0.969,13.569,88.861,4.885,246.835,,0.583,13.772,9.469,78.228,512.282,28.162,1423.005,,3.363,,,15.136,8.500,64.658,423.421,23.277,1176.169,,2.780,7.468,70.863,1019.779,,,18550.311,14.103,0.128,18.828,1.035,,43.844,0.000,0.000,,,0.000,0.000,,0.000,,,0.000,,2328.214,7.694,0.969,13.569,88.861,4.885,246.835,,0.583,,0.000,0.000,0.000,0.000,0.000,,0.000,,0.000,0.000,0.000,0.000,0.000,,0.000
United Kingdom,1968,GBR,55240654,916165902000,,0.000,0.000,0.000,,,,0.000,,0.076,0.919,21990.209,1214.754,,,-4.680,-56.039,20662.574,1141.414,,50.422,,,,,3.574,83.210,43653.074,2.632,3.487,78.384,,,42108.551,2326.104,,96.551,125.804,17.747,31.855,,,576.651,238.308,16.688,428.858,23.690,,1.322,,-23.808,-3.231,10.339,67.378,3.722,187.161,,0.429,6.214,4.861,83.089,541.485,29.912,1504.126,,3.449,,,12.514,8.092,72.750,474.107,26.190,1316.965,,3.020,5.856,59.717,1079.496,,,19541.691,-5.618,-0.058,17.685,0.977,,44.807,0.000,0.000,,,0.000,0.000,,0.000,,,0.000,,2411.424,-23.808,-3.231,10.339,67.378,3.722,187.161,,0.429,,0.000,0.000,0.000,0.000,0.000,,0.000,,0.000,0.000,0.000,0.000,0.000,,0.000
United Kingdom,1969,GBR,55456208,932854020000,,0.000,0.000,0.000,,,,0.000,,-2.528,-30.703,21351.086,1184.050,,,-8.244,-94.093,18885.561,1047.322,,47.430,,,,,3.621,87.306,45057.719,2.679,3.455,80.356,,,43393.875,2406.460,,96.397,94.852,30.215,62.069,,,1119.249,138.790,32.880,1020.091,56.570,,2.486,,-12.520,-1.294,9.044,58.713,3.256,163.092,,0.362,8.254,6.858,89.947,583.902,32.381,1621.950,,3.603,,,11.207,8.153,80.903,525.189,29.125,1458.859,,3.241,7.489,80.844,1160.340,,,20923.541,1.190,0.012,17.826,0.989,,46.480,0.000,0.000,,,0.000,0.000,,0.000,,,0.000,,2498.730,-12.520,-1.294,9.044,58.713,3.256,163.092,,0.362,,0.000,0.000,0.000,0.000,0.000,,0.000,,0.000,0.000,0.000,0.000,0.000,,0.000
United Kingdom,1970,GBR,55663801,954756384000,,0.000,0.000,0.000,,,,0.000,,-5.683,-67.291,20062.574,1116.759,,,-3.831,-40.128,18094.230,1007.194,,43.817,,,,,2.094,52.313,45829.477,2.672,2.384,57.361,,,44262.531,2463.821,,96.671,90.556,56.208,118.277,,,2124.848,93.558,52.926,1967.103,109.496,,4.641,,39.312,3.556,12.600,81.489,4.536,226.359,,0.494,-5.661,-5.092,84.856,548.795,30.548,1524.430,,3.329,,,-10.688,-8.647,72.256,467.305,26.012,1298.071,,2.835,5.899,68.444,1228.784,,,22075.107,83.529,0.826,32.594,1.814,,48.213,0.000,0.000,,,0.000,0.000,,0.000,,,0.000,,2551.043,39.312,3.556,12.600,81.489,4.536,226.359,,0.494,,0.000,0.000,0.000,0.000,0.000,,0.000,,0.000,0.000,0.000,0.000,0.000,,0.000
United Kingdom,1971,GBR,55890372,975018080000,,0.000,0.000,0.000,,,,0.000,,-11.376,-127.046,17708.113,989.713,,,-0.031,-0.308,18015.367,1006.886,,39.563,,,,,-1.850,-47.193,44799.301,2.568,-1.953,-48.113,,,43222.254,2415.708,,96.567,61.239,72.432,190.709,,,3412.193,66.182,72.467,3255.712,181.963,,7.623,,-25.639,-3.231,9.369,60.350,3.373,167.640,,0.375,1.221,1.036,85.892,553.244,30.921,1536.788,,3.433,,,5.905,4.267,76.522,492.893,27.548,1369.148,,3.059,0.529,6.502,1235.286,,,22101.949,35.897,0.651,44.114,2.466,,49.380,0.000,0.000,,,0.000,0.000,,0.000,,,0.000,,2503.850,-25.639,-3.231,9.369,60.350,3.373,167.640,,0.375,,0.000,0.000,0.000,0.000,0.000,,0.000,,0.000,0.000,0.000,0.000,0.000,,0.000
United Kingdom,1972,GBR,56079239,1009534158000,,0.000,0.000,0.000,,,,0.000,,-12.407,-122.790,15458.902,866.923,,,-17.159,-172.767,14873.935,834.119,,34.153,,,,,1.472,36.849,45305.508,2.517,1.310,31.656,,,43641.176,2447.364,,96.416,41.908,79.921,270.630,,,4825.852,44.292,80.596,4681.926,262.559,,10.662,,0.000,0.000,9.369,60.147,3.373,167.075,,0.369,5.918,5.083,90.975,584.013,32.751,1622.258,,3.584,,,6.643,5.083,81.606,523.866,29.378,1455.183,,3.215,6.033,74.524,1309.810,,,23356.424,57.075,1.407,69.059,3.873,,51.601,0.000,0.000,,,0.000,0.000,,0.000,,,0.000,,2540.698,0.000,0.000,9.369,60.147,3.373,167.075,,0.369,,0.000,0.000,0.000,0.000,0.000,,0.000,,0.000,0.000,0.000,0.000,0.000,,0.000
United Kingdom,1973,GBR,56188787,1077433280000,,0.000,0.000,0.000,,,,0.000,,8.312,72.060,16711.217,938.983,,,8.332,69.500,16081.831,903.619,,35.238,,,,,4.974,126.385,47466.469,2.475,5.268,128.928,,,45850.648,2576.292,,96.681,8.195,22.178,292.809,,,5211.155,8.575,22.516,5073.513,285.075,,10.988,,13.786,1.292,10.661,68.305,3.838,189.737,,0.400,-2.797,-2.544,88.431,566.572,31.835,1573.811,,3.319,,,-4.701,-3.836,77.769,498.267,27.997,1384.074,,2.918,2.649,34.690,1344.501,,,23928.277,11.712,0.454,76.997,4.326,,50.456,0.000,0.000,,,0.000,0.000,,0.000,,,0.000,,2667.083,13.786,1.292,10.661,68.305,3.838,189.737,,0.400,,0.000,0.000,0.000,0.000,0.000,,0.000,,0.000,0.000,0.000,0.000,0.000,,0.000
United Kingdom,1974,GBR,56224550,1062802272000,,0.000,0.000,0.000,,,,0.000,,-11.962,-112.323,14702.837,826.660,,,-16.317,-147.441,13449.240,756.177,,32.669,,,,,-5.021,-133.904,45054.680,2.383,-5.843,-150.540,,,43144.012,2425.752,,95.863,19.609,57.417,350.226,,,6229.055,20.602,58.732,6114.875,343.806,,13.841,,6.071,0.647,11.308,72.406,4.071,201.128,,0.447,18.385,16.258,104.689,670.312,37.688,1861.978,,4.137,,,20.074,15.611,93.381,597.906,33.617,1660.850,,3.690,-7.113,-95.635,1248.866,,,22212.117,10.215,0.442,84.808,4.768,,49.354,0.000,0.000,,,0.000,0.000,,0.000,,,0.000,,2533.179,6.071,0.647,11.308,72.406,4.071,201.128,,0.447,,0.000,0.000,0.000,0.000,0.000,,0.000,,0.000,0.000,0.000,0.000,0.000,,0.000
United Kingdom,1975,GBR,56220139,1061564060000,,0.000,0.000,0.000,,,,0.000,,0.598,4.943,14791.908,831.603,,,16.506,124.813,15670.375,880.991,,34.857,,,,,-5.721,-144.930,42480.316,2.250,-5.563,-134.937,,,40747.242,2290.816,,96.021,4.782,16.747,366.973,,,6527.430,4.130,14.200,6367.937,358.006,,15.382,,-5.723,-0.647,10.661,68.267,3.838,189.632,,0.447,-9.319,-9.756,94.933,607.896,34.176,1688.600,,3.979,,,-9.754,-9.108,84.272,539.629,30.338,1498.969,,3.532,-12.542,-156.627,1092.240,,,19427.904,282.439,13.468,324.365,18.236,,45.782,0.000,0.000,,,0.000,0.000,,0.000,,,0.000,,2388.249,-5.723,-0.647,10.661,68.267,3.838,189.632,,0.447,,0.000,0.000,0.000,0.000,0.000,,0.000,,0.000,0.000,0.000,0.000,0.000,,0.000
United Kingdom,1976,GBR,56201143,1085394066000,,0.000,0.000,0.000,,,,0.000,,1.764,14.665,15057.854,846.269,,,-3.794,-33.425,15080.933,847.566,,34.763,,,,,2.056,49.109,43368.484,2.246,1.333,30.540,,,41304.414,2321.355,,95.357,6.069,22.271,389.244,,,6925.917,5.899,21.120,6745.884,379.126,,15.989,,18.187,1.939,12.600,80.710,4.536,224.195,,0.518,19.063,18.097,113.031,724.024,40.691,2011.179,,4.643,,,19.174,16.158,100.431,643.314,36.155,1786.984,,4.125,-0.586,-6.397,1085.842,,,19320.643,676.084,123.290,2518.196,141.525,,44.604,0.000,0.000,,,0.000,0.000,,0.000,,,0.000,,2437.358,18.187,1.939,12.600,80.710,4.536,224.195,,0.518,,0.000,0.000,0.000,0.000,0.000,,0.000,,0.000,0.000,0.000,0.000,0.000,,0.000
United Kingdom,1977,GBR,56175829,1108973460000,,0.000,0.000,0.000,,,,0.000,,0.328,2.780,15114.119,849.048,,,-1.328,-11.256,14887.361,836.310,,34.238,,,,,1.870,45.590,44199.586,2.239,1.566,36.341,,,41969.945,2357.697,,95.074,6.286,24.470,413.714,,,7364.626,4.485,17.003,7051.599,396.129,,16.683,,-12.831,-1.617,10.983,70.386,3.954,195.517,,0.443,8.071,9.122,122.153,782.810,43.975,2174.472,,4.926,,,10.693,10.739,111.169,712.424,40.021,1978.955,,4.483,0.837,9.092,1094.934,,,19491.199,214.447,303.496,7921.947,445.022,,44.153,0.000,0.000,,,0.000,0.000,,0.000,,,0.000,,2482.948,-12.831,-1.617,10.983,70.386,3.954,195.517,,0.443,,0.000,0.000,0.000,0.000,0.000,,0.000,,0.000,0.000,0.000,0.000,0.000,,0.000
United Kingdom,1978,GBR,56175553,1148502816000,,0.000,0.000,0.000,,,,0.000,,-2.581,-21.911,14724.148,827.137,,,1.168,9.770,15061.355,846.080,,33.162,,,,,0.574,14.244,44453.375,2.174,0.926,21.835,,,42358.840,2379.531,,95.401,3.728,15.421,429.135,,,7639.184,-4.239,-16.794,6752.684,379.336,,17.205,,2.959,0.325,11.308,72.469,4.071,201.303,,0.453,-6.094,-7.444,114.708,735.106,41.295,2041.962,,4.599,,,-6.989,-7.769,103.400,662.637,37.224,1840.658,,4.146,2.587,28.324,1123.259,,,19995.508,41.137,183.068,11180.839,628.090,,45.034,0.000,0.000,,,0.000,0.000,,0.000,,,0.000,,2497.193,2.959,0.325,11.308,72.469,4.071,201.303,,0.453,,0.000,0.000,0.000,0.000,0.000,,0.000,,0.000,0.000,0.000,0.000,0.000,,0.000
United Kingdom,1979,GBR,56218759,1180113264000,,0.000,0.000,0.000,,,,0.000,,7.493,61.976,15815.245,889.113,,,-0.978,-8.271,14902.664,837.809,,34.053,,,,,4.679,116.846,46497.625,2.215,4.752,113.084,,,44337.785,2492.615,,95.467,9.561,41.031,470.166,,,8363.151,0.978,3.710,6813.485,383.046,,18.007,,5.699,0.644,11.953,76.540,4.303,212.612,,0.458,3.187,3.656,118.364,757.950,42.611,2105.416,,4.533,,,2.912,3.011,106.411,681.410,38.308,1892.804,,4.076,0.897,10.077,1133.336,,,20159.389,44.158,277.352,16105.690,905.442,,43.407,0.000,0.000,,,0.000,0.000,,0.000,,,0.000,,2614.039,5.699,0.644,11.953,76.540,4.303,212.612,,0.458,,0.000,0.000,0.000,0.000,0.000,,0.000,,0.000,0.000,0.000,0.000,0.000,,0.000
United Kingdom,1980,GBR,56282102,1160744168000,,0.000,0.000,0.000,,,,0.000,,-7.044,-62.628,14684.703,826.486,,,15.913,133.319,17254.660,971.129,,34.753,,,,,-8.910,-232.913,42306.977,2.051,-9.156,-228.235,,,40232.688,2264.380,,95.214,-0.297,-1.396,468.770,,,8328.942,-4.934,-18.899,6470.031,364.147,,19.711,,-8.111,-0.969,10.983,70.253,3.954,195.148,,0.462,-3.835,-4.539,113.825,728.064,40.977,2022.401,,4.786,,,-3.354,-3.569,102.842,657.811,37.023,1827.253,,4.324,-14.489,-164.212,969.124,,,17219.043,3.356,30.389,16627.510,935.831,,40.750,0.000,0.000,,,0.000,0.000,,0.000,,,0.000,,2381.125,-8.111,-0.969,10.983,70.253,3.954,195.148,,0.462,,0.000,0.000,0.000,0.000,0.000,,0.000,,0.000,0.000,0.000,0.000,0.000,,0.000
United Kingdom,1981,GBR,56304590,1145638001777,,0.000,0.000,0.000,,,,0.000,,-0.543,-4.489,14599.107,821.997,,,-6.580,-63.896,16112.950,907.233,,35.551,,,,,-2.769,-65.934,41119.059,2.021,-3.091,-69.993,,,38973.504,2194.387,,94.908,1.355,6.350,475.120,,,8438.396,-0.224,-0.814,6452.988,363.333,,20.549,,11.760,1.292,12.275,78.484,4.419,218.011,,0.531,3.443,3.919,117.744,752.834,42.388,2091.205,,5.092,,,2.555,2.628,105.469,674.350,37.969,1873.194,,4.562,-7.414,-71.854,897.270,,,15936.002,11.201,104.821,18482.551,1040.652,,38.807,0.000,0.000,,,0.000,0.000,,0.000,,,0.000,,2315.192,11.760,1.292,12.275,78.484,4.419,218.011,,0.531,,0.000,0.000,0.000,0.000,0.000,,0.000,,0.000,0.000,0.000,0.000,0.000,,0.000
United Kingdom,1982,GBR,56292761,1163414869531,,0.000,0.000,0.000,,,,0.000,,-6.735,-55.359,13618.767,766.638,,,-2.486,-22.551,15715.742,884.682,,33.599,,,,,-1.297,-30.022,40594.371,1.964,-2.160,-47.402,,,38139.629,2146.985,,94.095,-0.499,-2.372,472.748,,,8398.022,1.639,5.955,6560.122,369.287,,20.719,,2.648,0.325,12.600,80.579,4.536,223.830,,0.552,14.438,17.000,134.744,861.709,48.508,2393.637,,5.905,,,15.810,16.675,122.144,781.131,43.972,2169.807,,5.353,1.151,10.329,907.599,,,16122.839,15.354,159.785,21324.891,1200.437,,39.777,0.000,0.000,,,0.000,0.000,,0.000,,,0.000,,2285.169,2.648,0.325,12.600,80.579,4.536,223.830,,0.552,,0.000,0.000,0.000,0.000,0.000,,0.000,,0.000,0.000,0.000,0.000,0.000,,0.000
United Kingdom,1983,GBR,56332060,1204671082289,,0.000,0.000,0.000,,,,0.000,,0.930,7.129,13735.822,773.767,,,-4.434,-39.228,15008.406,845.454,,33.780,,,,,0.404,9.240,40730.074,1.905,-0.357,-7.660,,,37977.035,2139.325,,93.395,4.239,20.038,492.786,,,8747.885,3.112,11.490,6759.522,380.778,,21.513,,0.000,0.000,12.600,80.523,4.536,223.674,,0.550,12.278,16.544,151.289,966.838,54.464,2685.662,,6.605,,,13.545,16.544,138.689,886.316,49.928,2461.989,,6.055,-3.837,-34.828,872.771,,,15493.329,11.375,136.548,23733.994,1336.985,,38.102,0.000,0.000,,,0.000,0.000,,0.000,,,0.000,,2294.409,0.000,0.000,12.600,80.523,4.536,223.674,,0.550,,0.000,0.000,0.000,0.000,0.000,,0.000,,0.000,0.000,0.000,0.000,0.000,,0.000
United Kingdom,1984,GBR,56451312,1234772432695,,0.000,0.000,0.000,,,,0.000,,-28.942,-223.947,9739.719,549.820,,,-57.743,-488.193,6328.674,357.262,,24.016,,,,,-0.043,-0.992,40626.453,1.857,-0.584,-12.490,,,37675.551,2126.834,,92.900,2.310,11.386,504.172,,,8931.097,-2.242,-8.536,6594.025,372.241,,22.022,,0.000,0.000,12.600,80.352,4.536,223.201,,0.550,7.440,11.256,162.544,1036.575,58.516,2879.375,,7.100,,,8.114,11.253,149.942,956.205,53.979,2656.124,,6.549,22.924,200.071,1072.842,,,19004.736,9.660,129.151,25971.689,1466.136,,46.862,0.000,0.000,,,0.000,0.000,,0.000,,,0.000,,2293.417,0.022,0.003,12.603,80.370,4.537,223.251,,0.550,,0.003,0.003,0.018,0.001,0.050,,0.000,,0.000,0.000,0.000,0.000,0.000,,0.000
United Kingdom,1985,GBR,56606416,1278428360152,,0.000,0.000,0.000,,,,0.000,,33.004,181.463,12918.726,731.283,3129.733,177.163,84.160,300.670,11622.930,657.932,59.433,30.644,,,298.089,13.127,4.243,97.310,42234.191,1.870,3.707,78.839,4034.278,228.366,38965.070,2205.673,76.610,92.428,7.548,38.053,542.225,51.160,2.896,9578.869,11.572,43.078,7336.959,415.319,0.972,22.722,,-12.826,-1.616,10.984,69.854,3.954,194.040,1.327,0.460,11.167,18.151,180.695,1149.167,65.050,3192.130,21.822,7.572,,,13.183,19.767,169.708,1079.295,61.095,2998.041,20.496,7.112,-13.113,-140.678,932.165,853.384,48.307,16467.475,1.226,17.980,26218.158,1484.116,16.206,39.062,0.000,0.000,,,0.000,0.000,,0.000,0.000,,0.000,5265.993,2390.726,-12.823,-1.616,10.987,69.872,3.955,194.089,1.327,0.460,0.000,0.000,0.003,0.018,0.001,0.050,0.000,0.000,,0.000,0.000,0.000,0.000,0.000,0.000,0.000
United Kingdom,1986,GBR,56751926,1334598557867,,0.000,0.000,0.000,,,,0.000,,7.998,58.487,13916.180,789.770,3548.091,201.361,15.944,104.903,13441.569,762.835,66.882,32.200,,,301.071,12.871,2.774,66.329,43294.660,1.841,3.157,69.642,4129.181,234.339,40092.301,2275.315,77.835,92.769,1.664,9.025,551.250,30.713,1.743,9713.333,5.136,21.329,7693.983,436.648,0.579,22.476,,20.588,2.261,13.245,84.020,4.768,233.389,1.584,0.540,-1.848,-3.339,177.356,1125.042,63.848,3125.117,21.207,7.231,,,-3.300,-5.600,164.108,1041.004,59.079,2891.678,19.623,6.691,0.229,2.130,934.295,550.378,31.235,16462.787,-0.426,-6.315,26039.660,1477.801,10.375,38.093,0.000,0.000,,,0.000,0.000,,0.000,0.000,,0.000,5305.036,2457.055,20.583,2.261,13.248,84.038,4.769,233.438,1.584,0.540,0.000,0.000,0.003,0.018,0.001,0.049,0.000,0.000,,0.000,0.000,0.000,0.000,0.000,0.000,0.000
United Kingdom,1987,GBR,56886021,1398101055156,,0.000,0.000,0.000,,,,0.000,,2.446,19.317,14222.958,809.087,3690.256,209.924,-3.664,-27.947,12918.605,734.888,69.485,33.039,,,302.112,12.893,-0.168,-4.120,43120.188,1.754,0.374,8.502,4231.690,240.724,40147.242,2283.817,79.680,93.259,2.705,14.910,566.160,79.668,4.532,9952.533,4.693,20.492,8036.076,457.140,1.500,23.119,,-12.195,-1.615,11.630,73.600,4.187,204.444,1.386,0.475,-6.928,-12.288,165.069,1044.629,59.425,2901.748,19.670,6.741,,,-6.501,-10.669,153.439,971.029,55.238,2697.304,18.284,6.266,-2.753,-25.725,908.569,461.765,26.268,15971.753,-2.925,-43.229,25218.359,1434.572,8.695,37.101,0.000,0.000,,,0.000,0.000,,0.000,0.000,,0.000,5310.830,2452.936,-12.214,-1.618,11.630,73.600,4.187,204.444,1.386,0.475,-100.000,-0.003,0.000,0.000,0.000,0.000,0.000,0.000,,0.000,0.000,0.000,0.000,0.000,0.000,0.000
United Kingdom,1988,GBR,57026539,1467801408523,,0.000,0.000,0.000,,,,0.000,,-2.928,-23.690,13772.485,785.397,3566.304,203.374,0.180,1.326,12910.023,736.214,65.854,31.656,,,308.825,13.088,1.335,32.751,43588.254,1.693,0.323,7.366,4147.981,236.545,40177.488,2291.183,76.595,92.348,-4.747,-26.877,539.283,83.786,4.778,9456.704,-3.699,-16.910,7719.746,440.230,1.547,21.736,,16.667,1.938,13.568,85.655,4.885,237.930,1.582,0.547,15.005,24.769,189.838,1198.418,68.342,3328.938,22.130,7.652,,,14.877,22.828,176.267,1112.745,63.456,3090.958,20.548,7.105,6.376,57.933,966.503,497.891,28.393,16948.301,-7.209,-103.414,23342.785,1331.158,9.194,38.956,0.000,0.000,,,0.000,0.000,,0.000,0.000,,0.000,5415.461,2485.687,16.691,1.941,13.571,85.673,4.886,237.979,1.582,0.547,,0.003,0.003,0.018,0.001,0.049,0.000,0.000,,0.000,0.000,0.000,0.000,0.000,0.000,0.000
United Kingdom,1989,GBR,57182137,1499837502578,,0.000,0.000,0.000,,,,0.000,,-3.743,-29.401,13220.852,755.997,3496.511,199.938,-3.824,-28.156,12382.498,708.058,63.556,30.440,,,314.585,13.401,0.121,3.005,43522.199,1.659,-0.880,-20.163,4097.940,234.329,39715.543,2271.020,74.488,91.442,-2.273,-12.258,527.025,86.548,4.949,9216.604,-2.071,-9.118,7539.286,431.112,1.573,21.221,,-2.381,-0.323,13.245,83.388,4.768,231.633,1.516,0.533,11.954,22.694,212.531,1338.028,76.511,3716.744,24.321,8.558,,,13.045,22.994,199.261,1254.483,71.734,3484.674,22.803,8.023,2.224,21.495,987.998,514.881,29.442,17278.090,-19.875,-264.571,18652.455,1066.587,9.359,39.782,0.000,0.000,,,0.000,0.000,,0.000,0.000,,0.000,5501.456,2488.692,-2.217,-0.301,13.270,83.545,4.777,232.070,1.519,0.534,-100.000,-0.003,0.000,0.000,0.000,0.000,0.000,0.000,,0.025,0.025,0.157,0.009,0.437,0.003,0.001
United Kingdom,1990,GBR,57367867,1505692258761,,0.000,0.000,0.000,10.459,0.600,0.188,0.000,705.020,-0.091,-0.686,13166.087,755.310,3598.530,206.440,-7.291,-51.626,11442.506,656.432,64.563,30.170,331.690,5781.808,319.750,13.456,0.792,19.701,43724.711,1.666,1.486,33.750,4327.684,248.270,40175.273,2304.770,77.645,92.062,4.120,21.713,548.738,87.157,5.000,9565.255,10.421,44.927,8298.011,476.039,1.564,21.919,,7.317,0.969,14.214,89.249,5.120,247.777,1.601,0.568,-6.588,-13.794,198.737,1245.994,71.480,3464.264,22.355,7.938,11.940,3.600,-8.343,-16.625,182.636,1146.112,65.750,3183.596,20.563,7.295,1.288,12.723,1000.721,641.997,36.830,17443.932,-0.116,-1.233,18570.578,1065.354,11.518,39.973,1.862,0.600,0.000,,1.862,10.459,0.000,32.455,0.188,0.000,0.074,5573.678,2508.393,19.775,2.831,16.101,99.882,5.730,280.668,1.792,0.643,,0.000,0.000,0.000,0.000,0.000,0.000,0.000,0.000,0.000,0.025,0.174,0.010,0.436,0.003,0.001
United Kingdom,1991,GBR,57555199,1488075367051,,0.000,0.000,0.000,11.988,0.690,0.214,0.000,700.140,0.169,1.279,13145.462,756.590,3674.038,211.460,1.970,12.933,11629.960,669.365,65.492,29.599,339.290,5895.037,322.880,13.336,2.106,52.823,44500.176,1.721,1.764,40.646,4293.270,247.100,40750.715,2345.416,76.530,91.756,8.024,44.031,592.769,101.120,5.820,10299.147,11.341,53.986,9208.997,530.026,1.803,23.190,,-11.364,-1.615,12.599,78.881,4.540,218.906,1.406,0.493,6.023,11.989,210.727,1316.649,75.780,3661.296,23.470,8.244,16.410,4.837,7.291,13.317,195.953,1225.606,70.540,3404.606,21.847,7.666,-0.466,-4.665,996.056,518.111,29.820,17306.104,-0.376,-4.001,18440.625,1061.354,9.236,38.967,2.150,0.690,0.000,15.458,0.288,11.988,0.000,37.350,0.214,0.000,0.084,5609.919,2561.217,-8.553,-1.327,14.774,91.043,5.240,256.690,1.623,0.578,,0.000,0.000,0.000,0.000,0.000,0.000,0.000,0.000,0.000,0.025,0.174,0.010,0.434,0.003,0.001
United Kingdom,1992,GBR,57719273,1491752084171,,0.000,0.000,0.000,16.112,0.930,0.290,0.000,665.120,-5.975,-45.206,12324.892,711.384,3354.859,193.640,-10.496,-70.257,10379.684,599.108,60.316,28.010,337.730,5851.252,321.040,13.424,-0.620,-15.889,44098.398,1.706,-1.574,-36.928,4122.020,237.920,39995.090,2308.487,74.109,90.896,-0.481,-2.849,589.920,217.951,12.580,10220.506,1.692,8.967,9338.170,538.992,3.919,23.228,,17.949,2.261,14.861,92.690,5.350,257.463,1.666,0.585,9.698,20.498,231.224,1440.074,83.120,4006.017,25.891,9.104,16.690,4.942,8.880,17.400,213.353,1330.751,76.810,3696.387,23.925,8.401,1.117,11.127,1007.183,549.210,31.700,17449.691,3.277,34.785,18990.869,1096.139,9.874,39.657,2.919,0.930,0.000,35.805,0.770,16.112,0.000,50.579,0.290,0.000,0.115,5562.094,2545.327,20.724,3.098,17.872,109.322,6.310,309.630,1.965,0.704,,0.000,0.000,0.000,0.000,0.000,0.000,0.000,266.667,0.067,0.092,0.520,0.030,1.588,0.009,0.004
United Kingdom,1993,GBR,57861037,1527509015289,,0.000,0.000,0.000,20.739,1.200,0.371,0.000,608.210,-12.919,-91.900,10706.403,619.484,2959.677,171.250,-19.269,-115.439,8359.139,483.668,53.001,24.119,339.830,5873.209,323.110,13.468,1.155,29.398,44498.426,1.686,-0.195,-4.493,3941.167,228.040,39819.445,2303.994,70.577,89.702,13.960,82.352,672.272,588.306,34.040,11618.736,17.570,94.703,10952.023,633.695,10.535,26.174,,-19.565,-2.908,11.953,74.316,4.300,206.582,1.331,0.465,14.373,33.278,264.502,1643.075,95.070,4571.338,29.423,10.298,16.720,4.920,16.334,34.850,248.203,1544.217,89.350,4289.636,27.653,9.663,0.502,5.055,1012.239,393.183,22.750,17494.307,6.300,69.059,20137.871,1165.198,7.041,39.410,3.744,1.200,0.000,28.238,0.824,20.739,0.000,64.702,0.371,0.000,0.146,5584.241,2574.725,-9.481,-1.572,16.300,98.858,5.720,281.702,1.770,0.635,,0.000,0.000,0.000,0.000,0.000,0.000,0.000,557.576,0.511,0.603,3.802,0.220,10.418,0.068,0.023
United Kingdom,1994,GBR,58003200,1585373248060,,0.000,0.000,0.000,26.205,1.520,0.465,0.000,588.960,-6.631,-41.077,9971.974,578.406,2781.571,161.340,-28.576,-138.211,5955.835,345.458,49.406,22.795,343.450,5921.225,326.560,13.793,-1.200,-30.902,43856.598,1.605,-1.375,-31.669,3987.711,231.300,39175.863,2272.325,70.829,89.551,2.972,19.980,692.253,918.225,53.260,11934.729,6.761,42.845,11663.845,676.540,16.309,27.281,,18.919,2.261,14.214,88.271,5.120,245.063,1.568,0.560,0.200,0.641,265.143,1642.323,95.260,4571.180,29.171,10.449,16.890,4.918,-1.199,-2.975,245.228,1521.985,88.280,4227.832,27.033,9.664,-1.044,-10.572,1001.667,287.915,16.700,17269.160,26.303,306.485,25372.453,1471.683,5.114,39.475,4.745,1.520,0.000,26.753,1.002,26.205,0.000,81.811,0.465,0.000,0.187,5630.034,2543.823,22.063,3.616,19.915,120.338,6.980,343.348,2.137,0.785,,0.000,0.000,0.000,0.000,0.000,0.000,0.000,58.525,0.353,0.956,5.862,0.340,16.474,0.104,0.038
United Kingdom,1995,GBR,58154632,1623858039641,,0.000,0.000,0.000,28.201,1.640,0.486,0.000,579.460,-4.580,-26.493,9490.443,551.913,2668.919,155.210,10.258,35.437,6549.678,380.894,45.999,21.676,353.730,6082.577,337.420,14.204,0.343,8.722,43892.383,1.572,0.336,7.628,4157.537,241.780,39205.016,2279.953,71.656,89.543,6.621,45.834,738.086,1096.043,63.740,12691.789,9.447,63.913,12732.493,740.453,18.890,28.988,,-9.091,-1.292,12.922,79.959,4.650,222.204,1.378,0.508,0.407,1.120,266.263,1644.581,95.640,4578.540,28.344,10.457,16.310,4.611,0.773,1.894,247.122,1529.715,88.960,4249.398,26.365,9.705,-1.169,-11.713,989.954,392.574,22.830,17022.781,2.649,38.984,25976.730,1510.667,6.766,38.879,5.130,1.640,0.000,8.107,0.385,28.201,0.000,88.213,0.486,0.000,0.201,5802.118,2552.545,-4.214,-0.774,19.141,114.866,6.680,329.142,1.980,0.752,,0.000,0.000,0.000,0.000,0.000,0.000,0.000,13.953,0.133,1.089,6.706,0.390,18.724,0.116,0.043
United Kingdom,1996,GBR,58298563,1663446715470,,0.000,0.000,0.000,30.876,1.800,0.513,0.000,556.530,-6.511,-35.937,8850.588,515.977,2526.134,147.270,-4.933,-18.789,6211.210,362.105,41.973,19.326,367.620,6305.816,350.870,14.087,4.848,123.750,45906.703,1.609,4.845,110.466,4297.019,250.510,41003.051,2390.419,71.397,89.535,16.496,121.754,859.841,1442.403,84.090,14748.919,18.928,140.154,15105.136,880.608,23.966,32.206,,-27.000,-3.489,9.433,58.320,3.400,161.809,0.969,0.353,4.924,13.140,279.403,1721.483,100.360,4792.625,28.603,10.465,16.750,4.556,6.415,15.853,262.975,1623.882,94.670,4510.831,26.982,9.850,2.490,24.648,1014.602,328.482,19.150,17403.543,-0.118,-1.779,25882.076,1508.888,5.458,38.003,5.639,1.800,0.000,9.929,0.509,30.876,0.000,96.733,0.513,0.000,0.211,6018.501,2676.295,-14.913,-2.713,16.428,97.601,5.690,281.793,1.622,0.615,,0.000,0.000,0.000,0.000,0.000,0.000,0.000,24.490,0.267,1.356,8.405,0.490,23.252,0.140,0.051
United Kingdom,1997,GBR,58447091,1713864597603,,0.000,0.000,0.000,36.101,2.110,0.602,0.000,511.990,-10.815,-55.801,7873.375,460.176,2086.845,121.970,-2.672,-9.676,6029.877,352.429,34.782,17.543,367.240,6283.290,350.670,14.400,-1.730,-46.296,44997.941,1.535,-2.536,-60.617,4197.643,245.340,39861.719,2329.802,69.963,88.819,2.831,24.342,884.182,1898.469,110.960,15127.911,2.033,17.901,15373.026,898.509,31.642,33.708,,29.452,2.778,12.212,75.282,4.400,208.933,1.255,0.466,4.942,13.882,293.285,1802.143,105.330,5017.960,30.037,11.181,16.570,4.512,3.671,9.653,272.628,1679.297,98.150,4664.522,27.989,10.393,-2.874,-29.158,985.443,212.329,12.410,16860.432,-1.432,-21.609,25446.592,1487.279,3.539,37.568,6.593,2.110,0.000,16.912,0.954,36.101,0.000,112.805,0.602,0.000,0.251,5999.786,2629.999,26.094,4.229,20.657,122.846,7.180,353.438,2.048,0.788,,0.000,0.000,0.000,0.000,0.000,0.000,0.000,36.680,0.497,1.853,11.463,0.670,31.700,0.191,0.071
United Kingdom,1998,GBR,58626822,1766619867063,,0.000,0.000,0.000,45.201,2.650,0.731,0.000,509.580,-2.496,-11.485,7653.344,448.691,2097.504,122.970,-15.003,-52.873,5109.531,299.556,33.903,16.967,375.420,6403.554,362.710,14.797,0.822,21.619,45228.754,1.501,0.572,13.325,4342.210,254.570,39966.797,2343.126,70.186,88.606,3.984,35.223,919.405,2009.319,117.800,15682.325,5.060,45.464,16101.387,943.973,32.478,34.768,,16.412,2.004,14.216,87.332,5.120,242.476,1.412,0.538,2.674,8.011,301.296,1844.548,108.140,5139.217,29.814,11.394,12.710,3.386,1.365,3.722,276.350,1697.005,99.490,4713.710,27.430,10.450,-1.057,-10.413,975.030,235.387,13.800,16631.129,3.714,55.242,26310.854,1542.522,3.805,36.871,8.294,2.650,0.000,25.803,1.701,45.201,0.000,141.477,0.731,0.000,0.314,6186.758,2651.618,20.576,4.289,24.946,147.543,8.650,425.506,2.385,0.943,,0.000,0.000,0.000,0.000,0.000,0.000,0.000,31.484,0.583,2.436,15.010,0.880,41.553,0.243,0.092
United Kingdom,1999,GBR,58838663,1823341961805,,0.000,0.000,0.000,58.295,3.430,0.932,0.000,492.330,-11.093,-49.774,6779.847,398.917,1804.596,106.180,-9.853,-29.516,4589.500,270.040,28.842,15.155,382.390,6498.958,368.150,15.059,-0.468,-12.399,44855.188,1.447,-0.132,-3.088,4476.648,263.400,39770.414,2340.038,71.547,88.901,6.469,59.472,978.877,2428.675,142.900,16636.627,9.894,93.394,17630.703,1037.367,38.816,37.189,,4.259,0.606,14.821,90.757,5.340,251.894,1.450,0.563,-3.131,-9.137,292.159,1780.292,104.750,4965.427,28.453,11.099,14.240,3.724,-4.375,-12.092,264.258,1616.794,95.130,4491.233,25.840,10.039,-1.311,-12.786,962.244,243.377,14.320,16353.939,3.367,51.940,27098.871,1594.461,3.890,36.557,10.716,3.430,0.000,29.195,2.422,58.295,0.000,182.124,0.932,0.000,0.407,6256.940,2639.219,11.179,2.955,27.901,163.498,9.620,474.194,2.613,1.060,,0.003,0.003,0.000,0.000,0.047,0.000,0.000,-3.079,-0.075,2.361,14.446,0.850,40.129,0.231,0.090
United Kingdom,2000,GBR,59057333,1889565292321,,0.000,0.000,0.000,65.699,3.880,1.029,0.000,521.990,7.077,28.231,7232.765,427.148,2031.077,119.950,-15.796,-42.656,3850.219,227.384,31.812,16.072,391.230,6624.580,377.060,15.158,0.943,24.897,45110.676,1.410,2.243,52.481,4776.545,282.090,40511.805,2392.519,74.813,90.022,3.529,34.540,1013.417,2507.394,148.080,17159.887,9.372,97.224,19211.678,1134.590,39.272,38.131,196.820,-4.683,-0.694,14.127,86.187,5.090,239.209,1.350,0.532,-9.328,-26.985,265.174,1608.098,94.970,4490.106,25.187,9.978,14.170,3.622,-10.585,-27.973,236.285,1440.295,85.060,4000.950,22.559,8.891,-1.069,-10.290,951.954,238.074,14.060,16119.154,-7.917,-126.232,24861.088,1468.229,3.729,35.819,12.131,3.880,0.000,13.202,1.415,65.699,0.000,205.404,1.029,0.000,0.456,6384.643,2664.116,3.108,0.987,28.888,167.803,9.910,489.156,2.628,1.087,0.000,0.000,0.003,0.000,0.000,0.047,0.000,0.000,11.294,0.267,2.628,15.917,0.940,44.495,0.249,0.099
United Kingdom,2001,GBR,59288095,1939268312671,,0.000,0.000,0.000,76.407,4.530,1.177,0.000,528.990,5.946,25.398,7632.989,452.545,2217.309,131.460,2.134,4.853,3917.089,232.237,34.166,16.851,395.170,6665.250,384.770,15.340,1.039,27.690,45402.137,1.388,0.673,16.107,4809.397,285.140,40625.801,2408.626,74.107,89.689,-0.482,-4.885,1008.532,2393.567,141.910,17010.699,-2.332,-26.454,18690.713,1108.137,36.882,37.554,203.540,-20.274,-2.926,11.201,68.311,4.050,188.920,1.053,0.417,4.910,11.717,276.891,1680.438,99.630,4670.255,25.893,10.311,10.400,2.632,5.913,12.589,248.875,1519.529,90.090,4197.720,23.414,9.267,-0.463,-4.405,947.549,198.522,11.770,15982.114,-7.578,-111.260,22887.725,1356.970,3.059,35.284,14.144,4.530,0.000,16.595,2.013,76.407,0.000,238.560,1.177,0.000,0.527,6489.835,2691.806,-3.701,-0.873,28.016,160.909,9.540,472.535,2.479,1.043,100.000,0.003,0.006,0.000,0.000,0.093,0.000,0.000,2.008,0.038,2.666,16.192,0.960,44.963,0.249,0.099
United Kingdom,2002,GBR,59540764,1983994308619,,0.018,0.304,0.018,85.320,5.080,1.312,0.001,520.890,-8.228,-37.237,6975.195,415.308,2087.309,124.280,-5.815,-13.505,3673.654,218.732,32.094,15.827,395.650,6645.027,387.240,15.806,-2.265,-60.966,44185.527,1.326,-2.397,-57.733,4841.557,288.270,39483.762,2350.893,74.442,89.591,-1.308,-13.190,995.341,2557.575,152.280,16716.975,-2.100,-23.272,18220.533,1084.865,39.324,37.932,201.710,18.074,1.916,13.116,80.449,4.790,220.293,1.237,0.500,-0.647,-3.743,273.148,1662.223,98.970,4587.577,25.558,10.409,8.410,2.126,-2.491,-8.194,240.680,1475.460,87.850,4042.281,22.686,9.172,-0.771,-7.306,940.243,196.672,11.710,15791.589,-0.629,-8.538,22647.203,1348.432,3.024,35.832,15.875,5.080,0.000,12.243,1.732,85.320,0.000,266.629,1.312,0.000,0.605,6503.779,2630.840,16.758,4.452,32.467,186.763,11.120,545.296,2.872,1.237,50.000,0.003,0.008,0.000,0.000,0.138,0.000,0.000,30.466,0.784,3.449,20.994,1.250,57.932,0.323,0.131
United Kingdom,2003,GBR,59820385,2050625402735,950.000,0.172,3.175,0.190,103.142,6.170,1.549,0.007,536.780,6.703,27.840,7407.982,443.148,2314.596,138.460,-6.230,-13.628,3428.675,205.105,34.771,16.645,400.370,6692.869,398.210,16.002,1.440,37.894,44612.457,1.301,1.618,38.029,4995.454,298.830,39934.926,2388.923,75.043,89.729,0.276,2.750,998.092,2488.784,148.880,16684.812,-0.627,-6.803,18021.633,1078.061,37.387,37.489,213.750,-32.580,-4.322,8.795,53.995,3.230,147.021,0.811,0.330,0.578,0.299,273.447,1661.307,99.380,4571.138,24.957,10.271,2.160,0.540,0.954,0.971,241.652,1482.605,88.690,4039.625,22.272,9.077,0.791,7.439,947.682,192.075,11.490,15842.132,-8.514,-114.804,20622.203,1233.628,2.885,35.595,19.293,6.170,0.000,21.527,3.417,103.142,0.000,322.512,1.549,0.000,0.725,6656.761,2668.734,-2.380,-0.672,31.795,178.702,10.690,531.512,2.685,1.194,0.000,-0.000,0.008,0.000,0.000,0.137,0.000,0.000,2.303,0.060,3.510,21.565,1.290,58.668,0.324,0.132
United Kingdom,2004,GBR,60169964,2099526641365,-9.524,-0.018,2.856,0.172,122.320,7.360,1.868,0.006,536.020,-2.402,-10.643,7188.067,432.506,2190.295,131.790,-16.000,-32.818,2863.337,172.287,33.456,16.111,401.410,6671.269,393.920,15.629,0.821,21.917,44717.523,1.282,1.560,37.276,4982.220,299.780,40322.422,2426.199,76.102,90.375,2.183,21.787,1019.879,2610.272,157.060,16949.971,-6.394,-68.930,16771.348,1009.131,39.871,37.990,211.150,50.090,4.334,13.129,80.439,4.840,218.192,1.229,0.489,-5.269,-15.069,258.378,1564.568,94.140,4294.136,23.898,9.625,7.490,1.866,-9.795,-24.852,216.800,1329.567,80.000,3603.123,20.309,8.076,2.757,26.131,973.814,181.652,10.930,16184.384,-10.086,-124.428,18434.441,1109.200,2.775,36.274,23.012,7.360,0.000,19.279,3.719,122.320,0.000,382.453,1.868,0.000,0.857,6546.788,2690.652,31.619,9.783,41.578,235.001,14.140,691.013,3.590,1.549,33.333,0.003,0.011,0.000,0.000,0.180,0.000,0.000,50.543,1.745,5.255,32.242,1.940,87.332,0.492,0.196
United Kingdom,2005,GBR,60596107,2161729510824,371.443,0.638,13.369,0.810,150.175,9.100,2.284,0.030,535.260,1.840,7.958,7268.838,440.463,2221.925,134.640,-18.468,-31.818,2318.116,140.469,33.799,16.278,406.670,6711.157,398.350,15.711,0.819,22.031,44766.613,1.255,0.408,9.896,4947.512,299.800,40202.164,2436.095,75.260,90.031,-2.551,-26.014,993.866,2518.974,152.640,16401.475,-8.497,-85.741,15238.442,923.390,38.318,36.730,213.220,1.619,0.105,13.234,81.193,4.920,218.390,1.235,0.489,5.355,11.363,269.741,1626.342,98.550,4451.464,24.740,9.969,8.320,2.046,2.024,2.604,219.404,1346.951,81.620,3620.752,20.490,8.109,2.870,27.952,1001.766,206.614,12.520,16531.852,-11.170,-123.893,16260.230,985.307,3.143,37.022,28.445,9.100,0.000,23.607,5.432,150.175,0.000,469.414,2.284,0.000,1.051,6573.855,2712.682,23.962,8.760,50.338,279.391,16.930,830.711,4.250,1.860,100.000,0.011,0.022,0.165,0.010,0.355,0.003,0.001,50.181,2.573,7.828,47.858,2.900,129.182,0.728,0.289
United Kingdom,2006,GBR,61051093,2212618867772,154.678,1.253,33.795,2.063,152.004,9.280,2.336,0.077,559.340,9.201,40.526,7878.468,480.989,2438.122,148.850,-10.193,-14.318,2066.317,126.151,37.468,18.002,404.790,6630.348,397.270,15.821,-1.266,-34.345,43870.426,1.210,-0.846,-20.602,4974.850,303.720,39565.098,2415.492,76.452,90.403,-5.158,-51.263,942.602,2306.756,140.830,15439.566,-9.303,-85.906,13717.759,837.484,35.449,35.278,222.210,-6.693,-0.952,12.282,75.183,4.590,201.173,1.155,0.460,-3.766,-13.311,256.431,1532.323,93.550,4200.264,23.548,9.597,7.520,1.858,-7.556,-17.664,201.740,1235.850,75.450,3304.441,18.992,7.550,-0.985,-9.865,991.901,229.971,14.040,16247.061,-9.612,-94.706,14587.786,890.600,3.534,37.123,28.990,9.280,0.000,1.918,0.546,152.004,0.000,474.853,2.336,0.000,1.085,6507.172,2678.337,13.659,4.353,54.691,296.473,18.100,895.823,4.556,2.047,37.500,0.008,0.029,0.164,0.010,0.482,0.003,0.001,45.467,3.498,11.326,69.122,4.220,185.520,1.062,0.424
United Kingdom,2007,GBR,61535859,2267631534502,95.130,1.963,65.424,4.026,151.456,9.320,2.349,0.155,556.060,-5.842,-28.098,7359.794,452.891,2209.118,135.940,-6.318,-7.970,1920.527,118.181,34.258,17.429,402.020,6533.101,396.810,16.151,-2.768,-74.145,42319.914,1.148,-1.880,-45.420,5104.341,314.100,38515.309,2370.073,79.156,91.212,1.104,10.403,953.005,2694.201,165.790,15486.994,-9.858,-82.556,12268.105,754.928,41.781,36.676,220.650,10.535,1.222,13.503,82.553,5.080,219.441,1.280,0.520,-9.293,-28.070,228.360,1344.094,82.710,3711.013,20.844,8.788,5.210,1.296,-16.464,-34.111,167.629,1024.281,63.030,2724.080,15.884,6.451,-2.795,-27.725,964.176,201.021,12.370,15668.520,-0.004,-0.032,14472.347,890.568,3.117,37.106,29.139,9.320,0.000,0.513,0.149,151.456,0.000,473.530,2.349,0.000,1.121,6448.435,2604.192,17.517,6.041,60.732,319.814,19.680,986.934,4.960,2.337,27.273,0.008,0.037,0.163,0.010,0.605,0.003,0.001,24.500,2.700,14.026,85.641,5.270,227.934,1.328,0.540
United Kingdom,2008,GBR,62027303,2252034759561,129.506,5.214,148.963,9.240,155.577,9.650,2.481,0.362,554.380,-7.189,-32.558,6776.585,420.333,2005.246,124.380,5.690,6.724,2013.719,124.906,31.978,16.464,399.980,6448.451,388.960,16.030,-1.742,-45.376,41253.062,1.136,-1.150,-27.266,5070.832,314.530,37770.570,2342.807,80.864,91.766,2.657,25.320,978.326,2841.007,176.220,15772.500,-3.606,-27.223,11732.021,727.706,45.305,38.320,215.630,1.258,0.062,13.565,82.867,5.140,218.696,1.321,0.531,-3.589,-18.145,210.215,1199.955,74.430,3389.072,19.136,8.234,11.020,2.755,-16.727,-29.144,138.485,846.240,52.490,2232.646,13.495,5.424,-2.077,-20.028,944.148,224.579,13.930,15221.483,-6.250,-55.664,13460.268,834.904,3.581,36.982,30.154,9.650,0.000,3.483,1.015,155.577,0.000,486.141,2.481,0.000,1.181,6270.787,2558.816,31.325,10.998,71.730,353.715,21.940,1156.427,5.641,2.810,21.429,0.008,0.045,0.322,0.020,0.723,0.005,0.002,34.575,4.700,18.726,114.949,7.130,301.903,1.833,0.733
United Kingdom,2009,GBR,62506222,2151479208521,-93.625,-8.651,9.424,0.589,171.343,10.710,2.843,0.024,504.650,-17.519,-73.638,5546.568,346.695,1648.476,103.040,-2.358,-2.945,1951.179,121.961,27.349,14.351,379.620,6073.315,376.760,16.691,-5.315,-136.005,38761.125,1.126,-7.706,-180.537,4518.271,282.420,34592.875,2162.270,74.960,89.504,-6.755,-66.089,912.237,2663.735,166.500,14594.338,-15.892,-115.648,9791.945,612.057,44.193,37.761,190.130,1.687,0.156,13.722,83.672,5.230,219.522,1.388,0.568,13.512,43.351,253.566,1509.290,94.340,4056.645,25.040,10.496,2.860,0.753,31.650,42.874,181.359,1105.490,69.100,2901.451,18.341,7.507,-4.322,-40.810,903.338,206.059,12.880,14451.970,-5.001,-41.755,12689.120,793.149,3.419,37.392,33.484,10.710,0.000,11.044,3.330,171.343,0.000,535.694,2.843,0.000,1.386,6027.560,2422.812,-17.055,0.477,72.207,403.800,25.240,1155.193,6.699,2.989,17.648,0.008,0.052,0.320,0.020,0.840,0.005,0.002,30.769,5.633,24.360,148.465,9.280,389.713,2.463,1.008
United Kingdom,2010,GBR,63006482,2190919919855,-6.475,-0.038,8.744,0.551,194.583,12.260,3.209,0.022,517.200,2.340,8.114,5631.306,354.809,1707.602,107.590,3.501,4.270,2003.462,126.231,28.160,14.375,384.720,6106.039,382.060,16.467,2.160,52.335,39283.996,1.130,3.193,69.046,4662.060,293.740,35414.070,2231.316,76.883,90.401,7.968,72.692,984.928,2787.808,175.650,15632.177,-5.400,-33.048,9189.679,579.009,45.974,39.904,197.600,-31.304,-4.369,9.353,56.978,3.590,148.438,0.940,0.379,-6.383,-16.628,236.938,1401.760,88.320,3760.529,23.117,9.599,2.660,0.691,-10.070,-19.537,161.822,986.248,62.140,2568.340,16.264,6.556,-1.302,-11.759,891.579,166.650,10.500,14150.590,-7.679,-60.905,11621.718,732.244,2.748,36.122,38.322,12.260,0.000,14.447,4.838,194.583,0.000,608.220,3.209,0.000,1.553,6063.820,2475.146,3.477,2.909,75.116,415.513,26.180,1192.189,6.852,3.043,101.383,0.052,0.105,0.635,0.040,1.665,0.010,0.004,10.825,2.426,26.786,163.317,10.290,425.123,2.693,1.085
United Kingdom,2011,GBR,63509285,2223011392593,52.949,0.292,13.267,0.843,209.576,13.310,3.617,0.036,499.630,0.816,2.895,5632.311,357.704,1707.467,108.440,0.935,1.180,2006.185,127.411,29.470,15.394,374.190,5891.895,367.970,17.108,-5.776,-142.958,36722.008,1.049,-8.313,-185.485,4153.566,263.790,32213.102,2045.831,71.688,88.041,-16.828,-165.743,819.185,2306.749,146.500,12898.670,-20.411,-118.184,7256.030,460.825,39.813,35.253,183.850,58.484,5.393,14.745,89.593,5.690,232.178,1.546,0.635,18.189,40.948,277.886,1640.390,104.180,4375.511,28.312,11.959,6.220,1.662,11.009,16.884,178.706,1086.141,68.980,2813.853,18.746,7.691,-2.539,-22.637,868.942,139.350,8.850,13682.120,-17.454,-127.804,9517.337,604.439,2.405,37.394,41.606,13.310,0.000,8.569,3.284,209.576,0.000,655.111,3.617,0.000,1.790,5793.956,2332.188,34.879,24.064,99.180,554.250,35.200,1561.658,9.566,4.268,504.968,0.526,0.631,3.779,0.240,9.940,0.065,0.027,55.197,14.569,41.355,251.302,15.960,651.162,4.337,1.780
United Kingdom,2012,GBR,63960488,2255210551431,-3.607,-0.030,12.699,0.812,230.455,14.740,4.051,0.034,537.230,26.153,93.550,7055.203,451.254,2232.472,142.790,-8.231,-10.487,1828.075,116.925,39.242,19.072,375.730,5874.408,363.870,16.677,1.842,42.958,37134.582,1.053,1.150,23.521,3943.372,252.220,32353.602,2069.352,69.316,87.462,-6.128,-50.198,768.987,1566.123,100.170,12022.853,-14.952,-68.901,6127.593,391.924,27.529,32.502,195.480,-6.723,-1.062,13.683,83.020,5.310,213.932,1.459,0.578,7.074,18.764,296.649,1745.609,111.650,4638.011,30.684,12.538,11.860,3.157,2.065,2.751,181.456,1100.836,70.410,2837.007,19.350,7.669,-2.282,-19.831,849.110,144.777,9.260,13275.547,-14.261,-86.197,8102.540,518.242,2.545,35.888,46.056,14.740,0.000,10.697,4.451,230.455,0.000,720.073,4.051,0.000,1.947,5688.981,2375.146,16.656,16.013,115.193,644.773,41.240,1801.004,11.334,4.869,455.587,2.858,3.489,21.107,1.350,54.551,0.371,0.147,24.332,9.798,51.152,310.191,19.840,799.750,5.452,2.162
United Kingdom,2013,GBR,64389386,2296252599482,1358.741,11.036,184.007,11.848,281.102,18.100,5.052,0.498,506.920,-3.619,-16.330,6754.600,434.925,2023.004,130.260,-24.658,-28.832,1368.128,88.093,36.357,18.295,372.710,5788.376,358.280,16.479,0.561,13.327,37094.207,1.040,-1.492,-30.866,3641.283,234.460,31658.725,2038.486,65.440,85.748,-0.745,-5.730,763.258,1488.444,95.840,11853.780,-5.644,-22.120,5743.242,369.804,26.750,32.106,181.620,-11.444,-1.659,12.024,72.993,4.700,186.744,1.312,0.506,20.632,42.149,338.799,1922.988,123.820,5261.718,34.560,14.252,14.430,3.872,0.287,-0.876,180.580,1096.609,70.610,2804.504,19.708,7.596,-1.037,-8.807,840.304,129.835,8.360,13050.343,-8.784,-45.525,7341.544,472.717,2.333,35.347,56.578,18.100,0.000,22.845,10.522,281.102,0.000,878.682,5.052,0.000,2.380,5564.271,2388.473,54.688,43.025,158.219,826.378,53.210,2457.214,14.852,6.655,48.494,1.652,5.141,31.216,2.010,79.848,0.561,0.216,43.079,21.475,72.627,441.066,28.400,1127.934,7.927,3.055
United Kingdom,2014,GBR,64865914,2369725553442,14.240,1.687,208.665,13.535,348.719,22.620,6.691,0.603,462.880,-19.252,-83.730,5414.156,351.194,1545.342,100.240,-8.581,-7.559,1241.537,80.533,29.650,15.652,358.600,5528.327,338.080,16.634,-5.559,-132.766,34774.930,0.952,-7.249,-147.761,3234.673,209.820,29148.203,1890.725,62.062,84.265,-8.215,-62.702,700.555,1555.362,100.890,10800.052,1.220,4.511,5770.599,374.315,29.842,31.222,156.490,25.233,2.957,14.982,90.803,5.890,230.966,1.742,0.668,4.523,14.255,353.054,1977.310,128.260,5442.826,37.938,15.735,20.520,5.722,-9.714,-18.372,162.209,982.797,63.750,2500.675,18.856,7.229,-0.158,-1.328,838.975,133.969,8.690,12933.995,-1.768,-8.356,7158.794,464.362,2.570,37.391,70.691,22.620,0.000,24.945,14.114,348.719,0.000,1089.808,6.691,0.000,3.151,5211.982,2255.708,19.974,32.627,190.845,994.513,64.510,2942.152,19.081,8.506,101.668,5.174,10.316,62.436,4.050,159.031,1.198,0.460,12.544,8.694,81.321,492.555,31.950,1253.682,9.450,3.624
United Kingdom,2015,GBR,65382107,2426435869267,-20.071,-2.717,165.468,10.819,447.523,29.260,8.635,0.478,397.790,-21.034,-73.871,4241.576,277.323,1160.562,75.880,-26.135,-21.047,909.824,59.486,22.392,12.243,359.980,5505.788,338.870,16.840,1.053,23.760,34863.777,0.939,-2.272,-42.962,2832.120,185.170,28260.980,1847.762,54.643,81.576,2.840,19.899,720.454,1527.635,99.880,11019.137,8.628,32.297,6219.007,406.612,29.474,31.807,134.800,6.954,0.961,15.942,96.357,6.300,243.835,1.859,0.704,16.023,64.262,417.316,2350.796,153.700,6382.719,45.357,18.424,21.110,5.864,10.348,15.880,178.088,1075.829,70.340,2723.809,20.757,7.862,1.312,11.009,849.985,143.923,9.410,13000.268,13.424,62.335,8055.664,526.696,2.777,37.526,91.434,29.260,0.000,29.343,20.743,447.523,0.000,1398.461,8.635,0.000,4.037,5182.917,2279.467,20.658,48.382,239.227,1274.967,83.360,3658.910,24.599,10.562,85.810,8.755,19.071,115.169,7.530,291.678,2.222,0.842,26.019,20.640,101.961,615.918,40.270,1559.468,11.884,4.501
United Kingdom,2016,GBR,65893359,2478973016876,1.332,0.144,166.370,10.963,456.343,30.070,8.865,0.491,333.450,-49.095,-136.151,2142.435,141.172,465.449,30.670,-46.691,-27.774,481.259,31.712,9.042,6.324,356.930,5416.783,339.180,17.133,-1.428,-32.545,34099.367,0.906,-1.827,-33.751,2799.068,184.440,27529.508,1814.012,54.378,81.267,10.900,78.529,798.983,2172.146,143.130,12125.400,2.649,10.770,6334.204,417.382,42.199,35.794,113.100,-14.716,-2.449,13.494,81.495,5.370,204.784,1.583,0.605,0.708,0.828,418.144,2348.340,154.740,6345.764,45.622,18.733,17.750,4.973,1.963,2.128,180.216,1088.577,71.730,2734.969,21.148,8.074,2.808,23.871,873.856,161.473,10.640,13261.673,4.763,25.084,8373.840,551.780,3.137,39.149,93.955,30.070,0.000,2.757,2.520,456.343,0.000,1425.861,8.865,0.000,4.209,5147.408,2246.922,-0.230,-1.300,237.927,1259.763,83.010,3610.795,24.474,10.659,38.167,7.080,26.151,157.983,10.410,396.862,3.069,1.172,-7.735,-8.596,93.365,563.942,37.160,1416.917,10.956,4.183
United Kingdom,2017,GBR,66354473,2539548543933,-1.242,-0.136,163.163,10.827,480.751,31.900,9.432,0.485,302.200,-19.087,-26.946,1721.461,114.227,339.540,22.530,-27.916,-8.853,344.499,22.859,6.661,5.112,352.980,5319.611,338.220,17.251,0.183,4.121,33924.512,0.886,-1.847,-33.497,2546.776,168.990,26833.375,1780.515,49.965,79.690,-2.090,-16.695,782.288,2060.901,136.750,11789.527,0.351,1.465,6312.257,418.846,40.432,35.012,102.210,9.519,1.211,14.705,88.615,5.880,221.605,1.739,0.658,8.660,35.656,453.800,2550.393,169.230,6839.025,50.035,20.310,14.760,4.182,-1.938,-4.376,175.841,1060.064,70.340,2650.021,20.797,7.870,1.161,10.144,884.000,146.335,9.710,13322.389,-1.716,-9.470,8172.934,542.311,2.871,39.565,99.682,31.900,0.000,6.096,5.727,480.751,0.000,1502.267,9.432,0.000,4.461,5097.169,2251.043,16.750,40.032,277.959,1490.329,98.890,4189.004,29.238,12.440,10.082,2.493,28.643,172.709,11.460,431.668,3.388,1.282,33.590,30.737,124.103,748.254,49.650,1870.302,14.680,5.554
United Kingdom,2018,GBR,66752473,2582848171416,40.949,4.433,228.605,15.260,525.973,35.110,10.520,0.685,285.650,-15.593,-17.811,1444.370,96.415,252.125,16.830,-8.125,-1.857,314.620,21.002,5.043,4.326,352.870,5286.246,333.760,17.152,-0.205,-4.619,33653.051,0.870,-1.410,-25.098,2375.343,158.560,26297.404,1755.417,47.507,78.758,0.792,6.199,788.487,1969.815,131.490,11812.102,-3.180,-13.319,6075.085,405.527,39.397,35.376,95.340,-7.455,-1.164,13.541,81.495,5.440,202.847,1.630,0.608,5.783,19.647,473.447,2624.622,175.200,7092.575,52.493,21.242,19.110,5.416,-7.496,-13.991,161.850,974.646,65.060,2424.633,19.493,7.262,-1.526,-13.486,870.514,153.403,10.240,13040.932,9.093,49.312,8862.933,591.623,3.068,39.056,109.722,35.120,0.010,10.071,10.039,526.123,0.150,1643.708,10.523,0.003,4.923,4999.965,2246.424,14.298,33.638,311.597,1649.976,110.140,4667.942,33.000,13.980,10.571,2.870,31.513,189.806,12.670,472.094,3.796,1.414,14.638,17.458,141.561,852.553,56.910,2120.689,17.051,6.351
United Kingdom,2019,GBR,67110958,2624285076706,32.817,5.008,302.004,20.268,559.372,37.540,11.473,0.932,268.410,-28.525,-27.502,1026.850,68.913,103.113,6.920,-6.113,-1.284,293.810,19.718,2.115,3.170,348.360,5190.806,327.190,17.309,-2.379,-53.440,32676.998,0.836,-3.492,-61.291,2254.028,151.270,25243.652,1694.126,46.233,77.919,-1.236,-9.749,778.738,1983.134,133.090,11603.732,-3.111,-12.618,5854.620,392.909,40.677,35.817,87.820,8.995,1.145,14.685,88.361,5.930,218.823,1.812,0.675,3.005,6.634,480.080,2621.331,175.920,7153.533,53.767,22.081,21.170,6.077,-13.648,-22.781,139.069,837.121,56.180,2072.229,17.170,6.396,-2.762,-24.039,846.475,167.782,11.260,12613.069,1.862,11.017,8979.755,602.640,3.441,38.933,117.313,37.550,0.010,6.919,7.592,559.521,0.149,1748.047,11.477,0.003,5.396,4875.359,2192.985,11.647,29.414,341.011,1784.209,119.740,5081.304,36.596,15.684,-1.976,-0.776,30.738,185.067,12.420,458.014,3.796,1.414,12.173,16.446,158.007,951.260,63.840,2354.417,19.512,7.267
United Kingdom,2020,GBR,67351860,2334804059780,-6.136,-1.244,282.458,19.024,572.813,38.580,12.433,0.969,242.540,-8.867,-6.110,932.455,62.803,84.630,5.700,-35.124,-6.926,189.929,12.792,1.837,3.200,328.550,4878.113,310.300,18.611,-9.582,-210.142,29440.059,0.849,-13.558,-229.686,1877.157,126.430,21743.117,1464.439,40.744,74.612,-5.663,-44.100,734.638,1661.276,111.890,10907.458,0.714,2.805,5875.327,395.714,36.059,37.429,75.260,15.933,2.298,16.983,102.150,6.880,252.157,2.217,0.865,3.420,18.229,498.309,2729.991,183.870,7398.600,59.256,25.388,18.250,5.555,-10.581,-15.022,124.047,745.933,50.240,1841.778,16.191,6.320,-21.203,-179.476,666.999,131.251,8.840,9903.204,-5.466,-32.941,8458.542,569.699,2.849,33.983,120.551,38.580,,2.760,3.238,572.813,,1789.873,12.433,,6.142,4607.148,1982.843,9.040,33.251,374.262,1984.058,133.630,5556.822,43.065,19.068,1.038,0.242,30.980,186.335,12.550,459.972,4.044,1.578,18.467,28.717,186.724,1122.760,75.620,2772.362,24.370,9.513
United Kingdom,2021,GBR,67668788,2512190098029,-11.476,-2.183,248.873,16.841,591.262,40.010,12.994,0.853,267.100,2.340,1.470,949.808,64.272,100.342,6.790,-36.417,-4.659,120.197,8.134,2.205,3.257,332.640,4915.708,307.900,18.109,0.410,8.125,29422.240,0.793,3.443,50.414,2058.704,139.310,22386.293,1514.853,45.245,76.764,4.751,34.906,769.544,1815.312,122.840,11372.211,-17.146,-67.850,4845.131,327.864,39.896,38.996,82.240,-21.224,-3.637,13.346,80.096,5.420,197.223,1.760,0.676,-8.609,-39.762,458.548,2491.400,168.590,6776.355,54.755,23.236,24.740,7.437,-8.231,-10.491,113.556,681.259,46.100,1678.121,14.972,5.754,2.105,14.038,681.037,143.050,9.680,10064.272,-16.580,-94.454,7023.104,475.245,3.144,34.511,125.020,40.010,,3.707,4.469,591.262,,1847.533,12.994,,6.335,4550.104,1990.967,-8.733,-29.271,344.991,1810.140,122.490,5098.234,39.782,17.482,-3.335,-1.107,29.873,179.255,12.130,441.461,3.940,1.514,-14.148,-26.813,159.911,959.527,64.930,2363.144,21.088,8.103
United Kingdom,2022,GBR,68179315,2615230634906,36.670,6.176,337.588,23.016,525.819,35.850,11.045,1.156,254.980,-7.804,-5.016,869.127,59.256,87.123,5.940,-38.604,-3.140,73.243,4.994,1.830,2.977,320.280,4697.612,324.580,19.095,0.953,18.977,29480.258,0.769,-1.352,-20.479,2084.503,142.120,21918.291,1494.374,43.786,75.077,-8.403,-64.662,704.881,1835.014,125.110,10338.642,16.262,53.318,5590.874,381.182,38.545,35.413,82.760,4.474,0.563,13.909,83.016,5.660,204.000,1.744,0.699,10.996,37.545,496.093,2676.178,182.460,7276.292,56.214,24.923,-4.300,-1.343,2.812,2.907,116.463,695.226,47.400,1708.189,14.603,5.851,7.224,49.199,730.236,162.366,11.070,10710.523,-7.614,-36.187,6439.755,439.058,3.411,36.687,112.038,35.850,,-10.385,-12.983,525.819,,1643.277,11.045,,5.629,4760.681,2009.944,13.704,34.638,379.629,1980.953,135.060,5568.103,41.611,19.072,9.980,2.901,32.774,195.661,13.340,480.699,4.110,1.647,24.057,37.982,197.893,1176.457,80.210,2902.539,24.712,9.942
United Kingdom,2023,GBR,68682965,,15.891,3.658,388.365,26.674,496.484,34.100,11.657,1.397,235.630,-13.876,-8.222,743.039,51.034,55.035,3.780,-20.818,-1.040,57.570,3.954,1.292,2.673,315.830,4598.375,292.530,17.929,-3.996,-80.318,28094.684,,-4.398,-65.726,1692.705,116.260,20800.623,1428.648,39.743,74.837,-9.744,-68.685,636.197,1480.134,101.660,9262.801,-9.519,-36.285,5021.577,344.897,34.752,33.326,68.930,-2.176,-0.402,13.506,80.660,5.540,196.648,1.894,0.708,-1.318,-15.724,480.369,2566.430,176.270,6994.000,60.257,25.163,23.300,7.377,-14.355,-17.449,99.015,591.122,40.600,1441.619,13.879,5.187,1.531,11.182,741.418,157.535,10.820,10794.784,-11.407,-50.083,5663.342,388.975,3.699,38.838,106.556,34.100,,-4.892,-5.481,496.484,,1551.422,11.657,,5.582,4259.135,1929.626,2.583,1.725,381.354,1975.308,135.670,5552.381,46.378,19.976,4.090,1.091,33.864,202.088,13.880,493.054,4.745,1.774,2.193,2.860,200.753,1196.075,82.150,2922.893,28.083,10.516
United Kingdom,2024,GBR,69138185,,3.853,1.028,400.675,27.702,579.853,40.090,14.108,1.445,216.500,-7.969,-4.067,679.324,46.967,27.481,1.900,-78.947,-3.122,12.040,0.832,0.669,2.450,317.350,4590.083,284.160,17.520,0.380,7.333,28015.771,,-1.326,-18.949,1441.316,99.650,20389.592,1409.699,35.068,73.543,-2.770,-17.625,618.572,1248.225,86.300,8946.893,-10.934,-37.711,4443.077,307.186,30.370,32.270,61.520,4.092,0.553,14.059,83.311,5.760,203.347,2.027,0.733,4.873,26.773,507.142,2668.713,184.510,7335.188,64.932,26.457,33.190,10.458,-0.020,-0.020,98.995,587.085,40.590,1431.837,14.284,5.164,0.370,2.742,744.160,165.610,11.450,10763.375,-9.111,-35.439,5113.473,353.536,4.029,38.822,125.295,40.090,,17.586,18.739,579.853,,1812.240,14.108,,6.537,4110.030,1936.960,6.095,26.793,408.147,2081.628,143.920,5903.351,50.648,21.293,6.519,2.208,36.072,213.919,14.790,521.737,5.205,1.882,2.125,4.266,205.019,1204.544,83.280,2965.352,29.307,10.696
United Kingdom,2025,GBR,69551334,,,,,,592.512,41.210,14.098,,217.410,,,,,4.745,0.330,,,,,0.113,,321.380,4620.760,292.310,,,,,,,,1495.442,104.010,,,35.582,,,,,1307.092,90.910,,,,,,31.101,,63.550,,,,79.797,5.550,,1.899,,,,,2707.353,188.300,,64.418,,29.070,9.045,,,,523.067,36.380,,12.446,,,,,183.605,12.770,,,,,,4.369,,,41.210,,,,592.512,,,14.098,,,4202.795,,,,,2184.286,151.920,,51.972,,,,,277.780,19.320,,6.609,,,,,1234.196,85.840,,29.366,
